Step,Desired Gap (s),Actual Gap (s),Error (s),Ego Speed (km/h),Target Speed (km/h),Incremental Torque (Nm),Incremental Brake Torque (Nm),Vehicle Distance (m)
0,4.0,6.155616418809518,2.155616418809518,51.97898207210811,68.04460471644,399.5235597869041,0.0,88.87852096557617
1,4.0,6.227147755488273,2.2271477554882733,51.51317317038395,68.04529697536512,406.3190367713859,0.0,89.10559463500977
2,4.0,6.280153736039436,2.280153736039436,51.21139365738787,68.04597975919877,411.35460492374636,0.0,89.33761811256409
3,4.0,6.317146636633797,2.3171466366337974,51.045290600444986,68.04652803935144,414.8689304802107,0.0,89.57238495349884
4,4.0,6.342408749740933,2.342408749740933,50.976113012107035,68.04684231458724,417.26883122538857,0.0,89.80870699882507
5,4.0,6.3594320408078655,2.3594320408078655,50.97370827112167,68.04689319300019,418.8860438767472,0.0,90.0455093383789
6,4.0,6.370638273668061,2.370638273668061,51.01769561943723,68.04672403888286,419.95063599846577,0.0,90.2820234298706
7,4.0,6.377434387806703,2.3774343878067032,51.09636208779589,68.04641340781606,420.59626684163675,0.0,90.51769351959229
8,4.0,6.38125205106675,2.38125205106675,51.19794853256845,68.04606173676989,420.9589448513412,0.0,90.75194835662842
9,4.0,6.382512120646487,2.3825121206464868,51.3191804931485,68.04575530586473,421.0786514614162,0.0,90.98480319976807
10,4.0,6.38243917255665,2.3824391725566496,51.450218294515174,68.04555962749451,421.07172139288167,0.0,91.21608018875122
11,4.0,6.38144414220567,2.3814441422056696,51.58772640084458,68.04548853374072,420.97719350953855,0.0,91.44560956954956
12,4.0,6.379851956947327,2.379851956947327,51.72913060145507,68.04553159181751,420.825935909996,0.0,91.67338752746582
13,4.0,6.377554904602207,2.3775549046022073,51.875087489164315,68.04566501282986,420.6077159372096,0.0,91.89894962310791
14,4.0,6.374890360980302,2.3748903609803023,52.022901260864444,68.04583030074491,420.35458429312865,0.0,92.1223032772541
15,4.0,6.372060771543453,2.3720607715434534,52.17106875466685,68.04599622690662,442.6203506262908,0.0,92.3436723947525
16,4.0,6.368158808020977,2.3681588080209766,52.326980097209976,68.04611605893852,442.2496640916555,0.0,92.56292200088501
17,4.0,6.362401717846102,2.362401717846102,52.49710002926143,68.0461727607112,441.70274052504243,0.0,92.77989983558655
18,4.0,6.355324331837978,2.355324331837978,52.67703371440983,68.04616789346615,441.03038885427065,0.0,92.99434280395508
19,4.0,6.347559590324249,2.3475595903242494,52.86157911451403,68.04611552189904,440.2927384104664,0.0,93.20611763000488
20,4.0,6.339442402947767,2.3394424029477667,53.04799850910604,68.04604164903706,439.5216056097006,0.0,93.41520309448242
21,4.0,6.331161439120167,2.3311614391201667,53.23478581720825,68.04596020421896,438.7349140460786,0.0,93.62167310714722
22,4.0,6.3228565745743115,2.3228565745743115,53.42079093279711,68.04590177808201,437.94595191422235,0.0,93.82555532455444
23,4.0,6.314613381739784,2.3146133817397843,53.60524403207805,68.0458598511873,437.16284859494226,0.0,94.02677536010742
24,4.0,6.30650766917632,2.3065076691763204,53.787549108292026,68.0458515706905,436.3928059014132,0.0,94.22544193267822
25,4.0,6.298596925119326,2.298596925119326,53.96730428301303,68.04586758012962,435.64128521599866,0.0,94.42174911499023
26,4.0,6.2909081753279334,2.2909081753279334,54.144223331669245,68.04589755742747,434.9108539858164,0.0,94.61564922332764
27,4.0,6.283455621733792,2.2834556217337916,54.31812918653867,68.04593066054719,434.2028613943729,0.0,94.80709838867188
28,4.0,6.276253389648842,2.2762533896488417,54.48889565100339,68.04596469562424,433.5186493463027,0.0,94.99614334106445
29,4.0,6.269311951136425,2.269311951136425,54.6564625828909,68.04598691233656,432.8592126876231,0.0,95.18289279937744
30,4.0,6.262627353505152,2.2626273535051524,54.82083136515556,68.04600378360188,432.2241759126522,0.0,95.36734390258789
31,4.0,6.2561948996775065,2.2561948996775065,54.98202320895717,68.04600002483156,431.6130927990258,0.0,95.54951477050781
32,4.0,6.2500145655681925,2.2500145655681925,55.140083166459235,68.04599304168217,431.02596105864103,0.0,95.72953414916992
33,4.0,6.244069692712804,2.244069692712804,55.295074229008726,68.04597469749022,430.46119813737914,0.0,95.90730476379395
34,4.0,6.2383610159053084,2.2383610159053084,55.44707250973734,68.04595218335875,429.91887384066706,0.0,96.08301544189453
35,4.0,6.232873395120015,2.2328733951200146,55.59616551857205,68.04593716547296,429.39754986606414,0.0,96.25662803649902
36,4.0,6.2276009270353105,2.2276009270353105,55.74242223144965,68.04592918795153,428.89666539801726,0.0,96.4282112121582
37,4.0,6.222531596089491,2.2225315960894907,55.88592597481895,68.04593472525308,428.4150789581644,0.0,96.5977611541748
38,4.0,6.217654922662919,2.217654922662919,56.02675700675771,68.04594157432511,427.9517949826401,0.0,96.76528930664062
39,4.0,6.2129720464734985,2.2129720464734985,56.164990621790864,68.04594398121982,427.50692174464507,0.0,96.93097686767578
40,4.0,6.208467706145924,2.2084677061459237,56.30070104794633,68.04594956516287,427.07900941352545,0.0,97.09474563598633
41,4.0,6.204131670220307,2.204131670220307,56.43394753941468,68.04595632741274,426.6670860005919,0.0,97.25656700134277
42,4.0,6.199962845722415,2.199962845722415,56.56481264687731,68.045960288844,426.2710476732922,0.0,97.41659355163574
43,4.0,6.195951668573658,2.1959516685736578,56.69334853242771,68.04596104962667,425.88998584416026,0.0,97.57479095458984
44,4.0,6.19209176231246,2.19209176231246,56.81962708619844,68.04595997540318,425.5232947493464,0.0,97.7312068939209
45,4.0,6.188383034550164,2.1883830345501636,56.943706686605324,68.04595899572581,425.1709656119283,0.0,97.8859634399414
46,4.0,6.184813903613155,2.184813903613155,57.06564672338006,68.04595812889596,424.8318981729125,0.0,98.03900146484375
47,4.0,6.181377405882798,2.181377405882798,57.18549520772337,68.04595593377532,424.5054308885285,0.0,98.1903133392334
48,4.0,6.178070647483409,2.178070647483409,57.303311117549995,68.04596067384864,424.1912888405866,0.0,98.33997344970703
49,4.0,6.174892451491394,2.1748924514913943,57.419151416981705,68.04596005510099,423.8893602213452,0.0,98.48807907104492
50,4.0,6.171832952214176,2.171832952214176,57.5330566173965,68.04595217631379,423.5987077900095,0.0,98.63455963134766
51,4.0,6.168888601295427,2.1688886012954267,57.645094945261775,68.04596251966879,423.31899445272825,0.0,98.77949142456055
52,4.0,6.166054693094033,2.1660546930940328,57.75530820705299,68.04595907809144,423.0497731735959,0.0,98.92288589477539
53,4.0,6.163332224711165,2.163332224711165,57.86372316252805,68.04595831171488,422.7911386772234,0.0,99.0648193359375
54,4.0,6.1607065880689085,2.1607065880689085,57.97040658666241,68.04595964525204,422.541703196209,0.0,99.20518493652344
55,4.0,6.1581894917410684,2.1581894917410684,58.075379074903395,68.0459571236508,422.30257904506425,0.0,99.34421920776367
56,4.0,6.155760803302742,2.1557608033027416,58.17870724205076,68.04594353089423,422.0718536434232,0.0,99.48172378540039
57,4.0,6.153423601892737,2.1534236018927366,58.280422476839746,68.04594334696588,421.8498195094727,0.0,99.61781311035156
58,4.0,6.151171975270283,2.151171975270283,58.38056111968511,68.04593775560578,421.63591498033963,0.0,99.7524642944336
59,4.0,6.149007670231449,2.149007670231449,58.479154245685976,68.0459439707681,441.8458788688492,0.0,99.88576889038086
60,4.0,6.146097681214297,2.1460976812142967,58.584132855735454,68.0459418422878,441.5694299122197,0.0,100.0177230834961
61,4.0,6.141762064683024,2.141762064683024,58.701876873971834,68.04594426302069,441.1575463417488,0.0,100.14804458618164
62,4.0,6.136506404287443,2.1365064042874433,58.82762587081362,68.04595169878988,440.6582586041686,0.0,100.27669525146484
63,4.0,6.1306617863674555,2.1306617863674555,58.958172037550234,68.04595669656133,440.1030199017698,0.0,100.40350341796875
64,4.0,6.124470547211296,2.1244705472112964,59.091235253309286,68.04596843974612,439.51485218193466,0.0,100.52848052978516
65,4.0,6.1180987946701935,2.1180987946701935,59.22522428553928,68.04597082232374,438.9095356905299,0.0,100.65160369873047
66,4.0,6.111665414128378,2.111665414128378,59.359008204587084,68.04595974327393,438.29836453905745,0.0,100.77288818359375
67,4.0,6.105247105524176,2.1052471055241764,59.49181601841879,68.04596039659135,437.6886252216583,0.0,100.89228820800781
68,4.0,6.098901810854303,2.0989018108543034,59.62308621915754,68.04595221615281,437.08582222802033,0.0,101.00981903076172
69,4.0,6.092674857752658,2.092674857752658,59.75244588478327,68.04595264375476,436.494261683364,0.0,101.12561798095703
70,4.0,6.0865963473818185,2.0865963473818185,59.87954260223286,68.04594681503544,435.9168031981343,0.0,101.2396125793457
71,4.0,6.080698850011954,2.080698850011954,60.0040479071354,68.04595533326274,435.35654094799713,0.0,101.3518180847168
72,4.0,6.075007564274344,2.075007564274344,60.12578866892495,68.04595371340444,434.81586880292423,0.0,101.46239471435547
73,4.0,6.069527820983943,2.069527820983943,60.24466463876312,68.04595294850277,434.2952931903361,0.0,101.57129669189453
74,4.0,6.064268368129213,2.0642683681292127,60.36064553229355,68.04596355027323,433.7956451691367,0.0,101.67865371704102
75,4.0,6.059222070715852,2.059222070715852,60.47374384159167,68.04596152852916,433.31624691486746,0.0,101.7844009399414
76,4.0,6.054387043509861,2.054387043509861,60.58398196072459,68.04595940019566,432.8569193302983,0.0,101.88857650756836
77,4.0,6.049755065705032,2.049755065705032,60.69142622418541,68.04595975281043,432.41688143883954,0.0,101.99118423461914
78,4.0,6.045309478885814,2.045309478885814,60.796285975972886,68.04596081309826,431.99455069101384,0.0,102.09232330322266
79,4.0,6.041012579052512,2.041012579052512,60.89895999182267,68.04595760953323,431.5863452068502,0.0,102.19205093383789
80,4.0,6.036831171569037,2.0368311715690366,60.999796458043775,68.04595837411227,431.18911149592,0.0,102.29040908813477
81,4.0,6.0327409667731065,2.0327409667731065,61.09904542323303,68.04595379467101,430.80054204030665,0.0,102.38742065429688
82,4.0,6.028720096796326,2.0287200967963264,61.19687329343897,68.04596000009333,430.4185593925125,0.0,102.48300552368164
83,4.0,6.024760155533377,2.024760155533377,61.29342091005154,68.04596398768591,430.04236497253237,0.0,102.57726669311523
84,4.0,6.020846186224588,2.0208461862245883,61.388762326777595,68.04595646568738,429.67053788819743,0.0,102.67008209228516
85,4.0,6.016983342332115,2.0169833423321153,61.48294989837735,68.04594939267434,429.30356771841247,0.0,102.76163482666016
86,4.0,6.013162734316335,2.013162734316335,61.57604490751413,68.04595382416119,428.94060995691336,0.0,102.85188293457031
87,4.0,6.009386276198112,2.0093862761981116,61.66807851166378,68.04594566401914,428.5818464356821,0.0,102.94091796875
88,4.0,6.005648529021305,2.005648529021305,61.759066023631924,68.04594974018492,428.2267604538855,0.0,103.02867889404297
89,4.0,6.001946099027711,2.0019460990277107,61.849043276741966,68.04595486519855,427.87502960449405,0.0,103.11517333984375
90,4.0,5.998280441685414,1.9982804416854139,61.9380238344607,68.04595781186347,427.52679215697583,0.0,103.20045471191406
91,4.0,5.994647774529308,1.9946477745293079,62.026020459059865,68.04595624866742,427.1816887771458,0.0,103.28448486328125
92,4.0,5.991044511667987,1.9910445116679867,62.113062499810916,68.04595554702202,426.8393788053203,0.0,103.36725616455078
93,4.0,5.987478701711851,1.9874787017118507,62.199145910095936,68.04595592505633,426.50062685948734,0.0,103.44890594482422
94,4.0,5.983942325918254,1.983942325918254,62.284277384716916,68.04595444799773,426.16467115909563,0.0,103.52931213378906
95,4.0,5.980437849535962,1.9804378495359618,62.36848337985625,68.04595287317358,425.8317459027779,0.0,103.60856628417969
96,4.0,5.976967653655745,1.9769676536557448,62.45174982580661,68.04595260186846,425.5020772941573,0.0,103.68669128417969
97,4.0,5.973527917012922,1.9735279170129223,62.534104458792626,68.04596267432333,425.1753023130891,0.0,103.763671875
98,4.0,5.970117617303619,1.970117617303619,62.61555976489488,68.04595869484953,424.85132384070533,0.0,103.83951568603516
99,4.0,5.966737139732687,1.966737139732687,62.69611355207217,68.04595316844527,424.5301784714668,0.0,103.91423034667969
100,4.0,5.963381558917464,1.9633815589174644,62.77578268732746,68.04595974720539,424.2113982940206,0.0,103.98776245117188
101,4.0,5.960054047878251,1.960054047878251,62.854568082006956,68.04595537048095,423.8952847452954,0.0,104.06017303466797
102,4.0,5.956754410671055,1.9567544106710546,62.93248765494342,68.0459620347017,423.5818192106117,0.0,104.1314926147461
103,4.0,5.953486881532186,1.9534868815321857,63.009554032675425,68.04596021081511,423.27140394241917,0.0,104.20182037353516
104,4.0,5.950246908422638,1.9502469084226384,63.08576204868987,68.04596583720803,422.96360649701217,0.0,104.27107238769531
105,4.0,5.947031865261284,1.947031865261284,63.16111403926555,68.04595873027732,422.6581773966835,0.0,104.3392105102539
106,4.0,5.943850008676906,1.9438500086769057,63.23563996921151,68.04595718805408,422.3559010211676,0.0,104.40643310546875
107,4.0,5.940694064872226,1.9406940648722264,63.309331558272575,68.04595063386876,422.05608635972305,0.0,104.47260284423828
108,4.0,5.9375645744456325,1.9375645744456325,63.382208495085536,68.0459480001991,421.7587847691966,0.0,104.53776550292969
109,4.0,5.934464700146376,1.9344647001463757,63.45426709590314,68.04594541126907,421.46429671076726,0.0,104.60197448730469
110,4.0,5.931385918794036,1.931385918794036,63.5255221926265,68.0459467245272,421.17181248229497,0.0,104.66510772705078
111,4.0,5.9283282466937575,1.9283282466937575,63.5959854968438,68.04594831593022,420.8813336327685,0.0,104.72718811035156
112,4.0,5.925298365425268,1.9252983654252684,63.665652768217186,68.04595409634426,420.59349491226203,0.0,104.788330078125
113,4.0,5.9222984876904095,1.9222984876904095,63.734539730860384,68.04596564871838,420.3085065274504,0.0,104.84860229492188
114,4.0,5.919319161435665,1.9193191614356646,63.802657871295914,68.04596118059061,420.02547053324963,0.0,104.9078598022461
115,4.0,5.916365870865776,1.9163658708657758,63.87000182172612,68.04595490350992,419.74490792911024,0.0,104.96619415283203
116,4.0,5.913434815992575,1.9134348159925754,63.93658739527062,68.04595781884923,419.4664577161562,0.0,105.02356719970703
117,4.0,5.910527140959162,1.9105271409591618,64.0024096166468,68.0459442813824,419.1902285879819,0.0,105.07999420166016
118,4.0,5.907644777018399,1.9076447770183993,64.06748747589654,68.04594248610675,418.91640401360945,0.0,105.13554382324219
119,4.0,5.904785791707089,1.9047857917070887,64.13183538309731,68.04594069241199,418.64480040903493,0.0,105.1902084350586
120,4.0,5.901951469513341,1.9019514695133406,64.19544219509744,68.04595096406597,418.37553980062887,0.0,105.2439956665039
121,4.0,5.899135686138905,1.899135686138905,64.25831843190839,68.04596024477145,418.1080403800575,0.0,105.29681649804115
122,4.0,5.896344689729804,1.896344689729804,64.32046971705228,68.04595664189944,417.8428957211929,0.0,105.34879446029663
123,4.0,5.893576855232535,1.893576855232535,64.38191415493421,68.04596525653727,417.5799514439524,0.0,105.3999330997467
124,4.0,5.890830911591544,1.8908309115915438,64.44264533388711,68.04596534356341,417.31908679805815,0.0,105.45020198822021
125,4.0,5.888109186040378,1.8881091860403778,64.50268025260145,68.04596096238723,417.0605228706974,0.0,105.49967336654663
126,4.0,5.885412058658749,1.8854120586587486,64.5620310271392,68.04595156275656,416.80429576944266,0.0,105.54837664961815
127,4.0,5.882738813213981,1.8827388132139813,64.62067719419633,68.04595201436565,416.55033745218975,0.0,105.59626829624176
128,4.0,5.880086112094554,1.8800861120945536,64.6786458535712,68.04594567947537,416.29833084584413,0.0,105.64333534240723
129,4.0,5.877457565720626,1.8774575657206256,64.73593457709323,68.04594740892297,416.0486189403209,0.0,105.68964123725891
130,4.0,5.874848517413785,1.8748485174137848,64.79255635926668,68.04594743059297,415.8007593511711,0.0,105.73512601852417
131,4.0,5.872260591056637,1.8722605910566372,64.848516515796,68.04595421362593,415.5549063472421,0.0,105.77982997894287
132,4.0,5.869696546814415,1.8696965468144153,64.90380980658541,68.04595943205506,415.311322144231,0.0,105.82379674911499
133,4.0,5.867153713364378,1.8671537133643783,64.95845723586312,68.04595702449792,415.0697529664775,0.0,105.86701488494873
134,4.0,5.864627457463552,1.864627457463552,65.01245663076585,68.04595296782621,414.82975865589896,0.0,105.90939950942993
135,4.0,5.8621207141988805,1.8621207141988805,65.0658186281702,68.04595347683534,414.5916180457552,0.0,105.95102310180664
136,4.0,5.859636647589243,1.8596366475892427,65.11854450627843,68.04595524305495,414.35563171783963,0.0,105.99194717407227
137,4.0,5.85717236340214,1.8571723634021398,65.17063779007799,68.04596145972532,414.1215247200648,0.0,106.0321273803711
138,4.0,5.854729664643102,1.8547296646431022,65.22210286882999,68.04595661958585,413.88946833795626,0.0,106.07160568237305
139,4.0,5.852307031055391,1.8523070310553909,65.27295827565808,68.04594796360261,431.25623494214983,0.0,106.1103868484497
140,4.0,5.849282154879113,1.8492821548791127,65.33012021256253,68.0459522299497,430.96887170540344,0.0,106.14841842651367
141,4.0,5.8451446132852185,1.8451446132852185,65.39922732028505,68.04595380323,430.5758052539835,0.0,106.18553924560547
142,4.0,5.840283990162609,1.8402839901626091,65.475918925933,68.0459552448945,430.1140460573356,0.0,106.22165584564209
143,4.0,5.834953347650203,1.8349533476502033,65.5573214795035,68.04595135996374,429.60763501865705,0.0,106.25664234161377
144,4.0,5.829324673901185,1.8293246739011852,65.64148962707655,68.04596137542006,429.0729110125003,0.0,106.29043197631836
145,4.0,5.823521270333718,1.8235212703337176,65.72707150779722,68.04596035979522,428.5215876735909,0.0,106.32305526733398
146,4.0,5.817619233645528,1.8176192336455284,65.81317038884717,68.04595482078456,427.96089418821293,0.0,106.35443496704102
147,4.0,5.811678133779631,1.8116781337796306,65.89915101676577,68.04595096720008,427.39648970095266,0.0,106.3846263885498
148,4.0,5.805733970493892,1.8057339704938924,65.98459851293833,68.04595421588411,426.8317941888075,0.0,106.41361808776855
149,4.0,5.799816269698911,1.799816269698911,66.06923185217498,68.04594716662496,426.26961261328427,0.0,106.44150161743164
150,4.0,5.793941302560458,1.7939413025604578,66.15284382548592,68.04595272307998,425.7114907351312,0.0,106.46824836730957
151,4.0,5.788122416670846,1.7881224166708458,66.23531587781683,68.0459537227892,425.1586965756181,0.0,106.49392127990723
152,4.0,5.7823595096131495,1.7823595096131495,66.31656140644614,68.04595976694928,424.6112204051369,0.0,106.51838874816895
153,4.0,5.776663613157471,1.7766636131574707,66.39652365407875,68.0459561459973,424.07011024184743,0.0,106.54177284240723
154,4.0,5.771034432748746,1.7710344327487464,66.47518990994399,68.045949184339,423.5353381030186,0.0,106.56405830383301
155,4.0,5.765472175428035,1.7654721754280347,66.55253101079853,68.04594637373273,423.00692365755106,0.0,106.58521270751953
156,4.0,5.759980335215758,1.759980335215758,66.628544112372,68.04595135618125,422.4851988373847,0.0,106.60530662536621
157,4.0,5.754557677954659,1.7545576779546588,66.70323812088871,68.04595637162511,421.9700463975803,0.0,106.62434196472168
158,4.0,5.749206969432879,1.749206969432879,66.77660911852284,68.04595879928284,421.4617290880112,0.0,106.64237403869629
159,4.0,5.743927491464332,1.7439274914643317,66.84868411316107,68.04595750726584,420.9601786809992,0.0,106.65944290161133
160,4.0,5.738717542542026,1.7387175425420258,66.91947429241469,68.04595847711913,420.4652335333802,0.0,106.67554473876953
161,4.0,5.73357574800729,1.73357574800729,66.9889836515772,68.04596102813986,419.9767630525803,0.0,106.69067001342773
162,4.0,5.72849569876715,1.7284956987671496,67.05723333903835,68.0459622821728,419.4941583747669,0.0,106.70474243164062
163,4.0,5.723483358112866,1.7234833581128663,67.12423423341752,68.04594863519829,419.01798601261004,0.0,106.71789932250977
164,4.0,5.7185346753083,1.7185346753083,67.19000665197863,68.04595090876697,418.5478611461762,0.0,106.73010635375977
165,4.0,5.713649036462041,1.7136490364620407,67.25457165857556,68.04594250716022,418.0837254557816,0.0,106.74139404296875
166,4.0,5.708829112891154,1.708829112891154,67.3179285977117,68.04594538606322,417.62583271654734,0.0,106.7518196105957
167,4.0,5.70407013328758,1.7040701332875798,67.38009005787353,68.04594742921387,417.1737296542078,0.0,106.76132202148438
168,4.0,5.699379682137521,1.699379682137521,67.44107937036512,68.04594775864248,416.7281367949522,0.0,106.77008819580078
169,4.0,5.694751310821199,1.6947513108211991,67.500907586178,68.04594706520415,416.28844151990165,0.0,106.77802276611328
170,4.0,5.69018234980949,1.69018234980949,67.55960402261972,68.04595359085731,415.85439022378927,0.0,106.78512954711914
171,4.0,5.685672718464125,1.685672718464125,67.61717231630035,68.04596582415019,415.4259752459796,0.0,106.79141998291016
172,4.0,5.681222839404876,1.6812228394048763,67.67361744646614,68.04596285995727,415.003236735351,0.0,106.79691696166992
173,4.0,5.676831939703071,1.6768319397030709,67.72897324053369,68.04595866356588,414.58610126367944,0.0,106.80166625976562
174,4.0,5.672498375912572,1.6724983759125722,67.78323813370541,68.04594932958963,414.1744127035821,0.0,106.8056411743164
175,4.0,5.668223854755305,1.668223854755305,67.83642873879265,68.04595596622656,413.7683331936417,0.0,106.80890655517578
176,4.0,5.664004641155278,1.6640046411552776,67.88856148269431,68.04595695267048,413.3675079016391,0.0,106.8114242553711
177,4.0,5.659841952894364,1.6598419528943644,67.93964211705733,68.04595554216999,412.97205251685233,0.0,106.813232421875
178,4.0,5.655731360150117,1.6557313601501171,67.98969090210585,68.04595822230013,412.58154620614886,0.0,106.81428527832031
179,4.0,5.651676072229614,1.6516760722296144,68.03871902397772,68.04596094657845,412.1962938537011,0.0,106.81466674804688
180,4.0,5.6476724315190685,1.6476724315190685,68.08675234921645,68.04595652403837,411.81594798619926,0.0,106.8143539428711
181,4.0,5.643721219294146,1.6437212192941457,68.13379017659877,68.04595445966359,411.44058282483155,0.0,106.8133659362793
182,4.0,5.639822483408878,1.639822483408878,68.17983095848626,68.04595646656323,411.0702029157311,0.0,106.81170654296875
183,4.0,5.635975381750443,1.635975381750443,68.22490590018508,68.04594849647852,410.7047282581798,0.0,106.80941390991211
184,4.0,5.632181289838326,1.6321812898383259,68.26903656080711,68.04595545972204,410.34428952652866,0.0,106.80655288696289
185,4.0,5.6284422217902605,1.6284422217902605,68.31221973770938,68.0459519091665,409.98907806196246,0.0,106.80316162109375
186,4.0,5.624750812866784,1.6247508128667842,68.35446364515735,68.04595847080795,409.6383942142322,0.0,106.79911804199219
187,4.0,5.6211112866489525,1.6211112866489525,68.39578481684208,68.04595661333222,409.29263922353823,0.0,106.7945327758789
188,4.0,5.617517848615226,1.6175178486152264,68.43619467978176,68.04596116448592,408.9512626103342,0.0,106.7893180847168
189,4.0,5.613972861177013,1.6139728611770128,68.47572038242238,68.04596334076108,408.6144888037039,0.0,106.78356552124023
190,4.0,5.610482900149503,1.6104829001495027,68.51434011502432,68.0459604214192,408.2829425060905,0.0,106.77737045288086
191,4.0,5.60703474043895,1.6070347404389498,68.55209272771701,68.04595579294455,407.95536733358796,0.0,106.77054595947266
192,4.0,5.603636623666345,1.603636623666345,68.58898027747597,68.0459571218505,407.6325462401905,0.0,106.76325607299805
193,4.0,5.60028614893069,1.6002861489306897,68.62501000355947,68.0459624245842,407.3142511403032,0.0,106.7554702758789
194,4.0,5.596981202187557,1.596981202187557,68.66020537910985,68.04595776600524,407.0002811997056,0.0,106.74718856811523
195,4.0,5.593720073060477,1.593720073060477,68.69457034006463,68.04595279446657,406.69047393263304,0.0,106.73838806152344
196,4.0,5.590502106234791,1.5905021062347906,68.72811313788388,68.04594823747782,406.38476708419284,0.0,106.72907257080078
197,4.0,5.587333052875712,1.587333052875712,68.76085173862144,68.04595259965858,406.08370701508034,0.0,106.7193832397461
198,4.0,5.584205802912979,1.5842058029129786,68.79279280727383,68.0459435576922,405.7866182686207,0.0,106.70919799804688
199,4.0,5.581122141742173,1.5811221417421732,68.82393687476791,68.04594730479019,405.49367045739416,0.0,106.69855499267578
200,4.0,5.578079458468099,1.5780794584680988,68.85430426961246,68.04594561319212,405.2046155463571,0.0,106.68743896484375
201,4.0,5.575079499833736,1.5750794998337359,68.88390595409051,68.04594421257532,404.91961947609263,0.0,106.6759033203125
202,4.0,5.572124829929408,1.5721248299294084,68.91274773255977,68.0459503125885,404.6389258351815,0.0,106.66400909423828
203,4.0,5.5692098261411855,1.5692098261411855,68.94084797657243,68.04596103659338,404.36200047530036,0.0,106.65167999267578
204,4.0,5.566339800025845,1.5663398000258448,68.96820325452133,68.04596662991364,404.089347994343,0.0,106.6390151977539
205,4.0,5.563510313113791,1.5635103131137909,68.99483717220687,68.04595960046295,403.82054673769784,0.0,106.62596893310547
206,4.0,5.560721737947193,1.5607217379471932,69.02074836115361,68.04596726704098,403.5556320968711,0.0,106.612548828125
207,4.0,5.557973086284843,1.5579730862848429,69.0459573215174,68.04596546866553,403.2945101889478,0.0,106.59877014160156
208,4.0,5.555267000635415,1.555267000635415,69.07045927689165,68.04595948630887,403.03743205225214,0.0,106.58467864990234
209,4.0,5.552602376165899,1.5526023761658987,69.09428616408405,68.04595457710371,402.7842927276481,0.0,106.57030487060547
210,4.0,5.549976440342352,1.549976440342352,69.11743141438171,68.04594652288897,402.5348288244112,0.0,106.55558776855469
211,4.0,5.547390333684332,1.5473903336843318,69.13989421404689,68.04594729610109,402.28914869189924,0.0,106.5405502319336
212,4.0,5.544842450875825,1.5448424508758247,69.16171791449186,68.04595202629368,402.0470998250911,0.0,106.52523040771484
213,4.0,5.542332277146989,1.542332277146989,69.18287787459975,68.04595515941577,401.80863332085164,0.0,106.50958251953125
214,4.0,5.539861629879654,1.5398616298796544,69.20338972030768,68.04595669827675,401.5739218304549,0.0,106.49366760253906
215,4.0,5.537427082153554,1.5374270821535543,69.22328506464794,68.04596020748227,401.3426397964754,0.0,106.47747039794922
216,4.0,5.535032434544114,1.5350324345441138,69.24253500884683,68.04596635985274,401.11514827357854,0.0,106.46102142333984
217,4.0,5.532673771620827,1.5326737716208267,69.2611823496831,68.04595993072084,415.45147612626414,0.0,106.4443130493164
218,4.0,5.529880594500135,1.5298805945001348,69.28509063636942,68.04595325202506,415.1861242997984,0.0,106.42729949951172
219,4.0,5.526251973007141,1.5262519730071409,69.31921775161744,68.04594486594135,414.84140525796397,0.0,106.40985107421875
220,4.0,5.52207693099526,1.5220769309952598,69.35990917560436,68.04594994226511,414.4447762668353,0.0,106.39187622070312
221,4.0,5.51754525532947,1.5175452553294697,69.40473481189822,68.04594741895117,414.01426707858525,0.0,106.3732681274414
222,4.0,5.512787438846276,1.512787438846276,69.45200973506891,68.0459551369077,413.5622745126818,0.0,106.35393524169922
223,4.0,5.5078992157313,1.5078992157312996,69.50058296774276,68.04595530445083,413.09789331675904,0.0,106.33394622802734
224,4.0,5.502942854262961,1.5029428542629608,69.54966444599815,68.04595561149087,412.6270389772669,0.0,106.31328582763672
225,4.0,5.497962617066366,1.4979626170663662,69.59871203117356,68.04595699429203,412.1539164435904,0.0,106.29197692871094
226,4.0,5.492986120331108,1.492986120331108,69.64733611285308,68.04596499041818,411.68114925374084,0.0,106.26995849609375
227,4.0,5.488036395165858,1.4880363951658584,69.69530801577912,68.0459689399498,411.2109253630422,0.0,106.24732971191406
228,4.0,5.483130767255176,1.483130767255176,69.74243919813453,68.04597138560092,410.7448907115273,0.0,106.22414281964302
229,4.0,5.478272908525959,1.478272908525959,69.78860492831721,68.04596093899582,410.2833941322517,0.0,106.2002843618393
230,4.0,5.473466670010678,1.4734666700106782,69.8337438057341,68.04594491325521,409.82680147330007,0.0,106.17574143409729
231,4.0,5.468720698149138,1.4687206981491379,69.8778052997299,68.04594278907315,409.3759341464537,0.0,106.15061116218567
232,4.0,5.464035544879704,1.464035544879704,69.92076056730144,68.04593736114235,408.93084458585747,0.0,106.12486696243286
233,4.0,5.459415162957225,1.4594151629572254,69.96259428855375,68.0459389069792,408.491908303222,0.0,106.0985689163208
234,4.0,5.4548600375014304,1.4548600375014304,70.00329754986501,68.0459390918839,408.05917138492146,0.0,106.07171952724457
235,4.0,5.45036614631936,1.45036614631936,70.04287931988895,68.04593974935757,407.6322517226248,0.0,106.04426062107086
236,4.0,5.445935471080363,1.4459354710803627,70.08134765352096,68.04594195295905,407.2113375749201,0.0,106.01624917984009
237,4.0,5.441566253334249,1.4415662533342486,70.11871089671055,68.04594859158821,406.7962618890392,0.0,105.9876697063446
238,4.0,5.437262121921848,1.4372621219218482,70.15497457269562,68.0459573717702,406.38736940486115,0.0,105.95860719680786
239,4.0,5.433024228252145,1.4330242282521448,70.1901456403282,68.04596199071865,405.98476950623933,0.0,105.92910051345825
240,4.0,5.42884561921324,1.4288456192132397,70.22425280395343,68.04595450668667,405.5878016475434,0.0,105.89906311035156
241,4.0,5.4247291369597646,1.4247291369597646,70.25730599152904,68.04595788983656,405.1967358334632,0.0,105.86857080459595
242,4.0,5.420674196988232,1.420674196988232,70.28931431145678,68.04595496106526,404.81151653616763,0.0,105.83763122558594
243,4.0,5.416681071340745,1.4166810713407454,70.32027871728106,68.04595557714259,404.4321695996564,0.0,105.80625629425049
244,4.0,5.412748247012276,1.412748247012276,70.35023357964127,68.04596104173596,404.05855128845184,0.0,105.77447319030762
245,4.0,5.40887434460845,1.4088743446084502,70.37918475658317,68.04596299163065,403.6905305600884,0.0,105.7422685623169
246,4.0,5.405059853942541,1.4050598539425412,70.40713419621332,68.04596021444624,403.328153946827,0.0,105.70965957641602
247,4.0,5.401304457918012,1.4013044579180116,70.43411794852527,68.04596077959401,402.9713913244967,0.0,105.67669868469238
248,4.0,5.397604742525872,1.3976047425258722,70.4601376058554,68.04595506869043,402.6199183622434,0.0,105.64332580566406
249,4.0,5.393961541348568,1.3939615413485678,70.48520049014782,68.04595333214804,402.27381425039954,0.0,105.6095724105835
250,4.0,5.390375478077589,1.3903754780775888,70.50932182852307,68.04594496869065,401.9331382396565,0.0,105.57547760009766
251,4.0,5.386844049533251,1.3868440495332512,70.5325298363486,68.04594438030458,401.59765252794443,0.0,105.5410385131836
252,4.0,5.3833718420968575,1.3833718420968575,70.55481228219615,68.04594742274949,401.2677928214871,0.0,105.5063304901123
253,4.0,5.379953325927217,1.3799533259272172,70.57620216780317,68.04594960495642,400.9430337853712,0.0,105.47129821777344
254,4.0,5.376589864830755,1.3765898648307546,70.59670606169733,68.0459481292263,400.6235049812073,0.0,105.43598175048828
255,4.0,5.373280162797941,1.3732801627979407,70.61633359060214,68.04595544635106,400.30908328808994,0.0,105.4003734588623
256,4.0,5.370026954191231,1.370026954191231,70.63510411783953,68.04595105967394,400.00002847045255,0.0,105.36455917358398
257,4.0,5.366826918422938,1.3668269184229382,70.65302594188078,68.04595817260076,399.69602507246475,0.0,105.32848930358887
258,4.0,5.363681586667882,1.363681586667882,70.67010500029512,68.04596003087175,399.3972185557344,0.0,105.29220581054688
259,4.0,5.36058680694376,1.3605868069437603,70.6863594513445,68.04595833294898,399.1032144819428,0.0,105.25565719604492
260,4.0,5.357544987845138,1.357544987845138,70.70181457600509,68.04596289095817,398.8142416675737,0.0,105.21893119812012
261,4.0,5.354553562188964,1.354553562188964,70.71646013987532,68.04596047739055,398.53005623023716,0.0,105.18196487426758
262,4.0,5.351613345356455,1.351613345356455,70.73032208693591,68.04595943569261,398.2507356311488,0.0,105.14481544494629
263,4.0,5.348722499723979,1.348722499723979,70.74341661281059,68.04595512656476,397.9761052960636,0.0,105.10747337341309
264,4.0,5.345881973347322,1.3458819733473222,70.75574625937325,68.0459623210316,397.7062552902812,0.0,105.0699634552002
265,4.0,5.343089346804839,1.343089346804839,70.7673222261189,68.04596119445796,397.4409557687453,0.0,105.03225708007812
266,4.0,5.340344819631948,1.340344819631948,70.77815066081435,68.0459606805507,397.18022568732067,0.0,104.99436950683594
267,4.0,5.337650986622875,1.337650986622875,70.78825616699876,68.04595680208914,396.9243115514587,0.0,104.95639038085938
268,4.0,5.335003512586586,1.335003512586586,70.79765627950971,68.0459502754018,396.6728015180113,0.0,104.91826248168945
269,4.0,5.332402828733224,1.3324028287332244,70.80634912743272,68.04595542657596,396.4257365519419,0.0,104.8799934387207
270,4.0,5.32984884356647,1.3298488435664702,70.81435785159441,68.0459611727005,396.1831079611003,0.0,104.84161758422852
271,4.0,5.32734280505857,1.3273428050585698,70.82166724473225,68.04596472162284,395.94503430284976,0.0,104.80313873291016
272,4.0,5.324885266000031,1.324885266000031,70.82830229622944,68.04596277680122,395.71156809228853,0.0,104.76460647583008
273,4.0,5.3224731390468145,1.3224731390468145,70.83427975703877,68.04595475299456,395.482416031733,0.0,104.72598648071289
274,4.0,5.320104121454667,1.3201041214546674,70.83961633510512,68.04594086478326,395.257359360479,0.0,104.68725967407227
275,4.0,5.317779375519828,1.3177793755198284,70.84431363698945,68.04593588009982,407.55541256410766,0.0,104.64845275878906
276,4.0,5.3151163157092585,1.3151163157092585,70.85347300215471,68.04593437023156,407.30242188210354,0.0,104.60956954956055
277,4.0,5.311778062001292,1.3117780620012924,70.87148103552364,68.04593888038201,406.9852877798468,0.0,104.57043838500977
278,4.0,5.308003035124328,1.3080030351243277,70.89516898645621,68.04595246305044,406.6266602265351,0.0,104.53104782104492
279,4.0,5.303943361405898,1.3039433614058984,70.92242479569241,68.04595855043092,406.2409912232843,0.0,104.49125671386719
280,4.0,5.299710502207529,1.299710502207529,70.9517947067088,68.04597221414123,405.83886959943925,0.0,104.45110321044922
281,4.0,5.295375939279147,1.2953759392791468,70.9822688269951,68.04597196169473,405.42708612124295,0.0,104.4104995727539
282,4.0,5.29099392427115,1.2909939242711497,71.01313905440392,68.0459661610203,405.0107946954832,0.0,104.36946868896484
283,4.0,5.286599526891239,1.286599526891239,71.04396709021685,68.04596779297937,404.59332694439166,0.0,104.32805633544922
284,4.0,5.282216021211329,1.2822160212113287,71.07439048518086,68.0459536883823,404.1768939048002,0.0,104.28619003295898
285,4.0,5.277862159596691,1.2778621595966912,71.10419964085013,68.04594384800228,403.76327705140966,0.0,104.24393463134766
286,4.0,5.273547235530131,1.2735472355301312,71.1332359266491,68.0459418408816,403.3533592650864,0.0,104.20124435424805
287,4.0,5.269279789194423,1.2692797891944227,71.16141013368248,68.04594161696349,402.94795186319413,0.0,104.15816116333008
288,4.0,5.265069023603239,1.265069023603239,71.18864452791557,68.04594169142916,402.54792913203164,0.0,104.1147575378418
289,4.0,5.260912099242999,1.260912099242999,71.21490392993927,68.04594521668491,402.15302131780885,0.0,104.07093048095703
290,4.0,5.2568161961991375,1.2568161961991375,71.24015845046686,68.04595644035305,401.76391052864204,0.0,104.02678298950195
291,4.0,5.252775629341664,1.2527756293416639,71.26441401415188,68.04595446921186,401.38005667718204,0.0,103.98221588134766
292,4.0,5.2487966547244005,1.2487966547244005,71.28764013949959,68.04595972386402,401.00205408854197,0.0,103.93731307983398
293,4.0,5.244878608488561,1.2448786084885608,71.30986363799202,68.04596159766899,400.62983969613725,0.0,103.89210510253906
294,4.0,5.241022100570577,1.2410221005705768,71.33108104545047,68.04597252567137,400.2634714439288,0.0,103.84660339355469
295,4.0,5.237227177658326,1.2372271776583261,71.35129137750383,68.04596356076286,399.90295376726493,0.0,103.80081176757812
296,4.0,5.233492336266476,1.233492336266476,71.37051748142572,68.04596033552097,399.5481438350392,0.0,103.7547378540039
297,4.0,5.2298195130172855,1.2298195130172855,71.38876953871154,68.04595529340247,399.1992256263661,0.0,103.70843887329102
298,4.0,5.226205431429679,1.2262054314296789,71.40605545267712,68.04594888970477,398.85588787554343,0.0,103.661865234375
299,4.0,5.222651096993991,1.2226510969939914,71.42239306712436,68.04594096522145,398.51822610415314,0.0,103.61506652832031
300,4.0,5.219156903560831,1.2191569035608314,71.43778764892657,68.04593972947765,398.18627772800295,0.0,103.56806182861328
301,4.0,5.215720381865259,1.2157203818652587,71.45226533171949,68.04594358436827,397.85980816692353,0.0,103.52084350585938
302,4.0,5.212344237823999,1.2123442378239986,71.46582887593073,68.04594657791712,397.5390744830038,0.0,103.47347259521484
303,4.0,5.209025422505374,1.2090254225053743,71.47850732456702,68.04595372647789,397.2237870277345,0.0,103.42593383789062
304,4.0,5.205762428348596,1.2057624283485957,71.49030344102557,68.04596236040196,396.91380258284056,0.0,103.37820434570312
305,4.0,5.202558532279657,1.2025585322796566,71.50120710413083,68.04596645425582,396.6094324562913,0.0,103.33033752441406
306,4.0,5.199411852616065,1.1994118526160653,71.51126330234591,68.04595968759413,396.31049788825015,0.0,103.28236389160156
307,4.0,5.19631962937374,1.1963196293737397,71.52047643767149,68.04595531569939,396.0167366802292,0.0,103.23423767089844
308,4.0,5.1932832820162025,1.1932832820162025,71.52886218462213,68.04595227315409,395.7282836812632,0.0,103.1860122680664
309,4.0,5.190299010970275,1.190299010970275,71.53643943816789,68.04595267672903,395.4447779319001,0.0,103.13764190673828
310,4.0,5.187369348406008,1.1873693484060084,71.54321400952342,68.04594724906177,395.1664599882947,0.0,103.08918762207031
311,4.0,5.184496093658607,1.1844960936586073,71.54917538501135,68.04594644772227,394.89350078729166,0.0,103.0406723022461
312,4.0,5.181674674233144,1.181674674233144,71.55435865643699,68.04594704132904,394.6254659418727,0.0,102.99205780029297
313,4.0,5.178907930727717,1.1789079307277168,71.55878148432508,68.04594755159926,394.36262530885705,0.0,102.94342803955078
314,4.0,5.176190389715685,1.1761903897156847,71.56244920055047,68.04595398816272,394.104458912714,0.0,102.89468383789062
315,4.0,5.173521710491443,1.1735217104914426,71.56537584136191,68.04596030874548,393.85093438641104,0.0,102.84584045410156
316,4.0,5.170902567985361,1.1709025679853609,71.56757739311753,68.04597187479338,393.60211584833326,0.0,102.79693603515625
317,4.0,5.168334072574247,1.1683340725742468,71.56905857110002,68.04597180737582,393.3581087842774,0.0,102.74800109863281
318,4.0,5.1658159724860475,1.1658159724860475,71.56983237907082,68.04597065923674,393.1188892758985,0.0,102.69905090332031
319,4.0,5.163347566166919,1.1633475661669186,71.56991812254883,68.04597297649812,392.88439067558124,0.0,102.65010070800781
320,4.0,5.160928643209742,1.1609286432097417,71.56932837335738,68.04596216711924,392.6545929946494,0.0,102.60116577148438
321,4.0,5.158560340463604,1.1585603404636036,71.56806772325204,68.04595414037536,392.4296042337663,0.0,102.55227661132812
322,4.0,5.1562458360989725,1.1562458360989725,71.56614444056943,68.0459475225965,403.19406176206655,0.0,102.50350952148438
323,4.0,5.15365259596907,1.1536525959690698,71.56807399958066,68.04594454132561,402.9477039497258,0.0,102.45471954345703
324,4.0,5.150496278047701,1.1504962780477008,71.57772856884814,68.04593972592141,402.64785374719577,0.0,102.4057846069336
325,4.0,5.146978674000872,1.1469786740008718,71.59233992701589,68.0459493689219,402.31368136274705,0.0,102.35673522949219
326,4.0,5.1432233558485,1.1432233558484999,71.61004589708858,68.04595452556698,401.9569261382717,0.0,102.3073501586914
327,4.0,5.13933031238214,1.1393303123821399,71.62954760594204,68.04595829204534,401.5870870089675,0.0,102.25775146484375
328,4.0,5.135356231243204,1.135356231243204,71.64997954898193,68.04596412686938,401.2095493007686,0.0,102.20782470703125
329,4.0,5.131350151370123,1.131350151370123,71.67071343726553,68.04595827791815,400.8289717128259,0.0,102.15764617919922
330,4.0,5.127339677634287,1.1273396776342874,71.69133760479686,68.04596218150988,400.4479767079215,0.0,102.107177734375
331,4.0,5.1233464361366226,1.1233464361366226,71.7115705885275,68.04595826141365,400.06861876564335,0.0,102.05644989013672
332,4.0,5.11938511817845,1.1193851181784504,71.73119468815526,68.04595661833183,399.692293559617,0.0,102.00544738769531
333,4.0,5.115462866631816,1.115462866631816,71.75009719646538,68.0459581877119,399.3196796626867,0.0,101.95415496826172
334,4.0,5.11158946703822,1.11158946703822,71.76819235942556,68.04595993895632,398.9517067012951,0.0,101.90264892578125
335,4.0,5.107766936416575,1.1077669364165752,71.78539065972771,68.0459626370047,398.58856629223885,0.0,101.85084581375122
336,4.0,5.103994265239655,1.1039942652396553,71.80168373735478,68.04596253439189,398.23016253043147,0.0,101.7987172305584
337,4.0,5.100284961530149,1.100284961530149,71.81705776638984,68.04596164291074,397.87777867802833,0.0,101.74651658535004
338,4.0,5.096629860601872,1.0966298606018716,71.83148105184108,68.04595577001218,397.530544089842,0.0,101.69401979446411
339,4.0,5.0930341032762545,1.0930341032762545,71.84495467758731,68.04595801369932,397.18894714390836,0.0,101.6413345336914
340,4.0,5.089497102271343,1.089497102271343,71.85750038794649,68.04596483869052,396.8529320484418,0.0,101.58848333358765
341,4.0,5.0860209759104205,1.0860209759104205,71.86911355509072,68.04596064827989,396.52270004415413,0.0,101.5355052947998
342,4.0,5.082602895080551,1.0826028950805506,71.87981328272413,68.04595715472865,396.19798236531653,0.0,101.48237419128418
343,4.0,5.079244691453707,1.0792446914537068,71.88957853245884,68.04596261606811,395.87895302076635,0.0,101.4291000366211
344,4.0,5.075942974783193,1.0759429747831932,71.89845647802241,68.04596017289526,395.5652899370675,0.0,101.37568473815918
345,4.0,5.0726973762388194,1.0726973762388194,71.90643678238435,68.04595941804175,395.25695807535203,0.0,101.32210922241211
346,4.0,5.069508335693327,1.0695083356933273,71.91355523665354,68.0459550497703,394.95399922353033,0.0,101.26843547821045
347,4.0,5.066377457232043,1.0663774572320426,71.91981159952056,68.04596004199949,394.6565657697082,0.0,101.21469783782959
348,4.0,5.063301809124742,1.0633018091247424,71.9252185795383,68.04595743339561,394.3643791995147,0.0,101.16085815429688
349,4.0,5.060284739057729,1.060284739057729,71.9297940330346,68.04595775738176,394.07775754314844,0.0,101.10701084136963
350,4.0,5.0573236522755955,1.0573236522755955,71.93353859768816,68.0459509325302,393.7964542988458,0.0,101.05310726165771
351,4.0,5.054417481678477,1.0544174816784766,71.93646587615007,68.04595009939973,393.5203680921195,0.0,100.99914741516113
352,4.0,5.051566286825075,1.051566286825075,71.93858846622659,68.04595281991207,393.2495045810463,0.0,100.94515228271484
353,4.0,5.0487678815456345,1.0487678815456345,71.9399313259302,68.04595768921912,392.9836560794995,0.0,100.89111518859863
354,4.0,5.046024540790997,1.046024540790997,71.94050830897227,68.04595775404788,392.7230387078089,0.0,100.83710289001465
355,4.0,5.0433339528860905,1.0433339528860905,71.94031844560249,68.04596120162415,392.46743285684283,0.0,100.7830696105957
356,4.0,5.040695551859054,1.040695551859054,71.93938493765056,68.04595538507783,392.21678475927433,0.0,100.72903823852539
357,4.0,5.038111101651618,1.0381111016516176,71.93772234608564,68.04596040075674,391.9712619895679,0.0,100.6750659942627
358,4.0,5.035578097432183,1.0355780974321833,71.93533402179928,68.04595691673043,391.73062658872163,0.0,100.62110900878906
359,4.0,5.033095309706283,1.0330953097062832,71.93223924257735,68.04596181702595,391.4947617547611,0.0,100.56717109680176
360,4.0,5.03066231153414,1.0306623115341402,71.92845817363964,68.04595814492002,391.2636269284075,0.0,100.51327323913574
361,4.0,5.028281107583965,1.0282811075839646,71.9240063202505,68.04595788248191,391.0374125531408,0.0,100.4594783782959
362,4.0,5.025947056468449,1.025947056468449,71.91887414157759,68.04595706639144,400.5621747336171,0.0,100.40568161010742
363,4.0,5.023380452146472,1.0233804521464718,71.9170773155716,68.04595755126473,400.3183473230293,0.0,100.35190010070801
364,4.0,5.0203374157239775,1.0203374157239775,71.92208702951892,68.04595775592871,400.02925886289233,0.0,100.298095703125
365,4.0,5.016986177275264,1.016986177275264,71.93144204386682,68.04595246050154,399.71089121026455,0.0,100.24418067932129
366,4.0,5.0134425605339175,1.0134425605339175,71.9434550655797,68.04595428269475,399.37424761983664,0.0,100.19010543823242
367,4.0,5.00978729930241,1.0097872993024097,71.95700228096378,68.04596284315842,399.0269978028434,0.0,100.13591003417969
368,4.0,5.006069696403926,1.0060696964039257,71.97132701035073,68.04596297057851,398.6738255274874,0.0,100.08152198791504
369,4.0,5.002328736528261,1.002328736528261,71.98586090179853,68.04595102676133,398.31843433929924,0.0,100.02692794799805
370,4.0,4.998593183827471,0.9985931838274711,72.00022189940078,68.04595138417687,397.9635568327242,0.0,99.97217178344727
371,4.0,4.994875018944796,0.9948750189447964,72.0141804730636,68.04594810651791,397.6103311688701,0.0,99.91717529296875
372,4.0,4.991190717083466,0.991190717083466,72.02755010150939,68.04595563057316,397.2603224920437,0.0,99.86201095581055
373,4.0,4.987547287065826,0.9875472870658264,72.04022246466955,68.04595884488305,396.914196640368,0.0,99.80667114257812
374,4.0,4.983952293888272,0.9839522938882723,72.05209186652137,68.04596040399481,396.57267228850037,0.0,99.75116348266602
375,4.0,4.980409410036725,0.9804094100367253,72.06313065742967,68.04595683776226,396.23609832260337,0.0,99.69552612304688
376,4.0,4.976917149632897,0.9769171496328974,72.07331960410686,68.04595187860605,395.9043335842397,0.0,99.63970565795898
377,4.0,4.973481314730468,0.973481314730468,72.0826222157949,68.04595371607691,395.5779292685089,0.0,99.58377075195312
378,4.0,4.970100841843107,0.9701008418431067,72.0910434739798,68.0459570195202,395.25678434420956,0.0,99.5277099609375
379,4.0,4.966775517384498,0.9667755173844981,72.09858163296806,68.04595379700925,394.9408785206418,0.0,99.47151947021484
380,4.0,4.963506737934093,0.9635067379340931,72.10521437837097,68.04595318460919,394.63034447285327,0.0,99.41519927978516
381,4.0,4.96029321258026,0.9602932125802601,72.11098614587158,68.04594634854104,394.32505956423915,0.0,99.3587875366211
382,4.0,4.9571377696213865,0.9571377696213865,72.11588439590965,68.04595181096711,394.0252924831462,0.0,99.30232620239258
383,4.0,4.954037572560011,0.9540375725600114,72.11992085958872,68.04595185732515,393.73077376231555,0.0,99.24577713012695
384,4.0,4.950994082997682,0.9509940829976822,72.12311687145615,68.04596376061633,393.44164225389426,0.0,99.18920135498047
385,4.0,4.948006270722686,0.9480062707226864,72.1254885632587,68.04595810361917,393.15780008776966,0.0,99.13260269165039
386,4.0,4.945073314398099,0.9450733143980994,72.12702967790975,68.0459586717355,392.8791692369339,0.0,99.07595825195312
387,4.0,4.942194920933417,0.9421949209334173,72.12777630729218,68.04595874400313,392.6057218577891,0.0,99.01931381225586
388,4.0,4.939369497800644,0.9393694978006444,72.12771970953655,68.04596002306631,392.33730666017567,0.0,98.96262741088867
389,4.0,4.936599645599913,0.9365996455999133,72.12688449357319,68.04595721853299,392.07417070110625,0.0,98.90598678588867
390,4.0,4.933886814254342,0.9338868142543424,72.12527879805317,68.04595789032851,391.816451723277,0.0,98.84943389892578
391,4.0,4.931225096003229,0.9312250960032289,72.12291819035089,68.04595297076791,391.5635884894212,0.0,98.79287338256836
392,4.0,4.92861737301803,0.9286173730180298,72.11980950090718,68.04595950615114,391.31585480582726,0.0,98.73637390136719
393,4.0,4.926062301922185,0.926062301922185,72.1159657348872,68.04596090592965,391.07312305172206,0.0,98.67992782592773
394,4.0,4.923558274376354,0.9235582743763544,72.11140942725451,68.04596197529608,390.8352404348681,0.0,98.62353515625
395,4.0,4.92110678788406,0.9211067878840602,72.10613722433479,68.04596181920657,390.6023492181002,0.0,98.56722259521484
396,4.0,4.918704558777207,0.9187045587772067,72.1001823979794,68.04596904224329,390.37413745294907,0.0,98.51097106933594
397,4.0,4.916353920420599,0.9163539204205993,72.09354342976333,68.04596719551682,390.1508268090714,0.0,98.45482635498047
398,4.0,4.9140529030166675,0.9140529030166675,72.08624844276181,68.04595882284268,398.61573273435624,0.0,98.39878845214844
399,4.0,4.911557213975029,0.911557213975029,72.08185103283859,68.0459523719517,398.3786422754006,0.0,98.34281539916992
400,4.0,4.908654101963841,0.9086541019638412,72.08345682799691,68.04594593008179,398.1028466343377,0.0,98.2868766784668
401,4.0,4.90548700016267,0.9054870001626698,72.08887660825089,68.04594722146369,397.80197196322644,0.0,98.2308464050293
402,4.0,4.902157290324039,0.9021572903240394,72.09662477550052,68.0459544439183,397.48564952855656,0.0,98.17472076416016
403,4.0,4.8987334073116475,0.8987334073116475,72.10568831164434,68.0459662981362,397.1603806423793,0.0,98.11848449707031
404,4.0,4.895259328003518,0.8952593280035179,72.11536372811507,68.0459591953949,396.830343108107,0.0,98.06205749511719
405,4.0,4.891772696982431,0.8917726969824313,72.12517619001592,68.04595591255224,396.49911316110376,0.0,98.00554656982422
406,4.0,4.8882919278324035,0.8882919278324035,72.13479815524133,68.04595636328621,396.16844009185115,0.0,97.9488754272461
407,4.0,4.884831540503069,0.8848315405030691,72.14400911366216,68.04595370704722,395.8397032955644,0.0,97.89203643798828
408,4.0,4.881409923013211,0.8814099230132113,72.15264881224684,68.04595848042595,395.5146496340279,0.0,97.8351821899414
409,4.0,4.878026540437085,0.8780265404370846,72.16060551515837,68.04596507770287,395.1932282892958,0.0,97.77815246582031
410,4.0,4.874692810247244,0.874692810247244,72.16780436618984,68.04596121439275,394.87652392126097,0.0,97.72107696533203
411,4.0,4.871402909526922,0.871402909526922,72.17422837395604,68.04595553789409,394.5639833528304,0.0,97.663818359375
412,4.0,4.868166789006367,0.8681667890063673,72.17984109388817,68.04595757098375,394.2565519033777,0.0,97.60652923583984
413,4.0,4.864980589146591,0.8649805891465912,72.18462459414552,68.0459534249067,393.95386291669894,0.0,97.54911041259766
414,4.0,4.861849039889076,0.8618490398890764,72.18858030738154,68.04595019794975,393.65636573723503,0.0,97.49166107177734
415,4.0,4.858769752705946,0.8587697527059461,72.19169111284485,68.04595048466805,393.3638334548377,0.0,97.43411254882812
416,4.0,4.855745118487509,0.8557451184875093,72.19398197546171,68.04594901343063,393.0764932040862,0.0,97.37654876708984
417,4.0,4.852776178542167,0.8527761785421673,72.19545277242413,68.04595543940698,392.7944439092787,0.0,97.3189926147461
418,4.0,4.849861483912556,0.849861483912556,72.19611785328291,68.04596148651689,392.51754791946564,0.0,97.26143646240234
419,4.0,4.8469967330266694,0.8469967330266694,72.19597181528403,68.04596371085465,392.24539658530637,0.0,97.20378875732422
420,4.0,4.84418843139478,0.8441884313947803,72.19503533634685,68.04595778321726,391.9786079302769,0.0,97.14620971679688
421,4.0,4.841436071236484,0.8414360712364841,72.19332031859454,68.04595050418601,391.7171337152388,0.0,97.08870697021484
422,4.0,4.838735534856189,0.8387355348561893,72.19083584019027,68.0459512865002,391.4605827591108,0.0,97.03121185302734
423,4.0,4.836089000691358,0.8360890006913584,72.18760496821695,68.04594999236728,391.2091620134519,0.0,96.97380065917969
424,4.0,4.833493769149975,0.8334937691499746,72.18362712399534,68.04595299839634,390.96261501702037,0.0,96.91641998291016
425,4.0,4.830949598785038,0.8309495987850379,72.17891052324421,68.04595102072335,390.7209188323514,0.0,96.85907745361328
426,4.0,4.82845977222806,0.8284597722280598,72.1734733404805,68.04594967251555,390.4843853094385,0.0,96.80186462402344
427,4.0,4.826017361490979,0.8260173614909787,72.16734425829794,68.0459468333806,390.25235628941573,0.0,96.74468231201172
428,4.0,4.823626378226866,0.8236263782268658,72.16051363903817,68.04594831687936,390.02521287932507,0.0,96.6875991821289
429,4.0,4.82128595502763,0.8212859550276299,72.15300503232586,68.04595635471053,389.8028726753976,0.0,96.63063049316406
430,4.0,4.818993638984225,0.8189936389842254,72.14484870950868,68.0459623041808,397.3655422216243,0.0,96.57376861572266
431,4.0,4.816535526544558,0.8165355265445582,72.13921335563113,68.04595930122996,397.13202153985594,0.0,96.5169677734375
432,4.0,4.813725675776408,0.813725675776408,72.1389058008925,68.0459619804836,396.8650857168817,0.0,96.46025085449219
433,4.0,4.8106898194629135,0.8106898194629135,72.14193556431215,68.04596603796908,396.5766793670997,0.0,96.4034652709961
434,4.0,4.807513986630233,0.8075139866302328,72.14701261013191,68.04595881487626,396.27497524799503,0.0,96.34660339355469
435,4.0,4.804258698277805,0.8042586982778053,72.15320390531113,68.04595840584592,395.9657228545144,0.0,96.28962707519531
436,4.0,4.800968903710377,0.8009689037103769,72.15988218464128,68.04595132597547,395.65319237060874,0.0,96.23259735107422
437,4.0,4.797669270860739,0.7976692708607391,72.16661849909059,68.04595733807119,395.33972724989314,0.0,96.1754355430603
438,4.0,4.794378041257581,0.7943780412575814,72.17313786930089,68.04595331093347,395.02706043759315,0.0,96.11814093589783
439,4.0,4.7911151292320024,0.7911151292320024,72.17922435581204,68.04595281604264,394.71708379516315,0.0,96.06082606315613
440,4.0,4.7878852431620995,0.7878852431620995,72.18476134209453,68.04594911680783,394.41024461852237,0.0,96.00343155860901
441,4.0,4.784696344195501,0.7846963441955008,72.18963268798606,68.04594129308732,394.10729921669554,0.0,95.94596433639526
442,4.0,4.781552786661525,0.7815527866615248,72.19379284563725,68.0459517014455,393.8086612509678,0.0,95.888453155756
443,4.0,4.778457938918953,0.7784579389189528,72.19718834557409,68.0459517378364,393.51465071542344,0.0,95.83089661598206
444,4.0,4.775412955007696,0.7754129550076962,72.19981953807049,68.04595545883947,393.22537724385404,0.0,95.77332043647766
445,4.0,4.77241939906544,0.7724193990654404,72.20166128136516,68.04595461092615,392.94098942933977,0.0,95.71572470664978
446,4.0,4.769477269894703,0.7694772698947032,72.20270754856222,68.04595704039899,392.6614871581197,0.0,95.65810346603394
447,4.0,4.766586050613263,0.7665860506132631,72.20296610292897,68.0459558993396,392.3868213263829,0.0,95.60045862197876
448,4.0,4.7637476077758105,0.7637476077758105,72.20244018320172,68.0459578560669,392.1171692568249,0.0,95.54283380508423
449,4.0,4.760962217665122,0.7609622176651216,72.20113142509194,68.04595353334271,391.8525571963095,0.0,95.4852385520935
450,4.0,4.75822531121603,0.7582253112160302,72.19906128737969,68.04595203292935,391.5925510836458,0.0,95.42761135101318
451,4.0,4.755542099462832,0.7555420994628319,72.19622232371756,68.04595493270284,391.33764596709193,0.0,95.37004852294922
452,4.0,4.752908567725544,0.7529085677255436,72.19263494011287,68.0459580179928,391.0874604520495,0.0,95.31249809265137
453,4.0,4.750326085949116,0.7503260859491157,72.18831549097227,68.0459589079381,390.84212468328894,0.0,95.2550106048584
454,4.0,4.747794256558571,0.7477942565585707,72.18326896559051,68.04595676685184,390.6016008911871,0.0,95.19758605957031
455,4.0,4.74531002393167,0.7453100239316699,72.17750394020642,68.04596464823307,390.36559879163156,0.0,95.14017581939697
456,4.0,4.742880001345886,0.7428800013458856,72.1710411610537,68.04595908876558,390.1347466459821,0.0,95.08294105529785
457,4.0,4.74050088719478,0.7405008871947798,72.16388513419534,68.04595567681143,389.90873080162703,0.0,95.02582263946533
458,4.0,4.738171325559477,0.7381713255594766,72.15604555060759,68.04595241064742,396.7000500390882,0.0,94.96880722045898
459,4.0,4.735698120795549,0.7356981207955489,72.15043377545787,68.04594836951016,396.4650955865151,0.0,94.9118537902832
460,4.0,4.732918337780399,0.7329183377803989,72.1495474005438,68.04595678493574,396.20101620007586,0.0,94.85497665405273
461,4.0,4.72994120502809,0.7299412050280898,72.15160785588773,68.04595570120675,395.9181885886065,0.0,94.79801750183105
462,4.0,4.7268451707907415,0.7268451707907415,72.15542198043141,68.04595114251319,395.6240653360584,0.0,94.74097442626953
463,4.0,4.7236876550873275,0.7236876550873275,72.16016721540653,68.04594820746162,395.32410134423407,0.0,94.68391418457031
464,4.0,4.72050070949737,0.7205007094973697,72.16529743394734,68.04595151314739,395.0213415131881,0.0,94.62676048278809
465,4.0,4.717312612728616,0.717312612728616,72.17042454009619,68.04595054974135,394.7184723201565,0.0,94.56957054138184
466,4.0,4.714140757048295,0.7141407570482947,72.17528807436928,68.04595010684484,394.41714603052594,0.0,94.5123519897461
467,4.0,4.710995265769451,0.7109952657694514,72.17970757079418,68.0459561865965,394.1183243590358,0.0,94.4550724029541
468,4.0,4.707883832398169,0.7078838323981689,72.18355972881929,68.04594815707239,393.822738188764,0.0,94.39772605895996
469,4.0,4.704813439283627,0.7048134392836269,72.18676101839188,68.04595186066703,393.5310508428825,0.0,94.34034538269043
470,4.0,4.701788380982383,0.701788380982383,72.18925728726694,68.04596125510118,393.24367030426436,0.0,94.2829475402832
471,4.0,4.6988045299011345,0.6988045299011345,72.19102429880083,68.0459603451247,392.96020445154574,0.0,94.22541999816895
472,4.0,4.695875209106483,0.6958752091064833,72.19203126182856,68.04596105502173,392.68191897605385,0.0,94.1679916381836
473,4.0,4.692994073671722,0.6929940736717217,72.19226312415134,68.04596476983954,392.4082111097515,0.0,94.11051750183105
474,4.0,4.690162928425191,0.6901629284251909,72.19174630246415,68.04595793834977,392.1392523113311,0.0,94.05307006835938
475,4.0,4.687379609480753,0.6873796094807529,72.19044539823773,68.04595695084308,391.8748370116095,0.0,93.99556159973145
476,4.0,4.6846464382859505,0.6846464382859505,72.18838484217774,68.04595628178123,391.6151857481033,0.0,93.93807220458984
477,4.0,4.681962181911822,0.681962181911822,72.18556917998488,68.04594419861918,391.360181392561,0.0,93.88058471679688
478,4.0,4.679331570265711,0.6793315702657106,72.18200788016162,68.04594420166818,391.1102732861805,0.0,93.82320785522461
479,4.0,4.6767504712674945,0.6767504712674945,72.17771953234138,68.04594188769268,390.8650688813499,0.0,93.76588439941406
480,4.0,4.674216848299925,0.6742168482999249,72.17270807284486,68.04594680453819,390.6243746994308,0.0,93.70858001708984
481,4.0,4.6717368736630345,0.6717368736630345,72.16698001598115,68.04594710253535,390.3887771089262,0.0,93.65142822265625
482,4.0,4.669304774606671,0.6693047746066707,72.1605589265411,68.04594690738662,390.15772769857165,0.0,93.59434509277344
483,4.0,4.666924272999597,0.666924272999597,72.15343934319738,68.04595629516616,389.93158004589964,0.0,93.53739929199219
484,4.0,4.664587422960667,0.6645874229606674,72.14566383900068,68.045959129387,396.0231598103277,0.0,93.48048782348633
485,4.0,4.6621307920151205,0.6621307920151205,72.13981640657568,68.0459583558692,395.78977987050075,0.0,93.4236831665039
486,4.0,4.659407520573821,0.6594075205738212,72.1381379234769,68.04596126265217,395.53106908357734,0.0,93.36693954467773
487,4.0,4.656515884034007,0.6565158840340066,72.13904801153502,68.04596332613492,395.2563636122949,0.0,93.31017303466797
488,4.0,4.653522727198584,0.6535227271985837,72.14148580387516,68.0459542760699,394.97201371292977,0.0,93.25334548950195
489,4.0,4.650478298088679,0.6504782980886787,72.14471327363695,68.04594863678673,394.6827929474888,0.0,93.19650650024414
490,4.0,4.647413974183547,0.6474139741835474,72.14823018540653,68.04594220721737,394.39168217650126,0.0,93.1396369934082
491,4.0,4.644349059449365,0.6443490594493646,72.15167812341501,68.04594404516271,394.1005152767539,0.0,93.08266067504883
492,4.0,4.641303750782953,0.6413037507829529,72.15482285439259,68.04594550486975,393.8112109534448,0.0,93.02568054199219
493,4.0,4.63828901525751,0.6382890152575103,72.15749608772207,68.04595232994872,393.52481107852776,0.0,92.96870040893555
494,4.0,4.635305730273013,0.6353057302730134,72.15961208746845,68.04595112044507,393.2413990050005,0.0,92.91162872314453
495,4.0,4.63236481379439,0.63236481379439,72.16108859486096,68.04595488421758,392.9620119395313,0.0,92.85457992553711
496,4.0,4.629467568642951,0.6294675686429514,72.16187734516166,68.04595771017752,392.6867736501447,0.0,92.79751968383789
497,4.0,4.626616038105153,0.6266160381051531,72.16195109104513,68.04595941624801,392.41587824905383,0.0,92.7404556274414
498,4.0,4.623807593879373,0.6238075938793726,72.16129606520418,68.04595599486332,392.1490760476047,0.0,92.68331909179688
499,4.0,4.62105152884367,0.6210515288436698,72.15990254801667,68.04595759839243,391.88724986921295,0.0,92.62628555297852
500,4.0,4.618339695922047,0.6183396959220469,72.15776869308034,68.04595628343353,391.62962574165874,0.0,92.5691909790039
501,4.0,4.615679526631378,0.6156795266313777,72.15489014359528,68.04596150115398,391.37690965904517,0.0,92.51218032836914
502,4.0,4.61306523983954,0.61306523983954,72.15130254326552,68.04595567354356,391.12855241382056,0.0,92.45518493652344
503,4.0,4.610504811952986,0.6105048119529863,72.14699316237441,68.04595558868024,390.885311764598,0.0,92.39834976196289
504,4.0,4.607988840342726,0.6079888403427258,72.14196510347072,68.04595559529794,390.64629446162326,0.0,92.34149169921875
505,4.0,4.60552487347668,0.6055248734766803,72.13622433989367,68.04595184545296,390.4122176093489,0.0,92.28477096557617
506,4.0,4.603108191519881,0.6031081915198806,72.12979614618516,68.04594908056725,390.18263282345293,0.0,92.2281265258789
507,4.0,4.6007385702033305,0.6007385702033305,72.1226801680414,68.04594413593748,389.95751879838065,0.0,92.17155456542969
508,4.0,4.598419060834174,0.598419060834174,72.11490236947222,68.04595212274842,395.4221464862354,0.0,92.11515045166016
509,4.0,4.595995890962071,0.5959958909620706,72.10878190643128,68.04595394017929,395.1919453483856,0.0,92.05879592895508
510,4.0,4.593339113956617,0.5933391139566169,72.10636980463767,68.04595607895867,394.93955153286754,0.0,92.00250244140625
511,4.0,4.590538461371736,0.5905384613717359,72.10622375086396,68.04595556785884,394.6734895373038,0.0,91.94622039794922
512,4.0,4.587650591808065,0.5876505918080648,72.10738847650425,68.04595966353237,394.39914192875506,0.0,91.88986206054688
513,4.0,4.584721613961311,0.5847216139613112,72.1092132024378,68.04595640186602,394.12088903331346,0.0,91.8335189819336
514,4.0,4.5817815962093995,0.5817815962093995,72.1112379927885,68.04595275769985,393.84158734688185,0.0,91.77720642089844
515,4.0,4.578842328398692,0.5788423283986921,72.11315159918115,68.045953518142,393.56235690486466,0.0,91.72076416015625
516,4.0,4.575922991194398,0.5759229911943979,72.11474756176713,68.04595425165779,393.2850198704567,0.0,91.66431427001953
517,4.0,4.573030431393462,0.5730304313934624,72.11588724813393,68.04595210212376,393.01022668936787,0.0,91.60781860351562
518,4.0,4.570173965787689,0.5701739657876894,72.11645881327776,68.04595814631396,392.73886245681945,0.0,91.55132293701172
519,4.0,4.567357481984855,0.567357481984855,72.11639979419512,68.04595803591864,392.4712964955502,0.0,91.49482727050781
520,4.0,4.564582054084737,0.5645820540847373,72.11568002117518,68.04594790129602,392.2076308450389,0.0,91.43831634521484
521,4.0,4.561855090920484,0.561855090920484,72.1142714993612,68.04596027096159,391.9485693444349,0.0,91.38190460205078
522,4.0,4.559172030699483,0.5591720306994832,72.11214880261713,68.0459638295959,391.69367862343984,0.0,91.32546997070312
523,4.0,4.556535602477776,0.5565356024777763,72.10931576439576,68.04596636302696,391.44321794237766,0.0,91.26907348632812
524,4.0,4.553946032387103,0.5539460323871026,72.10577368872096,68.0459692242649,391.1972087837637,0.0,91.21272277832031
525,4.0,4.551406520825985,0.5514065208259851,72.10152508655167,68.04595786230905,390.95595518545747,0.0,91.15648651123047
526,4.0,4.548912673223973,0.5489126732239731,72.09657818635819,68.04595125723414,390.71903966326636,0.0,91.10028839111328
527,4.0,4.5464691439842175,0.5464691439842175,72.09094276156154,68.04594788936446,390.4869043854896,0.0,91.04423522949219
528,4.0,4.5440692045012385,0.5440692045012385,72.08462187404771,68.04594969369884,390.2589101346066,0.0,90.98819732666016
529,4.0,4.541716979802656,0.541716979802656,72.07762172390797,68.04595045095658,395.1817600963665,0.0,90.93226623535156
530,4.0,4.539278325665725,0.539278325665725,72.07206522773389,68.04594507084595,394.95008795335804,0.0,90.87643432617188
531,4.0,4.5366346956894334,0.5366346956894334,72.06979521775368,68.04595401750612,394.69894310561034,0.0,90.82064819335938
532,4.0,4.533863637618823,0.5338636376188228,72.06951173208577,68.04595469631617,394.4356925889023,0.0,90.76481628417969
533,4.0,4.5310234360145385,0.5310234360145385,72.07035192484348,68.04596599620889,394.1658734364953,0.0,90.70901489257812
534,4.0,4.528148125831177,0.5281481258311773,72.07171557549023,68.04597086427306,393.892718969076,0.0,90.65316772460938
535,4.0,4.525268481477929,0.5252684814779292,72.073198544001,68.04596459658383,393.61915275551746,0.0,90.59738159179688
536,4.0,4.522396429858942,0.5223964298589419,72.07452595384005,68.04596001919602,393.3463078517136,0.0,90.54154968261719
537,4.0,4.519545993282415,0.5195459932824154,72.0754981887357,68.04595407587395,393.0755163769436,0.0,90.48570251464844
538,4.0,4.516724576226773,0.5167245762267729,72.07599521685853,68.0459522326352,392.8074817566576,0.0,90.4298385977745
539,4.0,4.5139361638415245,0.5139361638415245,72.07592241429428,68.04594982334015,392.542582580059,0.0,90.37392020225525
540,4.0,4.51118868027408,0.5111886802740804,72.07523474303821,68.0459556892184,392.2815716411518,0.0,90.31805086135864
541,4.0,4.50848357220858,0.5084835722085801,72.07387793878839,68.04596299730721,392.0245863749293,0.0,90.26219296455383
542,4.0,4.5058219905644865,0.5058219905644865,72.07183852102504,68.04596146226594,391.77173611874036,0.0,90.20635414123535
543,4.0,4.503202897286795,0.503202897286795,72.06911575059267,68.04596053122032,391.5229222573597,0.0,90.15051412582397
544,4.0,4.500632496257107,0.5006324962571069,72.06569365653274,68.04595850621129,391.27873415953934,0.0,90.09477853775024
545,4.0,4.498105929899867,0.49810592989986713,72.06157455362144,68.04595595606474,391.03871035560155,0.0,90.03905439376831
546,4.0,4.495624050430471,0.49562405043047075,72.05676091054872,68.04595155503962,390.8029318060089,0.0,89.9833631515503
547,4.0,4.493193906552302,0.49319390655230233,72.05125636017749,68.0459539319218,390.5720681375829,0.0,89.92785167694092
548,4.0,4.490808341514153,0.4908083415141533,72.04507272443983,68.04595405502124,390.3454394589587,0.0,89.87239265441895
549,4.0,4.488463699512917,0.48846369951291724,72.03823641819878,68.045944961745,394.76310361421406,0.0,89.8169469833374
550,4.0,4.486047735387313,0.48604773538731294,72.03263756323997,68.04594876532404,394.5335870222816,0.0,89.7616251707077
551,4.0,4.48345483661618,0.48345483661617994,72.02994750646795,68.04594668236862,394.287261639024,0.0,89.7063934803009
552,4.0,4.480755714300865,0.48075571430086494,72.02897996057733,68.0459543436804,394.0308450190691,0.0,89.65118432044983
553,4.0,4.47799298628835,0.4779929862883501,72.02896437841206,68.04596787327577,393.76838585788016,0.0,89.59588813781738
554,4.0,4.4752072539862615,0.4752072539862615,72.029370241898,68.04596448625007,393.5037412891818,0.0,89.54065561294556
555,4.0,4.472417123821852,0.4724171238218524,72.02982441068733,68.0459556023315,393.2386789235629,0.0,89.48539447784424
556,4.0,4.4696382521074005,0.4696382521074005,72.03007889240332,68.04595286249682,392.97468611068996,0.0,89.43010997772217
557,4.0,4.466885061345845,0.4668850613458453,72.02996607499125,68.04595187214785,392.7131329883422,0.0,89.37488317489624
558,4.0,4.4641612824959305,0.46416128249593047,72.02936624817288,68.04594662458659,392.4543739976003,0.0,89.31964111328125
559,4.0,4.461473967205058,0.46147396720505807,72.02820046953072,68.04594762066314,392.19907904496745,0.0,89.26442813873291
560,4.0,4.458821336430503,0.4588213364305034,72.02643449867081,68.04595040851503,391.9470791213847,0.0,89.20916748046875
561,4.0,4.456214354804578,0.45621435480457784,72.02401027589949,68.04595129746365,391.6994158669218,0.0,89.15400791168213
562,4.0,4.453650921834613,0.45365092183461275,72.02092599775943,68.0459523994826,391.45588973477516,0.0,89.09890651702881
563,4.0,4.45112710617743,0.45112710617743,72.01717403190858,68.04595594017064,391.2161272473428,0.0,89.043776512146
564,4.0,4.448646772522075,0.44864677252207485,72.01273785883873,68.04595534730521,390.980495550084,0.0,88.98867607116699
565,4.0,4.446213695792092,0.4462136957920917,72.00763100028925,68.04595712212054,390.74935326073563,0.0,88.9336986541748
566,4.0,4.443824617265576,0.44382461726557576,72.00184428343123,68.04596193679998,390.5223908007166,0.0,88.87876892089844
567,4.0,4.44148097522237,0.44148097522236984,71.99539984846139,68.0459590755186,394.4938140712245,0.0,88.82394409179688
568,4.0,4.4390748673559415,0.4390748673559415,71.99001112198214,68.04595811933274,394.26523382391383,0.0,88.76918029785156
569,4.0,4.436513180421191,0.4365131804211906,71.98718887697514,68.04595600841755,394.0218735651125,0.0,88.71447563171387
570,4.0,4.433860010417481,0.43386001041748123,71.98589197378914,68.04595528407056,393.76982241476014,0.0,88.65982437133789
571,4.0,4.431156376616201,0.431156376616201,71.98538851381402,68.04595441225958,393.51297720363846,0.0,88.60514259338379
572,4.0,4.428435409081967,0.42843540908196687,71.98520496497626,68.04595849037865,393.25448528788627,0.0,88.55050849914551
573,4.0,4.425716103977388,0.425716103977388,71.98500811415568,68.0459537089214,392.99615130295126,0.0,88.49589157104492
574,4.0,4.42300871754611,0.4230087175461099,71.98457823295111,68.04596177850088,392.7389495919798,0.0,88.44122695922852
575,4.0,4.420328269037739,0.42032826903773923,71.98375574798726,68.04595864368245,392.48430698368463,0.0,88.3866195678711
576,4.0,4.417679553457562,0.41767955345756214,71.9824431771555,68.04595645662522,392.2326790035678,0.0,88.33204650878906
577,4.0,4.4150673977698505,0.41506739776985047,71.98057030214184,68.04594667384156,391.9845242132352,0.0,88.27751922607422
578,4.0,4.412492330312778,0.4124923303127783,71.97809176475909,68.0459453509898,391.73989280481334,0.0,88.22299385070801
579,4.0,4.409958183680959,0.40995818368095893,71.97497515539936,68.04594992987917,391.49914887479054,0.0,88.16850852966309
580,4.0,4.407463876347238,0.40746387634723824,71.97120596263949,68.04595548764534,391.262189678087,0.0,88.1140251159668
581,4.0,4.405014227145294,0.4050142271452941,71.96678083293541,68.04595961966204,391.02947300390235,0.0,88.05963706970215
582,4.0,4.402608406147038,0.40260840614703763,71.96168897691457,68.04595794357381,390.80092000906797,0.0,88.00531578063965
583,4.0,4.400247131525346,0.4002471315253464,71.95593643471308,68.04595637510977,394.3789466694981,0.0,87.95108413696289
584,4.0,4.397834039134781,0.3978340391347812,71.9510926100458,68.04596498457315,394.14970289239443,0.0,87.89693450927734
585,4.0,4.3952842884212915,0.3952842884212915,71.94850229305355,68.04595459649624,393.9074765746129,0.0,87.84281158447266
586,4.0,4.392652878229774,0.39265287822977424,71.94722456006959,68.04595002693759,393.6574926064187,0.0,87.78866195678711
587,4.0,4.389982499068171,0.3899824990681706,71.94660897055714,68.04593577712072,393.40380658606637,0.0,87.73454284667969
588,4.0,4.387299558594429,0.387299558594429,71.9462236620257,68.04593107748794,393.14892724106096,0.0,87.68045425415039
589,4.0,4.384620479785895,0.3846204797858954,71.9457651209323,68.04593207224988,392.89441475425025,0.0,87.6263542175293
590,4.0,4.381961478637473,0.3819614786374732,71.94503278510777,68.04593921240071,392.64180964515015,0.0,87.57232284545898
591,4.0,4.379325075653798,0.3793250756537976,71.9438906832557,68.04594365480067,392.39135136170097,0.0,87.51824569702148
592,4.0,4.376718626264236,0.37671862626423636,71.94224542712519,68.0459431925083,392.14373866969265,0.0,87.46415710449219
593,4.0,4.374145247830589,0.37414524783058933,71.94003546216783,68.04602510910891,391.89926771849616,0.0,87.4100456237793
594,4.0,4.37161515802529,0.37161515802529,71.93721735927906,68.04679514326261,391.65890918699273,0.0,87.35606384277344
595,4.0,4.3691206813038255,0.36912068130382547,71.93377507406422,68.04747244775578,391.42193389845363,0.0,87.30204010009766
596,4.0,4.366667764020315,0.3666677640203151,71.9296945834279,68.04755858130939,391.18890675652017,0.0,87.24807739257812
597,4.0,4.36425659045589,0.36425659045588965,71.92497818415482,68.04724404277907,390.9598452678997,0.0,87.19418334960938
598,4.0,4.36189441247377,0.3618944124737702,71.91960613542258,68.04634698743307,394.1734352780992,0.0,87.1404800415039
599,4.0,4.359488081880505,0.35948808188050485,71.91498810890187,68.04547645988107,393.944833871739,0.0,87.0868148803711
600,4.0,4.3569611854049795,0.35696118540497945,71.91235173402735,68.0449494812763,393.70477870656407,0.0,87.03314590454102
601,4.0,4.3543707658982465,0.35437076589824645,71.91082757278227,68.04481433986994,393.4586888534244,0.0,86.97955703735352
602,4.0,4.351744982440362,0.351744982440362,71.90984809091219,68.04500686124453,393.2092394249254,0.0,86.92592239379883
603,4.0,4.349109750222351,0.34910975022235124,71.90901418069741,68.0453962898489,392.9588923642144,0.0,86.87227630615234
604,4.0,4.346484483010233,0.34648448301023294,71.90806811062943,68.04581770714536,392.70949197906316,0.0,86.81869506835938
605,4.0,4.343879141594265,0.3438791415942646,71.90681318213925,68.04619633067004,392.46198454454617,0.0,86.76514053344727
606,4.0,4.3412966835900315,0.3412966835900315,71.9051366028163,68.04643659686967,392.216651034144,0.0,86.7115364074707
607,4.0,4.3387479101227875,0.3387479101227875,71.90294410658495,68.04652708584045,391.97451755475583,0.0,86.65798568725586
608,4.0,4.336236499461799,0.33623649946179857,71.90019284654967,68.04647147981517,391.7359335419619,0.0,86.60451126098633
609,4.0,4.333762909631727,0.3337629096317274,71.89682996039095,68.04631175907903,391.50094250810514,0.0,86.55105972290039
610,4.0,4.331327932589335,0.3313279325893346,71.89284134314863,68.0461038988937,391.2696196890778,0.0,86.49763107299805
611,4.0,4.328935386942307,0.32893538694230706,71.88822925156452,68.04590396307654,394.1672140285621,0.0,86.44430541992188
612,4.0,4.326509023928619,0.3265090239286188,71.88425010335064,68.04576026392361,393.9367095422617,0.0,86.39107131958008
613,4.0,4.323976170947103,0.32397617094710274,71.8820240375047,68.04567721400818,393.6960885090177,0.0,86.33782196044922
614,4.0,4.321385239294961,0.321385239294961,71.88076141423227,68.04567615137961,393.4499500020642,0.0,86.28457260131836
615,4.0,4.318767521179649,0.318767521179649,71.87993037778548,68.04574386821311,393.20126678110955,0.0,86.23130798339844
616,4.0,4.316150618746731,0.31615061874673067,71.87917383830572,68.04583854476473,392.95266104998234,0.0,86.17815017700195
617,4.0,4.313536927605141,0.3135369276051412,71.87824825729551,68.04594816822367,392.70436039153134,0.0,86.1248550415039
618,4.0,4.310947369982872,0.3109473699828724,71.87698606813784,68.04603427720905,392.45835241741577,0.0,86.07164001464844
619,4.0,4.3083838446438785,0.30838384464387847,71.87528169645495,68.04608368328797,392.2148175102114,0.0,86.01841735839844
620,4.0,4.305852021385861,0.3058520213858609,71.87307163691369,68.0460973191542,391.97429430069974,0.0,85.96522521972656
621,4.0,4.303358993378874,0.3033589933788736,71.87027487733702,68.04607675399376,391.73745664003593,0.0,85.912109375
622,4.0,4.300907707863674,0.30090770786367393,71.86688592800816,68.04603810095813,391.50458451609194,0.0,85.85912322998047
623,4.0,4.298492335191884,0.29849233519188356,71.86286715311516,68.04598754036031,391.2751241122719,0.0,85.80610656738281
624,4.0,4.296121251069864,0.29612125106986387,71.85822453938748,68.04593511982723,391.04987112068,0.0,85.75323486328125
625,4.0,4.29378679316035,0.2937867931603497,71.85293829707953,68.04591221163615,390.82809761927615,0.0,85.70033264160156
626,4.0,4.2914977819705475,0.29149778197054754,71.84701344213373,68.04589238595966,390.61064155624496,0.0,85.6475830078125
627,4.0,4.289249829378174,0.289249829378174,71.84046500625031,68.04589240814376,390.39708605996947,0.0,85.59491729736328
628,4.0,4.287043378769921,0.2870433787699209,71.8332911739967,68.045919536147,390.18747325218544,0.0,85.54234313964844
629,4.0,4.284877287337764,0.2848772873377641,71.82549111425317,68.0459362172866,389.9816945661305,0.0,85.48983764648438
630,4.0,4.282752270824574,0.28275227082457377,71.81709698699422,68.04595898527039,389.77981799737745,0.0,85.43745422363281
631,4.0,4.280670912866272,0.2806709128662721,71.80809688993764,68.04598372528939,389.58208899133876,0.0,85.3852310180664
632,4.0,4.278628001419953,0.27862800141995336,71.79852632168851,68.04598475528712,389.3880124039385,0.0,85.3331069946289
633,4.0,4.276629484076032,0.2766294840760324,71.78835553071222,68.04598182190436,389.198153256266,0.0,85.28116607666016
634,4.0,4.274669688353458,0.27466968835345806,71.77762141354566,68.04597192765465,389.0119726626215,0.0,85.22933959960938
635,4.0,4.272747126480839,0.272747126480839,71.76632276335802,68.04595933856247,388.82932928472263,0.0,85.17759704589844
636,4.0,4.270870488138185,0.2708704881381854,71.75448032394448,68.0459514652218,388.6510486421705,0.0,85.12613677978516
637,4.0,4.269033098866091,0.2690330988660907,71.74210298645713,68.04594458110574,388.47649666132156,0.0,85.07483673095703
638,4.0,4.267233014137143,0.26723301413714307,71.72919090538136,68.04594311829841,388.3054886120715,0.0,85.0236587524414
639,4.0,4.265473552646843,0.265473552646843,71.71574572084775,68.04593644106919,388.138339770493,0.0,84.9726713001728
640,4.0,4.263755236971162,0.26375523697116243,71.70180308369069,68.0459482189213,387.97509978130336,0.0,84.92192733287811
641,4.0,4.2620752302327585,0.26207523023275847,71.68735289129637,68.04595579951325,387.815499141155,0.0,84.87135863304138
642,4.0,4.260432987322549,0.2604329873225488,71.67241666936222,68.04596006910164,387.6594860646851,0.0,84.82098007202148
643,4.0,4.258824870244809,0.25882487024480927,71.6569953056555,68.04597483226449,387.5067149422998,0.0,84.77072048187256
644,4.0,4.257254337664318,0.2572543376643184,71.64111852259691,68.04598096247824,387.35751434715314,0.0,84.72068405151367
645,4.0,4.255726107377056,0.2557261073770558,71.62477540727122,68.04597306677175,387.2123324698632,0.0,84.67095184326172
646,4.0,4.254233599036999,0.2542335990369988,71.60796735568238,68.04596569086598,387.07054417755785,0.0,84.62139463424683
647,4.0,4.252780219598705,0.252780219598705,71.59072696253465,68.04596351253754,386.9324731309199,0.0,84.57211875915527
648,4.0,4.251361301629901,0.2513613016299008,71.57305490870392,68.04595270985413,386.7976759238835,0.0,84.52303218841553
649,4.0,4.249979358917389,0.24997935891738887,71.55495451020765,68.04595624514779,386.66639136619483,0.0,84.47418880462646
650,4.0,4.2486360165162305,0.24863601651623046,71.5364461363481,68.04595717162606,386.5387738380848,0.0,84.42564487457275
651,4.0,4.247327885589159,0.24732788558915875,71.51753685045986,68.0459585908976,386.414501400013,0.0,84.37734127044678
652,4.0,4.2460597280603025,0.24605972806030252,71.49822742449588,68.04595557383286,386.2940264347717,0.0,84.32937335968018
653,4.0,4.24482632071706,0.2448263207170598,71.478537250633,68.04595841696882,386.1768527371636,0.0,84.28166007995605
654,4.0,4.243629122457754,0.2436291224577536,71.45846456707595,68.04595845662651,386.0631189025295,0.0,84.23422813415527
655,4.0,4.242467971263605,0.2424679712636051,71.4380357604749,68.04595703723001,385.9528095390854,0.0,84.18710517883301
656,4.0,4.242990747729173,0.24299074772917262,71.41723962244515,68.04596052078499,386.00247330331433,0.0,84.17296859622002
657,4.0,4.241895842686197,0.2418958426861968,71.39617012233445,68.04596254824165,385.89845732423163,0.0,84.1264214515686
658,4.0,4.240827933594344,0.2408279335943444,71.3748780302488,68.04596187602262,385.79700596050566,0.0,84.08016014099121
659,4.0,4.239788851638335,0.23978885163833485,71.35333846050769,68.04595235825222,385.69829317468475,0.0,84.03419137001038
660,4.0,4.238779608590578,0.238779608590578,71.33152877195485,68.04595175914372,385.60241508514787,0.0,83.9885082244873
661,4.0,4.237803696179218,0.23780369617921782,71.30944738960223,68.04595160645557,385.50970340606864,0.0,83.94317770004272
662,4.0,4.236857973554797,0.23685797355479732,71.28709137814636,68.04595255575335,385.4198597567487,0.0,83.89813375473022
663,4.0,4.235944057857741,0.23594405785774075,71.2644378777712,68.04595336026132,385.3330377655283,0.0,83.85338115692139
664,4.0,4.235061681948902,0.23506168194890176,71.24152939610934,68.04595560789478,385.2492120541886,0.0,83.80896425247192
665,4.0,4.234210218630188,0.23421021863018776,71.21833872594922,68.04595899287276,385.1683230389108,0.0,83.76483821868896
666,4.0,4.233393559779367,0.23339355977936727,71.19488712372441,68.04596482111234,385.0907404480828,0.0,83.7211046218872
667,4.0,4.232606557688655,0.2326065576886549,71.17117518931602,68.04596463349748,385.01597524946516,0.0,83.67766189575195
668,4.0,4.231852735742913,0.23185273574291276,71.14720569723613,68.04596590790857,384.94436216461963,0.0,83.63458251953125
669,4.0,4.231124622269158,0.2311246222691583,71.12300648655648,68.04596671498345,384.875191384613,0.0,83.59175109863281
670,4.0,4.23043141358394,0.23043141358393981,71.09855560576973,68.04595393617385,384.8093365595172,0.0,83.54932308197021
671,4.0,4.229767866596095,0.22976786659609516,71.07387670285604,68.04595373440091,384.746299595672,0.0,83.50722217559814
672,4.0,4.229131920387274,0.2291319203872737,71.04898127064,68.04594678898675,384.6858847058339,0.0,83.46542072296143
673,4.0,4.228527145120271,0.22852714512027106,71.02387062721328,68.04595388091397,384.6284310554687,0.0,83.42399024963379
674,4.0,4.227949073532566,0.22794907353256644,70.99855366629323,68.04595758910908,384.57351425463673,0.0,83.38285255432129
675,4.0,4.227404714786852,0.22740471478685187,70.97303249160571,68.04596135187576,384.52180017379385,0.0,83.34214782714844
676,4.0,4.226888076947915,0.22688807694791535,70.94733023352451,68.04596007861677,384.4727195790949,0.0,83.30178451538086
677,4.0,4.226397985373449,0.22639798537344902,70.92144592200899,68.0459655547684,384.4261608795206,0.0,83.26173782348633
678,4.0,4.225938615372297,0.2259386153722973,70.89538467794635,68.04597078180412,384.38252072941117,0.0,83.22209548950195
679,4.0,4.225505623702581,0.2255056237025812,70.86915648077945,68.04596844040351,384.34138652078815,0.0,83.18278312683105
680,4.0,4.225101093067656,0.22510109306765624,70.8427772293825,68.04596488651089,384.3029561104703,0.0,83.14385986328125
681,4.0,4.224716798615644,0.22471679861564375,70.81633652230887,68.0459624892436,384.2664481375291,0.0,83.10526847839355
682,4.0,4.224334654830349,0.22433465483034887,70.79021093850645,68.04595611576447,384.23014447792605,0.0,83.06709480285645
683,4.0,4.223975181986564,0.22397518198656385,70.76408446158783,68.04595113246168,384.1959945577665,0.0,83.02937126159668
684,4.0,4.223643558164449,0.22364355816444892,70.73767082572644,68.0459433004345,384.1644902946656,0.0,82.99186325073242
685,4.0,4.223335179106899,0.2233351791068987,70.71121666157447,68.04594470342124,384.1351942841983,0.0,82.95476913452148
686,4.0,4.2230802831735454,0.22308028317354545,70.68414473483017,68.04594223515748,384.11097917052973,0.0,82.91800498962402
687,4.0,4.222864014840671,0.2228640148406713,70.65669151493177,68.0459475936022,384.0904336789067,0.0,82.88155555725098
688,4.0,4.222679814666891,0.22267981466689069,70.62900806263299,68.04595615229888,384.07293466239753,0.0,82.84546852111816
689,4.0,4.222515781058493,0.222515781058493,70.6013183672477,68.04596170652019,384.0573514695998,0.0,82.80977249145508
690,4.0,4.222370995260251,0.22237099526025084,70.57363492865345,68.04596737725308,384.0435968187668,0.0,82.77446365356445
691,4.0,4.222247695989458,0.22224769598945837,70.54595487263592,68.04596595256417,384.0318833880415,0.0,82.73958206176758
692,4.0,4.222146944873435,0.222146944873435,70.51823487007411,68.04596916224699,384.0223120320193,0.0,82.70509719848633
693,4.0,4.22206667012518,0.2220666701251801,70.4904871836615,68.04596373167118,384.014685930935,0.0,82.67098236083984
694,4.0,4.222014358928918,0.2220143589289183,70.46266532383284,68.04595047190676,384.00971636729014,0.0,82.6373291015625
695,4.0,4.221982974084986,0.22198297408498568,70.43479941797493,68.04595083615644,384.0067348071166,0.0,82.60403442382812
696,4.0,4.221976404468531,0.22197640446853129,70.40686406011146,68.04595247434855,384.0061106935534,0.0,82.5711441040039
697,4.0,4.221991275205846,0.22199127520584572,70.37889973670906,68.0459485793887,384.0075234135983,0.0,82.53863906860352
698,4.0,4.222030101518835,0.2220301015188353,70.35087797414003,68.04594487284434,384.0112119133323,0.0,82.50653457641602
699,4.0,4.222088358425023,0.22208835842502328,70.3228290818631,68.0459481837702,384.0167463194201,0.0,82.47477722167969
700,4.0,4.222171488621974,0.22217148862197433,70.29475065240955,68.04595915016617,384.0246436881305,0.0,82.4434700012207
701,4.0,4.222273392132066,0.22227339213206587,70.26666989164193,68.04596728258862,384.03432452158916,0.0,82.41252517700195
702,4.0,4.22240113391787,0.2224011339178702,70.2385542126271,68.04384962660814,384.04645999124057,0.0,82.38204193115234
703,4.0,4.2225595852704565,0.2225595852704565,70.2104532283672,68.03975092184417,384.0615128697363,0.0,82.3521728515625
704,4.0,4.222741380972225,0.2227413809722254,70.18235337139616,68.03676144102242,384.0787834614043,0.0,82.32275772094727
705,4.0,4.222942805784746,0.22294280578474623,70.15427455182372,68.03484397515489,384.0979188185938,0.0,82.29374694824219
706,4.0,4.2231566636028175,0.2231566636028175,70.12620657822151,68.03053594905768,384.1182353113106,0.0,82.26498794555664
707,4.0,4.223409170801985,0.2234091708019852,70.0981665446117,68.02418610974085,384.1422234952315,0.0,82.23701095581055
708,4.0,4.22369009934122,0.22369009934122008,70.07014606978771,68.02075880902078,384.16891170645886,0.0,82.2096061706543
709,4.0,4.223980092502722,0.223980092502722,70.0421740830474,68.01933855790058,384.1964610568015,0.0,82.18243026733398
710,4.0,4.224272968532648,0.2242729685326479,70.01423617826205,68.01686810036385,384.2242842796445,0.0,82.15534591674805
711,4.0,4.224597230272849,0.22459723027284895,69.98636407523419,68.01318104292446,384.25508914496356,0.0,82.12894439697266
712,4.0,4.224942612644628,0.2249426126446279,69.95853332767625,68.01199720720786,384.2879004702826,0.0,82.10299682617188
713,4.0,4.225300589744309,0.22530058974430922,69.93076519458924,68.01198234793307,384.3219082947523,0.0,82.07736206054688
714,4.0,4.225660862694493,0.22566086269449315,69.90306128368998,68.00973231870113,384.3561342250198,0.0,82.05184173583984
715,4.0,4.226048567188582,0.2260485671885819,69.87543171446852,68.00537034788866,384.3929661519582,0.0,82.02693557739258
716,4.0,4.226458755349927,0.22645875534992665,69.8478580473174,68.002929152171,384.43193402728593,0.0,82.00252532958984
717,4.0,4.226878851608319,0.2268788516083191,69.82037948618573,68.00155907615904,384.47184317183326,0.0,81.97841262817383
718,4.0,4.227299790721336,0.22729979072133588,69.7929704379513,67.99802141477433,384.5118323875698,0.0,81.95439147949219
719,4.0,4.227746907473999,0.22774690747399884,69.76566109029251,67.99280552310756,384.5543084790728,0.0,81.93098831176758
720,4.0,4.228217988123773,0.22821798812377292,69.73842672088725,67.99006500775901,384.5990611408014,0.0,81.90813064575195
721,4.0,4.2286977802851835,0.2286977802851835,69.71129187898873,67.988180523573,384.6446413961354,0.0,81.88555145263672
722,4.0,4.229169110502823,0.22916911050282263,69.68426690254219,67.98419302896495,384.68941776681106,0.0,81.86293029785156
723,4.0,4.22967807101637,0.2296780710163704,69.65733602951381,67.98011305039881,384.73776901559813,0.0,81.84114074707031
724,4.0,4.230200878985798,0.23020087898579789,69.63050834320559,67.97870965450872,384.7874357726937,0.0,81.81973266601562
725,4.0,4.230733315680226,0.23073331568022581,69.60378855534779,67.97809115273597,384.8380172586644,0.0,81.79862976074219
726,4.0,4.231258925480099,0.2312589254800992,69.57719642243421,67.97481556263685,384.8879501896523,0.0,81.777537047863
727,4.0,4.231809032107374,0.2318090321073738,69.55070793881808,67.971017323492,384.9402103192434,0.0,81.75703167915344
728,4.0,4.232369904748396,0.23236990474839558,69.5243511994395,67.9694515176097,384.9934932201405,0.0,81.73688101768494
729,4.0,4.232936723730239,0.23293672373023888,69.49810557018792,67.96843871027666,385.0473410234156,0.0,81.71696758270264
730,4.0,4.233501679280244,0.233501679280244,69.47200763658006,67.96444483255127,385.10101180066613,0.0,81.69718360900879
731,4.0,4.234094669074729,0.23409466907472876,69.44601959296821,67.96000629479006,385.15734583114215,0.0,81.67806148529053
732,4.0,4.23470149962695,0.23470149962694986,69.42017757643072,67.9579828263463,385.21499473360313,0.0,81.65936946868896
733,4.0,4.235312023292795,0.23531202329279477,69.3944616015089,67.95682868500651,385.2729944818584,0.0,81.64088821411133
734,4.0,4.235917580846395,0.2359175808463947,69.3688854278753,67.95605259708532,385.3305224494504,0.0,81.62246704101562
735,4.0,4.236537743812878,0.23653774381287818,69.34346000739556,67.95578418687732,385.38943793126634,0.0,81.60449600219727
736,4.0,4.2371666776103805,0.23716667761038046,69.31817646381899,67.95659119672536,385.4491866420291,0.0,81.58685207366943
737,4.0,4.2378064661560435,0.2378064661560435,69.29304132363838,67.95733325274249,385.50996655386706,0.0,81.56958293914795
738,4.0,4.238437233018968,0.2384372330189679,69.26804825086359,67.95896410262067,385.5698894058449,0.0,81.5522985458374
739,4.0,4.239075166936879,0.23907516693687914,69.24321119312206,67.96057914367731,385.63049312804645,0.0,81.53532695770264
740,4.0,4.239723669951649,0.2397236699516494,69.21852082081416,67.96153445011554,385.6921009144496,0.0,81.51872253417969
741,4.0,4.240380413569628,0.24038041356962836,69.19398852884079,67.96168688027853,385.7544915581576,0.0,81.50245380401611
742,4.0,4.239342707619468,0.23934270761946763,69.16961108869565,67.9611664710754,385.65590949289236,0.0,81.45380176603794
743,4.0,4.240022964253557,0.24002296425355674,69.14531285967601,67.96020912854344,385.7205338731308,0.0,81.43825399875641
744,4.0,4.24071441786053,0.24071441786052983,69.12107481644001,67.95914484878904,385.7862219657933,0.0,81.42298293113708
745,4.0,4.241422224291598,0.24142222429159776,69.09689790512115,67.9582349949597,385.85346357674473,0.0,81.40808844566345
746,4.0,4.242141269656941,0.24214126965694138,69.07284530773346,67.95765816533587,385.92177288645235,0.0,81.39354658126831
747,4.0,4.242868630556808,0.24286863055680818,69.04892345996923,67.95748928947681,385.9908721719397,0.0,81.37930870056152
748,4.0,4.243604891460466,0.24360489146046582,69.02514942434901,67.95767959540146,386.0608169577872,0.0,81.36540603637695
749,4.0,4.244350627946144,0.24435062794614382,69.00153899187767,67.95812265369304,386.1316619239266,0.0,81.35186815261841
750,4.0,4.245102845931342,0.24510284593134202,68.97807699361202,67.95866668396661,386.20312263252043,0.0,81.33861970901489
751,4.0,4.245858948446523,0.24585894844652323,68.95480078248796,67.95916949858149,386.27495237146263,0.0,81.32565498352051
752,4.0,4.246622346084008,0.24662234608400802,68.93168568348662,67.9595228971863,386.3474751470237,0.0,81.31301021575928
753,4.0,4.247391023529702,0.2473910235297021,68.90876402069314,67.95968854067343,386.42049950436467,0.0,81.30068492889404
754,4.0,4.2481690001529255,0.24816900015292553,68.88602070494424,67.95965652325027,386.49440728357087,0.0,81.28873825073242
755,4.0,4.248945269529321,0.2489452695293206,68.86345640666299,67.9594728718287,386.56815287432835,0.0,81.2769603729248
756,4.0,4.249728105486715,0.24972810548671465,68.84109208437886,67.95921450278787,386.6425222902808,0.0,81.26553440093994
757,4.0,4.250519147676426,0.25051914767642636,68.8189084536071,67.95894979693934,386.71767129830346,0.0,81.25446891784668
758,4.0,4.251313716850087,0.2513137168500874,68.79692311896558,67.95874648897278,386.79315536980124,0.0,81.24369525909424
759,4.0,4.252111794432773,0.2521117944327731,68.7751363244363,67.95863023886021,386.8689727401564,0.0,81.23321342468262
760,4.0,4.252913474508075,0.252913474508075,68.75354084033684,67.95862120828251,386.94513234731005,0.0,81.2230167388916
761,4.0,4.25371709149633,0.2537170914963296,68.73214173399737,67.95868409277857,387.02147596119426,0.0,81.21307945251465
762,4.0,4.25453171603001,0.25453171603000957,68.71095220975833,67.9588040263931,387.09886529189384,0.0,81.2035903930664
763,4.0,4.255344698338258,0.25534469833825835,68.68993930461549,67.95894136291778,387.1760986111775,0.0,81.19426918029785
764,4.0,4.256168240557114,0.2561682405571144,68.66914156460534,67.95905759529371,387.2543351219688,0.0,81.18539428710938
765,4.0,4.256990410660526,0.2569904106605261,68.64854174855874,67.95913365625711,387.3324412817929,0.0,81.17671775817871
766,4.0,4.25781927131568,0.2578192713156797,68.62812749155253,67.95915817678886,387.4111830440325,0.0,81.16837882995605
767,4.0,4.25864865689269,0.25864865689268957,68.6079384541521,67.95914402097132,387.48997467384845,0.0,81.16030693054199
768,4.0,4.259481147492329,0.25948114749232865,68.58794747474424,67.95909392054199,387.56906128081414,0.0,81.15251922607422
769,4.0,4.2603153400846,0.2603153400845999,68.56815610974772,67.95902403137826,387.6483095770799,0.0,81.14499092102051
770,4.0,4.261152775887044,0.26115277588704444,68.5485797574912,67.95895766804091,387.72786597831214,0.0,81.13776969909668
771,4.0,4.261991222373562,0.2619912223735623,68.52921395578439,67.958907731282,387.80751839453137,0.0,81.13080787658691
772,4.0,4.262828855520558,0.26282885552055824,68.51004925037813,67.95888248751702,387.88709354349595,0.0,81.12405967712402
773,4.0,4.263669467356354,0.26366946735635377,68.49110834083467,67.9588976211638,387.9669516678965,0.0,81.11762428283691
774,4.0,4.264512995605501,0.264512995605501,68.47236798234351,67.95892061548406,388.0470868515655,0.0,81.1114730834961
775,4.0,4.265352326993118,0.26535232699311795,68.45382151735807,67.95895249890826,388.1268233333891,0.0,81.1054630279541
776,4.0,4.26619472211989,0.2661947221198897,68.43550681928816,67.95898062723738,388.20685087043245,0.0,81.09977722167969
777,4.0,4.267042614004533,0.26704261400453344,68.41738638867204,67.95900619822365,388.2874005994736,0.0,81.09441757202148
778,4.0,4.267887657588324,0.2678876575883242,68.3994732572583,67.95901644621611,388.3676797399337,0.0,81.08924102783203
779,4.0,4.268734865620327,0.2687348656203268,68.38178347853103,67.95901864116911,388.448164502974,0.0,81.0843620300293
780,4.0,4.269581806130436,0.2695818061304358,68.36429799085289,67.95900632582314,388.5286238514343,0.0,81.0797119140625
781,4.0,4.270428626559539,0.27042862655953925,68.34702074126912,67.95898661819467,388.6090717921992,0.0,81.07529830932617
782,4.0,4.271274872747935,0.27127487274793527,68.32996851544637,67.95896658133202,388.6894651800968,0.0,81.07113265991211
783,4.0,4.272119248682746,0.2721192486827464,68.31312653665441,67.958966911372,388.7696808939038,0.0,81.06717300415039
784,4.0,4.272962384368225,0.27296238436822495,68.29649423024962,67.95896715273811,388.8497787840243,0.0,81.06343078613281
785,4.0,4.273807667659694,0.27380766765969433,68.28005910446645,67.95896733198192,388.9300806967139,0.0,81.05995559692383
786,4.0,4.2746488907088676,0.27464889070886755,68.26385595025823,67.95896751323033,389.00999688638535,0.0,81.05667114257812
787,4.0,4.275492245213827,0.27549224521382687,68.24785320120831,67.95896757271623,389.0901155643565,0.0,81.05365753173828
788,4.0,4.276445055464655,0.2764450554646549,68.23023560793229,67.95897164145072,389.18063253818514,0.0,81.0507926940918
789,4.0,4.277498373453827,0.27749837345382744,68.21107444961488,67.95897348573597,389.2806977471565,0.0,81.04798889160156
790,4.0,4.278561320787983,0.2785613207879827,68.19182702737322,67.95897725608279,389.38167774390126,0.0,81.04525375366211
791,4.0,4.279699459105027,0.2796994591050268,68.17156149601486,67.95897180850847,389.4898008840205,0.0,81.04272079467773
792,4.0,4.2810723876482415,0.2810723876482415,68.14780965126941,67.9589686168566,389.62022909562586,0.0,81.04047393798828
793,4.0,4.282603367146583,0.2826033671465833,68.12160378695012,67.95896960324846,389.7656721479683,0.0,81.03828048706055
794,4.0,4.284120466426679,0.2841204664266792,68.09568856497829,67.95897491721436,389.90979657957746,0.0,81.03614807128906
795,4.0,4.285771544945023,0.2857715449450229,68.06785919596304,67.9589839312546,390.0666490388201,0.0,81.03424835205078
796,4.0,4.287660904549484,0.287660904549484,68.036785690568,67.95897539491222,390.2461382012439,0.0,81.03296279907227
797,4.0,4.28966273232661,0.2896627323266099,68.00419345860085,67.95896962619832,390.43631184007086,0.0,81.0319595336914
798,4.0,4.291633012457437,0.2916330124574369,67.97237128324304,67.95896577997227,390.62348845249943,0.0,81.03124237060547
799,4.0,4.293736801069627,0.29373680106962663,67.93883999244886,67.95896322637547,390.82334837065747,0.0,81.03097152709961
800,4.0,4.296152258769207,0.29615225876920714,67.90102262284327,67.95896157463162,391.05281685211764,0.0,81.03142547607422
801,4.0,4.298615649921448,0.29861564992144807,67.86275617989934,67.95896046222255,391.28683901158047,0.0,81.03219604492188
802,4.0,4.301063868170526,0.3010638681705258,67.82511128395105,67.95895971000164,394.37952649286285,0.0,81.03337097167969
803,4.0,4.303582599884406,0.3035825998844057,67.78682932333676,67.95897025655847,394.61880600568145,0.0,81.03506088256836
804,4.0,4.306289428214016,0.30628942821401584,67.74633450907493,67.95898503264384,394.8759546969944,0.0,81.03759002685547
805,4.0,4.308957433342796,0.3089574333427958,67.7067268743949,67.95898861862537,398.0645108009851,0.0,81.04039001464844
806,4.0,4.31147783186692,0.31147783186692024,67.66985119047285,67.9589830756535,398.3039486607769,0.0,81.04362869262695
807,4.0,4.313959979755236,0.3139599797552357,67.63404484820812,67.95898413313776,398.5397527101669,0.0,81.04737854003906
808,4.0,4.31663642522104,0.31663642522103963,67.59580010377653,67.95898656510415,398.79401502941823,0.0,81.05180358886719
809,4.0,4.319284355329626,0.31928435532962585,67.55833809146338,67.95898871549954,399.04556838973394,0.0,81.05657577514648
810,4.0,4.3218585252365935,0.32185852523659353,67.52239845750005,67.95898540376923,399.29011453089583,0.0,81.06173706054688
811,4.0,4.324530279520484,0.3245302795204843,67.48535665105322,67.95898058365573,399.5439311878655,0.0,81.06735229492188
812,4.0,4.327495882024412,0.3274958820244116,67.44444544659727,67.95897551818926,399.8256634257386,0.0,81.07376664876938
813,4.0,4.330497426011018,0.33049742601101784,67.40338127042,67.95897196049971,400.11081010446617,0.0,81.08060252666473
814,4.0,4.333468093208492,0.33346809320849236,67.36321417932228,67.9589697435411,400.3930234882263,0.0,81.08787202835083
815,4.0,4.336566664801132,0.33656666480113184,67.32158425837164,67.9589624559422,400.687387789527,0.0,81.09570503234863
816,4.0,4.33997495691753,0.3399749569175299,67.27586224014674,67.95896051382412,401.0111755405848,0.0,81.10432147979736
817,4.0,4.343432193726973,0.3434321937269731,67.22985829940964,67.9589653293806,401.33961303748197,0.0,81.11342525482178
818,4.0,4.346870948115691,0.34687094811569086,67.1847238105026,67.95898126595131,401.6662947044101,0.0,81.12314558029175
819,4.0,4.350443364062525,0.3504433640625253,67.13810849067339,67.95898299714534,402.0056742193594,0.0,81.13348293304443
820,4.0,4.354166856871511,0.35416685687151084,67.09001568938257,67.95898458759878,402.35940603621304,0.0,81.14475631713867
821,4.0,4.357882164312158,0.3578821643121577,67.04282900456833,67.95899526900256,402.7123602430745,0.0,81.15687465667725
822,4.0,4.361566396489968,0.3615663964899678,66.99675734539669,67.95898157812186,403.0623622999664,0.0,81.16966819763184
823,4.0,4.365310574656294,0.36531057465629413,66.95042763062887,67.95897309406611,403.4180592257674,0.0,81.1831693649292
824,4.0,4.369046488611617,0.36904648861161693,66.90495609438176,67.95897783235122,403.7729710515231,0.0,81.19746208190918
825,4.0,4.3727437052848295,0.3727437052848295,66.86081345993038,67.95897965768005,404.1242066354783,0.0,81.21255588531494
826,4.0,4.376415152046314,0.37641515204631393,66.81767386803928,67.958968055456,404.4729940778193,0.0,81.22830009460449
827,4.0,4.380074666847662,0.380074666847662,66.77533639639225,67.9589694889696,404.82064798394737,0.0,81.24471092224121
828,4.0,4.3837263913945765,0.38372639139457654,66.73372311014704,67.9589709196446,405.16756181590426,0.0,81.26177310943604
829,4.0,4.387364195040809,0.3873641950408091,66.6927991853033,67.958966638338,405.51315316229636,0.0,81.27933311462402
830,4.0,4.390988931417756,0.39098893141775637,66.65258161876774,67.95897181611006,405.85750311810637,0.0,81.29743003845215
831,4.0,4.394599274726155,0.3945992747261551,66.61310636879139,67.95898005542199,406.2004857324042,0.0,81.31608581542969
832,4.0,4.398184915254134,0.39818491525413435,66.57442267513093,67.9589855586018,406.54112158256225,0.0,81.33517265319824
833,4.0,4.401752898508272,0.40175289850827234,66.5365639920213,67.95898922810952,406.8800799917053,0.0,81.35486483573914
834,4.0,4.405293140031242,0.40529314003124206,66.49955919289607,67.95899163363381,407.21640293638745,0.0,81.37501442432404
835,4.0,4.4088025178779695,0.4088025178779695,66.46344041853064,67.95899325683864,407.5497938318266,0.0,81.39560651779175
836,4.0,4.412281875709019,0.4122818757090192,66.42821670291276,67.95898743036038,407.88033282577635,0.0,81.41667127609253
837,4.0,4.415731783170499,0.4157317831704992,66.39389948584515,67.95898121225494,408.2080740346169,0.0,81.43823671340942
838,4.0,4.419154501514378,0.4191545015143783,66.36046598612327,67.95898163410233,408.5332322772854,0.0,81.46031999588013
839,4.0,4.422546514305992,0.4225465143059921,66.32792862306687,67.95898190377248,408.8554734924887,0.0,81.4828748703003
840,4.0,4.4259065785651215,0.4259065785651215,66.29625285659526,67.95897227049466,409.17467959710604,0.0,81.50583934783936
841,4.0,4.429234091923268,0.4292340919232682,66.26544931561646,67.95896717364512,409.49079336613,0.0,81.52921867370605
842,4.0,4.432532102060595,0.4325321020605948,66.23548530658304,67.95896418862996,409.80410432917597,0.0,81.55303192138672
843,4.0,4.435802051703931,0.4358020517039307,66.20636004512149,67.95896281167516,410.1147495452929,0.0,81.57730770111084
844,4.0,4.439038947491574,0.4390389474915741,66.17805507760706,67.95896806937482,410.42225464511904,0.0,81.6019344329834
845,4.0,4.442241617966558,0.44224161796655803,66.15056842061719,67.9589702702024,410.7265083402425,0.0,81.62689113616943
846,4.0,4.4454125346525855,0.44541253465258546,66.12387558148275,67.95897148526784,411.0277454254151,0.0,81.65219593048096
847,4.0,4.448555491056603,0.4485554910566032,66.09798275407792,67.95898092028094,411.3263262837968,0.0,81.67792892456055
848,4.0,4.451669738814645,0.4516697388146449,66.07287418435226,67.9589883167634,411.62217982081074,0.0,81.70405960083008
849,4.0,4.4547489493140455,0.4547489493140455,66.04854446670419,67.9589841429551,411.91470481825377,0.0,81.73046779632568
850,4.0,4.457797627500022,0.45779762750002195,66.02498553300346,67.95899007189466,412.2043292459216,0.0,81.75722885131836
851,4.0,4.460815289719526,0.4608152897195259,66.00218785209954,67.95898427294966,412.49100715677446,0.0,81.7843246459961
852,4.0,4.463800173590378,0.4638001735903776,65.9801469972567,67.95897758964863,412.77457112450537,0.0,81.81171989440918
853,4.0,4.4667558299148995,0.4667558299148995,65.95885618698078,67.95897294418305,413.05535847533497,0.0,81.83947372436523
854,4.0,4.469677582672497,0.4696775826724968,65.93829800534787,67.9589757807055,413.3329249873067,0.0,81.86748123168945
855,4.0,4.47256661797357,0.4725666179735697,65.91848530768458,67.95897588840008,413.6073833409086,0.0,81.89578247070312
856,4.0,4.475423437484154,0.47542343748415394,65.89939041776888,67.95897203104815,413.8787811944141,0.0,81.92435455322266
857,4.0,4.478245928240504,0.47824592824050427,65.88100736860237,67.95896424157101,414.1469178162674,0.0,81.95315361022949
858,4.0,4.481040542852956,0.4810405428529556,65.86333915244604,67.95896732783334,414.41240620445024,0.0,81.98230361938477
859,4.0,4.483796256407317,0.4837962564073166,65.84637755529621,67.95897423618845,414.67419899211455,0.0,82.01159477233887
860,4.0,4.486519760719689,0.4865197607196894,65.83009151659945,67.95897892052848,414.93293190178997,0.0,82.04111289978027
861,4.0,4.489212370077051,0.489212370077051,65.81449536760232,67.95898204388843,415.18872979073933,0.0,82.07090187072754
862,4.0,4.4918689318285425,0.4918689318285425,65.79958506427838,67.9589841451156,415.441103157131,0.0,82.10086441040039
863,4.0,4.494497278209712,0.4944972782097121,65.78533605715191,67.95898558710903,415.69079606334213,0.0,82.1311149597168
864,4.0,4.497087304364882,0.49708730436488224,65.77174201947172,67.95898645883145,415.9368485480833,0.0,82.16146278381348
865,4.0,4.499641618310629,0.4996416183106289,65.75880150876405,67.9589870280342,416.17950837292926,0.0,82.19195556640625
866,4.0,4.502167024803931,0.5021670248039314,65.7464930403237,67.95898499540226,416.41942198979297,0.0,82.22269248962402
867,4.0,4.504653160065548,0.5046531600655477,65.73482936191577,67.95897988322581,416.6556048396465,0.0,82.25350189208984
868,4.0,4.507112386262318,0.5071123862623184,65.7237857510407,67.95897705178362,416.88923132833975,0.0,82.28458023071289
869,4.0,4.509531223256844,0.5095312232568441,65.7133579618819,67.95897160810972,417.1190208428197,0.0,82.31567764282227
870,4.0,4.511920016999485,0.5119200169994853,65.70353407401852,67.95897551646777,422.20919640986574,0.0,82.34696960449219
871,4.0,4.514144418242007,0.5141444182420072,65.69622248338318,67.95897653198188,422.4205145279053,0.0,82.37839889526367
872,4.0,4.516090239521802,0.5160902395218017,65.69299451474691,67.95897516842646,422.6053675494858,0.0,82.40985870361328
873,4.0,4.517842533882266,0.5178425338822663,65.6926470562805,67.95896370697946,427.69133958561144,0.0,82.44139862060547
874,4.0,4.519312231859432,0.5193122318594323,65.69629219059463,67.95895518651383,427.8309608934422,0.0,82.47279357910156
875,4.0,4.520436931697782,0.5204369316977822,65.70496434032754,67.95894951613492,427.9378073780854,0.0,82.50420761108398
876,4.0,4.521312426473642,0.5213124264736422,65.717093189807,67.95896625493009,432.97344743329177,0.0,82.53541946411133
877,4.0,4.521876760678554,0.5218767606785537,65.73355202556776,67.95898431312645,433.0270591827583,0.0,82.5663948059082
878,4.0,4.522074774423784,0.5220747744237837,65.755244906412,67.95898497255745,433.0458704885552,0.0,82.59725952148438
879,4.0,4.52200914515336,0.5220091451533602,65.78041550883277,67.95899176820865,437.9987225868219,0.0,82.62767791748047
880,4.0,4.521628084776033,0.5216280847760331,65.80989805478893,67.95899241587793,437.9625218509758,0.0,82.65774536132812
881,4.0,4.52087006803522,0.5208700680352196,65.844483489567,67.95898005681822,437.8905102605985,0.0,82.68732070922852
882,4.0,4.519857281563516,0.5198572815635156,65.88244146617782,67.95896785029362,442.73293972064005,0.0,82.7164535522461
883,4.0,4.518533599749083,0.518533599749083,65.92453266207632,67.95897004757903,442.6071899482689,0.0,82.74505996704102
884,4.0,4.516835810163035,0.5168358101630348,65.9715527955808,67.95896392161184,442.44589993759433,0.0,82.77296447753906
885,4.0,4.514884265851181,0.5148842658511814,66.02174088017458,67.95897005698218,447.1519037535545,0.0,82.80014419555664
886,4.0,4.5126292717442285,0.5126292717442285,66.07584627030897,67.95896927960558,446.93767931339397,0.0,82.82661056518555
887,4.0,4.510015962896511,0.5100159628965111,66.13465375068233,67.95897703576661,446.68941497286085,0.0,82.8523178100586
888,4.0,4.507161276918117,0.5071612769181169,66.19640403938,67.95898770491446,451.2362519356355,0.0,82.8771858215332
889,4.0,4.504015853062835,0.5040158530628354,66.26183883337015,67.95899482802807,450.93743666938377,0.0,82.90121459960938
890,4.0,4.500522026493144,0.5005220264931438,66.33171247946618,67.95899557607818,450.6055231452631,0.0,82.92425918579102
891,4.0,4.4968010424306115,0.4968010424306115,66.40430689825017,67.95899026255823,450.2520296593225,0.0,82.94637680053711
892,4.0,4.49291483255202,0.49291483255202007,66.4785034125977,67.95897520135686,449.8828397208563,0.0,82.96729278564453
893,4.0,4.488935423392141,0.4889354233921406,66.55348205395458,67.95896862591128,449.50479585066773,0.0,82.98730087280273
894,4.0,4.48489172696161,0.4848917269616102,66.62872206561856,67.95897295080435,449.12064468976735,0.0,83.00627899169922
895,4.0,4.480801856520159,0.4808018565201593,66.70386273770791,67.95897273422133,448.73210699782953,0.0,83.02410888671875
896,4.0,4.476691937811002,0.47669193781100194,66.77863911066557,67.95896103613735,448.34166472045956,0.0,83.04094314575195
897,4.0,4.472576276310028,0.4725762763100283,66.85287727327325,67.95896613112743,447.95067687786707,0.0,83.05683135986328
898,4.0,4.4684605631239105,0.4684605631239105,66.92645697951642,67.95897485309092,447.55968412518587,0.0,83.07173156738281
899,4.0,4.464341056686327,0.46434105668632686,66.99930336543446,67.95898068890152,447.16833101361544,0.0,83.08548355102539
900,4.0,4.460230112859081,0.46023011285908133,67.07136733535978,67.95898459972256,446.7777913500271,0.0,83.09825897216797
901,4.0,4.456130576729784,0.45613057672978385,67.14260035835363,67.95898715757173,446.38833541774386,0.0,83.11005401611328
902,4.0,4.452037731409138,0.4520377314091384,67.21298751774373,67.9589888735446,445.99951511228255,0.0,83.12076568603516
903,4.0,4.44796510778329,0.4479651077832898,67.28251290724187,67.95899004504535,445.6126158678269,0.0,83.13063049316406
904,4.0,4.443903106742521,0.4439031067425212,67.35115799657181,67.9589907674388,445.2267257689539,0.0,83.13945007324219
905,4.0,4.439854677229103,0.43985467722910343,67.41893695934758,67.95898442904209,444.8421249651792,0.0,83.14730072021484
906,4.0,4.435830258292816,0.43583025829281574,67.48582420418245,67.95897779074456,444.4598051662319,0.0,83.15435028076172
907,4.0,4.431823887082455,0.4318238870824551,67.55183273422445,67.95897794099331,444.07919990124765,0.0,83.16050720214844
908,4.0,4.4278300935489865,0.4278300935489865,67.61694984472038,67.95897815152752,443.6997895155681,0.0,83.16565704345703
909,4.0,4.423858234697418,0.423858234697418,67.6811846261303,67.95897523464052,443.32246292466914,0.0,83.16999053955078
910,4.0,4.419897575263698,0.41989757526369775,67.7445553597055,67.95897015026017,442.94620027846565,0.0,83.17333221435547
911,4.0,4.415961696391078,0.4159616963910784,67.8070310704541,67.95896715664799,442.57229178556685,0.0,83.1759033203125
912,4.0,4.412036977503823,0.4120369775038233,67.86864974984468,67.95896857535577,442.19944349127763,0.0,83.17749786376953
913,4.0,4.408136859158979,0.40813685915897935,67.9293946736888,67.95896564752634,441.82893224851745,0.0,83.17835235595703
914,4.0,4.404254497661325,0.4042544976613254,67.98927460718951,67.95896671712948,441.4601079062403,0.0,83.17835235595703
915,4.0,4.400390931538815,0.4003909315388148,68.04827671769539,67.95896930243849,441.0930691246018,0.0,83.17750549316406
916,4.0,4.396543614418452,0.39654361441845243,68.10641863845753,67.95897301883447,440.7275739981674,0.0,83.17578887939453
917,4.0,4.392718030600236,0.3927180306002356,68.16369989796601,67.95898870106826,440.36414353543677,0.0,83.17330932617188
918,4.0,4.388919110522287,0.3889191105222869,68.22013462723858,67.95898811005486,440.00324612803166,0.0,83.17018127441406
919,4.0,4.385135045988518,0.3851350459885179,68.27570301956212,67.95898903255095,439.6437599973236,0.0,83.1661605834961
920,4.0,4.3813692643495585,0.38136926434955853,68.33043030725092,67.95898387135666,439.2860107416225,0.0,83.16134643554688
921,4.0,4.377624816761226,0.3776248167612257,68.38430356666919,67.95898862838158,438.93028822073086,0.0,83.15578454732895
922,4.0,4.3738952588080595,0.3738952588080595,68.43734230398144,67.9589795009222,438.57598021518004,0.0,83.14937973022461
923,4.0,4.370198304978486,0.37019830497848627,68.48953455133808,67.95897794310699,438.22476960137055,0.0,83.14245772361755
924,4.0,4.366511579193255,0.36651157919325517,68.54089686474438,67.95896771480382,437.8745306517736,0.0,83.13461661338806
925,4.0,4.362846201978549,0.3628462019785488,68.59141326463998,67.95896677375808,437.52631981637654,0.0,83.126051902771
926,4.0,4.359206538463065,0.3592065384630647,68.64110704416733,67.95897948880608,437.18055178240553,0.0,83.11687850952148
927,4.0,4.355582603488037,0.3555826034880374,68.68996937059617,67.95898637821672,436.83627795977793,0.0,83.10689878463745
928,4.0,4.351991025530276,0.3519910255302756,68.7379976960197,67.95897745404261,436.49507805379056,0.0,83.09643030166626
929,4.0,4.3484176228352585,0.34841762283525846,68.78522056849845,67.95898132321655,436.15560479776394,0.0,83.0852403640747
930,4.0,4.3448632726422876,0.34486327264228755,68.83162072062295,67.95898385193595,435.8179415294317,0.0,83.07332801818848
931,4.0,4.341336884391768,0.3413368843917679,68.87720402950006,67.95897033422123,435.4829346456323,0.0,83.06087398529053
932,4.0,4.337829101479247,0.3378291014792474,68.92198648492214,67.95896056459738,435.1496952689429,0.0,83.04772186279297
933,4.0,4.334344186715277,0.33434418671527677,68.96596269012433,67.95896278506724,434.8186283663657,0.0,83.03394985198975
934,4.0,4.330888434559305,0.33088843455930483,69.00912879650882,67.95896327976853,434.49033191154837,0.0,83.01967716217041
935,4.0,4.327450889869279,0.3274508898692794,69.0514957455339,67.95896523980895,434.1637651659959,0.0,83.00471019744873
936,4.0,4.324039248046464,0.3240392480464642,69.09306993430187,67.95897374487332,433.8396591928285,0.0,82.98920726776123
937,4.0,4.320650831829766,0.3206508318297656,69.13386058572469,67.95897155589954,433.51775965224215,0.0,82.97313117980957
938,4.0,4.317287580067181,0.3172875800671813,69.17385957865045,67.95897466702941,433.1982507347966,0.0,82.95651245117188
939,4.0,4.313948521527465,0.31394852152746466,69.2130839231875,67.95897406813954,432.8810401735235,0.0,82.93935585021973
940,4.0,4.310638449022221,0.31063844902222115,69.25152096360664,67.95897554403899,432.56658328552544,0.0,82.92174136638641
941,4.0,4.307346001903565,0.3073460019035652,69.2891966276667,67.95898360011216,432.2538008092531,0.0,82.90348446369171
942,4.0,4.30408028635577,0.3040802863557701,69.32609264947936,67.95897754997583,431.94355783221255,0.0,82.88474130630493
943,4.0,4.300845688370311,0.3008456883703108,69.36223621187762,67.95897345976111,431.6362710235939,0.0,82.86563181877136
944,4.0,4.297629859773254,0.29762985977325407,69.39762301341531,67.9589702128638,431.33076730687355,0.0,82.84591579437256
945,4.0,4.294441474878775,0.29444147487877537,69.43224675208693,67.95897258025974,431.027870741898,0.0,82.82575559616089
946,4.0,4.291271865060145,0.29127186506014535,69.46611518050041,67.95896962519559,430.72675780912823,0.0,82.80499601364136
947,4.0,4.2881301790280135,0.2881301790280135,69.49923602797935,67.95897088404011,430.4282976360757,0.0,82.78382539749146
948,4.0,4.285017038523321,0.2850170385233213,69.53162535708697,67.95896260967349,430.1325492881299,0.0,82.76227760314941
949,4.0,4.281924948001414,0.2819249480014143,69.56326959758402,67.95896943050671,429.83880068854876,0.0,82.74019432067871
950,4.0,4.278858734225377,0.278858734225377,69.5941832423356,67.95897618231781,429.5475103798252,0.0,82.71768856048584
951,4.0,4.275816975652715,0.2758169756527149,69.6243624145667,67.95897624347275,429.25854331542234,0.0,82.69473075866699
952,4.0,4.272805020374407,0.272805020374407,69.6538134620517,67.95897346893626,428.9724075639831,0.0,82.67143440246582
953,4.0,4.269819513735658,0.2698195137356576,69.68254796696587,67.9589700940159,428.68878443330186,0.0,82.64775085449219
954,4.0,4.266859503244263,0.26685950324426333,69.71056335986123,67.9589664487969,428.4075834366194,0.0,82.62366104125977
955,4.0,4.263922690410664,0.26392269041066374,69.73787751914473,67.95896379688115,428.1285862174275,0.0,82.5991439819336
956,4.0,4.261014788863509,0.26101478886350904,69.76448282558947,67.95896198855074,427.85233557044774,0.0,82.57430362701416
957,4.0,4.258127537706964,0.2581275377069643,69.79038932019017,67.9589607532482,427.578046710576,0.0,82.54899406433105
958,4.0,4.255259213383448,0.25525921338344837,69.8155968564973,67.95896675794782,427.305555899842,0.0,82.52318382263184
959,4.0,4.25242027444958,0.25242027444958026,69.84010872776959,67.9589730342219,427.03585670112454,0.0,82.4970817565918
960,4.0,4.249606496229232,0.24960649622923192,69.86392946971725,67.95897267246617,426.7685477701914,0.0,82.47061347961426
961,4.0,4.246816402303613,0.24681640230361257,69.88707026372482,67.9589724010117,426.5034888472576,0.0,82.44376564025879
962,4.0,4.244057115704733,0.24405711570473265,69.90954148029418,67.95897216049462,426.241356620364,0.0,82.41669082641602
963,4.0,4.241323981680972,0.24132398168097158,69.93134036172192,67.9589720700581,425.9817088881067,0.0,82.38929748535156
964,4.0,4.238618595618664,0.2386185956186644,69.95246155393454,67.95897194928942,425.7246972121875,0.0,82.36161231994629
965,4.0,4.235938877634057,0.23593887763405696,69.97292959571628,67.95897188894143,425.4701240036498,0.0,82.33362579345703
966,4.0,4.233290959281226,0.23329095928122623,69.99272259666378,67.9589718290266,425.2185717601309,0.0,82.30543327331543
967,4.0,4.230665603108797,0.2306656031087968,70.0118748529449,67.95897179818026,424.9691629237501,0.0,82.27689743041992
968,4.0,4.228067002553104,0.22806700255310375,70.03038686435252,67.958971798171,424.7222958709592,0.0,82.24810218811035
969,4.0,4.225498094422398,0.22549809442239788,70.04823603812049,67.95897179809874,424.4782495985422,0.0,82.21907997131348
970,4.0,4.222955908708354,0.2229559087083537,70.06545543131412,67.95897179927213,424.236741955708,0.0,82.1898136138916
971,4.0,4.220442024504241,0.22044202450424066,70.08205152334523,67.9589717387435,423.99792295631727,0.0,82.16034317016602
972,4.0,4.217950659306098,0.2179506593060978,70.09800826693123,67.95897179828864,423.7612432624937,0.0,82.13053894042969
973,4.0,4.21548710760958,0.21548710760958034,70.11334860465465,67.9589751850244,423.52720585132454,0.0,82.10053253173828
974,4.0,4.2130520383551815,0.2130520383551815,70.12807957424124,67.95898228319045,423.29587427215665,0.0,82.07034683227539
975,4.0,4.210642986512392,0.21064298651239177,70.14220174507227,67.95897918866994,423.0670143470916,0.0,82.03993606567383
976,4.0,4.208261283521625,0.2082612835216251,70.1557111932365,67.95898803984154,422.84075256296876,0.0,82.00932312011719
977,4.0,4.205911389278945,0.2059113892789446,70.16861710213996,67.9589789595465,422.6175126099141,0.0,81.97860717773438
978,4.0,4.2035848868552455,0.20358488685524545,70.18093128027614,67.95897533557638,422.3964948796627,0.0,81.94763946533203
979,4.0,4.201286133336237,0.2012861333362368,70.1926712679723,67.95897703448225,422.17811329535687,0.0,81.9165267944336
980,4.0,4.199018226452157,0.19901822645215717,70.20382661473818,67.95897186313526,421.9626621413693,0.0,81.88531875610352
981,4.0,4.196778057189358,0.19677805718935826,70.21438596952753,67.95897098249795,421.74984606140345,0.0,81.85394287109375
982,4.0,4.1945650321252055,0.19456503212520548,70.22437447278413,67.95896153027557,421.5396086803089,0.0,81.82241821289062
983,4.0,4.192377393048139,0.1923773930481394,70.23380410291395,67.95896263491075,421.33178296798764,0.0,81.79072570800781
984,4.0,4.1902126955865615,0.1902126955865615,70.24268857042357,67.95896500538488,421.12613670913777,0.0,81.75883483886719
985,4.0,4.188080025363202,0.18808002536320156,70.25101548037134,67.95896752009895,420.92353303791856,0.0,81.72690963745117
986,4.0,4.185969885778337,0.18596988577833695,70.25878571010375,67.95897144077571,420.7230697773564,0.0,81.69476699829102
987,4.0,4.183894180907638,0.18389418090763776,70.26599530961977,67.95897919291754,420.52587781464,0.0,81.66263580322266
988,4.0,4.181840193418817,0.1818401934188172,70.2726730704809,67.95898404983431,420.330749003202,0.0,81.63030242919922
989,4.0,4.179815319685053,0.17981531968505315,70.27882844973281,67.95898437675869,420.1383859984944,0.0,81.5979232788086
990,4.0,4.177818353394788,0.17781835339478835,70.28445455640758,67.95898532558287,419.9486742009193,0.0,81.56546783447266
991,4.0,4.17584721458339,0.17584721458339025,70.28956579727533,67.95898478763226,419.7614160138365,0.0,81.53291320800781
992,4.0,4.173907284109251,0.1739072841092506,70.2941595620707,67.95897507626465,419.57712261879317,0.0,81.50036239624023
993,4.0,4.171991591956608,0.1719915919566084,70.29825042846042,67.95896863301326,419.3951318642922,0.0,81.46769714355469
994,4.0,4.170099717087276,0.17009971708727623,70.30184143694383,67.95896437651261,419.21540375170565,0.0,81.4349136352539
995,4.0,4.168241153536685,0.16824115353668478,70.30493644391899,67.95896156007632,419.03884021439944,0.0,81.40220260620117
996,4.0,4.166411809953054,0.16641180995305405,70.30754112638593,67.95896178670176,418.86505257395453,0.0,81.36949157714844
997,4.0,4.164607428132676,0.16460742813267615,70.30965742509905,67.95896820123296,418.6936363010186,0.0,81.33670043945312
998,4.0,4.162826342189447,0.16282634218944736,70.31129630949755,67.9589827041936,418.52443313641186,0.0,81.3038101196289
999,4.0,4.161073148211398,0.16107314821139784,70.31246858468903,67.95898653102708,418.3578797084972,0.0,81.27092361450195
1000,4.0,4.159347800764197,0.15934780076419663,70.31315459492619,67.95898638191044,418.1939717010131,0.0,81.23801803588867
1001,4.0,4.1576518443357715,0.1576518443357715,70.31337054057175,67.95899130605119,418.03285584031266,0.0,81.20514297485352
1002,4.0,4.1559830056326215,0.15598300563262146,70.31313447613215,67.95898366194297,417.8743161635134,0.0,81.17227554321289
1003,4.0,4.154340756641337,0.15434075664133662,70.31246471518789,67.95897929875638,417.71830250934136,0.0,81.1394271850586
1004,4.0,4.1527201542895025,0.15272015428950247,70.31135846804929,67.95897088777697,417.56434528591717,0.0,81.10649871826172
1005,4.0,4.151127260969834,0.15112726096983398,70.30981511421699,67.9589733540067,417.4130204205486,0.0,81.0736083984375
1006,4.0,4.149570649031398,0.14957064903139816,70.30783455349929,67.95897458671901,417.26514228639724,0.0,81.04092407226562
1007,4.0,4.148038525691068,0.14803852569106812,70.30543744464178,67.95897002793602,417.11959056906585,0.0,81.00823974609375
1008,4.0,4.1465323892056665,0.14653238920566647,70.30261121370454,67.95896056613273,416.9765076029527,0.0,80.97557067871094
1009,4.0,4.145049768600058,0.14504976860005758,70.29937747487554,67.9589680500456,416.83565864541987,0.0,80.9428939819336
1010,4.0,4.143590953894946,0.1435909538949458,70.29573092559828,67.95897300831416,416.6970712484342,0.0,80.91020965576172
1011,4.0,4.14216576542935,0.14216576542935044,70.29169020556861,67.95897631491731,416.5616783442027,0.0,80.87773132324219
1012,4.0,4.140763423655959,0.14076342365595895,70.2872522583804,67.95898149039458,416.4284558757305,0.0,80.84524536132812
1013,4.0,4.139383170060362,0.13938317006036183,70.2824229973394,67.95898825683527,416.2973317841488,0.0,80.812744140625
1014,4.0,4.138035286626633,0.138035286626633,70.27721333428205,67.95899236388702,416.1692828579445,0.0,80.78044128417969
1015,4.0,4.136711782768412,0.1367117827684119,70.27161932814293,67.95899863947395,416.04354999141356,0.0,80.74817657470703
1016,4.0,4.13541067914222,0.13541067914222005,70.26565441542964,67.9589954818833,415.91994514692533,0.0,80.71592712402344
1017,4.0,4.134136625877552,0.13413662587755226,70.25933232564422,67.95898796260637,415.79891008678186,0.0,80.68379974365234
1018,4.0,4.132889809559016,0.13288980955901586,70.25264968095479,67.95898287335388,415.6804625365209,0.0,80.65179443359375
1019,4.0,4.131667953444739,0.13166795344473936,70.2456317004451,67.95897402516817,415.5643862056646,0.0,80.6198959350586
1020,4.0,4.130468869543013,0.13046886954301318,70.23826222384874,67.95895941041977,415.4504732350007,0.0,80.58804321289062
1021,4.0,4.12929944211085,0.12929944211084976,70.23055700937095,67.9589538631479,415.33937762894516,0.0,80.55638885498047
1022,4.0,4.128150789979902,0.1281507899799017,70.22250067970138,67.95896235482898,415.23025567650507,0.0,80.52474212646484
1023,4.0,4.1270274931735065,0.12702749317350648,70.21412162406932,67.9589642225802,415.12354247989754,0.0,80.49322509765625
1024,4.0,4.125933606808917,0.12593360680891674,70.20541730166893,67.95896487807298,415.0196232752615,0.0,80.4619140625
1025,4.0,4.124860259810748,0.124860259810748,70.19639765766142,67.958964063605,414.91765531043546,0.0,80.43064752221107
1026,4.0,4.123810609837725,0.12381060983772496,70.18707931691378,67.95897166773622,414.8179385629983,0.0,80.39950621128082
1027,4.0,4.122787250369668,0.12278725036966787,70.17746123872901,67.95897828507185,414.72071941353283,0.0,80.36853957176208
1028,4.0,4.121786161190525,0.1217861611905251,70.16753412405677,67.95898505572427,414.6256159415143,0.0,80.33765864372253
1029,4.0,4.120809064458608,0.12080906445860773,70.15731514057791,67.95898469958816,414.53279175198213,0.0,80.3069167137146
1030,4.0,4.119858605260934,0.11985860526093361,70.14679797270244,67.95898966281443,414.44249812820306,0.0,80.276358127594
1031,4.0,4.1189294313427265,0.11892943134272649,70.13601436615605,67.95898495148609,414.3542266059734,0.0,80.24591493606567
1032,4.0,4.118026421693064,0.11802642169306399,70.1249575087623,67.95897699472121,414.2684406892555,0.0,80.21567440032959
1033,4.0,4.1171446408500145,0.11714464085001453,70.11363059392535,67.95897168008511,414.1846715091658,0.0,80.18554401397705
1034,4.0,4.11628600955959,0.11628600955959012,70.10202551700606,67.95896816657711,414.1031015365754,0.0,80.15555191040039
1035,4.0,4.115454883698473,0.11545488369847323,70.09016405119694,67.95896585541342,414.0241445797693,0.0,80.125807762146
1036,4.0,4.114645906670856,0.11464590667085606,70.07806157948689,67.9589643232983,413.9472917621457,0.0,80.09622478485107
1037,4.0,4.113855259861686,0.11385525986168599,70.06571475917437,67.95896771309701,413.8721803152746,0.0,80.06672477722168
1038,4.0,4.113086560898828,0.11308656089882785,70.05312877649858,67.95897294418373,413.799153913803,0.0,80.03738403320312
1039,4.0,4.112342703120442,0.11234270312044181,70.04030284214983,67.95897780556653,413.7284874248563,0.0,80.00825786590576
1040,4.0,4.111619362771963,0.11161936277196283,70.02723888806314,67.95898045009267,413.65977009175083,0.0,79.97926425933838
1041,4.0,4.110918137830032,0.11091813783003168,70.01396989941387,67.95898678372062,413.5931537222674,0.0,79.95047187805176
1042,4.0,4.110239643664644,0.11023964366464423,70.00048049351038,67.95898163611935,413.5286967765556,0.0,79.921875
1043,4.0,4.109582888354687,0.10958288835468721,69.98677013375219,67.95898236876312,413.4663050221097,0.0,79.89345359802246
1044,4.0,4.1089507106751455,0.1089507106751455,69.9728440643547,67.95897981309243,413.4062481425532,0.0,79.86526870727539
1045,4.0,4.108338629435526,0.10833862943552575,69.95873194578397,67.95897455431279,413.3481004247893,0.0,79.83726692199707
1046,4.0,4.107744016823867,0.10774401682386703,69.94442515613845,67.95897215332505,413.29161222668176,0.0,79.80938720703125
1047,4.0,4.107176787481982,0.10717678748198178,69.92991474717084,67.95897084226318,413.2377254392027,0.0,79.78181183338165
1048,4.0,4.106627601795871,0.10662760179587139,69.91521833031577,67.95896888431228,413.18555279902216,0.0,79.75437927246094
1049,4.0,4.10610193841617,0.10610193841617033,69.90035866699566,67.95895783484137,413.13561477795054,0.0,79.72722172737122
1050,4.0,4.105591724974921,0.10559172497492142,69.88531060599988,67.95895245485814,413.08714450103196,0.0,79.70015358924866
1051,4.0,4.105109006931803,0.10510900693180325,69.87009838451445,67.95895482624249,413.0412862869357,0.0,79.67343616485596
1052,4.0,4.104639409182383,0.10463940918238279,69.85471429206319,67.95896706402236,412.99667450074077,0.0,79.64678144454956
1053,4.0,4.10419983481931,0.10419983481931006,69.83918092373186,67.95897638594434,412.9549149362489,0.0,79.62054300308228
1054,4.0,4.10377267338427,0.10377267338427032,69.82348531558246,67.95898392768439,412.91433459992004,0.0,79.59436416625977
1055,4.0,4.103374271449598,0.10337427144959843,69.80763477665738,67.95899227527303,412.8764864161262,0.0,79.56857013702393
1056,4.0,4.102989654421754,0.10298965442175412,69.79165211057881,67.95899177090708,412.83994779848103,0.0,79.54289627075195
1057,4.0,4.102623876821685,0.10262387682168495,69.77554018105253,67.95898272394687,412.8051989264745,0.0,79.51744365692139
1058,4.0,4.102280338017757,0.10228033801775727,69.75928237765078,67.9589773653508,412.7725627401013,0.0,79.49225902557373
1059,4.0,4.10194940739745,0.10194940739745029,69.74289620086816,67.95897121886767,412.74112433117216,0.0,79.46717548370361
1060,4.0,4.101647947416473,0.1016479474164731,69.72639644871857,67.9589649064442,412.71248563297934,0.0,79.44253635406494
1061,4.0,4.101356697584753,0.10135669758475263,69.70977597957244,67.9589616531941,412.6848168989659,0.0,79.41796016693115
1062,4.0,4.101087090708645,0.10108709070864474,69.69303147541288,67.95896489819354,412.6592042457356,0.0,79.39366436004639
1063,4.0,4.10083632458711,0.10083632458711023,69.676199067482,67.95897109390442,412.6353814641899,0.0,79.36963558197021
1064,4.0,4.100600700179738,0.10060070017973821,69.65925222367112,67.95897660826662,412.61299714548954,0.0,79.34577178955078
1065,4.0,4.100390705833787,0.10039070583378695,69.64220387770322,67.95898974034306,412.59304768262416,0.0,79.32229042053223
1066,4.0,4.100188994892472,0.10018899489247168,69.62506503996978,67.95899847538539,412.57388514319916,0.0,79.29886817932129
1067,4.0,4.100009995437268,0.10000999543726774,69.60784540917669,67.95899049961618,412.55688019495483,0.0,79.27579498291016
1068,4.0,4.099846585752504,0.09984658575250371,69.59053550946774,67.95897371544156,412.5413562749022,0.0,79.25292205810547
1069,4.0,4.099697001848928,0.09969700184892805,69.57313699019561,67.9589693657966,412.52714580406257,0.0,79.23021697998047
1070,4.0,4.099569993771184,0.09956999377118425,69.55568077595197,67.95897090248876,412.51508003667686,0.0,79.20788383483887
1071,4.0,4.099457307794767,0.09945730779476669,69.53814970894791,67.95897198654941,412.50437486891724,0.0,79.18574333190918
1072,4.0,4.09935792687028,0.09935792687027956,69.52053441466325,67.95897268051056,412.49493368109097,0.0,79.16376495361328
1073,4.0,4.099280914654262,0.09928091465426192,69.50287903983599,67.95897310198113,412.4876175205693,0.0,79.14217376708984
1074,4.0,4.099212679493812,0.09921267949381196,69.4851596512969,67.95897328197577,412.48113518032653,0.0,79.12067985534668
1075,4.0,4.099168455447469,0.09916845544746877,69.46737448064307,67.95897352313635,412.47693389592393,0.0,79.09957504272461
1076,4.0,4.099135793945945,0.09913579394594496,69.44954713690817,67.9589736136845,412.4738310532791,0.0,79.07864570617676
1077,4.0,4.099114257859364,0.09911425785936423,69.4316801488217,67.95897364341887,412.471785125054,0.0,79.05788612365723
1078,4.0,4.09911569993935,0.09911569993935032,69.41376223565278,67.95897370380841,412.4719221226527,0.0,79.03751182556152
1079,4.0,4.099129400604262,0.09912940060426223,69.39580598965883,67.9589737637737,412.47322368581933,0.0,79.01733016967773
1080,4.0,4.099155668415841,0.09915566841584056,69.37782980120336,67.95897376457688,412.47571912791926,0.0,78.99736785888672
1081,4.0,4.099202935717897,0.09920293571789696,69.35982013847928,67.95897376417065,412.4802095216146,0.0,78.9777717590332
1082,4.0,4.0992590954377865,0.09925909543778655,69.34177102282557,67.95897376454957,412.48554469500414,0.0,78.95830154418945
1083,4.0,4.099333486386312,0.09933348638631223,69.32372899715303,67.95896355202578,412.4926118351141,0.0,78.93918991088867
1084,4.0,4.09941858846473,0.09941858846473028,69.30565728997105,67.95896531175619,412.5006965325638,0.0,78.92024993896484
1085,4.0,4.099515084382972,0.09951508438297196,69.28756460534356,67.95896892561086,412.5098636447967,0.0,78.90150451660156
1086,4.0,4.0996301266941275,0.09963012669412752,69.26948433285592,67.95896340138259,412.5207926643565,0.0,78.88312911987305
1087,4.0,4.099758556256358,0.09975855625635788,69.25138997353848,67.9589601373173,412.5329934727684,0.0,78.86499404907227
1088,4.0,4.099894209346128,0.09989420934612792,69.2332886525851,67.95897173444415,412.5458805162965,0.0,78.84698867797852
1089,4.0,4.10005003578245,0.10005003578245031,69.21519966431194,67.9589721851614,412.5606840277472,0.0,78.82938385009766
1090,4.0,4.100216160375921,0.10021616037592107,69.19711241889645,67.95898532878803,412.57646586412693,0.0,78.81197738647461
1091,4.0,4.100391969317567,0.10039196931756678,69.17902736066311,67.9589921976797,412.5931677135832,0.0,78.79475784301758
1092,4.0,4.100589387344403,0.10058938734440304,69.16095783024237,67.95898996723224,412.61192242613265,0.0,78.77796936035156
1093,4.0,4.100794346503779,0.10079434650377905,69.14291023870868,67.95898682279204,412.63139354627344,0.0,78.76134872436523
1094,4.0,4.101007962639101,0.10100796263910095,69.12487257147477,67.95897948176673,412.651687079129,0.0,78.74490356445312
1095,4.0,4.101235754435713,0.10123575443571298,69.10685910138223,67.95898157451386,412.67332729980717,0.0,78.72875595092773
1096,4.0,4.1014713046917395,0.10147130469173948,69.0888877044975,67.95897273375867,412.69570457412965,0.0,78.71280288696289
1097,4.0,4.101721253631838,0.1017212536318377,69.07093370765274,67.95896876801525,412.71944972343897,0.0,78.6971435546875
1098,4.0,4.101982862753079,0.10198286275307922,69.05300991812425,67.95896457958807,412.74430258995693,0.0,78.6817398071289
1099,4.0,4.102255832107036,0.10225583210703615,69.03513157362117,67.95895652378888,412.7702346785828,0.0,78.6666030883789
1100,4.0,4.102541399815681,0.10254139981568056,69.01728802683787,67.95896328267294,412.7973636109041,0.0,78.6517448425293
1101,4.0,4.102835514495227,0.10283551449522665,68.999480625563,67.95897175047702,412.82530450546096,0.0,78.63708877563477
1102,4.0,4.103133620316204,0.10313362031620432,68.98173251480128,67.95897438415587,412.8536245584538,0.0,78.62257385253906
1103,4.0,4.103451044160318,0.1034510441603178,68.9640204115779,67.95897662319723,412.88377982364455,0.0,78.60846710205078
1104,4.0,4.103771940310579,0.10377194031057879,68.94635644992168,67.95898366720536,412.9142649579194,0.0,78.59447860717773
1105,4.0,4.104101827352676,0.10410182735267615,68.9287617471065,67.95897439337506,412.9456042269186,0.0,78.58073806762695
1106,4.0,4.104443731502676,0.10444373150267605,68.91121236055157,67.95896821082933,412.97808512116865,0.0,78.56727600097656
1107,4.0,4.1047932938547795,0.10479329385477953,68.89371133456815,67.95896416043847,413.0112935446184,0.0,78.55401229858398
1108,4.0,4.1051547435247295,0.10515474352472953,68.87628481191952,67.95896142931086,413.0456312632637,0.0,78.54105758666992
1109,4.0,4.105522084409236,0.10552208440923572,68.85892645305259,67.95895962811153,413.08052864729177,0.0,78.52828979492188
1110,4.0,4.105899778638018,0.10589977863801803,68.84162170421202,67.95896530755397,413.1164095990261,0.0,78.51577758789062
1111,4.0,4.106284821100066,0.10628482110006576,68.82438426137989,67.95897825664159,413.15298863292065,0.0,78.50347900390625
1112,4.0,4.106674680303623,0.10667468030362315,68.80723654894794,67.95897777614005,413.1900252572586,0.0,78.49137115478516
1113,4.0,4.107076745817803,0.10707674581780324,68.79014845658212,67.9589775055184,413.2282214811057,0.0,78.47956085205078
1114,4.0,4.107489472923906,0.10748947292390643,68.77312926596359,67.95897732577505,413.2674305561855,0.0,78.4680290222168
1115,4.0,4.107902423800483,0.10790242380048287,68.75620335517992,67.95897723577235,413.30666088946026,0.0,78.45660400390625
1116,4.0,4.10833244399819,0.10833244399819009,68.73934623189305,67.95897717556323,413.3475128082424,0.0,78.4455795288086
1117,4.0,4.108760468849979,0.10876046884997859,68.72257948854204,67.95897708627388,413.38817516916237,0.0,78.43461608886719
1118,4.0,4.109201231383214,0.10920123138321358,68.70589067534453,67.95897708563325,413.43004760981967,0.0,78.42398071289062
1119,4.0,4.1096487935627195,0.1096487935627195,68.68930565582951,67.95897708628269,413.47256601687275,0.0,78.41358947753906
1120,4.0,4.1101007729981065,0.1101007729981065,68.67279745893761,67.95897708669776,413.5155040632345,0.0,78.40336608886719
1121,4.0,4.11056420026073,0.11056420026072988,68.6563756385158,67.9589770867339,413.55952965318374,0.0,78.3934555053711
1122,4.0,4.11102488419639,0.11102488419639034,68.64006345373718,67.95897708566012,413.6032946270715,0.0,78.38361358642578
1123,4.0,4.111502262261069,0.11150226226106863,68.62383702108518,67.95897708631881,413.64864554321593,0.0,78.37418365478516
1124,4.0,4.111983659715652,0.11198365971565227,68.60770760030604,67.95897761375602,413.69437830140134,0.0,78.36493682861328
1125,4.0,4.112472510619186,0.1124725106191864,68.59166467881089,67.95898762294019,413.7408191372371,0.0,78.35592651367188
1126,4.0,4.112970519938885,0.11297051993888463,68.57573998668806,67.95899335302754,413.78813002260847,0.0,78.34722137451172
1127,4.0,4.113468458996713,0.11346845899671276,68.55992047726934,67.9589856019408,413.8354342331021,0.0,78.33863067626953
1128,4.0,4.113979910274757,0.1139799102747574,68.54420012504154,67.95898304355597,413.88402210451636,0.0,78.33040618896484
1129,4.0,4.114486574715728,0.11448657471572776,68.52857675859543,67.9589894904276,413.93215522640855,0.0,78.32219696044922
1130,4.0,4.115008043473845,0.11500804347384541,68.51308093121024,67.95898228994261,413.98169475842974,0.0,78.31441086530685
1131,4.0,4.115526756520633,0.11552675652063282,68.49767796219903,67.95897318927629,414.0309724978745,0.0,78.30667400360107
1132,4.0,4.116058355939148,0.11605835593914815,68.48239034881033,67.95896697977055,414.08147444263346,0.0,78.29930973052979
1133,4.0,4.116588268133011,0.11658826813301104,68.46721960502992,67.95896404754589,414.13181610105045,0.0,78.29204249382019
1134,4.0,4.117122728926678,0.1171227289266783,68.45216726753935,67.958964272945,414.18258987644884,0.0,78.28499269485474
1135,4.0,4.117659433031226,0.11765943303122572,68.43721766764682,67.95896686871727,414.23357676638085,0.0,78.27809858322144
1136,4.0,4.118200688505425,0.11820068850542498,68.42238767283095,67.95897557305263,414.2849960364298,0.0,78.27142333984375
1137,4.0,4.118746092423248,0.1187460924232484,68.40769022895407,67.95898335606121,414.336809408623,0.0,78.26497411727905
1138,4.0,4.119297942158529,0.1192979421585294,68.39310135288201,67.9589841467717,414.3892351334747,0.0,78.25876712799072
1139,4.0,4.119852276058535,0.11985227605853499,68.37863390545809,67.95897245493414,414.4418968539752,0.0,78.25274181365967
1140,4.0,4.12040938479416,0.12040938479415964,68.36428512420015,67.95898381586642,414.4948221838596,0.0,78.24690055847168
1141,4.0,4.120971264036477,0.12097126403647707,68.35006771106613,67.958991472876,414.54820071187976,0.0,78.24129581451416
1142,4.0,4.121535916583657,0.1215359165836567,68.33596562891726,67.95899653744566,414.6018427038618,0.0,78.23587131500244
1143,4.0,4.122103303885193,0.12210330388519264,68.3219953225458,67.95898618536688,414.6557444975077,0.0,78.23064517974854
1144,4.0,4.122671950490658,0.12267195049065815,68.30814873400703,67.95898150664112,414.7097659250269,0.0,78.2255802154541
1145,4.0,4.123242233255664,0.12324223325566397,68.29443623588323,67.95897607376081,414.7639427877025,0.0,78.22069549560547
1146,4.0,4.123815726179204,0.12381572617920433,68.28084837781232,67.95897703707648,414.8184246154388,0.0,78.21601009368896
1147,4.0,4.124394607023184,0.12439460702318428,68.26738821672795,67.95897764158047,414.87341829561694,0.0,78.21156883239746
1148,4.0,4.124975969373895,0.12497596937389499,68.25404974302812,67.95897803379829,414.9286477189344,0.0,78.20730972290039
1149,4.0,4.125555974585779,0.1255559745857786,68.24084566107453,67.95897830424897,414.9837482140633,0.0,78.20317459106445
1150,4.0,4.12614027347458,0.12614027347458023,68.22777898196233,67.95897845490845,415.0392566084995,0.0,78.19927406311035
1151,4.0,4.1267268224624685,0.12672682246246847,68.21485019050974,67.95897854572642,415.0949787623489,0.0,78.19556999206543
1152,4.0,4.127315411503961,0.12731541150396097,68.20204275604726,67.95897860462968,415.1508947212907,0.0,78.1920394897461
1153,4.0,4.127902044639208,0.12790204463920762,68.18936942584067,67.95897514304507,415.2066248691391,0.0,78.1886215209961
1154,4.0,4.1284996203891415,0.12849962038914153,68.17683377804633,67.95897023199045,415.26339456538284,0.0,78.18556454777718
1155,4.0,4.129086689772154,0.1290866897721541,68.16443378336868,67.95896706417301,415.31916615676903,0.0,78.18246006965637
1156,4.0,4.129682095792824,0.1296820957928242,68.15216433928627,67.95896146141072,415.3757297287327,0.0,78.17965912818909
1157,4.0,4.130272577062605,0.13027257706260542,68.14003267082393,67.9589651847366,415.4318254493619,0.0,78.17691898345947
1158,4.0,4.13086824341972,0.13086824341972036,68.12803317610702,67.95896599744623,415.48841375328783,0.0,78.17442464828491
1159,4.0,4.131461407700821,0.13146140770082138,68.11617977512908,67.95897118585172,415.5447643599924,0.0,78.17204666137695
1160,4.0,4.132053270363053,0.1320532703630528,68.10446298347621,67.95897183385875,415.6009913129044,0.0,78.16979694366455
1161,4.0,4.132653234772712,0.13265323477271185,68.09287733016522,67.95897730833948,415.65798793182205,0.0,78.16784715652466
1162,4.0,4.133245048282357,0.13324504828235728,68.08143012956667,67.95897894814276,415.7142102152383,0.0,78.16589832305908
1163,4.0,4.133845606008818,0.13384560600881823,68.0701084005029,67.95897598188303,415.77126319925213,0.0,78.16425514221191
1164,4.0,4.134442417950789,0.1344424179507886,68.05895791227522,67.95897272358128,415.82796033373927,0.0,78.16273403167725
1165,4.0,4.135035126555334,0.13503512655533356,68.04792964615591,67.95896925950588,415.88426765117106,0.0,78.1612720489502
1166,4.0,4.135632533480366,0.13563253348036586,68.03703976761678,67.95896533125438,415.9410213090491,0.0,78.16005420684814
1167,4.0,4.1362252232651615,0.1362252232651615,68.02628539748295,67.95896022094057,415.99732683860475,0.0,78.15889930725098
1168,4.0,4.1368220364740855,0.13682203647408553,68.01566217459775,67.95897040336466,416.05402409345254,0.0,78.15796947479248
1169,4.0,4.137414078307279,0.1374140783072786,68.00519180451103,67.95898050936997,416.11026806760583,0.0,78.1571216583252
1170,4.0,4.137997966742675,0.13799796674267473,67.99486504291113,67.95898673172223,416.1657374689685,0.0,78.15628147125244
1171,4.0,4.138592901635896,0.13859290163589577,67.98467496967287,67.95898090690217,416.2222562838245,0.0,78.15580368041992
1172,4.0,4.1391800452114555,0.13918004521145555,67.97461660582793,67.95898186928586,416.2780349235027,0.0,78.15532684326172
1173,4.0,4.139761332781079,0.13976133278107916,67.96469040935241,67.95898102279041,416.3332572426169,0.0,78.15488815307617
1174,4.0,4.140355471344181,0.14035547134418103,67.9548993727497,67.95897841136684,416.3897004061116,0.0,78.15484428405762
1175,4.0,4.140940007483803,0.14094000748380342,67.94525875451497,67.9589729906786,416.4452313393757,0.0,78.15478897094727
1176,4.0,4.141516400777666,0.14151640077766636,67.9357577452287,67.95896935095136,416.49998870229274,0.0,78.15473747253418
1177,4.0,4.142103973036338,0.14210397303633826,67.92639433914631,67.95897248949657,416.5558080668665,0.0,78.1550521850586
1178,4.0,4.142686355548578,0.14268635554857756,67.91716176685382,67.95895999268292,416.61113440552924,0.0,78.15541648864746
1179,4.0,4.1432574726494025,0.14325747264940247,67.90806836943631,67.9589605166,416.66539053010763,0.0,78.15572547912598
1180,4.0,4.143838683851353,0.143838683851353,67.89910868936909,67.95896244638125,416.7206055942929,0.0,78.15637588500977
1181,4.0,4.144419802772455,0.1444198027724548,67.89028889117614,67.95896695183754,416.7758118917976,0.0,78.15718269348145
1182,4.0,4.144991670109259,0.14499167010925884,67.88162307684797,67.95898047519235,416.830139288794,0.0,78.15798950195312
1183,4.0,4.145571250259171,0.14557125025917106,67.87308017001159,67.95898098785888,416.88519940303564,0.0,78.1590805053711
1184,4.0,4.146149096544671,0.14614909654467123,67.86467071006932,67.95899505204353,416.94009480015814,0.0,78.1602897644043
1185,4.0,4.1467187400339744,0.14671874003397445,67.8563978231303,67.95899756231987,416.994210931642,0.0,78.1614990234375
1186,4.0,4.147285630050408,0.1472856300504084,67.8482600041207,67.95898897426304,417.04806548320323,0.0,78.16280937194824
1187,4.0,4.147855277290482,0.14785527729048198,67.84025975493299,67.95898168113824,417.10218197101017,0.0,78.16432762145996
1188,4.0,4.148419890263508,0.14841989026350788,67.83240526225073,67.95897643465702,417.15582020344766,0.0,78.1659164428711
1189,4.0,4.148976073600542,0.14897607360054188,67.82468905412495,67.95896876023518,417.2086576204659,0.0,78.1675033569336
1190,4.0,4.14953773514463,0.1495377351446301,67.81709719095434,67.95896747721049,417.26201546715424,0.0,78.1693344116211
1191,4.0,4.150097259635052,0.15009725963505183,67.80964157229478,67.95896763298609,417.31517029374436,0.0,78.17127990722656
1192,4.0,4.150649332623857,0.15064933262385694,67.8023163036305,67.95897695079897,417.3676172276808,0.0,78.17323303222656
1193,4.0,4.151194020295659,0.15119402029565876,67.79513013716526,67.95898317335327,417.41936255650194,0.0,78.17520523071289
1194,4.0,4.151747478691427,0.15174747869142724,67.78807057878805,67.95898729154219,417.4719411041,0.0,78.17748641967773
1195,4.0,4.152298949284375,0.1522989492843747,67.78112803327254,67.95899002638406,417.52433081043,0.0,78.17986297607422
1196,4.0,4.152841864414254,0.1528418644142544,67.77434018384749,67.95899180092981,417.57590774776855,0.0,78.18225479125977
1197,4.0,4.153373712707498,0.15337371270749767,67.76768508174285,67.95899294323084,417.62643333562664,0.0,78.18458938598633
1198,4.0,4.153918611847072,0.15391861184707167,67.76116261653546,67.9589799963287,417.6781987538862,0.0,78.18732070922852
1199,4.0,4.1544552399252295,0.15445523992522947,67.75475692078936,67.95897356827733,417.7291784213112,0.0,78.19002914428711
1200,4.0,4.154986768634591,0.1549867686345907,67.74848560391476,67.95897383853244,417.7796736487005,0.0,78.19279479980469
1201,4.0,4.155511653696612,0.15551165369661213,67.74235063256872,67.95897401738502,417.8295377295925,0.0,78.19559097290039
1202,4.0,4.156029678962915,0.15602967896291542,67.73633231819086,67.95897416908221,417.8787501298914,0.0,78.19839096069336
1203,4.0,4.156558293302148,0.15655829330214832,67.73043700534721,67.95897431811757,417.9289684921185,0.0,78.20153045654297
1204,4.0,4.157083789621054,0.15708378962105396,67.72466666549936,67.95897437858336,417.9788906424145,0.0,78.20475387573242
1205,4.0,4.157595140367707,0.1575951403677074,67.71902909466873,67.95897440845542,418.02746896334656,0.0,78.2078628540039
1206,4.0,4.15809909711052,0.15809909711051962,67.71353313568434,67.95897440922256,418.07534485391375,0.0,78.21099472045898
1207,4.0,4.158601099670507,0.1586010996705074,67.70815618522875,67.95897440954734,418.1230350971126,0.0,78.21422576904297
1208,4.0,4.159111826594519,0.15911182659451928,67.70290266680097,67.95897440946625,418.1715541548937,0.0,78.2177619934082
1209,4.0,4.159617159972035,0.15961715997203463,67.69776463013699,67.958974409457,418.2195608257577,0.0,78.22132873535156
1210,4.0,4.160112259014443,0.1601122590144426,67.69275475995327,67.95897440857262,418.26659523478645,0.0,78.22484970092773
1211,4.0,4.1606017712052195,0.16060177120521946,67.68786007804022,67.9589744081664,418.31309889291026,0.0,78.22839736938477
1212,4.0,4.161082045222871,0.16108204522287117,67.68309041064934,67.95897440887049,418.35872492458714,0.0,78.23191452026367
1213,4.0,4.161570361501823,0.16157036150182336,67.67844185040862,67.95897440844617,418.40511497108764,0.0,78.23572158813477
1214,4.0,4.162056899388081,0.1620568993880811,67.67390248626245,67.95897164267645,418.4513360702821,0.0,78.23962020874023
1215,4.0,4.162539366701935,0.16253936670193525,67.66948314422439,67.95896357221747,418.49717046509824,0.0,78.24357986450195
1216,4.0,4.163013857584175,0.16301385758417464,67.66517798042251,67.95896893097299,418.542247098911,0.0,78.24752044677734
1217,4.0,4.163480771991559,0.16348077199155941,67.66098702819481,67.95896706239503,418.5866039676125,0.0,78.25144958496094
1218,4.0,4.163939092606485,0.1639390926064852,67.65693665009242,67.95897214339664,418.6301444260305,0.0,78.25537872314453
1219,4.0,4.164396087374337,0.16439608737433709,67.65300103811681,67.9589696526225,418.6735589289764,0.0,78.25941467285156
1220,4.0,4.16486002201674,0.16486002201674044,67.64916789302808,67.95898269427558,418.71763272000476,0.0,78.26369857788086
1221,4.0,4.165314803508665,0.16531480350866534,67.64545128066426,67.95898326434894,418.7608369617376,0.0,78.2679443359375
1222,4.0,4.165763799388029,0.16576379938802877,67.64183931371822,67.95898388110217,418.8034915702771,0.0,78.27220153808594
1223,4.0,4.166208620935738,0.16620862093573763,67.6383420430574,67.95898296929923,418.8457496173095,0.0,78.2765121459961
1224,4.0,4.166641134415017,0.16664113441501716,67.63495302365257,67.95897240421525,418.886838397841,0.0,78.28071594238281
1225,4.0,4.167073271718871,0.16707327171887076,67.63166968039054,67.95896535406527,418.9278914417071,0.0,78.2850341796875
1226,4.0,4.167495546496426,0.16749554649642562,67.62849433913632,67.95896058302417,418.96800754557484,0.0,78.28929138183594
1227,4.0,4.167908043323898,0.16790804332389797,67.62542557224974,67.95895746191248,419.00719474418474,0.0,78.29348754882812
1228,4.0,4.168341654183071,0.16834165418307112,67.62246294515346,67.9589553918214,419.0483877758062,0.0,78.29820251464844
1229,4.0,4.168767129641056,0.168767129641056,67.61959995229034,67.95895407230744,419.0888079443147,0.0,78.3028793334961
1230,4.0,4.1691846318363925,0.16918463183639254,67.61684050461089,67.958966900997,419.12847065287167,0.0,78.30752563476562
1231,4.0,4.16959905748036,0.16959905748035986,67.61418419608252,67.95897321040158,419.1678410890486,0.0,78.3122329711914
1232,4.0,4.170001631028385,0.17000163102838517,67.6116349580964,67.95897970008149,419.206085576111,0.0,78.31684112548828
1233,4.0,4.17040323848982,0.1704032384898202,67.60918090481158,67.95898211599004,419.2442382849473,0.0,78.32154083251953
1234,4.0,4.170801019991739,0.1708010199917389,67.60682885271356,67.95898749994471,419.28202752762957,0.0,78.32628631591797
1235,4.0,4.1711923158581286,0.17119231585812855,67.60456919567493,67.95899069699452,419.3192006349366,0.0,78.33101654052734
1236,4.0,4.171576870737945,0.1715768707379448,67.6024126192801,67.95899629868536,419.35573334851915,0.0,78.33573913574219
1237,4.0,4.171950078895699,0.1719500788956987,67.6003720453883,67.95899258705803,419.3911881235058,0.0,78.34038263559341
1238,4.0,4.172319358177732,0.1723193581777318,67.59843005074757,67.95899171071142,419.42626965529894,0.0,78.34506618976593
1239,4.0,4.172695350392904,0.17269535039290407,67.59657346930003,67.9589865379523,419.4619889157403,0.0,78.3499743938446
1240,4.0,4.17307528197255,0.17307528197255007,67.5948188806885,67.95897763987921,419.49808241580666,0.0,78.35507440567017
1241,4.0,4.173449329958702,0.17344932995870188,67.59315352662078,67.95896558578217,419.5336169744911,0.0,78.36016702651978
1242,4.0,4.173819137422334,0.1738191374223339,67.59156865861318,67.95895756372269,419.5687486835361,0.0,78.36527299880981
1243,4.0,4.1741812871336235,0.17418128713362346,67.5900887402164,67.95896137737394,419.6031529061086,0.0,78.37035655975342
1244,4.0,4.174541666863229,0.17454166686322914,67.58870394060206,67.95896393088958,419.6373889804212,0.0,78.37551689147949
1245,4.0,4.174888794731436,0.17488879473143637,67.58740480534594,67.95896561319834,419.6703661279008,0.0,78.38052749633789
1246,4.0,4.175236665198227,0.17523666519822712,67.58619500624081,67.95896675258375,419.703413822246,0.0,78.3856554031372
1247,4.0,4.175577060354139,0.17557706035413911,67.58506693609317,67.95896753513027,419.7357513620576,0.0,78.39073753356934
1248,4.0,4.175913168003019,0.17591316800301904,67.58403146005558,67.95896807538362,419.7676815887012,0.0,78.39584636688232
1249,4.0,4.17624328336729,0.17624328336729,67.58307750256544,67.9589684658328,419.79904254830694,0.0,78.4009370803833
1250,4.0,4.176567891535925,0.17656789153592456,67.5822054110401,67.95896867556901,419.82988032432723,0.0,78.40601921081543
1251,4.0,4.17689310973824,0.17689310973823957,67.58141400013243,67.95896885722104,419.86077605354717,0.0,78.41120624542236
1252,4.0,4.177204975482588,0.17720497548258773,67.58071216231156,67.95898011030074,419.89040329926024,0.0,78.41624641418457
1253,4.0,4.177513854820269,0.17751385482026905,67.58008421753237,67.95898171630327,419.91974683634,0.0,78.42131614685059
1254,4.0,4.177819115271247,0.17781911527124716,67.57953462649853,67.95897857852923,419.94874657918285,0.0,78.4264087677002
1255,4.0,4.178117390135058,0.1781173901350579,67.5790718092703,67.95897313592438,419.9770826912449,0.0,78.43147087097168
1256,4.0,4.178410876142366,0.17841087614236617,67.57868815295261,67.9589768547022,420.0049638619392,0.0,78.4365348815918
1257,4.0,4.178699183363781,0.178699183363781,67.57837351348854,67.95897771600261,420.03235304797363,0.0,78.44158172607422
1258,4.0,4.178982796631969,0.1789827966319688,67.57812825068072,67.95897620130377,420.0592963084514,0.0,78.44662094116211
1259,4.0,4.1792622697193,0.17926226971929982,67.57796311096546,67.9589647109997,420.08584625174785,0.0,78.45167541503906
1260,4.0,4.17953752037472,0.17953752037472004,67.57786626468061,67.95895609471026,420.11199506401283,0.0,78.45672988891602
1261,4.0,4.179811797774079,0.17981179777407874,67.57784209855129,67.95895039378954,420.13805141695184,0.0,78.46185046434402
1262,4.0,4.180075130304227,0.1800751303042274,67.57789436703263,67.95894655447067,420.163068007316,0.0,78.46685433387756
1263,4.0,4.180334914454999,0.18033491445499905,67.57800239965502,67.95896455314234,420.1877475016393,0.0,78.47185635566711
1264,4.0,4.180592746058237,0.18059274605823727,67.57818797010624,67.95898345057185,420.2122415039469,0.0,78.47691178321838
1265,4.0,4.18084881320596,0.18084881320595958,67.57844124928593,67.95898496869711,420.2365678829806,0.0,78.48201274871826
1266,4.0,4.181104808524213,0.1811048085242133,67.57875539556747,67.95898963286531,420.2608874382147,0.0,78.48718309402466
1267,4.0,4.181351482534175,0.18135148253417466,67.57913229886806,67.95899235078323,420.284321469161,0.0,78.4922513961792
1268,4.0,4.181595974008263,0.1815959740082631,67.57957562929525,67.95899758893135,420.3075481591994,0.0,78.49735593795776
1269,4.0,4.1818363838092685,0.18183638380926848,67.5800856902124,67.95899373204472,420.3303870902949,0.0,78.50246143341064
1270,4.0,4.182071334670602,0.182071334670602,67.58065147965291,67.95899276089656,420.3527074221216,0.0,78.50752925872803
1271,4.0,4.1823071735154,0.18230717351540005,67.58128905053137,67.95898746569205,420.3751121123774,0.0,78.51269721984863
1272,4.0,4.182535637998837,0.18253563799883743,67.58199152935713,67.95897853749537,420.3968162383039,0.0,78.51780223846436
1273,4.0,4.1827591410048655,0.18275914100486546,67.58274454727156,67.95896651595395,420.4180490238766,0.0,78.52287292480469
1274,4.0,4.182980681728797,0.18298068172879667,67.58355873627302,67.95895858464768,420.4390953926501,0.0,78.52797794342041
1275,4.0,4.183199663164954,0.18319966316495417,67.58443060161734,67.95896245992768,420.45989862908505,0.0,78.53310203552246
1276,4.0,4.183413990793853,0.183413990793853,67.58536771233223,67.95896504103032,420.4802597538304,0.0,78.53821468353271
1277,4.0,4.18362520576852,0.1836252057685197,67.5863509086674,67.95896681426493,420.50032517642376,0.0,78.54332256317139
1278,4.0,4.183831820656089,0.18383182065608938,67.58740257326598,67.95896795564808,420.5199535907429,0.0,78.54842376708984
1279,4.0,4.184033994898679,0.18403399489867933,67.5885004305335,67.9589687356896,420.53916014378893,0.0,78.55349540710449
1280,4.0,4.184234346862716,0.18423434686271634,67.58965551521108,67.95896921586919,420.55819358037246,0.0,78.5585994720459
1281,4.0,4.184435451837158,0.1844354518371576,67.59086396402228,67.95896957760384,420.5772985529444,0.0,78.56377983093262
1282,4.0,4.184626857122479,0.1846268571224794,67.59211903193612,67.95896975709985,420.59548205504996,0.0,78.56883239746094
1283,4.0,4.184818369539063,0.18481836953906328,67.59342311949014,67.95896987737714,420.6136757346254,0.0,78.57394409179688
1284,4.0,4.185005479171102,0.18500547917110222,67.59478671481256,67.95896999571522,420.63145114966915,0.0,78.57904243469238
1285,4.0,4.185189820944529,0.18518982094452863,67.59619981462038,67.95897002728198,420.64896361814465,0.0,78.58414649963379
1286,4.0,4.18535997024078,0.18535997024078021,67.5976599068206,67.95897002755295,420.6651278012885,0.0,78.58903884887695
1287,4.0,4.185517802063873,0.18551780206387303,67.59916952839245,67.95897005782994,420.68012182448234,0.0,78.59375762939453
1288,4.0,4.1856709841396205,0.18567098413962047,67.60072296298735,67.95897011726476,420.6946741216783,0.0,78.59844017028809
1289,4.0,4.185824590097742,0.18582459009774244,67.6023186502659,67.95897011798648,420.70926668769994,0.0,78.60317993164062
1290,4.0,4.18597351676141,0.18597351676141027,67.60394714247614,67.95897011726476,420.72341472074834,0.0,78.60787010192871
1291,4.0,4.1861222583582665,0.18612225835826646,67.60561623430408,67.95897005711704,420.7375451724497,0.0,78.61260414123535
1292,4.0,4.186267165627212,0.18626716562721235,67.6073208873342,67.95897439975089,420.75131136299956,0.0,78.61730766296387
1293,4.0,4.186407165255445,0.18640716525544487,67.60906039423307,67.95897594745327,420.7646113276817,0.0,78.6219596862793
1294,4.0,4.186545933615073,0.186545933615073,67.61084919145131,67.95897959712316,420.77779432184633,0.0,78.62664604187012
1295,4.0,4.186683053399824,0.1866830533998236,67.61267433409336,67.95897412631871,420.79082070139765,0.0,78.63134384155273
1296,4.0,4.186817387523627,0.18681738752362698,67.61454270386295,67.9589708444209,420.8035824431589,0.0,78.63603973388672
1297,4.0,4.186947671349472,0.186947671349472,67.61644028408321,67.95897182605229,420.81595940661424,0.0,78.64069366455078
1298,4.0,4.1870731698068635,0.1870731698068635,67.61837566858453,67.95897707007263,420.8278817600664,0.0,78.64530181884766
1299,4.0,4.187200464079756,0.18720046407975577,67.6203475306384,67.95897237112264,420.83997471599116,0.0,78.64998626708984
1300,4.0,4.187324731800937,0.18732473180093656,67.62235831054862,67.95896375489399,420.8517801495034,0.0,78.65465927124023
1301,4.0,4.187445235217996,0.1874452352179956,67.62440352569368,67.95895793456677,420.863227974124,0.0,78.6593017578125
1302,4.0,4.1875453365825965,0.18754533658259653,67.62648295265456,67.95895403348642,420.87273760376104,0.0,78.66360092163086
1303,4.0,4.187644653629946,0.1876446536299463,67.62859462289619,67.95895148265089,420.88217272325926,0.0,78.66792297363281
1304,4.0,4.187739230207292,0.187739230207292,67.63073683972524,67.95895659153487,420.89115749810713,0.0,78.67219161987305
1305,4.0,4.187833769961855,0.18783376996185464,67.6329123468741,67.95896918155469,420.90013877479055,0.0,78.67649841308594
1306,4.0,4.187923282283331,0.18792328228333144,67.6351099239477,67.95897785142726,420.9086424453309,0.0,78.68073654174805
1307,4.0,4.188015001375845,0.18801500137584526,67.63733734922658,67.9589786996959,420.9173557591197,0.0,78.68505096435547
1308,4.0,4.188108942873405,0.18810894287340485,67.6395878066852,67.9589867201259,420.92628020138784,0.0,78.68943405151367
1309,4.0,4.188194782064766,0.18819478206476603,67.64187393050511,67.95899533885725,420.9344349245672,0.0,78.69370651245117
1310,4.0,4.1882849617427285,0.18828496174272846,67.64417510932157,67.95899723756567,420.9430019939736,0.0,78.69807815551758
1311,4.0,4.188370146376574,0.1883701463765739,67.64650768183947,67.95899961902873,420.9510945341889,0.0,78.702392578125
1312,4.0,4.18845175052792,0.1884517505279204,67.64886848003731,67.95898658991955,420.9588469285668,0.0,78.70667266845703
1313,4.0,4.188536163334264,0.18853616333426437,67.65124611729901,67.95897215081831,420.96686614516955,0.0,78.71102523803711
1314,4.0,4.188611461883862,0.1886114618838617,67.65365283969454,67.95897162118708,420.9740195073813,0.0,78.71524047851562
1315,4.0,4.188668219107086,0.1886682191070861,67.6560835568726,67.9589657076601,420.97941144358754,0.0,78.71913528442383
1316,4.0,4.188723712101337,0.18872371210133743,67.65854446431186,67.95896241102636,420.9846832780414,0.0,78.72304153442383
1317,4.0,4.188781070545078,0.18878107054507787,67.66102107307972,67.95896938446273,420.9901323301968,0.0,78.72700119018555
1318,4.0,4.188836874378483,0.18883687437848273,67.66349649846008,67.95897407358171,420.99543369437026,0.0,78.73093032836914
1319,4.0,4.1888896489618075,0.1888896489618075,67.66599128569757,67.95897714105861,421.0004472797861,0.0,78.73482513427734
1320,4.0,4.188944194594068,0.1889441945940682,67.66850329761411,67.95897921530181,421.0056291148509,0.0,78.73877334594727
1321,4.0,4.1889976979748615,0.18899769797486154,67.67103535945489,67.95898056672857,421.01071193602627,0.0,78.74272537231445
1322,4.0,4.189050575715914,0.189050575715914,67.67358402031843,67.95898143904398,421.01573532142623,0.0,78.74668502807617
1323,4.0,4.189099373802443,0.1890993738024429,67.67614279462869,67.95898206926289,421.0203711396465,0.0,78.75057983398438
1324,4.0,4.18914967812471,0.18914967812470973,67.67872634815544,67.95898240123982,421.0251500502618,0.0,78.75453186035156
1325,4.0,4.189192722566951,0.1891927225669514,67.68132222986576,67.95898264068632,421.02923927227476,0.0,78.75836181640625
1326,4.0,4.189218388944841,0.1892183889448411,67.68393329968028,67.95898279048922,421.0316775781743,0.0,78.76188278198242
1327,4.0,4.189245778205385,0.18924577820538513,67.68655911626037,67.95898288111603,421.03427955792597,0.0,78.76545333862305
1328,4.0,4.1892698322412585,0.18926983224125848,67.68919945085476,67.95898285095525,421.036564691334,0.0,78.76897811889648
1329,4.0,4.189294381562682,0.1892943815626822,67.69185469883402,67.95898291190866,421.0388968768692,0.0,78.77252960205078
1330,4.0,4.189313729962489,0.18931372996248896,67.69451856076293,67.95898291122307,421.0407349748508,0.0,78.77599334716797
1331,4.0,4.189337540497757,0.18933754049775686,67.69718896615181,67.95898290996892,421.04299697570127,0.0,78.77954864501953
1332,4.0,4.189363217596493,0.189363217596493,67.69986851414018,67.9589829103116,421.04543630008124,0.0,78.78314971923828
1333,4.0,4.189382654471503,0.18938265447150293,67.70256364575555,67.95898294081555,421.04728280320717,0.0,78.78665161132812
1334,4.0,4.189404623143619,0.18940462314361906,67.70526372795362,67.9589829412486,421.0493698270582,0.0,78.79020690917969
1335,4.0,4.18942399198393,0.18942399198393023,67.70797301943246,67.95898294117636,421.0512098668878,0.0,78.7937240600586
1336,4.0,4.189432179347187,0.18943217934718692,67.71069910435203,67.95898294103185,421.05198766639717,0.0,78.79705047607422
1337,4.0,4.189427961935696,0.18942796193569578,67.71342899660256,67.95897326327365,421.0515870123055,0.0,78.8001480102539
1338,4.0,4.189429056809323,0.1894290568093231,67.71616481256416,67.95897204363455,421.0516910253001,0.0,78.80335235595703
1339,4.0,4.18942843830324,0.1894284383032403,67.71890865461789,67.9589705838275,421.0516322672222,0.0,78.80653381347656
1340,4.0,4.189423186680512,0.1894231866805116,67.72163560752685,67.95896622416261,421.051133363063,0.0,78.80960845947266
1341,4.0,4.189416283452034,0.18941628345203387,67.72436959843955,67.9589591160064,421.0504775563576,0.0,78.81266021728516
1342,4.0,4.189412474791611,0.18941247479161127,67.72709946284469,67.95896067304344,421.0501157336175,0.0,78.81576538085938
1343,4.0,4.189412494502794,0.18941249450279418,67.72983299937376,67.958961397445,421.0501176061798,0.0,78.8189468383789
1344,4.0,4.189405806800588,0.18940580680058794,67.73257663826892,67.95897959605597,421.0494822744703,0.0,78.82201385498047
1345,4.0,4.189397230513622,0.189397230513622,67.73532096040377,67.95898132079662,421.0486675272085,0.0,78.82504612207413
1346,4.0,4.189385639961763,0.18938563996176327,67.73807274871855,67.95898803782048,421.0475664247819,0.0,78.8280303478241
1347,4.0,4.18935814549544,0.18935814549544006,67.74082034141698,67.95898506347204,421.0449544504812,0.0,78.83071041107178
1348,4.0,4.189331778027817,0.18933177802781742,67.74356593150915,67.95898577037309,421.04244954105707,0.0,78.8334093093872
1349,4.0,4.189304537334585,0.18930453733458474,67.746317482096,67.95897995158776,421.0398616752,0.0,78.83609867095947
1350,4.0,4.189279425400275,0.18927942540027498,67.74906537441787,67.95897518463465,421.0374760414405,0.0,78.8388237953186
1351,4.0,4.189255660870825,0.1892556608708249,67.75181199672315,67.95896870291324,421.03521841114275,0.0,78.84157276153564
1352,4.0,4.189225221745367,0.18922522174536738,67.7545567839303,67.95896640751624,421.0323266942243,0.0,78.84419393539429
1353,4.0,4.18920155995997,0.18920155995996968,67.75729771340374,67.95896398193015,421.0300788246115,0.0,78.84693813323975
1354,4.0,4.18918120547688,0.18918120547688044,67.76004295620696,67.95897603563118,421.02814514871807,0.0,78.84974956512451
1355,4.0,4.189157951421263,0.18915795142126335,67.76277775990684,67.95898421348491,421.0259360134344,0.0,78.85249423980713
1356,4.0,4.189128219352372,0.189128219352372,67.76551821932959,67.95898665844345,421.02311146688976,0.0,78.85512351989746
1357,4.0,4.18908678416554,0.18908678416554014,67.76824724956346,67.95899256521945,421.0191751241407,0.0,78.85751914978027
1358,4.0,4.189045318455398,0.18904531845539818,67.77097518844967,67.95899348443618,421.0152358816772,0.0,78.85991287231445
1359,4.0,4.189002818602593,0.18900281860259316,67.77370597981464,67.95898951111973,421.01119839566076,0.0,78.86229038238525
1360,4.0,4.188957732671536,0.18895773267153615,67.77641228199838,67.95898395645526,421.0069152322103,0.0,78.86459064483643
1361,4.0,4.1889164273841315,0.1889164273841315,67.7791230372528,67.95897073844033,421.0029912299069,0.0,78.86696720123291
1362,4.0,4.188876601645491,0.18887660164549125,67.78181728126805,67.95896001740714,420.9992077847361,0.0,78.86935234069824
1363,4.0,4.188834656299359,0.1888346562993588,67.78449751917641,67.95895684335268,420.9952229768535,0.0,78.8716812133789
1364,4.0,4.188799914348983,0.1887999143489827,67.78716123224157,67.95896361118488,420.9919224915677,0.0,78.87412643432617
1365,4.0,4.188757693601453,0.18875769360145256,67.7898345549554,67.95895809164301,420.9879115205524,0.0,78.8764419555664
1366,4.0,4.1887153758509585,0.18871537585095854,67.79249802658882,67.95896440471648,420.9838913342554,0.0,78.87874412536621
1367,4.0,4.188664664306348,0.18866466430634787,67.79515315093313,67.95898224941965,420.9790737375174,0.0,78.88087844848633
1368,4.0,4.188602184841793,0.18860218484179292,67.79780148517,67.95899454056445,420.9731381883847,0.0,78.88278317451477
1369,4.0,4.1885429555703695,0.18854295557036949,67.80043622152428,67.95899301792765,420.9675114075995,0.0,78.88473320007324
1370,4.0,4.188485422400899,0.18848542240089916,67.80307144514833,67.9589872265873,420.96204575649983,0.0,78.88671565055847
1371,4.0,4.188430110835732,0.18843011083573202,67.80568553051148,67.95898957248268,420.95679115780894,0.0,78.8887152671814
1372,4.0,4.188371688220065,0.188371688220065,67.80830435322578,67.95897686876658,420.9512410093206,0.0,78.89066171646118
1373,4.0,4.188316313514377,0.1883163135143766,67.81090669043952,67.95897105315476,420.94598041228016,0.0,78.89264631271362
1374,4.0,4.18825955286012,0.18825955286011986,67.81349833789736,67.95897053143464,420.9405881501258,0.0,78.89459228515625
1375,4.0,4.188205928425884,0.18820592842588368,67.81607411225761,67.9589719538278,420.93549382887335,0.0,78.89657878875732
1376,4.0,4.1881532930304575,0.18815329303045747,67.81864172469923,67.95897367733265,420.9304934663079,0.0,78.8985743522644
1377,4.0,4.188098473724061,0.18809847372406097,67.82120541909921,67.95898502039816,420.9252856322002,0.0,78.9005241394043
1378,4.0,4.1880223887237324,0.18802238872373245,67.8237475435331,67.95898323341535,420.91805755716894,0.0,78.90204811096191
