Step,Desired Gap (s),Actual Gap (s),Error (s),Ego Speed (km/h),Target Speed (km/h),Incremental Torque (Nm),Incremental Brake Torque (Nm),Vehicle Distance (m)
0,4.0,9.279504185630291,5.279504185630291,39.02313693759407,67.95953333277569,501.55289763487764,0.0,100.58760070800781
1,4.0,9.459603880839781,5.459603880839781,38.43497741977137,67.9596650345364,518.6623686797792,0.0,100.99435043334961
2,4.0,9.628509272519247,5.628509272519247,37.91564627510397,67.95972742570561,534.7083808893285,0.0,101.40865325927734
3,4.0,9.727884565160993,5.727884565160993,37.683514514993526,67.95972062265157,544.1490336902943,0.0,101.82802200317383
4,4.0,9.79313853909472,5.79313853909472,37.587293165049964,67.95966515090467,550.3481612139984,0.0,102.24932479858398
5,4.0,9.800221184955141,5.8002211849551415,37.71457423848803,67.95957508204606,551.0210125707384,0.0,102.66976928710938
6,4.0,9.791957305816668,5.791957305816668,37.90006052371988,67.95948489681916,550.2359440525835,0.0,103.08771514892578
7,4.0,9.744280128054065,5.744280128054065,38.23847512309281,67.95941570259586,545.7066121651362,0.0,103.50178146362305
8,4.0,9.695869750539561,5.695869750539561,38.58140708116933,67.9593809891159,541.1076263012583,0.0,103.91119384765625
9,4.0,9.622367704107761,5.622367704107761,39.02718376667076,67.95937406969364,587.5374250792611,0.0,104.31497573852539
10,4.0,9.553085831064067,5.553085831064067,39.460092540375854,67.95940174738291,580.9556471401102,0.0,104.71268081665039
11,4.0,9.458428215007514,5.458428215007514,40.00381426652353,67.95944326391687,571.9631736147376,0.0,105.10366821289062
12,4.0,9.37042890036878,5.370428900368781,40.5269013803697,67.95948478045086,563.603238724058,0.0,105.48734664916992
13,4.0,9.267414385849344,5.267414385849344,41.12334412333755,67.95951949393081,553.8168598447114,0.0,105.86307525634766
14,4.0,9.176742611100513,5.176742611100513,41.67399521997688,67.95954025219781,545.2030412435726,0.0,106.2309799194336
15,4.0,9.08255884143577,5.08255884143577,42.24892723668679,67.95954728798846,536.2555831254219,0.0,106.59121322631836
16,4.0,9.00432529184476,5.00432529184476,42.75709732687083,67.95953344914379,528.8233959142759,0.0,106.9441146850586
17,4.0,8.925405234679088,4.925405234679088,43.27458953741579,67.9595128072452,521.3259904835371,0.0,107.28979110717773
18,4.0,8.860198471756599,4.860198471756599,43.73090083585643,67.95949204897839,515.1313480059007,0.0,107.6290168762207
19,4.0,8.794408826656827,4.794408826656827,44.19429816044012,67.95947117434292,508.8813317214223,0.0,107.96186828613281
20,4.0,8.739981756279743,4.739981756279743,44.60406991629206,67.95947117434301,503.7107600355994,0.0,108.28854370117188
21,4.0,8.684674896931858,4.684674896931858,45.02115484609392,67.95947117434302,498.45660839755027,0.0,108.60947036743164
22,4.0,8.63883321904444,4.6388332190444395,45.391539850233585,67.9594711743428,494.10164899824554,0.0,108.92498397827148
23,4.0,8.591897643238747,4.591897643238747,45.769561690559826,67.9594711743428,489.6427692967047,0.0,109.23538589477539
24,4.0,8.552880419321841,4.552880419321841,46.10691957222056,67.95947117434278,485.9361330245987,0.0,109.54082489013672
25,4.0,8.512716618317727,4.512716618317727,46.45170417642087,67.9594712907111,482.1205719292078,0.0,109.84172058105469
26,4.0,8.479195070923476,4.479195070923476,46.76111587403281,67.9594712907111,478.936024926754,0.0,110.1379508972168
27,4.0,8.44457554126633,4.44457554126633,47.077211319626244,67.95947129071111,475.6471696093251,0.0,110.42974090576172
28,4.0,8.41554327546039,4.41554327546039,47.36266490537872,67.9594712907111,472.8891043577608,0.0,110.71737670898438
29,4.0,8.385582353415877,4.385582353415877,47.65364734946188,67.9594712907111,470.04281676353213,0.0,111.00099563598633
30,4.0,8.360287114543192,4.360287114543192,47.91837181508525,67.9594712907111,467.63976907062704,0.0,111.28092956542969
31,4.0,8.33428065731622,4.334280657316221,48.18714579656097,67.9594712907111,465.16915563406474,0.0,111.55699920654297
32,4.0,8.312113261087744,4.3121132610877435,48.433729713279675,67.95947140707946,463.0632529923594,0.0,111.82962417602539
33,4.0,8.289516609597296,4.289516609597296,48.682680471316885,67.9594714070794,460.9165711007669,0.0,112.09885787963867
34,4.0,8.270006401029159,4.270006401029159,48.91328358399111,67.9594714070794,459.0631012867938,0.0,112.3647689819336
35,4.0,8.250372021304706,4.250372021304706,49.14442364356707,67.95947140707945,457.19783521297086,0.0,112.62771606445312
36,4.0,8.233135767108719,4.233135767108719,49.36070957137026,67.95947140707943,455.560391064352,0.0,112.8870620727539
37,4.0,8.216017928334251,4.216017928334251,49.57588970392942,67.95947140707948,453.9341963807776,0.0,113.1434440612793
38,4.0,8.200785867547529,4.200785867547529,49.779240936445746,67.95947140707962,452.487150606039,0.0,113.39691543579102
39,4.0,8.185877032343686,4.1858770323436865,49.980232880206785,67.95947140707948,451.07081126167395,0.0,113.64778900146484
40,4.0,8.172409000484313,4.172409000484313,50.1718844704158,67.95947140707949,449.7913482350335,0.0,113.89587783813477
41,4.0,8.159381974761128,4.1593819747611285,50.3603307678083,67.9594714070794,448.55378079133095,0.0,114.14143753051758
42,4.0,8.147470193835222,4.147470193835222,50.541364842600615,67.95947140707942,447.42216160336983,0.0,114.38451766967773
43,4.0,8.136050454284867,4.136050454284867,50.71876266081678,67.9594714070794,446.3372863460861,0.0,114.62511444091797
44,4.0,8.125495882369707,4.125495882369707,50.890170079200864,67.9594714070794,445.3346020141459,0.0,114.86329650878906
45,4.0,8.115434521920529,4.115434521920529,51.05780664015953,67.95947140707946,444.37877277147396,0.0,115.09896850585938
46,4.0,8.10605357252616,4.106053572526161,51.2204820711907,67.95947140707943,443.48758257900903,0.0,115.33221435546875
47,4.0,8.097166068347033,4.097166068347033,51.37943300187253,67.95947140707943,442.64326968199185,0.0,115.56327819824219
48,4.0,8.088851393088007,4.088851393088007,51.534146261786155,67.95947140707942,441.8533755323844,0.0,115.792236328125
49,4.0,8.080993293997343,4.080993293997343,51.685302407510896,67.95947140707943,441.10685611877136,0.0,116.01905059814453
50,4.0,8.07362228734797,4.07362228734797,51.83274433505753,67.95947140707949,440.4066104870809,0.0,116.24388885498047
51,4.0,8.066670406048651,4.066670406048651,51.97686287557097,67.95947140707955,439.7461817636456,0.0,116.46672821044922
52,4.0,8.060145481356564,4.060145481356564,52.117664907583034,67.95947140707949,439.12631391789733,0.0,116.6877670288086
53,4.0,8.053994513980763,4.053994513980763,52.255375177412006,67.95947140707958,438.54197201719626,0.0,116.90680694580078
54,4.0,8.048201850991644,4.048201850991644,52.3900863567782,67.95947140707965,437.9916690332299,0.0,117.12388610839844
55,4.0,8.042729462204997,4.042729462204997,52.521967671759754,67.95947140707946,437.4717920984985,0.0,117.33888244628906
56,4.0,8.037580154416675,4.037580154416675,52.65110562622636,67.95947140707942,436.9826078586079,0.0,117.55207824707031
57,4.0,8.032732933809825,4.032732933809825,52.777637813550484,67.9594714070794,436.5221219009572,0.0,117.76351928710938
58,4.0,8.028175711977333,4.028175711977333,52.901648834888356,67.9594714070794,436.0891858268704,0.0,117.97325897216797
59,4.0,8.023892615916154,4.023892615916154,53.02325664684775,67.9594714070794,435.6822917010584,0.0,118.18136596679688
60,4.0,8.019867922709514,4.019867922709514,53.14254568992642,67.9594714070794,435.2999458464276,0.0,118.38783264160156
61,4.0,8.016083394933286,4.016083394933286,53.25960840106345,67.9594714070794,434.94041570768593,0.0,118.5926284790039
62,4.0,8.012545064260586,4.0125450642605855,53.374545173406034,67.9594714070794,434.6042742937794,0.0,118.79609680175781
63,4.0,8.009211410881955,4.009211410881955,53.48742097079395,67.9594714070794,434.2875772228095,0.0,118.99779510498047
64,4.0,8.006083909977141,4.006083909977141,53.59832789618042,67.9594714070794,433.99046463685215,0.0,119.1979751586914
65,4.0,8.003151615706164,4.003151615706164,53.70733195766157,67.95947140707942,433.71189668110935,0.0,119.39664459228516
66,4.0,8.00040121161691,4.000401211616911,53.81451608969361,67.95947140707942,433.4506082926303,0.0,119.59381103515625
67,4.0,7.997807342806702,3.997807342806702,53.91993558106015,67.95947140707943,433.2041907556605,0.0,119.78923797607422
68,4.0,7.995380202918359,3.9953802029183594,54.023657186442925,67.9594714070794,432.9736124662679,0.0,119.98324421048164
69,4.0,7.993110046048372,3.993110046048372,54.12574242030648,67.9594714070794,432.7579475636191,0.0,120.17583763599396
70,4.0,7.990986100934125,3.9909861009341254,54.22626092527084,67.95947140707942,432.55617277776565,0.0,120.36702704429626
71,4.0,7.9889996393067575,3.9889996393067575,54.32525082145267,67.95947140707946,432.3674589231657,0.0,120.55678033828735
72,4.0,7.9871600151211535,3.9871600151211535,54.42277091263332,67.95947140707942,470.0707147691843,0.0,120.74538326263428
73,4.0,7.983293909616488,3.9832939096164877,54.53346946248672,67.95947140707943,469.70343474624104,0.0,120.93242073059082
74,4.0,7.975731871966115,3.975731871966115,54.66882655038109,67.95947140707943,468.98504116945566,0.0,121.11775064468384
75,4.0,7.965778192939546,3.9657781929395464,54.8199677226263,67.95947140707949,468.0394416619316,0.0,121.30102872848511
76,4.0,7.954327505449836,3.954327505449836,54.98085124923138,67.9594714070795,466.95162635040913,0.0,121.48213815689087
77,4.0,7.942019116061395,3.9420191160613953,55.14719645271839,67.95947140707946,465.78232935850724,0.0,121.66113567352295
78,4.0,7.92928268763212,3.92928268763212,55.315959187216286,67.95947140707955,464.5723686577261,0.0,121.83774375915527
79,4.0,7.916434232843663,3.916434232843663,55.48502012478027,67.95947140707949,463.3517654528227,0.0,122.01208686828613
80,4.0,7.903667611043696,3.903667611043696,55.652880352666855,67.95947140707945,462.13893638182583,0.0,122.18385219573975
81,4.0,7.891146004576697,3.8911460045766972,55.81850199573833,67.95947140707945,460.9493837674609,0.0,122.35331916809082
82,4.0,7.878957060468176,3.878957060468176,55.981195652163066,67.95947140707946,459.79143407715145,0.0,122.52039909362793
83,4.0,7.8671802435276295,3.8671802435276295,56.1404992167824,67.95947140707955,458.6726364677995,0.0,122.68539619445801
84,4.0,7.855841541317001,3.855841541317001,56.29613369628189,67.95947140707958,457.5954597577898,0.0,122.84819602966309
85,4.0,7.8449651065739125,3.8449651065739125,56.44794633579149,67.95947140707968,456.5621984571964,0.0,123.00893592834473
86,4.0,7.834552349545155,3.834552349545155,56.59587013523136,67.95947140707959,455.5729865394644,0.0,123.1675853729248
87,4.0,7.8245970627595485,3.8245970627595485,56.73991267276207,67.9594714070796,454.6272342948318,0.0,123.32415390014648
88,4.0,7.815104935005813,3.815104935005813,56.880116300814656,67.95947140707953,453.72548215822695,0.0,123.47891044616699
89,4.0,7.806044633216509,3.8060446332165094,57.01656096594361,67.95947140707943,452.8647534882431,0.0,123.63161659240723
90,4.0,7.79743056825546,3.79743056825546,57.1493509637737,67.95947140707949,452.0464173169434,0.0,123.78280448913574
91,4.0,7.789205499630524,3.7892054996305244,57.278586651820504,67.95947140707943,451.2650357975745,0.0,123.93185615539551
92,4.0,7.781363577415722,3.781363577415722,57.40440054267597,67.95947140707942,450.5200531871683,0.0,124.07903099060059
93,4.0,7.773892999520428,3.7738929995204282,57.52690050464457,67.95947152344777,449.8103482871154,0.0,124.22443586587906
94,4.0,7.766781995713036,3.7667819957130364,57.64621226924671,67.95947152344785,449.13480292541317,0.0,124.36821210384369
95,4.0,7.760015347972322,3.760015347972322,57.76245022546585,67.95947152344776,448.4919713900453,0.0,124.51041674613953
96,4.0,7.753573994185688,3.753573994185688,57.875736141723785,67.95947152344776,447.880042780315,0.0,124.65105628967285
97,4.0,7.747442608863283,3.747442608863283,57.98618341868872,67.95947152344782,447.29756117468656,0.0,124.79017448425293
98,4.0,7.741606130428698,3.741606130428698,58.09389493598212,67.95947152344777,446.74309572340104,0.0,124.9277925491333
99,4.0,7.736054394066707,3.7360543940667066,58.198975030620225,67.95947152344773,446.21568076901184,0.0,125.06401014328003
100,4.0,7.730768778538832,3.730768778538832,58.30152353888377,67.95947152344776,445.7135472938637,0.0,125.1987771987915
101,4.0,7.725734590679443,3.7257345906794432,58.401639293506136,67.95947152344775,445.2352994472218,0.0,125.33210134506226
102,4.0,7.720946790146998,3.720946790146998,58.499421537344205,67.95947152344773,444.7804583966395,0.0,125.46414470672607
103,4.0,7.716398090543055,3.7163980905430547,58.59494948601407,67.95947152344773,444.3483319342649,0.0,125.5949878692627
104,4.0,7.712066015219665,3.7120660152196647,58.688317428332596,67.95947152344775,443.93678477854286,0.0,125.72449398040771
105,4.0,7.707940543971783,3.707940543971783,58.77959471693014,67.95947152344773,443.5448650099941,0.0,125.8526725769043
106,4.0,7.7039997924009045,3.7039997924009045,58.868866572718844,67.95947152344773,443.1704936107606,0.0,125.97937107086182
107,4.0,7.700240249249981,3.7002402492499806,58.95621636300284,67.9594714070794,442.81333701142285,0.0,126.1047306060791
108,4.0,7.696660820274457,3.696660820274457,59.04170460679994,67.9594714070794,442.47329125874813,0.0,126.2288818359375
109,4.0,7.693259005692672,3.6932590056926724,59.125398588672134,67.9594714070794,442.15011887347856,0.0,126.3519458770752
110,4.0,7.690012921872303,3.6900129218723032,59.20736709291149,67.9594714070795,441.84174091054354,0.0,126.47372722625732
111,4.0,7.6869352548971435,3.6869352548971435,59.28765874806546,67.9594714070794,441.54936254790334,0.0,126.59455394744873
112,4.0,7.68401767549163,3.6840176754916296,59.36626805914996,67.95947140707945,441.2721925043795,0.0,126.71429252624512
113,4.0,7.68125724858654,3.6812572485865402,59.443154590725094,67.95947140707949,441.009951948396,0.0,126.83282279968262
114,4.0,7.678675022891112,3.6786750228911123,59.51831538584093,67.95947140707949,440.76464050733034,0.0,126.95050048828125
115,4.0,7.676250433364586,3.6762504333645856,59.59176357458337,67.95947140707942,440.5343045023103,0.0,127.0670280456543
116,4.0,7.67399215806743,3.6739921580674304,59.66354275235609,67.95947140707945,440.3197683490806,0.0,127.18265533447266
117,4.0,7.6718941981572115,3.6718941981572115,59.733685429216635,67.95947140707953,440.1204621576098,0.0,127.29736518859863
118,4.0,7.669936949613746,3.6699369496137457,59.80223665803876,67.9594714070794,474.79892456731113,0.0,127.41094017028809
119,4.0,7.666431962806468,3.6664319628064677,59.88250596928543,67.9594714070794,474.4659508206197,0.0,127.52365493774414
120,4.0,7.660037939371607,3.660037939371607,59.984814226192086,67.9594714070794,473.85851859430795,0.0,127.6349868774414
121,4.0,7.651848255337008,3.6518482553370077,60.100681617099426,67.9594714070794,473.080498611021,0.0,127.74480438232422
122,4.0,7.642586010757419,3.6425860107574186,60.22445030176649,67.95947140707943,472.20058537596003,0.0,127.8529281616211
123,4.0,7.632754822875455,3.632754822875455,60.35225214537849,67.95947140707943,471.2666225271735,0.0,127.95942878723145
124,4.0,7.622678564311667,3.6226785643116672,60.48143811115097,67.9594714070794,470.30937796361366,0.0,128.06404495239258
125,4.0,7.612601671547985,3.612601671547985,60.61019721144988,67.95947140707948,469.35207315106385,0.0,128.16702461242676
126,4.0,7.602641724566587,3.6026417245665874,60.73732469404822,67.95947140707949,468.4058781878311,0.0,128.2678108215332
127,4.0,7.5928970322909715,3.5928970322909715,60.862274359251536,67.95947140707952,467.48013242164757,0.0,128.36693954467773
128,4.0,7.583364308172349,3.5833643081723494,60.98498569192777,67.95947140707946,466.5745236303785,0.0,128.4642677307129
129,4.0,7.57405239167771,3.57405239167771,61.10547378626873,67.95947140707959,465.68989156338773,0.0,128.56001663208008
130,4.0,7.564962645994272,3.564962645994272,61.22374334077434,67.95947140707959,464.8263657234611,0.0,128.65425872802734
131,4.0,7.55607857288013,3.5560785728801303,61.33982442738851,67.95947140707942,463.98237877761767,0.0,128.7468147277832
132,4.0,7.547403144764798,3.5474031447647976,61.45374840762026,67.95947140707946,463.15821310666104,0.0,128.83783721923828
133,4.0,7.538928924768147,3.538928924768147,61.56554817837423,67.95947140707942,462.3531622069792,0.0,128.92730331420898
134,4.0,7.530651864247386,3.5306518642473863,61.67526264833418,67.9594714070794,461.566841457507,0.0,129.0152587890625
135,4.0,7.522568697058091,3.522568697058091,61.78295789930643,67.9594714070794,460.79894057452395,0.0,129.1018180847168
136,4.0,7.514667624244201,3.5146676242442014,61.88866325496326,67.95947140707942,460.04833865720445,0.0,129.18687057495117
137,4.0,7.50694337654034,3.50694337654034,61.99242837657325,67.95947140707942,459.31453512533756,0.0,129.27045822143555
138,4.0,7.499393886975404,3.4993938869754038,62.09430099219201,67.9594714070794,458.59733361666866,0.0,129.3526725769043
139,4.0,7.49199583376859,3.4919958337685904,62.19431888118251,67.9594714070794,457.89451856202135,0.0,129.4332160949707
140,4.0,7.484750907839212,3.484750907839212,62.292527956736265,67.9594714070794,457.20625059873043,0.0,129.51223754882812
141,4.0,7.4776687015847205,3.4776687015847205,62.38896545167312,67.9594714070794,456.53344100455377,0.0,129.59000396728516
142,4.0,7.470745950564435,3.470745950564435,62.48366571146273,67.9594714070794,455.87577965762665,0.0,129.66655349731445
143,4.0,7.463965073639472,3.4639650736394723,62.57667691532539,67.95947140707942,455.23159634975514,0.0,129.74170303344727
144,4.0,7.457332727999199,3.4573327279991988,62.668025279777886,67.9594714070794,454.6015235139292,0.0,129.81564331054688
145,4.0,7.45084070220168,3.4508407022016803,62.75774426154261,67.95947140707943,453.9847810631649,0.0,129.88832092285156
146,4.0,7.444485750481535,3.444485750481535,62.84587406161133,67.95947140707945,453.38106064975113,0.0,129.95978164672852
147,4.0,7.438263608107039,3.4382636081070386,62.93245289439661,67.9594714070794,452.78995712417395,0.0,130.03004837036133
148,4.0,7.432169984636967,3.4321699846369667,63.017495667519555,67.95947140707943,452.2110628945171,0.0,130.09909439086914
149,4.0,7.426201979921464,3.426201979921464,63.10105581222905,67.95947140707949,451.64410244654437,0.0,130.16699600219727
150,4.0,7.420356047402574,3.4203560474025743,63.183148302987085,67.95947140707952,451.08873885724984,0.0,130.23373794555664
151,4.0,7.4146352890091505,3.4146352890091505,63.26381138047738,67.95947140707965,450.5452668098746,0.0,130.29946899414062
152,4.0,7.409031628442276,3.4090316284422757,63.34306591525036,67.95947140707973,450.0129190560215,0.0,130.36410522460938
153,4.0,7.403535507735228,3.403535507735228,63.4209515814705,67.95947140707948,449.49078758885196,0.0,130.42757415771484
154,4.0,7.398159185900561,3.3981591859005613,63.497492221330646,67.9594714070794,448.9800370145586,0.0,130.49015426635742
155,4.0,7.3928874808956655,3.3928874808956655,63.57271142287767,67.95947140707942,448.47922503909354,0.0,130.55163955688477
156,4.0,7.387722928996672,3.3877229289966717,63.64662034779917,67.95947140707945,447.9885926086891,0.0,130.61211013793945
157,4.0,7.382651929974872,3.3826519299748723,63.719283906850066,67.9594714070796,447.50684770161814,0.0,130.67147064208984
158,4.0,7.37768365019155,3.3776836501915497,63.790691967904664,67.95947140707968,447.0348611222025,0.0,130.72987365722656
159,4.0,7.372788939101888,3.3727889391018877,63.860897785954606,67.95947140707949,446.56986356868464,0.0,130.78692245483398
160,4.0,7.367991755642505,3.367991755642505,63.92989959357738,67.95947140707955,446.11413114004324,0.0,130.84304809570312
161,4.0,7.363290988819714,3.3632909888197142,63.99773738783491,67.95947140707969,445.66755829187815,0.0,130.89832305908203
162,4.0,7.358682650355539,3.358682650355539,64.06442046486478,67.95947140707976,445.2297661377815,0.0,130.95270538330078
163,4.0,7.354158507955527,3.3541585079555274,64.1299767124672,67.95947140707966,444.7999726097804,0.0,131.0061149597168
164,4.0,7.349722436464052,3.3497224364640523,64.19442961318299,67.95947140707949,444.3785458180903,0.0,131.05867767333984
165,4.0,7.345365199249052,3.345365199249052,64.25779769466754,67.95947140707943,443.9646082826652,0.0,131.1102752685547
166,4.0,7.341091324739345,3.3410913247393452,64.32009155729453,67.95947140707953,443.5585902042431,0.0,131.16101837158203
167,4.0,7.336900923439654,3.3369009234396536,64.38134179418115,67.95947140707946,443.1605020807724,0.0,131.21097946166992
168,4.0,7.332788009035002,3.332788009035002,64.44157278646053,67.95947140707945,442.7697752123305,0.0,131.2601089477539
169,4.0,7.3287529320174745,3.3287529320174745,64.50079093983658,67.9594714070794,442.38644289566537,0.0,131.30843353271484
170,4.0,7.324788912070685,3.3247889120706846,64.55903182934138,67.9594714070794,442.0098610007203,0.0,131.3559112548828
171,4.0,7.3208986374138005,3.3208986374138005,64.61629845827251,67.95947140707942,441.64028490831635,0.0,131.40260314941406
172,4.0,7.317080281605122,3.317080281605122,64.672611191652,67.9594714070794,441.27754110649187,0.0,131.44852447509766
173,4.0,7.313325129256851,3.3133251292568513,64.72799894419842,67.9594714070794,440.92080163340614,0.0,131.49358367919922
174,4.0,7.309644615280952,3.309644615280952,64.78245520494636,67.9594714070794,440.5711528056957,0.0,131.53797912597656
175,4.0,7.306022900232381,3.3060229002323807,64.83602945473045,67.9594714070794,440.22708987608144,0.0,131.58153221011162
176,4.0,7.302471018296307,3.3024710182963073,64.8887081775222,67.9594714070794,439.8896610921545,0.0,131.62441968917847
177,4.0,7.298979089806958,3.2989790898069584,64.94051808523456,67.9594714070794,439.55792788566634,0.0,131.6665232181549
178,4.0,7.295554966980928,3.2955549669809283,64.99147507092529,67.9594714070794,439.2326362171935,0.0,131.70802187919617
179,4.0,7.292193021711532,3.2921930217115323,65.04159516648699,67.9594836146174,438.9132514166009,0.0,131.74885177612305
180,4.0,7.28888459937878,3.28888459937878,65.09089504709715,67.95949218971619,438.5989512949894,0.0,131.78889513015747
181,4.0,7.285632707152931,3.2856327071529314,65.13937943328057,67.95949597737153,438.2900215335338,0.0,131.82822036743164
182,4.0,7.282438912235072,3.2824389122350723,65.18708228334992,67.9595051312027,437.9866110163372,0.0,131.86692905426025
183,4.0,7.279311430271934,3.2793114302719344,65.23399736857235,67.9595056486327,437.68950022983904,0.0,131.90516185760498
184,4.0,7.276237046724736,3.276237046724736,65.28014940999539,67.95950317905982,437.3974337928552,0.0,131.94273376464844
185,4.0,7.2732182571769854,3.2732182571769854,65.3255352563915,67.9594969014033,437.1106487858189,0.0,131.97968769073486
186,4.0,7.270250633159283,3.270250633159283,65.37020217515378,67.95949144984924,436.8287245041372,0.0,132.0160427093506
187,4.0,7.2673400454063986,3.2673400454063986,65.41412620619846,67.95948678449005,436.55221866761315,0.0,132.05186080932617
188,4.0,7.264470525920448,3.264470525920448,65.45734674802824,67.9594870505242,436.27961431644786,0.0,132.08693504333496
189,4.0,7.261634473696503,3.2616344736965033,65.49986649491754,67.95948122799618,436.0101893551731,0.0,132.12113571166992
190,4.0,7.258845522482757,3.2588455224827566,65.54169809703487,67.95948221461937,435.7452389898672,0.0,132.1547393798828
191,4.0,7.256110744428825,3.256110744428825,65.58285930050414,67.95948501066394,435.48543507474363,0.0,132.18791389465332
192,4.0,7.253413679461839,3.253413679461839,65.62335250527477,67.95949753575884,435.22921390287996,0.0,132.22036743164062
193,4.0,7.250771795086942,3.2507717950869424,65.66319239524024,67.95950458459583,434.9782348872648,0.0,132.25245094299316
194,4.0,7.248168549701053,3.2481685497010533,65.70237950606277,67.95950479023745,434.73092657560534,0.0,132.28386688232422
195,4.0,7.24560436741948,3.24560436741948,65.74094372298241,67.95949886290802,434.4873292588559,0.0,132.3146858215332
196,4.0,7.243094215852758,3.243094215852758,65.77886159068115,67.95948130278722,434.2488648600173,0.0,132.34513664245605
197,4.0,7.240620805776169,3.240620805776169,65.81617779057349,67.95948125154784,434.01389090274137,0.0,132.37499618530273
198,4.0,7.2381881347477774,3.2381881347477774,65.85290030275193,67.95948301277404,433.78278715504416,0.0,132.40435600280762
199,4.0,7.235791883132077,3.2357918831320767,65.88901694798413,67.95948651705534,433.5551432515526,0.0,132.43311500549316
200,4.0,7.233442670103931,3.2334426701039307,65.92455035370276,67.95948852229526,464.049673379866,0.0,132.46151542663574
201,4.0,7.229806479350845,3.229806479350845,65.97154163797721,67.95949336631737,463.7042352583229,0.0,132.48929977416992
202,4.0,7.223781941422422,3.2237819414224216,66.03990082840755,67.95949101646632,463.1319041551227,0.0,132.5160675048828
203,4.0,7.216212763522288,3.2162127635222877,66.1220441975202,67.959498140542,462.41283225460995,0.0,132.54187202453613
204,4.0,7.207634605607463,3.2076346056074634,66.21296290493844,67.95949804133457,461.59790725270165,0.0,132.56634521484375
205,4.0,7.198434329636964,3.1984343296369637,66.30918659201689,67.95949835991331,460.7238810355042,0.0,132.58953475952148
206,4.0,7.1888769172353495,3.1888769172353495,66.4083585596134,67.95949384664097,459.8159268573508,0.0,132.6115322113037
207,4.0,7.179128815966385,3.1791288159663846,66.50882465777654,67.95950132749842,458.8898572367992,0.0,132.63206100463867
208,4.0,7.169322017978677,3.1693220179786774,66.6094791038418,67.959501659932,457.958211427967,0.0,132.65133476257324
209,4.0,7.159525557716582,3.1595255577165817,66.70954038292938,67.9594890083228,457.0275477030679,0.0,132.6690720319748
210,4.0,7.149811437137455,3.149811437137455,66.80847249833748,67.9594936011813,456.10470624805083,0.0,132.6855502128601
211,4.0,7.140208929371208,3.140208929371208,66.90593283521639,67.95948775959833,455.19246801025736,0.0,132.70064973831177
212,4.0,7.130747969676404,3.1307479696764036,67.00168201349528,67.95948358196189,454.29367683925096,0.0,132.71447443962097
213,4.0,7.1214519402525855,3.1214519402525855,67.09555120362776,67.95948613156126,453.41055404398827,0.0,132.72715091705322
214,4.0,7.112306786476874,3.112306786476874,67.18747499589898,67.95949378442015,452.54176443529565,0.0,132.73831510543823
215,4.0,7.103344822389072,3.1033448223890723,67.27737768211703,67.9594913464532,451.6903778469545,0.0,132.74844789505005
216,4.0,7.094551985055047,3.0945519850550474,67.36525912587507,67.95948932241319,450.85505830022214,0.0,132.75731468200684
217,4.0,7.085932765574517,3.0859327655745172,67.45109134554198,67.95949621365028,450.03623244957174,0.0,132.76497173309326
218,4.0,7.077477646659575,3.077477646659575,67.53490648267346,67.95949307778334,449.2329961526522,0.0,132.77133083343506
219,4.0,7.069179270654887,3.069179270654887,67.61673852694824,67.95949352600442,448.4446504322069,0.0,132.77634620666504
220,4.0,7.061052845443603,3.0610528454436032,67.69658968684251,67.9594915434432,447.67264003713495,0.0,132.78033256530762
221,4.0,7.053096021697093,3.053096021697093,67.77450781826084,67.95949063850874,446.91674178121644,0.0,132.78336429595947
222,4.0,7.04529271395228,3.0452927139522803,67.85049921128956,67.95949515524214,446.17542754545923,0.0,132.785174369812
223,4.0,7.037652962678465,3.0376529626784654,67.92462046632224,67.95948846343236,445.44965117444684,0.0,132.78608512878418
224,4.0,7.030166337945157,3.0301663379451567,67.99688940470053,67.95949693165814,444.7384218247825,0.0,132.78595638275146
225,4.0,7.022831528798059,3.0228315287980587,68.0673511016156,67.9594889738539,444.0416149558082,0.0,132.7848720550537
226,4.0,7.015650879420225,3.0156508794202246,68.1360288249061,67.95948833352652,443.35945326491395,0.0,132.7829418182373
227,4.0,7.008601914913675,3.008601914913675,68.20296912638393,67.95949489133329,442.68980163679174,0.0,132.77985000610352
228,4.0,7.001708225092509,3.001708225092509,68.26819677954362,67.95949010764174,442.03490110378095,0.0,132.77610969543457
229,4.0,6.9949454755516145,2.9949454755516145,68.3317349323049,67.95949084236744,441.392439897396,0.0,132.7713222503662
230,4.0,6.988326406264396,2.988326406264396,68.3936253200471,67.95949942982008,440.7636283151103,0.0,132.76582717895508
231,4.0,6.981846233230293,2.981846233230293,68.45389552215794,67.95949256227797,440.14801187687044,0.0,132.7596035003662
232,4.0,6.975480720958119,2.975480720958119,68.51257957205777,67.95948963847196,439.54328821101393,0.0,132.75227165222168
233,4.0,6.9692391932355395,2.9692391932355395,68.56970558864151,67.95948871060376,438.95034307736887,0.0,132.74407768249512
234,4.0,6.963116561980275,2.963116561980275,68.62529182349313,67.95949212510526,438.36869310811875,0.0,132.7349739074707
235,4.0,6.9571132019198725,2.9571132019198725,68.67938589338007,67.95948938300471,437.7983739023805,0.0,132.72507286071777
236,4.0,6.951234338083448,2.951234338083448,68.7320065327096,67.9594949547038,437.23988183792017,0.0,132.7145233154297
237,4.0,6.9454660520107625,2.9454660520107625,68.7831723061403,67.95949051324476,436.69189466101506,0.0,132.7031078338623
238,4.0,6.939820854270833,2.939820854270833,68.83292620346546,67.95949092924607,436.15560087572175,0.0,132.69116020202637
239,4.0,6.934289765162583,2.9342897651625828,68.88128003052296,67.95949628201767,435.630147410438,0.0,132.6785430908203
240,4.0,6.928859890621507,2.9288598906215073,68.9282631621033,67.95950089593805,435.1143093290358,0.0,132.66507720947266
241,4.0,6.923549599357043,2.9235495993570426,68.97388567045192,67.9595002160663,434.6098316589117,0.0,132.65114402770996
242,4.0,6.918364854499908,2.9183648544999077,69.01821457014744,67.9594912681287,434.11728089748385,0.0,132.6369972229004
243,4.0,6.913271961364384,2.9132719613643836,69.06124045694861,67.95948823874545,433.63345604960904,0.0,132.6219825744629
244,4.0,6.908265668248375,2.908265668248375,69.1030082834536,67.95949089551391,433.15785820358826,0.0,132.60609436035156
245,4.0,6.903378003517376,2.9033780035173757,69.14351123644981,67.95949146168437,432.6935300541433,0.0,132.5899429321289
246,4.0,6.898597244287863,2.8985972442878634,69.18281830620276,67.95949299699903,432.23935792733965,0.0,132.57344436645508
247,4.0,6.893891973033228,2.893891973033228,69.22091593403225,67.95949082610508,431.7923571581493,0.0,132.55597686767578
248,4.0,6.889281573336672,2.889281573336672,69.25783875142808,67.9594952724314,431.35436918697644,0.0,132.5379867553711
249,4.0,6.884756680679684,2.8847566806796836,69.29362725662747,67.95948989912046,430.92450438456257,0.0,132.51937866210938
250,4.0,6.8803285254211035,2.8803285254211035,69.32827249907523,67.9594910532681,430.50382963499743,0.0,132.50035858154297
251,4.0,6.875992424297825,2.8759924242978254,69.36181405582374,67.95949141013853,430.09190002828603,0.0,132.48091888427734
252,4.0,6.871742942997218,2.8717429429972183,69.39425940183843,67.95948753515272,429.68819930472836,0.0,132.46097564697266
253,4.0,6.867581853496113,2.8675818534961133,69.42564135242428,67.95949394374149,429.2928958021234,0.0,132.44063186645508
254,4.0,6.863498819981368,2.863498819981368,69.45597731928744,67.95949109572801,428.9050076182226,0.0,132.41972732543945
255,4.0,6.859509195265513,2.859509195265513,69.48527704862077,67.95949598924497,428.52599327021636,0.0,132.3985824584961
256,4.0,6.855594502643767,2.8555945026437666,69.5135666312484,67.95949106204661,428.15409747115046,0.0,132.37689590454102
257,4.0,6.85176565701061,2.85176565701061,69.54086090314449,67.95949167353781,427.7903571360006,0.0,132.35491180419922
258,4.0,6.848012787073059,2.848012787073059,69.56718926507266,67.95948819266185,427.4338344919332,0.0,132.33250045776367
259,4.0,6.84434146466323,2.8443414646632297,69.59255479789176,67.9594892369241,427.08505886299946,0.0,132.3097801208496
260,4.0,6.8407495584652755,2.8407495584652755,69.61698677181788,67.95949178956756,426.7438277741938,0.0,132.28676986694336
261,4.0,6.837227288598657,2.8372272885986574,69.64051217778025,67.95949469030536,426.40921213686505,0.0,132.26333618164062
262,4.0,6.83378125984961,2.8337812598496104,69.66312386248086,67.95949724295956,426.08183940570564,0.0,132.23959732055664
263,4.0,6.830409757862522,2.8304097578625216,69.68486532365536,67.95949944752925,425.7615467169322,0.0,132.21560668945312
264,4.0,6.827103718827127,2.827103718827127,69.70573658412022,67.95950107195118,425.44747300856966,0.0,132.19119262695312
265,4.0,6.823877815916742,2.8238778159167417,69.72575489755256,67.95950246431468,425.1410122320831,0.0,132.16667556762695
266,4.0,6.820717286699439,2.8207172866994394,69.74495252283312,67.95950327652744,424.8407619564394,0.0,132.1418342590332
267,4.0,6.817620906400021,2.8176209064000206,69.7633302275844,67.95950385667977,424.5466058279946,0.0,132.11664962768555
268,4.0,6.8145975585248575,2.8145975585248575,69.78091430677799,67.95950420477097,424.2593877798541,0.0,132.09134674072266
269,4.0,6.811634648637947,2.8116346486379467,69.79772130590268,67.95950449569672,423.97791134059753,0.0,132.06571578979492
270,4.0,6.808737843202103,2.8087378432021026,69.81374611930599,67.95948828170172,423.70271482419236,0.0,132.03985977172852
271,4.0,6.805908772690111,2.8059087726901106,69.82902503293631,67.95948142523562,423.43395312555316,0.0,132.0138816833496
272,4.0,6.803136391788999,2.803136391788999,69.84357114310652,67.95947941559545,423.1705769399475,0.0,131.9875946044922
273,4.0,6.80043579780208,2.8004357978020797,69.8574017727477,67.9594821862629,422.9140205111902,0.0,131.9613265991211
274,4.0,6.797779089602929,2.797779089602929,69.87052564267765,67.95949088126774,422.66163323227084,0.0,131.93455505371094
275,4.0,6.7951949800835285,2.7951949800835285,69.88294750646261,67.95949883857861,422.41614282792784,0.0,131.9078483581543
276,4.0,6.792669555894095,2.7926695558940953,69.89469004732595,67.95949449365838,422.1762275299317,0.0,131.8809814453125
277,4.0,6.7901939011118255,2.7901939011118255,69.90577725194413,67.95949767436477,421.94104032561603,0.0,131.85382843017578
278,4.0,6.787782791373058,2.7877827913730577,69.91622388986653,67.95949658704428,421.7119849004331,0.0,131.8267059326172
279,4.0,6.785419614200822,2.785419614200822,69.92602612316145,67.95949636740454,421.4874830690707,0.0,131.79928588867188
280,4.0,6.783117564291036,2.783117564291036,69.93519279996974,67.95949141004803,447.7084051884059,0.0,131.77184295654297
281,4.0,6.779829555049106,2.7798295550491057,69.9544523139902,67.95948985119986,447.3960443104225,0.0,131.7442398071289
282,4.0,6.774657674571424,2.774657674571424,69.99289694695712,67.9594910405073,446.9047156650428,0.0,131.71608790755272
283,4.0,6.768261190548977,2.7682611905489773,70.04384481202182,67.95949564230536,446.2970496829103,0.0,131.6875101327896
284,4.0,6.761052496572259,2.761052496572259,70.10279526620414,67.95949410825742,445.6122237551221,0.0,131.65796637535095
285,4.0,6.753347964736953,2.753347964736953,70.16669749641176,67.95949300757103,444.880293230768,0.0,131.6278121471405
286,4.0,6.745335402452571,2.7453354024525707,70.23340606476172,67.9594926589578,444.1190998137517,0.0,131.59663343429565
287,4.0,6.737164443373468,2.7371644433734676,70.30143780634424,67.95949087714257,443.34285870123693,0.0,131.5645408630371
288,4.0,6.728935226250993,2.728935226250993,70.36979400491722,67.95949092722398,442.5610830746018,0.0,131.5316071510315
289,4.0,6.720704405243774,2.720704405243774,70.43774285529406,67.959495957861,441.779155078916,0.0,131.49756908416748
290,4.0,6.712509005458358,2.712509005458358,70.5048239410612,67.95950083074632,441.0005920993015,0.0,131.46229600906372
291,4.0,6.704412784962644,2.704412784962644,70.57067170691671,67.95950175891701,440.23145115220865,0.0,131.42636489868164
292,4.0,6.696415047752581,2.6964150477525806,70.63508588737628,67.95950129483153,439.47166611725265,0.0,131.38940334320068
293,4.0,6.688545362728054,2.6885453627280542,70.69791456954609,67.95950013461882,438.72404603992265,0.0,131.3517246246338
294,4.0,6.680799650257194,2.6807996502571942,70.75905350915959,67.95949885838563,437.98820335519093,0.0,131.31307220458984
295,4.0,6.673187459151846,2.673187459151846,70.81845124432931,67.95949781419594,437.26504520018284,0.0,131.27355575561523
296,4.0,6.665717743811046,2.6657177438110464,70.87608955849223,67.95949677000714,436.5554222428069,0.0,131.23333549499512
297,4.0,6.658387067870088,2.6583870678700876,70.93195160980093,67.9594959578609,435.8590080284158,0.0,131.1923303604126
298,4.0,6.651196530633328,2.651196530633328,70.98604106601073,67.95949560979838,435.17590699092364,0.0,131.15058612823486
299,4.0,6.644141476491876,2.6441414764918756,71.03838199128673,67.95949514571521,434.5056768474857,0.0,131.1080722808838
300,4.0,6.637221205217848,2.6372212052178483,71.08898138076262,67.95949491367367,433.8482510764531,0.0,131.06480407714844
301,4.0,6.630435910989841,2.630435910989841,71.13785502007711,67.95949468163212,433.2036481247924,0.0,131.02083015441895
302,4.0,6.623789082645823,2.623789082645823,71.18505145770315,67.95949468163212,432.57219943211066,0.0,130.9763240814209
303,4.0,6.617274992955779,2.617274992955779,71.23057659447217,67.95949468163212,431.9533609115565,0.0,130.9311981201172
304,4.0,6.610878455816881,2.6108784558168807,71.27446495162665,67.95949468163214,431.34568988336116,0.0,130.88522911071777
305,4.0,6.604613706696387,2.6046137066963873,71.31673973249728,67.95949468163215,430.75053871691426,0.0,130.83875465393066
306,4.0,6.598473760247509,2.5984737602475088,71.35743188726066,67.95949468163217,430.1672438042708,0.0,130.79170608520508
307,4.0,6.592459908599286,2.5924599085992863,71.39656547625819,67.95949468163218,429.5959278976897,0.0,130.74416542053223
308,4.0,6.58657293218953,2.5865729321895303,71.43416409087179,67.95949468163221,429.0366651387629,0.0,130.69620323181152
309,4.0,6.580796378241867,2.5807963782418666,71.47026239127287,67.95949468163222,428.48789251373483,0.0,130.64756774902344
310,4.0,6.575136393493415,2.5751363934934153,71.50488592325395,67.95949468163224,427.95019396263194,0.0,130.59843826293945
311,4.0,6.569595514287872,2.5695955142878724,71.53805053691306,67.95949468163221,427.42381043810536,0.0,130.5489044189453
312,4.0,6.564167147308846,2.5641671473088463,71.56980379114228,67.95949468163231,426.9081155750979,0.0,130.49893188476562
313,4.0,6.558859446715265,2.5588594467152648,71.60014156543112,67.95949468163225,426.40388401870763,0.0,130.4486846923828
314,4.0,6.553650244148925,2.5536502441489253,71.62910825487546,67.95949468163238,425.90900977490537,0.0,130.39781188964844
315,4.0,6.548553443014268,2.548553443014268,71.65672329980796,67.95949468163232,425.4248136671129,0.0,130.3466339111328
316,4.0,6.543563817898321,2.5435638178983213,71.68301417748566,67.95949468163234,424.950799281098,0.0,130.29510498046875
317,4.0,6.538674651986626,2.538674651986626,71.70799981908593,67.95949468163234,424.48632851948696,0.0,130.24313354492188
318,4.0,6.533896997940712,2.5338969979407118,71.73171453805593,67.9594830019955,424.0324513851251,0.0,130.19100952148438
319,4.0,6.52921833663171,2.5292183366317103,71.75416571283507,67.95947395323716,423.58797856076995,0.0,130.1385040283203
320,4.0,6.524639557585769,2.524639557585769,71.7753819135156,67.95948077042705,423.1529945514055,0.0,130.085693359375
321,4.0,6.520161439219603,2.520161439219603,71.79539311636529,67.95948163930785,422.7275733066198,0.0,130.03265380859375
322,4.0,6.515783424926972,2.5157834249269717,71.81421890523339,67.95948773233741,422.3116619488198,0.0,129.9794158935547
323,4.0,6.511504996147943,2.511504996147943,71.83187861351713,67.95948725826318,421.9052112148121,0.0,129.92601013183594
324,4.0,6.507313499309656,2.5073134993096557,71.84840754241941,67.95948120154645,421.50701901517476,0.0,129.87225341796875
325,4.0,6.503202307514306,2.5032023075143064,71.86380849845307,67.95948193944095,421.11645579461657,0.0,129.81802368164062
326,4.0,6.499176908546313,2.499176908546313,71.87811105065008,67.95948757203406,420.7340428926572,0.0,129.76348876953125
327,4.0,6.495250302015654,2.495250302015654,71.89134630784764,67.95949625183381,420.3610152722446,0.0,129.70896911621094
328,4.0,6.491400830238952,2.491400830238952,71.90353160770835,67.95949225859981,419.9953154534579,0.0,129.65406799316406
329,4.0,6.487637689807897,2.4876376898078973,71.91466430902197,67.95948092003152,419.6378171125077,0.0,129.59896850585938
330,4.0,6.483963382780079,2.483963382780079,71.92478215517578,67.95948052926444,419.288757944865,0.0,129.54379272460938
331,4.0,6.480383833236489,2.4803838332364894,71.93390201109177,67.95948370003852,418.948700738224,0.0,129.4886932373047
332,4.0,6.476876194374071,2.4768761943740714,71.94204660089798,67.95948649230955,418.61547504629425,0.0,129.43325805664062
333,4.0,6.473449897226843,2.4734498972268426,71.94923653175377,67.9594880447627,418.28997681730755,0.0,129.37771606445312
334,4.0,6.47011455757848,2.47011455757848,71.95549891765187,67.95947969898188,417.9731195507131,0.0,129.3223114013672
335,4.0,6.466859506771258,2.466859506771258,71.96084034978409,67.95947678967431,417.663889724027,0.0,129.266845703125
336,4.0,6.463698823622141,2.463698823622141,71.96525546032149,67.95947551052531,417.3636248248609,0.0,129.2115936279297
337,4.0,6.460600532017077,2.460600532017077,71.96879280641477,67.95947717127565,417.0692871223798,0.0,129.156005859375
338,4.0,6.457596900081178,2.457596900081178,71.97145716629723,67.95947107120072,416.7839420884694,0.0,129.10073852539062
339,4.0,6.454648637404142,2.4546486374041416,71.97329383755262,67.95947396364241,416.50385713415096,0.0,129.0450897216797
340,4.0,6.4517599604196025,2.4517599604196025,71.97430568593488,67.95947798098047,416.2294328206197,0.0,128.98915100097656
341,4.0,6.448952819918747,2.4489528199187474,71.97451064536087,67.9594786938257,415.9627544730385,0.0,128.9333953857422
342,4.0,6.446226806817212,2.4462268068172124,71.97392926450172,67.95948497208747,415.70378322839264,0.0,128.8778533935547
343,4.0,6.4435485444941305,2.4435485444941305,71.97256679684912,67.95948267063498,415.4493483076999,0.0,128.82186889648438
344,4.0,6.440954853374514,2.440954853374514,71.9704543531709,67.95948396408711,415.2029476513363,0.0,128.7662353515625
345,4.0,6.438441563227025,2.438441563227025,71.96759506522511,67.95948529662513,414.9641850873249,0.0,128.71087646484375
346,4.0,6.435990624797548,2.4359906247975482,71.96401074634836,67.95948989205678,414.7313459365246,0.0,128.6554718017578
347,4.0,6.433577405483831,2.433577405483831,71.95972857839617,67.95948887097467,414.5020901017214,0.0,128.59957885742188
348,4.0,6.431255823107548,2.4312558231075476,71.95475958055289,67.95949009753335,414.2815397759745,0.0,128.54429626464844
349,4.0,6.428999547674327,2.4289995476743274,71.94912446979485,67.95948933478175,437.14268931272466,0.0,128.4891357421875
350,4.0,6.425944408756605,2.425944408756605,71.95232672434422,67.95948479164458,436.85245111554104,0.0,128.4337921142578
351,4.0,6.421336799486758,2.421336799486758,71.97258635025896,67.95948251351298,436.41472823490557,0.0,128.37783813476562
352,4.0,6.415730491355072,2.415730491355072,72.00396190869998,67.95948599874994,435.8821289623954,0.0,128.32167053222656
353,4.0,6.409461791765255,2.4094617917652554,72.0425283759495,67.95948483468105,435.28660250136284,0.0,128.26495361328125
354,4.0,6.40276997844572,2.40276997844572,72.08551330173817,67.95948371387567,434.65088023600697,0.0,128.20748901367188
355,4.0,6.3958364516690205,2.3958364516690205,72.13101347562053,67.95947906615729,433.99219519222055,0.0,128.1494903564453
356,4.0,6.388785159141011,2.388785159141011,72.17771930157237,67.9594828493257,433.3223224020596,0.0,128.09109497070312
357,4.0,6.381668096855694,2.3816680968556936,72.22471318687278,67.95948075604554,432.6462014849545,0.0,128.03170776367188
358,4.0,6.374560371393693,2.3745603713936934,72.27135714956556,67.95948349388591,431.9709675660645,0.0,127.9717025756836
359,4.0,6.367510924093312,2.3675109240933123,72.3172190613267,67.95948324969969,431.30127007252827,0.0,127.91130065917969
360,4.0,6.3605340438544875,2.3605340438544875,72.36201590942349,67.95948391505928,430.6384664498399,0.0,127.85029602050781
361,4.0,6.353639053237641,2.353639053237641,72.4055196939828,67.95948169738665,429.9834423412395,0.0,127.78848266601562
362,4.0,6.346840504461414,2.3468405044614142,72.44760168142174,67.9594866577694,429.3375802074979,0.0,127.72593688964844
363,4.0,6.3401779170425705,2.3401779170425705,72.4881804310325,67.9594807382581,428.70463440270777,0.0,127.66332244873047
364,4.0,6.333618396291975,2.3336183962919748,72.52719595302172,67.95948748562026,428.0814799314012,0.0,127.59988403320312
365,4.0,6.327171425733794,2.327171425733794,72.56465426092993,67.95948190349887,427.469017728374,0.0,127.53583526611328
366,4.0,6.3208404593928025,2.3208404593928025,72.60050457105224,67.95948399562278,426.8675759259798,0.0,127.4711685180664
367,4.0,6.3146295110915105,2.3146295110915105,72.63477654319728,67.95948726544269,426.2775358373571,0.0,127.4060287475586
368,4.0,6.308566485354359,2.3085664853543593,72.6674686614318,67.95948640700108,425.7015483923277,0.0,127.34098815917969
369,4.0,6.3026206450063285,2.3026206450063285,72.69860612709996,67.95948330883483,425.1366935592648,0.0,127.27548217773438
370,4.0,6.296780801773347,2.2967808017733473,72.72820297589546,67.95948052085096,424.5819084521316,0.0,127.20932006835938
371,4.0,6.291070710153293,2.291070710153293,72.75627121199608,67.95948129232713,424.03944974822645,0.0,127.14301300048828
372,4.0,6.285464670007161,2.285464670007161,72.782840342828,67.9594819000137,423.5068759343439,0.0,127.07610321044922
373,4.0,6.279971587168454,2.279971587168454,72.8079329885058,67.95947563587978,422.9850330646667,0.0,127.00881958007812
374,4.0,6.274603904737307,2.2746039047373072,72.8315920858077,67.95948501410719,422.4751032337078,0.0,126.94149780273438
375,4.0,6.269324517554269,2.269324517554269,72.85382752647105,67.95948035280989,421.97356145131914,0.0,126.8734130859375
376,4.0,6.264157082940746,2.264157082940746,72.87465331928269,67.95948437273037,421.48265516303445,0.0,126.8050765991211
377,4.0,6.259085030958441,2.259085030958441,72.89412179817154,67.95947773580359,421.00081022471545,0.0,126.73625183105469
378,4.0,6.254125378225286,2.254125378225286,72.91220605117908,67.959488787531,420.52964321506573,0.0,126.66724395751953
379,4.0,6.249269534369475,2.249269534369475,72.92897129102587,67.95949125382536,420.0683380487637,0.0,126.5979995727539
380,4.0,6.244512351073089,2.244512351073089,72.94442975997143,67.95948746886181,419.61640563560707,0.0,126.5284423828125
381,4.0,6.239865826781391,2.239865826781391,72.95859150456113,67.95947889506795,419.17498582789574,0.0,126.4588394165039
382,4.0,6.2353147112811245,2.2353147112811245,72.97147717321629,67.95948404271557,418.7426298553704,0.0,126.38892364501953
383,4.0,6.230864291365595,2.230864291365595,72.98313165346379,67.95948497215028,418.3198399633951,0.0,126.31888580322266
384,4.0,6.226513383126754,2.226513383126754,72.99357002997321,67.95948514487431,417.9065036807052,0.0,126.24873352050781
385,4.0,6.222256479315779,2.222256479315779,73.00281413766429,67.95948597937243,417.50209781866255,0.0,126.17839813232422
386,4.0,6.218096158460615,2.2180961584606154,73.01087058196819,67.95948841617017,417.10686733742205,0.0,126.10794830322266
387,4.0,6.214031356981135,2.2140313569811347,73.01777119918874,67.95948594061626,416.7207111968714,0.0,126.03742218017578
388,4.0,6.210057445136296,2.2100574451362958,73.0235457279907,67.9594801549835,416.3431895716117,0.0,125.96678161621094
389,4.0,6.206176531651464,2.2061765316514643,73.02820234260084,67.95948895037321,415.9745027905527,0.0,125.89608764648438
390,4.0,6.202385047643484,2.2023850476434843,73.03177632963406,67.95948957232467,415.6143118097946,0.0,125.82533264160156
391,4.0,6.198689831953332,2.198689831953332,73.03428245110494,67.95948699481802,415.2632663192301,0.0,125.75468444824219
392,4.0,6.195072008553938,2.1950720085539377,73.03574614116278,67.95948511293375,414.91957309628765,0.0,125.68380737304688
393,4.0,6.191534750555489,2.1915347505554887,73.03618575551877,67.9594846654782,414.583533586435,0.0,125.61280059814453
394,4.0,6.188116168431696,2.188116168431696,73.03561132152778,67.9594833788671,414.2587682846747,0.0,125.5424575805664
395,4.0,6.184779992877727,2.1847799928777274,73.03405424530632,67.95948455016797,413.9418316070477,0.0,125.47209930419922
396,4.0,6.181525388621246,2.181525388621246,73.03153619606958,67.95948898781,413.63264420268194,0.0,125.40174865722656
397,4.0,6.178343228028778,2.178343228028778,73.02806584260325,67.95948900445828,413.3303389463975,0.0,125.33123779296875
398,4.0,6.175240112458278,2.175240112458278,73.02367941332543,67.9594915670534,413.0355429672,0.0,125.2607650756836
399,4.0,6.172233135566775,2.172233135566775,73.01838706993784,67.95949199017184,412.7498801625072,0.0,125.1906967163086
400,4.0,6.169298381755629,2.1692983817556293,73.01220810167017,67.95948774634357,412.47107855044834,0.0,125.1205825805664
401,4.0,6.166435998785386,2.166435998785386,73.00515752671392,67.95947859975834,412.19915216827525,0.0,125.05045318603516
402,4.0,6.163633430691412,2.1636334306914122,72.99727167937604,67.95947414697541,411.93290819934776,0.0,124.98011779785156
403,4.0,6.160912034821131,2.1609120348211306,72.98856411280191,67.9594750485809,411.674375591671,0.0,124.9100341796875
404,4.0,6.158264040028578,2.1582640400285777,72.97905035467167,67.95947444141039,411.4228160863785,0.0,124.84007263183594
405,4.0,6.15568309994734,2.15568309994734,72.96872462043176,67.9594760562157,411.1776267786609,0.0,124.77009582519531
406,4.0,6.153181680360902,2.153181680360902,72.95763035865684,67.95947760166375,410.93999191794927,0.0,124.70043182373047
407,4.0,6.150745757727122,2.1507457577271216,72.9457815513245,67.95948324507192,410.70857926774016,0.0,124.63082122802734
408,4.0,6.148379892867757,2.148379892867757,72.93319952077653,67.9594828607744,410.4838221061005,0.0,124.56139373779297
409,4.0,6.146086924806696,2.1460869248066956,72.91988591774704,67.95948028860109,410.26599014029966,0.0,124.4922103881836
410,4.0,6.143858861121576,2.1438588611215756,72.90586371156039,67.9594856005433,430.42098327086825,0.0,124.42314910888672
411,4.0,6.140984075553946,2.1409840755539458,72.89961508747741,67.95948173161204,430.14787864194335,0.0,124.3542709350586
412,4.0,6.13682453526217,2.1368245352621704,72.90850907077588,67.95948334434918,429.7527223142247,0.0,124.28520202636719
413,4.0,6.131828234912187,2.131828234912187,72.92729389001089,67.95948246943703,429.2780737809763,0.0,124.21601104736328
414,4.0,6.126289054362273,2.126289054362273,72.95243895702994,67.959487675808,428.75185162873447,0.0,124.14659118652344
415,4.0,6.120398740288657,2.120398740288657,72.98148874308662,67.95948529395494,428.192271791741,0.0,124.07661437988281
416,4.0,6.114312920571429,2.114312920571429,73.01275382794084,67.9594884038315,427.61411891860433,0.0,124.00634002685547
417,4.0,6.10813384931621,2.10813384931621,73.045070456791,67.95948736831869,427.0271071493584,0.0,123.93585205078125
418,4.0,6.101928857113367,2.101928857113367,73.0776324342635,67.95948168418936,426.43763289008837,0.0,123.86514282226562
419,4.0,6.095736793485148,2.0957367934851483,73.10987134338603,67.95948485840746,425.84938684540765,0.0,123.79403686523438
420,4.0,6.089579336816849,2.0895793368168487,73.14139030580161,67.9594836886554,425.26442846191924,0.0,123.72230529785156
421,4.0,6.083492849037004,2.083492849037004,73.17193885866725,67.95948548534774,424.686212122834,0.0,123.6502685546875
422,4.0,6.077489807986017,2.0774898079860167,73.20130849322713,67.95948756171326,424.1159232229901,0.0,123.57783508300781
423,4.0,6.071577129565408,2.0715771295654077,73.22941108877093,67.95948111323598,423.55421877303223,0.0,123.5050048828125
424,4.0,6.065750620304299,2.065750620304299,73.25615648832336,67.9594828880304,423.0007003932269,0.0,123.43154907226562
425,4.0,6.060024441745395,2.0600244417453952,73.28151341964995,67.95948070616912,422.45671343013106,0.0,123.35771179199219
426,4.0,6.0544026074719905,2.0544026074719905,73.30544169641036,67.95948524314561,421.92263917415767,0.0,123.28351593017578
427,4.0,6.048887241839822,2.0488872418398216,73.32794212880233,67.95948376952812,421.3986794391016,0.0,123.20901489257812
428,4.0,6.0434780550966005,2.0434780550966005,73.3490131351245,67.95948866987175,420.88480669849554,0.0,123.13420867919922
429,4.0,6.038178546797274,2.0381785467972744,73.36865272679348,67.95948255738148,420.38135341005966,0.0,123.05917358398438
430,4.0,6.032980704550106,2.0329807045501056,73.38689889414019,67.95948094555872,419.88755839657864,0.0,122.98381805419922
431,4.0,6.027894884674518,2.0278948846745184,73.40374857752647,67.95948481900405,419.4044055083978,0.0,122.90835571289062
432,4.0,6.022909587309831,2.0229095873098313,73.4192143562581,67.95948420495908,418.9308022587526,0.0,122.83258056640625
433,4.0,6.018029889597861,2.0180298895978606,73.43334872568147,67.95948114460221,418.46723097611533,0.0,122.7566909790039
434,4.0,6.013255900920855,2.0132559009208553,73.44614636387381,67.95948914202506,418.01370205179984,0.0,122.6806869506836
435,4.0,6.0085589711260985,2.0085589711260985,73.4576291222187,67.95948555338973,417.56749372129786,0.0,122.6040267944336
436,4.0,6.00396279783219,2.00396279783219,73.46782371862801,67.95948884195344,417.1308572583766,0.0,122.5272445678711
437,4.0,5.999465300097508,1.9994653000975076,73.47675216463398,67.95948565594522,416.70359497358174,0.0,122.4503402709961
438,4.0,5.995060621097018,1.9950606210970179,73.48444172708206,67.95948729777263,416.2851504685353,0.0,122.37324523925781
439,4.0,5.990757313346989,1.9907573133469887,73.49090818581962,67.95948352543697,415.8763362322824,0.0,122.2961654663086
440,4.0,5.986579722938792,1.9865797229387923,73.4961708351169,67.95948021527435,415.47946514350383,0.0,122.21963500976562
441,4.0,5.983711551935104,1.9837115519351043,73.50025263411817,67.95948509917176,415.2069888981534,0.0,122.16786409914486
442,4.0,5.979708113974917,1.979708113974917,73.50323271886124,67.95948878151681,414.8266622919357,0.0,122.09107697010033
443,4.0,5.975810380090878,1.975810380090878,73.50512570473987,67.95949279420627,414.4563775729519,0.0,122.01463699340813
444,4.0,5.971993213514762,1.9719932135147618,73.50598716277572,67.95948557812467,414.0937467482209,0.0,121.93812680244439
445,4.0,5.968261178850651,1.9682611788506508,73.5057957483946,67.95949037679416,413.73920345513034,0.0,121.86160755157464
446,4.0,5.9645904851859655,1.9645904851859655,73.5045599161831,67.95948829577681,413.3904875569853,0.0,121.78461074829094
447,4.0,5.960987004335532,1.9609870043355322,73.50229622817642,67.95948514851827,413.0481568761941,0.0,121.70728683471673
448,4.0,5.95748433723286,1.9574843372328603,73.49902546710473,67.95948651069612,412.7154035014402,0.0,121.63035917282097
449,4.0,5.954046595314222,1.9540465953142219,73.49474819147363,67.95948737792895,412.3888180191696,0.0,121.5530986785888
450,4.0,5.950701167948828,1.9507011679488278,73.48947677092393,67.95948364654049,412.07100241945716,0.0,121.47608757019036
451,4.0,5.9474448186704345,1.9474448186704345,73.48322291858986,67.9594878580005,411.7616492380098,0.0,121.39928150176995
452,4.0,5.944268322244207,1.9442683222442074,73.47600114565525,67.95948902540076,411.4598820775183,0.0,121.32251834869378
453,4.0,5.94115952840073,1.9411595284007301,73.46784891063892,67.95948822842082,411.1645466623879,0.0,121.24561405181878
454,4.0,5.93814057197747,1.9381405719774696,73.45876930584444,67.95948700928702,410.8777458021781,0.0,121.16902732849114
455,4.0,5.935219710919213,1.9352197109192133,73.44879044393377,67.9594864034697,410.60026400164384,0.0,121.09297466278069
456,4.0,5.932354598618607,1.9323545986186073,73.43793568741282,67.95948183855116,410.3280783330863,0.0,121.01663208007805
457,4.0,5.9295948512004975,1.9295948512004975,73.42620630962008,67.95948345333764,410.0659023283658,0.0,120.9410152435302
458,4.0,5.926914327418719,1.9269143274187188,73.41363993692451,67.95947796700192,409.8112525690968,0.0,120.86565399169915
459,4.0,5.924292888409988,1.9242928884099877,73.40023394158369,67.95947448981941,409.56221586326734,0.0,120.79013442993157
460,4.0,5.921742592453601,1.921742592453601,73.38604341329663,67.95946995775105,409.3199377474107,0.0,120.71479415893548
461,4.0,5.919260468886218,1.9192604688862183,73.37106059125415,67.95947005596443,409.08413600850935,0.0,120.63956069946282
462,4.0,5.916834821310404,1.9168348213104043,73.35530235053363,67.95946927185759,408.85369948880697,0.0,120.56422424316399
463,4.0,5.914477993355297,1.9144779933552973,73.3387881116916,67.95947156508757,408.6298008330717,0.0,120.48906898498528
464,4.0,5.912193463029483,1.9121934630294826,73.32154990530195,67.95947894966946,408.41277045211933,0.0,120.41421890258782
465,4.0,5.909981234267796,1.9099812342677964,73.30357469538819,67.95947673311329,426.3474304453032,0.0,120.33965301513665
466,4.0,5.907221543962001,1.9072215439620006,73.29246274052956,67.95947881930712,426.0852598662526,0.0,120.26522636413567
467,4.0,5.9033768582729484,1.9033768582729484,73.29482872004976,67.95947648880983,425.72001472579274,0.0,120.19083213806145
468,4.0,5.898824370846609,1.8988243708466088,73.30597411189093,67.95948279414448,425.28752842029047,0.0,120.11640739440911
469,4.0,5.893804667063543,1.8938046670635433,73.32275651967706,67.95948858329857,424.8106565608992,0.0,120.04166793823235
470,4.0,5.888503369949321,1.888503369949321,73.34298957663607,67.95949028883368,424.30703333504806,0.0,119.9667892456054
471,4.0,5.883032888078936,1.8830328880789358,73.36516112910219,67.95948883117028,423.7873375573615,0.0,119.8915710449218
472,4.0,5.877481077275691,1.8774810772756911,73.38822822180637,67.9594843182162,423.2599155310532,0.0,119.81608963012688
473,4.0,5.871905231594136,1.8719052315941358,73.4114640147054,67.95948580583921,422.73021019130545,0.0,119.74032211303702
474,4.0,5.866347868935011,1.8663478689350113,73.43436044553158,67.95948200936846,422.2022607386887,0.0,119.66430664062491
475,4.0,5.860861226359378,1.8608612263593782,73.45657091730428,67.95948150435851,421.68102969400354,0.0,119.5885467529296
476,4.0,5.855430788741517,1.8554307887415167,73.4778737918714,67.95948444105994,421.1651381203066,0.0,119.51239013671866
477,4.0,5.8500753817187,1.8500753817186997,73.49809983339993,67.95948844848009,420.656374453139,0.0,119.43595123291007
478,4.0,5.844806022590917,1.8448060225909169,73.51717016393148,67.9594810300771,420.1557853359997,0.0,119.35933303832999
479,4.0,5.839609099402155,1.8396090994021552,73.53498647980345,67.95947778463042,419.66207763306727,0.0,119.28210449218741
480,4.0,5.834511917922122,1.8345119179221223,73.5515441877528,67.95947212235801,419.17784539246423,0.0,119.20482254028312
481,4.0,5.829477195554206,1.8294771955542064,73.5668125677619,67.95947212182689,418.6995467675122,0.0,119.12668228149406
482,4.0,5.824544131862266,1.8245441318622664,73.58077592357564,67.95947741254234,418.23090571677784,0.0,119.04846572875968
483,4.0,5.819714995712706,1.8197149957127063,73.59341803187539,67.95947712292559,417.77213778256964,0.0,118.97019958496085
484,4.0,5.8149753469097005,1.8149753469097005,73.60476655873735,67.95947575585777,417.3218711462842,0.0,118.89163970947257
485,4.0,5.810335738175886,1.810335738175886,73.61483538106066,67.95947687417309,416.8811083165718,0.0,118.81303024291984
486,4.0,5.805787904975906,1.8057879049759062,73.6236358290249,67.95947638118933,416.4490641625736,0.0,118.73422622680656
487,4.0,5.801339775694541,1.801339775694541,73.63117749961913,67.95947717131912,416.02649188084405,0.0,118.65541076660148
488,4.0,5.796983273941743,1.796983273941743,73.63747678405515,67.9594818709645,415.61262421432815,0.0,118.5764503479003
489,4.0,5.792715202786297,1.7927152027862974,73.64256173990744,67.95948505795255,415.2071574545608,0.0,118.49732971191398
490,4.0,5.788545036964162,1.7885450369641616,73.64643938656306,67.95948454359063,414.81099170145797,0.0,118.4182586669921
491,4.0,5.7844641257977445,1.7844641257977445,73.64915058351187,67.95948680148918,414.4233051406484,0.0,118.33913040161124
492,4.0,5.780477143073175,1.780477143073175,73.65070683259383,67.95948605450141,414.04454178181425,0.0,118.26006317138663
493,4.0,5.776569182534525,1.7765691825345247,73.65112455184757,67.95948878990875,413.6732855306424,0.0,118.18078231811515
494,4.0,5.77274731846548,1.7727473184654796,73.65042296538,67.95948808675901,413.3102084440832,0.0,118.10146713256827
495,4.0,5.769020921220033,1.769020921220033,73.6486230834887,67.95948989953455,412.9562007057657,0.0,118.02234649658195
496,4.0,5.765371601236009,1.7653716012360086,73.64574577578512,67.95948773947323,412.60951530728335,0.0,117.94308090209952
497,4.0,5.761830841541016,1.7618308415410162,73.64180859368132,67.95947480052035,412.2731431362591,0.0,117.86434555053702
498,4.0,5.758374098892537,1.7583740988925367,73.63684224492668,67.95947428100695,411.94475258465354,0.0,117.7856903076171
499,4.0,5.754997322386149,1.7549973223861492,73.6308491956215,67.95947355422739,411.62395881654675,0.0,117.70703887939445
500,4.0,5.751709223082618,1.7517092230826181,73.62388590409223,67.95947279890939,411.31158938271136,0.0,117.62866210937491
501,4.0,5.748490901058313,1.7484909010583127,73.6159326661011,67.95947158079072,411.00584879040224,0.0,117.55014419555656
502,4.0,5.745359576982941,1.745359576982941,73.60701846171042,67.95947373346591,410.70837300324206,0.0,117.47188568115226
503,4.0,5.742306137676796,1.7423061376767963,73.59717043777968,67.9594753135928,410.4182962691583,0.0,117.3937454223632
504,4.0,5.73932397807592,1.7393239780759204,73.58639322964873,67.95947502096598,410.13499110707505,0.0,117.3155975341796
505,4.0,5.736403675855987,1.7364036758559873,73.57470609223815,67.95948039075432,409.8575623961813,0.0,117.23728179931632
506,4.0,5.733557771090915,1.733557771090915,73.56215789900862,67.95947923847045,409.58720144349945,0.0,117.15913391113273
507,4.0,5.730788023942766,1.7307880239427664,73.54873964403576,67.9594785234393,409.32407546442533,0.0,117.08117675781241
508,4.0,5.728109167878487,1.728109167878487,73.53447243635154,67.95948117645133,409.0695841383189,0.0,117.00374603271476
509,4.0,5.725507829693991,1.7255078296939912,73.51935958627617,67.959473216532,408.8224570107918,0.0,116.92657470703116
510,4.0,5.722956446640425,1.722956446640425,73.50345220799339,67.95947726456363,408.580075620703,0.0,116.84918212890616
511,4.0,5.720488157800713,1.7204881578007134,73.48675606025023,67.9594756010859,408.3455881809304,0.0,116.77225494384757
512,4.0,5.71809711479854,1.7180971147985398,73.46927394292355,67.95947920152648,408.1184390957239,0.0,116.69567871093741
513,4.0,5.71575602958501,1.7157560295850098,73.45102948757817,67.95947755254261,407.8960360004386,0.0,116.61893463134757
514,4.0,5.713483345219663,1.7134833452196627,73.43205440079709,67.95946093048117,423.9582227653173,0.0,116.54244995117179
515,4.0,5.710748107094603,1.7107481070946031,73.41915473899387,67.95946454076403,423.6983751434367,0.0,116.46619415283195
516,4.0,5.707091267603751,1.7070912676037509,73.41827949306162,67.95946102401791,423.3509753918057,0.0,116.39022827148429
517,4.0,5.7028139466390435,1.7028139466390435,73.42521775267446,67.95946668615949,422.94462990015853,0.0,116.31398773193351
518,4.0,5.6981444619085195,1.6981444619085195,73.43714313260787,67.95947530836332,422.50102885075876,0.0,116.23762512207023
519,4.0,5.6932379072375365,1.6932379072375365,73.45209347185533,67.95948795093028,422.03490615701537,0.0,116.1611785888671
520,4.0,5.688194953207086,1.688194953207086,73.46873955404496,67.95943177397375,421.55582552412255,0.0,116.08458709716788
521,4.0,5.6830920399423235,1.6830920399423235,73.48610832369702,67.95941969160931,421.0710487639701,0.0,116.00786590576163
522,4.0,5.677959993223606,1.677959993223606,73.50357587183927,67.95942640833925,420.58350432569193,0.0,115.93065643310538
523,4.0,5.672869188445695,1.672869188445695,73.5207002973324,67.95943599278758,420.0998778717904,0.0,115.85369873046866
524,4.0,5.667812381945549,1.6678123819455486,73.53714784345203,67.95944444779745,419.6194812542765,0.0,115.77632141113273
525,4.0,5.662795771729691,1.6627957717296908,73.55273404128103,67.95929015088721,419.14290328377,0.0,115.69836425781241
526,4.0,5.656916633962242,1.6569166339622416,73.56731169593147,67.95925725068959,418.58438519586235,0.0,115.60115256905547
527,4.0,5.652062404986068,1.6520624049860677,73.58073089684962,67.95927991742523,418.1232334431258,0.0,115.52302300930015
528,4.0,5.647299340997582,1.6472993409975816,73.59293050878186,67.95931797280993,417.6707423642196,0.0,115.44480776786796
529,4.0,5.642606869527462,1.6426068695274623,73.60387902500102,67.95937161084576,417.2249575745583,0.0,115.36604261398307
530,4.0,5.6380138542913985,1.6380138542913985,73.6135896523328,67.95914539964784,416.7886211271322,0.0,115.28734397888175
531,4.0,5.633517067266782,1.6335170672667818,73.6220530418641,67.95910112366869,416.36142635979365,0.0,115.20863676071158
532,4.0,5.62911305063404,1.6291130506340403,73.62928995733479,67.95911934595686,415.9430447796832,0.0,115.12988805770865
533,4.0,5.624794353484064,1.6247943534840639,73.63527964566411,67.959190889813,415.53276855043543,0.0,115.05091810226432
534,4.0,5.620562404545577,1.620562404545577,73.64008453503276,67.95928705155826,415.1307334012792,0.0,114.97185850143424
535,4.0,5.616421338939459,1.6164213389394586,73.64370282518384,67.95939136333965,414.73733216869795,0.0,114.89279556274406
536,4.0,5.612357051204804,1.6123570512048042,73.64616265250417,67.95898862791653,414.3512248339058,0.0,114.81348896026603
537,4.0,5.608406410624092,1.6084064106240916,73.64747400974919,67.95892592402512,413.9759139787381,0.0,114.73471260070792
538,4.0,5.604520473552715,1.6045204735527152,73.64765148631119,67.95896259878087,413.60674995695734,0.0,114.65549182891837
539,4.0,5.600720564851123,1.6007205648511231,73.6467261592607,67.95906756051257,413.24575863030606,0.0,114.57631492614738
540,4.0,5.595815199497549,1.5958151994975491,73.64471046641364,67.95919803667871,412.77974892171653,0.0,114.47283060848713
541,4.0,5.592189466645229,1.5921894666452294,73.64155514884999,67.95865810097958,412.43530430074617,0.0,114.39375805854797
542,4.0,5.588646727712617,1.588646727712617,73.63728010617302,67.9585934239246,412.098744102148,0.0,114.31465125083923
543,4.0,5.585187604212983,1.585187604212983,73.63191142394092,67.95869019703434,411.77012736968277,0.0,114.23556637763977
544,4.0,5.581816166750595,1.5818161667505954,73.62548449509873,67.95888011295439,411.449840810756,0.0,114.15664434432983
545,4.0,5.578528159507063,1.578528159507063,73.61805725155907,67.95910103011504,411.1374801226204,0.0,114.07789039611816
546,4.0,5.5753112306663795,1.5753112306663795,73.60961598877834,67.95838888142423,410.8318718827554,0.0,113.99903297424316
547,4.0,5.5721776574863355,1.5721776574863355,73.60021491387242,67.95828654428006,410.53418243065124,0.0,113.92040920257568
548,4.0,5.5691320612133275,1.5691320612133275,73.58985464459195,67.95839963533255,410.2448507847155,0.0,113.842116355896
549,4.0,5.566162647197006,1.5661626471970056,73.5785506124136,67.95864424323152,409.9627564531649,0.0,113.7639389038086
550,4.0,5.558462899461696,1.5584628994616958,73.56636833376601,67.95892678484557,409.23128041831046,0.0,113.58775806427002
551,4.0,5.551272633047689,1.551272633047689,73.55311221778796,67.95921068227638,408.5482051089798,0.0,113.42038303613663
552,4.0,5.548590249919141,1.5485902499191413,73.53846387104683,67.95824842767954,408.2933787117678,0.0,113.34300100803375
553,4.0,5.546004242694455,1.5460042426944547,73.52237856427735,67.95807554339291,408.0477080254226,0.0,113.26539540290833
554,4.0,5.543513507168593,1.5435135071685933,73.50511645101128,67.95816417441596,407.81108815046576,0.0,113.1879460811615
555,4.0,5.54112776638791,1.54112776638791,73.48678852053293,67.95842487752132,407.5844427763008,0.0,113.11102342605591
556,4.0,5.538825483211111,1.5388254832111112,73.46750438134583,67.95876202236647,407.36572587450496,0.0,113.03435707092285
557,4.0,5.536587316380692,1.5365873163806922,73.44735952946796,67.95755327610439,407.1531000256151,0.0,112.9576997756958
558,4.0,5.534441123263812,1.5344411232638118,73.42639407628255,67.9574518776173,406.9492116795115,0.0,112.8816819190979
559,4.0,5.532373349607909,1.5323733496079086,73.40465670221295,67.95766827804356,406.7527731822007,0.0,112.80610179901123
560,4.0,5.530345249951416,1.5303452499514156,73.3822006370554,67.95808940753783,421.0983835893723,0.0,112.73025131225586
561,4.0,5.527938876478083,1.5279388764780828,73.36510765996977,67.95859368578948,420.8697781094057,0.0,112.65495300292969
562,4.0,5.524740310715617,1.5247403107156172,73.35872036850202,67.95716828114446,420.56591436197147,0.0,112.57996654510498
563,4.0,5.512341190245795,1.5123411902457953,73.35925999549762,67.95703568857567,419.3879979173384,0.0,112.32813071087003
564,4.0,5.508287915350832,1.5082879153508317,73.36390223296051,67.95730796662205,419.0029368023168,0.0,112.25263780355453
565,4.0,5.50408698839022,1.5040869883902204,73.37059736925175,67.95782236919932,418.60384874105875,0.0,112.17726397514343
566,4.0,5.499798973126836,1.4997989731268362,73.37835146576751,67.95843212563356,418.1964872910373,0.0,112.10171723365784
567,4.0,5.495483835351116,1.4954838353511164,73.38647657428844,67.95899741439298,417.78654920234385,0.0,112.02616548538208
568,4.0,5.491180808207462,1.4911808082074618,73.39449869356537,67.95718383026362,417.3777616236967,0.0,111.95068407058716
569,4.0,5.486894375452535,1.4868943754525352,73.4020980305538,67.95684914374543,416.9705505119787,0.0,111.87487745285034
570,4.0,5.482667786885478,1.4826677868854778,73.40903759429555,67.95699456147226,416.56902459810823,0.0,111.79926824569702
571,4.0,5.478493265115014,1.4784932651150138,73.4151506960347,67.95746213983726,416.1724450299141,0.0,111.7234468460083
572,4.0,5.474371867073818,1.4743718670738177,73.42035775375321,67.95807639016665,415.7809122160005,0.0,111.64731693267822
573,4.0,5.470339812227715,1.4703398122277154,73.4245924847757,67.95609634929639,415.39786700562075,0.0,111.57151985168457
574,4.0,5.457144488511175,1.457144488511175,73.42779990353671,67.95593693056779,414.14431125254947,0.0,111.30725376307964
575,4.0,5.45326218233502,1.4532621823350196,73.42961834760051,67.95635711974634,413.7754921658147,0.0,111.2308224439621
576,4.0,5.449516450893917,1.449516450893917,73.42969697475851,67.95713192068413,413.41964767890994,0.0,111.15453934669495
577,4.0,5.4458927544403535,1.4458927544403535,73.42827532609414,67.95801444352337,413.0753965158214,0.0,111.07847571372986
578,4.0,5.442369760585014,1.4423697605850139,73.42551300565542,67.95884274114277,412.7407120995641,0.0,111.00244212150574
579,4.0,5.438935808997912,1.438935808997912,73.42150452665837,67.9567238530873,412.41448669878946,0.0,110.92634725570679
580,4.0,5.435593895842759,1.435593895842759,73.41635568699861,67.95635884710873,412.0970049490499,0.0,110.85041522979736
581,4.0,5.432341063393375,1.432341063393375,73.41013194697717,67.95651008620779,411.78798586635844,0.0,110.77468729019165
582,4.0,5.429154888751474,1.4291548887514738,73.40288410701963,67.95701742132403,411.4852992753778,0.0,110.6987853050232
583,4.0,5.426054412449286,1.426054412449286,73.39466058842389,67.95770643333569,411.19075402667,0.0,110.62317276000977
584,4.0,5.413333023549615,1.4133330235496153,73.38547126420602,67.95562077042786,409.98222208120126,0.0,110.3499986231327
585,4.0,5.410399727172649,1.4103997271726492,73.37496983994873,67.955510181723,409.7035589253895,0.0,110.27442133426666
586,4.0,5.407597673294999,1.4075976732949993,73.3628484614148,67.95602714753483,409.43736380701273,0.0,110.1991024017334
587,4.0,5.404910929259706,1.4049109292597057,73.34936885557059,67.956907012536,409.1821231236599,0.0,110.12411260604858
588,4.0,5.402326123732633,1.4023261237326334,73.33472336512743,67.95789011676452,408.936566598588,0.0,110.04946994781494
589,4.0,5.399809997526298,1.3998099975262983,73.31901241160564,67.95593598299045,408.69753460898613,0.0,109.97464895248413
590,4.0,5.39738032118401,1.3973803211840101,73.30235633369425,67.95585230256745,408.4667153564688,0.0,109.9001932144165
591,4.0,5.395040695022267,1.3950406950222671,73.28482888652249,67.95632607393388,408.2444508711032,0.0,109.82628726959229
592,4.0,5.3927514414332665,1.3927514414332665,73.26647866689473,67.957097427727,408.02697178014813,0.0,109.75219678878784
593,4.0,5.381722691103304,1.3817226911033043,73.24733759750158,67.95797880095964,406.97924049880174,0.0,109.49912744760513
594,4.0,5.379613683772377,1.3796136837723774,73.22712055066839,67.95876447748283,406.7788848023637,0.0,109.42600548267365
595,4.0,5.377601732346974,1.3776017323469736,73.20552222368278,67.95664436037693,406.5877494169503,0.0,109.35281753540039
596,4.0,5.375687430843253,1.3756874308432527,73.18280769411962,67.95627765791248,406.4058907740968,0.0,109.27997207641602
597,4.0,5.373876189181218,1.3738761891812183,73.15912975853365,67.95645959297299,406.23382281620354,0.0,109.2078070640564
598,4.0,5.372131334472423,1.3721313344724226,73.13460876361789,67.95700556202137,406.06806161886794,0.0,109.13575649261475
599,4.0,5.370451989534556,1.3704519895345557,73.10935039294348,67.95774239826972,418.92781775034894,0.0,109.06396007537842
600,4.0,5.368451240203098,1.3684512402030977,73.08883029459545,67.95572731267936,418.7377465638604,0.0,108.9927282333374
601,4.0,5.35691634075901,1.3569163407590104,73.07783279455589,67.95563497334709,417.641931116672,0.0,108.74217684566975
602,4.0,5.353780274998327,1.3537802749983268,73.07267714940056,67.95616364048581,417.3440048694071,0.0,108.6708493232727
603,4.0,5.350408587930985,1.3504085879309846,73.07081667610323,67.95702041655733,417.0236945980097,0.0,108.5996458530426
604,4.0,5.346908353507273,1.3469083535072732,73.0709225912279,67.9579952894886,416.6911723277571,0.0,108.5287573337555
605,4.0,5.343315771407684,1.343315771407684,73.07207418512881,67.958859041801,416.34987702829613,0.0,108.45754623413086
606,4.0,5.3396912812434945,1.3396912812434945,73.07363682259403,67.95677018946887,416.005550462698,0.0,108.38629484176636
607,4.0,5.33608725229993,1.3360872522999303,73.07517294469775,67.95641160745774,415.6631677130595,0.0,108.31541633605957
608,4.0,5.3324996085200524,1.3324996085200524,73.07639260121738,67.95656064945746,415.32234155397106,0.0,108.24439859390259
609,4.0,5.328932971425305,1.3289329714253046,73.07708680650005,67.95705637663823,414.98351102997,0.0,108.17302703857422
610,4.0,5.316607289914248,1.3166072899142476,73.07710516081569,67.95773849337624,413.81257128641965,0.0,107.92285278439522
611,4.0,5.313193213486056,1.3131932134860564,73.07602981246731,67.955653842335,413.4882340257415,0.0,107.85196268558502
612,4.0,5.309871076149836,1.309871076149836,73.0734565148558,67.95553014648604,413.1726309788005,0.0,107.78073143959045
613,4.0,5.306642632962582,1.306642632962582,73.06960724213316,67.95602900758384,412.86592887601137,0.0,107.70952582359314
614,4.0,5.303520838063791,1.3035208380637906,73.06457935948791,67.95688593726348,412.56935836062627,0.0,107.63875532150269
615,4.0,5.300467598366015,1.3004675983660148,73.0584738250206,67.95789803655583,412.27930058933754,0.0,107.5677981376648
616,4.0,5.297489666762505,1.2974896667625053,73.05136034318637,67.95602457432136,411.9963970870041,0.0,107.49689626693726
617,4.0,5.294601148305854,1.294601148305854,73.04329225125618,67.95598599710043,411.7219878336223,0.0,107.42641639709473
618,4.0,5.2917748171783305,1.2917748171783305,73.03429640216847,67.95646497321184,411.45348637650744,0.0,107.35584735870361
619,4.0,5.280154057982945,1.2801540579829451,73.02444931605791,67.95722194435575,410.34951425294594,0.0,107.10565066337585
620,4.0,5.277499223879757,1.2774992238797571,73.0133953880261,67.95807739444099,410.09730501314306,0.0,107.03559374809265
621,4.0,5.2749616079915524,1.2749616079915524,73.00086284316671,67.9588307877014,409.85623150376364,0.0,106.96576356887817
622,4.0,5.2725127222246195,1.2725127222246195,72.98708960228115,67.95669661619398,409.623587355905,0.0,106.89593291282654
623,4.0,5.270134184578519,1.2701341845785192,72.97225098097339,67.95630013740514,409.39762627952547,0.0,106.82598733901978
624,4.0,5.267857063529555,1.2678570635295552,72.95645239051268,67.95645589676714,409.1812997798739,0.0,106.75671195983887
625,4.0,5.265642984291896,1.2656429842918957,72.93980175142676,67.95698236738085,408.97096225229615,0.0,106.68748760223389
626,4.0,5.263501434644718,1.2635014346447182,72.92235629840418,67.9577209562652,408.7675150358143,0.0,106.61859083175659
627,4.0,5.2525744624277895,1.2525744624277895,72.90416967119869,67.95571546959697,407.72945267520606,0.0,106.37071661651134
628,4.0,5.2505787536771225,1.2505787536771225,72.88491700187855,67.95563921012149,407.53986034389277,0.0,106.30222129821777
629,4.0,5.248700945322589,1.2487009453225886,72.86432954645758,67.95617689241392,407.36146855021207,0.0,106.23418760299683
630,4.0,5.246905048453507,1.246905048453507,72.84267097309964,67.95706509461183,407.1908583476493,0.0,106.16627168655396
631,4.0,5.24519352417769,1.2451935241776901,72.8200904651844,67.95804853491386,407.0282635414466,0.0,106.09874081611633
632,4.0,5.243559474871507,1.2435594748715069,72.7966998477087,67.95891566813319,406.8730288573592,0.0,106.03161811828613
633,4.0,5.2419781376156,1.2419781376156003,72.77260199000101,67.95682462826143,418.5215941253963,0.0,105.96455240249634
634,4.0,5.2401125767206675,1.2401125767206675,72.75274995331164,67.95641403963414,418.3443658403777,0.0,105.89794445037842
635,4.0,5.237632120587511,1.2376321205875112,72.74146780734603,67.95655508612114,418.1087225077278,0.0,105.83140230178833
636,4.0,5.225884459122588,1.2258844591225877,72.73573243442581,67.95703711961166,416.9926946685601,0.0,105.58570381999016
637,4.0,5.222784708793382,1.222784708793382,72.7331701612126,67.9577011321563,416.6982183872856,0.0,105.51935803890228
638,4.0,5.219568322601487,1.2195683226014866,72.73207021789496,67.9556405631887,416.39266169905557,0.0,105.4527804851532
639,4.0,5.216315877085414,1.2163158770854139,72.73171644975778,67.95553306237895,416.08367937502857,0.0,105.38655757904053
640,4.0,5.2140035425741305,1.2140035425741305,72.73164483689663,67.95604789945004,415.86400759645676,0.0,105.33973717689514
641,4.0,5.210744765669312,1.210744765669312,72.73143826205471,67.95690795273141,415.55442379049896,0.0,105.27360033988953
642,4.0,5.207507425498192,1.207507425498192,72.73088637471143,67.95791895581853,415.2468764742426,0.0,105.2073974609375
643,4.0,5.204302874261635,1.2043028742616348,72.72985215513063,67.95884432895167,414.94244410676964,0.0,105.14116072654724
644,4.0,5.201132240150539,1.2011322401505389,72.72822555258512,67.9567823600464,414.64123386621543,0.0,105.07475519180298
645,4.0,5.189149483772503,1.1891494837725034,72.72590677837769,67.95642921146967,413.5028720103021,0.0,104.82933378219604
646,4.0,5.186129635869491,1.1861296358694906,72.72237875806688,67.95658785965972,413.21598645951593,0.0,104.76324546337128
647,4.0,5.183206838731207,1.1832068387312074,72.71749066357246,67.95707113188124,412.93832073137895,0.0,104.6971652507782
648,4.0,5.18035832285614,1.18035832285614,72.71135336722962,67.95774864818597,412.6677117232476,0.0,104.63079571723938
649,4.0,5.177630003078465,1.1776300030784652,72.7039738948117,67.95563053587132,412.4085213443685,0.0,104.56507682800293
650,4.0,5.174953034343035,1.1749530343430354,72.69571185460032,67.95548589201994,412.1542093145026,0.0,104.49913740158081
651,4.0,5.1723579377714515,1.1723579377714515,72.68642146958254,67.95600284234798,411.9076751402022,0.0,104.43338584899902
652,4.0,5.169819837813962,1.1698198378139617,72.67633511131814,67.9568714586987,411.6665556442407,0.0,104.3676552772522
653,4.0,5.158466191945656,1.1584661919456556,72.66528619952057,67.95786526987928,410.58795928675164,0.0,104.12261727452278
654,4.0,5.156087074107209,1.1560870741072087,72.65312641920883,67.95599368573204,410.36194309209907,0.0,104.05717945098877
655,4.0,5.153826174117422,1.1538261741174223,72.63955716279335,67.95593467825188,410.14715759306944,0.0,103.99212527275085
656,4.0,5.151666516969731,1.1516665169697307,72.62474448189025,67.95640760370023,409.94199016403877,0.0,103.92735123634338
657,4.0,5.149577279539499,1.149577279539499,72.60898828283243,67.95718651538668,409.7435126081667,0.0,103.86266565322876
658,4.0,5.1475780186655795,1.1475780186655795,72.59218767896915,67.95804985642673,409.5535828251444,0.0,103.7983193397522
659,4.0,5.1456391566982935,1.1456391566982935,72.57469394536867,67.95879360173001,409.36939093825225,0.0,103.73421859741211
660,4.0,5.143768491084229,1.143768491084229,72.55630281498146,67.95669839157135,420.0574783702162,0.0,103.67022895812988
661,4.0,5.1416445371810875,1.1416445371810875,72.54174243754849,67.95630821760597,419.8557027494178,0.0,103.60662603378296
662,4.0,5.133916515548042,1.1339165155480417,72.53498597049139,67.95648490487729,419.12154069427845,0.0,103.44126734137535
663,4.0,5.136379429214805,1.1363794292148048,72.53281885700667,67.95700873078896,430.1511220701616,0.0,103.48779964447021
664,4.0,5.13285438353632,1.13285438353632,72.53807160637515,67.95772556557,429.81624273070554,0.0,103.42426633834839
665,4.0,5.128576460890915,1.1285764608909146,72.55379184979464,67.95573007333465,429.409840079392,0.0,103.36046361923218
666,4.0,5.123834561257697,1.1238345612576968,72.57599730644293,67.95563594617742,428.9593596142363,0.0,103.29650092124939
667,4.0,5.118778987563839,1.1187789875638394,72.60234556158856,67.95617787501297,428.47908011331987,0.0,103.23204469680786
668,4.0,5.113544530901094,1.1135445309010938,72.6310360267641,67.95704319642212,427.98180673035904,0.0,103.16723251342773
669,4.0,5.108198868158602,1.1081988681586017,72.66118933096382,67.95801932077474,427.4739687698223,0.0,103.10216808319092
670,4.0,5.102811500236016,1.1028115002360162,72.69158782008913,67.95889779538497,426.96216881717663,0.0,103.0365195274353
671,4.0,5.088548713698229,1.0885487136982288,72.72185671904262,67.95682757828969,425.60720409608683,0.0,102.79130846261978
672,4.0,5.083208266828086,1.0832082668280858,72.75118044232575,67.95647171297568,425.09986164342325,0.0,102.72483384609222
673,4.0,5.077948397467942,1.0779483974679422,72.77908748066697,67.95660304456851,424.6001740542096,0.0,102.65790295600891
674,4.0,5.072781505013585,1.0727815050135847,72.80556913232121,67.9570722871096,424.10931927104565,0.0,102.59076237678528
675,4.0,5.0764890570012104,1.0764890570012104,72.8305403965438,67.95772750587773,424.46153670987013,0.0,102.70095592737198
676,4.0,5.07147372456421,1.0714737245642096,72.85445953764578,67.95564036120024,423.98508012835504,0.0,102.63318812847137
677,4.0,5.066478127078494,1.0664781270784944,72.87774053182785,67.95552421863344,423.5104983672121,0.0,102.56485509872437
678,4.0,5.061549742293039,1.061549742293039,72.89997487108546,67.95602474729708,423.0423018125938,0.0,102.496346950531
679,4.0,5.047817541812723,1.047817541812723,72.92126823744003,67.95690943059935,421.7377427669638,0.0,102.2481269389391
680,4.0,5.043030963533649,1.0430309635336492,72.94102962797501,67.95791608319838,421.2830178304518,0.0,102.17885303497314
681,4.0,5.038363209949776,1.0383632099497762,72.95891566820798,67.95603646029426,420.8395812399839,0.0,102.10931015014648
682,4.0,5.033799797205567,1.0337997972055666,72.97522758031711,67.95596871809211,420.40605702928394,0.0,102.03963494300842
683,4.0,5.029355984079294,1.0293559840792943,72.9898916982887,67.9564358798343,419.9838947822881,0.0,101.97004127502441
684,4.0,5.024990003769273,1.0249900037692727,73.00325881542668,67.95721179737646,419.569126652836,0.0,101.90017938613892
685,4.0,5.0300508122608125,1.0300508122608125,73.01522522959259,67.95806112430702,420.0499034595323,0.0,102.01952582597733
686,4.0,5.025838623960952,1.0258386239609516,73.02619477938462,67.95881051600058,419.6497455710455,0.0,101.94940841197968
687,4.0,5.021634898705223,1.0216348987052228,73.03666143606671,67.95667556340234,419.2503916717513,0.0,101.87873554229736
688,4.0,5.008651031418841,1.0086510314188413,73.04649246708387,67.95626379883454,418.01692427954504,0.0,101.6289971768856
689,4.0,5.004568450393066,1.0045684503930659,73.05501162548585,67.95642977149541,417.6290790820964,0.0,101.55800175666809
690,4.0,5.000606609749758,1.0006066097497577,73.06187434466663,67.95698323473879,417.2527042209821,0.0,101.48713660240173
691,4.0,4.996745604008835,0.9967456040088347,73.06735173956262,67.95772065981107,416.8859086755944,0.0,101.41638016700745
692,4.0,4.992968232944668,0.9929682329446683,73.07148484435267,67.95574950305881,416.5270584244986,0.0,101.34544515609741
693,4.0,4.989266814071556,0.9892668140715557,73.07442042054114,67.955684062285,416.1754236315529,0.0,101.27438354492188
694,4.0,4.995456689340029,0.9954566893400294,73.07612767669775,67.95622433108016,426.22030033078823,0.0,101.40239745378494
695,4.0,4.991611127205839,0.9916111272058394,73.08099297596104,67.9570887194949,425.8549719280402,0.0,101.33108270168304
696,4.0,4.987286165425607,0.9872861654256067,73.0928741141483,67.95803971945115,425.4441005589181,0.0,101.25974440574646
697,4.0,4.97383602206326,0.97383602206326,73.10900961513786,67.95889430087061,424.1663369394951,0.0,101.00895154476166
698,4.0,4.969046961537503,0.9690469615375026,73.12745974148399,67.95681220017063,423.71137618954816,0.0,100.93716156482697
699,4.0,4.964186207208304,0.9641862072083036,73.14674120820035,67.95642816166001,423.2496045282743,0.0,100.86501216888428
700,4.0,4.95932209240289,0.95932209240289,73.1660424656833,67.95656605479154,422.7875136217599,0.0,100.79276967048645
701,4.0,4.9544708684713115,0.9544708684713115,73.18518669894155,67.95704593917293,422.32664734826005,0.0,100.72052097320557
702,4.0,4.958510991765523,0.9585109917655226,73.20359656962854,67.9577211397745,422.71045906121,0.0,100.82801061868668
703,4.0,4.953695172355756,0.9536951723557561,73.22170124449644,67.95564399212246,422.25295621728225,0.0,100.75499665737152
704,4.0,4.948893326281857,0.9488933262818566,73.23954751333173,67.95551520330888,421.7967808402618,0.0,100.68186330795288
705,4.0,4.93531948632269,0.9353194863226904,73.25660230350131,67.95604935080992,420.50726604414103,0.0,100.42909356951714
706,4.0,4.930583908836711,0.9305839088367112,73.27291686667108,67.95695111769768,420.057386182973,0.0,100.35507357120514
707,4.0,4.925985586359056,0.9259855863590563,73.28737540997878,67.95794520884122,419.6205455475958,0.0,100.28126525878906
708,4.0,4.921463596916048,0.9214635969160483,73.30041840605753,67.95886626342842,419.19095655051,0.0,100.20703911781311
709,4.0,4.917024185284176,0.9170241852841761,73.31233531617896,67.95679508351321,418.7692124454821,0.0,100.13292384147644
710,4.0,4.921519844032625,0.9215198440326251,73.32275795750776,67.95644165210567,419.1963000265848,0.0,100.2387245297432
711,4.0,4.917218239773083,0.9172182397730833,73.33221938518271,67.95656885076204,418.78764762192833,0.0,100.16403520107269
712,4.0,4.912945549971333,0.912945549971333,73.34127486702658,67.9570402248527,418.3817420907621,0.0,100.08935832977295
713,4.0,4.908693926503722,0.9086939265037222,73.34963029159857,67.95769770821235,417.97783786133897,0.0,100.01413464546204
714,4.0,4.895733466456976,0.895733466456976,73.35710788603535,67.95558790834804,416.74659415689814,0.0,99.76023557782173
715,4.0,4.8916514415739245,0.8916514415739245,73.3631185179545,67.95547445866077,416.3588017930082,0.0,99.68522346019745
716,4.0,4.887654511673541,0.8876545116735413,73.36766270285348,67.95600750880345,415.9790934524718,0.0,99.60994100570679
717,4.0,4.883755156507219,0.8837551565072186,73.3707027831447,67.95689146097664,415.6086547116712,0.0,99.53459668159485
718,4.0,4.8887697766642,0.8887697766642004,73.37242415691819,67.95788898749127,424.52835650489436,0.0,99.63913601636887
719,4.0,4.884809679588985,0.8848096795889848,73.37682232539916,67.95602786944632,424.1521472827489,0.0,99.56439220905304
720,4.0,4.880421482635966,0.880421482635966,73.38725254596389,67.95597320969264,423.7352685722121,0.0,99.48908996582031
721,4.0,4.875779175642492,0.8757791756424922,73.40121811669889,67.95645367176886,423.29424940783207,0.0,99.41336965560913
722,4.0,4.870985054362287,0.8709850543622872,73.4174945661993,67.95720862277962,422.8388078862126,0.0,99.33764410018921
723,4.0,4.857305112838531,0.8573051128385307,73.43476403213036,67.95805212581314,421.53921344145573,0.0,99.08195966482162
724,4.0,4.852416608651674,0.8524166086516738,73.45212281215811,67.95880460328027,421.0748055437043,0.0,99.00563907623291
725,4.0,4.847571081063403,0.8475710810634034,73.46880961144227,67.95667493348955,420.61448042281864,0.0,98.92924356460571
726,4.0,4.851594278395429,0.8515942783954289,73.48444201027417,67.95627444403972,420.99668416936106,0.0,99.03241622447968
727,4.0,4.846862580323486,0.8468625803234859,73.49932885527751,67.95642492103659,420.5471728525265,0.0,98.95587408542633
728,4.0,4.842134830201441,0.8421348302014406,73.5138683623131,67.95697677622415,420.09803659093217,0.0,98.87890625
729,4.0,4.837446450709217,0.8374464507092174,73.52750455993889,67.95772201700882,419.652640539171,0.0,98.80149054527283
730,4.0,4.832779384933919,0.8327793849339189,73.54061128917978,67.95574408022037,419.2092692905176,0.0,98.7237639427185
731,4.0,4.819419669248664,0.8194196692486644,73.5525307088038,67.95567245245425,417.9400963004184,0.0,98.46680922806263
732,4.0,4.814914771081545,0.8149147710815452,73.56299698441637,67.9562177287645,417.5121309745421,0.0,98.38876688480377
733,4.0,4.810534638831324,0.8105346388313244,73.57182816766787,67.95709979539208,417.09601841077114,0.0,98.31106328964233
734,4.0,4.815064231759552,0.8150642317595516,73.57900386597393,67.95805535187678,417.5263297389527,0.0,98.41323047876358
735,4.0,4.8108436971221575,0.8108436971221575,73.58504668891281,67.95891328837732,417.1253789484003,0.0,98.33504390716553
736,4.0,4.806654821345192,0.8066548213451918,73.59062082033023,67.95685444028182,416.72743574958855,0.0,98.25686454772949
737,4.0,4.802526626126419,0.8025266261264186,73.59527102476247,67.956466165224,416.3352572038051,0.0,98.1786801815033
738,4.0,4.798464128771841,0.7984641287718413,73.59883317952145,67.95658617165104,415.94931995512025,0.0,98.10037803649902
739,4.0,4.794473201792773,0.7944732017927727,73.60150262310792,67.95706456751873,415.57018189210874,0.0,98.02234220504761
740,4.0,4.781733273071229,0.7817332730712288,73.60319621017385,67.9577364750968,414.35988866356206,0.0,97.76412564516068
741,4.0,4.777869899664796,0.7778698996647959,73.60351969851753,67.95565007482557,413.9928681899509,0.0,97.68556702136993
742,4.0,4.7829087666586885,0.7829087666586885,73.60217221503198,67.95551746011299,414.47156055437074,0.0,97.7867985367775
743,4.0,4.779239937888152,0.7792399378881516,73.59976128062937,67.95602881164973,414.12302182116974,0.0,97.7085884809494
744,4.0,4.775603482397795,0.7756034823977949,73.59643458527177,67.9569247611822,413.7775585495858,0.0,97.6298303604126
745,4.0,4.772048512249186,0.772048512249186,73.59247380322714,67.95791603991526,413.43983638546797,0.0,97.55190420150757
746,4.0,4.7685357638402905,0.7685357638402905,73.58755927577215,67.95602143962005,413.1061252866229,0.0,97.47358560562134
747,4.0,4.7650618139130705,0.7650618139130705,73.58193173772058,67.95596846154402,412.776100043537,0.0,97.39512586593628
748,4.0,4.761664128381509,0.7616641283815087,73.57537821243618,67.95644344136099,412.45331991803863,0.0,97.3170108795166
749,4.0,4.749601318838347,0.749601318838347,73.56774121036106,67.95720299832695,411.3073530114383,0.0,97.06040018796921
750,4.0,4.755141062637615,0.7551410626376152,73.55894553773138,67.95807665932342,411.8336286723688,0.0,97.161989569664
751,4.0,4.752004725138061,0.752004725138061,73.54890579521258,67.95883279047358,411.5356766099111,0.0,97.08465218544006
752,4.0,4.748902399499193,0.748902399499193,73.53813967152807,67.95671177815908,411.24095567421864,0.0,97.00706887245178
753,4.0,4.745857688087894,0.7458576880878942,73.52655981650346,67.95631476491569,410.95170809014525,0.0,96.92960810661316
754,4.0,4.742880103321732,0.742880103321732,73.51437179677082,67.95647677974462,410.6688375373599,0.0,96.8527364730835
755,4.0,4.739948011179247,0.7399480111792469,73.50113326641332,67.95700148821989,410.3902887838238,0.0,96.77543067932129
756,4.0,4.7370814125127705,0.7370814125127705,73.48719969977795,67.95772308666571,410.1179619105085,0.0,96.69856882095337
757,4.0,4.725500404305405,0.7255004043054054,73.47240453457039,67.95571391190742,409.0177661308088,0.0,96.44274370372295
758,4.0,4.731555088791276,0.7315550887912758,73.45642811327993,67.95563262660781,416.5427345004837,0.0,96.54531562328339
759,4.0,4.728761720398352,0.7287617203983521,73.44220238634996,67.95617150491498,416.2773645031559,0.0,96.46963202953339
760,4.0,4.725637981523097,0.7256379815230973,73.43282049489271,67.95707077217222,415.98060931000674,0.0,96.39359045028687
761,4.0,4.7223488741344095,0.7223488741344095,73.42629188649454,67.95803009268676,415.6681441080813,0.0,96.31793522834778
762,4.0,4.718899558798288,0.718899558798288,73.42161601401547,67.95889895560228,415.34045915114973,0.0,96.24145317077637
763,4.0,4.715425926780611,0.7154259267806111,73.41788144388072,67.95683296285497,415.01046410947043,0.0,96.16571712493896
764,4.0,4.711924904369441,0.7119249043694413,73.41439252483605,67.95647606304475,414.6778669804093,0.0,96.08975124359131
765,4.0,4.7084448867439095,0.7084448867439095,73.41079259064689,67.95660061187814,414.34726530598385,0.0,96.01407527923584
766,4.0,4.705002476281116,0.7050024762811162,73.40699952541365,67.95707947659842,414.0202363120184,0.0,95.93892070651054
767,4.0,4.7015768715845665,0.7015768715845665,73.4023892572188,67.95772904614009,413.69480386584627,0.0,95.86304879188538
768,4.0,4.698185754167123,0.698185754167123,73.39727785636528,67.95583015578548,413.3726477111892,0.0,95.78723478317261
769,4.0,4.69485743623081,0.6948574362308104,73.39147992586888,67.95574787987147,413.0564575072394,0.0,95.71181535720825
770,4.0,4.691585307930652,0.6915853079306524,73.38482156197686,67.95627341743392,412.7456053187245,0.0,95.63643074035645
771,4.0,4.688372785607156,0.6883727856071564,73.37725908412321,67.95712878437857,412.44041569799236,0.0,95.56109571456909
772,4.0,4.685226926309771,0.6852269263097712,73.3688276987961,67.95808459117075,412.14155906474076,0.0,95.48600196838379
773,4.0,4.682155524216217,0.682155524216217,73.35961984079762,67.9589421007707,411.849775865853,0.0,95.41143035888672
774,4.0,4.687913912524213,0.6879139125242126,73.34945461775743,67.95732814957483,418.93200492409267,0.0,95.51553577184677
775,4.0,4.67596290920679,0.67596290920679,73.34149856367014,67.95705923725922,417.7966596089375,0.0,95.26170194149017
776,4.0,4.672508089143808,0.6725080891438084,73.33797736318597,67.95718083630078,417.46845170295427,0.0,95.18674790859222
777,4.0,4.668935090063619,0.6689350900636191,73.33676427870466,67.95754486624581,417.12901679033627,0.0,95.11238670349121
778,4.0,4.6652544820019335,0.6652544820019335,73.33696299774832,67.95806098421609,416.77935902447615,0.0,95.03766536712646
779,4.0,4.661537052801252,0.6615370528012523,73.33775788673057,67.95670266416745,416.4262032504114,0.0,94.96296548843384
780,4.0,4.65783751638154,0.65783751638154,73.33859479441212,67.9566659460759,416.07474729053877,0.0,94.88868284225464
781,4.0,4.654107955218288,0.6541079552182882,73.3390869723993,67.95707632520524,415.7204389800298,0.0,94.81334114074707
782,4.0,4.659242243520998,0.6592422435209979,73.33918394809018,67.9577075699068,422.47099768223677,0.0,94.91806221008301
783,4.0,4.655440423488053,0.6554404234880531,73.34163078846234,67.95841912513694,422.10982477910693,0.0,94.84377574920654
784,4.0,4.642460168579115,0.6424601685791149,73.34848799993603,67.95751408290923,420.8767005627579,0.0,94.58817610144615
785,4.0,4.638140372397433,0.6381403723974328,73.3581555471403,67.9575815357606,420.466319925498,0.0,94.51261746883392
786,4.0,4.633804461668391,0.6338044616683911,73.36877658016016,67.95787849893095,420.0544084062391,0.0,94.43793451786041
787,4.0,4.629435194969347,0.6294351949693473,73.37956271688364,67.95831147595688,419.6393280698299,0.0,94.36275839805603
788,4.0,4.625076227366681,0.625076227366681,73.39023076755684,67.95876299139047,419.22522614757656,0.0,94.28761434555054
789,4.0,4.620722819104113,0.6207228191041132,73.40055813703208,67.95913106821929,418.81165236263274,0.0,94.2121205329895
790,4.0,4.625193319409174,0.6251933194091741,73.4101748191525,67.95824696128587,425.17568642600065,0.0,94.31562504172325
791,4.0,4.620785616612122,0.620785616612122,73.42146553699205,67.95809641045494,424.75695466028066,0.0,94.2402366399765
792,4.0,4.616026709936178,0.616026709936178,73.43756983241977,67.9581608837746,424.30485852606597,0.0,94.16382884979248
793,4.0,4.61112411608391,0.6111241160839098,73.45604567736704,67.95837884311034,423.8391121101005,0.0,94.08748435974121
794,4.0,4.606149408985596,0.6061494089855959,73.47579799336692,67.95869433312785,423.36651493576073,0.0,94.0112509727478
795,4.0,4.601102565277813,0.601102565277813,73.49601889200407,67.95813089831374,422.8870647835214,0.0,93.93408918380737
796,4.0,4.587217311724503,0.587217311724503,73.51643964776157,67.95820222352783,421.5679656959569,0.0,93.67663462460041
797,4.0,4.58219052973462,0.5821905297346204,73.53601550680852,67.95844865411507,421.090421406918,0.0,93.59889829158783
798,4.0,4.58604762861283,0.58604762861283,73.55418609275856,67.95876466518693,421.456845800348,0.0,93.70083352923393
799,4.0,4.5811745014391505,0.5811745014391505,73.57138936896257,67.95910325553426,420.9938987188484,0.0,93.62315917015076
800,4.0,4.576349358625762,0.5763493586257624,73.5877908928769,67.95870694752446,420.53551015157655,0.0,93.5453999042511
801,4.0,4.571546098613209,0.5715460986132088,73.60349583630895,67.95871615912776,420.0792004503839,0.0,93.46715950965881
802,4.0,4.566788270065149,0.5667882700651488,73.61820391766155,67.95881574475375,419.6272067383182,0.0,93.38854169845581
803,4.0,4.562105459552732,0.5621054595527317,73.63175012679586,67.95897149187917,419.18233973963856,0.0,93.30994701385498
804,4.0,4.557435799608454,0.557435799608454,73.6442641788105,67.95915697759713,418.7387220449323,0.0,93.2302794456482
805,4.0,4.552887524281789,0.5528875242817888,73.65566547335932,67.95929922948106,418.306635888899,0.0,93.15165567398071
806,4.0,4.557121188093486,0.5571211880934861,73.66586524207104,67.95898913880282,424.00148523789835,0.0,93.25118759274483
807,4.0,4.5525526191008865,0.5525526191008865,73.67730896297127,67.95895987148386,423.5674711836014,0.0,93.1721738576889
808,4.0,4.547757362283845,0.5477573622838454,73.69241123660014,67.95899395462202,423.1119217859826,0.0,93.09311270713806
809,4.0,4.542777639696982,0.5427776396969817,73.70953030614672,67.95910196634344,422.63884814023055,0.0,93.01277947425842
810,4.0,4.5377277552688575,0.5377277552688575,73.7277298685605,67.95921697091946,422.15910911955865,0.0,92.9323239326477
811,4.0,4.53269053105708,0.5326905310570798,73.74614101854095,67.95907124976515,421.68057281943976,0.0,92.85234308242798
812,4.0,4.527669123289345,0.5276691232893453,73.76429374896522,67.9590889246794,421.2035390815051,0.0,92.77230978012085
813,4.0,4.513812226241684,0.5138122262416838,73.78177678505328,67.95916334501001,419.88713386197725,0.0,92.51030170172453
814,4.0,4.517604199339697,0.5176041993396971,73.7983533748448,67.9592641219633,420.2473713062884,0.0,92.6088197529316
815,4.0,4.512716134676208,0.5127161346762081,73.81347028250951,67.95936300361092,419.78300516325703,0.0,92.5275661945343
816,4.0,4.507846329840427,0.5078463298404268,73.82790624470279,67.95943410562361,419.3203737038578,0.0,92.44579339027405
817,4.0,4.5030195253415375,0.5030195253415375,73.84134197442623,67.95936370334185,418.86182727646326,0.0,92.36361241340637
818,4.0,4.498331162901224,0.49833116290122437,73.85359195865946,67.95935958987889,418.41643284463356,0.0,92.28275394439697
819,4.0,4.493686510922505,0.4936865109225046,73.8647278438152,67.95936110021984,417.97519090665514,0.0,92.20136976242065
820,4.0,4.489044189866082,0.4890441898660818,73.87467673712139,67.95936781310513,417.53417040629495,0.0,92.1185245513916
821,4.0,4.484468537594864,0.4844685375948643,73.88366839481559,67.95939519345674,417.0994834405293,0.0,92.03582954406738
822,4.0,4.488707737487972,0.4887077374879718,73.89128629780222,67.95937553426957,422.14493093651026,0.0,92.13233014941216
823,4.0,4.484202061148783,0.4842020611487827,73.8998978719492,67.95937881852554,421.7168916842873,0.0,92.05057621002197
824,4.0,4.479501193745965,0.479501193745965,73.91159492830549,67.9593900219812,421.2703092810196,0.0,91.96863269805908
825,4.0,4.47464307395207,0.4746430739520697,73.92508426947938,67.95943715273694,420.80878790059955,0.0,91.88565731048584
826,4.0,4.469735867171922,0.46973586717192184,73.93937921582626,67.95946887786529,420.3426032564855,0.0,91.80263757705688
827,4.0,4.46477481516876,0.4647748151687603,73.95373431093579,67.95949129350826,419.87130331618516,0.0,91.71854734420776
828,4.0,4.459865001730487,0.4598650017304866,73.96776844619005,67.95949129244846,419.40487103954916,0.0,91.63507270812988
829,4.0,4.454947319084549,0.4549473190845488,73.9810798702132,67.95948538562703,418.93769118818506,0.0,91.55050373077393
830,4.0,4.458847369096505,0.4588473690965049,73.99364981664176,67.95947912727148,419.3081959393209,0.0,91.64621967077255
831,4.0,4.454094220770614,0.4540942207706138,74.00561435051262,67.9594678538488,418.85664684836127,0.0,91.56332755088806
832,4.0,4.4493421329194875,0.44934213291948755,74.01715522569687,67.95947410186359,418.4051985025043,0.0,91.47990202903748
833,4.0,4.4446206710398934,0.44462067103989344,74.02803436872505,67.95947844838233,417.9566596239428,0.0,91.39625883102417
834,4.0,4.439953484539382,0.439953484539382,74.03801475641886,67.95948619096016,417.51327690639425,0.0,91.31259489059448
835,4.0,4.435328828629637,0.43532882862963707,74.04686294686707,67.95949256239008,417.0739345949685,0.0,91.22838497161865
836,4.0,4.430765344356982,0.4307653443569821,74.05484239999586,67.95949731975635,416.64040358906624,0.0,91.14434146881104
837,4.0,4.426260467697297,0.426260467697297,74.06160401191865,67.95950801699036,416.21244030639616,0.0,91.05998611450195
838,4.0,4.430501354840864,0.4305013548408638,74.0672766687005,67.95951224611635,420.7050874560232,0.0,91.15421378612518
839,4.0,4.425987387333534,0.42598738733353425,74.07387313552088,67.9595094969436,420.2762605428269,0.0,91.0694522857666
840,4.0,4.421327446166,0.42132744616599993,74.0830596433635,67.95950465229971,419.83356613191114,0.0,90.98485136032104
841,4.0,4.416566410190116,0.4165664101901161,74.09364978329901,67.95949839982033,419.3812677142022,0.0,90.89986801147461
842,4.0,4.411764051189072,0.41176405118907233,74.10485377038613,67.95949004556859,418.925043609103,0.0,90.81475830078125
843,4.0,4.40696039623295,0.4069603962329502,74.11603229894727,67.95948042184845,418.4686963882714,0.0,90.72956085205078
844,4.0,4.402177899044698,0.40217789904469825,74.1268395683818,67.95946990944658,418.01435915538747,0.0,90.64431524276733
845,4.0,4.397409050256173,0.3974090502561731,74.13695423158485,67.95946657745773,417.5613185204776,0.0,90.55847597122192
846,4.0,4.4013691957368035,0.4013691957368035,74.14626147165706,67.95947137329799,421.75053970063715,0.0,90.65140867233276
847,4.0,4.39659130819101,0.3965913081910104,74.15637913636402,67.95947926950586,421.2966403837868,0.0,90.565358877182
848,4.0,4.391660512783968,0.3916605127839681,74.16922386506405,67.9594885024375,420.82821482011775,0.0,90.47945880889893
849,4.0,4.386633888123148,0.38663388812314814,74.18332122516972,67.95949008448565,420.3506854773399,0.0,90.39307522773743
850,4.0,4.381589105331307,0.3815891053313072,74.19789710846597,67.95949435408214,419.871431112115,0.0,90.30686044692993
851,4.0,4.376533016167284,0.37653301616728374,74.21236080067939,67.95949765036714,419.39110264153277,0.0,90.2202353477478
852,4.0,4.371497016554739,0.37149701655473866,74.22642926694601,67.95949732484138,418.91268267834096,0.0,90.1335039138794
853,4.0,4.366500254047238,0.36650025404723774,74.23976478053132,67.95950115358744,418.4379902401284,0.0,90.04665327072144
854,4.0,4.3702371803935405,0.3702371803935405,74.25215669076631,67.95949691429816,418.7929982430271,0.0,90.13875997066498
855,4.0,4.365313928673432,0.36531392867343193,74.26379248321311,67.95949065234736,418.32528932961685,0.0,90.0513243675232
856,4.0,4.360434985879437,0.36043498587943734,74.27504948078789,67.95948641830657,417.86178976418734,0.0,89.96431231498718
857,4.0,4.355588078755849,0.35558807875584897,74.28542174287614,67.95948378559999,417.40133358744646,0.0,89.87686038017273
858,4.0,4.350781284518924,0.35078128451892443,74.29500646515393,67.95948097785454,416.94468813493864,0.0,89.78925657272339
859,4.0,4.3460171635786065,0.34601716357860646,74.30352237242865,67.95948265318361,416.4920966456084,0.0,89.70121765136719
860,4.0,4.341340356273862,0.3413403562738617,74.31100209324399,67.9594795614603,416.0477999516577,0.0,89.61370897293097
861,4.0,4.336733288350844,0.33673328835084426,74.31721059602751,67.9594871178898,415.610128498971,0.0,89.52608919143682
862,4.0,4.340823895407292,0.34082389540729174,74.32228539239264,67.9594922504337,419.23656317570277,0.0,89.61665344238287
863,4.0,4.336240164997697,0.3362401649976974,74.32787193339387,67.95949340638413,418.8011087867913,0.0,89.5287510156632
864,4.0,4.331544322197557,0.3315443221975567,74.33547034483168,67.95949357715318,418.355003720778,0.0,89.44094014167791
865,4.0,4.326786553615554,0.32678655361555364,74.34396804981277,67.95949530130915,417.9030157054877,0.0,89.35291147232061
866,4.0,4.322016479878758,0.3220164798787577,74.35276665086356,67.95949969113722,417.44985870049203,0.0,89.2649674415589
867,4.0,4.317233555610717,0.3172335556107173,74.36136070383021,67.95949817509434,416.9954808950282,0.0,89.17648935317999
868,4.0,4.312470578815911,0.312470578815911,74.36946183881751,67.95949261777156,416.54299809952164,0.0,89.08781003952032
869,4.0,4.307750306251672,0.30775030625167243,74.37689137686804,67.95948978520926,416.09457220591895,0.0,88.99918794631964
870,4.0,4.311714682948395,0.311714682948395,74.38328481543111,67.9594873133364,419.43247748011737,0.0,89.0887503623963
871,4.0,4.307008158074751,0.30700815807475124,74.39027175538673,67.95949376630836,418.9853576171212,0.0,88.99986314773565
872,4.0,4.302185892828217,0.3021858928282173,74.39923337340966,67.95949365202162,418.5272424187005,0.0,88.91092562675482
873,4.0,4.297322136773608,0.29732213677360786,74.40910388827216,67.9594918213408,418.0651855935126,0.0,88.82219147682196
874,4.0,4.29242993074151,0.2924299307415099,74.41914148910011,67.95949284083876,417.6004260204633,0.0,88.73304176330572
875,4.0,4.287545870097101,0.28754587009710075,74.42897752010705,67.95949128648316,417.1364402592444,0.0,88.64379310607916
876,4.0,4.282685902330219,0.2826859023302193,74.43829616947939,67.95948908583446,416.6747433213907,0.0,88.55440044403082
877,4.0,4.277861828570751,0.27786182857075126,74.44688693259444,67.9594859537415,416.2164563142412,0.0,88.46485996246344
878,4.0,4.276999144565295,0.27699914456529484,74.4545526049337,67.95948477716976,416.1345013337229,0.0,88.4561271667481
879,4.0,4.277087496539972,0.27708749653997167,74.46131804669785,67.9594799168627,416.1428947713172,0.0,88.46599233150488
880,4.0,4.272387321611335,0.27238732161133505,74.4675441602237,67.95947728743286,415.6963781530967,0.0,88.3761643171311
881,4.0,4.267730637061994,0.2677306370619936,74.47329526027188,67.95946192677124,415.25399312090923,0.0,88.28665661811834
882,4.0,4.263072710317115,0.26307271031711466,74.47822042167252,67.95945657143778,414.81149008014575,0.0,88.19613027572638
883,4.0,4.25848439435756,0.2584843943575601,74.4824368633542,67.95944401569706,414.3756000639881,0.0,88.10619306564337
884,4.0,4.253974614105651,0.25397461410565114,74.4855079804855,67.95945033370414,413.9471709400567,0.0,88.0165166854859
885,4.0,4.249516698847192,0.2495166988471924,74.4875694411092,67.95945843412674,413.52366899050315,0.0,87.9267139434815
886,4.0,4.24509872461528,0.24509872461528026,74.48855022114799,67.95946494254319,413.10396143847146,0.0,87.83645820617681
887,4.0,4.240761078810378,0.24076107881037778,74.48852037769176,67.95946848782884,412.69188508700574,0.0,87.7466716766358
888,4.0,4.236480976970237,0.2364809769702374,74.48731418830297,67.95947113946914,412.2852754121924,0.0,87.65669155120855
889,4.0,4.2408835586812,0.24088355868120015,74.48501086330606,67.95947732420785,412.70352067473385,0.0,87.74507164955145
890,4.0,4.236729227187822,0.23672922718782186,74.48195694348681,67.95948176329047,412.30885918286293,0.0,87.65552330017096
891,4.0,4.232582763074002,0.23258276307400205,74.47840270117156,67.95947861412495,411.91494509205006,0.0,87.56555652618414
892,4.0,4.228485239402055,0.22848523940205467,74.47418209332874,67.9594727610366,411.5256803432151,0.0,87.47582769393927
893,4.0,4.224442808577555,0.22444280857755494,74.46915723983082,67.95947224034488,411.1416494148876,0.0,87.38630437850958
894,4.0,4.22041023544599,0.22041023544599003,74.46321710612249,67.95947233746125,410.75855496738893,0.0,87.29592323303228
895,4.0,4.21648436521677,0.21648436521677006,74.45639796262842,67.95946103607989,410.385597295613,0.0,87.20673274993902
896,4.0,4.212606156353876,0.2126061563538757,74.4484927383019,67.95945554404757,410.017167453638,0.0,87.11727190017706
897,4.0,4.208791714972448,0.20879171497244808,74.43955358641642,67.9594551487223,409.6547955224024,0.0,87.02793788909918
898,4.0,4.205051414137941,0.20505141413794092,74.42962841014204,67.95945985080547,409.29946694312423,0.0,86.93900394439703
899,4.0,4.201338841632149,0.20133884163214866,74.41863790483634,67.9594668251685,408.94677255507395,0.0,86.84942054748541
900,4.0,4.19774712934595,0.19774712934594962,74.40666092211823,67.95947139560863,408.6055598878851,0.0,86.76120758056646
901,4.0,4.194165241904143,0.19416524190414286,74.39359281975256,67.95947733212479,408.26528058091344,0.0,86.67195034027105
902,4.0,4.190683735941891,0.19068373594189136,74.37956699299875,67.9594806299403,407.93453751449954,0.0,86.58367824554449
903,4.0,4.187289477025178,0.18728947702517829,74.36447997814328,67.95948185466618,407.6120829174118,0.0,86.49600124359137
904,4.0,4.183900075241633,0.18390007524163288,74.34834752973053,67.95948336220981,407.290089747975,0.0,86.40723800659185
905,4.0,4.189219890597345,0.1892198905973448,74.33133094312215,67.95948251383645,407.7954722067676,0.0,86.497302800417
906,4.0,4.185999514405514,0.18599951440551443,74.31362693393285,67.95947210035291,407.48953646854375,0.0,86.41022396087652
907,4.0,4.182822900528507,0.1828229005285067,74.29556488767756,67.95945711640236,407.187758150228,0.0,86.32366394996649
908,4.0,4.179607714935005,0.17960771493500527,74.27699525996135,67.95945212175313,406.88231551884536,0.0,86.23575067520147
909,4.0,4.176444832922984,0.17644483292298396,74.25783226157235,67.95945212175285,406.5818417277033,0.0,86.14826107025152
910,4.0,4.173389449501925,0.1733894495019248,74.23792451038024,67.95945212175292,406.2915803027027,0.0,86.06215858459478
911,4.0,4.170398519974357,0.1703985199743574,74.21717683506415,67.9594521217529,406.0074419975838,0.0,85.9764456748963
912,4.0,4.167432151524266,0.16743215152426583,74.19561526702346,67.95945447768611,405.7256369948251,0.0,85.8903312683106
913,4.0,4.1645061581106315,0.16450615811063152,74.17326140565297,67.9594568336194,405.44766762052984,0.0,85.80416774749762
914,4.0,4.161639046653683,0.16163904665368278,74.15003321133268,67.95946512048513,405.1752920321197,0.0,85.71824264526373
915,4.0,4.158830000594524,0.15883000059452357,74.12595762494816,67.95946774302897,404.9084326564996,0.0,85.632571220398
916,4.0,4.1560925128397725,0.15609251283977255,74.10101805695903,67.95947241817805,404.64837131979823,0.0,85.54741287231451
917,4.0,4.153461275049929,0.15346127504992868,74.0752335078914,67.95947596565901,404.39840372976306,0.0,85.4635038375855
918,4.0,4.15086692871848,0.15086692871847962,74.04859023991591,67.9594757911428,404.15194082827543,0.0,85.37940120697027
919,4.0,4.143976357207554,0.14397635720755364,74.02114238020116,67.95947495573893,403.4973365347374,0.0,85.20607332140213
920,4.0,4.141522678879381,0.1415226788793813,73.99268675116309,67.95947567366746,403.26423709356106,0.0,85.12288618087774
921,4.0,4.139168439354989,0.13916843935498857,73.9631045992181,67.95946837895984,403.04058433874377,0.0,85.04048562049871
922,4.0,4.136889691502841,0.1368896915028408,73.93249937236308,67.9594673488056,402.82410329278974,0.0,84.95849847793585
923,4.0,4.134679652391416,0.13467965239141577,73.90097983439658,67.95946480925721,402.61414957720433,0.0,84.8769104480744
924,4.0,4.132516485718913,0.13251648571891295,73.86860617695511,67.95946061911482,402.4086487433166,0.0,84.79534244537359
925,4.0,4.130413837008836,0.13041383700883635,73.83541954420892,67.95946448484035,402.2088971158593,0.0,84.71412181854254
926,4.0,4.128385472845421,0.12838547284542123,73.80146324809463,67.95946114121928,402.01620252033484,0.0,84.63358020782476
927,4.0,4.126394906558508,0.1263949065585077,73.76675750405025,67.9594776338976,401.8270987230781,0.0,84.55299234390264
928,4.0,4.1244726164363925,0.12447261643639251,73.73135042263063,67.95947998999483,401.64448116147713,0.0,84.47303771972662
929,4.0,4.122582341581463,0.12258234158146308,73.69525015282787,67.95947998999489,401.46490505025884,0.0,84.39298248291021
930,4.0,4.120775092787411,0.12077509278741072,73.65845915224169,67.9594788310512,401.29321641482386,0.0,84.31387329101568
931,4.0,4.119100130014568,0.11910013001456843,73.62102181614013,67.95947635482399,401.1340949514039,0.0,84.2367668151856
932,4.0,4.117454176126629,0.11745417612662923,73.58294638055868,67.95947312403334,400.97772933204965,0.0,84.15955829620367
933,4.0,4.115869628461055,0.11586962846105475,73.5442545782628,67.95946945746671,400.82719730382007,0.0,84.0829343795777
934,4.0,4.114326675733043,0.114326675733043,73.50496758748737,67.95946903786248,400.68061679465893,0.0,84.00651359558111
935,4.0,4.112824512331016,0.11282451233101565,73.46509280768558,67.95946711232257,400.5379112714663,0.0,83.93028736114508
936,4.0,4.1113620345592885,0.1113620345592885,73.42465550258818,67.95946800392925,400.3989758831523,0.0,83.85426139831549
937,4.0,4.109972673888423,0.10997267388842324,73.38366661611074,67.95946242527626,400.26698661942004,0.0,83.77912902832037
938,4.0,4.108689609217814,0.10868960921781401,73.3421446708938,67.95945964250078,400.1450954757122,0.0,83.70558547973638
939,4.0,4.107445690440077,0.1074456904400769,73.3001021438729,67.95946228500637,400.02692319182717,0.0,83.6322746276856
940,4.0,4.106256077182003,0.10625607718200314,73.25756194335622,67.95946837209374,399.91390993231016,0.0,83.55953025817877
941,4.0,4.105086681302305,0.10508668130230525,73.21452276494341,67.9594752008684,399.80281732373885,0.0,83.4866561889649
942,4.0,4.103951825103944,0.10395182510394374,73.17102560459553,67.95947925341943,399.6950059848945,0.0,83.41399002075201
943,4.0,4.102905609800279,0.10290560980027941,73.12705750348317,67.9594835897138,399.5956155310464,0.0,83.34261512756353
944,4.0,4.1019457791892675,0.1019457791892675,73.08265277967989,67.95948482756388,399.50443162300024,0.0,83.2725219726563
945,4.0,4.101039629217211,0.10103962921721088,73.03781873765517,67.95948070807528,399.4183473756549,0.0,83.20305252075201
946,4.0,4.1001517788976924,0.10015177889769245,72.99257881032132,67.95947687843994,399.33400159530066,0.0,83.13351440429693
947,4.0,4.099316318159329,0.09931631815932906,72.9469347467464,67.95946889994728,399.25463282515614,0.0,83.06459999084478
948,4.0,4.098515083865106,0.09851508386510588,72.90091123251281,67.95946299626436,399.1785155672049,0.0,82.99596786499023
949,4.0,4.09772923252775,0.09772923252775012,72.85450741083045,67.95946024333651,399.1038596901561,0.0,82.9272346496582
950,4.0,4.097098388717485,0.09709838871748477,72.80774622029978,67.95946032603024,399.0439295281809,0.0,82.86124992370605
951,4.0,4.096502436103289,0.09650243610328868,72.7606442302229,67.95946995924805,398.9873140298323,0.0,82.79559898376465
952,4.0,4.0959414043804765,0.09594140438047649,72.71321202681618,67.95947412729765,398.9340160161651,0.0,82.73029327392578
953,4.0,4.0954133790661915,0.09541337906619152,72.66547795014465,67.95947466237604,398.88385361130804,0.0,82.66532516479492
954,4.0,4.094917551507452,0.09491755150745185,72.61744899386235,67.95947629690819,398.8367499932278,0.0,82.6006851196289
955,4.0,4.094453030248534,0.09445303024853402,72.56913527580109,67.9594745646907,398.79262047363056,0.0,82.5363655090332
956,4.0,4.094071956721501,0.0940719567215007,72.5205500585584,67.95947100658437,398.7564184885624,0.0,82.47343063354492
957,4.0,4.093775026156014,0.09377502615601419,72.47170405732622,67.9594738534748,398.7282100848412,0.0,82.41190338134766
958,4.0,4.093526781705598,0.0935267817055978,72.42262366766221,67.95946938824535,398.70462686205167,0.0,82.3510971069336
959,4.0,4.0932921735889725,0.09329217358897246,72.37330628564806,67.95946759722088,398.6823390909722,0.0,82.29030227661133
960,4.0,4.0930849344060345,0.09308493440603449,72.32378483417955,67.95946129424121,398.6626513685931,0.0,82.22983169555664
961,4.0,4.0929227008396944,0.09292270083969445,72.27407094892293,67.95946341958494,398.6472391797908,0.0,82.17005157470703
962,4.0,4.092769828761681,0.09276982876168116,72.22416778953395,67.95947196973583,398.6327163323796,0.0,82.11024856567383
963,4.0,4.092750345850502,0.09275034585050168,72.17408294380178,67.95947948202455,398.6308654558175,0.0,82.05291748046875
964,4.0,4.09277599852438,0.09277599852438012,72.12383304546498,67.95947786366771,398.633302459836,0.0,81.99630355834961
965,4.0,4.092811130871124,0.09281113087112391,72.07343361876451,67.959477266436,398.63664003277665,0.0,81.9397087097168
966,4.0,4.092887787354961,0.09288778735496095,72.02290159741065,67.95946781476596,398.64392239874115,0.0,81.88379287719727
967,4.0,4.09298783263485,0.09298783263484989,71.97226216358376,67.95946701270618,398.6534267003306,0.0,81.82822036743164
968,4.0,4.093110960403473,0.09311096040347344,71.92150479984606,67.9594645900377,398.6651238383498,0.0,81.7729721069336
969,4.0,4.093292104679347,0.0932921046793469,71.87064773494491,67.95946663616661,398.6823325445578,0.0,81.71876525878906
970,4.0,4.093565260395671,0.09356526039567115,71.81970728470185,67.95946105114449,398.70828233760864,0.0,81.66629409790039
971,4.0,4.093878752657626,0.09387875265762613,71.76868373006324,67.9594643283584,398.7380641024943,0.0,81.6145248413086
972,4.0,4.094195720679748,0.09419572067974791,71.71760710458429,67.95946726820756,398.7681760645959,0.0,81.5627555847168
973,4.0,4.094531579980085,0.09453157998008521,71.66648946620906,67.95947305239521,398.80008269812794,0.0,81.51130676269531
974,4.0,4.09488607883165,0.09488607883165034,71.61532587393009,67.95947825514224,398.8337600890266,0.0,81.46016693115234
975,4.0,4.095311659963266,0.09531165996326596,71.56414625782335,67.95947417735361,398.8741902965301,0.0,81.4104118347168
976,4.0,4.09580888012425,0.09580888012424982,71.51294356667192,67.95947575944973,398.9214262118236,0.0,81.36204147338867
977,4.0,4.096341580665433,0.09634158066543286,71.46173443543323,67.9594799386837,398.972032763236,0.0,81.3143539428711
978,4.0,4.0968923825786705,0.0968923825786705,71.41054154973756,67.9594797869966,399.02435894499354,0.0,81.26702880859375
979,4.0,4.097441467591899,0.09744146759189931,71.35937221866372,67.95947541524954,399.0765220212503,0.0,81.21968078613281
980,4.0,4.0980247966942125,0.09802479669421249,71.3082272810274,67.95947413440237,399.13193828597,0.0,81.17302322387695
981,4.0,4.098656951860236,0.09865695186023604,71.25712254079514,67.95946785412845,399.1919930267423,0.0,81.12736129760742
982,4.0,4.099376188247304,0.09937618824730432,71.20607201434258,67.95945682474893,399.26032048351374,0.0,81.08346557617188
983,4.0,4.100111005623329,0.10011100562332942,71.15507379476959,67.95945635018985,399.33012813423613,0.0,81.0399169921875
984,4.0,4.1008602805107,0.10086028051069995,71.10415126383012,67.9594573135461,399.40130924853634,0.0,80.99671936035156
985,4.0,4.101622535792437,0.10162253579243696,71.05331711428309,67.95945866260342,399.4737235003014,0.0,80.953857421875
986,4.0,4.102396962953635,0.10239696295363476,71.00257573023406,67.95946925492642,399.54729408061513,0.0,80.91131973266602
987,4.0,4.103237192512429,0.10323719251242913,70.951933918663,67.95947084803649,399.62711588870064,0.0,80.87017059326172
988,4.0,4.104141912942833,0.1041419129428327,70.90140667328976,67.95947785407826,399.713064329589,0.0,80.83039855957031
989,4.0,4.105058180894918,0.10505818089491825,70.85098340657656,67.95947928463701,399.8001097850371,0.0,80.79094696044922
990,4.0,4.106002844172857,0.1060028441728571,70.8007017342902,67.95947864861031,399.8898527964413,0.0,80.75218963623047
991,4.0,4.10693926794651,0.10693926794650999,70.75056507253072,67.95947340879657,399.9788130549383,0.0,80.71340942382812
992,4.0,4.10790304976448,0.10790304976447995,70.70056879019376,67.95947236457019,400.07037232764543,0.0,80.67530059814453
993,4.0,4.108909534090473,0.10890953409047288,70.65073737808129,67.9594671380025,400.1659883386148,0.0,80.63819122314453
994,4.0,4.10998014501708,0.10998014501708031,70.60106511265695,67.95946588177796,400.2676963766425,0.0,80.60249328613281
995,4.0,4.111077417441282,0.1110774174412823,70.55156245663348,67.95946267636248,400.3719372569417,0.0,80.5674819946289
996,4.0,4.112182552513713,0.11218255251371279,70.50225865623644,67.95946716627601,400.47692508882255,0.0,80.53282165527344
997,4.0,4.113295430398816,0.11329543039881607,70.4531425318265,67.95946877706862,400.58264848790736,0.0,80.49849700927734
998,4.0,4.114414138117299,0.11441413811729895,70.40422691600885,67.95947108118415,400.68892572116323,0.0,80.46448516845703
999,4.0,4.11551806052689,0.11551806052688995,70.35552391287999,67.95946931098797,400.7937983500744,0.0,80.4303970336914
1000,4.0,4.116773863959549,0.11677386395954859,70.30701526251873,67.95946869123432,400.91309967617696,0.0,80.39946746826172
1001,4.0,4.118016561869609,0.1180165618696094,70.25873978548984,67.95947490094866,401.03115597763275,0.0,80.36851501464844
1002,4.0,4.119263558360305,0.11926355836030478,70.21070021052594,67.95946937372601,401.1496206442488,0.0,80.33788299560547
1003,4.0,4.12051492815904,0.1205149281590403,70.16289520136387,67.95946734279907,401.2685007751287,0.0,80.30757141113281
1004,4.0,4.126390722839878,0.1263907228398784,70.1153392344325,67.95946395944561,401.8267012698083,0.0,80.36757926270366
1005,4.0,4.1276581291843994,0.12765812918439945,70.06820263589452,67.95946350387075,401.9471048725378,0.0,80.33821839094162
1006,4.0,4.128925726793782,0.12892572679378222,70.02166394762762,67.95946895683488,402.06752664542915,0.0,80.30951380729675
1007,4.0,4.130277886852388,0.1302778868523884,69.97559097801411,67.95945139046137,402.19598185099676,0.0,80.282954454422
1008,4.0,4.131628431120906,0.13162843112090616,69.92993947445736,67.95944722058003,402.3242835565059,0.0,80.25681281089783
1009,4.0,4.132960751260321,0.13296075126032125,69.88466063988578,67.95944714517805,402.45085396975037,0.0,80.23071098327637
1010,4.0,4.134312957063837,0.1343129570638366,69.83972549598386,67.95945046645899,402.5793135210843,0.0,80.20535612106323
1011,4.0,4.135557525218361,0.13555752521836073,69.79512498157911,67.95945121977492,402.6975474957641,0.0,80.17826509475708
1012,4.0,4.136787862086664,0.13678786208666427,69.75083233918598,67.95945567683385,402.81442949825293,0.0,80.15122127532959
1013,4.0,4.138097161995595,0.13809716199559485,69.70683424334942,67.95943627214136,402.9388129896014,0.0,80.12601470947266
1014,4.0,4.139485417231511,0.1394854172315112,69.66313347694941,67.95945051168928,403.0706972370134,0.0,80.10264587402344
1015,4.0,4.140863697629608,0.14086369762960782,69.61971843198798,67.95946749099006,403.2016338748326,0.0,80.07937908172607
1016,4.0,4.142229888012258,0.1422298880122579,69.57660000179077,67.95948296231754,403.33142196118433,0.0,80.05618667602539
1017,4.0,4.143619321992343,0.14361932199234317,69.5337803176819,67.95949710781419,403.46341818929244,0.0,80.03375434875488
1018,4.0,4.144995629932159,0.14499562993215864,69.49125495448901,67.95949464296291,403.5941674435749,0.0,80.01137447357178
1019,4.0,4.14639404777992,0.14639404777992038,69.44903251359685,67.95949978867621,403.72701713911226,0.0,79.98973751068115
1020,4.0,4.147850297862941,0.14785029786294057,69.40711653162106,67.95947881799857,403.8653608969992,0.0,79.96953582763672
1021,4.0,4.149346418720296,0.1493464187202962,69.36551083503696,67.95946358060066,404.007492378448,0.0,79.95042610168457
1022,4.0,4.150883668659047,0.15088366865904668,69.32421760407298,67.95945098746938,404.15353112262926,0.0,79.93243408203125
1023,4.0,4.152385061703446,0.15238506170344568,69.28325557182943,67.95944470615356,404.2961634618472,0.0,79.91409873962402
1024,4.0,4.1539248918452065,0.15392489184520652,69.24261638474948,67.95943666811054,404.44244732531445,0.0,79.89684104919434
1025,4.0,4.155464766697744,0.15546476669774378,69.20232383042234,67.95944620065823,404.5887354363055,0.0,79.87994956970215
1026,4.0,4.158727253189652,0.1587272531896522,69.16236236361917,67.95945535094732,404.8986716530368,0.0,79.8965003490448
1027,4.0,4.1602603765487025,0.1602603765487025,69.1228232862459,67.95946420653708,405.0443183721466,0.0,79.88026189804077
1028,4.0,4.161857768045199,0.16185776804519936,69.08373986661485,67.95947534112251,405.1960705643138,0.0,79.86574983596802
1029,4.0,4.1634661319422674,0.16346613194226745,69.04509530847335,67.9594767403707,405.3488651345353,0.0,79.85192108154297
1030,4.0,4.165087327763901,0.16508732776390111,69.00686292786735,67.95948122201031,405.50287873759044,0.0,79.83878064155579
1031,4.0,4.166683641200705,0.1666836412007049,68.96903549514742,67.95948052439887,405.6545285140868,0.0,79.82559776306152
1032,4.0,4.168274815386955,0.16827481538695466,68.93159321308711,67.95949040063988,405.8056900617805,0.0,79.81272888183594
1033,4.0,4.169878544330905,0.16987854433090543,68.89453277259622,67.95950065601816,405.95804431145586,0.0,79.80050945281982
1034,4.0,4.171420142523592,0.1714201425235924,68.85785811331928,67.9595097675575,406.1044961397611,0.0,79.78751564025879
1035,4.0,4.17288062506122,0.17288062506121982,68.8215478895496,67.95951433236876,406.24324198083576,0.0,79.773362159729
1036,4.0,4.174369903425271,0.17436990342527103,68.78561678725204,67.95951747277424,406.3847234254206,0.0,79.76016902923584
1037,4.0,4.1759268385328046,0.17592683853280455,68.75003292721158,67.95951037921905,406.53263226063626,0.0,79.74864101409912
1038,4.0,4.1774960413666955,0.1774960413666955,68.71481292885153,67.95950143304935,406.68170652985594,0.0,79.73773860931396
1039,4.0,4.179059745992505,0.17905974599250474,68.6799405891425,67.95948651130354,406.8302584693078,0.0,79.72710418701172
1040,4.0,4.1805953197823795,0.18059531978237953,68.64544291325771,67.9594794549062,406.97613797934594,0.0,79.71633815765381
1041,4.0,4.182121049130592,0.18212104913059157,68.61130939733677,67.95947040591452,407.12108226742606,0.0,79.70577812194824
1042,4.0,4.183637215876957,0.18363721587695725,68.57752411391257,67.95946827258521,407.2651181083308,0.0,79.6954116821289
1043,4.0,4.185216031627098,0.18521603162709788,68.54411048972469,67.95947093964325,407.41510560459415,0.0,79.68664169311523
1044,4.0,4.1868399429369685,0.18683994293696848,68.51104851715363,67.95947051887288,407.56937717903185,0.0,79.67910957336426
1045,4.0,4.188488587746112,0.18848858774611177,68.47835536084533,67.95947927346556,407.72599843590046,0.0,79.67244720458984
1046,4.0,4.190200538924981,0.190200538924981,68.44603362055128,67.95948666529644,407.888633797893,0.0,79.66739082336426
1047,4.0,4.191900403824924,0.19190040382492413,68.41409442270219,67.95949419766488,408.05012096338766,0.0,79.66251945495605
1048,4.0,4.193588468776698,0.19358846877669844,68.38254381850513,67.95948556244836,408.2104871338062,0.0,79.65784645080566
1049,4.0,4.195283408754417,0.19528340875441685,68.35138123959757,67.95947277034601,408.37150643168945,0.0,79.65372657775879
1050,4.0,4.196947561936185,0.19694756193618534,68.32060920220553,67.95945629696274,408.52960098395744,0.0,79.64944839477539
1051,4.0,4.19859949502167,0.19859949502166963,68.2902500253267,67.95945295654367,408.68653462707846,0.0,79.6453914642334
1052,4.0,4.200239560181521,0.20023956018152056,68.26027761621924,67.95945183647626,408.8423408172643,0.0,79.64153289794922
1053,4.0,4.2018671968455354,0.20186719684553545,68.23070363895931,67.95945017510378,408.9969663003457,0.0,79.63787651062012
1054,4.0,4.2035003107961275,0.20350031079612751,68.20151781172636,67.95946649711964,409.15211212565197,0.0,79.63475036621094
1055,4.0,4.205139293011611,0.20513929301161138,68.17272652086845,67.95948793261564,409.30781543612295,0.0,79.63216972351074
1056,4.0,4.2068604610738225,0.2068604610738225,68.14431735755836,67.95949608155733,409.471326402033,0.0,79.63156509399414
1057,4.0,4.208552556498619,0.2085525564986188,68.1163008192074,67.95950258505059,409.63207546738863,0.0,79.6308422088623
1058,4.0,4.210232952286704,0.21023295228670413,68.08869660851084,67.95950528980538,409.79171306725675,0.0,79.6303539276123
1059,4.0,4.211790084877871,0.21179008487787065,68.06147765234448,67.95951023673346,409.93964066341755,0.0,79.62796020507812
1060,4.0,4.213334520445759,0.21333452044575907,68.03466473470158,67.95950221967857,410.08636204236694,0.0,79.62577819824219
1061,4.0,4.21486509010184,0.2148650901018403,68.00823855792342,67.95949861874743,410.2317661596947,0.0,79.62376403808594
1062,4.0,4.2164023120545915,0.21640231205459148,67.98218680752821,67.95948870960324,410.37780224520606,0.0,79.6222915649414
1063,4.0,4.217908710082296,0.21790871008229562,67.95651391484233,67.95948131267556,410.5209100578379,0.0,79.62065887451172
1064,4.0,4.219401508220688,0.21940150822068816,67.93121825912766,67.95947502462914,410.66272588098525,0.0,79.61919021606445
1065,4.0,4.2208793582304605,0.22087935823046045,67.90628835068622,67.95947400261709,410.8031216319136,0.0,79.61784744262695
1066,4.0,4.222436623238653,0.22243662323865276,67.88171561603792,67.95947903364595,410.9510618076919,0.0,79.61840057373047
1067,4.0,4.224108535564149,0.22410853556414878,67.85751700539252,67.9594801264406,411.10989347861397,0.0,79.62153244018555
1068,4.0,4.225805902172082,0.22580590217208218,67.83368289388828,67.95948668897849,411.27114330636766,0.0,79.62554931640625
1069,4.0,4.227453223303581,0.22745322330358064,67.81022237493593,67.95949259621591,411.42763881386,0.0,79.6290397644043
1070,4.0,4.229102706511818,0.22910270651181808,67.78716112420983,67.9594968093237,411.5843397186426,0.0,79.63301849365234
1071,4.0,4.230737061474771,0.23073706147477058,67.76450298959283,67.95949818319242,411.73960344012306,0.0,79.63716506958008
1072,4.0,4.232356006021537,0.23235600602153728,67.74222257479552,67.95949716370616,411.8934031720659,0.0,79.64144515991211
1073,4.0,4.233979043697773,0.23397904369777311,67.72033160403542,67.95949939468242,412.0475917513083,0.0,79.646240234375
1074,4.0,4.235549160416885,0.2355491604168849,67.69883961810548,67.95949584675678,412.1967528396239,0.0,79.6504898071289
1075,4.0,4.2371220638435005,0.23712206384350054,67.67774363306616,67.95948991161453,412.3461786651524,0.0,79.65523910522461
1076,4.0,4.238679165407429,0.2386791654074294,67.65702244661937,67.95948689716622,412.49410331372565,0.0,79.66011428833008
1077,4.0,4.240222352886642,0.24022235288664184,67.63668416654663,67.95948212026246,412.6407061242508,0.0,79.6651611328125
1078,4.0,4.241766781975836,0.24176678197583623,67.61672939828175,67.95948743643478,412.7874268877243,0.0,79.6706657409668
1079,4.0,4.2432559194545645,0.24325591945456448,67.59715862103862,67.9594906682494,412.9288949482035,0.0,79.67556762695312
1080,4.0,4.244694227518946,0.24469422751894587,67.57794815484135,67.95948794562091,413.0655342143197,0.0,79.67992401123047
1081,4.0,4.246113678583898,0.24611367858389777,67.55910247934324,67.9594842572427,413.20038206549015,0.0,79.68434143066406
1082,4.0,4.247573314413087,0.24757331441308672,67.540632692326,67.95948622699068,413.3390474692631,0.0,79.68994140625
1083,4.0,4.249019327765378,0.24901932776537805,67.5225181216092,67.95948324028511,413.4764187377308,0.0,79.6956901550293
1084,4.0,4.2504517727026565,0.2504517727026565,67.50475091002963,67.95948760634332,413.6125010067722,0.0,79.70158004760742
1085,4.0,4.25190681975642,0.25190681975642004,67.4873281075054,67.95948591515781,413.75073047687977,0.0,79.70828628540039
1086,4.0,4.2533643453936625,0.2533643453936625,67.47025566826298,67.95947920880118,413.8891954124178,0.0,79.71543884277344
1087,4.0,4.254862837946425,0.2548628379464253,67.45355247386,67.95947877129576,414.0315522049303,0.0,79.72378158569336
1088,4.0,4.256364643733857,0.2563646437338569,67.43719249286771,67.95948730200904,414.17422375473626,0.0,79.73257827758789
1089,4.0,4.257850001725528,0.25785000172552763,67.42118190251966,67.95949245679563,414.315332763945,0.0,79.7414665222168
1090,4.0,4.259259836334985,0.2592598363349854,67.40552325318932,67.95949360141216,414.4492670518435,0.0,79.74934387207031
1091,4.0,4.260708878151624,0.2607088781516236,67.39021534151726,67.95949651036521,414.5869260244241,0.0,79.75835800170898
1092,4.0,4.262117665533475,0.2621176655334754,67.37527707523651,67.95950284994687,414.72076082570004,0.0,79.76704406738281
1093,4.0,4.263526415396413,0.26352641539641297,67.36068748101509,67.95949844961602,414.8545920626791,0.0,79.77613067626953
1094,4.0,4.2648943190123125,0.26489431901231253,67.3464434011356,67.9594948317731,414.9845429061895,0.0,79.78485107421875
1095,4.0,4.26624205140027,0.2662420514002699,67.33253324699223,67.95949584114594,415.11257748304547,0.0,79.7935791015625
1096,4.0,4.267568517118672,0.26756851711867213,67.31896734912425,67.95948931729612,415.2385917262937,0.0,79.80230712890625
1097,4.0,4.2688745102269054,0.26887451022690545,67.30574553217977,67.95948619460675,415.36266107157587,0.0,79.81105041503906
1098,4.0,4.270180842127412,0.2701808421274121,67.29284806403533,67.95948024895343,415.48676260212403,0.0,79.82017517089844
1099,4.0,4.2715809335044534,0.27158093350445345,67.28027565766259,67.95947939714239,415.6197712829429,0.0,79.83142852783203
1100,4.0,4.272961184909225,0.2729611849092253,67.26803667955694,67.95947660526556,415.7508951663963,0.0,79.84269714355469
1101,4.0,4.274322369775767,0.27432236977576707,67.25611846635707,67.95948327193571,415.8802077287177,0.0,79.8539810180664
1102,4.0,4.275533997796067,0.27553399779606735,67.24452363060254,67.95948122293932,415.99531239064623,0.0,79.86284637451172
1103,4.0,4.27674329295176,0.27674329295176037,67.23324176828065,67.95948794118952,416.1101954304371,0.0,79.87203216552734
1104,4.0,4.277987225246354,0.27798722524635444,67.22225664982784,67.9594957094972,416.22836899842355,0.0,79.88220977783203
1105,4.0,4.279224549796857,0.27922454979685707,67.21158709102933,67.95949792983481,416.34591483072126,0.0,79.89263153076172
1106,4.0,4.28047577126664,0.2804757712666399,67.20121884997711,67.95949861817802,416.46478087035064,0.0,79.9036636352539
1107,4.0,4.281701734574941,0.2817017345749413,67.19115681334151,67.95949931580552,416.58124738463925,0.0,79.91458129882812
1108,4.0,4.282996772837801,0.28299677283780067,67.18141504057895,67.95950261124821,416.7042760196109,0.0,79.92716217041016
1109,4.0,4.284303347937772,0.28430334793777234,67.17197908645271,67.95949551954317,416.82840065410824,0.0,79.94031524658203
1110,4.0,4.285454618608069,0.2854546186080693,67.16284862613621,67.95948985098978,416.9377713677864,0.0,79.950927734375
1111,4.0,4.284777497333969,0.28477749733396873,67.15402633641457,67.95948643977728,416.8734448467469,0.0,79.92779469490051
1112,4.0,4.285883005274011,0.28588300527401067,67.14544021666865,67.9594808937294,416.97846810105085,0.0,79.9381947517395
1113,4.0,4.286974303192645,0.28697430319264505,67.13700958761989,67.95948381178134,417.08214140332115,0.0,79.94850969314575
1114,4.0,4.288048239716572,0.2880482397165718,67.12878238002617,67.95948447378497,417.1841653730942,0.0,79.95873808860779
1115,4.0,4.2891585643033805,0.2891585643033805,67.12078229839766,67.95948860566986,417.289646208841,0.0,79.96991062164307
1116,4.0,4.290328588896379,0.29032858889637936,67.11301260786044,67.95948830662547,417.4007985451759,0.0,79.98246574401855
1117,4.0,4.291439138117112,0.291439138117112,67.10550075550795,67.95949006432916,417.50630072114546,0.0,79.99421453475952
1118,4.0,4.292548757674306,0.29254875767430644,67.09824806494242,67.95949137073544,417.611714579079,0.0,80.00625038146973
1119,4.0,4.293620980625232,0.29362098062523234,67.0912500347472,67.95949062078861,417.7135757594169,0.0,80.01788854598999
1120,4.0,4.294825245271489,0.2948252452714888,67.08452005129034,67.9594949069983,417.82798090081127,0.0,80.03230285644531
1121,4.0,4.2960145155557194,0.29601451555571945,67.07805073851121,67.95949456956842,417.9409615778132,0.0,80.04674434661865
1122,4.0,4.297170002121853,0.2971700021218533,67.07185265446431,67.95949419886455,418.0507328015959,0.0,80.06087589263916
1123,4.0,4.298331652211669,0.2983316522116688,67.06593314679496,67.95949452763845,418.1610895601284,0.0,80.0754508972168
1124,4.0,4.299459182453056,0.2994591824530559,67.06028949506322,67.95949419672425,418.2682049330602,0.0,80.0897159576416
1125,4.0,4.300593727768291,0.3005937277682911,67.05492341336145,67.95949536702798,421.2316271518063,0.0,80.1044397354126
1126,4.0,4.301643454750804,0.30164345475080356,67.05098438180408,67.95949491021045,421.331351215145,0.0,80.1192855834961
1127,4.0,4.302489652625287,0.3024896526252867,67.04939942225776,67.95949285459804,421.4117400132209,0.0,80.13315200805664
1128,4.0,4.303159672156124,0.3031596721561236,67.04945592361459,67.95948664105674,424.3554087541336,0.0,80.14569854736328
1129,4.0,4.303684482518803,0.3036844825188032,67.05182416235792,67.95948788200415,424.4052657385881,0.0,80.15830421447754
1130,4.0,4.30391042738969,0.30391042738969,67.05711868438343,67.9594915354674,424.42673050132237,0.0,80.16884231567383
1131,4.0,4.304008809975736,0.30400880997573587,67.06439546135465,67.95948517807564,427.3241605417662,0.0,80.17937469482422
1132,4.0,4.303948118184974,0.3039481181849739,67.07416524020407,67.9594814584418,427.31839482164384,0.0,80.1899242401123
1133,4.0,4.3036694207517225,0.30366942075172254,67.08695108855444,67.95948502975722,427.291918565485,0.0,80.20001664757729
1134,4.0,4.303280606101367,0.3032806061013673,67.10172692449567,67.95949000241097,430.1361469316642,0.0,80.21043336391449
1135,4.0,4.302730892000492,0.30273089200049164,67.1189493311533,67.95949115258811,430.083924092081,0.0,80.22077131271362
1136,4.0,4.301985898085579,0.3019858980855794,67.13912937742901,67.95949060250511,430.01314967016435,0.0,80.23099660873413
1137,4.0,4.301109579061933,0.3011095790619329,67.16123726860346,67.95949563393657,432.79044036400626,0.0,80.24106693267822
1138,4.0,4.300054111931707,0.30005411193170684,67.18571242640843,67.95949098585508,432.69017098663477,0.0,80.25061082839966
1139,4.0,4.298901317466276,0.29890131746627624,67.2130182180266,67.95949366715386,432.5806555124189,0.0,80.26170349121094
1140,4.0,4.297658923299739,0.2976589232997391,67.24214793635679,67.95948867194393,432.46262806659786,0.0,80.27328252792358
1141,4.0,4.29633442352243,0.29633442352243033,67.2724122853418,67.95948894608964,432.33680058775354,0.0,80.28466129302979
1142,4.0,4.294977933891046,0.29497793389104565,67.30333607223326,67.95948980094373,432.207934072772,0.0,80.2962064743042
1143,4.0,4.293494785891497,0.2934947858914967,67.33462651302588,67.95949362787337,432.0670350128148,0.0,80.30579662322998
1144,4.0,4.291954879524512,0.2919548795245124,67.36605192704741,67.95949121967486,431.9207439079513,0.0,80.31445980072021
1145,4.0,4.290406317990322,0.290406317990322,67.39745581504936,67.95948965720297,431.7736305622032,0.0,80.32290840148926
1146,4.0,4.288834474834581,0.288834474834581,67.42874649775727,67.95949953942083,431.62430546240785,0.0,80.33075904846191
1147,4.0,4.287284861097518,0.2872848610975183,67.45982726250357,67.95949321297955,431.4770921573869,0.0,80.33874893188477
1148,4.0,4.285741146760748,0.28574114676074824,67.49066777154482,67.95949157104951,431.3304392953937,0.0,80.34653663635254
1149,4.0,4.284205149906332,0.28420514990633183,67.52122856606935,67.95949361123789,431.1845195942242,0.0,80.35410976409912
1150,4.0,4.282680621786205,0.2826806217862048,67.55147646529295,67.95949516331596,431.0396894228121,0.0,80.36149978637695
1151,4.0,4.2811480833070785,0.2811480833070785,67.58141765739752,67.9594946569272,430.8940982672951,0.0,80.36834907531738
1152,4.0,4.279646479998311,0.27964647999831094,67.61102794643075,67.95949682981725,430.7514459529622,0.0,80.3753604888916
1153,4.0,4.278104416844125,0.27810441684412535,67.64030040372009,67.95949694089937,430.60494995331453,0.0,80.38118553161621
1154,4.0,4.276480839946023,0.27648083994602324,67.669257312114,67.95948640639826,430.45071014799487,0.0,80.38507843017578
1155,4.0,4.274908446198186,0.2749084461981859,67.69786416901121,67.95948330859588,430.3013327419503,0.0,80.38949203491211
1156,4.0,4.2733296803126235,0.2733296803126235,67.72611905695831,67.95948015451248,430.15134998282184,0.0,80.39334297180176
1157,4.0,4.271708961922028,0.27170896192202765,67.75402345705184,67.95948102651613,429.99738173571524,0.0,80.39596366882324
1158,4.0,4.270046732247508,0.27004673224750775,67.78158043715518,67.95948353523468,429.8394699166359,0.0,80.39736557006836
1159,4.0,4.268399548382391,0.26839954838239066,67.80877346850168,67.95948326794756,429.68298744944974,0.0,80.39859390258789
1160,4.0,4.266765023136675,0.26676502313667516,67.83561082770969,67.9594875442298,429.5277075511068,0.0,80.39961433410645
1161,4.0,4.26514655087676,0.26514655087675987,67.8620700576512,67.95949553401451,429.37395268641484,0.0,80.40046501159668
1162,4.0,4.263543657960927,0.26354365796092694,67.8881579706023,67.95950053735363,429.2216778594107,0.0,80.4011459350586
1163,4.0,4.261956038612255,0.26195603861225525,67.91389323398904,67.95950098733152,429.0708540212869,0.0,80.40167427062988
1164,4.0,4.260402882789907,0.260402882789907,67.93925120668693,67.95949240665814,428.9233042181638,0.0,80.40238380432129
1165,4.0,4.258809389436893,0.2588093894368928,67.9642459860565,67.95949380528299,428.77192234962746,0.0,80.40188026428223
1166,4.0,4.25717438278162,0.25717438278161975,67.98888213609675,67.95949588252797,428.6165967173765,0.0,80.400146484375
1167,4.0,4.255626359537788,0.25562635953778834,68.01314580239931,67.95948695576092,428.4695345092125,0.0,80.39959335327148
1168,4.0,4.254130395364363,0.25413039536436344,68.03705292824168,67.95948680321278,428.3274179127372,0.0,80.39958190917969
1169,4.0,4.252611226738752,0.25261122673875214,68.06059905483593,67.95948483272775,428.1830968933041,0.0,80.39868545532227
1170,4.0,4.251143607998465,0.2511436079984648,68.08378866997802,67.95948196829117,428.0436731129768,0.0,80.39832305908203
1171,4.0,4.2496707370705185,0.24967073707051846,68.10663252564034,67.95948258568275,427.90375037482187,0.0,80.39743423461914
1172,4.0,4.248193296381273,0.24819329638127297,68.12912263535931,67.95948740149815,427.7633935093436,0.0,80.39602279663086
1173,4.0,4.246765689285068,0.24676568928506804,68.15128462624668,67.95948589782301,427.6277708352041,0.0,80.39514923095703
1174,4.0,4.245316125747326,0.2453161257473262,68.17310244566006,67.95949169407002,427.4900622991186,0.0,80.39343643188477
1175,4.0,4.243918425601574,0.24391842560157428,68.1945774617225,67.95949436450286,427.35728078527217,0.0,80.39228439331055
1176,4.0,4.2425161956385775,0.24251619563857751,68.21571865683106,67.959498241304,427.2240689387875,0.0,80.3906364440918
1177,4.0,4.241111303818069,0.24111130381806856,68.23653780803227,67.959495211844,427.09060421583916,0.0,80.38854217529297
1178,4.0,4.239704345937876,0.23970434593787626,68.25702180324177,67.95949095903092,426.9569432172209,0.0,80.3859977722168
1179,4.0,4.2382010054400565,0.2382010054400565,68.27718628818302,67.95948986452267,426.814125869928,0.0,80.38123321533203
1180,4.0,4.236622211879755,0.23662221187975518,68.29702553184543,67.95948779848325,426.6641404816994,0.0,80.37463760375977
1181,4.0,4.2350765985163275,0.23507659851632745,68.316516191814,67.95948860799695,426.51730721217376,0.0,80.36824417114258
1182,4.0,4.233530300939572,0.23353030093957194,68.3356590857085,67.95948291165571,426.37040894238197,0.0,80.36141204833984
1183,4.0,4.232002307536567,0.23200230753656736,68.35446191142022,67.9594828875002,426.22524956909655,0.0,80.35451126098633
1184,4.0,4.230490396018769,0.23049039601876942,68.37291452644862,67.95948160718937,426.0816179749057,0.0,80.34748840332031
1185,4.0,4.228997799662442,0.22899779966244171,68.39100627154464,67.95948851538138,425.9398213210546,0.0,80.34039306640625
1186,4.0,4.22754130396236,0.22754130396235972,68.40873451936753,67.95949190142095,425.80145422954683,0.0,80.33354187011719
1187,4.0,4.2260868314766125,0.22608683147661246,68.42612377170373,67.95946146534361,425.6632793434008,0.0,80.3263168334961
1188,4.0,4.2246532909323244,0.22465329093232445,68.44316637578508,67.95946089553134,425.52709299169345,0.0,80.3190689086914
1189,4.0,4.223240355195175,0.22324035519517516,68.45985402114982,67.95947048030283,425.39286409666425,0.0,80.31178283691406
1190,4.0,4.221848258786921,0.22184825878692127,68.4762115786343,67.9594842257925,425.2606149378802,0.0,80.30449295043945
1191,4.0,4.220515293916896,0.22051529391689595,68.49221901941392,67.95947268156273,425.13398327522776,0.0,80.29790496826172
1192,4.0,4.219165330900149,0.21916533090014934,68.50790391616054,67.95946468832415,425.0057367886368,0.0,80.29060363769531
1193,4.0,4.217843502183538,0.21784350218353765,68.5232622485203,67.95935223349915,424.8801630605587,0.0,80.28344345092773
1194,4.0,4.216549324272899,0.21654932427289886,68.53830126094554,67.95933320793095,424.757216159048,0.0,80.27642440795898
1195,4.0,4.2153020910360794,0.21530209103607945,68.55301282906842,67.95934268521711,424.6387290015502,0.0,80.26990509033203
1196,4.0,4.213955950077805,0.2139559500778052,68.5674099561199,67.95938029884519,424.51084561051414,0.0,80.26112365722656
1197,4.0,4.212634715019914,0.21263471501991393,68.58150209374482,67.95942388676029,424.38532828001445,0.0,80.25244903564453
1198,4.0,4.211254959126981,0.21125495912698078,68.59528776867484,67.95921812271378,424.2542514701858,0.0,80.24229049682617
1199,4.0,4.209893521749653,0.20989352174965337,68.60876763083448,67.95917569613039,424.1249149193397,0.0,80.23211288452148
1200,4.0,4.2085668001805,0.2085668001804999,68.62193489143525,67.95919508946183,423.9988763702701,0.0,80.22222137451172
1201,4.0,4.207277296151597,0.20727729615159696,68.63476117351323,67.95926342958391,423.87637348752435,0.0,80.21263122558594
1202,4.0,4.206003767464489,0.20600376746448923,68.64727581013311,67.959345741307,423.7553882622491,0.0,80.20297241210938
1203,4.0,4.204718847072632,0.20471884707263222,68.65948107039442,67.95899230736299,423.6333208250227,0.0,80.1927261352539
1204,4.0,4.203422272453133,0.2034222724531327,68.67138105865588,67.95893928460855,423.51014623617027,0.0,80.18189239501953
1205,4.0,4.202189254576568,0.20218925457656756,68.68297508232143,67.95900090568571,423.39300953789655,0.0,80.17190551757812
1206,4.0,4.200978426472314,0.20097842647231356,68.69425882949992,67.9590986078682,423.2779808679924,0.0,80.16197204589844
1207,4.0,4.199719969746006,0.19971996974600614,68.70523609997883,67.95921736533927,423.15842747899325,0.0,80.15076446533203
1208,4.0,4.198496197837189,0.19849619783718886,68.71592048419828,67.95872499419636,423.04216914765556,0.0,80.1398696899414
1209,4.0,4.197344704989034,0.19734470498903356,68.72630445848941,67.95866193366889,422.9327773270808,0.0,80.12999725341797
1210,4.0,4.196117983030673,0.19611798303067296,68.73638171606154,67.95874269803483,422.81623874103656,0.0,80.11832427978516
1211,4.0,4.194923712219024,0.19492371221902438,68.74617531124316,67.95890447735881,422.70278301392995,0.0,80.10693359375
1212,4.0,4.193800199060689,0.19380019906068924,68.75567892353041,67.95912362959868,422.5960492638881,0.0,80.09654998779297
1213,4.0,4.1926498059446065,0.19264980594460646,68.76489479134511,67.95930555075772,422.48676191786024,0.0,80.08531188964844
1214,4.0,4.191507344261974,0.19150734426197413,68.77382831366205,67.9585584501757,422.37822805801017,0.0,80.07389068603516
1215,4.0,4.190390852939579,0.19039085293957925,68.7824780632942,67.9584124839297,422.27216138238265,0.0,80.06262969970703
1216,4.0,4.189278150352371,0.18927815035237128,68.79085385434573,67.95846032127723,422.1664546365979,0.0,80.05111694335938
1217,4.0,4.188206486306602,0.1882064863066022,68.79895343377945,67.9586413107267,422.0646465522498,0.0,80.0400619506836
1218,4.0,4.197097147273882,0.19709714727388228,68.80676974651743,67.95889338179576,422.90925934414145,0.0,80.21908250451088
1219,4.0,4.196058521068085,0.1960585210680854,68.81469917011535,67.95795594568132,422.8105898545908,0.0,80.20847356319427
1220,4.0,4.194910686482088,0.1949106864820882,68.82307087144976,67.95786141936141,422.701545568921,0.0,80.19628763198853
1221,4.0,4.193824420445464,0.19382442044546444,68.83165530341904,67.95804104528011,422.5983502954418,0.0,80.18552136421204
1222,4.0,4.192682004759077,0.19268200475907715,68.84028010408481,67.95837019386194,422.48982080523496,0.0,80.1737232208252
1223,4.0,4.191579159534984,0.19157915953498428,68.84886882913504,67.95878152157644,422.38505050894616,0.0,80.16263437271118
1224,4.0,4.190353153647706,0.1903531536477061,68.85732494879203,67.95758244979616,422.26857994965474,0.0,80.14903020858765
1225,4.0,4.189134715615891,0.18913471561589112,68.86560260100737,67.95745460461842,422.1528283366323,0.0,80.13535737991333
1226,4.0,4.187918155915351,0.18791815591535066,68.87366849588761,67.95766521267902,422.0372551650809,0.0,80.12146854400635
1227,4.0,4.186705191591318,0.18670519159131782,68.88150320873457,67.95807226412438,421.9220235542978,0.0,80.10737419128418
1228,4.0,4.185549881517551,0.18554988151755136,68.88906779133109,67.9585406550123,421.81226909729,0.0,80.0940637588501
1229,4.0,4.184376761971163,0.18437676197116293,68.89636365160621,67.95705974883661,421.7008227403831,0.0,80.0800952911377
1230,4.0,4.183207704931667,0.18320770493166716,68.90338412280842,67.95690638629692,421.58976232163104,0.0,80.06587982177734
1231,4.0,4.192254602130617,0.19225460213061663,68.91013052709766,67.95717471937488,422.4492175555312,0.0,80.24689217656851
1232,4.0,4.191071811481335,0.19107181148133456,68.91698546355309,67.95768827701963,422.3368524438494,0.0,80.23223197460175
1233,4.0,4.189895373131434,0.18989537313143412,68.92427604438437,67.95831376811019,422.2250908006089,0.0,80.21819591522217
1234,4.0,4.188700621280401,0.18870062128040122,68.93178060521043,67.95656912390842,422.11158937476074,0.0,80.20405340194702
1235,4.0,4.187467952478724,0.18746795247872416,68.93929692833136,67.95640948335672,421.9944858386014,0.0,80.18919348716736
1236,4.0,4.186262946068037,0.1862629460680374,68.94675369062558,67.95675204298952,421.88001022958616,0.0,80.17478895187378
1237,4.0,4.185053655702785,0.1850536557027853,68.95407142328453,67.95737954526938,421.76512764488723,0.0,80.1601357460022
1238,4.0,4.183879081353313,0.18387908135331266,68.9611982330996,67.958111734184,421.65354308168736,0.0,80.145920753479
1239,4.0,4.182647367318923,0.18264736731892306,68.9681023739599,67.95879688121438,421.5365302484203,0.0,80.13034772872925
1240,4.0,4.181482172206814,0.18148217220681406,68.97475737413508,67.95681151279346,421.42583671277,0.0,80.11575508117676
1241,4.0,4.180281424898196,0.18028142489819565,68.9811572340057,67.95644544010868,421.3117657184512,0.0,80.10018062591553
1242,4.0,4.189387523647549,0.1893875236475493,68.98729146135261,67.95660621418644,422.1768450996398,0.0,80.28180503845215
1243,4.0,4.1882252897495125,0.18822528974951247,68.99351615400656,67.9570829959598,422.0664328793263,0.0,80.26677477359772
1244,4.0,4.186996005081954,0.18699600508195413,69.0001865238614,67.9577348359648,421.9496508359083,0.0,80.25097370147705
1245,4.0,4.185781280982152,0.18578128098215174,69.00705373523357,67.95571440378781,421.834252046427,0.0,80.23567605018616
1246,4.0,4.18455986610995,0.18455986610995012,69.01395774855726,67.95557034001094,421.7182176335679,0.0,80.22028827667236
1247,4.0,4.183315848418192,0.18331584841819204,69.02080190411412,67.95603960894405,421.6000359528509,0.0,80.20439291000366
1248,4.0,4.182134746955043,0.18213474695504317,69.02749581472743,67.9568760461304,421.48783131385176,0.0,80.18952465057373
1249,4.0,4.180931802074172,0.1809318020741717,69.0339949666185,67.95780559763898,421.37355155016894,0.0,80.17400693893433
1250,4.0,4.189029790780977,0.18902979078097726,69.0402787838307,67.95586389783577,422.1428604773155,0.0,80.3366068303585
1251,4.0,4.1878218017324995,0.18782180173249952,69.0466637995703,67.95576467251462,422.02810151771007,0.0,80.32086777687073
1252,4.0,4.186619553889654,0.18661955388965357,69.05344458108074,67.95620829568773,421.9138879726397,0.0,80.3056948184967
1253,4.0,4.1853766497875355,0.18537664978753554,69.06037962634522,67.9569370209838,421.79581208293854,0.0,80.28991675376892
1254,4.0,4.184153553376765,0.1841535533767651,69.06731942555477,67.95778357758726,421.6796179239153,0.0,80.27451944351196
1255,4.0,4.182913288694141,0.1829132886941407,69.07417805747707,67.95580459533022,421.561792779066,0.0,80.25869369506836
1256,4.0,4.181704403661438,0.18170440366143836,69.0808856690348,67.95568341189535,421.4469487009593,0.0,80.24328994750977
1257,4.0,4.1805057133921215,0.18050571339212151,69.08739008127729,67.95612813601355,421.3330731253742,0.0,80.2278413772583
1258,4.0,4.188622966849288,0.18862296684928825,69.0936620459335,67.95689776473202,422.10421220380505,0.0,80.39091658592224
1259,4.0,4.1874093648381985,0.18740936483819848,69.10003320926626,67.95777998915796,421.98892001275146,0.0,80.37503504753113
1260,4.0,4.186198260672236,0.18619826067223588,69.10680416627788,67.95588951913008,421.87386511698503,0.0,80.35966205596924
1261,4.0,4.184972819171178,0.18497281917117814,69.11372065607702,67.95579603081157,421.75744817438454,0.0,80.34417843818665
1262,4.0,4.18374925197442,0.18374925197441971,69.12066193028092,67.95625191906517,421.64120929069253,0.0,80.32875490188599
1263,4.0,4.182531655164748,0.18253165516474823,69.12750345867889,67.95701738133025,421.5255375937737,0.0,80.31332540512085
1264,4.0,4.181345482432688,0.1813454824326879,69.13418657668014,67.957905128152,421.412851184228,0.0,80.29831075668335
1265,4.0,4.180145106139942,0.18014510613994172,69.14066696042757,67.95868627476679,421.2988154364171,0.0,80.28278350830078
1266,4.0,4.178960794321233,0.1789607943212328,69.14692222612237,67.95666691337097,421.18630581363976,0.0,80.26729917526245
1267,4.0,4.18704304681107,0.18704304681106976,69.15293062964577,67.9562952875396,421.9541198001743,0.0,80.42952704429626
1268,4.0,4.185808287283674,0.18580828728367393,69.15903129447669,67.95646356290669,421.8368176450717,0.0,80.41290175914764
1269,4.0,4.18447354996783,0.18447354996783005,69.16549298273164,67.95696379673466,421.71001760006646,0.0,80.39477109909058
1270,4.0,4.1832678525340015,0.18326785253400146,69.17210509016185,67.95764344487606,421.5954763438528,0.0,80.37928986549377
1271,4.0,4.182035119145725,0.18203511914572523,69.17874585863304,67.95571557786009,421.4783666719665,0.0,80.36331796646118
1272,4.0,4.180816278374597,0.18081627837459724,69.18527663659661,67.95560054984922,421.36257679870937,0.0,80.34748077392578
1273,4.0,4.179584987139423,0.17958498713942284,69.19163290909538,67.95608922924787,421.2456041313678,0.0,80.3311972618103
1274,4.0,4.178342131381819,0.17834213138181898,69.19777155884653,67.95691423522571,421.1275328343954,0.0,80.31443452835083
1275,4.0,4.186435482740954,0.18643548274095423,69.20366215229413,67.95785587316962,421.8964012135133,0.0,80.47685188055038
1276,4.0,4.185203371992842,0.18520337199284231,69.20966129488887,67.95602051991332,421.7793506924427,0.0,80.46014106273651
1277,4.0,4.183933225763808,0.18393322576380822,69.21602420505913,67.95593977311073,421.6586868006844,0.0,80.44311761856079
1278,4.0,4.182634993259924,0.18263499325992427,69.22251095532634,67.95637232372219,421.53535471281543,0.0,80.42569351196289
1279,4.0,4.1813357104073114,0.18133571040731145,69.22900147061478,67.95708692315678,421.4119228418172,0.0,80.40824890136719
1280,4.0,4.1800436922436,0.18004369224359973,69.23537815728513,67.95788031581786,421.2891811162646,0.0,80.39080715179443
1281,4.0,4.178737957327671,0.17873795732767128,69.24156295286141,67.95594957404747,421.1651362992514,0.0,80.37287425994873
1282,4.0,4.177407529149473,0.17740752914947322,69.24749154656624,67.95579339076144,421.0387456223226,0.0,80.35416460037231
1283,4.0,4.185310663967746,0.18531066396774598,69.25314905096486,67.95620479963667,421.78954343005853,0.0,80.5127620100975
1284,4.0,4.184094937665248,0.18409493766524765,69.25881767802088,67.95696336530966,421.6740494313212,0.0,80.49596345424652
1285,4.0,4.182777951988726,0.18277795198872582,69.2649447912991,67.95781714112952,421.54893579205157,0.0,80.4777455329895
1286,4.0,4.18148239533065,0.18148239533064991,69.2711069715591,67.955978224098,421.4258579095344,0.0,80.45997619628906
1287,4.0,4.18011151190711,0.18011151190710972,69.27723024515879,67.95589356957142,421.29562398429806,0.0,80.44070768356323
1288,4.0,4.178776342242994,0.178776342242994,69.28319057986826,67.95635003353165,421.16878286620704,0.0,80.42193269729614
1289,4.0,4.177500730740709,0.17750073074070905,69.28896529215827,67.95710036208663,421.04759977349,0.0,80.40408420562744
1290,4.0,4.176208703529939,0.17620870352993911,69.29449758477892,67.9579460715353,420.92485718846683,0.0,80.38563442230225
1291,4.0,4.184185609498544,0.18418560949854434,69.29970754687463,67.95605249139098,421.68266325548433,0.0,80.54523307224736
1292,4.0,4.18289887883486,0.18289887883485978,69.30496126760868,67.95591960635653,421.5604238424343,0.0,80.52656799554825
1293,4.0,4.181579769445655,0.1815797694456549,69.31059639305082,67.95635778563506,421.43510845045984,0.0,80.50771880149841
1294,4.0,4.18024472651286,0.18024472651285972,69.31626505870904,67.95709299103653,421.3082793718443,0.0,80.48859763145447
1295,4.0,4.1789900750755,0.17899007507550024,69.3219106682257,67.95793340315,421.18908748529515,0.0,80.47099351882935
1296,4.0,4.177652807602114,0.17765280760211422,69.32748120672636,67.95869192754452,421.0620470753235,0.0,80.45170736312866
1297,4.0,4.176340907316177,0.17634090731617658,69.33272255419828,67.95669568600675,420.93741654815943,0.0,80.43252372741699
1298,4.0,4.175073636091887,0.17507363609188697,69.33771652500621,67.95633672422392,420.8170257818519,0.0,80.41390895843506
1299,4.0,4.173789539801646,0.17378953980164624,69.34246949271356,67.95650652515641,420.695036634279,0.0,80.39468717575073
1300,4.0,4.181825967293937,0.1818259672939373,69.34683676095051,67.95700820616828,421.4584972460467,0.0,80.55455631017685
1301,4.0,4.170703265727747,0.17070326572774697,69.35133669307545,67.95768892710208,420.40184059725857,0.0,80.3455128967762
1302,4.0,4.16943899362097,0.16943899362096992,69.35565685662077,67.95572330416184,420.2817347471148,0.0,80.32616114616394
1303,4.0,4.168196889998975,0.16819688999897497,69.35939929895558,67.95561160810497,420.1637349030253,0.0,80.30656456947327
1304,4.0,4.167004143119477,0.16700414311947664,69.3626692548561,67.95608381877784,420.05042394947293,0.0,80.2873694896698
1305,4.0,4.165791284589629,0.16579128458962877,69.36544460981183,67.9569032376628,419.9352023891374,0.0,80.26721239089966
1306,4.0,4.164689627541726,0.16468962754172622,69.36775163398366,67.95784475209291,419.83054496958664,0.0,80.24865436553955
1307,4.0,4.16352192101995,0.16352192101995033,69.36977420750534,67.95600688712618,419.71961285001794,0.0,80.22849321365356
1308,4.0,4.1716792758628225,0.1716792758628225,69.37123887082844,67.95590947540732,420.4945615600908,0.0,80.38737764954567
1309,4.0,4.170565378960778,0.17056537896077817,69.37282935423018,67.95633522094641,420.3887413543966,0.0,80.367755651474
1310,4.0,4.169429730165731,0.1694297301657306,69.3746868126698,67.95704969986673,420.28085471886703,0.0,80.34802269935608
1311,4.0,4.168314664329694,0.168314664329694,69.37656696353082,67.95785274903406,420.17492346444357,0.0,80.32871150970459
1312,4.0,4.167166068854872,0.16716606885487195,69.37846774105998,67.95590166455506,420.0658068943355,0.0,80.30877685546875
1313,4.0,4.16604835262001,0.1660483526200096,69.38006710415148,67.95574893885733,419.9596238520235,0.0,80.28908729553223
1314,4.0,4.164954667170119,0.16495466717011897,69.38161116096464,67.95617128510604,419.8557237342839,0.0,80.2697958946228
1315,4.0,4.1537688419905185,0.15376884199051855,69.38290071881912,67.95691316864979,418.7930703422219,0.0,80.05570310354233
1316,4.0,4.161961930748562,0.16196193074856158,69.38342704274987,67.957799118037,419.57141377423596,0.0,80.21421721577644
1317,4.0,4.1609480544238435,0.16094805442384352,69.38337055482121,67.95594944088998,419.4750955233878,0.0,80.19461131095886
1318,4.0,4.159931755154237,0.1599317551542372,69.3831462932374,67.95587594084441,419.3785470927752,0.0,80.17476487159729
1319,4.0,4.158904537834412,0.15890453783441227,69.38273176154287,67.9563451153816,419.2809614473918,0.0,80.15448832511902
1320,4.0,4.157915792181551,0.1579157921815506,69.38206458405396,67.95712655420134,419.18703061036996,0.0,80.13466167449951
1321,4.0,4.1569367947932,0.1569367947932001,69.38113920032363,67.95798532849429,419.09402585847664,0.0,80.11472511291504
1322,4.0,4.15598721337244,0.15598721337244026,69.37994081062017,67.9587419845799,419.00381562350447,0.0,80.09504079818726
1323,4.0,4.155042305556086,0.1550423055560861,69.37852295503362,67.95673698200989,418.9140493809508,0.0,80.07519388198853
1324,4.0,4.154147117070621,0.1541471170706208,69.37671791538823,67.9563581250093,418.8290064748316,0.0,80.0558590888977
1325,4.0,4.152358085428818,0.15235808542881824,69.37473608439116,67.95649332898226,418.65904846886036,0.0,80.01909619569778
1326,4.0,4.151492420163649,0.15149242016364894,69.37225827721697,67.95697613070793,418.5768102686693,0.0,79.99955677986145
1327,4.0,4.150619795395465,0.15061979539546488,69.36956018289311,67.9576305957553,418.4939109156918,0.0,79.97963047027588
1328,4.0,4.149802644678337,0.1498026446783367,69.36651527430836,67.95570615499668,418.41628159756465,0.0,79.96037459373474
1329,4.0,4.148997753170354,0.14899775317035413,69.36319553417577,67.95560172662478,418.3398169043063,0.0,79.94103956222534
1330,4.0,4.1481849711539525,0.14818497115395246,69.35961889417494,67.95608475300234,418.26260261274814,0.0,79.92125797271729
1331,4.0,4.147416615913552,0.14741661591355193,69.3556708397378,67.95691222992943,418.18960886491004,0.0,79.90190601348877
1332,4.0,4.146654718472393,0.14665471847239342,69.35154128542511,67.95782692979586,418.117228608,0.0,79.88247108459473
1333,4.0,4.145966847835105,0.14596684783510483,69.3471851721501,67.9560116347753,418.0518808974576,0.0,79.8642029762268
1334,4.0,4.145245896472796,0.14524589647279562,69.34259365818278,67.95592142633083,417.9833905180382,0.0,79.84502828121185
1335,4.0,4.144538050525381,0.14453805052538105,69.33779661851325,67.95636112323106,417.9161451530338,0.0,79.82587122917175
1336,4.0,4.1438591504290425,0.14385915042904251,69.332847211075,67.95706920579983,417.8516496438817,0.0,79.8070981502533
1337,4.0,4.143163950329879,0.14316395032987916,69.3277063377282,67.95787922459776,417.78560563446115,0.0,79.7877926826477
1338,4.0,4.1424987230546595,0.1424987230546595,69.32223060913658,67.95592313677228,417.7224090433153,0.0,79.76868104934692
1339,4.0,4.141875317636405,0.14187531763640493,69.31660318738774,67.95577313676401,417.6631855285811,0.0,79.75020217895508
1340,4.0,4.141220013890596,0.1412200138905959,69.31096534369888,67.95617065509903,417.60093167272925,0.0,79.73109912872314
1341,4.0,4.140648172753069,0.1406481727530693,69.30505138150058,67.95692156706129,417.5466067646642,0.0,79.7132873237133
1342,4.0,4.140052748095429,0.140052748095429,69.29901084920571,67.9577717716277,417.49004142218837,0.0,79.6948778629303
1343,4.0,4.139452374820602,0.13945237482060158,69.29285067854138,67.95592554578243,417.4330059610798,0.0,79.6762375831604
1344,4.0,4.138882681011246,0.13888268101124623,69.2864843314924,67.95586872169082,417.378885049191,0.0,79.65795278549194
1345,4.0,4.138319414233583,0.13831941423358263,69.28000656184078,67.9563305238499,417.325374705313,0.0,79.6396656036377
1346,4.0,4.137769424070632,0.13776942407063242,69.27338648303572,67.95710259683679,417.2731256398327,0.0,79.62147235870361
1347,4.0,4.137244593322065,0.13724459332206518,69.26652266324213,67.95793209805746,417.22326671871883,0.0,79.60348510742188
1348,4.0,4.136730575366763,0.13673057536676314,69.25966902790265,67.95606271596999,417.17443501296515,0.0,79.5857195854187
1349,4.0,4.126979073236424,0.12697907323642443,69.25265835987783,67.95593803665278,416.24804231058295,0.0,79.39007550477982
1350,4.0,4.135798718721105,0.13579871872110516,69.24504771362166,67.95636522412705,417.0859086316276,0.0,79.55099433660507
1351,4.0,4.135333015925844,0.1353330159258439,69.23716789571567,67.95710536557968,417.04166686607783,0.0,79.53298509120941
1352,4.0,4.134895275461773,0.1348952754617727,69.22920583899078,67.95794100024106,417.00008152199104,0.0,79.51542115211487
1353,4.0,4.134454295211119,0.1344542952111194,69.2213269593115,67.95870781866778,416.958188398179,0.0,79.49789237976074
1354,4.0,4.1340205665399585,0.13402056653995853,69.21349129376975,67.95670770292037,416.9169841744187,0.0,79.48055458068848
1355,4.0,4.133605673708505,0.13360567370850518,69.20550225174105,67.9563645605942,416.87756935543064,0.0,79.46340465545654
1356,4.0,4.1331969738519385,0.13319697385193852,69.19748434326316,67.95653584931605,416.8387428690568,0.0,79.44634246826172
1357,4.0,4.12353602622835,0.1235360262283498,69.189406663467,67.95703908582341,415.9209528448159,0.0,79.25139194726944
1358,4.0,4.132453791114174,0.1324537911141741,69.18079272453627,67.95770900961115,416.76814050896917,0.0,79.41289699077606
1359,4.0,4.132120836695593,0.13212083669559327,69.17177954319186,67.95575617180454,416.736509839204,0.0,79.39615321159363
1360,4.0,4.131776428929459,0.1317764289294594,69.16293949147777,67.9556182698723,416.7037911014213,0.0,79.37938976287842
1361,4.0,4.131444760914085,0.13144476091408475,69.15411241565785,67.95608801902506,416.6722826399607,0.0,79.3628876209259
1362,4.0,4.131085061450515,0.13108506145051457,69.1452694236173,67.95690652564055,416.6381111909215,0.0,79.34583044052124
1363,4.0,4.130778375821024,0.13077837582102436,69.13623637959289,67.95783251552133,416.60897605611996,0.0,79.3295750617981
1364,4.0,4.130441044243449,0.13044104424344916,69.12735289767946,67.95598258667968,416.5769295562503,0.0,79.31290435791016
1365,4.0,4.120888752346725,0.12088875234672525,69.1182841400166,67.95591657010478,415.66946182606154,0.0,79.11909991502762
1366,4.0,4.129911308331701,0.1299113083317014,69.10886349659103,67.95634292776171,416.5266046446343,0.0,79.28152135014534
1367,4.0,4.129668806460584,0.1296688064605842,69.09904300467815,67.95707138142087,416.5035669668781,0.0,79.26560068130493
1368,4.0,4.129422262169322,0.12942226216932173,69.08935760993248,67.95786899012455,416.4801452592082,0.0,79.24975872039795
1369,4.0,4.129190514427303,0.1291905144273029,69.07968126877923,67.95592986915504,416.4581292237164,0.0,79.23421239852905
1370,4.0,4.1289396202800095,0.1289396202800095,69.07008257583486,67.95577985480632,416.43429427972353,0.0,79.21838903427124
1371,4.0,4.128716005468443,0.1287160054684433,69.06042805639736,67.95620518164483,416.41305087262475,0.0,79.20302629470825
1372,4.0,4.1285035381503254,0.12850353815032545,69.05074903698448,67.95694669273242,416.3928664774036,0.0,79.18785047531128
1373,4.0,4.11901253407845,0.11901253407844958,69.0410604771125,67.95781040257295,415.4912210905753,0.0,78.99472040869296
1374,4.0,4.128130128642757,0.1281301286427574,69.03101443481182,67.95593730057034,416.3573925741846,0.0,79.15805847197771
1375,4.0,4.127983557974273,0.1279835579742734,69.02053152018145,67.9558336762101,416.3434683606786,0.0,79.14322757720947
1376,4.0,4.1278494525300395,0.12784945253003954,69.01025101894487,67.95629114825725,416.3307283434764,0.0,79.1288685798645
1377,4.0,4.127688408154357,0.12768840815435656,69.0001427804081,67.95704796833323,416.3154291277865,0.0,79.11419153213501
1378,4.0,4.127548687811986,0.12754868781198603,68.98990544856863,67.95791658794316,416.3021556952613,0.0,79.09977602958679
1379,4.0,4.1274031596194485,0.12740315961944848,68.97980898993706,67.95869250345258,416.28833051697023,0.0,79.0854115486145
1380,4.0,4.127288482714973,0.12728848271497295,68.96963485951466,67.95671110555635,416.2774362110451,0.0,79.07154989242554
1381,4.0,4.12716653189452,0.12716653189452032,68.95953428509624,67.95637485482509,416.2658508831021,0.0,79.05763387680054
1382,4.0,4.117745550121766,0.11774555012176613,68.94938510685638,67.95653811279378,415.3708576146904,0.0,78.86556214094162
1383,4.0,4.126968982042583,0.126968982042583,68.93877054418422,67.95700549506215,416.24708364716804,0.0,79.03004658222198
1384,4.0,4.126910171478001,0.1269101714780012,68.92777612252966,67.95765699897721,416.24149664353274,0.0,79.01631677150726
1385,4.0,4.126847307022585,0.12684730702258484,68.91704323645662,67.95572993551995,416.2355245202682,0.0,79.00280952453613
1386,4.0,4.126796713878728,0.12679671387872826,68.90644174756494,67.955615922044,416.23071817160184,0.0,78.98968815803528
1387,4.0,4.126746219892677,0.1267462198926772,68.89593776076906,67.95611327952435,416.225921242927,0.0,78.97668075561523
1388,4.0,4.1266995726654345,0.12669957266543452,68.88542566937066,67.95692513525792,416.22148975633894,0.0,78.96373796463013
1389,4.0,4.126652552526644,0.12665255252664398,68.87494202734446,67.95786444256426,416.2170228431538,0.0,78.95082092285156
1390,4.0,4.117314345927022,0.11731434592702161,68.8644069515837,67.95603924336001,415.3298932161897,0.0,78.76011407375336
1391,4.0,4.126624432953727,0.12662443295372672,68.85362887244703,67.95595245406919,416.21435148372666,0.0,78.92585200071335
1392,4.0,4.126641049552566,0.12664104955256583,68.84245124754197,67.95635954442841,416.2159300606164,0.0,78.91335701942444
1393,4.0,4.126669753890272,0.12666975389027169,68.83142021739525,67.95703970427404,416.21865697269845,0.0,78.9012610912323
1394,4.0,4.1266645260767625,0.12666452607676248,68.820705638673,67.95783562304445,416.21816033041506,0.0,78.88887906074524
1395,4.0,4.126698866661292,0.12669886666129226,68.80984477996668,67.95593027235242,416.2214226859454,0.0,78.87708568572998
1396,4.0,4.126722587492924,0.12672258749292364,68.79923664955078,67.9557886956426,416.2236761649504,0.0,78.86537885665894
1397,4.0,4.126753435233339,0.12675343523333904,68.78863130684861,67.95621680783786,416.22660670028984,0.0,78.85381126403809
1398,4.0,4.117445005692147,0.11744500569214722,68.77800009965486,67.95694875222244,415.34230589387664,0.0,78.6637869477272
1399,4.0,4.126828268135774,0.12682826813577375,68.76706304150584,67.95780344506625,416.2337158260211,0.0,78.83051657676697
1400,4.0,4.126921266744755,0.12692126674475457,68.75575738388643,67.95595243419446,416.2425506938743,0.0,78.81933259963989
1401,4.0,4.127001169137211,0.12700116913721082,68.74478227236908,67.95586894872461,416.25014142115765,0.0,78.80827689170837
1402,4.0,4.127084104067555,0.12708410406755544,68.73389434069486,67.95633258172819,416.25802023954043,0.0,78.79737854003906
1403,4.0,4.127179871467218,0.12717987146721832,68.72316480156275,67.9571079370816,416.26711814250837,0.0,78.7869062423706
1404,4.0,4.127250758559945,0.12725075855994472,68.71253055157293,67.9579648346732,416.27385241631737,0.0,78.77606773376465
1405,4.0,4.127361187211132,0.12736118721113243,68.70174921712639,67.95609081845603,416.2843431381802,0.0,78.76581478118896
1406,4.0,4.118095496333405,0.11809549633340488,68.6912231055453,67.95596851659981,415.4041025047961,0.0,78.5769490301609
1407,4.0,4.118227575934827,0.11822757593482702,68.68032664986048,67.95637079189217,415.4166500669312,0.0,78.56700420379639
1408,4.0,4.1277535120575575,0.12775351205755747,68.66881481989988,67.95709377015605,416.3216139985906,0.0,78.73553931713104
1409,4.0,4.1279337220994385,0.12793372209943854,68.65724242032226,67.9579137358503,416.33873395256927,0.0,78.72570729255676
1410,4.0,4.128110255318114,0.1281102553181137,68.6459990346809,67.95867997051347,416.35550460834344,0.0,78.71618127822876
1411,4.0,4.128275270436995,0.12827527043699494,68.63508532525582,67.9569003268272,416.3711810446372,0.0,78.70681262016296
1412,4.0,4.128428247981959,0.12842824798195895,68.62437590745262,67.95661931958729,416.38571391140874,0.0,78.69744777679443
1413,4.0,4.1285947725962435,0.12859477259624352,68.6136610543023,67.95677817897523,416.40153374976575,0.0,78.6883339881897
1414,4.0,4.119369515854822,0.1193695158548218,68.60320464036936,67.95725840044209,415.5251343593307,0.0,78.50054163485765
1415,4.0,4.119561292506528,0.11956129250652836,68.59229179240747,67.9578709884707,415.54335314124285,0.0,78.4917083978653
1416,4.0,4.129147618363148,0.12914761836314792,68.5809232149812,67.95636779135195,416.4540540976217,0.0,78.6613210439682
1417,4.0,4.1293840487153295,0.1293840487153295,68.5695822313956,67.95632880585592,416.47651498107894,0.0,78.65281641483307
1418,4.0,4.129599057913295,0.1295990579132953,68.55858580670892,67.95674272740136,416.4969408548857,0.0,78.64429759979248
1419,4.0,4.129816960126152,0.12981696012615185,68.54777226609106,67.95741606224442,416.51764156510706,0.0,78.63604235649109
1420,4.0,4.130028672866106,0.1300286728661062,68.53732277148269,67.95816494614726,416.53775427540273,0.0,78.62808561325073
1421,4.0,4.130246575684804,0.13024657568480436,68.52695015447686,67.95706735515711,416.55845504317904,0.0,78.62033367156982
1422,4.0,4.130444198927884,0.13044419892788373,68.51675128675818,67.95711018832169,416.5772292512716,0.0,78.61239385604858
1423,4.0,4.121271482329196,0.12127148232919627,68.5065678259512,67.95744839993799,415.7058211743963,0.0,78.42615675926208
1424,4.0,4.121502121188887,0.12150212118888692,68.49606507131392,67.95794579080241,415.7277318660669,0.0,78.41852152347565
1425,4.0,4.131334931681639,0.13133493168163923,68.48508311730913,67.9584640322563,416.66184886287834,0.0,78.59300449490547
1426,4.0,4.131598650262118,0.13159865026211826,68.47412369043636,67.95754594396308,416.68690212802386,0.0,78.58544361591339
1427,4.0,4.131870359132578,0.13187035913257805,68.46344210265613,67.95752521044555,416.7127144707176,0.0,78.5783519744873
1428,4.0,4.132135372858388,0.1321353728583876,68.45317578352862,67.95778304491351,416.73789077466944,0.0,78.57160806655884
1429,4.0,4.132392244670861,0.13239224467086075,68.44313743630107,67.95818055202295,416.7622935968544,0.0,78.56496953964233
1430,4.0,4.1326346188325624,0.13263461883256245,68.43324237671293,67.95863769250107,416.78531914221605,0.0,78.5582184791565
1431,4.0,4.123472929866321,0.1234729298663213,68.423429305124,67.95799227652289,415.91495869042313,0.0,78.37282180786133
1432,4.0,4.123745487651547,0.12374548765154714,68.41344940356504,67.95804760456387,415.9408516800196,0.0,78.366570353508
1433,4.0,4.124057228779965,0.12405722877996528,68.40287314718925,67.95827311118829,415.97046708721933,0.0,78.36037874221802
1434,4.0,4.124389968350495,0.12438996835049476,68.3919464350449,67.95860903686473,416.00207734641964,0.0,78.35418272018433
1435,4.0,4.1247603052023,0.12476030520230008,68.38075401917973,67.95894688934958,416.03725934734115,0.0,78.3483943939209
1436,4.0,4.125130161587129,0.12513016158712897,68.36954702414607,67.95922848882194,416.0723957038999,0.0,78.34257793426514
1437,4.0,4.134878181020757,0.1348781810207571,68.35815541629418,67.95873291308918,416.99845755009454,0.0,78.51462370157242
1438,4.0,4.135259809783759,0.13525980978375873,68.34710536927253,67.95866745999817,417.03471228257973,0.0,78.50917720794678
1439,4.0,4.126165029120239,0.12616502912023897,68.33683969145812,67.9587093121791,416.17070811954534,0.0,78.32474392652512
1440,4.0,4.126532517383367,0.12653251738336735,68.32650369051636,67.95882702624435,416.20561950454254,0.0,78.31987202167511
1441,4.0,4.126891529807581,0.12689152980758056,68.31615650604824,67.95898428844963,416.23972568484277,0.0,78.31482434272766
1442,4.0,4.127284346556507,0.12728434655650744,68.30543123902112,67.95866966912354,416.2770432759908,0.0,78.30998253822327
1443,4.0,4.127687438063021,0.1276874380630213,68.29468336153518,67.9586945718802,416.31533696910964,0.0,78.30530738830566
1444,4.0,4.128102263158725,0.1281022631587252,68.28380690988674,67.95883100284955,416.3547453532015,0.0,78.30070495605469
1445,4.0,4.1285254935917814,0.12852549359178145,68.27301734273163,67.95901342896778,416.3949522443419,0.0,78.29635906219482
1446,4.0,4.1289433531067905,0.1289433531067905,68.26223022778855,67.95921366705328,416.4346488982677,0.0,78.29191160202026
1447,4.0,4.119946492650952,0.1199464926509517,68.25140954492475,67.95908790112476,415.57994715496307,0.0,78.10893204808235
1448,4.0,4.120403723400492,0.12040372340049199,68.24045553933837,67.95914273993473,415.6233840761694,0.0,78.10506308078766
1449,4.0,4.120906927436928,0.12090692743692788,68.22888361281012,67.95921314431324,415.6711884596308,0.0,78.10135531425476
1450,4.0,4.121436099075699,0.12143609907569886,68.21692999597862,67.95929070129318,415.721459765314,0.0,78.09769940376282
1451,4.0,4.121984593715355,0.12198459371535542,68.20482067682643,67.95935780102859,415.7735667560814,0.0,78.09422779083252
1452,4.0,4.122543836923819,0.12254383692381943,68.19261610693846,67.95924558705894,415.8266948608855,0.0,78.09084701538086
1453,4.0,4.123109101598621,0.12310910159862143,68.18029237717559,67.95923727485561,415.88039500499167,0.0,78.0874400138855
1454,4.0,4.133175622487401,0.13317562248740078,68.16796499748709,67.95926554723883,416.83671448942573,0.0,78.26393643394113
1455,4.0,4.133739892737178,0.1337398927371778,68.15634934521059,67.95931317719861,416.8903201631545,0.0,78.26128339767456
1456,4.0,4.124810215167932,0.12481021516793156,68.14530621759987,67.95936793054673,416.04200079407616,0.0,78.07957088947296
1457,4.0,4.125329836204865,0.12532983620486515,68.1344857928283,67.95941260888833,416.09136479258484,0.0,78.07700753211975
1458,4.0,4.125883721729774,0.1258837217297737,68.12325784492009,67.95940246448107,416.1439839174511,0.0,78.07462239265442
1459,4.0,4.1264514359046744,0.12645143590467445,68.11201473399022,67.95942574092254,416.1979167640667,0.0,78.07247805595398
1460,4.0,4.127019203399435,0.12701920339943484,68.10080191273109,67.95943704577446,416.25185467606894,0.0,78.07036590576172
1461,4.0,4.1276226082442085,0.12762260824420846,68.08942247138872,67.95945498024285,416.30917813632243,0.0,78.06873321533203
1462,4.0,4.1282112972145795,0.12821129721457947,68.07831523205768,67.95946483730604,416.3651035885077,0.0,78.06713056564331
1463,4.0,4.128806037252005,0.128806037252005,68.06724112135359,67.95947306015535,416.4216038920631,0.0,78.06567668914795
1464,4.0,4.119916320307491,0.11991632030749066,68.05617063504711,67.9594681219599,415.57708078233424,0.0,77.88492447137833
1465,4.0,4.1205493918553575,0.12054939185535751,68.04482932113999,67.959466877706,415.6372225793816,0.0,77.8839111328125
1466,4.0,4.1212149786374095,0.12121497863740949,68.03298810091859,67.95947024522718,415.7004533236765,0.0,77.88293600082397
1467,4.0,4.121883759012042,0.12188375901204207,68.02099013875228,67.95946934702728,415.7639874592666,0.0,77.88183736801147
1468,4.0,4.1226022139248855,0.12260221392488546,68.00857967373945,67.95946924029057,415.8322406759868,0.0,77.88120031356812
1469,4.0,4.123316750558048,0.1233167505580477,67.99634014662527,67.95947381400941,415.9001216561372,0.0,77.88068008422852
1470,4.0,4.124039649662303,0.1240396496623033,67.9840810581758,67.95947774211542,415.9687970710414,0.0,77.88029050827026
1471,4.0,4.1247718672747355,0.12477186727473555,67.97174886714015,67.95947503209588,416.03835774422254,0.0,77.87998819351196
1472,4.0,4.116018565129542,0.11601856512954178,67.95953457399239,67.959479978897,415.2067940404291,0.0,77.70075166225433
1473,4.0,4.116773180373891,0.11677318037389117,67.947186975936,67.95948663872001,415.2784824886423,0.0,77.70087695121765
1474,4.0,4.117568428934085,0.11756842893408503,67.93427241321656,67.95948484616507,415.3540311018607,0.0,77.70111536979675
1475,4.0,4.118397967321862,0.11839796732186159,67.92102594755008,67.95948785228872,415.4328372486995,0.0,77.70161533355713
1476,4.0,4.119236669979102,0.11923666997910232,67.90778855485803,67.95948343960127,415.51251400113733,0.0,77.70229244232178
1477,4.0,4.120094188205307,0.12009418820530726,67.89444981433309,67.95948472316987,415.59397823262685,0.0,77.70320224761963
1478,4.0,4.1209480552919855,0.12094805529198549,67.88122467155586,67.95948947074893,415.67509560586126,0.0,77.70416688919067
1479,4.0,4.121817707782089,0.121817707782089,67.86792042670518,67.95949812340918,415.7577125924211,0.0,77.70533227920532
1480,4.0,4.113174674713452,0.1131746747134521,67.85488774621804,67.95948969041567,414.9366244509006,0.0,77.52750162035227
1481,4.0,4.114058852614768,0.11405885261476811,67.84168404564498,67.95948489844935,415.0206213515256,0.0,77.52907800674438
1482,4.0,4.114994864578842,0.11499486457884167,67.82781938032004,67.9594840180573,415.1095424881126,0.0,77.5308690071106
1483,4.0,4.115949215752001,0.11594921575200079,67.81393642204694,67.95948043482576,415.20020584956274,0.0,77.53297734260559
1484,4.0,4.116924019512618,0.11692401951261822,67.79989507248338,67.95948402024689,415.2928122068214,0.0,77.53528237342834
1485,4.0,4.117921815554868,0.11792181555486803,67.78572304650653,67.95948257963693,415.3876028308351,0.0,77.53786325454712
1486,4.0,4.118909675235589,0.11890967523558871,67.77180827263513,67.9594775096916,415.4814495005036,0.0,77.54054355621338
1487,4.0,4.1198990389830525,0.11989903898305254,67.75798460102085,67.95947624350451,415.5754390565126,0.0,77.54334878921509
1488,4.0,4.120883855947765,0.12088385594776518,67.74436311643339,67.95947880392744,415.66899666816033,0.0,77.54629230499268
1489,4.0,4.1123336090562566,0.11233360905625656,67.7309283875198,67.95947480390308,414.85672321346703,0.0,77.3700481057167
1490,4.0,4.1133346640675,0.1133346640674997,67.71734698870087,67.95947250301622,414.95182343953513,0.0,77.3733640909195
1491,4.0,4.1143648504395065,0.1143648504395065,67.70341888280016,67.95947156328958,415.04969114487574,0.0,77.3768241405487
1492,4.0,4.115429533705594,0.11542953370559417,67.68907999476839,67.95947536219761,415.15083605515406,0.0,77.38045525550842
1493,4.0,4.116494285926299,0.11649428592629896,67.67491857235761,67.95948205578617,415.25198751612106,0.0,77.38428211212158
1494,4.0,4.117572713726492,0.11757271372649214,67.66071714480226,67.95948000553994,415.3544381571394,0.0,77.38831186294556
1495,4.0,4.118650578303049,0.1186505783030487,67.64666244346941,67.95948315042358,415.4568352919123,0.0,77.39249038696289
1496,4.0,4.1197388335988885,0.11973883359888848,67.63269285638985,67.95948340802782,415.56021954501705,0.0,77.39695310592651
1497,4.0,4.11127191511891,0.11127191511890988,67.61907526739819,67.95949058394933,414.7558622894191,0.0,77.22233474254608
1498,4.0,4.112370022380019,0.11237002238001903,67.6053595568927,67.95948732549722,414.8601824792244,0.0,77.22729277610779
1499,4.0,4.113507821961358,0.11350782196135789,67.5910831522542,67.95949101312223,414.96827343945165,0.0,77.23234701156616
1500,4.0,4.114657139395803,0.11465713939580269,67.5768413787555,67.95949215778829,415.0774585957239,0.0,77.2376480102539
1501,4.0,4.115829582592672,0.11582958259267162,67.5624402343285,67.95949040399557,415.18884069942646,0.0,77.24319171905518
1502,4.0,4.117004523845896,0.1170045238458961,67.54821937143174,67.95948368048684,415.30046011848276,0.0,77.24897909164429
1503,4.0,4.11818956431252,0.11818956431252037,67.53406901641753,67.95947476838823,415.4130389628121,0.0,77.25502729415894
1504,4.0,4.119364853332282,0.1193648533322822,67.52024540697691,67.9594718684895,415.5246914196894,0.0,77.26125717163086
1505,4.0,4.120521281479866,0.12052128147986618,67.50676950909667,67.95947886250269,415.63455209370994,0.0,77.26752233505249
1506,4.0,4.111905272029637,0.11190527202963718,67.49352726335097,67.95947642931228,414.8160311959382,0.0,77.0908307172358
1507,4.0,4.11307623758953,0.11307623758952978,67.48015895074414,67.9594784196029,414.927272924128,0.0,77.09751063585281
1508,4.0,4.1142749331188355,0.11427493311883552,67.46645234848572,67.95947515516856,415.04114899941203,0.0,77.10431492328644
1509,4.0,4.1154897129696195,0.11548971296961952,67.45264908041926,67.95947998745017,415.1565530852365,0.0,77.11130094528198
1510,4.0,4.116716330035939,0.11671633003593929,67.43885237967723,67.95947853073166,415.27308170653686,0.0,77.11850690841675
1511,4.0,4.117942102188214,0.11794210218821366,67.42522280039742,67.95947365830287,415.3895300610029,0.0,77.12587881088257
1512,4.0,4.119162476856241,0.11916247685624093,67.41178509776431,67.95948153913443,415.5054656544655,0.0,77.13335990905762
1513,4.0,4.120382225607928,0.1203822256079281,67.39859389850896,67.95948004002572,415.6213417858758,0.0,77.14110231399536
1514,4.0,4.121592585570118,0.12159258557011832,67.38571019657792,67.95948545163733,415.73632598228386,0.0,77.14901208877563
1515,4.0,4.122794979153165,0.12279497915316462,67.37311122138696,67.959486856824,415.8505533726733,0.0,77.15709018707275
1516,4.0,4.123987610820064,0.12398761082006438,67.36082597899754,67.95948819067333,415.96385338102874,0.0,77.16533660888672
1517,4.0,4.125170135762786,0.12517013576278568,67.34889261392807,67.95948879479263,416.07619325058727,0.0,77.17378902435303
1518,4.0,4.116748438356622,0.11674843835662241,67.33729281522157,67.95947967601535,415.27613199700176,0.0,77.00297084450722
1519,4.0,4.117931543392598,0.11793154339259804,67.32569755663282,67.95947571829153,415.38852697541944,0.0,77.01183712482452
1520,4.0,4.119149541246035,0.11914954124603483,67.31363993886865,67.95947412514671,415.5042367714959,0.0,77.0208191871643
1521,4.0,4.12037287828984,0.12037287828983967,67.30152463320292,67.95946812010567,415.6204537906574,0.0,77.02982687950134
1522,4.0,4.1216011597880575,0.12160115978805752,67.28957527899114,67.95947482154789,415.7371405329881,0.0,77.03910875320435
1523,4.0,4.122847871082798,0.12284787108279804,67.2775511031782,67.95946896310262,415.85557810598846,0.0,77.04864120483398
1524,4.0,4.124086605999316,0.12408660599931576,67.26585743095428,67.95947337702728,415.97325792305764,0.0,77.05839490890503
1525,4.0,4.125322093261982,0.12532209326198185,67.2543327496009,67.95948066014606,416.0906292130109,0.0,77.06827354431152
1526,4.0,4.126549731191953,0.126549731191953,67.24314296778324,67.95947990244485,416.20725481635816,0.0,77.07838153839111
1527,4.0,4.127768090803852,0.1277680908038521,67.23218997980723,67.9594824092993,416.3229989794886,0.0,77.08858013153076
1528,4.0,4.128979584459418,0.12897958445941793,67.22152486098335,67.95948269034895,416.4380908767673,0.0,77.09897327423096
1529,4.0,4.1301743517036815,0.13017435170368152,67.21122131543903,67.95948208441744,416.5515937649724,0.0,77.1094617843628
1530,4.0,4.131352984485414,0.13135298448541377,67.20117869466281,67.95947593886758,416.66356387923696,0.0,77.11994171142578
1531,4.0,4.13251489974793,0.13251489974792996,67.1914726005348,67.95948113683716,416.773945829176,0.0,77.13048934936523
1532,4.0,4.133674347496082,0.13367434749608176,67.18206123101521,67.95947791046122,416.8840933652504,0.0,77.14132308959961
1533,4.0,4.134817153293854,0.13481715329385402,67.17293463186091,67.95947455541723,416.99265991603875,0.0,77.15216732025146
1534,4.0,4.135950379378969,0.13595037937896937,67.1641736746767,67.95946938458054,417.1003163941247,0.0,77.16324710845947
1535,4.0,4.137078034904122,0.13707803490412207,67.15561499453182,67.95947635649308,417.20744366901425,0.0,77.1744499206543
1536,4.0,4.128490360300456,0.12849036030045635,67.1474340100697,67.95947705219085,416.391614581666,0.0,77.0048705637455
1537,4.0,4.129606881456828,0.1296068814568283,67.13916307452087,67.95947567331619,416.4976840915213,0.0,77.01620829105377
1538,4.0,4.130757299557119,0.13075729955711868,67.13049817069198,67.95947965345124,416.60697381104893,0.0,77.02772092819214
1539,4.0,4.131918058488808,0.13191805848880822,67.12167623592146,67.95948664780902,416.71724590955944,0.0,77.03924059867859
1540,4.0,4.133088332965958,0.1330883329659578,67.11286298586955,67.95948218013531,416.8284219848886,0.0,77.05094194412231
1541,4.0,4.134267433799444,0.13426743379944384,67.1041176178136,67.95947872485941,416.9404365640698,0.0,77.06288003921509
1542,4.0,4.135434655619595,0.1354346556195951,67.09552306166964,67.95948676035283,417.0513226369842,0.0,77.07476425170898
1543,4.0,4.136593935783355,0.1365939357833552,67.08716008873297,67.95948129425558,417.1614542525414,0.0,77.08676099777222
1544,4.0,4.137750873081564,0.13775087308156397,67.07902647297264,67.95948130140805,417.2713632958712,0.0,77.09897232055664
1545,4.0,4.138895955521216,0.1388959555212157,67.07112725497888,67.95948385190265,417.3801461276381,0.0,77.11122703552246
1546,4.0,4.1400381294473645,0.1400381294473645,67.06348601008578,67.95948431462153,417.48865265062227,0.0,77.12371921539307
1547,4.0,4.141166331197814,0.1411663311978142,67.05609512189997,67.95948716705918,417.595831816915,0.0,77.13623428344727
1548,4.0,4.142278291104943,0.14227829110494294,67.04899519315458,67.95948697061594,417.7014680080922,0.0,77.14877700805664
1549,4.0,4.143375478748343,0.143375478748343,67.04219941475094,67.95948592576245,417.8057008342152,0.0,77.16139030456543
1550,4.0,4.1444609150999705,0.1444609150999705,67.0356685496053,67.9594850061962,417.90881728761985,0.0,77.17408561706543
1551,4.0,4.145537869359666,0.14553786935966606,67.02939750834368,67.95948376053269,418.0111279422909,0.0,77.18691825866699
1552,4.0,4.146604344744084,0.1466043447440839,67.02339183016593,67.95948675774845,418.1124431038106,0.0,77.19985771179199
1553,4.0,4.14766264153876,0.1476626415387603,67.01765217349698,67.95948770168984,418.2129812993049,0.0,77.21294784545898
1554,4.0,4.148707043746046,0.14870704374604582,67.01217628898534,67.95949540832875,418.31219950899697,0.0,77.2260799407959
1555,4.0,4.149743883208119,0.14974388320811904,67.00695434210941,67.95948930694817,418.41069925789395,0.0,77.23936080932617
1556,4.0,4.150774442468891,0.15077444246889105,67.00199684206525,67.95948157792016,418.5086023876673,0.0,77.25282669067383
1557,4.0,4.151792067112899,0.15179206711289872,66.99729683559214,67.95947687272488,418.605276728848,0.0,77.2663459777832
1558,4.0,4.152801744057596,0.15280174405759617,66.99286458051687,67.95947706377156,418.7011960385943,0.0,77.2800235748291
1559,4.0,4.153794455664843,0.15379445566484318,66.98867667287271,67.95947963928388,418.7955036412827,0.0,77.29366493225098
1560,4.0,4.154775448974598,0.15477544897459783,66.98475075688553,67.95947548503175,418.88869800570944,0.0,77.30738830566406
1561,4.0,4.1591064225038465,0.15910642250384655,66.98106053891485,67.95947635425277,419.30014049098804,0.0,77.38371085375547
1562,4.0,4.160044274152701,0.16004427415270062,66.97774235348815,67.9594751009147,419.3892363976292,0.0,77.39732599258423
1563,4.0,4.160956419836146,0.16095641983614595,66.97489098767345,67.95947674192249,419.4758902375565,0.0,77.41100072860718
1564,4.0,4.1618423662257635,0.16184236622576353,66.9724371021028,67.95947928457944,419.5600551445702,0.0,77.4246461391449
1565,4.0,4.162719152216494,0.1627191522164937,66.97031266782987,67.9594720455376,419.64334981368955,0.0,77.43850088119507
1566,4.0,4.163577971853983,0.16357797185398315,66.96848243338385,67.95946720157711,419.724937679251,0.0,77.4523606300354
1567,4.0,4.1644168226802,0.16441682268019964,66.96692047859845,67.95946968800438,419.8046285077416,0.0,77.46615839004517
1568,4.0,4.165242978112421,0.1652429781124214,66.96561395083229,67.95947160491816,419.8831132738027,0.0,77.48001480102539
1569,4.0,4.1660574821535965,0.1660574821535965,66.96452406652092,67.95947780542451,419.96049115771433,0.0,77.49390459060669
1570,4.0,4.166852314051569,0.1668523140515692,66.96366835584219,67.95947326513608,420.0360001880217,0.0,77.50769901275635
1571,4.0,4.167637224185913,0.16763722418591342,66.96302552181749,67.95947678235662,420.1105666507844,0.0,77.52155494689941
1572,4.0,4.168406145321233,0.16840614532123332,66.96259365808514,67.95947407686326,420.1836141586398,0.0,77.53535747528076
1573,4.0,4.169163974871531,0.16916397487153123,66.96235574498108,67.9594756656532,420.2556079659181,0.0,77.54917812347412
1574,4.0,4.169911156646476,0.16991115664647616,66.96232183797034,67.95947117230038,420.3265902345379,0.0,77.56303691864014
1575,4.0,4.170644738132239,0.17064473813223913,66.96247831577132,67.9594746479257,420.39628047568533,0.0,77.5768632888794
1576,4.0,4.1713681088668295,0.17136810886682952,66.96282663445969,67.95947331778915,420.4650006954714,0.0,77.59072208404541
1577,4.0,4.172076653726136,0.172076653726136,66.96336506388234,67.95947624511898,420.53231245710555,0.0,77.60452556610107
1578,4.0,4.1727766146213146,0.17277661462131455,66.96408137986845,67.95947505732683,420.5988087421475,0.0,77.61837577819824
1579,4.0,4.173465981722959,0.17346598172295913,66.96497484058405,67.95946956013536,420.66429861680376,0.0,77.63223457336426
1580,4.0,4.174140057842749,0.17414005784274877,66.96605903496061,67.95948083451034,420.72833584818375,0.0,77.64603042602539
1581,4.0,4.174795834474067,0.1747958344740672,66.96731141773448,67.95948915241321,420.790634628159,0.0,77.65968132019043
1582,4.0,4.175438561058985,0.1754385610589848,66.96873817853619,67.95949218966526,420.8516936537262,0.0,77.67329216003418
1583,4.0,4.176075759151975,0.17607575915197504,66.97033372609405,67.95948457659202,420.9122274725603,0.0,77.68699645996094
1584,4.0,4.176711257784468,0.1767112577844676,66.97209577581769,67.95947948994873,420.97259984264707,0.0,77.70086288452148
1585,4.0,4.177334983069399,0.17733498306939932,66.97401317287314,67.95947900977397,421.0318537447156,0.0,77.71469116210938
1586,4.0,4.177948121922432,0.17794812192243192,66.97609641960872,67.95947426731236,421.0901019357537,0.0,77.728515625
1587,4.0,4.178543439304278,0.17854343930427774,66.97834147175307,67.95947543912233,421.14665708702904,0.0,77.74219703674316
1588,4.0,4.1791181459326525,0.17911814593265252,66.98073055856554,67.95947830404528,421.20125421672464,0.0,77.75566291809082
1589,4.0,4.1796976793730645,0.17969767937306447,66.98327819956202,67.95947821543557,421.25630989356375,0.0,77.7694034576416
1590,4.0,4.180262967153719,0.1802629671537188,66.98597292415187,67.95947040244592,421.3100122327259,0.0,77.78305053710938
1591,4.0,4.180811574257433,0.180811574257433,66.98882415358104,67.95946670749515,421.3621299075788,0.0,77.79656982421875
1592,4.0,4.181342637364782,0.18134263736478218,66.99182434398944,67.95946612523018,421.41258090277694,0.0,77.8099365234375
1593,4.0,4.181865033606147,0.18186503360614736,66.99494291486207,67.95946608299788,421.46220854570663,0.0,77.82328033447266
1594,4.0,4.182375014068068,0.182375014068068,66.99820541875734,67.95946867458169,421.5106566895891,0.0,77.83656120300293
1595,4.0,4.182881497436551,0.1828814974365507,67.00160193854846,67.95947954786192,421.55877260959494,0.0,77.84993362426758
1596,4.0,4.183368575146295,0.1833685751462948,67.00511969872976,67.95948083353132,421.6050449920206,0.0,77.86308670043945
1597,4.0,4.183841794458332,0.18384179445833215,67.00879294932666,67.95948448043801,421.6500008266642,0.0,77.87616348266602
1598,4.0,4.184308391816939,0.1843083918169386,67.01257798488315,67.95949130818993,421.6943275757318,0.0,77.88924789428711
1599,4.0,4.184762460819496,0.18476246081949643,67.01650045891894,67.95949794795231,421.7374641309748,0.0,77.90225982666016
1600,4.0,4.185203397735419,0.18520339773541927,67.02054377947765,67.95949272756468,421.77935313798747,0.0,77.91516876220703
1601,4.0,4.185635968141528,0.18563596814152827,67.02470381625824,67.9594909422874,421.82044732656783,0.0,77.92805862426758
1602,4.0,4.186060864371255,0.1860608643712549,67.02897931397017,67.95948598496872,421.8608124683918,0.0,77.9409408569336
1603,4.0,4.186475174539104,0.18647517453910378,67.0333709615014,67.95948405136882,421.9001719343375,0.0,77.95376205444336
1604,4.0,4.18687987126146,0.18687987126145966,67.03786646470307,67.95947518973419,421.9386181229613,0.0,77.96652603149414
1605,4.0,4.187285266576381,0.18728526657638067,67.04248110057614,67.9594749788992,421.9771306778788,0.0,77.97944259643555
1606,4.0,4.187679035487413,0.18767903548741316,67.04720228359946,67.95947339845596,422.01453872442687,0.0,77.99226760864258
1607,4.0,4.188063380209059,0.18806338020905944,67.0520275555855,67.95947702648306,422.05105147298326,0.0,78.00503921508789
1608,4.0,4.188432016073293,0.18843201607329263,67.05693622369321,67.95947982063811,422.08607188008546,0.0,78.01761627197266
1609,4.0,4.188794101955852,0.18879410195585233,67.0619488918597,67.9594866510764,422.1204700389286,0.0,78.03019332885742
1610,4.0,4.189136789072511,0.18913678907251086,67.06706473472211,67.9594797503352,422.1530253150112,0.0,78.04253005981445
1611,4.0,4.189471910520357,0.18947191052035706,67.07228119699097,67.95947751765296,422.18486185255654,0.0,78.05484390258789
1612,4.0,4.189800782523672,0.1898007825236716,67.07758376577952,67.95947570132026,422.21610469287145,0.0,78.06714248657227
1613,4.0,4.190113369373284,0.19011336937328416,67.08296596423291,67.95947787598494,422.24580044358464,0.0,78.07923126220703
1614,4.0,4.190416323823704,0.19041632382370377,67.08845897007961,67.95947742019833,422.2745811163745,0.0,78.09127044677734
1615,4.0,4.190701873993089,0.19070187399308924,67.09403648492894,67.9594759042848,422.30170838246613,0.0,78.10308456420898
1616,4.0,4.190987536462282,0.1909875364622824,67.099693361064,67.9594745831987,422.32884631703945,0.0,78.11499404907227
1617,4.0,4.191263328172958,0.19126332817295832,67.10544524995987,67.95946977150705,422.3550465295537,0.0,78.1268310546875
1618,4.0,4.191524317367548,0.1915243173675476,67.11126956988508,67.95947871391839,422.37984050303965,0.0,78.13847732543945
1619,4.0,4.1917839944178645,0.19178399441786453,67.11715021168978,67.95947648314258,422.40450982281976,0.0,78.15016555786133
1620,4.0,4.192024945216301,0.19202494521630076,67.12310720579697,67.9594802056329,422.4274001486712,0.0,78.16159439086914
1621,4.0,4.192278701823637,0.19227870182363738,67.12913690134702,67.9594814885876,422.4515070263682,0.0,78.17334747314453
1622,4.0,4.192509501248828,0.1925095012488276,67.13521902724285,67.95948534620148,422.47343297176127,0.0,78.18473434448242
1623,4.0,4.192730158447191,0.19273015844719144,67.1413941149262,67.9594836436145,422.4943954056058,0.0,78.19604110717773
1624,4.0,4.1929389346687325,0.19293893466873246,67.14762453473948,67.95948055575599,422.5142291466522,0.0,78.20719146728516
1625,4.0,4.1931425531983235,0.19314255319832352,67.15393366031,67.95948314340214,422.53357290696334,0.0,78.21833801269531
1626,4.0,4.193335560714872,0.19333556071487212,67.16030404567324,67.95947782764661,422.55190862103547,0.0,78.2293586730957
1627,4.0,4.193516310472021,0.19351631047202122,67.16673590797728,67.95947952727833,422.56907984796464,0.0,78.2402229309082
1628,4.0,4.19369669905053,0.19369669905053044,67.17321557159951,67.95948328452005,422.586216762923,0.0,78.25113677978516
1629,4.0,4.193862039844951,0.19386203984495065,67.17973597578813,67.9594818885481,422.601924138393,0.0,78.2618179321289
1630,4.0,4.194024334153039,0.1940243341530392,67.18631776671519,67.95948366638356,422.6173420976614,0.0,78.27251434326172
1631,4.0,4.1941863558625485,0.1941863558625485,67.1929361581657,67.95948341020052,422.63273416006473,0.0,78.28324890136719
1632,4.0,4.194344459688824,0.19434445968882397,67.19961680853757,67.95948315370565,422.64775402356094,0.0,78.29398345947266
1633,4.0,4.194489648427746,0.19448964842774608,67.20634673380567,67.9594806540293,422.6615469537585,0.0,78.30453491210938
1634,4.0,4.194630952546925,0.19463095254692497,67.21312534306708,67.95947784617019,422.6749708450805,0.0,78.31507110595703
1635,4.0,4.194755729584743,0.19475572958474263,67.21993916997391,67.95948118055045,422.6868246636732,0.0,78.3253402709961
1636,4.0,4.194869281019733,0.19486928101973344,67.22680809033153,67.95948560144312,422.6976120499973,0.0,78.33546447753906
1637,4.0,4.194974764269943,0.19497476426994265,67.23370773947316,67.95948259739197,422.7076329587672,0.0,78.34547424316406
1638,4.0,4.195074730277644,0.19507473027764366,67.24063655013575,67.9594852876238,422.71712972949877,0.0,78.35541534423828
1639,4.0,4.195162541404789,0.19516254140478928,67.24760274222147,67.95947742359583,422.7254717865776,0.0,78.36517333984375
1640,4.0,4.195251350918884,0.19525135091888401,67.25460501249358,67.95948652971228,422.7339086904166,0.0,78.37499237060547
1641,4.0,4.195323571795929,0.19532357179592896,67.26163726022055,67.95947929059122,422.7407696737359,0.0,78.38453674316406
1642,4.0,4.195393644300175,0.19539364430017514,67.26870371270677,67.9594803934255,422.74742656163926,0.0,78.39408111572266
1643,4.0,4.1954582884052645,0.19545828840526447,67.27579805654958,67.95947826223477,422.75356775162277,0.0,78.40355682373047
1644,4.0,4.192156705069129,0.19215670506912907,67.28291734737405,67.9594791187318,422.4399173346899,0.0,78.35014808177948
1645,4.0,4.1922165725072755,0.19221657250727553,67.28993679146832,67.95948257299914,422.4456047413138,0.0,78.3594411611557
1646,4.0,4.192283846709696,0.1922838467096959,67.2967315965837,67.95947860482615,422.4519957905437,0.0,78.3686113357544
1647,4.0,4.192347558152058,0.19234755815205773,67.30340004248804,67.9594779664628,422.4580483775681,0.0,78.3775680065155
1648,4.0,4.192425172804971,0.1924251728049713,67.309991652665,67.95948549384214,422.4654217695949,0.0,78.38669538497925
1649,4.0,4.192489777419485,0.19248977741948536,67.31651451187966,67.95948316985839,422.47155920797377,0.0,78.39549970626831
1650,4.0,4.192554518256868,0.19255451825686798,67.323036210964,67.95948812047816,422.4777095875251,0.0,78.40430545806885
1651,4.0,4.192614120275729,0.19261412027572877,67.32955384204539,67.95948862926936,422.4833717793169,0.0,78.413010597229
1652,4.0,4.192673034350027,0.19267303435002692,67.33607005354152,67.9594837282198,422.4889686163752,0.0,78.42170143127441
1653,4.0,4.1927340339027,0.19273403390269994,67.3425984412075,67.95948285287753,422.49476357387914,0.0,78.43044567108154
1654,4.0,4.192782724075924,0.1927827240759239,67.3491352132666,67.95947434285348,422.4993891403354,0.0,78.43896961212158
1655,4.0,4.192835197964276,0.19283519796427573,67.3556691872017,67.95947620395471,422.50437415972885,0.0,78.44756126403809
1656,4.0,4.1928752773663005,0.1928752773663005,67.36221952805312,67.95947547167691,422.5081817029212,0.0,78.45594024658203
1657,4.0,4.192902998394809,0.19290299839480873,67.36879062611688,67.95947087308897,422.51081520062945,0.0,78.46411228179932
1658,4.0,4.192920624340275,0.19292062434027457,67.37538137968382,67.95947097247702,422.5124896654487,0.0,78.47211837768555
1659,4.0,4.192934375351767,0.19293437535176672,67.3819876771112,67.95947448079366,422.5137960115405,0.0,78.48007011413574
1660,4.0,4.192943135099671,0.19294313509967065,67.38861028308332,67.9594764209168,422.51462818759137,0.0,78.48794746398926
1661,4.0,4.192949067634226,0.1929490676342258,67.39524391449841,67.95946926197433,422.51519177837406,0.0,78.49578475952148
1662,4.0,4.192941840027886,0.19294184002788572,67.40189420041169,67.95947653389177,422.51450515577176,0.0,78.5033950805664
1663,4.0,4.192936442515304,0.19293644251530395,67.40854620226351,67.95947980008769,422.5139923920765,0.0,78.51104164123535
1664,4.0,4.192919746035914,0.19291974603591378,67.41518992470725,67.95948629006881,422.51240622653444,0.0,78.51846694946289
1665,4.0,4.192904659544111,0.1929046595441113,67.42184383950055,67.95948503977684,422.5109730098132,0.0,78.52593421936035
1666,4.0,4.192879340760358,0.19287934076035818,67.42850186513134,67.95948880807897,422.50856772535667,0.0,78.5332145690918
1667,4.0,4.192846596164731,0.1928465961647312,67.4351696801656,67.95948713444744,422.5054569887721,0.0,78.54036712646484
1668,4.0,4.192819756046634,0.19281975604663426,67.44183787889823,67.95948503703188,422.5029071775529,0.0,78.54763062298298
1669,4.0,4.192775380486777,0.19277538048677734,67.44851493818686,67.95948021714976,422.4986914993665,0.0,78.55457580089569
1670,4.0,4.192732998706663,0.1927329987066626,67.45518510065234,67.95948745311081,422.4946652302556,0.0,78.56155014038086
1671,4.0,4.19268220109249,0.1926822010924898,67.46185907754611,67.95949106922684,422.4898394569092,0.0,78.56837105751038
1672,4.0,4.192627266089242,0.19262726608924208,67.46852138874245,67.95948602661929,422.48462063160065,0.0,78.5751006603241
1673,4.0,4.192568400991505,0.1925684009915054,67.47516830786672,67.95948503997047,422.47902844731567,0.0,78.58173847198486
1674,4.0,4.192504910065515,0.19250491006551496,67.48181514585042,67.95948764126135,422.47299680934657,0.0,78.58828926086426
1675,4.0,4.192438080735039,0.1924380807350392,67.4884618776416,67.95948152267827,422.46664802295135,0.0,78.59477710723877
1676,4.0,4.192368520892624,0.19236852089262424,67.49509709449097,67.95948940552273,422.46003983792195,0.0,78.60120010375977
1677,4.0,4.192296437555989,0.19229643755598858,67.50172648383042,67.95949143432455,422.45319192094155,0.0,78.60756874084473
1678,4.0,4.192230071140527,0.1922300711405267,67.50834429749,67.95948991211498,422.4468871114727,0.0,78.6140308380127
1679,4.0,4.192151222379237,0.19215122237923676,67.51495369476828,67.95948939979925,422.4393964791501,0.0,78.62024879455566
1680,4.0,4.192075305948517,0.19207530594851718,67.52156524859042,67.95948469383512,422.43218441823177,0.0,78.62652397155762
1681,4.0,4.191989589688347,0.19198958968834656,67.5281539075992,67.95948083527992,422.42404137351554,0.0,78.63258838653564
1682,4.0,4.19188852357273,0.19188852357272967,67.53472395425624,67.95947507462127,422.41444009253195,0.0,78.63834285736084
1683,4.0,4.191792086936324,0.19179208693632432,67.54127705659228,67.95947761625742,422.40527861207346,0.0,78.64416408538818
1684,4.0,4.1916831484665895,0.19168314846658951,67.54781815020698,67.95948208802322,422.39492945744865,0.0,78.64973640441895
1685,4.0,4.191575281108063,0.19157528110806332,67.55434314012655,67.95948054756452,422.38468205838865,0.0,78.65530967712402
1686,4.0,4.191465214292235,0.19146521429223462,67.56085313405008,67.95948235674915,422.3742257108849,0.0,78.66082382202148
1687,4.0,4.191345753166994,0.19134575316699376,67.56735272623837,67.95948821187115,422.36287690398706,0.0,78.6661491394043
1688,4.0,4.1912276471323375,0.19122764713233753,67.57383739440469,67.95948392470697,422.3516568306947,0.0,78.67148208618164
1689,4.0,4.191102932857085,0.1911029328570848,67.58029627840908,67.95949042378251,422.3398089745457,0.0,78.67666053771973
1690,4.0,4.19097624228742,0.19097624228742038,67.5867284359374,67.95948490452348,422.32777337042756,0.0,78.68177032470703
1691,4.0,4.1908491347114865,0.19084913471148646,67.59312674714648,67.95948496229613,422.31569815071384,0.0,78.68683242797852
1692,4.0,4.190711791402297,0.19071179140229688,67.59949885326313,67.959480980149,422.3026505363408,0.0,78.69167137145996
1693,4.0,4.190579263446392,0.1905792634463923,67.60585431800916,67.95948067099994,422.2900603805299,0.0,78.69658088684082
1694,4.0,4.190433562210277,0.19043356221027707,67.6121769438804,67.95948132031283,422.27621876309894,0.0,78.70120429992676
1695,4.0,4.190297121893666,0.190297121893666,67.6184898524524,67.95948551085624,422.2632569330209,0.0,78.70598983764648
1696,4.0,4.190154121852669,0.190154121852669,67.62477138759886,67.95948019246843,422.2496719291262,0.0,78.71061515808105
1697,4.0,4.1900017178194116,0.19000171781941155,67.63102323824775,67.95948317720875,422.23519354596675,0.0,78.71502876281738
1698,4.0,4.189853955086061,0.18985395508606118,67.6372547000603,67.95948740161754,422.22115608629844,0.0,78.7195053100586
1699,4.0,4.1897024297065055,0.18970242970650553,67.64345065558335,67.95948652790263,422.2067611752407,0.0,78.72386932373047
1700,4.0,4.189562942507897,0.18956294250789707,67.64960182037564,67.95948368923807,422.19350989137286,0.0,78.72840690612793
1701,4.0,4.1894138632271805,0.18941386322718046,67.65572800923887,67.95948424409386,422.17934735970476,0.0,78.73273468017578
1702,4.0,4.189260459756227,0.18926045975622685,67.66182449251185,67.95948383237607,422.1647740299642,0.0,78.73694610595703
1703,4.0,4.189113201114082,0.1891132011140817,67.66789100614028,67.95949004977965,422.1507844589604,0.0,78.74123764038086
1704,4.0,4.188951687202199,0.18895168720219857,67.67393253266259,67.95949034703699,422.1354406373315,0.0,78.74523162841797
1705,4.0,4.188792265586865,0.1887922655868648,67.67994071902712,67.95948196893514,422.1202955838748,0.0,78.74922561645508
1706,4.0,4.1886177966794484,0.18861779667944845,67.68592367207475,67.95948251923899,422.10372103767025,0.0,78.7529067993164
1707,4.0,4.188444984502305,0.18844498450230507,67.69186395436897,67.9594775208865,422.0873038808416,0.0,78.7565689086914
1708,4.0,4.18827255467272,0.18827255467271975,67.69778543114766,67.95948115548747,422.070923047031,0.0,78.76021575927734
1709,4.0,4.188092746218309,0.18809274621830863,67.70365616669163,67.95947785719837,422.05384124386194,0.0,78.76366424560547
1710,4.0,4.1879178432655095,0.18791784326550953,67.70949072431827,67.95948066771712,422.03722546334603,0.0,78.76716232299805
1711,4.0,4.187732795342915,0.18773279534291465,67.7152799363207,67.95948227490426,422.0196459106995,0.0,78.77041625976562
1712,4.0,4.1875558149009295,0.18755581490092954,67.72102773818261,67.95947935054018,422.00283276871096,0.0,78.77377319335938
1713,4.0,4.187372107025493,0.18737210702549323,67.72674709252394,67.95948106055859,421.9853805205445,0.0,78.77696990966797
1714,4.0,4.187187677300892,0.1871876773008916,67.73242942926323,67.9594796736731,421.96785969670736,0.0,78.78010940551758
1715,4.0,4.187001661697284,0.18700166169728405,67.73807560531469,67.95947580080067,421.95018821436463,0.0,78.78317642211914
1716,4.0,4.186812433978172,0.18681243397817227,67.74368569487702,67.95947210950598,421.932211581049,0.0,78.78614044189453
1717,4.0,4.18662358939582,0.18662358939582013,67.74925400946607,67.95947524612441,421.9142713457255,0.0,78.7890625
1718,4.0,4.186432576575498,0.1864325765754984,67.75478247025119,67.95948256747604,421.89612512779496,0.0,78.79189682006836
1719,4.0,4.186237297898239,0.18623729789823873,67.76027222844556,67.95948664249462,421.87757365345533,0.0,78.79460525512695
1720,4.0,4.1860451384446105,0.18604513844461046,67.76571200330393,67.95947951008992,421.85931850536065,0.0,78.79731369018555
1721,4.0,4.1858545997452135,0.18585459974521346,67.77110307122827,67.95948891037101,421.84121732891793,0.0,78.79999542236328
1722,4.0,4.185658641464805,0.18565864146480493,67.77645114907462,67.95948742326418,421.8226012922791,0.0,78.80252456665039
1723,4.0,4.185462707401488,0.18546270740148785,67.78176980564125,67.95948864792274,421.80398755626396,0.0,78.80501937866211
1724,4.0,4.185264126496845,0.1852641264968451,67.78703011121054,67.95948791573109,421.78512237032294,0.0,78.8073959350586
1725,4.0,4.1850652208192205,0.1850652208192205,67.7922666441767,67.95948247883196,421.7662263309486,0.0,78.80973815917969
1726,4.0,4.18486965469968,0.1848696546996802,67.79744957199718,67.9594799005471,421.7476475495923,0.0,78.81208038330078
1727,4.0,4.184669186850756,0.18466918685075573,67.80259098152747,67.95947059795571,421.7286031039444,0.0,78.81428146362305
1728,4.0,4.184477134561065,0.18447713456106474,67.80769825097423,67.95946884637937,421.7103581364238,0.0,78.81660079956055
1729,4.0,4.184287796724765,0.1842877967247647,67.8127587153507,67.95947191633773,421.69237104197526,0.0,78.81891632080078
1730,4.0,4.1840929244867535,0.18409292448675352,67.8177846194869,67.95947298103246,421.67385817936423,0.0,78.82108688354492
1731,4.0,4.183901865685734,0.1839018656857343,67.82275902134782,67.95947470657828,421.6557075932674,0.0,78.82326889038086
1732,4.0,4.183711333788634,0.1837113337886338,67.8276760981389,67.95947645739132,421.6376070630428,0.0,78.82539367675781
1733,4.0,4.18350723980008,0.18350723980007988,67.83255091200314,67.95947650702405,421.61821813413025,0.0,78.82721328735352
1734,4.0,4.183303085628152,0.18330308562815212,67.83738121840216,67.95948161895508,421.59882348779706,0.0,78.8289794921875
1735,4.0,4.183100567730866,0.18310056773086636,67.84217561006184,67.95947974420454,421.57958428755495,0.0,78.83073425292969
1736,4.0,4.182895025837522,0.1828950258375217,67.84692102214322,67.9594747008248,421.5600578076872,0.0,78.8323745727539
1737,4.0,4.182686264330064,0.18268626433006396,67.85162719758831,67.95947231095477,421.54022546447874,0.0,78.83390808105469
1738,4.0,4.182481722288243,0.18248172228824266,67.85629165396311,67.95947178954476,421.5207939705057,0.0,78.8354721069336
1739,4.0,4.182274270593464,0.18227427059346368,67.86090527021973,67.95947408018867,421.5010860595017,0.0,78.83692169189453
1740,4.0,4.182065442481986,0.18206544248198586,67.86548257261505,67.95948143685642,421.4812473889113,0.0,78.83830261230469
1741,4.0,4.181856037004107,0.18185603700410713,67.87000402407482,67.95948226554148,421.4613538685128,0.0,78.83960723876953
1742,4.0,4.18164176965991,0.18164176965990997,67.87448004838092,67.95948889397114,421.44099847081407,0.0,78.84076690673828
1743,4.0,4.1814281361547145,0.18142813615471454,67.87890683086981,67.95948729783184,421.4207032878205,0.0,78.84188079833984
1744,4.0,4.18122015578349,0.18122015578348982,67.88328826740418,67.95948770797334,421.4009451525542,0.0,78.84304809570312
1745,4.0,4.181010341652527,0.18101034165252727,67.88761451548787,67.95948291297016,421.38101281011274,0.0,78.8441162109375
1746,4.0,4.1807971077993695,0.18079710779936953,67.8918850488486,67.95947622646915,421.36075559406277,0.0,78.84505462646484
1747,4.0,4.180593198110761,0.1805931981107607,67.89611627325739,67.95948811578245,421.3413841736449,0.0,78.84612274169922
1748,4.0,4.18038544982602,0.18038544982602023,67.90029856644652,67.95948582396186,421.32164808659456,0.0,78.84706115722656
1749,4.0,4.180174927527987,0.18017492752798692,67.90443435061947,67.95948041963013,421.30164846828137,0.0,78.84789276123047
1750,4.0,4.179949433172292,0.1799494331722924,67.90852467402321,67.9594779265148,421.28022650449043,0.0,78.848388671875
1751,4.0,4.179730834629232,0.17973083462923167,67.91254939338512,67.95947672667135,421.2594596428996,0.0,78.84893798828125
1752,4.0,4.179507064774854,0.179507064774854,67.91654608067279,67.9594712310531,421.2382015067338,0.0,78.8493567109108
1753,4.0,4.179287340786955,0.17928734078695463,67.92049336001827,67.9594690235841,421.21732772788334,0.0,78.84979391098022
1754,4.0,4.179066621810618,0.17906662181061783,67.92439073391458,67.95946964560369,421.19635942513133,0.0,78.85015392303467
1755,4.0,4.178849146215326,0.17884914621532566,67.92824298626526,67.95946739901584,421.17569924357855,0.0,78.85052227973938
1756,4.0,4.178631528133207,0.1786315281332067,67.93204537262736,67.95946858821212,421.15502552577726,0.0,78.85082960128784
1757,4.0,4.178420875051855,0.178420875051855,67.93579345597875,67.95946134804757,421.13501348304885,0.0,78.85120487213135
1758,4.0,4.1782086331564035,0.17820863315640345,67.93949544262982,67.95947123358648,421.11485050298097,0.0,78.85149621963501
1759,4.0,4.178005830993978,0.17800583099397826,67.94314413661583,67.95947384229954,421.09558429755054,0.0,78.85190343856812
1760,4.0,4.177787668419964,0.17778766841996418,67.94671798934935,67.95947983135139,421.07485885301924,0.0,78.85193347930908
1761,4.0,4.177582124985354,0.17758212498535375,67.95024598174817,67.95948675256143,421.05533222673125,0.0,78.85214805603027
1762,4.0,4.1773676039729795,0.17736760397297946,67.9537387288206,67.95949552572203,421.0349527305557,0.0,78.85215187072754
1763,4.0,4.17715576469884,0.1771557646988402,67.95718163078244,67.95950181652456,421.0148279995125,0.0,78.85214805603027
1764,4.0,4.176937576943334,0.17693757694333367,67.96058186773999,67.95950083174613,420.99410016273936,0.0,78.85197448730469
1765,4.0,4.176718460977739,0.1767184609777388,67.96392605060527,67.95948867147064,420.9732841460078,0.0,78.85171794891357
1766,4.0,4.176509349599811,0.17650934959981068,67.96722614540448,67.95947594431351,420.95341856510464,0.0,78.85159873962402
1767,4.0,4.176291961412401,0.17629196141240122,67.97047384525378,67.95947042294166,420.9327666873007,0.0,78.85126209259033
1768,4.0,4.176076698093384,0.1760766980933841,67.97365770063853,67.95947128650575,420.9123166719941,0.0,78.85089111328125
1769,4.0,4.175862760636674,0.17586276063667405,67.97680796880587,67.95947246158595,420.89199261360665,0.0,78.85050582885742
1770,4.0,4.1756493155225085,0.1756493155225085,67.97990614548381,67.95946966790441,420.87171532776097,0.0,78.85006904602051
1771,4.0,4.175441943360595,0.17544194336059515,67.98296825180873,67.95947464848366,420.85201497237915,0.0,78.84970474243164
1772,4.0,4.175237038794289,0.17523703879428876,67.98596581356715,67.95947183162319,420.83254903858005,0.0,78.84931182861328
1773,4.0,4.175021788787695,0.1750217887876948,67.98891998189546,67.9594746484836,420.8121002879536,0.0,78.84867286682129
1774,4.0,4.174811192235069,0.1748111922350688,67.99182662818228,67.95948038844301,420.7920936154542,0.0,78.84806632995605
1775,4.0,4.174600358160217,0.1746003581602169,67.99468388991446,67.95947881571588,420.77206437834326,0.0,78.84739769995213
1776,4.0,4.174389971115049,0.1743899711150494,67.99748026231981,67.95947864903233,420.7520776090523,0.0,78.84666657447815
1777,4.0,4.174187292273994,0.1741872922739942,68.00022887739726,67.95947910256982,420.7328231191521,0.0,78.84602534770966
1778,4.0,4.173978934554847,0.1739789345548468,68.00291482200664,67.95948039469789,420.7130291358331,0.0,78.84520387649536
1779,4.0,4.173783111198407,0.17378311119840717,68.00555381394028,67.95947876959804,420.69442591697134,0.0,78.84456443786621
1780,4.0,4.173587020948221,0.17358702094822132,68.00814886862999,67.95947200312834,420.67579734320367,0.0,78.84386873245239
1781,4.0,4.17340330141089,0.17340330141089044,68.01069599439845,67.95948309077752,420.65834398715725,0.0,78.84335088729858
1782,4.0,4.173212929253124,0.1732129292531237,68.01319915847432,67.95948375428011,420.6402586321694,0.0,78.84265613555908
1783,4.0,4.173016971973413,0.17301697197341337,68.01565536535571,67.95947817896766,420.6216426905969,0.0,78.84180116653442
1784,4.0,4.172819351044247,0.17281935104424662,68.01806569526106,67.95947214584572,420.6028687023261,0.0,78.8408613204956
1785,4.0,4.1726225919105575,0.1726225919105575,68.02042970428334,67.95947664313896,420.5841765846256,0.0,78.83988380432129
1786,4.0,4.172423809958963,0.17242380995896323,68.0227479217354,67.95948136420814,420.56529229922415,0.0,78.8388147354126
1787,4.0,4.172233083479731,0.172233083479731,68.02501895505662,67.95947677309066,420.5471732836971,0.0,78.83784294128418
1788,4.0,4.172045067915796,0.17204506791579632,68.02724352444754,67.95948109454721,420.5293118051233,0.0,78.83686828613281
1789,4.0,4.171842723447636,0.17184272344763585,68.02943367069571,67.95948046390178,420.510089080648,0.0,78.8355827331543
1790,4.0,4.1716520466256535,0.17165204662565348,68.03154732514069,67.95948385547845,420.49197478255974,0.0,78.83442878723145
1791,4.0,4.17146233398756,0.17146233398756028,68.03364215553458,67.95948525709443,420.47395208194087,0.0,78.83327102661133
1792,4.0,4.171274367274452,0.1712743672744521,68.03568400756546,67.95949202900083,420.4560952441956,0.0,78.83208465576172
1793,4.0,4.171093095393732,0.17109309539373196,68.03769421077466,67.95948716285749,420.43887441552715,0.0,78.83098793029785
1794,4.0,4.170908680146933,0.17090868014693328,68.03964885844131,67.95948987048169,420.4213549670813,0.0,78.82976722717285
1795,4.0,4.170725444933562,0.170725444933562,68.04155808626035,67.9594878516161,420.403947621811,0.0,78.82851600646973
1796,4.0,4.170537024756986,0.17053702475698618,68.04342694804618,67.95948906969979,420.38604770503633,0.0,78.82711982727051
1797,4.0,4.170353900508591,0.17035390050859078,68.04525566983455,67.95948930101045,420.36865090143874,0.0,78.82577705383301
1798,4.0,4.170166002452571,0.17016600245257063,68.04702743085463,67.95948397992574,420.35080058611686,0.0,78.82427787780762
1799,4.0,4.169984813493233,0.16998481349323313,68.04874914666384,67.95948591610247,420.3335876349798,0.0,78.82284736633301
1800,4.0,4.169805126128095,0.16980512612809484,68.05044979976925,67.95948100764997,420.3165173352916,0.0,78.82142066955566
1801,4.0,4.169644228070472,0.16964422807047175,68.05210248519396,67.95947561918581,420.30123201981746,0.0,78.82029342651367
1802,4.0,4.169483415334058,0.1694834153340583,68.05370944099967,67.95947668217273,420.2859548098582,0.0,78.8191146850586
1803,4.0,4.169325809191779,0.1693258091917791,68.0552757082714,67.95947906077657,420.27098222634163,0.0,78.81794929504395
1804,4.0,4.169163050695978,0.16916305069597826,68.05680926593382,67.9594855469383,420.2555201692406,0.0,78.81664848327637
1805,4.0,4.168981861046499,0.1689818610464986,68.05829795350616,67.95948222397699,420.23830715254,0.0,78.8149471282959
1806,4.0,4.168816466569806,0.16881646656980642,68.05970349220765,67.95948749953835,420.2225946772542,0.0,78.81344795227051
1807,4.0,4.16864796289847,0.16864796289847028,68.06109072498799,67.95948335968133,420.2065868284773,0.0,78.81186866760254
1808,4.0,4.168484568133729,0.1684845681337288,68.06243748034778,67.9594890101624,420.19106432582686,0.0,78.81033897399902
1809,4.0,4.1683207209508595,0.16832072095085948,68.06374725177521,67.95948851273057,420.1754988434543,0.0,78.80875778198242
1810,4.0,4.168159246281452,0.1681592462814523,68.0650134415125,67.95949796360303,420.1601587498606,0.0,78.80717086791992
1811,4.0,4.1679985626897205,0.16799856268972047,68.06624374659968,67.95949342468667,420.1448938086461,0.0,78.80555725097656
1812,4.0,4.167841725498733,0.16784172549873322,68.06743768847251,67.95948142483972,420.12999427550227,0.0,78.80397415161133
1813,4.0,4.167685928969707,0.16768592896970702,68.06858506778728,67.95947610365774,420.1151936052448,0.0,78.8023567199707
1814,4.0,4.167532506407439,0.1675325064074391,68.06970034850505,67.95946757500103,420.10061846182936,0.0,78.80074691772461
1815,4.0,4.167377562500605,0.16737756250060531,68.07078124524952,67.95946447100265,420.0858987906801,0.0,78.79906845092773
1816,4.0,4.167214229443586,0.16721422944358633,68.07181471392184,67.95947323481495,420.07038215026336,0.0,78.79717636108398
1817,4.0,4.167058445959495,0.16705844595949504,68.07280402830854,67.95947715439546,420.05558271927464,0.0,78.79537582397461
1818,4.0,4.166909784851189,0.1669097848511889,68.07376604420996,67.95948407261656,420.0414599139856,0.0,78.7936782836914
1819,4.0,4.166759619898851,0.16675961989885124,68.07468348559111,67.95949044323883,420.0271942435135,0.0,78.79190063476562
1820,4.0,4.166608767622934,0.1666087676229342,68.07557267151859,67.95949536892611,420.0128632773014,0.0,78.79007720947266
1821,4.0,4.166464938078004,0.1664649380780041,68.07642628182855,67.95948450804346,419.99919947053303,0.0,78.78834533691406
1822,4.0,4.166312251034665,0.16631225103466463,68.07723679984949,67.95947897588671,419.9846942014158,0.0,78.78639602661133
1823,4.0,4.16617202124438,0.16617202124438002,68.07800203931174,67.95948408666918,419.97137237133876,0.0,78.78462982177734
1824,4.0,4.166033399360903,0.1660333993609031,68.07873775846224,67.95948517790767,419.9582032924084,0.0,78.7828598022461
1825,4.0,4.165898439803937,0.1658984398039367,68.07944334507414,67.9594770108262,419.94538213449664,0.0,78.78112411499023
1826,4.0,4.165775367733403,0.16577536773340285,68.08010964377354,67.95948252536725,419.9336902877959,0.0,78.77956771850586
1827,4.0,4.165652659418736,0.1656526594187362,68.08075355334582,67.95949138141619,419.9220329979026,0.0,78.77799224853516
1828,4.0,4.165531938367401,0.1655319383674012,68.08135842745723,67.95948858352615,419.91056449802574,0.0,78.77640914916992
1829,4.0,4.165408531847612,0.1654085318476124,68.08193140099377,67.95948383288801,419.89884087864584,0.0,78.77473831176758
1830,4.0,4.165287675272566,0.16528767527256605,68.08246602608739,67.95947662372711,419.8873595040164,0.0,78.7730712890625
1831,4.0,4.165162293705782,0.16516229370578195,68.08298562551613,67.95947483740494,419.87544825517193,0.0,78.77130126953125
1832,4.0,4.165039494986081,0.16503949498608073,68.08344325279603,67.95947429638738,419.8637823768003,0.0,78.7695083618164
1833,4.0,4.164918174117644,0.16491817411764398,68.08388993776101,67.95947395494201,419.8522568942988,0.0,78.76773071289062
1834,4.0,4.164786182918034,0.16478618291803393,68.08431653744631,67.95947131041102,419.83971773033585,0.0,78.76572799682617
1835,4.0,4.16466076133402,0.1646607613340203,68.08470500992956,67.95947091910234,419.8278026798546,0.0,78.7638053894043
1836,4.0,4.164527630411809,0.16452763041180862,68.08506455756697,67.9594665748834,419.81515524224443,0.0,78.76170349121094
1837,4.0,4.1644052718216455,0.16440527182164555,68.08538321251146,67.95948008702261,419.803531176179,0.0,78.75975799560547
1838,4.0,4.1642868960502675,0.16428689605026747,68.08567634085013,67.95947545541821,419.792285477898,0.0,78.75785827636719
1839,4.0,4.164165779234363,0.16416577923436293,68.08594504772091,67.95948353986059,419.7807793803871,0.0,78.75587844848633
1840,4.0,4.164038668985951,0.16403866898595076,68.0861831477003,67.95948089322229,419.76870390678795,0.0,78.75374984741211
1841,4.0,4.163923607965694,0.16392360796569427,68.08638254653582,67.95948652850655,419.7577731098636,0.0,78.75180435180664
1842,4.0,4.163809224460526,0.16380922446052626,68.0865543868678,67.95948378721755,419.74690667687264,0.0,78.74983978271484
1843,4.0,4.163699694794097,0.16369969479409718,68.08669633815043,67.95948426265656,419.7365013585619,0.0,78.74793243408203
1844,4.0,4.163586532306438,0.1635865323064376,68.08680535074525,67.95948021320326,419.7257509222342,0.0,78.74591827392578
1845,4.0,4.163471754785894,0.1634717547858937,68.08689460255651,67.95948261400436,419.71484705778255,0.0,78.74385070800781
1846,4.0,4.163365568052134,0.16336556805213398,68.08694891937455,67.95948465836541,419.7047593180754,0.0,78.74190521240234
1847,4.0,4.163254862064842,0.16325486206484197,68.08698478728144,67.95948648708254,419.69424224928264,0.0,78.73985290527344
1848,4.0,4.163153322640095,0.1631533226400954,68.08698289605859,67.95948967357468,419.6845960039317,0.0,78.73793029785156
1849,4.0,4.1630472264515745,0.16304722645157455,68.0869565680723,67.95948781233476,419.6745168660222,0.0,78.73589324951172
1850,4.0,4.162939464761204,0.16293946476120436,68.08690469725941,67.95948699998519,419.66427950543704,0.0,78.73379516601562
1851,4.0,4.162839855726231,0.16283985572623116,68.08681185001,67.95948182312745,419.6548166471146,0.0,78.73180389404297
1852,4.0,4.162747181093128,0.16274718109312758,68.08671114591942,67.95948385479966,419.64601255696977,0.0,78.72993469238281
1853,4.0,4.162665942228958,0.16266594222895758,68.08658174346004,67.95948179066198,419.6382948648736,0.0,78.7282485961914
1854,4.0,4.16257976464054,0.16257976464054025,68.08642754533481,67.95947743079353,419.630107993974,0.0,78.7264404296875
1855,4.0,4.16249373415896,0.16249373415895985,68.08624454096456,67.95947821395494,419.62193509822384,0.0,78.72460174560547
1856,4.0,4.162405446755873,0.16240544675587287,68.08603905945331,67.9594780608055,419.6135477949306,0.0,78.72269439697266
1857,4.0,4.162318593329675,0.16231859332967513,68.08580351402162,67.9594768027435,419.60529671944175,0.0,78.72077941894531
1858,4.0,4.162234425706037,0.1622344257060373,68.08554382101981,67.95947835718196,419.5973007951962,0.0,78.71888732910156
1859,4.0,4.16214739333174,0.16214739333173966,68.08527066114348,67.95948359888337,419.5890327196379,0.0,78.71692550182343
1860,4.0,4.162052219072604,0.1620522190726037,68.08497652802357,67.9594781940343,419.57999116502,0.0,78.71478545665741
1861,4.0,4.16196812262023,0.1619681226202303,68.08464149908161,67.95947716690398,419.57200200204454,0.0,78.71280765533447
1862,4.0,4.161885255218618,0.16188525521861763,68.08431346983699,67.95948230556903,419.5641295988913,0.0,78.71086120605469
1863,4.0,4.161807712429136,0.16180771242913572,68.0839445174046,67.95948045459615,419.55676303389055,0.0,78.70896816253662
1864,4.0,4.161724528859001,0.16172452885900057,68.08356223736536,67.95948668977927,419.54886059472767,0.0,78.70695304870605
1865,4.0,4.161646311218104,0.1616463112181039,68.0831642860608,67.95948577834564,419.5414299188425,0.0,78.70501375198364
1866,4.0,4.16155920494676,0.16155920494675957,68.08273766504169,67.95948219075349,419.5331548230648,0.0,78.70287322998047
1867,4.0,4.161481117202199,0.16148111720219926,68.0822777447115,67.95948037240792,419.5257364873316,0.0,78.70086479187012
1868,4.0,4.161409560341936,0.16140956034193632,68.08181738704134,67.95948496379607,419.5189385856066,0.0,78.69897937774658
1869,4.0,4.161334847890091,0.16133484789009067,68.08132943755888,67.95948849790216,419.51184090268123,0.0,78.69700241088867
1870,4.0,4.161254675411952,0.1612546754119517,68.08081034339578,67.95948381414388,419.504224517258,0.0,78.69488620758057
1871,4.0,4.161186455432876,0.16118645543287613,68.08027553995151,67.95948717612418,419.49774361924585,0.0,78.69297790527344
1872,4.0,4.161115631354458,0.16111563135445817,68.07972391915597,67.95948365661685,419.4910153317962,0.0,78.69100093841553
1873,4.0,4.161048422013519,0.16104842201351932,68.07916594421441,67.95948456371326,419.48463044440695,0.0,78.68908500671387
1874,4.0,4.1609812158061725,0.16098121580617253,68.07857984656259,67.95948592372987,419.47824585470903,0.0,78.68713665008545
1875,4.0,4.160925460606539,0.16092546060653934,68.0779854262348,67.95947688513023,419.47294911074385,0.0,78.68539524078369
1876,4.0,4.160874197272532,0.16087419727253227,68.07735627784857,67.95947490492894,419.4680790940132,0.0,78.6836986541748
1877,4.0,4.1608385927333424,0.16083859273334244,68.07670112664566,67.95947808321144,419.4646966627902,0.0,78.6822681427002
1878,4.0,4.160807292443598,0.16080729244359837,68.0760448526264,67.95947329770097,419.4617231352645,0.0,78.68091773986816
1879,4.0,4.1607662969467,0.16076629694669986,68.07538051565689,67.95946740038501,419.45782856305914,0.0,78.67937469482422
1880,4.0,4.160719272214392,0.16071927221439175,68.07470094060554,67.95947090555416,419.45336121348987,0.0,78.67770004272461
1881,4.0,4.160680892039278,0.16068089203927816,68.07400533858632,67.95947208623825,419.44971509685405,0.0,78.6761703491211
1882,4.0,4.160642721679931,0.1606427216799311,68.07329783936474,67.95948248194101,419.4460889127161,0.0,78.67463088780642
1883,4.0,4.160601113755053,0.16060111375505315,68.0725785832402,67.95948801514338,419.4421361598527,0.0,78.67301285266876
1884,4.0,4.160560401020805,0.16056040102080527,68.07185096478975,67.95948010553819,419.43826845009914,0.0,78.67140209674835
1885,4.0,4.160523404082184,0.16052340408218413,68.07111091408987,67.95948436305336,419.43475374093015,0.0,78.66984724998474
1886,4.0,4.160479318253808,0.1604793182538078,68.07035552291312,67.95948801186644,419.43056558723436,0.0,78.66814064979553
1887,4.0,4.160441313726865,0.16044131372686543,68.06957921966689,67.95949030636085,419.42695515717486,0.0,78.66652488708496
1888,4.0,4.160407303254715,0.16040730325471486,68.06881450637567,67.95948630196303,419.4237241623205,0.0,78.6649980545044
1889,4.0,4.160371290727726,0.16037129072772593,68.06803673651504,67.95948803580677,419.4203029722566,0.0,78.66341829299927
1890,4.0,4.160336169604321,0.16033616960432084,68.06723735449427,67.95948533826709,419.4169664655331,0.0,78.66183042526245
1891,4.0,4.160300951783959,0.16030095178395865,68.06644325458919,67.95948172041926,419.41362077259873,0.0,78.66024684906006
1892,4.0,4.1602689482817015,0.16026894828170146,68.06562584825731,67.95948285007246,419.41058043988426,0.0,78.6586971282959
1893,4.0,4.1602287132980065,0.16022871329800648,68.06480281079413,67.9594821016374,419.40675811643325,0.0,78.65698528289795
1894,4.0,4.160193561385106,0.160193561385106,68.06395271190144,67.95948579041638,419.40341868470773,0.0,78.65533828735352
1895,4.0,4.160160004112473,0.16016000411247333,68.06310869449227,67.95948235197542,419.4002307438076,0.0,78.65372848510742
1896,4.0,4.160131146117193,0.1601311461171928,68.06225792831417,67.95948252529652,419.39748923425594,0.0,78.65219974517822
1897,4.0,4.160098756877989,0.16009875687798925,68.06139394965146,67.9594865073753,419.3944122565316,0.0,78.65058898925781
1898,4.0,4.160068492241851,0.1600684922418507,68.06051913126838,67.95948745858624,419.39153711609845,0.0,78.64900588989258
1899,4.0,4.160038288489885,0.16003828848988544,68.05964165349575,67.959493853402,419.38866775966176,0.0,78.64742088317871
1900,4.0,4.160005326087754,0.16000532608775409,68.05875152463045,67.95949043128363,419.38553633145926,0.0,78.6457691192627
1901,4.0,4.159987919666455,0.1599879196664551,68.05785942512432,67.9594828755951,419.3838827214359,0.0,78.6444091796875
1902,4.0,4.159968316613176,0.1599683166131758,68.05697024293679,67.95947922681154,419.3820204313743,0.0,78.64301109313965
1903,4.0,4.159953877713995,0.1599538777139946,68.05606919452926,67.95947708839321,419.38064873595215,0.0,78.64169692993164
1904,4.0,4.159925611967354,0.15992561196735444,68.05516655753748,67.9594803189327,419.37796349002133,0.0,78.6401195526123
1905,4.0,4.159900221635137,0.15990022163513729,68.05424162712316,67.95947734564287,419.3755514084607,0.0,78.63857078552246
1906,4.0,4.159875871907629,0.1598758719076292,68.05331781872202,67.95947660669377,419.37323818434743,0.0,78.63704299926758
1907,4.0,4.159848897430389,0.15984889743038888,68.0523923711332,67.95947326691153,419.3706756090096,0.0,78.63546371459961
1908,4.0,4.15982497000644,0.15982497000644003,68.05146328261446,67.95947947690398,419.36840250373444,0.0,78.63393783569336
1909,4.0,4.159797230903057,0.15979723090305686,68.05052390954081,67.95947511908051,419.36576728891305,0.0,78.63232803344727
1910,4.0,4.159767540008981,0.15976754000898108,68.04957848756285,67.95947085261959,419.3629466539758,0.0,78.63067436218262
1911,4.0,4.159765110983466,0.15976511098346613,68.04861956054332,67.95946990790979,419.3627158965519,0.0,78.62952041625977
1912,4.0,4.159755173163206,0.1597551731632061,68.04764810921498,67.95947660701383,419.3617718036272,0.0,78.62821006774902
1913,4.0,4.159751937623003,0.15975193762300322,68.04667100838577,67.95947485476985,419.36146442730796,0.0,78.62701988220215
1914,4.0,4.159751855026554,0.15975185502655442,68.04569845323735,67.95947752750504,419.3614565806453,0.0,78.62589454650879
1915,4.0,4.159739183963639,0.15973918396363906,68.04472053052635,67.95947992232628,419.36025282966835,0.0,78.62452507019043
1916,4.0,4.159735217204721,0.15973521720472128,68.04372402151873,67.95947926161051,419.3598759875712,0.0,78.62329864501953
1917,4.0,4.159734373781903,0.15973437378190258,68.04274409925416,67.95947804861373,419.35979586240336,0.0,78.62215042114258
1918,4.0,4.159733475644629,0.1597334756446287,68.04175516739426,67.95948254987316,419.35971053936237,0.0,78.62099075317383
1919,4.0,4.159732896074619,0.15973289607461894,68.04076432569369,67.95947887235593,419.3596554802114,0.0,78.61983489990234
1920,4.0,4.159719009394369,0.15971900939436878,68.03977325309955,67.95946845415818,419.3583362455877,0.0,78.61842727661133
1921,4.0,4.159718350643567,0.15971835064356732,68.03875399016967,67.9594664671818,419.35827366426156,0.0,78.61723709106445
1922,4.0,4.159715917703067,0.1597159177030667,68.03776374616983,67.95947469303212,419.358042534914,0.0,78.61604690551758
1923,4.0,4.159724488136165,0.15972448813616502,68.03676190033484,67.95947435449179,419.3588567260583,0.0,78.61505126953125
1924,4.0,4.159733808403312,0.15973380840331242,68.03576430145283,67.95947611567497,419.35974215143733,0.0,78.61407470703125
1925,4.0,4.159740246311924,0.15974024631192396,68.03476432875287,67.95946991319609,419.36035375275543,0.0,78.61304092407227
1926,4.0,4.159752568676904,0.1597525686769039,68.03375725460451,67.95948443805871,419.3615243774285,0.0,78.61211013793945
1927,4.0,4.159749441739098,0.15974944173909833,68.0327519551313,67.95948042938878,419.361227318337,0.0,78.61088943481445
1928,4.0,4.159758167509904,0.1597581675099038,68.03173768307218,67.95948321845422,419.3620562665635,0.0,78.60988235473633
1929,4.0,4.159759703595815,0.1597597035958147,68.03074195772388,67.95948767906212,419.36220219472506,0.0,78.60876083374023
1930,4.0,4.15975829322431,0.1597582932243098,68.029731694155,67.95948849190323,419.36206820943204,0.0,78.6075668334961
1931,4.0,4.15975381701042,0.15975381701041957,68.0287253495069,67.95948610732674,419.3616429691125,0.0,78.60631942749023
1932,4.0,4.1597558211169225,0.15975582111692255,68.02772197032401,67.95948299600572,419.3618333592303,0.0,78.60519790649414
1933,4.0,4.159755544225146,0.15975554422514637,68.02671627800711,67.95947594269717,419.36180705451153,0.0,78.60403060913086
1934,4.0,4.159750776992176,0.1597507769921762,68.02571138719739,67.95947791121273,419.3613541673794,0.0,78.60277938842773
1935,4.0,4.159746965520213,0.15974696552021328,68.02469746720317,67.95948461790874,419.3609920775429,0.0,78.60153579711914
1936,4.0,4.159749401182934,0.15974940118293368,68.02368372976154,67.95947831148489,419.3612234655013,0.0,78.60041046142578
1937,4.0,4.159738894615753,0.15973889461575297,68.02267034419819,67.95947635596784,419.3602253416192,0.0,78.59904098510742
1938,4.0,4.159738893011411,0.15973889301141142,68.02163373474544,67.95947819569882,419.36022518920674,0.0,78.59784317016602
1939,4.0,4.159742534125321,0.15974253412532136,68.02062669652197,67.95947943960978,419.36057109502815,0.0,78.59674835205078
1940,4.0,4.159762800823989,0.15976280082398908,68.01960860990029,67.95948039382029,419.3624964314016,0.0,78.59595489501953
1941,4.0,4.159782998300926,0.15978299830092624,68.01859166507639,67.95948100084517,419.36441519171063,0.0,78.59516143798828
1942,4.0,4.159802234460327,0.1598022344603267,68.01757394209434,67.95948307085779,419.36624262685365,0.0,78.5943489074707
1943,4.0,4.159827031622686,0.15982703162268574,68.01655443717716,67.95947890355113,419.3685983572778,0.0,78.5936393737793
1944,4.0,4.1598376455646795,0.1598376455646795,68.01553905720007,67.95947891549444,419.3696066817672,0.0,78.59266662597656
1945,4.0,4.159855235685173,0.159855235685173,68.01450535795355,67.9594808532774,419.3712777432141,0.0,78.59180450439453
1946,4.0,4.159874865242752,0.1598748652427524,68.01349774592255,67.95948618608689,419.3731425511841,0.0,78.59101104736328
1947,4.0,4.1598926085684385,0.15989260856843845,68.01249127110711,67.95949055038838,419.3748281671243,0.0,78.59018325805664
1948,4.0,4.159912931553834,0.15991293155383435,68.01148554560093,67.95948771989592,419.3767588507369,0.0,78.58940505981445
1949,4.0,4.159928535882628,0.1599285358826279,68.01048764904297,67.95948955038376,419.3782412619723,0.0,78.58854675292969
1950,4.0,4.159947374378406,0.15994737437840634,68.00949300650916,67.9594834706374,419.38003091907126,0.0,78.58775329589844
1951,4.0,4.159970717833026,0.1599707178330263,68.0085039533976,67.95948188790035,419.38224854726013,0.0,78.58705139160156
1952,4.0,4.159993331794939,0.15999333179493913,68.0075136323805,67.95948173897838,419.38439687364183,0.0,78.58633422851562
1953,4.0,4.160017732743274,0.1600177327432739,68.00652712076011,67.9594857932246,419.38671496373365,0.0,78.58565521240234
1954,4.0,4.160046304721695,0.16004630472169534,68.00554506077556,67.95948403984173,419.3894293016837,0.0,78.5850601196289
1955,4.0,4.160070810230781,0.1600708102307813,68.00455686401214,67.95948417568663,419.39175732504685,0.0,78.58438110351562
1956,4.0,4.160094773980123,0.16009477398012262,68.00358413705227,67.95948769666846,419.3940338812343,0.0,78.58370971679688
1957,4.0,4.160111545400707,0.16011154540070738,68.00261015026857,67.95948394681682,419.39562716618985,0.0,78.58290100097656
1958,4.0,4.160128805931357,0.1601288059313566,68.00164138063734,67.95948437857007,419.3972669166015,0.0,78.58210754394531
1959,4.0,4.160144052529393,0.16014405252939312,68.00067912975489,67.9594744044884,419.398715343415,0.0,78.58128356933594
1960,4.0,4.160156709828746,0.16015670982874575,67.99972619866989,67.95947006035865,419.3999177868535,0.0,78.5804214477539
1961,4.0,4.160174346162023,0.16017434616202308,67.99879092146732,67.9594692302371,419.4015932385148,0.0,78.57967376708984
1962,4.0,4.160179778745485,0.16017977874548528,67.99785045732024,67.95947489656888,419.4021093339437,0.0,78.57868957519531
1963,4.0,4.160196310918382,0.1601963109183817,67.99691343421351,67.95947563727347,419.4036798903689,0.0,78.57791900634766
1964,4.0,4.16021148441272,0.16021148441272004,67.99598542122963,67.9594713720788,419.40512137233105,0.0,78.57713317871094
1965,4.0,4.160226784962722,0.16022678496272214,67.99505533840792,67.95947155557525,419.40657492458126,0.0,78.57634735107422
1966,4.0,4.16024027545577,0.16024027545577013,67.99413395655694,67.95946837742186,419.4078565214208,0.0,78.57553738355637
1967,4.0,4.160258160242023,0.160258160242023,67.99321152717701,67.95947459558217,419.4095555761148,0.0,78.57480919361115
1968,4.0,4.160288666427408,0.1602886664274079,67.99228393224502,67.9594839092608,419.4124536637264,0.0,78.5743134021759
1969,4.0,4.160322142291345,0.16032214229134478,67.9913434061172,67.95948342536629,419.4156338708004,0.0,78.57385873794556
1970,4.0,4.160357545368928,0.1603575453689281,67.99043143480463,67.95948357252047,419.4189971631708,0.0,78.57347345352173
1971,4.0,4.160393060811706,0.1603930608117059,67.98953043359604,67.95947972032782,419.4223711302347,0.0,78.5731029510498
1972,4.0,4.160423388468419,0.16042338846841897,67.98863500504613,67.95947758847305,419.42525225762245,0.0,78.5726408958435
1973,4.0,4.160458546723991,0.16045854672399074,67.98774440899493,67.95946851727487,419.42859229190174,0.0,78.57227563858032
1974,4.0,4.160490695002422,0.16049069500242208,67.98684566298809,67.9594749586707,419.43164637835275,0.0,78.57184410095215
1975,4.0,4.1605304716829785,0.16053047168297851,67.9859679235105,67.95947076775117,419.4354251630056,0.0,78.57158088684082
1976,4.0,4.160566645297692,0.16056664529769193,67.98508801263287,67.95947025487168,419.4388616564034,0.0,78.57124710083008
1977,4.0,4.160606292893573,0.16060629289357298,67.98420333829937,67.95947415079911,419.44262817801206,0.0,78.57097339630127
1978,4.0,4.160651693355439,0.16065169335543938,67.98335340725504,67.95947350081009,419.4469412218894,0.0,78.57084846496582
1979,4.0,4.16069258368958,0.16069258368958028,67.98250292256967,67.95947724543483,419.45082580363277,0.0,78.5706377029419
1980,4.0,4.160723541028588,0.1607235410285881,67.9816637460945,67.9594774904249,419.4537667508385,0.0,78.57025241851807
1981,4.0,4.1607581695734295,0.16075816957342948,67.98083061144142,67.95947926757788,419.4570564625984,0.0,78.56994342803955
1982,4.0,4.160777693904668,0.16077769390466834,67.98000497685663,67.95947299925588,419.4589112740661,0.0,78.56935787200928
1983,4.0,4.160809936423796,0.16080993642379582,67.97917536887877,67.95947625868429,419.4619743133832,0.0,78.56900787353516
1984,4.0,4.1608360451923305,0.16083604519233052,67.97836924790059,67.95947703655794,419.464454646394,0.0,78.56856918334961
1985,4.0,4.160866119275478,0.1608661192754779,67.97756436413411,67.95947624941014,419.467311684293,0.0,78.56820678710938
1986,4.0,4.160892670911603,0.1608926709116032,67.97676918159098,67.95948061487675,419.46983408972494,0.0,78.56778907775879
1987,4.0,4.160916467599049,0.16091646759904865,67.9759810609728,67.9594822983332,419.47209477503225,0.0,78.56732749938965
1988,4.0,4.160950214721879,0.1609502147218791,67.97519541581129,67.95948142244539,419.4753007517011,0.0,78.56705665588379
1989,4.0,4.160967491865519,0.16096749186551929,67.97441083971171,67.95948184620805,419.476942080347,0.0,78.56647605076432
1990,4.0,4.160990930672871,0.16099093067287118,67.97363142610689,67.9594812649971,419.4791687670454,0.0,78.56601774692535
1991,4.0,4.161018780851868,0.16101878085186794,67.97286190403305,67.95947600670398,419.4818145340501,0.0,78.56565415859222
1992,4.0,4.161037779307688,0.16103777930768803,67.97210053930016,67.95947056275283,419.483619387353,0.0,78.56513285636902
1993,4.0,4.161068845103588,0.1610688451035882,67.9713288388931,67.95947177476408,419.4865706379635,0.0,78.56482744216919
1994,4.0,4.161090440413669,0.16109044041366882,67.97058045464804,67.95947610156082,419.4886221924212,0.0,78.56437015533447
1995,4.0,4.161113612932698,0.16111361293269777,67.96983560533974,67.95947038949492,419.49082358172893,0.0,78.56394672393799
1996,4.0,4.161130066864121,0.16113006686412135,67.96908788547749,67.95947398067293,419.4923867052142,0.0,78.56339311599731
1997,4.0,4.161153299236886,0.1611532992368856,67.96834166138912,67.95947160323529,419.49459378062676,0.0,78.56296920776367
1998,4.0,4.161180690861992,0.16118069086199238,67.96760300260847,67.9594751551692,419.4971959850119,0.0,78.56263256072998
1999,4.0,4.161204161901303,0.1612041619013027,67.96687723679811,67.95947471432704,419.4994257337464,0.0,78.56223678588867
2000,4.0,4.161224662542529,0.1612246625425291,67.96614636691463,67.95948020278506,419.5013732946629,0.0,78.5617790222168
2001,4.0,4.161247365384479,0.1612473653844786,67.96543316391394,67.95949038669177,419.5035300646481,0.0,78.56138324737549
2002,4.0,4.161290871722603,0.1612908717226027,67.96472340966233,67.95948676867845,419.5076631667699,0.0,78.5613842010498
2003,4.0,4.161342288741467,0.1613422887414666,67.96401565075786,67.9594902197887,419.51254778356196,0.0,78.56153678894043
2004,4.0,4.1613934627823115,0.16139346278231148,67.96331600272049,67.95948103960966,419.51740931744223,0.0,78.56169414520264
2005,4.0,4.161444423875076,0.16144442387507585,67.96262314968591,67.9594825661856,419.52225062125484,0.0,78.56185531616211
2006,4.0,4.161490610229015,0.16149061022901456,67.96194476564082,67.95948024449234,419.526638324879,0.0,78.56194305419922
2007,4.0,4.161527415423902,0.16152741542390192,67.96126615038041,67.9594754479847,419.5301348183933,0.0,78.56185340881348
2008,4.0,4.161570761289246,0.16157076128924608,67.96060778208728,67.95947796138908,419.534252675601,0.0,78.56191062927246
2009,4.0,4.161610660104551,0.16161066010455105,67.95996116985168,67.95948257544714,419.538043063055,0.0,78.56191635131836
2010,4.0,4.161643012740922,0.16164301274092185,67.95931735303252,67.95947594431382,419.54111656351023,0.0,78.56178283691406
2011,4.0,4.161683642838949,0.1616836428389492,67.95868357166879,67.95947893604925,419.5449764228228,0.0,78.56181716918945
2012,4.0,4.161720110758404,0.1617201107584041,67.95806167134606,67.95948042381485,419.548440875171,0.0,78.56178665161133
2013,4.0,4.161755926019109,0.16175592601910882,67.95744548952574,67.95948071795543,419.551843324938,0.0,78.5617504119873
2014,4.0,4.1617922867005515,0.16179228670055146,67.95683361131137,67.95947956449604,419.55529758967504,0.0,78.56172943115234
2015,4.0,4.161824670919849,0.16182467091984876,67.95625037626138,67.95947498545961,419.55837409050827,0.0,78.56166648864746
2016,4.0,4.161860450609791,0.16186045060979115,67.95566285380423,67.95947687731687,419.56177316105277,0.0,78.5616626739502
2017,4.0,4.161891148147177,0.16189114814717698,67.95508078000324,67.95948084830151,419.56468942710444,0.0,78.56156921386719
2018,4.0,4.161929287873284,0.1619292878732841,67.95451248703445,67.9594813137798,419.5683127010846,0.0,78.56163215637207
2019,4.0,4.161955867004298,0.16195586700429843,67.95394488016228,67.95947897977702,419.570837718531,0.0,78.56147766113281
2020,4.0,4.161985771589636,0.16198577158963623,67.95337742882606,67.95948004818888,419.57367865413806,0.0,78.56138610839844
2021,4.0,4.16202085610336,0.1620208561033598,67.95282935027103,67.95948246248733,419.5770116829418,0.0,78.56141471862793
2022,4.0,4.162048705606907,0.16204870560690665,67.95229381860898,67.95947718920446,419.5796573857788,0.0,78.56132125854492
2023,4.0,4.162084950307705,0.16208495030770464,67.95175486180673,67.95947603931431,419.58310063235456,0.0,78.56138229370117
2024,4.0,4.162118850342578,0.1621188503425781,67.95122779767014,67.95947176420165,419.58632113566756,0.0,78.5614128112793
2025,4.0,4.162135874003697,0.1621358740036971,67.95071230555963,67.95947729561549,419.58793838347384,0.0,78.56113815307617
2026,4.0,4.1621730441631115,0.1621730441631115,67.95018136130247,67.95947069294839,419.59146954861825,0.0,78.56122589111328
2027,4.0,4.162211050757602,0.16221105075760178,67.94966976568,67.95947324110617,419.5950801750948,0.0,78.56135177612305
2028,4.0,4.162256476328401,0.1622564763284009,67.94916903966632,67.95947673745069,419.5993956043207,0.0,78.56163024902344
2029,4.0,4.162297107330536,0.16229710733053615,67.94867400907113,67.95947556209381,419.60325554952357,0.0,78.56182479858398
2030,4.0,4.162327795467644,0.1623277954676441,67.94819613035736,67.95947555142286,419.6061709225488,0.0,78.56185150146484
2031,4.0,4.162362454691281,0.16236245469128097,67.94770952163366,67.95947517775333,419.60946354879434,0.0,78.56194305419922
2032,4.0,4.16238973985878,0.1623897398587797,67.94723771864561,67.95947504335508,419.6120556397067,0.0,78.5619125366211
2033,4.0,4.162412967481387,0.16241296748138723,67.94678266775485,67.95947455724549,419.6142622638544,0.0,78.56182479858398
2034,4.0,4.162442522850142,0.16244252285014227,67.94632000797132,67.95947909875302,419.61707002388613,0.0,78.56184768676758
2035,4.0,4.162465117492709,0.16246511749270898,67.94587200117599,67.95947329714602,419.61921651493,0.0,78.5617561340332
2036,4.0,4.162491960386932,0.16249196038693192,67.945430535635,67.95947655130065,419.6217665898812,0.0,78.56175231933594
2037,4.0,4.162515768240015,0.16251576824001468,67.94498912916528,67.9594770788903,419.62402833592404,0.0,78.56169128417969
2038,4.0,4.162545476746815,0.16254547674681508,67.94456358383522,67.95947616109305,419.6268506440701,0.0,78.56175994873047
2039,4.0,4.16257044350982,0.16257044350981964,67.94414945951945,67.95947160230662,419.6292224865555,0.0,78.56175231933594
2040,4.0,4.162583455021475,0.1625834550214753,67.94372593351412,67.95948094032218,419.6304585801628,0.0,78.56150817871094
2041,4.0,4.162610955876594,0.1626109558765938,67.94330014782075,67.95948135691017,419.6330711613991,0.0,78.5615348815918
2042,4.0,4.162633123575377,0.16263312357537707,67.94289213507888,67.95947568593888,419.63517709278347,0.0,78.56148147583008
2043,4.0,4.1626561982847985,0.1626561982847985,67.94248911698307,67.95948460370107,419.6373691901785,0.0,78.56145095825195
2044,4.0,4.16268306270498,0.16268306270498023,67.94209682796922,67.95948561925243,419.63992131009576,0.0,78.56150436401367
2045,4.0,4.162704002299823,0.16270400229982318,67.9417055741996,67.95948546781013,419.6419105716058,0.0,78.56144714355469
2046,4.0,4.162722097609448,0.1627220976094481,67.9413310557941,67.95948768765356,419.6436296260202,0.0,78.56135559082031
2047,4.0,4.162739519654703,0.16273951965470257,67.94096093111992,67.95948437512776,419.64528472031935,0.0,78.5612564086914
2048,4.0,4.162767684736947,0.1627676847369468,67.94060681344173,67.95947847362265,419.6479604031326,0.0,78.5613784790039
2049,4.0,4.162802658132143,0.16280265813214267,67.94025704699085,67.9594834113764,419.6512828756762,0.0,78.5616340637207
2050,4.0,4.162830158829197,0.16283015882919738,67.93991378261364,67.95948114714824,419.6538954418964,0.0,78.5617561340332
2051,4.0,4.162854317029781,0.16285431702978137,67.93957229108067,67.95948293591236,419.65619047095186,0.0,78.56181716918945
2052,4.0,4.1628809408975345,0.16288094089753447,67.93923014997124,67.95947949817315,419.6587197383884,0.0,78.56192398071289
2053,4.0,4.162899042798452,0.16289904279845224,67.9388984361319,67.95947162312261,419.6604394189756,0.0,78.56188201904297
2054,4.0,4.162923422985875,0.16292342298587492,67.93858632195608,67.95947681525575,419.66275553678076,0.0,78.56198120117188
2055,4.0,4.162935427762338,0.1629354277623376,67.9382716468115,67.95946963513072,419.6638959905447,0.0,78.56184387207031
2056,4.0,4.16295778139499,0.16295778139499006,67.93796622099376,67.95947241842673,419.66601958564667,0.0,78.5619125366211
2057,4.0,4.162973258307249,0.1629732583072494,67.93766086315792,67.95947496656186,419.6674898923113,0.0,78.56185150146484
2058,4.0,4.162983137031736,0.16298313703173584,67.93736109743239,67.95947660450743,419.66842837113757,0.0,78.56169128417969
2059,4.0,4.1630026138421155,0.16300261384211545,67.93706963957585,67.95947760483719,419.6702786681236,0.0,78.56172180175781
2060,4.0,4.1630187430495225,0.16301874304952246,67.93678003377715,67.959479173866,419.6718109428273,0.0,78.56169128417969
2061,4.0,4.163062458454371,0.1630624584543714,67.93648888480801,67.95947910324912,419.6759639062879,0.0,78.56217956542969
2062,4.0,4.163090925746513,0.16309092574651274,67.93620246523443,67.9594762744468,419.67866829904136,0.0,78.56238555908203
2063,4.0,4.163124287564725,0.16312428756472475,67.9359153471563,67.95947502942987,419.68183767177146,0.0,78.56268310546875
2064,4.0,4.163163885557775,0.1631638855577746,67.93565181961912,67.95947719612118,419.68559948111124,0.0,78.56312561035156
2065,4.0,4.163197569981025,0.1631975699810253,67.93538583585119,67.95948010318905,419.68879950132003,0.0,78.5634536743164
2066,4.0,4.163236434300821,0.16323643430082058,67.93513428996881,67.95948225620248,419.6924916117006,0.0,78.56389617919922
2067,4.0,4.163271687712254,0.1632716877122542,67.93488229583456,67.95947713503394,419.6958406857868,0.0,78.56427001953125
2068,4.0,4.16330444361275,0.1633044436127502,67.9346380734471,67.9594776415997,419.6989524963339,0.0,78.56460571289062
2069,4.0,4.1633392581175155,0.16333925811751548,67.93441304059088,67.95947447915727,419.7022598742866,0.0,78.56500244140625
2070,4.0,4.163367575905064,0.16336757590506412,67.93418846691887,67.95946890393543,419.70495006410374,0.0,78.56527709960938
2071,4.0,4.163404846200805,0.1634048462008053,67.93397614596786,67.959472928753,419.70849074219916,0.0,78.56573486328125
2072,4.0,4.1634420897142235,0.16344208971422347,67.93377086272032,67.95947770491291,419.7120288759739,0.0,78.56620025634766
2073,4.0,4.16347634590916,0.16347634590916016,67.93356557104443,67.95948520600655,419.71528321449284,0.0,78.5666092634201
2074,4.0,4.1635194065751655,0.1635194065751655,67.93337278422798,67.9594795329911,419.7193739777634,0.0,78.56719887256622
2075,4.0,4.163543199837501,0.16354319983750099,67.93318793282108,67.95948208788495,419.7216343376852,0.0,78.5674340724945
2076,4.0,4.163580754895126,0.16358075489512558,67.93299840106958,67.95948829581727,419.72520206815955,0.0,78.5679235458374
2077,4.0,4.163612344809107,0.16361234480910714,67.93282724558742,67.9594903810967,419.7282031099878,0.0,78.5683217048645
2078,4.0,4.1636428150470755,0.16364281504707545,67.93267477326236,67.95948729213804,419.7310977825948,0.0,78.56872034072876
2079,4.0,4.163672830167035,0.1636728301670347,67.93252313212311,67.95948380518968,419.7339492189909,0.0,78.56911134719849
2080,4.0,4.163702439356247,0.16370243935624718,67.9323855371339,67.95947591662818,419.7367620919661,0.0,78.56951093673706
2081,4.0,4.163738981371123,0.16373898137112342,67.93225892901515,67.95947848952983,419.74023358337934,0.0,78.57005405426025
2082,4.0,4.163776396910906,0.16377639691090629,67.93213167655293,67.9594787709667,419.74378805965875,0.0,78.57061290740967
2083,4.0,4.16380151887931,0.1638015188793096,67.93201205202963,67.95947876244598,419.74617464665704,0.0,78.57094860076904
2084,4.0,4.163827476398883,0.1638274763988834,67.93190023507147,67.95947519903075,419.7486406110166,0.0,78.57130908966064
2085,4.0,4.163853000720378,0.163853000720378,67.9318012587006,67.95947852756308,419.75106542155856,0.0,78.57167625427246
2086,4.0,4.163873498264215,0.16387349826421538,67.931698542291,67.95947350435539,419.7530126882231,0.0,78.57194423675537
2087,4.0,4.163898712571991,0.1638987125719913,67.931604625945,67.95947471146457,419.7554080474618,0.0,78.57231140136719
2088,4.0,4.163923171072207,0.16392317107220666,67.93152386572861,67.95947692995934,419.75773160498227,0.0,78.57267951965332
2089,4.0,4.163950193584507,0.16395019358450735,67.9314532209657,67.9594746362419,419.7602987436508,0.0,78.57310771942139
2090,4.0,4.163967452438746,0.16396745243874644,67.93138190772169,67.95947686015101,419.7619383348036,0.0,78.57335090637207
2091,4.0,4.163994330215136,0.16399433021513588,67.93130950333266,67.95948293295652,419.7644917235605,0.0,78.57377433776855
2092,4.0,4.164017511766299,0.16401751176629897,67.93124957868153,67.95948128688754,419.76669397092104,0.0,78.57414245605469
2093,4.0,4.164041482548722,0.16404148254872197,67.93119491823485,67.95947504457145,419.7689711952512,0.0,78.57453155517578
2094,4.0,4.164059061882212,0.1640590618822122,67.93114723660003,67.95947179705009,419.7706412319328,0.0,78.57480812072754
2095,4.0,4.164079366144566,0.1640793661445663,67.9311045711796,67.9594770965481,419.7725701368564,0.0,78.57514190673828
2096,4.0,4.164106160413429,0.16410616041342863,67.93107242515181,67.95947566736614,419.7751155923984,0.0,78.57561032474041
2097,4.0,4.1641274185330674,0.16412741853306745,67.93104348175211,67.95947746480113,419.777135113764,0.0,78.57597798109055
2098,4.0,4.16415775263494,0.1641577526349396,67.93102193117348,67.9594668706068,419.7800168534419,0.0,78.57652544975281
2099,4.0,4.1641817632079405,0.16418176320794053,67.93100187070237,67.95946727310384,419.782297857877,0.0,78.57695531845093
2100,4.0,4.164210801618699,0.16421080161869916,67.9309768781522,67.95948358021201,419.7850565068991,0.0,78.57747435569763
2101,4.0,4.164243964925531,0.1642439649255314,67.93096745450312,67.95948560381778,419.7882070210481,0.0,78.57808923721313
2102,4.0,4.164270915565671,0.16427091556567142,67.93097672607492,67.95948509254002,419.79076733186145,0.0,78.57860851287842
2103,4.0,4.164289936658361,0.16428993665836078,67.93098385122667,67.95948624033974,419.7925743356669,0.0,78.57897567749023
2104,4.0,4.164311717515711,0.1643117175157114,67.93099913363446,67.95949027159415,419.7946435171152,0.0,78.57940435409546
2105,4.0,4.164329357208033,0.16432935720803332,67.93102590730503,67.95948782719067,419.7963192878858,0.0,78.57976818084717
2106,4.0,4.164343631932635,0.1643436319326348,67.93105109819759,67.95948225733122,419.7976753867229,0.0,78.5800666809082
2107,4.0,4.164362112191033,0.16436211219103303,67.93106786966237,67.9594817178728,419.79943101127077,0.0,78.58043479919434
2108,4.0,4.164379100461053,0.16437910046105308,67.9311081544863,67.95948537756138,419.8010448969227,0.0,78.58080196380615
2109,4.0,4.164395679901214,0.1643956799012143,67.93114851257242,67.95948137421789,419.80261994373797,0.0,78.58116149902344
2110,4.0,4.16441002518853,0.16441002518852965,67.93120552844664,67.95947793396482,419.80398274603294,0.0,78.58149814605713
2111,4.0,4.164427849848828,0.16442784984882763,67.93125525251894,67.9594790381471,419.8056760887613,0.0,78.5818920135498
2112,4.0,4.164443816138147,0.16444381613814674,67.93131303112408,67.95947922461039,419.8071928862466,0.0,78.58226013183594
2113,4.0,4.164452763974622,0.16445276397462205,67.93137647319664,67.95947805295476,419.80804293071174,0.0,78.5825023651123
2114,4.0,4.164471466589244,0.16447146658924439,67.93143743139372,67.95947852434965,419.8098196791008,0.0,78.58292579650879
2115,4.0,4.164488537778398,0.16448853777839822,67.93150191764116,67.95948054127511,419.8114414420705,0.0,78.58332252502441
2116,4.0,4.164496930919921,0.16449693091992135,67.93157440684945,67.95948350069881,419.81223879051515,0.0,78.58356475830078
2117,4.0,4.164514165706526,0.16451416570652633,67.93163787233719,67.95948372702073,419.8138760952426,0.0,78.58396339416504
2118,4.0,4.164526833271751,0.16452683327175066,67.93171483229752,67.9594800519354,419.81507951393894,0.0,78.58429145812988
2119,4.0,4.164542647125854,0.1645426471258542,67.93180312370673,67.95948137266149,419.8165818300788,0.0,78.58469200134277
2120,4.0,4.16455622186079,0.16455622186079033,67.9318916655138,67.9594752711915,419.8178714298977,0.0,78.58505058288574
2121,4.0,4.164567034795921,0.16456703479592072,67.9319823886506,67.95947023069019,419.8188986587351,0.0,78.58535957336426
2122,4.0,4.164582727657946,0.16458272765794568,67.93206770547529,67.95946865400431,419.82038948062745,0.0,78.58575439453125
2123,4.0,4.164607611008974,0.16460761100897425,67.932167984844,67.95947390665262,419.8227533989752,0.0,78.58633995056152
2124,4.0,4.1646338702828505,0.16463387028285048,67.93227055067436,67.9594851078686,419.8252480299934,0.0,78.58695411682129
2125,4.0,4.1646577731619665,0.1646577731619665,67.93237857697736,67.95948316195165,419.82751880350946,0.0,78.5875301361084
2126,4.0,4.164665511710728,0.1646655117107283,67.9324881188003,67.95947805910384,419.8282539656418,0.0,78.58780288696289
2127,4.0,4.164677503852363,0.16467750385236268,67.93258103682797,67.9594841230736,419.8293932190971,0.0,78.58813667297363
2128,4.0,4.164687407484913,0.16468740748491317,67.93270802122467,67.95948529996386,419.8303340641894,0.0,78.58847045898438
2129,4.0,4.1647042612501455,0.16470426125014548,67.93283045339014,67.95948146198519,419.83193517188647,0.0,78.58893013000488
2130,4.0,4.164713704972668,0.16471370497266768,67.9329649382257,67.95948453311927,419.83283232552606,0.0,78.58926391601562
2131,4.0,4.164728212459048,0.1647282124590479,67.93309431436653,67.95949136351318,419.8342105367322,0.0,78.58968734741211
2132,4.0,4.164740843347174,0.16474084334717443,67.93323121780502,67.95948327674691,419.8354104711042,0.0,78.59008407592773
2133,4.0,4.164740102365815,0.1647401023658146,67.93337520125885,67.95948386994905,419.835340077875,0.0,78.59023666381836
2134,4.0,4.1647534567527025,0.16475345675270248,67.93349700466842,67.95948441615327,419.83660874462936,0.0,78.59062957763672
2135,4.0,4.164762148415394,0.16476214841539427,67.93364540235125,67.95948355448114,419.8374344525851,0.0,78.5909652709961
2136,4.0,4.164777816534549,0.16477781653454926,67.93378881688724,67.95948643437352,419.8389229239048,0.0,78.59142684936523
2137,4.0,4.1647879082989,0.16478790829889967,67.93394075441702,67.95949009976204,419.8398816415181,0.0,78.59179306030273
2138,4.0,4.164792563949574,0.16479256394957442,67.93409563056126,67.9594947991973,419.8403239283322,0.0,78.59206008911133
2139,4.0,4.164812332342935,0.1648123323429349,67.93424800024489,67.95948778718176,419.84220192570143,0.0,78.59260940551758
2140,4.0,4.164833334545454,0.16483333454545424,67.93440991942994,67.9594840975421,419.84419713494077,0.0,78.59319305419922
2141,4.0,4.164845966630956,0.1648459666309563,67.93457317460633,67.9594798920813,419.8453971830635,0.0,78.59362030029297
2142,4.0,4.1648654453050336,0.16486544530503355,67.9347368604402,67.95948263131085,419.8472476571008,0.0,78.59417724609375
2143,4.0,4.164876212583809,0.1648762125838088,67.93490085510916,67.95948410674477,419.8482705485845,0.0,78.59457015991211
2144,4.0,4.164880616851998,0.16488061685199806,67.93506642192173,67.95948446995605,419.8486889540624,0.0,78.59484481811523
2145,4.0,4.164886941425198,0.16488694142519833,67.93524682777274,67.95948106808726,419.8492897885165,0.0,78.59517288208008
2146,4.0,4.164893827857294,0.164893827857294,67.93542796025075,67.95947171412075,419.84994399956554,0.0,78.59551239013672
2147,4.0,4.164909588088381,0.1649095880883813,67.93560942853743,67.95946388629754,419.8514412215189,0.0,78.59601974487305
2148,4.0,4.164910950683999,0.16491095068399897,67.93579822908939,67.95946731586999,419.8515706681025,0.0,78.59626388549805
2149,4.0,4.164921021533922,0.16492102153392185,67.93597687627718,67.9594705392136,419.8525273988452,0.0,78.59666061401367
2150,4.0,4.164932174777966,0.16493217477796573,67.93617083987478,67.95947682139135,419.8535869570294,0.0,78.59709548950195
2151,4.0,4.164937985079142,0.16493798507914192,67.93636292762568,67.95948801236233,419.8541389356411,0.0,78.59742736816406
2152,4.0,4.164952770266905,0.1649527702669049,67.93655040308617,67.95949067983835,419.8555435284786,0.0,78.5979232788086
2153,4.0,4.164952945543242,0.16495294554324236,67.93674867659864,67.95948646842643,419.8555601797307,0.0,78.5981559753418
2154,4.0,4.164960648437142,0.16496064843714198,67.93694286395993,67.95948185169605,419.8562919546511,0.0,78.59852600097656
2155,4.0,4.16495598483704,0.16495598483704033,67.93715082465461,67.95948645161018,419.8558489126415,0.0,78.59867858886719
2156,4.0,4.1649504875071806,0.16495048750718055,67.93735589906926,67.95949650155634,419.8553266663048,0.0,78.59881210327148
2157,4.0,4.164937911828769,0.16493791182876905,67.93755443564702,67.95948959871419,419.8541319768557,0.0,78.59880447387695
2158,4.0,4.164926830266322,0.16492683026632182,67.93776157434799,67.95948682390016,419.8530792284232,0.0,78.59883499145508
2159,4.0,4.1649145282432745,0.16491452824327446,67.9379622439903,67.95948343992256,419.85191053623373,0.0,78.59883499145508
2160,4.0,4.164895247161519,0.16489524716151926,67.9381679469716,67.9594844340414,419.85007883346697,0.0,78.59870910644531
2161,4.0,4.164885475354683,0.16488547535468268,67.93836031906932,67.95948247270138,419.84915051181747,0.0,78.59874725341797
2162,4.0,4.164865236699907,0.1648652366999066,67.9385552669627,67.95947105841151,419.84722783961377,0.0,78.59859085083008
2163,4.0,4.16485272685941,0.16485272685940977,67.93873295324772,67.95947002998446,419.84603940476654,0.0,78.59856033325195
2164,4.0,4.164842547285635,0.16484254728563474,67.93892868298455,67.95947561949755,419.84507234525796,0.0,78.59859466552734
2165,4.0,4.16482690211539,0.16482690211539008,67.93911794845005,67.95947837672365,419.8435860540847,0.0,78.59851837158203
2166,4.0,4.164816144651094,0.16481614465109384,67.93930662047036,67.95948174917477,419.8425640949765,0.0,78.5985336303711
2167,4.0,4.164807658991605,0.164807658991605,67.93949120776156,67.95948119954419,419.8417579573251,0.0,78.59858703613281
2168,4.0,4.164796617490435,0.16479661749043473,67.93967132555375,67.95948332725936,419.8407090147139,0.0,78.59858703613281
2169,4.0,4.1647764532203295,0.16477645322032952,67.93984858357098,67.9594798966965,419.83879340905395,0.0,78.5984115600586
2170,4.0,4.164759743952593,0.16475974395259296,67.94000905049242,67.95948292660756,419.837206028619,0.0,78.59828186035156
2171,4.0,4.16474890830681,0.16474890830680966,67.94018581357916,67.95948064213559,419.83617664226955,0.0,78.59828186035156
2172,4.0,4.1647405017953805,0.16474050179538047,67.94034932994458,67.95948033993852,419.8353780236838,0.0,78.59831237792969
2173,4.0,4.164730173375448,0.16473017337544782,67.94051782020183,67.95947829316096,419.8343968237902,0.0,78.59831237792969
2174,4.0,4.16471731854515,0.16471731854514982,67.94067476657165,67.95948414719187,419.83317561491185,0.0,78.59825134277344
2175,4.0,4.164702159790693,0.1647021597906928,67.94083632442538,67.95948264677973,419.83173553323843,0.0,78.59815216064453
