Step,Desired Gap (s),Actual Gap (s),Error (s),Ego Speed (km/h),Target Speed (km/h),Incremental Torque (Nm),Incremental Brake Torque (Nm)
0,4.0,4.320573553199165,0.32057355319916514,61.665015438981406,67.95953388469025,539.2800214290619,0.0
1,4.0,4.31083351095861,0.3108335109586102,61.875777409658106,67.95950629335559,537.2346125585453,0.0
2,4.0,4.2983695121392,0.2983695121391996,62.123817554055634,67.95948513755918,534.6171728064691,0.0
3,4.0,4.28505590130295,0.28505590130295033,62.383004105106274,67.9594635821477,531.8213145308567,0.0
4,4.0,4.271217575829661,0.27121757582966133,62.647994173927266,67.95945593520617,528.915266181466,0.0
5,4.0,4.257155106837911,0.257155106837911,62.91476518587934,67.95945576076052,525.9621476931984,0.0
6,4.0,4.243106751603905,0.24310675160390538,63.18066483370883,67.95946527864656,523.0119930940572,0.0
7,4.0,4.229125358279428,0.22912535827942815,63.44383569772513,67.9594707289379,520.0759004959169,0.0
8,4.0,4.2153395812100936,0.21533958121009356,63.703011921442986,67.95948888868467,517.1808873113566,0.0
9,4.0,4.20176954623654,0.2017695462365401,63.957363054929516,67.9594990372051,514.3311799669104,0.0
10,4.0,4.18846198826326,0.18846198826325988,64.20633361089546,67.95950185995852,511.5365927925216,0.0
11,4.0,4.175429528551329,0.1754295285513292,64.44958371313379,67.95950124462757,508.79977625301615,0.0
12,4.0,4.162702648550654,0.16270264855065442,64.68694310363702,67.95949619553316,506.12713145287444,0.0
13,4.0,4.150262417408969,0.15026241740896928,64.91831670957426,67.95948913121397,503.51468291312057,0.0
14,4.0,4.138123182062874,0.13812318206287433,65.14370847375848,67.95947934019142,500.96544349044063,0.0
15,4.0,4.126256548116936,0.12625654811693643,65.36312784018831,67.95947939901451,498.47345036179365,0.0
16,4.0,4.114695540388872,0.11469554038887164,65.57666534932248,67.9594811466324,496.04563873890004,0.0
17,4.0,4.103404354043022,0.10340435404302184,65.78438259084223,67.95947942504112,493.6744896062716,0.0
18,4.0,4.092420301325697,0.09242030132569656,65.98639908048939,67.95948698840927,491.3678385356333,0.0
19,4.0,4.081693859800782,0.08169385980078214,66.18281972127131,67.95949383049005,489.1152858154013,0.0
20,4.0,4.071224781936687,0.07122478193668691,66.37373569065873,67.95948973711957,486.9167794639413,0.0
21,4.0,4.060999710979472,0.06099971097947243,66.55928280668944,67.95949706905147,484.76951456292625,0.0
22,4.0,4.051011296760123,0.05101129676012306,66.73956221887852,67.95949338717381,482.67194757686286,0.0
23,4.0,4.0412622773784515,0.04126227737845145,66.91466514815525,67.95949229762672,480.6246535067118,0.0
24,4.0,4.031733352610718,0.03173335261071841,67.0847247736305,67.95949073469843,478.62357930548785,0.0
25,4.0,4.022424646973815,0.022424646973814966,67.24980157736624,67.95948721878538,476.6687511217381,0.0
26,4.0,4.013323902337295,0.013323902337295301,67.41003618501927,67.95948990694065,474.757594748069,0.0
27,4.0,4.0044546911075605,0.004454691107560471,67.56549073220934,67.95948795843407,472.89506038982466,0.0
28,4.0,3.9957658135662384,-0.004234186433761611,67.71628495449254,67.95948215135438,471.07039610614703,0.0
29,4.0,3.9872908228119393,-0.01270917718806075,67.86249602896267,67.95948671375297,469.2906480477442,0.0
30,4.0,3.9789732071158284,-0.02102679288417164,68.00422758007325,67.95949289522358,467.5439487515609,0.0
31,4.0,3.9708397541889995,-0.029160245811000518,68.14154555961989,67.95949535304159,465.83592363692685,0.0
32,4.0,3.962899836474125,-0.037100163525875196,68.27454712837712,67.95949739267684,464.1685409168032,0.0
33,4.0,3.9551386584959647,-0.04486134150403531,68.40331070848653,67.95949338330428,462.53869354138953,0.0
34,4.0,3.9475492940155488,-0.05245070598445123,68.52793318292285,67.9594840159116,460.9449270005022,0.0
35,4.0,3.940143320184056,-0.05985667981594389,68.6484740985313,67.95948189912991,459.38967249588876,0.0
36,4.0,3.932895841749384,-0.06710415825061622,68.7650163008599,67.95948571892656,457.8677020246076,0.0
37,4.0,3.9258394241273815,-0.07416057587261848,68.87765529371079,67.9594882402568,456.38585432398713,0.0
38,4.0,3.9189039683803046,-0.08109603161969536,68.98646088012059,67.95949171444776,454.929408617101,0.0
39,4.0,3.912131599301079,-0.08786840069892099,69.09150636852469,67.95949739878594,453.50721111046363,0.0
40,4.0,3.905534942316601,-0.09446505768339897,69.19287116303036,67.95949147531583,452.12191314372325,0.0
41,4.0,3.899079681153984,-0.10092031884601615,69.29062905375926,67.95948440120154,450.76630829957367,0.0
42,4.0,3.8927814357957216,-0.10721856420427844,69.3848363969468,67.9594906361304,449.4436767743386,0.0
43,4.0,3.8866072904839295,-0.1133927095160705,69.47557942867059,67.95948664172003,448.14710625886227,0.0
44,4.0,3.8805868230805545,-0.11941317691944553,69.56292554091382,67.95948656991611,446.8828081041535,0.0
45,4.0,3.8747081075488694,-0.1252918924511306,69.64694591388174,67.95948603584846,445.6482778424997,0.0
46,4.0,3.868963199236067,-0.13103680076393287,69.7276954424236,67.9594892700274,444.4418470968112,0.0
47,4.0,3.863351489070555,-0.13664851092944508,69.80524390703167,67.95949049644193,443.2633879620536,0.0
48,4.0,3.8578638192147734,-0.1421361807852266,69.8796604331548,67.9594883345853,442.1109772923395,0.0
49,4.0,3.8525046019166984,-0.1474953980833016,69.95101187412823,67.9594874214272,440.9855416597438,0.0
50,4.0,3.847285485595999,-0.1527145144040012,70.01934826796838,67.9594834532663,439.88952723239686,0.0
51,4.0,3.8421798490132746,-0.15782015098672542,70.0847422794203,67.95948884786472,438.81734355002476,0.0
52,4.0,3.837202547278274,-0.1627974527217262,70.14724837113405,67.95948466070743,437.7721101856746,0.0
53,4.0,3.8323611226300303,-0.16763887736996974,70.20693301288617,67.9594897497119,436.7554110095434,0.0
54,4.0,3.8276544357147255,-0.17234556428527448,70.26385387449577,67.95949254868184,435.76700675732945,0.0
55,4.0,3.8230444228918645,-0.17695557710813548,70.31807699391778,67.95949461122572,434.79890406452864,0.0
56,4.0,3.818558388203552,-0.18144161179644813,70.36965353952733,67.95949763225131,433.856836779983,0.0
57,4.0,3.814181669354763,-0.18581833064523678,70.41865621857725,67.95949457623739,432.9377258217374,0.0
58,4.0,3.809926232256792,-0.19007376774320806,70.46513538778213,67.95949224204,432.04408403116344,0.0
59,4.0,3.805767013611399,-0.19423298638860098,70.50914916316228,67.9594892015004,431.1706481156309,0.0
60,4.0,3.801713613759207,-0.1982863862407931,70.55074997557523,67.95948713658316,430.3194341466706,0.0
61,4.0,3.797752366300659,-0.20224763369934085,70.58999260753244,67.95948717641885,429.48757218037554,0.0
62,4.0,3.793910192580355,-0.2060898074196449,70.62693032612835,67.95948195992597,428.6807156991117,0.0
63,4.0,3.7901682477198873,-0.20983175228011275,70.66161773213005,67.95948196180508,427.8949072784135,0.0
64,4.0,3.7865085023637857,-0.21349149763621433,70.69410274368889,67.95948736373671,427.1263607536321,0.0
65,4.0,3.782927926840813,-0.21707207315918708,70.72444075337289,67.95948788127521,426.37443989380785,0.0
66,4.0,3.7794324219657245,-0.2205675780342755,70.7526767982913,67.95948807369766,425.6403838700393,0.0
67,4.0,3.7760349397398465,-0.2239650602601535,70.77885494318738,67.95948331972592,424.9269126026049,0.0
68,4.0,3.7727397617804272,-0.22726023821957275,70.80302191623682,67.95948548545874,424.23492523112685,0.0
69,4.0,3.769512394039902,-0.2304876059600982,70.82522110531195,67.95949072406333,423.5571780056165,0.0
70,4.0,3.7664109358496654,-0.23358906415033465,70.84550560018616,67.95949224462817,422.9058717856668,0.0
71,4.0,3.7633653866958516,-0.23663461330414837,70.86391319814099,67.95949263705336,422.26630646336594,0.0
72,4.0,3.7604149381963645,-0.23958506180363548,70.88049591980302,67.95949619795634,421.6467122784736,0.0
73,4.0,3.757556932275848,-0.2424430677241518,70.89530932253773,67.95948522497142,421.0465310351652,0.0
74,4.0,3.754774218688074,-0.24522578131192585,70.90838687051144,67.95948832156488,420.4621611817326,0.0
75,4.0,3.7520620097185358,-0.24793799028146424,70.91975584786105,67.95949055218276,419.89259729812954,0.0
76,4.0,3.7494227110852396,-0.2505772889147604,70.92948360102169,67.95948932185577,419.33834458513735,0.0
77,4.0,3.7468801602044266,-0.2531198397955734,70.93760592477865,67.95949263071252,418.8044089001666,0.0
78,4.0,3.7444273307171203,-0.2555726692828797,70.94416402327597,67.95948601789514,418.28931470783226,0.0
79,4.0,3.7420369608727704,-0.2579630391272296,70.94920148512789,67.95948863560425,417.78733704051876,0.0
80,4.0,3.739739147085491,-0.26026085291450896,70.95276105608244,67.95948748418076,417.3047961451901,0.0
81,4.0,3.73750585758946,-0.26249414241054003,70.954886901759,67.95948733243199,416.83580535102357,0.0
82,4.0,3.735363511537415,-0.2646364884625849,70.95561860790228,67.95948552584683,416.3859126800941,0.0
83,4.0,3.7333000910733527,-0.2666999089266473,70.95500562178717,67.9594832964559,415.952594382641,0.0
84,4.0,3.73128603776392,-0.26871396223608013,70.95307317929887,67.9594860163538,415.5296431876601,0.0
85,4.0,3.7293527477672566,-0.27064725223274344,70.94988365289403,67.9594907068275,415.1236522883608,0.0
86,4.0,3.7274807472539746,-0.2725192527460254,70.94545760806153,67.95948875476437,414.7305321805716,0.0
87,4.0,3.725712031552409,-0.2742879684475912,70.93983499344048,67.95949036238774,414.3591018832428,0.0
88,4.0,3.723993852533777,-0.276006147466223,70.93306649015858,67.95949288912571,413.9982842893301,0.0
89,4.0,3.722319114978363,-0.277680885021637,70.92517576047891,67.95949225823684,413.64658940269317,0.0
90,4.0,3.720715588082682,-0.2792844119173181,70.91620945914056,67.95949483989672,413.3098487546001,0.0
91,4.0,3.7191567073644793,-0.28084329263552066,70.90620145073505,67.95948902231275,412.9824838037776,0.0
92,4.0,3.7176674730065935,-0.2823325269934065,70.89521289330887,67.95948840997309,412.6697445886216,0.0
93,4.0,3.7162654540255455,-0.28373454597445447,70.8832402380187,67.95948924489711,412.3753206026015,0.0
94,4.0,3.7149031142578273,-0.28509688574217273,70.87033151476511,67.95948713832279,412.0892292513807,0.0
95,4.0,3.713558024989837,-0.2864419750101632,70.85650080116136,67.959488866747,411.80676050510266,0.0
96,4.0,3.712275243272613,-0.28772475672738684,70.84181691449132,67.95947922527498,411.5373763444857,0.0
97,4.0,3.7110677991095624,-0.2889322008904376,70.82629746809802,67.95948338674626,411.28381307024506,0.0
98,4.0,3.7098773040220245,-0.29012269597797546,70.80995393365572,67.95948509079292,411.0338091018621,0.0
99,4.0,3.7087668258427464,-0.2912331741572536,70.79281679723725,67.95948288498727,410.8006086842137,0.0
100,4.0,3.7076910104043246,-0.2923089895956754,70.77492808863121,67.95948400006169,410.57468744214515,0.0
101,4.0,3.706672142124934,-0.2933278578750662,70.75630686025612,67.9594884337957,410.3607251034731,0.0
102,4.0,3.705707451821958,-0.29429254817804207,70.73698213811602,67.95949557932859,410.1581401398482,0.0
103,4.0,3.7047885490600847,-0.2952114509399153,70.71700502637988,67.95949447934935,409.9651705598548,0.0
104,4.0,3.703920860060203,-0.29607913993979684,70.69637787916129,67.95950021234432,409.7829558698797,0.0
105,4.0,3.7030802085104213,-0.2969197914895787,70.67513232493931,67.9594863437649,409.6064190444255,0.0
106,4.0,3.70229588083618,-0.2977041191638201,70.65330485838935,67.95948378240604,409.4417102328348,0.0
107,4.0,3.7015528973374274,-0.29844710266257257,70.63091110705517,67.95948836828647,409.28568369809676,0.0
108,4.0,3.700893205702259,-0.299106794297741,70.6079768073006,67.95948686159879,409.1471484547114,0.0
109,4.0,3.700261239807397,-0.29973876019260315,70.5845425556594,67.95948736562549,409.0144356167903,0.0
110,4.0,3.699683049856586,-0.3003169501434142,70.56061661200008,67.95948645733823,408.89301572712,0.0
111,4.0,3.6991628937603056,-0.3008371062396944,70.53625781513638,67.95948824250253,383.5571591348544,0.0
112,4.0,3.699190687396188,-0.30080931260381183,70.5011944914283,67.95948340330976,383.5629957983897,0.0
113,4.0,3.7002867679879503,-0.2997132320120497,70.44673539637623,67.95948362600737,383.79317272265973,0.0
114,4.0,3.7020894978946632,-0.29791050210533676,70.37938449330589,67.95948814087916,384.1717460030695,0.0
115,4.0,3.704420439416236,-0.2955795605837639,70.30357072968766,67.95948641243093,384.66124372259975,0.0
116,4.0,3.707089624665931,-0.29291037533406916,70.22236859873006,67.95948875074343,385.22177262503567,0.0
117,4.0,3.709978014868051,-0.2900219851319492,70.13793947771241,67.95949438705148,385.82833456748085,0.0
118,4.0,3.7130392835728934,-0.28696071642710663,70.05181230085707,67.95949449829975,386.4712009954978,0.0
119,4.0,3.7161936483518656,-0.2838063516481344,69.9650521800222,67.95949808801885,387.13361759908196,0.0
120,4.0,3.7194286367739107,-0.28057136322608933,69.87841385646853,67.95949210868876,387.8129651677114,0.0
121,4.0,3.722657788527635,-0.27734221147236493,69.79242241975805,67.95949299297476,388.49108703599353,0.0
122,4.0,3.725904717882663,-0.274095282117337,69.70744808934238,67.95949365914615,389.1729422005494,0.0
123,4.0,3.7291463035669206,-0.27085369643307944,69.62374525634493,67.9594893427858,389.8536751942435,0.0
124,4.0,3.7323958965630895,-0.26760410343691055,69.54147450593918,67.95949018900143,390.536089723439,0.0
125,4.0,3.7356090517030553,-0.26439094829694465,69.4607605706512,67.95948693849431,391.2108523028318,0.0
126,4.0,3.7388061441994656,-0.26119385580053445,69.38168085982589,67.95948920279828,391.88224172707794,0.0
127,4.0,3.741971894278801,-0.25802810572119883,69.30428653922176,67.95948625736696,392.5470492437384,0.0
128,4.0,3.745102365425629,-0.254897634574371,69.22859465545676,67.9594851696331,393.20444818457224,0.0
129,4.0,3.748214064451225,-0.2517859355487748,69.15461392604773,67.95948947563691,393.8579049799474,0.0
130,4.0,3.7512946770365345,-0.24870532296346548,69.08235251348195,67.95949086970914,394.5048336228624,0.0
131,4.0,3.7543230099402254,-0.2456769900597746,69.0117979968066,67.95948818303368,395.1407835326375,0.0
132,4.0,3.757327198739764,-0.24267280126023616,68.94294787880139,67.95948960451838,395.7716631805406,0.0
133,4.0,3.7602853920119266,-0.23971460798807342,68.87577882828784,67.95948618268473,396.3928837676948,0.0
134,4.0,3.7632292615390273,-0.23677073846097274,68.8102745832316,67.95948798872813,397.01109636838595,0.0
135,4.0,3.7661164201321324,-0.23388357986786756,68.74642571060195,67.95948449731073,397.61739967293806,0.0
136,4.0,3.768949153480128,-0.23105084651987218,68.6842257727755,67.95948234072766,398.2122736760171,0.0
137,4.0,3.7717705631529213,-0.22822943684707875,68.62362328834087,67.95948747711633,398.8047697073037,0.0
138,4.0,3.774534983260492,-0.2254650167395078,68.5646104809629,67.95949455793671,399.3852979298936,0.0
139,4.0,3.777279088650274,-0.22272091134972616,68.5071740853114,67.95949155296263,399.9615600617478,0.0
140,4.0,3.779960161142788,-0.220039838857212,68.45129131362638,67.95949885981389,400.52458528517576,0.0
141,4.0,3.7826094568241566,-0.2173905431758434,68.3969300326206,67.95949517142803,401.0809373782632,0.0
142,4.0,3.7852347259425327,-0.21476527405746726,68.34407816712242,67.9594929465199,401.63224389312217,0.0
143,4.0,3.787797338898882,-0.21220266110111785,68.29271018972992,67.95948953871552,402.1703926139555,0.0
144,4.0,3.7903329183061967,-0.20966708169380333,68.24279873514229,67.95948272045366,402.7028642894916,0.0
145,4.0,3.792827511907638,-0.207172488092362,68.19432092753782,67.95948296857459,403.22672894579426,0.0
146,4.0,3.7952749023991355,-0.20472509760086455,68.14725555217524,67.95948015937503,403.7406809490087,0.0
147,4.0,3.7977226603154493,-0.20227733968455075,68.10160028355081,67.95948334620341,404.25471011143463,0.0
148,4.0,3.8001222243872683,-0.19987777561273168,68.05731865429446,67.95948676600624,404.75861856651665,0.0
149,4.0,3.8024737115835663,-0.19752628841643372,68.0143934532368,67.95948819552531,405.25243087773924,0.0
150,4.0,3.804789127380063,-0.19521087261993708,67.9727973564306,67.95948999258638,405.7386681950035,0.0
151,4.0,3.807074540271005,-0.1929254597289951,67.93251947355573,67.95949582613491,406.21860490210133,0.0
152,4.0,3.8093203168117786,-0.19067968318822137,67.89353350289902,67.95949063554554,406.6902179756638,0.0
153,4.0,3.8115006128293882,-0.18849938717061177,67.85582044776655,67.95949582775154,407.1480801393618,0.0
154,4.0,3.813675875904194,-0.186324124095806,67.81936711604494,67.9594986035634,407.60488538507104,0.0
155,4.0,3.8157589145805346,-0.18424108541946538,67.78414014139881,67.95949781657924,408.0423235071026,0.0
156,4.0,3.817812840774979,-0.18218715922502104,67.75011929032124,67.95949484879858,408.4736480079359,0.0
157,4.0,3.8198247311267814,-0.18017526887321855,67.71727928109833,67.95949032070334,408.8961449818144,0.0
158,4.0,3.8217735442981815,-0.1782264557018185,67.68559455160114,67.95948242965973,409.3053957478084,0.0
159,4.0,3.8237138389483163,-0.1762861610516837,67.65504099848619,67.95948034493098,409.7128576243367,0.0
160,4.0,3.825599258634242,-0.174400741365758,67.62558537680884,67.95948675122658,410.1087957583811,0.0
161,4.0,3.8274563495336036,-0.17254365046639641,67.59721522533552,67.95948533690253,410.49878484724707,0.0
162,4.0,3.829274187038359,-0.17072581296164113,67.569902342628,67.95948893897585,410.88053072324567,0.0
163,4.0,3.8310349538372477,-0.16896504616275232,67.54363231199576,67.95948716805313,411.2502917510123,0.0
164,4.0,3.83277647651983,-0.16722352348017022,67.51838827679293,67.95948824879467,411.6160115143545,0.0
165,4.0,3.8344765992193532,-0.16552340078064676,67.4941250918576,67.95949153241841,411.97303728125445,0.0
166,4.0,3.8361400774872263,-0.1638599225127737,67.47084294294903,67.9594927084072,412.3223677175078,0.0
167,4.0,3.8377580361217305,-0.1622419638782695,67.4485133722327,67.9594969223905,412.6621390307537,0.0
168,4.0,3.8393498666053163,-0.1606501333946837,67.427112168285,67.959491509538,412.9964234323067,0.0
169,4.0,3.8409069907608315,-0.15909300923916847,67.40663811601215,67.95949195532316,413.3234195049649,0.0
170,4.0,3.84241893983638,-0.15758106016361983,67.38704796729051,67.95949040181296,413.6409288108301,0.0
171,4.0,3.8439100644855304,-0.1560899355144696,67.36832407272334,67.95948822721341,413.95406498715164,0.0
172,4.0,3.845378650965783,-0.1546213490342172,67.35047013705989,67.95948581296123,414.26246814800464,0.0
173,4.0,3.846793726737176,-0.15320627326282388,67.3334450831615,67.9594860379034,414.5596340599972,0.0
174,4.0,3.8481962151930404,-0.15180378480695955,67.31722729450199,67.95949304741484,414.8541566357287,0.0
175,4.0,3.849542750897687,-0.15045724910231284,67.30181759889344,67.9594878977777,415.13692913370454,0.0
176,4.0,3.850892972478513,-0.1491070275214872,67.28719945728844,67.9594862108055,415.42047566567794,0.0
177,4.0,3.8521930086826233,-0.14780699131737673,67.27332893964565,67.95948020720874,415.6934832685411,0.0
178,4.0,3.8534545205179485,-0.14654547948205154,67.26020790997745,67.95947444623906,415.9584007539594,0.0
179,4.0,3.8546743350090367,-0.14532566499096333,67.24782290347294,67.95948258154881,416.2145617970879,0.0
180,4.0,3.8558693581037757,-0.14413064189622427,67.23616294954756,67.9594898917061,416.46551664698313,0.0
181,4.0,3.857009149721426,-0.14299085027857394,67.22518801956441,67.95949673053603,416.7048728866897,0.0
182,4.0,3.8581139462280984,-0.14188605377190155,67.21488619403371,67.95949795068118,416.9368801530909,0.0
183,4.0,3.859235872246593,-0.14076412775340685,67.20523140576199,67.95935529708532,417.17248461697477,0.0
184,4.0,3.8603088537486303,-0.1396911462513697,67.19620651855882,67.95931829460581,417.39781073240255,0.0
185,4.0,3.8613734503119366,-0.13862654968806343,67.18781622505357,67.95932218801636,417.62137601069685,0.0
186,4.0,3.862402803156306,-0.1375971968436942,67.18003644569221,67.95934315495765,417.83754010801437,0.0
187,4.0,3.8634035452666398,-0.13659645473336024,67.17285068129286,67.95938299743719,418.0476959511845,0.0
188,4.0,3.864366872435621,-0.13563312756437895,67.1662407570396,67.95903564813347,418.24999465667054,0.0
189,4.0,3.865284381517191,-0.13471561848280889,67.16019573011069,67.9589798503025,418.4426715638003,0.0
190,4.0,3.8662113400317386,-0.1337886599682614,67.15469274295006,67.95902340387714,418.63733285185526,0.0
191,4.0,3.8671007170006244,-0.1328992829993756,67.14972422686441,67.95912486884193,418.8241020153213,0.0
192,4.0,3.86797512859576,-0.1320248714042398,67.14527341153867,67.95924592435006,419.0077284502998,0.0
193,4.0,3.8688293840189454,-0.13117061598105462,67.14132348877975,67.95936509841599,419.18712208916867,0.0
194,4.0,3.869663633009657,-0.1303363669903428,67.13786436946086,67.95887646576654,419.3623143772181,0.0
195,4.0,3.8704373002977346,-0.12956269970226542,67.13488985235573,67.95879205985023,419.52478450771434,0.0
196,4.0,3.8711960200439126,-0.1288039799560874,67.13238858286978,67.95883729664612,419.68411565441176,0.0
197,4.0,3.8719257484150384,-0.12807425158496155,67.13035546651527,67.95895669634943,419.83735861234817,0.0
198,4.0,3.8726360088318246,-0.12736399116817543,67.12875277378437,67.95911320683228,419.98651329987325,0.0
199,4.0,3.8733084170371006,-0.1266915829628994,67.12757266957335,67.95883754548275,420.12771902298124,0.0
200,4.0,3.873965734365127,-0.12603426563487297,67.12679626009984,67.95885671016481,420.26575566186676,0.0
201,4.0,3.874592805828141,-0.12540719417185908,67.1264094282464,67.95897827376189,420.3974406690997,0.0
202,4.0,3.875219018505352,-0.12478098149464811,67.12639906256085,67.95912873185625,420.528945331314,0.0
203,4.0,3.875794916360602,-0.12420508363939797,67.12676406706075,67.95927561885122,420.64988388091655,0.0
204,4.0,3.8763773779040847,-0.12362262209591535,67.12748293859914,67.95929260320862,420.7722008050479,0.0
205,4.0,3.8769272295319355,-0.12307277046806453,67.12853952638548,67.95934975971899,420.88766964689654,0.0
206,4.0,3.877432183783672,-0.12256781621632795,67.12992685731615,67.9593969401967,420.9937100397612,0.0
207,4.0,3.8779594098284345,-0.12204059017156554,67.13163653463747,67.95942805352144,421.1044275091613,0.0
208,4.0,3.878455975734408,-0.12154402426559185,67.1336498401801,67.95944748051642,421.2087063494158,0.0
209,4.0,3.8789264415356923,-0.12107355846430767,67.13594442681627,67.95946635985592,421.3075041676855,0.0
210,4.0,3.879352653310694,-0.1206473466893061,67.1385229016838,67.95947869510772,421.39700864043584,0.0
211,4.0,3.8797914369105535,-0.1202085630894465,67.14137879437632,67.95948460917481,421.48915319640633,0.0
212,4.0,3.880245879367358,-0.11975412063264201,67.1445010346593,67.95948361622469,421.5845861123353,0.0
213,4.0,3.8806320949390374,-0.11936790506096262,67.14788299520363,67.95948175105245,421.66569138238793,0.0
214,4.0,3.881023682741428,-0.11897631725857183,67.15151102354696,67.95947672708192,421.74792482089,0.0
215,4.0,3.881373266112066,-0.11862673388793388,67.15537681064396,67.95948290240077,421.8213373287239,0.0
216,4.0,3.881706757021967,-0.11829324297803279,67.15947079475791,67.95949316409884,421.89137041980314,0.0
217,4.0,3.8820226022703332,-0.11797739772966676,67.16378446462907,67.95949690828185,421.95769792196,0.0
218,4.0,3.8823112650649865,-0.11768873493501353,67.16829888286613,67.95950486710225,422.0183171088372,0.0
219,4.0,3.8826179354240473,-0.11738206457595268,67.1730104139853,67.95949737314244,422.08271788423997,0.0
220,4.0,3.8829147534763484,-0.1170852465236516,67.17789872765418,67.95949584752226,422.1450496752232,0.0
221,4.0,3.883186146333788,-0.116813853666212,67.18297154549417,67.95949268487577,422.20204217528556,0.0
222,4.0,3.8834607718467233,-0.11653922815327666,67.18822111877387,67.95948377699582,422.25971353300196,0.0
223,4.0,3.8837176593170444,-0.11628234068295562,67.1936283284062,67.95947931139504,422.31365990176937,0.0
224,4.0,3.8839889395106684,-0.11601106048933163,67.19918181310081,67.95946889049242,422.3706287424304,0.0
225,4.0,3.884238818655632,-0.11576118134436797,67.20489973926007,67.95947432024653,422.4231033628728,0.0
226,4.0,3.884455476821135,-0.11554452317886499,67.21077456297505,67.95946125496316,422.4686015776284,0.0
227,4.0,3.8846516908772806,-0.11534830912271943,67.2167974385954,67.95946529303507,422.509806529419,0.0
228,4.0,3.8848281674199527,-0.11517183258004726,67.2229562118576,67.95947168248888,422.5468666033801,0.0
229,4.0,3.885006935266607,-0.11499306473339299,67.22924444784637,67.9594730516292,422.5844078511775,0.0
230,4.0,3.88518627316375,-0.11481372683625013,67.23565655811942,67.95948112527951,422.6220688095775,0.0
231,4.0,3.8853408409196115,-0.11465915908038848,67.24218572365146,67.9594885299253,422.65452803830846,0.0
232,4.0,3.8855088913658586,-0.11449110863414136,67.24882031871357,67.95949305896396,422.6898186320204,0.0
233,4.0,3.885656310663542,-0.114343689336458,67.25554990211421,67.95949100261863,422.72077668453386,0.0
234,4.0,3.8857993982000174,-0.11420060179998259,67.2623751614402,67.9594923298065,422.7508250671937,0.0
235,4.0,3.885908904378627,-0.1140910956213732,67.26930061922732,67.95948664755485,422.7738213647017,0.0
236,4.0,3.885992105078832,-0.11400789492116781,67.27631356918785,67.95948234742212,422.7912935117448,0.0
237,4.0,3.8860906622270353,-0.11390933777296475,67.28339958988454,67.95947610684797,422.81199051286745,0.0
238,4.0,3.8861542086168748,-0.11384579138312523,67.29056847488755,67.95947135365257,422.8253352547338,0.0
239,4.0,3.8862300501884715,-0.11376994981152855,67.29779984151487,67.95947244251242,422.84126198476906,0.0
240,4.0,3.8863068227010564,-0.11369317729894357,67.30509254404429,67.95947862559993,422.8573842124119,0.0
241,4.0,3.8863780043967453,-0.1136219956032547,67.31243938864131,67.95947894905895,422.87233236850653,0.0
242,4.0,3.8864602486447177,-0.11353975135528227,67.3198275555428,67.95948369061023,422.88960366058075,0.0
243,4.0,3.8864772057226182,-0.11352279427738177,67.32726515476999,67.95948366381951,422.89316464693985,0.0
244,4.0,3.886517669735351,-0.11348233026464882,67.33474771141287,67.95947935251452,422.90166208961375,0.0
245,4.0,3.8865316026271812,-0.11346839737281877,67.34227287054124,67.9594893229271,422.90458799689804,0.0
246,4.0,3.886556109192096,-0.11344389080790407,67.34984088555645,67.95949095079503,422.90973437553015,0.0
247,4.0,3.886593475479624,-0.11340652452037592,67.3574262086242,67.95948722682701,422.9175812959111,0.0
248,4.0,3.88660361492891,-0.11339638507108996,67.365052223869,67.95948867087213,422.91971058026115,0.0
249,4.0,3.8866393244227404,-0.1133606755772596,67.37269429444702,67.95948617516746,422.9272095739655,0.0
250,4.0,3.8866499481545627,-0.11335005184543734,67.3803471177491,67.95948230290357,422.9294405576482,0.0
251,4.0,3.8866348103168904,-0.1133651896831096,67.38801549255122,67.95948324879598,422.926261611737,0.0
252,4.0,3.88661947613321,-0.1133805238667902,67.39570853210382,67.95948067901311,422.9230414331641,0.0
253,4.0,3.886604679667302,-0.11339532033269784,67.40340644057628,67.95948695095073,422.9199341753235,0.0
254,4.0,3.8771473330920703,-0.12285266690792973,67.41111334761855,67.95948424405373,420.9338913945248,0.0
255,4.0,3.8771417833419473,-0.12285821665805274,67.41803686044165,67.95948133287337,420.93272594699897,0.0
256,4.0,3.8772380190518003,-0.12276198094819968,67.42352351231655,67.95947528568742,420.9529354460681,0.0
257,4.0,3.8773832095151115,-0.1226167904848885,67.4280520767384,67.95947081718867,420.9834254433635,0.0
258,4.0,3.8775675290474427,-0.12243247095255727,67.43195406176326,67.95947263277955,421.02213254515306,0.0
259,4.0,3.8777550123631124,-0.12224498763688763,67.43546288962293,67.95948074285913,421.0615040414437,0.0
260,4.0,3.8779389444176022,-0.12206105558239777,67.43876134203386,67.95948049922409,421.1001297728866,0.0
261,4.0,3.878137821120164,-0.12186217887983597,67.44191688859466,67.95948596952215,421.14189388042456,0.0
262,4.0,3.8783378519098113,-0.12166214809018872,67.44504584510241,67.95948178568597,421.1839003462505,0.0
263,4.0,3.878527973140615,-0.12147202685938518,67.44814055868717,67.95947904382272,421.22382580471924,0.0
264,4.0,3.878714200528225,-0.12128579947177487,67.45129737234274,67.95947951692668,421.2629335561174,0.0
265,4.0,3.8788738245378167,-0.1211261754621833,67.45449078376704,67.95948584052068,421.2964545981316,0.0
266,4.0,3.879028609446961,-0.12097139055303918,67.4577618905262,67.95948694124066,421.3289594290519,0.0
267,4.0,3.8792318760252558,-0.12076812397474423,67.46108438810965,67.95947875099394,421.37164541049384,0.0
268,4.0,3.8794061659005172,-0.12059383409948277,67.46448388967042,67.95948328510386,421.40824628429874,0.0
269,4.0,3.8795963897020647,-0.12040361029793534,67.46793518717755,67.95948101072469,421.4481932826237,0.0
270,4.0,3.879759084873211,-0.12024091512678892,67.47144455497649,67.95948106229409,421.4823592685645,0.0
271,4.0,3.8798958757889785,-0.12010412421102146,67.47502097586337,67.95948359690408,421.51108536087565,0.0
272,4.0,3.8800647772413495,-0.11993522275865054,67.47865986305709,67.9594846153283,421.54655466587354,0.0
273,4.0,3.8802140787412736,-0.11978592125872645,67.48236855387181,67.95948644596184,421.5779079808576,0.0
274,4.0,3.8803506213179024,-0.11964937868209757,67.48613960021142,67.95948502857587,421.60658192194967,0.0
275,4.0,3.880477322720179,-0.11952267727982102,67.48993998153878,67.95948140788461,421.63318921642775,0.0
276,4.0,3.8806080692777085,-0.11939193072229148,67.49383962411463,67.95948091305368,421.660645993509,0.0
277,4.0,3.8807183352461037,-0.11928166475389634,67.4978227408377,67.95947725393134,421.683801846872,0.0
278,4.0,3.8808345050953155,-0.11916549490468453,67.50183740994073,67.95948105865983,421.70819751520645,0.0
279,4.0,3.8809538284190497,-0.11904617158095032,67.5059172970816,67.9594798856754,421.73325541319065,0.0
280,4.0,3.881039071679448,-0.11896092832055194,67.51004836538063,67.95947903238398,421.7511564978743,0.0
281,4.0,3.8811403577365264,-0.11885964226347356,67.51425578673526,67.95947870680507,421.7724265698608,0.0
282,4.0,3.881242943682808,-0.1187570563171918,67.51854829292921,67.95947418022261,421.79396961858,0.0
283,4.0,3.881320713255135,-0.11867928674486494,67.5229114025467,67.95947573820722,421.8103012287686,0.0
284,4.0,3.8911718726310136,-0.1088281273689864,67.52734079370151,67.9594758704236,423.8790446977031,0.0
285,4.0,3.8911597814842342,-0.10884021851576575,67.53263540365168,67.95947600367214,423.8765055568794,0.0
286,4.0,3.8910933574562634,-0.10890664254373661,67.5395166547159,67.95947883430351,423.86255651100555,0.0
287,4.0,3.890944415610373,-0.10905558438962704,67.54747383586057,67.95947950631228,423.83127872336854,0.0
288,4.0,3.8907481521095817,-0.10925184789041831,67.55612179782668,67.95948465189159,423.7900633882024,0.0
289,4.0,3.890535113300057,-0.10946488669994281,67.56526315986598,67.95948497287428,423.7453252382022,0.0
290,4.0,3.890285205227099,-0.10971479477290114,67.5746894083512,67.95948754587965,423.69284454288095,0.0
291,4.0,3.8900028972771983,-0.10999710272280172,67.58429850351895,67.95948837281608,423.63355987340185,0.0
292,4.0,3.889731111402954,-0.1102688885970462,67.59398828956441,67.95948432304387,423.5764848398105,0.0
293,4.0,3.8894292103173354,-0.11057078968266465,67.6036776631491,67.95949180693243,423.51308561183066,0.0
294,4.0,3.88914200238942,-0.11085799761058013,67.61333820508472,67.95948800606524,423.4527719469684,0.0
295,4.0,3.8888338438197247,-0.11116615618027526,67.62292041529594,67.95948442474163,423.38805864733246,0.0
296,4.0,3.8885253980549943,-0.11147460194500569,67.63239877533219,67.95948457352048,423.3232850367391,0.0
297,4.0,3.8882351398741,-0.11176486012589981,67.64175914213152,67.95948475733232,423.2623308187513,0.0
298,4.0,3.887938344950288,-0.112061655049712,67.65097238294635,67.9594832826695,423.20000388475074,0.0
299,4.0,3.8876552098860624,-0.11234479011393761,67.66004290595318,67.9594766146942,423.1405455212634,0.0
300,4.0,3.887338884977787,-0.11266111502221321,67.66894709914564,67.9594844855013,423.0741172905255,0.0
301,4.0,3.887030315642501,-0.11296968435749921,67.67770004272535,67.95948257132798,423.00931773011547,0.0
302,4.0,3.88674376725248,-0.11325623274752017,67.68630231718039,67.95948246415755,422.9491425682111,0.0
303,4.0,3.8864605549057827,-0.11353944509421732,67.69473821315187,67.95948421504947,422.8896679754047,0.0
304,4.0,3.886164910555202,-0.11383508944479814,67.70301734170165,67.95948429669927,422.8275826617827,0.0
305,4.0,3.8858748998597146,-0.11412510014028543,67.71115185390718,67.95948712083592,422.7666804157304,0.0
306,4.0,3.885578619392229,-0.11442138060777118,67.71912470900395,67.95948824732959,422.70446151755834,0.0
307,4.0,3.8853099107582785,-0.11469008924172153,67.72695040922353,67.95948986943823,422.6480327044288,0.0
308,4.0,3.8850217867045562,-0.11497821329544378,67.7346402616494,67.95948402219396,422.5875266531471,0.0
309,4.0,3.884738663047529,-0.1152613369524711,67.74218396094051,67.9594870529581,422.5280706851714,0.0
310,4.0,3.8844752908344042,-0.11552470916559576,67.74956280620756,67.95948214466262,422.4727625204152,0.0
311,4.0,3.8842100282976832,-0.11578997170231675,67.7568129909356,67.95947539953478,422.4170573877038,0.0
312,4.0,3.8839312643355384,-0.11606873566446163,67.76392846737953,67.95947914888349,422.35851695565333,0.0
313,4.0,3.883667938251243,-0.1163320617487571,67.77089226041603,67.95947861201385,422.3032184779513,0.0
314,4.0,3.8824880688994914,-0.11751193110050862,67.7777229965983,67.95947696712054,422.05544591408346,0.0
315,4.0,3.882254310661021,-0.117745689338979,67.78434777269914,67.95947717201318,422.0063566840047,0.0
316,4.0,3.882028366748457,-0.11797163325154303,67.79066868689785,67.95947258862383,421.95890846236625,0.0
317,4.0,3.881796235189904,-0.11820376481009598,67.79676718251862,67.9594759357217,421.91016083507014,0.0
318,4.0,3.8815529410297565,-0.11844705897024355,67.80267840777304,67.95947429765906,421.85906906143913,0.0
319,4.0,3.881348138461187,-0.11865186153881302,67.80841613176733,67.95947336736855,421.81606052203955,0.0
320,4.0,3.881123429378308,-0.11887657062169188,67.81400867940951,67.95947313320683,421.768871614635,0.0
321,4.0,3.8809061772664477,-0.11909382273355229,67.81946713941284,67.95947211420422,421.7232486711443,0.0
322,4.0,3.8807094324115776,-0.11929056758842238,67.82479118030768,67.95948059298514,421.68193225162156,0.0
323,4.0,3.8805104681143927,-0.11948953188560729,67.82999043769037,67.95947583835415,421.64014974921275,0.0
324,4.0,3.880330673120224,-0.11966932687977616,67.83507542369946,67.95948237619112,421.6023928004373,0.0
325,4.0,3.8801381233545165,-0.11986187664548353,67.84004853766527,67.95948386876596,421.56195734963876,0.0
326,4.0,3.879958532202307,-0.12004146779769309,67.84491058274057,67.959485366257,421.5242432076748,0.0
327,4.0,3.879794195393353,-0.12020580460664698,67.84966647703682,67.95948607778378,421.48973247779446,0.0
328,4.0,3.8796268137253382,-0.12037318627466176,67.85431673986723,67.95948470112126,421.45458232751133,0.0
329,4.0,3.879474754201714,-0.12052524579828594,67.85886134212774,67.95947990156051,421.42264982755023,0.0
330,4.0,3.879305139466651,-0.12069486053334888,67.8633186914061,67.95948183255662,421.38703073318703,0.0
331,4.0,3.8791021070303686,-0.12089789296963138,67.867698190117,67.95948605021155,421.3443939215677,0.0
332,4.0,3.87890455180017,-0.12109544819983009,67.87198496385649,67.95948236713942,421.30290732322595,0.0
333,4.0,3.878713173637089,-0.121286826362911,67.87616938840075,67.95948182649663,421.26271790897897,0.0
334,4.0,3.878530240429034,-0.12146975957096595,67.88026484834214,67.95949502727392,421.22430193528743,0.0
335,4.0,3.878349790199497,-0.121650209800503,67.88425526800432,67.9594861412172,421.18640738708467,0.0
336,4.0,3.8781749055876267,-0.12182509441237332,67.8881486317357,67.95947992098695,421.1496816185919,0.0
337,4.0,3.8780076681734994,-0.1219923318265006,67.89195096233878,67.9594759222718,421.11456176162517,0.0
338,4.0,3.8778337518314667,-0.12216624816853328,67.89565099412508,67.95947281216223,421.0780393297983,0.0
339,4.0,3.8776655433944844,-0.12233445660551556,67.89926203491348,67.95947103495793,421.042715558032,0.0
340,4.0,3.8775012056644553,-0.12249879433554467,67.90278612580919,67.95946970205476,421.00820463472587,0.0
341,4.0,3.877342833018249,-0.12265716698175089,67.90622198348194,67.95946881345286,420.9749463790226,0.0
342,4.0,3.877201652338496,-0.12279834766150399,67.90956774934502,67.9594688134529,420.9452984362744,0.0
343,4.0,3.877053148471881,-0.1229468515281189,67.91282773939311,67.959468813453,420.9141126242853,0.0
344,4.0,3.8769094348275055,-0.1230905651724945,67.91600229247854,67.95946881345331,420.8839327589664,0.0
345,4.0,3.876769784341838,-0.12323021565816195,67.91909881158755,67.95946881345284,420.8546061569763,0.0
346,4.0,3.8766363072851284,-0.12336369271487158,67.92210333086402,67.95946881345283,420.82657597506727,0.0
347,4.0,3.876519482642515,-0.12348051735748511,67.92503059684884,67.95946881345284,420.80204280011844,0.0
348,4.0,3.8763935797291555,-0.12360642027084445,67.92788507526367,67.9594688134529,420.77560318831297,0.0
349,4.0,3.876272454467651,-0.12372754553234921,67.93066664035202,67.95946881345286,420.75016688339696,0.0
350,4.0,3.8761173157522966,-0.12388268424770343,67.93338551480737,67.95946881345283,420.71758775317255,0.0
351,4.0,3.8759661581341973,-0.12403384186580269,67.93603128502706,67.95946881345284,420.6858446533717,0.0
352,4.0,3.8758224618552215,-0.1241775381447785,67.93861025103364,67.95946593294634,420.6556684347868,0.0
353,4.0,3.875690415169414,-0.12430958483058596,67.94110566364506,67.95947697093082,420.62793863076723,0.0
354,4.0,3.8755652237827234,-0.12443477621727661,67.94353067260474,67.95947667562044,420.6016484395622,0.0
355,4.0,3.875434432059381,-0.12456556794061902,67.94588747776028,67.95948185007327,420.5741821776603,0.0
356,4.0,3.87530088443254,-0.12469911556746016,67.94816518984166,67.95948196949892,420.54613717602365,0.0
357,4.0,3.875168238208123,-0.12483176179187705,67.95037763944809,67.959486642614,420.5182814688961,0.0
358,4.0,3.875035420415988,-0.12496457958401219,67.95252237024486,67.95948911968537,420.49038973254767,0.0
359,4.0,3.874910976521467,-0.1250890234785329,67.95459836354388,67.95948914326755,420.4642565146983,0.0
360,4.0,3.874783362666585,-0.12521663733341493,67.95660249524803,67.95948633205049,420.4374576051731,0.0
361,4.0,3.8746661987247273,-0.12533380127527272,67.95852980415026,67.95948641875778,420.412853177383,0.0
362,4.0,3.874546647241961,-0.12545335275803904,67.96039277589678,67.9594884823009,420.3877473660021,0.0
363,4.0,3.874433853142433,-0.12556614685756706,67.96219049735824,67.95948805484656,420.3640606051012,0.0
364,4.0,3.8743285691177,-0.12567143088230015,67.96392038339926,67.95948111519161,420.34195095990725,0.0
365,4.0,3.874234056788817,-0.12576594321118284,67.96558900409464,67.95947957265612,420.3221033708419,0.0
366,4.0,3.8741322930652697,-0.12586770693473026,67.96719705085998,67.95947725872327,420.3007329888969,0.0
367,4.0,3.8740295137877805,-0.1259704862122195,67.96875919216367,67.95947497453403,420.2791493406242,0.0
368,4.0,3.8739481244498726,-0.12605187555012742,67.97025098413049,67.95948033103491,420.2620575796635,0.0
369,4.0,3.8738525079152017,-0.12614749208479825,67.9717017811338,67.95948000169585,420.24197810738264,0.0
370,4.0,3.87376615630619,-0.12623384369380997,67.97309288574445,67.95947642327224,420.2238442694902,0.0
371,4.0,3.873675907652303,-0.12632409234769693,67.97443899091104,67.95947692082854,420.20489205217393,0.0
372,4.0,3.873591577102407,-0.12640842289759302,67.97572739330742,67.9594795689095,420.18718263669575,0.0
373,4.0,3.873535203033079,-0.1264647969669208,67.97696840564831,67.959478395955,420.1753440821369,0.0
374,4.0,3.8734686405907954,-0.12653135940920457,67.97814008053905,67.95948186331117,420.1613659692573,0.0
375,4.0,3.873403029928747,-0.1265969700712528,67.97928090993658,67.95948151062561,420.1475877302272,0.0
376,4.0,3.8733446627610073,-0.1266553372389927,67.98037619493293,67.95947800777036,420.1353306250018,0.0
377,4.0,3.8732901019587844,-0.12670989804121557,67.981440161498,67.95948369784577,420.123872856535,0.0
378,4.0,3.8732341294458617,-0.12676587055413835,67.98247929790595,67.95948829406903,420.11211862882124,0.0
379,4.0,3.873174840706535,-0.12682515929346483,67.98347030267841,67.95949134465782,420.09966799356266,0.0
380,4.0,3.873088794391756,-0.12691120560824398,67.98444170430162,67.9594849105118,420.081598267459,0.0
381,4.0,3.8729980064256315,-0.12700199357436848,67.9853722792684,67.95948228496867,420.06253279457286,0.0
382,4.0,3.8729097175137466,-0.12709028248625343,67.9862696663307,67.95948660833974,420.04399212307703,0.0
383,4.0,3.8728270073628615,-0.12717299263713855,67.9871188031213,67.95949039076136,420.02662299139115,0.0
384,4.0,3.8727402823639885,-0.12725971763601152,67.9879320775835,67.95949188679059,420.0084107416278,0.0
385,4.0,3.8726502873401434,-0.12734971265985662,67.98868932138159,67.95949509511134,419.98951178662037,0.0
386,4.0,3.872567510828221,-0.12743248917177885,67.9894191609189,67.95949030539907,419.9721287191167,0.0
387,4.0,3.87249197968236,-0.1275080203176402,67.99009274869664,67.95947310685304,419.9562671784858,0.0
388,4.0,3.8724222184139268,-0.12757778158607325,67.99072179844055,67.95947269522262,419.9416173121149,0.0
389,4.0,3.872347834416301,-0.12765216558369907,67.99130436697865,67.95947669431382,419.92599667261345,0.0
390,4.0,3.8722703476364124,-0.12772965236358758,67.99184923025277,67.9594793603766,419.90972444883687,0.0
391,4.0,3.873131653588704,-0.12686834641129607,67.9923515711102,67.95948113775242,420.0905986988181,0.0
392,4.0,3.873063871225921,-0.12693612877407912,67.99288238161502,67.95948247078469,420.07636440263366,0.0
393,4.0,3.872993461531423,-0.127006538468577,67.99352454526701,67.95948335947323,420.0615783667891,0.0
394,4.0,3.8729122668922553,-0.12708773310774468,67.99422642992772,67.95948335947305,420.0445274925639,0.0
395,4.0,3.8728244351716836,-0.12717556482831638,67.99495577839086,67.95948335947308,420.0260828312438,0.0
396,4.0,3.87274235134317,-0.1272576486568302,67.99568020608837,67.95948335947308,420.0088452272559,0.0
397,4.0,3.8726646200548163,-0.12733537994518374,67.99639251573218,67.95948335947307,419.9925216567017,0.0
398,4.0,3.872591094135431,-0.1274089058645691,67.99707534103403,67.95948335947311,419.97708121363075,0.0
399,4.0,3.8725066672673965,-0.12749333273260355,67.99773505453999,67.9594833594731,419.9593515713435,0.0
400,4.0,3.872430324655902,-0.1275696753440978,67.99836188996305,67.95948335947305,419.9433196229297,0.0
401,4.0,3.87236237143383,-0.12763762856616978,67.99895225647326,67.95948335947308,419.9290494462946,0.0
402,4.0,3.8722875326102675,-0.12771246738973252,67.99950042160272,67.95948335947304,419.9133332933464,0.0
403,4.0,3.8722299021141295,-0.12777009788587046,68.000017721461,67.95948335947304,419.90123088915743,0.0
404,4.0,3.8721494924365203,-0.1278505075634797,68.00049972862978,67.95948335947305,419.8843448568595,0.0
405,4.0,3.872084105478168,-0.12791589452183194,68.00093516103682,67.95948335947307,419.87061359560556,0.0
406,4.0,3.8720271209114507,-0.12797287908854926,68.00133299117898,67.95948335947304,419.8586468365949,0.0
407,4.0,3.871962528347483,-0.128037471652517,68.0016942049115,67.9594833594731,419.8450823981617,0.0
408,4.0,3.8719160331701943,-0.12808396682980572,68.00202221885682,67.95948335947311,419.83531841093105,0.0
409,4.0,3.871846399467994,-0.12815360053200608,68.00231770489637,67.95948335947308,419.82069533346896,0.0
410,4.0,3.871791041138429,-0.1282089588615709,68.00258060975683,67.9594812637155,419.8090700842603,0.0
411,4.0,3.8717435307404777,-0.12825646925952228,68.00280677028833,67.95947897426915,419.79909290069054,0.0
412,4.0,3.8716882333333245,-0.12831176666667554,68.00299590540457,67.95947951915115,419.78748044518835,0.0
413,4.0,3.8716507086703653,-0.12834929132963468,68.00316728304296,67.95947958137215,419.7796002659669,0.0
414,4.0,3.871590544086567,-0.12840945591343278,68.00329471382108,67.95948672792751,419.7669657033693,0.0
415,4.0,3.8715448336459812,-0.12845516635401877,68.00339882659239,67.95948394849778,419.7573665108462,0.0
416,4.0,3.8715053225273626,-0.12849467747263743,68.00348272930815,67.95948491390028,419.7490691759363,0.0
417,4.0,3.871451402985838,-0.128548597014162,68.00354303978281,67.95948657250189,419.73774607221617,0.0
418,4.0,3.8714086268227894,-0.1285913731772106,68.00357255963958,67.95948160155943,419.72876307797594,0.0
419,4.0,3.871348031456883,-0.1286519685431169,68.00357277360001,67.95948914326742,419.7160380511356,0.0
420,4.0,3.8713089877041607,-0.12869101229583935,68.00354205190554,67.95949154411706,419.7078388630639,0.0
421,4.0,3.871258815308238,-0.1287411846917621,68.00347906387643,67.95948997579745,419.6973026599201,0.0
422,4.0,3.8712202641330933,-0.12877973586690672,68.00340460133889,67.9594866544567,419.68920691313974,0.0
423,4.0,3.871171076387468,-0.12882892361253218,68.00329698642157,67.95948955461421,419.6788774865584,0.0
424,4.0,3.8711298014262243,-0.12887019857377568,68.00315889876184,67.95948418072699,419.6702097446973,0.0
425,4.0,3.871083668087685,-0.12891633191231522,68.00299573701336,67.9594767809812,419.66052174360397,0.0
426,4.0,3.8710354649904968,-0.12896453500950322,68.00281106068533,67.9594763076264,419.6503990931945,0.0
427,4.0,3.871004297488738,-0.1289957025112618,68.00260604519772,67.95948710629844,419.6438539178252,0.0
428,4.0,3.870962112323163,-0.12903788767683722,68.00237506484677,67.95948682262559,419.63499503305434,0.0
429,4.0,3.870927225126557,-0.12907277487344304,68.00212363464628,67.95948536834644,419.6276687217671,0.0
430,4.0,3.870884430998489,-0.1291155690015109,68.0018430307463,67.95948354390505,419.6186819548729,0.0
431,4.0,3.870853071366877,-0.12914692863312283,68.00154336748288,67.95948090138128,419.6120964322344,0.0
432,4.0,3.8708287007714692,-0.12917129922853077,68.00121582217908,67.95948362098433,419.60697860719876,0.0
433,4.0,3.87079251945597,-0.12920748054402997,68.00088022922111,67.9594787873322,419.5993805309439,0.0
434,4.0,3.870777656125616,-0.12922234387438403,68.00052135908544,67.95947913961189,419.59625923156955,0.0
435,4.0,3.8707541744375886,-0.12924582556241138,68.0001391584134,67.95947423850428,419.5913280770838,0.0
436,4.0,3.8707318556593857,-0.1292681443406143,67.99974450622346,67.95947713865745,419.5866411336612,0.0
437,4.0,3.870725838080714,-0.1292741619192861,67.99933577715646,67.9594800668785,419.5853774421401,0.0
438,4.0,3.870701303322152,-0.1292986966778482,67.9989161844788,67.95947414717146,419.58022514284204,0.0
439,4.0,3.8706869600168408,-0.12931303998315924,67.99848518708566,67.95947768613804,419.5772130487267,0.0
440,4.0,3.870667348704466,-0.12933265129553417,67.99803852007064,67.9594781839446,419.57309467312797,0.0
441,4.0,3.870649153071786,-0.12935084692821386,67.9975723005306,67.95947302226494,419.56927359026525,0.0
442,4.0,3.870630588750024,-0.12936941124997592,67.99710190960151,67.95948211162805,419.5653750826952,0.0
443,4.0,3.8706221161135126,-0.1293778838864874,67.99662098514838,67.95947792473244,419.5635958290278,0.0
444,4.0,3.8706114949538226,-0.12938850504617738,67.99613167837674,67.95948429847861,419.56136538549293,0.0
445,4.0,3.8705924446810633,-0.12940755531893666,67.99562723663435,67.95947774917617,419.5573648282135,0.0
446,4.0,3.870585130865414,-0.12941486913458622,67.99511885099652,67.9594816543958,419.5558289269271,0.0
447,4.0,3.8705724389044622,-0.12942756109553777,67.99461269288305,67.95948095820094,419.5531636151273,0.0
448,4.0,3.8705663107469914,-0.12943368925300858,67.99408702232071,67.95947869234375,419.5518767020584,0.0
449,4.0,3.8705510505823972,-0.12944894941760277,67.99356210883062,67.95947916998796,419.5486720674936,0.0
450,4.0,3.870533978783175,-0.12946602121682504,67.9930246650651,67.9594790848317,419.5450869896569,0.0
451,4.0,3.8705360501970594,-0.12946394980294063,67.99247912969858,67.95947713416837,419.5455219865726,0.0
452,4.0,3.8705357728837875,-0.12946422711621253,67.99193227716016,67.95947870425671,419.54546375078553,0.0
453,4.0,3.8705449941559498,-0.12945500584405023,67.9913800055207,67.95946285142755,419.54740021793964,0.0
454,4.0,3.8705389806322503,-0.12946101936774967,67.99081683181275,67.95946332825977,419.54613737796274,0.0
455,4.0,3.8705335726704697,-0.1294664273295303,67.9902518891481,67.95946003357938,419.5450017059888,0.0
456,4.0,3.870534250695304,-0.1294657493046958,67.98969002868836,67.95946709126123,419.54514409120407,0.0
457,4.0,3.870502133074073,-0.1294978669259268,67.98912236817499,67.95947199601135,419.53839939074555,0.0
458,4.0,3.8704915194882696,-0.12950848051173036,67.98854951214926,67.9594707683796,419.53617053772683,0.0
459,4.0,3.8704530074756343,-0.12954699252436574,67.98797352236124,67.95945061133278,419.5280830150734,0.0
460,4.0,3.870434435577703,-0.12956556442229683,67.98739497583828,67.95944728353311,419.52418291650787,0.0
461,4.0,3.870423426130136,-0.1295765738698642,67.98679357698381,67.95944823715811,419.5218709325187,0.0
462,4.0,3.8704036998359084,-0.12959630016409163,67.98618562351932,67.95945040328266,419.51772841073097,0.0
463,4.0,3.8704034932473967,-0.12959650675260326,67.98556477170715,67.95945158674314,419.5176850271435,0.0
464,4.0,3.8703978374182504,-0.1296021625817496,67.98494028837632,67.95941255381568,419.5164973030228,0.0
465,4.0,3.8704252064115243,-0.12957479358847568,67.98429987803422,67.95940957984897,419.5222447916103,0.0
466,4.0,3.870461542618147,-0.129538457381853,67.98366518405,67.95941460136336,419.52987539500106,0.0
467,4.0,3.8704948643258072,-0.12950513567419275,67.9830373246098,67.95942077709027,419.5368729536097,0.0
468,4.0,3.8705077184978114,-0.1294922815021886,67.98241061496879,67.95943793247241,419.53957232973056,0.0
469,4.0,3.870548960250587,-0.12945103974941308,67.98178913739497,67.95938296217088,419.5482330978134,0.0
470,4.0,3.870582464670724,-0.12941753532927613,67.98119003140083,67.95939617135016,419.55526902604214,0.0
471,4.0,3.8706098884664266,-0.12939011153357338,67.98059838756488,67.95942725200581,419.5610280231397,0.0
472,4.0,3.8706655369525986,-0.12933446304740137,67.98001840166054,67.95946454077169,419.57271420523585,0.0
473,4.0,3.8707089109400035,-0.12929108905999653,67.97945886886362,67.95948014194816,419.5818227425909,0.0
474,4.0,3.870727764132886,-0.12927223586711412,67.9789255309864,67.95949346684,419.5857819130962,0.0
475,4.0,3.8707506038960435,-0.12924939610395647,67.97840733469859,67.95941043644002,419.5905782633593,0.0
476,4.0,3.8707828719568376,-0.12921712804316243,67.9779045064434,67.95938218096926,419.59735455612605,0.0
477,4.0,3.8708148446847392,-0.12918515531526076,67.97741751649258,67.95937629820527,419.6040688289854,0.0
478,4.0,3.8708591924691764,-0.12914080753082358,67.97694381866633,67.95938219394766,419.6133818637172,0.0
479,4.0,3.8708771506898936,-0.12912284931010642,67.97649008986315,67.95939577629231,419.6171530900678,0.0
480,4.0,3.87088551633535,-0.12911448366465006,67.97607355251516,67.95930075628179,419.61890987561367,0.0
481,4.0,3.870921391573262,-0.12907860842673813,67.97567415958142,67.95929806018457,419.62644367557516,0.0
482,4.0,3.870945695376237,-0.1290543046237631,67.97527930227244,67.95932594300018,419.6315474741999,0.0
483,4.0,3.870972286361741,-0.12902771363825893,67.97490459692835,67.95936275739375,419.6371315811558,0.0
484,4.0,3.870977774622824,-0.129022225377176,67.97453860020146,67.95940521739115,419.63828411598325,0.0
485,4.0,3.870996155247914,-0.12900384475208604,67.97419455130108,67.95928773598959,419.64214404725215,0.0
486,4.0,3.8710272175268257,-0.12897278247317434,67.97384777243703,67.95929421911141,419.6486671258236,0.0
487,4.0,3.8710425471464474,-0.12895745285355265,67.97351828168932,67.95931957458295,419.65188634594415,0.0
488,4.0,3.87104965477851,-0.12895034522149018,67.97319481032152,67.95936226802316,419.65337894867724,0.0
489,4.0,3.871060612661467,-0.12893938733853316,67.97288177950658,67.95940912258041,419.6556801040982,0.0
490,4.0,3.871080091103185,-0.12891990889681493,67.97257523025245,67.95944960331852,419.65977057685905,0.0
491,4.0,3.8710979524331006,-0.12890204756689938,67.97228288861079,67.95928811954502,419.6635214561413,0.0
492,4.0,3.871104443321116,-0.12889555667888386,67.97199153868708,67.95925260548402,419.6648845426246,0.0
493,4.0,3.871132737139907,-0.12886726286009287,67.97170758753461,67.95926248435266,419.67082624457066,0.0
494,4.0,3.8711399688828423,-0.12886003111715771,67.97143161297639,67.95929991248528,419.67234491058707,0.0
495,4.0,3.871131203955267,-0.128868796044733,67.97117400018821,67.95934692253346,419.67050427579625,0.0
496,4.0,3.8711467938352784,-0.12885320616472162,67.97091445673513,67.95916651122478,419.67377815059865,0.0
497,4.0,3.8711522185538962,-0.12884778144610376,67.97067021283608,67.95917515043817,419.6749173415084,0.0
498,4.0,3.871159447458806,-0.12884055254119398,67.9704215073562,67.95922572985951,419.67643541153944,0.0
499,4.0,3.8711554859899544,-0.1288445140100456,67.97018171074335,67.95929972393188,419.6756035030806,0.0
500,4.0,3.871166094392002,-0.12883390560799812,67.96994190286509,67.95937912932976,419.67783126751056,0.0
501,4.0,3.871164786074604,-0.1288352139253961,67.96971211580093,67.95915980912505,419.67755652085697,0.0
502,4.0,3.871185000168798,-0.12881499983120204,67.96948047418857,67.95913511964268,419.6818014806377,0.0
503,4.0,3.8618078807813174,-0.13819211921868257,67.96924755094105,67.95916813087328,417.7126064092668,0.0
504,4.0,3.861869795844832,-0.1381302041551682,67.96822825248272,67.9592289376141,417.7256085726048,0.0
505,4.0,3.8620074395674426,-0.13799256043255737,67.96577194137915,67.95930315903007,417.75451375435307,0.0
506,4.0,3.862197995295285,-0.13780200470471504,67.96237648720738,67.95939839502238,417.7945304572,0.0
507,4.0,3.8624460928125015,-0.1375539071874985,67.95837436918616,67.95915515921152,417.8466309358155,0.0
508,4.0,3.8626787323515943,-0.1373212676484057,67.95400409325782,67.95911038933342,417.895485239025,0.0
509,4.0,3.8629426288654347,-0.1370573711345653,67.94942448026848,67.9591353266947,417.95090350693147,0.0
510,4.0,3.863212844204535,-0.13678715579546497,67.94474502401415,67.95919753088992,418.00764872814256,0.0
511,4.0,3.8634739392404276,-0.1365260607595724,67.94004665585355,67.95927793138124,418.06247868568,0.0
512,4.0,3.8637463639839327,-0.13625363601606733,67.9353745245021,67.95900763014498,418.11968788181605,0.0
513,4.0,3.8640076201020324,-0.13599237989796764,67.93077945108851,67.95900460316236,418.174551666617,0.0
514,4.0,3.8642995914620903,-0.13570040853790966,67.92626433819068,67.95906979796435,418.23586565222917,0.0
515,4.0,3.8645830305976596,-0.13541696940234038,67.92186344145713,67.95918291527948,418.29538787069873,0.0
516,4.0,3.8648898010302153,-0.1351101989697847,67.91759417275982,67.95929573061181,418.35980966153545,0.0
517,4.0,3.865159464204209,-0.13484053579579092,67.91346772457884,67.95903267194403,418.4164389280742,0.0
518,4.0,3.8654291112675954,-0.13457088873240464,67.90949490350694,67.95900915831427,418.4730648113853,0.0
519,4.0,3.865678550260159,-0.13432144973984084,67.90566180119839,67.95905998801507,418.5254469998237,0.0
520,4.0,3.86592171831974,-0.13407828168026015,67.90197486045501,67.95916940360145,418.5765122923357,0.0
521,4.0,3.866165327653994,-0.1338346723460062,67.89841738865466,67.9592914277576,418.627670252529,0.0
522,4.0,3.8663980006361194,-0.13360199936388062,67.89500445993428,67.95939637712937,418.6765315787754,0.0
523,4.0,3.8666111013230346,-0.13338889867696535,67.89172250064468,67.95911451332461,418.72128272302757,0.0
524,4.0,3.8668375833684614,-0.1331624166315386,67.88857354808316,67.9590664449813,418.7688439525672,0.0
525,4.0,3.8670263891788825,-0.13297361082111747,67.88554124635839,67.95908518916677,418.8084931727556,0.0
526,4.0,3.8672445779691986,-0.13275542203080137,67.88263089503018,67.95915842387177,418.854312818722,0.0
527,4.0,3.867421669672873,-0.13257833032712707,67.87984031354775,67.95926104743927,418.8915020764936,0.0
528,4.0,3.867638259995608,-0.13236174000439194,67.87715569942964,67.9589933220706,418.936986044268,0.0
529,4.0,3.8581338499488553,-0.14186615005114467,67.87458643118185,67.95898302738416,416.9410599344499,0.0
530,4.0,3.8583950465201333,-0.14160495347986668,67.87131100612079,67.95905071792656,416.9959112144183,0.0
531,4.0,3.858730296908973,-0.14126970309102704,67.86665800913002,67.95915548497305,417.0663137960746,0.0
532,4.0,3.8591247229570635,-0.14087527704293645,67.86114615770109,67.95928652078297,417.1491432661736,0.0
533,4.0,3.859544878547044,-0.1404551214529559,67.855107019411,67.95904720533193,417.2373759400695,0.0
534,4.0,3.8599656214477904,-0.14003437855220957,67.84879982141396,67.9590348136845,417.3257319492262,0.0
535,4.0,3.860404921180254,-0.1395950788197462,67.84236709478911,67.95908784717592,417.4179848930435,0.0
536,4.0,3.8608680131847684,-0.13913198681523165,67.83592684795195,67.95917739444583,417.51523421399156,0.0
537,4.0,3.8613378828536837,-0.13866211714631627,67.82957091956041,67.95927610928837,417.61390684446377,0.0
538,4.0,3.8617879982322436,-0.1382120017677564,67.82333366238518,67.95938293521671,417.7084310739613,0.0
539,4.0,3.8622382793245285,-0.13776172067547154,67.81726473330367,67.95911222297451,417.80299010334113,0.0
540,4.0,3.862651128137662,-0.13734887186233813,67.81140995229352,67.9590681038071,417.8896883540991,0.0
541,4.0,3.86310297922804,-0.13689702077195998,67.80575613010399,67.9590908716132,417.98457708307853,0.0
542,4.0,3.8635326804658354,-0.13646731953416458,67.8003154960587,67.95915771183375,418.0748143430156,0.0
543,4.0,3.863966647843652,-0.13603335215634793,67.79510420764113,67.95924267504688,418.1659474923571,0.0
544,4.0,3.864355677801675,-0.135644322198325,67.79010136150755,67.95899576259539,418.2476437835419,0.0
545,4.0,3.8647370207547316,-0.13526297924526842,67.785323182577,67.95899075966307,418.3277258036838,0.0
546,4.0,3.8651452778778665,-0.13485472212213345,67.7807676958817,67.95906471671506,418.4134597995421,0.0
547,4.0,3.8655317761567423,-0.13446822384325774,67.7764419153641,67.95917689452347,418.49462443810603,0.0
548,4.0,3.8659100923732015,-0.1340899076267985,67.77231194558107,67.95930046188961,418.5740708435625,0.0
549,4.0,3.8662558299082126,-0.1337441700917874,67.76839862774845,67.95903450182728,418.6466757259148,0.0
550,4.0,3.8666204327558114,-0.13337956724418865,67.76468280665375,67.95902898810951,418.72324232391054,0.0
551,4.0,3.866956563488276,-0.1330434365117239,67.7611789460286,67.95909779811068,418.79382977772815,0.0
552,4.0,3.858302604263888,-0.14169739573611206,67.75785819671951,67.95918651891928,416.9764983406066,0.0
553,4.0,3.8583121460893737,-0.14168785391062633,67.7539867814096,67.95928716033622,416.9785021239586,0.0
554,4.0,3.858764229845186,-0.14123577015481414,67.74889938597906,67.95938047378176,417.07343971267915,0.0
555,4.0,3.859267735175736,-0.14073226482426415,67.74301402405156,67.95909513679392,417.17917583209464,0.0
556,4.0,3.8597591134316134,-0.14024088656838662,67.73670180956302,67.95906059000863,417.2823652658289,0.0
557,4.0,3.8603010084700218,-0.13969899152997822,67.73016210948752,67.95908774470065,417.3961632238947,0.0
558,4.0,3.860850402439485,-0.13914959756051504,67.72358451973632,67.95916372881506,417.51153595748195,0.0
559,4.0,3.8614019378705846,-0.1385980621294154,67.71707794080267,67.95925562250663,417.62735839801286,0.0
560,4.0,3.8619485863496625,-0.13805141365033746,67.71069357255999,67.95899363698399,417.74215457861925,0.0
561,4.0,3.8624921143856747,-0.13750788561432525,67.70449814926121,67.9589854646563,417.8562954661818,0.0
562,4.0,3.8630232513728835,-0.1369767486271165,67.69852295181444,67.95905910837685,417.96783423349564,0.0
563,4.0,3.8635351026507387,-0.13646489734926126,67.69280110343809,67.95917991841993,418.0753230018452,0.0
564,4.0,3.864080416894338,-0.13591958310566188,67.68732534590427,67.95930743585153,418.1898389930011,0.0
565,4.0,3.864566251773272,-0.13543374822672805,67.68211548401473,67.9590493754025,418.2918643175772,0.0
566,4.0,3.8650559008015977,-0.13494409919840233,67.67716880761394,67.95901939407022,418.3946906135256,0.0
567,4.0,3.8655447771408546,-0.13445522285914535,67.67248293219808,67.95908160918127,418.4973546447696,0.0
568,4.0,3.865989397122631,-0.13401060287736888,67.66807822778215,67.95918027450337,418.59072484094264,0.0
569,4.0,3.8664681689115983,-0.13353183108840172,67.66392664296251,67.9592876866569,418.69126691662575,0.0
570,4.0,3.866918037042266,-0.13308196295773378,67.66003943385873,67.9593780201411,418.785739224066,0.0
571,4.0,3.8673339832803872,-0.13266601671961276,67.65638258988547,67.95909824641797,418.8730879340714,0.0
572,4.0,3.8677769591604587,-0.13222304083954128,67.65297096713584,67.9590644514033,418.9661128688864,0.0
573,4.0,3.868172647503125,-0.13182735249687516,67.64981553901771,67.95910270892482,419.0492074208463,0.0
574,4.0,3.868578473793845,-0.1314215262061551,67.64690236582882,67.9591721442088,419.1344309418975,0.0
575,4.0,3.868969916845885,-0.13103008315411513,67.64419690755287,67.95927159539339,419.2166339828259,0.0
576,4.0,3.8599886883799304,-0.14001131162006963,67.64171793478862,67.95899482816066,417.33057600497546,0.0
577,4.0,3.860432952779927,-0.13956704722007318,67.63867665576828,67.95896525354812,417.4238715289747,0.0
578,4.0,3.8609081478534883,-0.13909185214651165,67.63440933107746,67.95904467314334,417.52366249442264,0.0
579,4.0,3.861444470970937,-0.13855552902906298,67.62942119862053,67.95916263775004,417.63629034908683,0.0
580,4.0,3.862004374692824,-0.1379956253071759,67.62402177294794,67.95929090081567,417.75387013068314,0.0
581,4.0,3.8720089271454734,-0.1279910728545266,67.61844738834668,67.95904487872387,419.8548261457395,0.0
582,4.0,3.8725263948985247,-0.12747360510147532,67.61363489473987,67.95902471628729,419.9634943738802,0.0
583,4.0,3.872993291952335,-0.12700670804766512,67.61036762904736,67.95909909147969,420.06154275518037,0.0
584,4.0,3.873376185524481,-0.12662381447551896,67.60817360572423,67.95919317981773,420.14195040533104,0.0
585,4.0,3.8737029432712995,-0.1262970567287005,67.60682833659865,67.95930108920986,420.21056953216294,0.0
586,4.0,3.874019439413298,-0.12598056058670215,67.60607291029612,67.95939554759251,420.2770337219826,0.0
587,4.0,3.874294144770717,-0.1257058552292829,67.6057951763804,67.95911015999421,420.33472184704067,0.0
588,4.0,3.874568841763255,-0.1254311582367449,67.60586586227087,67.95907230113798,420.39240821547367,0.0
589,4.0,3.874787540028351,-0.1252124599716491,67.60623221743109,67.9590946406633,420.4383348511438,0.0
590,4.0,3.8750172563001803,-0.12498274369981965,67.60686701736218,67.95916677892873,420.48657526822797,0.0
591,4.0,3.875233030717765,-0.12476696928223507,67.60770333306996,67.95925452350285,420.5318878959207,0.0
592,4.0,3.8754245966585876,-0.12457540334141237,67.60870497333708,67.9589827176891,420.5721167434935,0.0
593,4.0,3.8756304363167096,-0.12436956368329044,67.60985082947754,67.95898180739525,420.6153430716991,0.0
594,4.0,3.8758085878413304,-0.12419141215866958,67.61113498580806,67.95905700858502,420.6527548918695,0.0
595,4.0,3.8759828856405156,-0.12401711435948437,67.6125509094286,67.95917142089881,420.6893574296984,0.0
596,4.0,3.8761502333242284,-0.12384976667577163,67.61409236931598,67.95929452788367,420.7245004432781,0.0
597,4.0,3.876304095659992,-0.12369590434000788,67.61573872808931,67.95902684499033,420.7568115337885,0.0
598,4.0,3.876446635734691,-0.12355336426530883,67.61746731564358,67.95902987409153,420.7867449494753,0.0
599,4.0,3.8672441689156525,-0.13275583108434752,67.6192979705466,67.95908353512199,418.85422691747715,0.0
600,4.0,3.8674224228010057,-0.13257757719899432,67.62045303635244,67.95917913833426,418.8916602334013,0.0
601,4.0,3.8676786026169947,-0.1323213973830053,67.62024987006816,67.95928182309275,418.945457994759,0.0
602,4.0,3.8679934510461718,-0.13200654895382824,67.61920687484637,67.95937514847805,419.0115761648862,0.0
603,4.0,3.8683393026128967,-0.1316606973871033,67.61760403460934,67.95910408679782,419.0842049938984,0.0
604,4.0,3.8686969699658937,-0.13130303003410626,67.61572685710814,67.95906721026748,419.1593151380278,0.0
605,4.0,3.8690722723654303,-0.13092772763456972,67.6137295208406,67.95910078532653,419.2381286419305,0.0
606,4.0,3.869445344301847,-0.13055465569815317,67.61169790234689,67.95915834746678,419.31647374857795,0.0
607,4.0,3.8795977338975742,-0.12040226610242577,67.6097123393271,67.9592437959169,421.4484755636807,0.0
608,4.0,3.879924271951369,-0.12007572804863109,67.60865260011187,67.95899036581092,421.5170485549776,0.0
609,4.0,3.8801670353467412,-0.11983296465325877,67.6092216637071,67.95898708750741,421.56802886800574,0.0
610,4.0,3.8803096419830556,-0.11969035801694439,67.61089319595011,67.95905603354144,421.59797626163174,0.0
611,4.0,3.880430557367022,-0.11956944263297808,67.61341346386027,67.9591583768282,421.62336849226466,0.0
612,4.0,3.880504187894101,-0.1194958121058991,67.61648123149457,67.95929797209293,421.63883090295127,0.0
613,4.0,3.8805719242882013,-0.1194280757117987,67.61994974019541,67.95905383374192,421.65305554571233,0.0
614,4.0,3.880596214788915,-0.11940378521108519,67.62369437418843,67.95903821729958,421.65815655086215,0.0
615,4.0,3.8806249714972973,-0.11937502850270265,67.62764910203623,67.9590937112903,421.6641954596225,0.0
616,4.0,3.8806299205868364,-0.11937007941316358,67.6317537200719,67.95917897564189,421.6652347684257,0.0
617,4.0,3.8806333287308847,-0.11936667126911527,67.63596657803664,67.9592933817951,421.6659504786758,0.0
618,4.0,3.880618752889153,-0.11938124711084708,67.64022571124865,67.95939713012179,421.66288955191214,0.0
619,4.0,3.88061760466518,-0.11938239533481987,67.64454542364402,67.95911871474402,421.66264842487783,0.0
620,4.0,3.8805848623123045,-0.11941513768769552,67.6489010013696,67.95905527084315,421.65577253077396,0.0
621,4.0,3.8805652852640318,-0.11943471473596823,67.65326512107269,67.95907500792474,421.6516613506367,0.0
622,4.0,3.880525964373102,-0.11947403562689818,67.657660326745,67.95915470932981,421.6434039635414,0.0
623,4.0,3.871137814353274,-0.1288621856467258,67.6620378234428,67.95925997638848,419.6718924593776,0.0
624,4.0,3.871146157083686,-0.12885384291631397,67.66564376821128,67.9590033255656,419.6736444327641,0.0
625,4.0,3.871237278932911,-0.1287627210670892,67.66777805230406,67.95898473177562,419.69278002110127,0.0
626,4.0,3.8713701988052613,-0.12862980119473866,67.66900248554232,67.95906642369656,419.7206931942949,0.0
627,4.0,3.871554546074985,-0.12844545392501505,67.66958200743208,67.95918081318025,419.75940612093683,0.0
628,4.0,3.871757397312439,-0.12824260268756094,67.66977599223199,67.95929716032921,419.8020048808022,0.0
629,4.0,3.871989064004273,-0.12801093599572688,67.66973723654509,67.95903690963854,419.85065488608734,0.0
630,4.0,3.8815520110634436,-0.11844798893655639,67.66959594407747,67.9590101770452,421.85887376851315,0.0
631,4.0,3.8817555160073676,-0.11824448399263243,67.67019462346616,67.95907510684157,421.90160980673716,0.0
632,4.0,3.881858876494403,-0.11814112350559691,67.6722347584653,67.95917520381873,421.9233155090146,0.0
633,4.0,3.881888744253124,-0.11811125574687598,67.67526370687747,67.95928841736418,421.929587738346,0.0
634,4.0,3.8818957557758815,-0.11810424422411847,67.67899201609985,67.95938670592402,421.9310601581251,0.0
635,4.0,3.881850578104464,-0.11814942189553612,67.68316616118459,67.95912368043979,421.9215728471274,0.0
636,4.0,3.881812523725234,-0.11818747627476611,67.68767654491556,67.95908582325953,421.9135814274891,0.0
637,4.0,3.881727281627177,-0.11827271837282316,67.69235187116512,67.95910201991427,421.8956805868971,0.0
638,4.0,3.8816553467235013,-0.11834465327649868,67.6971707816873,67.95915865221365,421.8805742571252,0.0
639,4.0,3.8815696272627074,-0.11843037273729262,67.70205295865624,67.95923780079667,421.8625731703585,0.0
640,4.0,3.881475670357389,-0.11852432964261084,67.70699457072328,67.95897839313233,421.84284222024166,0.0
641,4.0,3.8813697344870164,-0.11863026551298361,67.71195345430606,67.95897602935243,421.82059568746337,0.0
642,4.0,3.881264007072809,-0.11873599292719117,67.71688862664585,67.95905162323385,421.7983929304798,0.0
643,4.0,3.8811738730336165,-0.1188261269663835,67.72177843591123,67.95915652964537,421.7794647822494,0.0
644,4.0,3.881045068390421,-0.11895493160957882,67.72665949180158,67.95929533246884,421.7524158071784,0.0
645,4.0,3.880934616457622,-0.11906538354237783,67.73151250422666,67.95903930179105,421.7292209012906,0.0
646,4.0,3.8714882733969103,-0.12851172660308974,67.73630306401476,67.95902077097956,419.7454888585411,0.0
647,4.0,3.871426293246959,-0.1285737067530408,67.74026349013737,67.95907712930745,419.73247302705136,0.0
648,4.0,3.8714411090711303,-0.12855889092886974,67.74273118797399,67.95919094898905,419.7355843501273,0.0
649,4.0,3.871502183698674,-0.12849781630132595,67.74422890078591,67.9593036777695,419.74841002191147,0.0
650,4.0,3.8716147382633768,-0.12838526173662324,67.74505233704049,67.95939094672981,419.77204648049906,0.0
651,4.0,3.8717626173908104,-0.1282373826091896,67.7454367570106,67.95911240820637,419.80310109726014,0.0
652,4.0,3.871908439631884,-0.12809156036811586,67.74558048553703,67.95907592787799,419.8337237678856,0.0
653,4.0,3.872066573553828,-0.12793342644617178,67.74554869786242,67.95910381120125,419.86693189149383,0.0
654,4.0,3.8815780081596207,-0.11842199184037927,67.74546716256773,67.95917668866751,421.8643331587103,0.0
655,4.0,3.881712265708724,-0.11828773429127581,67.74610146794745,67.95925754030416,421.892527244022,0.0
656,4.0,3.881732978689106,-0.11826702131089384,67.74821236398445,67.95897414681326,421.8968769699022,0.0
657,4.0,3.8817164954572627,-0.11828350454273728,67.75130467482987,67.95897209798459,421.8934154912151,0.0
658,4.0,3.8816575225855807,-0.11834247741441928,67.75504425164698,67.95905133728031,421.88103118816184,0.0
659,4.0,3.881572223709958,-0.11842777629004209,67.75924062817967,67.9591585727681,421.863118424281,0.0
660,4.0,3.88146642546169,-0.11853357453831004,67.76371767606442,67.95927650798035,421.84090079214474,0.0
661,4.0,3.8813504631806612,-0.11864953681933876,67.76837110473316,67.95904349113377,421.8165487131287,0.0
662,4.0,3.8812005068468616,-0.11879949315313842,67.77312172027823,67.95904527568702,421.7850578830308,0.0
663,4.0,3.8810611386719334,-0.11893886132806664,67.77790850432348,67.95910072222735,421.75579056629584,0.0
664,4.0,3.880914980754288,-0.1190850192457118,67.78272398575169,67.95917979663326,421.7250974035904,0.0
665,4.0,3.880768775888341,-0.1192312241116591,67.78752295643083,67.95929356623508,421.69439438174146,0.0
666,4.0,3.880626999736751,-0.11937300026324893,67.79226969349085,67.9593869872697,421.6646213899076,0.0
667,4.0,3.880465576564469,-0.11953442343553089,67.79696809499342,67.95910710535945,421.6307225237284,0.0
668,4.0,3.8803180827615926,-0.11968191723840738,67.80162522624057,67.95905334765166,421.5997488251244,0.0
669,4.0,3.880171295120667,-0.11982870487933317,67.80617923553082,67.95908877645631,421.56892342053,0.0
670,4.0,3.870682048194277,-0.12931795180572303,67.81069035514601,67.95916721697579,419.5761815659881,0.0
671,4.0,3.8705778199022842,-0.12942218009771578,67.81434930115817,67.95926037474423,419.55429362466964,0.0
672,4.0,3.870573245519994,-0.12942675448000607,67.81650182876109,67.95899073213849,419.55333300438866,0.0
673,4.0,3.8706035371703975,-0.1293964628296025,67.81762246474568,67.95898725722252,419.5596942509734,0.0
674,4.0,3.8706906460162953,-0.1293093539837047,67.81807776217423,67.95905976667974,419.5779871086119,0.0
675,4.0,3.870789875110984,-0.12921012488901606,67.8180612499907,67.9591765980731,419.59882521849653,0.0
676,4.0,3.8709231965862667,-0.1290768034137333,67.81778846836545,67.95929059490197,419.6268227283059,0.0
677,4.0,3.880149195926638,-0.11985080407336213,67.81731950546333,67.95905080765576,421.56428258978383,0.0
678,4.0,3.880465986998787,-0.1195340130012128,67.8175336510754,67.95904038487129,421.6308087149352,0.0
679,4.0,3.8804932364294022,-0.11950676357059775,67.8191126214396,67.95908749322707,421.6365310953644,0.0
680,4.0,3.880459631099774,-0.11954036890022612,67.8216624254346,67.95917936917719,421.62947397614244,0.0
681,4.0,3.88036852018446,-0.11963147981553979,67.82482401246386,67.95929219568097,421.61034068392655,0.0
682,4.0,3.8802747705199154,-0.11972522948008457,67.82842715367666,67.95939465699034,421.59065325437217,0.0
683,4.0,3.8801496554810075,-0.11985034451899246,67.83229012046718,67.95911144204503,421.5643790962015,0.0
684,4.0,3.8800165357920986,-0.1199834642079014,67.83632071575646,67.95905885290533,421.5364239615306,0.0
685,4.0,3.8798653439424102,-0.12013465605758977,67.84043441686367,67.95909248585907,421.504673673096,0.0
686,4.0,3.879707736704146,-0.12029226329585407,67.84459381326238,67.9591590634085,421.47157615306054,0.0
687,4.0,3.879561646181403,-0.12043835381859713,67.84875655846062,67.95924715500219,421.4408971432845,0.0
688,4.0,3.879395014736905,-0.12060498526309482,67.85288772430427,67.95898126494718,421.40590453993997,0.0
689,4.0,3.8792384544693026,-0.1207615455306974,67.85695016461135,67.95898440948531,421.3730268837434,0.0
690,4.0,3.879066895737632,-0.12093310426236803,67.86097970654134,67.95906519439274,421.33699955009257,0.0
691,4.0,3.8789049481608395,-0.12109505183916047,67.86494943139621,67.95917628715819,421.30299055896614,0.0
692,4.0,3.878760136427449,-0.1212398635725509,67.8688303141393,67.959287980905,421.27258009495415,0.0
693,4.0,3.869279686128135,-0.1307203138718651,67.87260916845663,67.95903752294595,419.28168553209815,0.0
694,4.0,3.8691623665573087,-0.13083763344269128,67.87556774584449,67.95901816169605,419.25704842222467,0.0
695,4.0,3.869134998831671,-0.130865001168329,67.87699419829127,67.95907261517029,419.2513011998407,0.0
696,4.0,3.869185173177279,-0.13081482682272094,67.8774114833606,67.95918284291106,419.26183781241843,0.0
697,4.0,3.8692535198213784,-0.13074648017862156,67.8771494935482,67.95930072112766,419.2761906076793,0.0
698,4.0,3.869359984131527,-0.13064001586847285,67.87643024303529,67.95940143244954,419.2985481128106,0.0
699,4.0,3.869488990144095,-0.1305110098559048,67.87539170445322,67.9591138490439,419.3256393754499,0.0
700,4.0,3.8696171076893764,-0.1303828923106236,67.8742250884026,67.95906515230567,419.352544059959,0.0
701,4.0,3.8790733197019387,-0.1209266802980613,67.8729377149856,67.95909123854693,421.33834858259706,0.0
702,4.0,3.879186002274102,-0.12081399772589796,67.87238983675785,67.95916689891797,421.3620119227514,0.0
703,4.0,3.8792026291825943,-0.12079737081740571,67.87328575544197,67.95926095346583,421.36550357353474,0.0
704,4.0,3.8791564986677156,-0.12084350133228439,67.87511800052359,67.95900016044072,421.3558161654102,0.0
705,4.0,3.879096178372037,-0.1209038216279632,67.87761721662041,67.95899017566335,421.3431489033176,0.0
706,4.0,3.8789828133255955,-0.12101718667440453,67.8805427009228,67.95905489162728,421.31934224356496,0.0
707,4.0,3.8788539904400605,-0.12114600955993948,67.8837433080228,67.9591548226754,421.2922894376026,0.0
708,4.0,3.8787173261241943,-0.12128267387580571,67.88709332119885,67.95928660584089,421.2635899312707,0.0
709,4.0,3.8785627903892435,-0.12143720961075655,67.89057094686346,67.95903974002209,421.231137426931,0.0
710,4.0,3.878414664803439,-0.12158533519656078,67.89405481212232,67.95903741361626,421.20003105391214,0.0
711,4.0,3.8782556238897463,-0.12174437611025368,67.89752953150624,67.95909154614827,421.16663246203666,0.0
712,4.0,3.878103498808883,-0.12189650119111706,67.90100561718971,67.95919348052831,421.13468619505534,0.0
713,4.0,3.8779492230501833,-0.1220507769498167,67.90441870832066,67.95930482167394,421.10228828572843,0.0
714,4.0,3.877780235663313,-0.12221976433668713,67.90776654558198,67.95940024165624,421.0668009344856,0.0
715,4.0,3.8776223234577265,-0.1223776765422735,67.91106768395622,67.95912927803926,421.0336393713125,0.0
716,4.0,3.877475342374003,-0.12252465762599707,67.91427679952028,67.95908069492259,421.00277334373055,0.0
717,4.0,3.8680125982530242,-0.13198740174697576,67.91741260775765,67.95908560652566,419.015597078325,0.0
718,4.0,3.867915174543306,-0.13208482545669398,67.91971125115315,67.95914463840926,418.9951380992842,0.0
719,4.0,3.867904899711359,-0.13209510028864102,67.92047983417008,67.95925211668064,418.99298038457533,0.0
720,4.0,3.867931111050127,-0.13206888894987312,67.92023325863686,67.95899405379285,418.99848476571657,0.0
721,4.0,3.8680252691876045,-0.13197473081239552,67.91930883227064,67.95899310713443,419.01825797458685,0.0
722,4.0,3.868139974399651,-0.13186002560034904,67.91793159204727,67.95904754506986,419.0423460691166,0.0
723,4.0,3.868268869277282,-0.1317311307227178,67.91627601187757,67.95916706823745,419.0694139934192,0.0
724,4.0,3.8750946859191955,-0.12490531408080452,67.91441534505088,67.95930300261773,420.50283548822097,0.0
725,4.0,3.8778150093285904,-0.12218499067140964,67.91307118548895,67.95908611781148,421.07410340419386,0.0
726,4.0,3.877867774454024,-0.1221322255459758,67.91290816974596,67.95909925041711,421.085184080535,0.0
727,4.0,3.8778540916785738,-0.12214590832142624,67.91383482184737,67.959153969995,421.0823106976904,0.0
728,4.0,3.8777928246593216,-0.12220717534067838,67.91548706775957,67.9592339750944,421.0694446236474,0.0
729,4.0,3.877720853124491,-0.12227914687550889,67.91762832166928,67.95932066388934,421.054330601333,0.0
730,4.0,3.8776036459075054,-0.12239635409249461,67.92007569379267,67.9594076235988,421.029717085766,0.0
731,4.0,3.8774682439943344,-0.12253175600566557,67.9227175316999,67.9591953484295,421.0012826840001,0.0
732,4.0,3.877339300716767,-0.12266069928323287,67.92546644492003,67.95915265104551,420.97420459571094,0.0
733,4.0,3.87719872697745,-0.12280127302254984,67.92828515374907,67.95916516027437,420.9446841104544,0.0
734,4.0,3.877064548071848,-0.1229354519281518,67.9311168800149,67.9592352528142,420.91650654027796,0.0
735,4.0,3.8769136849391455,-0.12308631506085455,67.93391172764119,67.95931256653552,420.88482528241036,0.0
736,4.0,3.876785749231649,-0.12321425076835091,67.93669378539634,67.95915258364717,420.8579587838361,0.0
737,4.0,3.8766453505078955,-0.1233546494921045,67.9394216748121,67.95915535695487,420.8284750518479,0.0
738,4.0,3.8764948838934266,-0.12350511610657344,67.94207203641174,67.95920940080804,420.7968770628094,0.0
739,4.0,3.8763578727585357,-0.12364212724146428,67.94468957799307,67.95928362638189,420.7681047244823,0.0
740,4.0,3.8762249389574364,-0.12377506104256364,67.94723317487981,67.95936899390274,420.74018862625144,0.0
741,4.0,3.8760879550256218,-0.12391204497437824,67.94969382735005,67.95923842752768,420.7114220005704,0.0
742,4.0,3.871010852412296,-0.12898914758770408,67.95208662527709,67.95924700016589,419.64523045177197,0.0
743,4.0,3.8663724682409994,-0.13362753175900055,67.95399065750452,67.95929254256279,418.67116977579974,0.0
744,4.0,3.8663465337959364,-0.1336534662040636,67.95469799470621,67.95934169070505,418.6657235423365,0.0
745,4.0,3.8663705841344673,-0.13362941586553267,67.95412555566108,67.9593835560878,418.67077411342797,0.0
746,4.0,3.866445426581038,-0.13355457341896182,67.9527207121714,67.95942901049668,418.68649102720786,0.0
747,4.0,3.8665679707120293,-0.1334320292879707,67.95074243460661,67.95931800512876,418.712225294716,0.0
748,4.0,3.8759707679145574,-0.12402923208544259,67.94843179390467,67.95930343116825,420.68681270724693,0.0
749,4.0,3.876091578301157,-0.12390842169884309,67.94662243138532,67.9593122363871,420.71218288843284,0.0
750,4.0,3.8761278958143213,-0.12387210418567873,67.94614822508872,67.95933253822189,420.71980956619734,0.0
751,4.0,3.876116028517178,-0.12388397148282193,67.94654867899725,67.95937158527109,420.7173174337973,0.0
752,4.0,3.8760724603850885,-0.12392753961491154,67.94752654693038,67.95930704491948,420.70816812605847,0.0
753,4.0,3.87598552244307,-0.12401447755692985,67.94894032447492,67.95932721479431,420.6899111582346,0.0
754,4.0,3.8759075386502,-0.12409246134979979,67.95056788780597,67.959351649868,420.6735345617319,0.0
755,4.0,3.87580376705051,-0.1241962329494899,67.95238765376092,67.95938872044023,420.651742525797,0.0
756,4.0,3.8756910960608053,-0.12430890393919469,67.95427054130563,67.95942914025296,420.62808161795897,0.0
757,4.0,3.875583164712902,-0.1244168352870978,67.95621438379136,67.95938647021832,420.6054160348993,0.0
758,4.0,3.875459266456077,-0.12454073354392303,67.9581796428058,67.95938261591351,420.579397400966,0.0
759,4.0,3.8753646299459494,-0.12463537005405056,67.9601147016807,67.95939205035312,420.5595237338392,0.0
760,4.0,3.875237033718495,-0.12476296628150507,67.96200772878505,67.9594085754287,420.53272852607375,0.0
761,4.0,3.8751280957602074,-0.12487190423979255,67.96390144967853,67.9594290896076,420.5098515548334,0.0
762,4.0,3.8750283252646707,-0.12497167473532933,67.96571245187965,67.95945559989262,420.48889975077066,0.0
763,4.0,3.874921694293581,-0.1250783057064191,67.96749769055582,67.95939617640664,420.4665072468418,0.0
764,4.0,3.8748250417506926,-0.12517495824930736,67.96921520350216,67.95939750011794,420.44621021283524,0.0
765,4.0,3.874717115891798,-0.1252828841082021,67.97088689432519,67.95940939878435,420.42354578246733,0.0
766,4.0,3.8746132912863396,-0.12538670871366042,67.97252040089742,67.95943774778272,420.4017426153211,0.0
767,4.0,3.8745072344240095,-0.12549276557599054,67.97408505257403,67.95946327869592,420.37947067423175,0.0
768,4.0,3.874432862218887,-0.12556713778111295,67.97556708318561,67.95944295666024,420.36385251115604,0.0
769,4.0,3.8743219772928406,-0.12567802270715944,67.97702164935367,67.9594375303488,420.34056667668625,0.0
770,4.0,3.8742293479537153,-0.12577065204628468,67.97841828682658,67.95943648113536,420.32111451546996,0.0
771,4.0,3.88095865200644,-0.11904134799355992,67.97977246157835,67.95943808012065,421.73426836654215,0.0
772,4.0,3.8833147759622864,-0.11668522403771364,67.98163323347971,67.95945724474956,422.22905439726986,0.0
773,4.0,3.8831426565377454,-0.11685734346225463,67.98471635084779,67.95945372031035,422.1929093181163,0.0
774,4.0,3.882898625232465,-0.11710137476753513,67.98879362849836,67.95946432938017,422.14166274400736,0.0
775,4.0,3.882602928779999,-0.11739707122000098,67.9935566710757,67.95945918320271,422.07956648898954,0.0
776,4.0,3.8822729151640334,-0.11772708483596661,67.99867101934798,67.95945705857483,422.01026362963677,0.0
777,4.0,3.881944408046377,-0.11805559195362303,68.00401986271403,67.9594609024624,421.9412771349289,0.0
778,4.0,3.881609376661954,-0.11839062333804584,68.00944898542102,67.95946581639383,421.8709205442001,0.0
779,4.0,3.881252403373973,-0.11874759662602719,68.01485886489351,67.95945554429326,421.79595615372403,0.0
780,4.0,3.880903083083735,-0.119096916916265,68.02024884088692,67.95945418987522,421.7225988927741,0.0
781,4.0,3.880554793074619,-0.11944520692538108,68.0254779586052,67.95945669718137,421.64945799085973,0.0
782,4.0,3.8802307786578973,-0.11976922134210266,68.0306186236589,67.95946031833591,421.5814149633482,0.0
783,4.0,3.879875835164066,-0.12012416483593391,68.03560168014663,67.95946672722798,421.50687682964366,0.0
784,4.0,3.8795363298428542,-0.12046367015714576,68.04044320763568,67.95948605318789,421.43558071218916,0.0
785,4.0,3.879215566591088,-0.12078443340891187,68.04509666306747,67.95950414611835,421.3682204293183,0.0
786,4.0,3.8788883792924613,-0.12111162070753867,68.04959009141153,67.95950037944178,421.29951109660664,0.0
787,4.0,3.8785749937679896,-0.12142500623201036,68.05390053149593,67.95949682003865,421.2337001364676,0.0
788,4.0,3.8782894468878863,-0.12171055311211365,68.05804536974551,67.9594862629196,421.17373529164587,0.0
789,4.0,3.8779967753735938,-0.12200322462640623,68.06202370971604,67.95948198031171,421.1122742736444,0.0
790,4.0,3.877704330201968,-0.12229566979803197,68.06582691418588,67.95946902357295,421.05086078760297,0.0
791,4.0,3.877408095146047,-0.122591904853953,68.06947586447602,67.95946890658666,420.98865142585953,0.0
792,4.0,3.8771136830371655,-0.12288631696283447,68.07295876794734,67.95946921404085,420.9268248829944,0.0
793,4.0,3.876846344901474,-0.12315365509852594,68.07628559429543,67.95947810249005,420.8706838744992,0.0
794,4.0,3.8765742321342787,-0.12342576786572135,68.07944875297315,67.9594794241747,420.8135401933882,0.0
795,4.0,3.8855810912315683,-0.11441890876843175,68.08246898637087,67.95948221798919,422.70498060381897,0.0
796,4.0,3.885280720072417,-0.1147192799275829,68.0860916166915,67.95948293552745,422.64190266039725,0.0
797,4.0,3.8848962935755806,-0.11510370642441936,68.09101536626446,67.95948434502105,422.56117309606157,0.0
798,4.0,3.884464901713386,-0.1155350982866139,68.09672871805967,67.9594855210433,422.47058080500074,0.0
799,4.0,3.884007645208573,-0.11599235479142722,68.10291475110004,67.95948735607605,422.37455693898994,0.0
800,4.0,3.8835240991603506,-0.11647590083964943,68.10933721023254,67.95948871136076,422.2730122688633,0.0
801,4.0,3.8830412317216982,-0.11695876827830176,68.11581169807978,67.95948373659687,422.1716101067463,0.0
802,4.0,3.88254941022308,-0.11745058977692002,68.12227644846641,67.95948024416005,422.06832759203644,0.0
803,4.0,3.8820612337340763,-0.1179387662659237,68.12863641796278,67.95948421994993,421.9658105293457,0.0
804,4.0,3.8815667071018742,-0.11843329289812576,68.13481933985811,67.95948179055647,421.8619599365832,0.0
805,4.0,3.8810995759964957,-0.11890042400350431,68.14083069175902,67.9594829343195,421.76386240445373,0.0
806,4.0,3.8806234526471686,-0.11937654735283143,68.14662097644089,67.95947639681661,421.66387650109505,0.0
807,4.0,3.8801708257176823,-0.11982917428231765,68.15218137118148,67.9594775865599,421.56882484590295,0.0
808,4.0,3.879746176352136,-0.12025382364786408,68.15752057804058,67.95947762496787,421.4796484791382,0.0
809,4.0,3.879330864851928,-0.1206691351480722,68.162624309836,67.95947348995526,421.39243306409446,0.0
810,4.0,3.8789189815834355,-0.12108101841656449,68.16750160341519,67.95948243626091,421.30593757771106,0.0
811,4.0,3.8785145091110755,-0.12148549088892446,68.17214699164943,67.95948286886707,421.2209983585155,0.0
812,4.0,3.8781192296442897,-0.12188077035571032,68.17656888213307,67.95948251585718,421.13798967049047,0.0
813,4.0,3.8777464013192966,-0.1222535986807034,68.18077753873733,67.9594824555639,421.05969572224194,0.0
814,4.0,3.8773758881588813,-0.12262411184111865,68.18477274328704,67.95947954945426,420.98188795855475,0.0
815,4.0,3.8770165745775786,-0.12298342542242136,68.18856642063156,67.9594814375123,420.9064321064812,0.0
816,4.0,3.8766667760137894,-0.1233332239862106,68.19212257860251,67.95947734615457,420.8329744080854,0.0
817,4.0,3.876310574397214,-0.12368942560278606,68.19553163265161,67.95947821972139,420.75817206860455,0.0
818,4.0,3.8759556290345287,-0.12404437096547127,68.19873851075846,67.95948211935591,420.68363354244065,0.0
819,4.0,3.8755977035965605,-0.12440229640343947,68.20173266173003,67.95948270942377,420.6084692004673,0.0
820,4.0,3.8814141274383296,-0.11858587256167041,68.20456458151209,67.95948167216086,421.8299182072388,0.0
821,4.0,3.8842975618779247,-0.11570243812207526,68.20769908252396,67.95947908081396,422.43543943955376,0.0
822,4.0,3.8838844963121595,-0.11611550368784052,68.21187464263433,67.95948232708079,422.34869567074304,0.0
823,4.0,3.883409700123047,-0.11659029987695302,68.21700720614601,67.95948095559467,422.2489884710294,0.0
824,4.0,3.882911546358836,-0.11708845364116405,68.22270415739287,67.9594769485371,422.14437618054507,0.0
825,4.0,3.882377214962674,-0.11762278503732615,68.22867600539914,67.95947702813206,422.032166587351,0.0
826,4.0,3.881842463936515,-0.11815753606348478,68.23475349790523,67.95947781818037,421.9198688718577,0.0
827,4.0,3.8812865411807267,-0.11871345881927331,68.24080950877246,67.95948057824766,421.8031250931421,0.0
828,4.0,3.880735788459097,-0.11926421154090283,68.24679402785517,67.95948546538482,421.6874670215999,0.0
829,4.0,3.880202213255563,-0.11979778674443686,68.25256701621205,67.95947893465313,421.57541622885776,0.0
830,4.0,3.8796563039507697,-0.12034369604923034,68.25815595408869,67.95948429361333,421.46077527485113,0.0
831,4.0,3.8791309643287826,-0.12086903567121743,68.26348803705109,67.95948028114746,421.35045395423384,0.0
832,4.0,3.87863395343363,-0.12136604656636996,68.26859203319572,67.9594744581039,421.2460816662518,0.0
833,4.0,3.8781565329613383,-0.12184346703866167,68.27344806397079,67.95947669066439,421.1458233670706,0.0
834,4.0,3.877683313595234,-0.122316686404766,68.27800997208001,67.95947514902223,421.0464473001887,0.0
835,4.0,3.8772349126524004,-0.12276508734759961,68.28232629169511,67.95947421987476,420.95228310219363,0.0
836,4.0,3.8767755339803656,-0.12322446601963444,68.28639683723216,67.95947457194698,420.85581358106634,0.0
837,4.0,3.876335972365491,-0.12366402763450912,68.29020956532248,67.95947657869303,420.7635056419427,0.0
838,4.0,3.875910012949172,-0.12408998705082785,68.29378880047173,67.95947778598602,420.6740541645157,0.0
839,4.0,3.875486772872603,-0.12451322712739721,68.29710120076378,67.95947777143971,420.58517374843615,0.0
840,4.0,3.8750920123825665,-0.12490798761743349,68.30018523755544,67.95947892736301,420.5022740455285,0.0
841,4.0,3.8746957895210636,-0.12530421047893636,68.30303340662036,67.95947906142248,420.4190672446129,0.0
842,4.0,3.874317511201958,-0.1256824887980419,68.30566858168784,67.95947705338293,420.33962879760077,0.0
843,4.0,3.873938744292468,-0.12606125570753202,68.30808600994361,67.9594812664989,420.26008774660784,0.0
844,4.0,3.873577736487372,-0.12642226351262797,68.31028290656887,67.95948255806704,420.1842761075377,0.0
845,4.0,3.8732944863269094,-0.12670551367309058,68.3122487077474,67.97927531953675,420.1247935738406,0.0
846,4.0,3.8731205903656214,-0.1268794096343786,68.31402871371654,67.93669518988831,420.0882754219701,0.0
847,4.0,3.873025704339659,-0.1269742956603408,68.31562789122313,67.92430594841457,420.068349356518,0.0
848,4.0,3.8727169255414915,-0.1272830744585085,68.31709436190383,67.92545057791627,420.0035058089028,0.0
849,4.0,3.8720810742358065,-0.1279189257641935,68.31843559385788,67.97920498597547,419.86997703470894,0.0
850,4.0,3.8631874987452828,-0.13681250125471722,68.3196047773837,68.02260261981168,418.00232618169895,0.0
851,4.0,3.8628258893786236,-0.1371741106213764,68.31985545333099,68.01933490337807,417.9263882147005,0.0
852,4.0,3.8626597567706273,-0.13734024322937266,68.31857474352957,67.99870776103742,417.8915003670213,0.0
853,4.0,3.862539202692939,-0.13746079730706118,68.31621522505655,67.97222602954736,417.8661840107067,0.0
854,4.0,3.862492213810909,-0.13750778618909099,68.31310999016809,67.94825817982432,417.8563163454805,0.0
855,4.0,3.8623957022086426,-0.1376042977913574,68.30950720628043,67.93214606584507,417.83604890900455,0.0
856,4.0,3.862328589653175,-0.13767141034682506,68.30553676196573,67.92609621437691,417.8219552723563,0.0
857,4.0,3.862293395073779,-0.13770660492622122,68.30131640961838,67.92949562601248,417.81456441068315,0.0
858,4.0,3.862274821213376,-0.13772517878662383,68.29689407660044,67.93969215621813,417.8106638999986,0.0
859,4.0,3.862282064882526,-0.137717935117474,68.2923400953722,67.95301997143497,417.81218507052006,0.0
860,4.0,3.8622947999702464,-0.13770520002975362,68.28770059532657,67.96581502198045,417.8148594389413,0.0
861,4.0,3.8623182928749373,-0.13768170712506267,68.28299982624677,67.97528619997787,417.8197929489264,0.0
862,4.0,3.8623342270987715,-0.1376657729012285,68.27825673449327,67.97994706799882,417.82313913593157,0.0
863,4.0,3.8623879002595984,-0.13761209974040156,68.27348125494882,67.9796727796039,417.8344104997052,0.0
864,4.0,3.8624166734879264,-0.1375833265120736,68.26870335502372,67.97551294561018,417.84045287765406,0.0
865,4.0,3.86245287510722,-0.1375471248927802,68.26392490318827,67.96917275521024,417.8480552177057,0.0
866,4.0,3.8624813848213915,-0.13751861517860853,68.25914647854779,67.9625168306877,417.8540422576817,0.0
867,4.0,3.8625070377045123,-0.1374929622954877,68.25437505337979,67.95710972197826,417.8594293631371,0.0
868,4.0,3.862560290245543,-0.13743970975445707,68.2496208842094,67.95392745946046,417.87061239675353,0.0
869,4.0,3.862630599886547,-0.1373694001134531,68.24488190567953,67.95324873099408,417.88537742136435,0.0
870,4.0,3.862695228183855,-0.1373047718161451,68.24015280959867,67.95472909924239,417.89894936379903,0.0
871,4.0,3.862755800767426,-0.13724419923257392,68.23545285325535,67.95760437162323,417.911669606349,0.0
872,4.0,3.8628103006440613,-0.13718969935593872,68.2307678754056,67.96094630296494,417.92311458044236,0.0
873,4.0,3.8628711375365707,-0.13712886246342926,68.22610797681135,67.96390432599011,417.93589032786934,0.0
874,4.0,3.86293347041477,-0.1370665295852298,68.22147157575341,67.96588730965615,417.9489802322912,0.0
875,4.0,3.863006901707233,-0.13699309829276718,68.21686685611803,67.96663701969017,417.9644008037084,0.0
876,4.0,3.863007582212185,-0.1369924177878148,68.21228669128793,67.97951235066347,417.9645437097484,0.0
877,4.0,3.86305484434175,-0.13694515565825016,68.20773013810026,67.97584119909152,417.974468756957,0.0
878,4.0,3.8631264374478453,-0.13687356255215466,68.20319560347197,67.96649454697146,417.989503309237,0.0
879,4.0,3.863305563253989,-0.13669443674601078,68.19869139698528,67.94980842934588,418.0271197285272,0.0
880,4.0,3.863456222926858,-0.13654377707314191,68.1942208635396,67.93812201390476,418.0587582598297,0.0
881,4.0,3.86355225887025,-0.13644774112975,68.18980303653208,67.93957623686326,418.07892580794197,0.0
882,4.0,3.8634973274516966,-0.1365026725483034,68.18543899337409,67.96045402621183,418.06739021004574,0.0
883,4.0,3.8635519296490752,-0.13644807035092477,68.18112881196237,67.9657456424073,418.07885667149526,0.0
884,4.0,3.8636385547612684,-0.13636144523873162,68.17683838238692,67.96700108182779,418.0970479450558,0.0
885,4.0,3.863826272649783,-0.13617372735021682,68.17257358606695,67.95460908970435,418.13646870164393,0.0
886,4.0,3.8639611132645357,-0.13603888673546427,68.16834998970447,67.95214241078887,418.164785230742,0.0
887,4.0,3.864012879782206,-0.13598712021779402,68.16418477302742,67.95537048027107,418.17565619945276,0.0
888,4.0,3.864071897618151,-0.13592810238184905,68.16006945882499,67.95973889596506,418.1880499450012,0.0
889,4.0,3.8641664897536137,-0.13583351024638635,68.15599494838635,67.96334051875648,418.20791429344837,0.0
890,4.0,3.864257029305754,-0.1357429706942459,68.15196368012515,67.9653542663656,418.22692759939787,0.0
891,4.0,3.8643628428098835,-0.1356371571901165,68.14796886599878,67.96561323553759,418.24914843526506,0.0
892,4.0,3.864465774466169,-0.135534225533831,68.1440250876395,67.96439883742329,418.270764083085,0.0
893,4.0,3.864535162821192,-0.13546483717880786,68.14012926327547,67.96228572699547,418.28533563763983,0.0
894,4.0,3.8646093286232452,-0.13539067137675476,68.13627727469272,67.9599354367606,418.300910456071,0.0
895,4.0,3.8647020615352967,-0.13529793846470328,68.13247832267535,67.95793435625473,418.32038436760183,0.0
896,4.0,3.8647950005618465,-0.13520499943815345,68.12871145292075,67.95666835984811,418.3399015631773,0.0
897,4.0,3.8648932943036995,-0.13510670569630046,68.12498895541093,67.95627854388319,418.36054324896645,0.0
898,4.0,3.8649814154160107,-0.1350185845839893,68.12130736901835,67.9566820118061,418.3790486825518,0.0
899,4.0,3.865066364733369,-0.13493363526663105,68.11768184996646,67.95763183707763,418.39688803919705,0.0
900,4.0,3.865161655153512,-0.13483834484648805,68.11411230438036,67.95881469374876,418.41689902742706,0.0
901,4.0,3.865245809481443,-0.13475419051855697,68.11059349715993,67.95990666666559,418.4345714362926,0.0
902,4.0,3.8653227669196477,-0.1346772330803523,68.10711993698064,67.96067853390656,418.4507324983156,0.0
903,4.0,3.8654042503491177,-0.13459574965088228,68.10369111985231,67.96102228686303,418.46784401850425,0.0
904,4.0,3.865481114628865,-0.134518885371135,68.10030119288152,67.96095123325871,418.4839855172512,0.0
905,4.0,3.8655815337446566,-0.13441846625534337,68.096951187989,67.96056417968467,418.50507353156746,0.0
906,4.0,3.8656785942549,-0.1343214057451001,68.09365341365073,67.96000166326391,418.52545623871856,0.0
907,4.0,3.8657736228209916,-0.13422637717900843,68.09039159484963,67.95943721943964,418.5454122375978,0.0
908,4.0,3.8658669926985803,-0.13413300730141975,68.08717335926345,67.95899439507865,418.56501991189145,0.0
909,4.0,3.865953923928843,-0.13404607607115704,68.08400828263349,67.9587450384415,418.58327547024663,0.0
910,4.0,3.8660408256213254,-0.13395917437867455,68.08088649477735,67.95871183162004,418.601524825668,0.0
911,4.0,3.866125500524501,-0.1338744994754988,68.07781116253578,67.95885834977038,418.6193065553349,0.0
912,4.0,3.8662081498105096,-0.13379185018949036,68.07477518334109,67.95911413676434,418.6366629053967,0.0
913,4.0,3.866292768210063,-0.13370723178993682,68.0717863598596,67.95940804770312,418.65443276930296,0.0
914,4.0,3.8663682927894243,-0.1336317072105757,68.06884055483283,67.95965751437572,418.6702929309688,0.0
915,4.0,3.8664649493815006,-0.13353505061849935,68.0659384140054,67.95981892081714,418.69059081530486,0.0
916,4.0,3.866576809691814,-0.13342319030818617,68.06307778612022,67.95987178259907,418.7140814804706,0.0
917,4.0,3.8667011608402957,-0.1332988391597043,68.06026383344408,67.95982163742794,418.7401952216518,0.0
918,4.0,3.866827504913079,-0.13317249508692086,68.05750022082944,67.95970139796296,418.7667274769363,0.0
919,4.0,3.866932704156105,-0.1330672958438952,68.05479639928849,67.95956051842823,418.7888193179717,0.0
920,4.0,3.8670596282407623,-0.13294037175923767,68.0521507689385,67.95942868156433,418.8154733757498,0.0
921,4.0,3.8671778070226,-0.13282219297739983,68.04958107538502,67.95932799823497,418.84029091993574,0.0
922,4.0,3.8672827894352624,-0.13271721056473762,68.04706618396361,67.95928247759741,418.86233722659483,0.0
923,4.0,3.8674547625197593,-0.13254523748024072,68.04205895597545,67.95928920850073,418.89845157433916,0.0
924,4.0,3.8674691789472706,-0.1325308210527294,68.03738092788312,67.95934047888153,418.90147902411655,0.0
925,4.0,3.8685483380044046,-0.13145166199559544,68.0130978854037,67.95940677999627,419.1281024261147,0.0
926,4.0,3.8681345508534415,-0.1318654491465585,68.01792378733367,67.95948343558928,419.04120712441244,0.0
927,4.0,3.876171914609941,-0.12382808539005907,68.02421894582668,67.959548905254,420.72905351327734,0.0
928,4.0,3.874899835171014,-0.12510016482898578,68.0503784944852,67.95957900432873,420.4619168311027,0.0
929,4.0,3.8744119874683056,-0.12558801253169438,68.06186410233126,67.95958571974103,420.3594688135339,0.0
930,4.0,3.874103004642769,-0.12589699535723087,68.06902673413076,67.9595668527955,420.29458242017125,0.0
931,4.0,3.873932610659111,-0.1260673893408888,68.07278666518621,67.95953485464749,420.2587996836031,0.0
932,4.0,3.873849639730225,-0.12615036026977489,68.07411393954058,67.9594908513665,420.241375788537,0.0
933,4.0,3.873803429551028,-0.1261965704489718,68.0739284937366,67.95945797068676,420.2316716509057,0.0
934,4.0,3.8737532942682495,-0.12624670573175045,68.07307818033448,67.95943617168636,420.22114324152216,0.0
935,4.0,3.8736869932371416,-0.1263130067628584,68.07224736639687,67.95942998803204,420.2072200249895,0.0
936,4.0,3.8736034137177007,-0.12639658628229933,68.07193730833968,67.95943549122964,420.1896683259069,0.0
937,4.0,3.873449833485143,-0.12655016651485695,68.07241424817406,67.95945166504357,420.1574164770698,0.0
938,4.0,3.873259495765816,-0.12674050423418404,68.07376238568907,67.95946682770914,420.1174455560111,0.0
939,4.0,3.8730328210853155,-0.12696717891468445,68.07588496530224,67.95948489854378,420.069843873106,0.0
940,4.0,3.8727688513817693,-0.1272311486182307,68.07861285838767,67.95949492102478,420.01441023536125,0.0
941,4.0,3.8724964166319977,-0.12750358336800227,68.08172311224051,67.959503979511,419.9571989379092,0.0
942,4.0,3.87220635964536,-0.12779364035464003,68.08500711321307,67.95950742770091,419.89628697071527,0.0
943,4.0,3.871928134759064,-0.12807186524093606,68.08830343828626,67.95949999358955,419.8378597445931,0.0
944,4.0,3.8716571492183194,-0.12834285078168062,68.09148178491057,67.95949553839722,419.7809527810368,0.0
945,4.0,3.8713966619987725,-0.12860333800122747,68.0944741460728,67.9594831987207,419.7262504649319,0.0
946,4.0,3.871133228125207,-0.1288667718747929,68.09724913353456,67.95947408082161,419.6709293514832,0.0
947,4.0,3.870886125749878,-0.12911387425012189,68.09978152744927,67.9594688939365,419.6190378526641,0.0
948,4.0,3.870633573670227,-0.1293664263297729,68.10208903844571,67.95945882244374,419.5660019159374,0.0
949,4.0,3.8704010027749876,-0.12959899722501245,68.10418541084915,67.95946378858011,419.5171620279371,0.0
950,4.0,3.870183863643841,-0.12981613635615918,68.10609563315096,67.95947623279069,419.4715628103963,0.0
951,4.0,3.8699639480020727,-0.13003605199792734,68.10783314719913,67.95947886847587,419.425380525625,0.0
952,4.0,3.869760130869021,-0.13023986913097918,68.10943301731861,67.95948149577387,419.3825789276841,0.0
953,4.0,3.869556178092024,-0.130443821907976,68.11088283815623,67.95948655912257,419.33974884451476,0.0
954,4.0,3.8691103072641737,-0.1308896927358263,68.11839997421784,67.95941305505217,419.2461159706662,0.0
955,4.0,3.86878373833687,-0.13121626166313005,68.12281525812766,67.95939397155894,419.17753649593243,0.0
956,4.0,3.868623462494622,-0.13137653750537792,68.12431880726474,67.95939300877417,419.14387856906035,0.0
957,4.0,3.8687721793809358,-0.13122782061906424,68.11895895500969,67.95940922372216,419.1751091151862,0.0
958,4.0,3.8689590826821223,-0.1310409173178777,68.11255708992796,67.95943102452104,419.2143588084354,0.0
959,4.0,3.8687750671636127,-0.13122493283638725,68.11398681140169,67.95915070635708,419.1757155495484,0.0
960,4.0,3.8686283507612185,-0.13137164923878153,68.11530561168408,67.95910566457846,419.1449051050456,0.0
961,4.0,3.868551018444797,-0.13144898155520313,68.1153588819308,67.9591380624089,419.1286653185971,0.0
962,4.0,3.8686076078778404,-0.13139239212215958,68.11192199025794,67.95921651532402,419.1405490995362,0.0
963,4.0,3.8688415458500565,-0.13115845414994354,68.10450186523265,67.95930227336656,419.18967607370155,0.0
964,4.0,3.8689547078456834,-0.1310452921543166,68.09966984017868,67.95887716371428,419.21344009278323,0.0
965,4.0,3.868963323484987,-0.13103667651501283,68.09700114801406,67.9588303277272,419.215249377037,0.0
966,4.0,3.8689108888903645,-0.1310891111096355,68.0957747981224,67.95888495881303,419.20423811216625,0.0
967,4.0,3.8688122442477497,-0.13118775575225028,68.09537151460032,67.95902855406223,419.1835227372172,0.0
968,4.0,3.8687255368486575,-0.1312744631513425,68.09532072971501,67.9591878870906,419.1653141834078,0.0
969,4.0,3.8686271393077893,-0.13137286069221066,68.09525473553143,67.95865066522875,419.1446506998255,0.0
970,4.0,3.8685144566153378,-0.13148554338466223,68.09500177622039,67.95860646051115,419.12098733441064,0.0
971,4.0,3.868482239594584,-0.13151776040541607,68.09444176824957,67.95870291248907,419.1142217600523,0.0
972,4.0,3.8684456762784856,-0.13155432372151443,68.09355977071716,67.95887087789052,419.10654346367164,0.0
973,4.0,3.868431157218958,-0.13156884278104197,68.09239090520846,67.95909947890613,419.10349446117084,0.0
974,4.0,3.868407158516927,-0.13159284148307293,68.09099483855717,67.95930066937692,419.09845473374435,0.0
975,4.0,3.868380495116031,-0.131619504883969,68.08942821746355,67.95878562896661,419.09285541955614,0.0
976,4.0,3.8683590624051294,-0.1316409375948706,68.08774465779129,67.95870512401653,419.0883545502668,0.0
977,4.0,3.868349974985799,-0.13165002501420098,68.08599467037524,67.95875488648292,419.0864461922074,0.0
978,4.0,3.8683273969228105,-0.13167260307718953,68.08421230909809,67.95889122348684,419.0817047989798,0.0
979,4.0,3.8585885338951513,-0.14141146610484867,68.08242239603143,67.95907463548193,417.0365435631714,0.0
980,4.0,3.8586143669355804,-0.14138563306441965,68.07982847809012,67.95888358066021,417.0419685016615,0.0
981,4.0,3.8587393194120017,-0.14126068058799834,68.07574817003648,67.95893975386676,417.06820852170995,0.0
982,4.0,3.858943987715139,-0.14105601228486098,68.07070389002,67.95904617355214,417.1111888653688,0.0
983,4.0,3.859172151184032,-0.140827848815968,68.06504202722684,67.95919250786368,417.1591031938363,0.0
984,4.0,3.8594343130372275,-0.1405656869627725,68.05899611829355,67.95932035219559,417.21415718300733,0.0
985,4.0,3.8597260505188693,-0.1402739494811307,68.0527417811247,67.95943958442497,417.2754220541521,0.0
986,4.0,3.860024605998544,-0.1399753940014561,68.04640110716177,67.95943135551349,417.33811870488375,0.0
987,4.0,3.8603303946558842,-0.13966960534411577,68.04004687480962,67.9594427928769,417.40233432292524,0.0
988,4.0,3.8606388407374146,-0.1393611592625854,68.0337366371724,67.95944102318624,417.4671080000466,0.0
989,4.0,3.8609267647574583,-0.13907323524254167,68.02750444373784,67.95944284447538,417.5275720442558,0.0
990,4.0,3.86121808177169,-0.1387819182283101,68.02136456358089,67.95943292245269,417.58874861724445,0.0
991,4.0,3.8615020855623374,-0.13849791443766257,68.01534197525825,67.9594444955996,417.6483894132804,0.0
992,4.0,3.861793745897031,-0.13820625410296916,68.0094494749565,67.95945657547578,417.70963808356606,0.0
993,4.0,3.8620607016661435,-0.13793929833385654,68.0037092860788,67.95945484384009,417.7656987950797,0.0
994,4.0,3.862326690970123,-0.13767330902987718,67.99810246292614,67.95945122833366,417.82155654891534,0.0
995,4.0,3.8625990302402204,-0.13740096975977956,67.9926352874118,67.95946495684382,417.87874779563583,0.0
996,4.0,3.862883272204305,-0.13711672779569506,67.98731490339277,67.95949371557728,417.9384386080936,0.0
997,4.0,3.8631871136267923,-0.13681288637320765,67.98213474641217,67.95950983586924,418.00224530681595,0.0
998,4.0,3.863491828902506,-0.13650817109749402,67.97709998302714,67.9595217389496,418.0662355147158,0.0
999,4.0,3.8637672838026718,-0.13623271619732824,67.97222178511916,67.95952720421424,418.1240810437506,0.0
1000,4.0,3.864033128186116,-0.135966871813884,67.96750977518309,67.95951597941725,418.1799083642739,0.0
1001,4.0,3.864296003772817,-0.13570399622718288,67.9629483562173,67.95950127396164,418.23511223748113,0.0
1002,4.0,3.8645558718706443,-0.1354441281293557,67.95853283705131,67.95948596190968,418.28968453802486,0.0
1003,4.0,3.8648019212950704,-0.13519807870492961,67.95426849639497,67.95947074875862,418.3413549171543,0.0
1004,4.0,3.865045671855463,-0.1349543281445369,67.95013749490344,67.95946941949921,418.39254253483676,0.0
1005,4.0,3.8652758493315593,-0.13472415066844068,67.94614435234433,67.95946551769234,418.440879804817,0.0
1006,4.0,3.865499835083752,-0.13450016491624783,67.94228360695054,67.95946893144429,418.4879168127775,0.0
1007,4.0,3.8657202554110595,-0.13427974458894054,67.93854991452433,67.95947580846844,418.534205081512,0.0
1008,4.0,3.8659287224060757,-0.13407127759392434,67.93495210206909,67.95948847443056,418.57798315046546,0.0
1009,4.0,3.866135318312594,-0.13386468168740606,67.93146925262548,67.95949401701131,418.6213682908343,0.0
1010,4.0,3.866330017578122,-0.1336699824218779,67.92811054263876,67.95949356834005,418.6622551365952,0.0
1011,4.0,3.8665180160303083,-0.1334819839696917,67.92486811104597,67.95949951806583,418.70173481155433,0.0
1012,4.0,3.866731206982633,-0.13326879301736705,67.92172863599905,67.95945753327813,418.7465049115425,0.0
1013,4.0,3.8669248567184376,-0.13307514328156245,67.91870366479773,67.95944757113652,418.7871713560615,0.0
1014,4.0,3.8671440026571093,-0.13285599734289066,67.91578165865846,67.95944553346786,418.83319200318255,0.0
1015,4.0,3.867335105479812,-0.13266489452018781,67.91297603250742,67.95944991548322,418.8733235959501,0.0
1016,4.0,3.8675239207773733,-0.13247607922262672,67.91028541783935,67.95945490795448,418.912974808438,0.0
1017,4.0,3.86771072153477,-0.1322892784652301,67.90770500007575,67.95935695484171,418.95220296749125,0.0
1018,4.0,3.867891224263684,-0.1321087757363162,67.90523184994781,67.95932756859969,418.99010854056314,0.0
1019,4.0,3.868069216648973,-0.13193078335102681,67.90286690482796,67.95933103694968,419.0274869414739,0.0
1020,4.0,3.8682695014781125,-0.13173049852188745,67.90059369311453,67.95936861705212,419.0695467555932,0.0
1021,4.0,3.8684491206183775,-0.13155087938162247,67.89842073883818,67.95942644631617,419.10726677504886,0.0
1022,4.0,3.868640244527246,-0.13135975547275391,67.89634780610102,67.95947074390742,419.14740279591126,0.0
1023,4.0,3.8688133859232057,-0.13118661407679433,67.8943918754093,67.95943558884446,419.18376248906276,0.0
1024,4.0,3.8689772125051967,-0.13102278749480334,67.89253923383541,67.95943184061821,419.21816607128085,0.0
1025,4.0,3.869139518887345,-0.1308604811126548,67.89078086121361,67.9594331753803,419.25225041153203,0.0
1026,4.0,3.8693083957691843,-0.13069160423081572,67.88911320629691,67.9594292817786,419.28771455671824,0.0
1027,4.0,3.8694491843864114,-0.1305508156135886,67.887537446874,67.9594455342157,419.31728016633593,0.0
1028,4.0,3.869564836740085,-0.13043516325991522,67.88605143527334,67.95944861121086,419.3415671606073,0.0
1029,4.0,3.8696736222522774,-0.1303263777477226,67.88464338925294,67.95944480422148,419.36441211816776,0.0
1030,4.0,3.869794847033425,-0.1302051529665751,67.88330466325111,67.95944869921597,419.38986932220877,0.0
1031,4.0,3.869943954823576,-0.1300560451764241,67.88203406175025,67.9594542976063,419.4211819581405,0.0
1032,4.0,3.8700867684069022,-0.12991323159309776,67.88081363354439,67.95946718667153,419.45117281063904,0.0
1033,4.0,3.8702139548849566,-0.12978604511504344,67.87966512235931,67.95946684375971,419.47788197103046,0.0
1034,4.0,3.8703225185042975,-0.12967748149570246,67.87858679782477,67.95946528944184,419.50068033109204,0.0
1035,4.0,3.8704331797887597,-0.12956682021124033,67.87758512084689,67.95946539220579,419.5239192008291,0.0
1036,4.0,3.8705281011427637,-0.1294718988572363,67.87665027572139,67.959472774777,419.54385268516995,0.0
1037,4.0,3.8706520973295335,-0.12934790267046647,67.8757606541207,67.95947886496438,419.5698918843916,0.0
1038,4.0,3.8707938341201333,-0.12920616587986666,67.87491279286245,67.95950197680617,419.5996566104176,0.0
1039,4.0,3.8708984115350047,-0.1291015884649953,67.87412919143823,67.95951652264563,419.6216178675406,0.0
1040,4.0,3.871030122760094,-0.12896987723990616,67.87340867067684,67.95952438249444,419.6492772248093,0.0
1041,4.0,3.871120888384546,-0.12887911161545418,67.87271389018373,67.95952502489806,419.6683380059442,0.0
1042,4.0,3.8712034961653576,-0.12879650383464236,67.87205441610064,67.95951487452174,419.68568563991465,0.0
1043,4.0,3.871283339115711,-0.1287166608842889,67.87143058395948,67.95950488055377,419.70245265948887,0.0
1044,4.0,3.8713661288071988,-0.12863387119280123,67.87083847842432,67.9594962145301,419.71983849470126,0.0
1045,4.0,3.8714476108599167,-0.12855238914008327,67.87021522715607,67.95948500420131,419.73694972577204,0.0
1046,4.0,3.871525227618753,-0.12847477238124716,67.8696065551119,67.95946518916485,419.7532492451276,0.0
1047,4.0,3.871619021042374,-0.128380978957626,67.86899543798938,67.95945406082217,419.77294586408806,0.0
1048,4.0,3.871722686390842,-0.12827731360915795,67.86838953864331,67.95944977448637,419.79471558726635,0.0
1049,4.0,3.871828376034701,-0.12817162396529902,67.86779252464893,67.95945251911553,419.8169104124767,0.0
1050,4.0,3.8719365321283954,-0.1280634678716046,67.86716738520164,67.95946249467133,419.83962319215254,0.0
1051,4.0,3.8720437069857248,-0.12795629301427525,67.8666002659701,67.95947405896915,419.86212991219173,0.0
1052,4.0,3.8721529544597635,-0.12784704554023651,67.86604207094493,67.95948318357512,419.88507188173986,0.0
1053,4.0,3.8722638236915907,-0.12773617630840928,67.86551754782833,67.95949148563321,419.90835442042356,0.0
1054,4.0,3.8723665469823256,-0.12763345301767437,67.86503297086507,67.95949352672923,419.9299263114779,0.0
1055,4.0,3.872472599109364,-0.12752740089063597,67.86460710977691,67.95949259038105,419.952197258156,0.0
1056,4.0,3.872567711353072,-0.1274322886469279,67.86427014633578,67.95948855931181,419.9721708293347,0.0
1057,4.0,3.8824479855970826,-0.1175520144029174,67.86399758996485,67.9594799102322,422.0470284205769,0.0
1058,4.0,3.882468778040617,-0.11753122195938293,67.86460227791507,67.95949118184764,422.05139483371914,0.0
1059,4.0,3.882411245529809,-0.11758875447019079,67.86680065054166,67.95950377721533,422.0393130064495,0.0
1060,4.0,3.882281420607594,-0.11771857939240604,67.87008447072921,67.95950880633575,422.0120497727843,0.0
1061,4.0,3.8820937768175314,-0.11790622318246857,67.87406610844901,67.95951173784248,421.9726445768712,0.0
1062,4.0,3.8818963028949445,-0.11810369710505553,67.87852890255122,67.95950320202247,421.9311750531279,0.0
1063,4.0,3.8816566792353586,-0.11834332076464138,67.88329234107147,67.95949890076683,421.8808540846149,0.0
1064,4.0,3.881412892561842,-0.11858710743815815,67.88821365380764,67.95949340943118,421.82965888317636,0.0
1065,4.0,3.881167036586349,-0.1188329634136509,67.89320495501104,67.95949407100031,421.7780291283229,0.0
1066,4.0,3.880933507768628,-0.11906649223137178,67.89826430564554,67.95949478822067,421.7289880766015,0.0
1067,4.0,3.8807084481886225,-0.11929155181137752,67.90329196784597,67.95949649695696,421.68172556480033,0.0
1068,4.0,3.880476255819921,-0.11952374418007894,67.90829905427246,67.95949593749664,421.632965167373,0.0
1069,4.0,3.880230681300942,-0.11976931869905805,67.91324897559126,67.95949457664014,421.5813945183874,0.0
1070,4.0,3.87999126822372,-0.12000873177627991,67.91814918466218,67.95949317322773,421.53111777217083,0.0
1071,4.0,3.879766003974897,-0.1202339960251031,67.92297308183531,67.95949393325975,421.48381227991797,0.0
1072,4.0,3.879525869956797,-0.12047413004320306,67.9277171886832,67.95950365760086,421.43338413611696,0.0
1073,4.0,3.8793085795016795,-0.12069142049832049,67.93234417635355,67.9595080550448,421.3877531405423,0.0
1074,4.0,3.8790666869127466,-0.12093331308725341,67.93687505885549,67.95951400746736,421.3369556968664,0.0
1075,4.0,3.878836959146251,-0.12116304085374896,67.94129344669517,67.95951629225549,421.28871286590237,0.0
1076,4.0,3.8786047229514917,-0.12139527704850828,67.94559342935997,67.95951477715144,421.2399432650029,0.0
1077,4.0,3.878377056751175,-0.12162294324882517,67.94977136913751,67.95950243173674,421.1921333629364,0.0
1078,4.0,3.878130072516979,-0.12186992748302083,67.95382086941328,67.95949502504196,421.14026667375526,0.0
1079,4.0,3.8779031239104285,-0.12209687608957154,67.95773933551544,67.95947935293995,421.0926074663796,0.0
1080,4.0,3.877684292879547,-0.12231570712045281,67.96153015489834,67.95947703304826,421.04665294989456,0.0
1081,4.0,3.8774647361892005,-0.12253526381079949,67.96518359845925,67.95947905255956,421.00054604492175,0.0
1082,4.0,3.8772317022305787,-0.12276829776942133,67.96870358324753,67.95948385304007,420.95160891361115,0.0
1083,4.0,3.8769909141970564,-0.12300908580294356,67.97211375736032,67.95948767691873,420.9010434265715,0.0
1084,4.0,3.8767910902970764,-0.12320890970292364,67.97540120438661,67.95949477085412,420.8590804075757,0.0
1085,4.0,3.876573920804484,-0.12342607919551618,67.97858399542783,67.95950150338709,420.81347481413127,0.0
1086,4.0,3.8674897437235067,-0.13251025627649327,67.98163901196324,67.95950403622751,418.9057976271261,0.0
1087,4.0,3.867323306405823,-0.13267669359417722,67.98383904336438,67.9595065932697,418.8708457904125,0.0
1088,4.0,3.867265741493114,-0.1327342585068858,67.98455847550895,67.95951017771192,418.8587571587437,0.0
1089,4.0,3.8672603529463174,-0.13273964705368257,67.98427568047154,67.95950752564401,418.8576255639164,0.0
1090,4.0,3.8672889260511636,-0.1327110739488364,67.98330731054456,67.9595071013171,418.86362591593405,0.0
1091,4.0,3.8673191763262325,-0.13268082367376755,67.98187735830717,67.95950285383013,418.8699784736985,0.0
1092,4.0,3.8673664754528096,-0.13263352454719035,67.98014086425086,67.95949760132535,418.8799112902797,0.0
1093,4.0,3.867460130875082,-0.13253986912491822,67.97820435451305,67.95949132618682,418.8995789289569,0.0
1094,4.0,3.8675557258648325,-0.13244427413516746,67.97614419101444,67.95949258931984,418.91965387680455,0.0
1095,4.0,3.8676558583753775,-0.1323441416246225,67.97401103996448,67.95949285788119,418.94068170401897,0.0
1096,4.0,3.8677571982724652,-0.13224280172753478,67.97184657276783,67.95949454911668,418.9619630824074,0.0
1097,4.0,3.867854855726844,-0.13214514427315605,67.96966260549556,67.9594931874939,418.9824711478269,0.0
1098,4.0,3.867980734612767,-0.1320192653872332,67.96750741925891,67.95949968807747,419.0089057138707,0.0
1099,4.0,3.8681205443497952,-0.13187945565020476,67.96536588218233,67.95950225302809,419.0382657586467,0.0
1100,4.0,3.868233459599084,-0.13176654040091584,67.96326035300744,67.95950154441599,419.06197796099735,0.0
1101,4.0,3.8683736653317102,-0.13162633466828977,67.96119824098004,67.95949770280284,419.09142116484884,0.0
1102,4.0,3.868490813669734,-0.1315091863302662,67.95919344165512,67.95949556897045,419.1160223158338,0.0
1103,4.0,3.868624552361728,-0.13137544763827202,67.9572452156926,67.9594949644896,419.1441074411526,0.0
1104,4.0,3.868727856496331,-0.131272143503669,67.95533652973688,67.95949124515073,419.16580130941924,0.0
1105,4.0,3.868861989482662,-0.1311380105173381,67.95348989379126,67.95949192024459,419.19396923654875,0.0
1106,4.0,3.868973190388905,-0.13102680961109492,67.95170539540204,67.95948767498109,419.2173214268598,0.0
1107,4.0,3.8690512330692783,-0.13094876693072166,67.94997802342037,67.95948887377908,419.23371038973823,0.0
1108,4.0,3.8691421175392,-0.1308578824608002,67.94831447040751,67.95949395814752,419.2527961284217,0.0
1109,4.0,3.8692173499897495,-0.13078265001025047,67.946725323981,67.95949636013646,419.26859494303716,0.0
1110,4.0,3.869291995433382,-0.13070800456661802,67.94516961708085,67.95950120043,419.28427048619994,0.0
1111,4.0,3.8693685913763654,-0.13063140862363465,67.94369684213864,67.95949942496244,419.30035563422643,0.0
1112,4.0,3.869440158945059,-0.13055984105494112,67.94228224998365,67.95949622942479,419.3153848236521,0.0
1113,4.0,3.8695227036656252,-0.13047729633437477,67.94090920748165,67.95949155040509,419.332719214971,0.0
1114,4.0,3.869583556453829,-0.1304164435461712,67.939595897022,67.95948741687899,419.3454983004938,0.0
1115,4.0,3.869647252505243,-0.130352747494757,67.93832320593062,67.95949075775974,419.35887447129073,0.0
1116,4.0,3.869721440480675,-0.1302785595193252,67.93712187431413,67.9594929075393,419.3744539461314,0.0
1117,4.0,3.869793699461556,-0.13020630053844418,67.93595090435727,67.95949507518064,419.3896283321164,0.0
1118,4.0,3.8698344631340706,-0.13016553686592935,67.93481831436155,67.95949866839833,419.3981887033445,0.0
1119,4.0,3.86988218598131,-0.13011781401869005,67.93372504787834,67.95950130694855,419.40821050126476,0.0
1120,4.0,3.8699614816634154,-0.13003851833658464,67.93266665039032,67.95950451328171,419.4248625945069,0.0
1121,4.0,3.8700360736824266,-0.12996392631757336,67.93163408436406,67.95950799865835,419.4405269184993,0.0
1122,4.0,3.8701088405509982,-0.12989115944900176,67.93063714279319,67.9595016218009,419.45580796089934,0.0
1123,4.0,3.8701707689077627,-0.12982923109223732,67.92967789624097,67.95950068733595,419.46881291581985,0.0
1124,4.0,3.8702038033924273,-0.1297961966075727,67.92876452949416,67.95949853267089,419.4757501575994,0.0
1125,4.0,3.870242999970989,-0.12975700002901114,67.92788495880468,67.95949777795623,419.4839814390973,0.0
1126,4.0,3.870302212407502,-0.12969778759249806,67.9270337768668,67.95948652819652,419.49641605076505,0.0
1127,4.0,3.870355222395683,-0.1296447776043168,67.92620631874497,67.95948272772601,419.5075481482831,0.0
1128,4.0,3.8704126603725273,-0.1295873396274727,67.92538987693514,67.95948456312637,419.51961012342036,0.0
1129,4.0,3.87045551619502,-0.12954448380498018,67.92459519182371,67.95948397381326,419.5286098461438,0.0
1130,4.0,3.8705214917323483,-0.12947850826765173,67.92383475793015,67.95949144491627,419.5424647089828,0.0
1131,4.0,3.8705738040791795,-0.1294261959208205,67.92310478581058,67.95949649114486,419.55345030181735,0.0
1132,4.0,3.8706113241562403,-0.12938867584375968,67.92240733987468,67.95949891607401,419.5613295180001,0.0
1133,4.0,3.8706495048225715,-0.12935049517742847,67.92174443899782,67.95950758832412,419.56934745792967,0.0
1134,4.0,3.8706864159420005,-0.12931358405799953,67.92111447242137,67.95951545225863,419.5770987930097,0.0
1135,4.0,3.8707219948601392,-0.12927800513986076,67.92051144220791,67.95951323510509,419.5845703658189,0.0
1136,4.0,3.8707721250432607,-0.12922787495673926,67.91992982615032,67.95951101795023,419.5950977042744,0.0
1137,4.0,3.870829830607829,-0.12917016939217119,67.91937140702817,67.95950658364184,419.6072158728337,0.0
1138,4.0,3.8708967393912768,-0.12910326060872324,67.91883600688065,67.95950658364238,419.6212667173578,0.0
1139,4.0,3.8709459718398316,-0.12905402816016842,67.91833050081364,67.95950658364237,419.6316055315543,0.0
1140,4.0,3.871007067297985,-0.12899293270201495,67.91785810702288,67.95950658364247,419.64443557776656,0.0
1141,4.0,3.87105829424185,-0.1289417057581499,67.91741341937578,67.95950658364225,419.65519323597823,0.0
1142,4.0,3.871108140982913,-0.1288918590170871,67.9169894110374,67.95950658364247,419.66566105160143,0.0
1143,4.0,3.8711611942303428,-0.12883880576965723,67.91659784519344,67.95950658364193,419.6768022335617,0.0
1144,4.0,3.8712028196973853,-0.12879718030261467,67.91623650079632,67.95950658364234,419.6855435816407,0.0
1145,4.0,3.871255749194801,-0.12874425080519902,67.91590033693824,67.95950658364184,419.69665877609793,0.0
1146,4.0,3.871299243134956,-0.12870075686504379,67.91559136634989,67.95950658364244,419.7057925035305,0.0
1147,4.0,3.871341523792257,-0.12865847620774318,67.91531078208293,67.95950658364177,419.71467144156367,0.0
1148,4.0,3.871386626156413,-0.12861337384358684,67.9150516489474,67.95950658364261,419.7241429380365,0.0
1149,4.0,3.8714401733906865,-0.12855982660931353,67.91482528661177,67.95949799067407,419.7353878572339,0.0
1150,4.0,3.8715109028255053,-0.12848909717449475,67.91462031045062,67.95949420536252,419.7502410385458,0.0
1151,4.0,3.8715762683242625,-0.1284237316757375,67.91444203976472,67.95948730216212,419.76396779328485,0.0
1152,4.0,3.8716447339899505,-0.12835526601004954,67.91429806987703,67.95948344607596,419.77834558307933,0.0
1153,4.0,3.8717121519796076,-0.1282878480203924,67.91418312344756,67.95948199694247,419.79250336090735,0.0
1154,4.0,3.8717723471517016,-0.1282276528482984,67.91409910803324,67.95949024592767,419.8051443470471,0.0
1155,4.0,3.871838083546809,-0.12816191645319108,67.91405977419231,67.95949376793584,419.81894899001963,0.0
1156,4.0,3.8718947358762255,-0.12810526412377454,67.91404499938899,67.95949889935622,419.83084597919714,0.0
1157,4.0,3.8719538112410015,-0.12804618875899854,67.91407284736196,67.95950580841667,419.8432518058001,0.0
1158,4.0,3.8719935591629215,-0.12800644083707846,67.91412758239318,67.95950541094085,419.8515988694033,0.0
1159,4.0,3.872020517741981,-0.12797948225801914,67.91421511587227,67.95950597371629,419.85726017100575,0.0
1160,4.0,3.8720431853886295,-0.12795681461137054,67.91433534941045,67.95949984307954,419.862020376802,0.0
1161,4.0,3.87206607672734,-0.12793392327266018,67.91447293804644,67.95949428671317,419.8668275579312,0.0
1162,4.0,3.872093040781534,-0.12790695921846584,67.91463130419945,67.95949011410161,419.872490009312,0.0
1163,4.0,3.8721178637388056,-0.12788213626119438,67.91481303533494,67.95949197226032,419.877702830339,0.0
1164,4.0,3.8810007188472473,-0.11899928115275271,67.91500642734697,67.95949321113135,421.7431024031117,0.0
1165,4.0,3.8809756473980963,-0.1190243526019037,67.91596474626095,67.95949726267762,421.73783739879,0.0
1166,4.0,3.8808719668044285,-0.11912803319557153,67.91829890951114,67.95949666511055,421.7160644741198,0.0
1167,4.0,3.8807213858172878,-0.11927861418271224,67.92153876003397,67.95949964956635,421.6844424668202,0.0
1168,4.0,3.880536813320278,-0.119463186679722,67.92536876098032,67.95950210751455,421.6456822424482,0.0
1169,4.0,3.88032708519065,-0.11967291480935005,67.92956650786421,67.95950011525721,421.6016393352263,0.0
1170,4.0,3.880104675577776,-0.11989532442222384,67.93397302402244,67.95949209348696,421.5549333165228,0.0
1171,4.0,3.879876940592927,-0.12012305940707302,67.93847993162558,67.95949357801786,421.50710896970446,0.0
1172,4.0,3.879651974978068,-0.12034802502193198,67.94302470771912,67.95949710738842,421.4598661905841,0.0
1173,4.0,3.87941863819034,-0.12058136180966006,67.94755290880133,67.95949703255457,421.4108654651612,0.0
1174,4.0,3.8791626224229403,-0.1208373775770597,67.95203020990239,67.95950048191744,421.35710215400724,0.0
1175,4.0,3.8788819808337474,-0.12111801916625264,67.9564385660277,67.9594959135078,421.29816742027674,0.0
1176,4.0,3.8786067165089033,-0.12139328349109668,67.96073740674454,67.95949488571185,421.2403619120595,0.0
1177,4.0,3.878324956666159,-0.12167504333384116,67.9649169853235,67.95948910440059,421.18119234508316,0.0
1178,4.0,3.878059256033385,-0.12194074396661492,67.96896355259824,67.95948666819345,421.12539521220066,0.0
1179,4.0,3.877805747814831,-0.1221942521851691,67.97288460682529,67.95948317986876,421.07215848630426,0.0
1180,4.0,3.8775603681794744,-0.12243963182052564,67.97666898549714,67.9594842473184,421.02062876287937,0.0
1181,4.0,3.8773226887827823,-0.1226773112172177,67.98031972162475,67.95948800306802,420.970716089574,0.0
1182,4.0,3.8770881220197975,-0.12291187798020253,67.98383928596354,67.95949501850295,420.9214570693472,0.0
1183,4.0,3.87686001350293,-0.12313998649706992,67.98723007958462,67.95949984189183,420.873554280805,0.0
1184,4.0,3.8766442936739938,-0.12335570632600623,67.99048901230643,67.9595020590581,420.8282531167284,0.0
1185,4.0,3.876410284612576,-0.12358971538742392,67.99363158610984,67.95950604541665,420.7791112138307,0.0
1186,4.0,3.8761838651173095,-0.1238161348826905,67.9966396302554,67.95949764973855,420.73156311982467,0.0
1187,4.0,3.8759600594423635,-0.12403994055763645,67.99952599247898,67.95949866241644,420.684563928086,0.0
1188,4.0,3.8757341484529637,-0.12426585154703629,68.00229903675175,67.95949201924289,420.637122620312,0.0
1189,4.0,3.8755291249721067,-0.12447087502789334,68.00494152721885,67.95949182953731,420.59406768933206,0.0
1190,4.0,3.875330936170337,-0.12466906382966281,68.00746612839608,67.95949405930544,420.5524480409605,0.0
1191,4.0,3.8751389551565176,-0.12486104484348237,68.00987317941933,67.95949669095859,420.5121320280584,0.0
1192,4.0,3.874947848579969,-0.1250521514200309,68.01217120436216,67.95949750640325,420.4719996469832,0.0
1193,4.0,3.87475624957,-0.12524375043000013,68.01435511189631,67.95949823841636,420.43176385488965,0.0
1194,4.0,3.8745831341700843,-0.12541686582991574,68.01643394663087,67.95949754833586,420.3954096209074,0.0
1195,4.0,3.8744161601174594,-0.12558383988254063,68.01840698537404,67.95949839257952,420.3603450698562,0.0
1196,4.0,3.874258022351515,-0.12574197764848494,68.02028309916295,67.95949627782035,420.32713613900785,0.0
1197,4.0,3.8740625615248185,-0.12593743847518146,68.0220655190129,67.95949508724476,420.28608936540155,0.0
1198,4.0,3.8738691281330766,-0.1261308718669234,68.02374516243434,67.95949630619198,420.2454683531357,0.0
1199,4.0,3.8736949801493896,-0.12630501985061038,68.02532892782709,67.95950010946821,420.20889727656146,0.0
1200,4.0,3.8735210618139524,-0.1264789381860476,68.02681662395871,67.95949624236766,420.17237442611963,0.0
1201,4.0,3.8733577778193102,-0.12664222218068977,68.02820631831398,67.95949779528311,420.1380847872448,0.0
1202,4.0,3.8731895464002473,-0.12681045359975274,68.02950751869437,67.95949992588228,420.1027561892416,0.0
1203,4.0,3.873023976645852,-0.12697602335414793,68.03070490340696,67.95949941023211,420.0679865408186,0.0
1204,4.0,3.8728766453725925,-0.12712335462740754,68.03181426660966,67.9594930255309,420.0370469734341,0.0
1205,4.0,3.8727304880449216,-0.1272695119550784,68.03281443997383,67.95949468656134,420.0063539346232,0.0
1206,4.0,3.872594051478755,-0.1274059485212451,68.0337290225757,67.95949633345941,419.97770225572816,0.0
1207,4.0,3.8724531431870033,-0.1275468568129967,68.03455201004317,67.95949696216263,419.9481115144603,0.0
1208,4.0,3.872313154184509,-0.12768684581549117,68.03530216279685,67.95949516436906,419.9187138239365,0.0
1209,4.0,3.8722197680585198,-0.12778023194148025,68.03598185940623,67.95949871565865,419.8991027374788,0.0
1210,4.0,3.8721316241234818,-0.12786837587651823,68.03657302562817,67.95949502127627,419.8805925111208,0.0
1211,4.0,3.8720467956049793,-0.12795320439502067,68.03710596235659,67.95949290673647,419.8627785222353,0.0
1212,4.0,3.8719600800598073,-0.1280399199401927,68.03757986531305,67.95949140979367,419.8445682577492,0.0
1213,4.0,3.871868276973504,-0.12813172302649578,68.0379995426968,67.95949413754136,419.82528960962554,0.0
1214,4.0,3.871792737877825,-0.12820726212217481,68.03836575814294,67.95949603957173,419.8094263995329,0.0
1215,4.0,3.8717201346860697,-0.12827986531393032,68.03868039448574,67.95949973660241,419.7941797292643,0.0
1216,4.0,3.871650795540188,-0.1283492044598118,68.0389430020276,67.95949684180566,419.77961850862914,0.0
1217,4.0,3.8715784926769254,-0.12842150732307456,68.03916547858151,67.95949186153761,419.76443490734397,0.0
1218,4.0,3.871500637666084,-0.1284993623339159,68.03933833125699,67.95948743758035,419.7480853550673,0.0
1219,4.0,3.8714386741998443,-0.12856132580015567,68.03947133968096,67.95949127324836,419.73507302715694,0.0
1220,4.0,3.8713782912829138,-0.12862170871708622,68.03956593227842,67.95949957094382,419.7223926146015,0.0
1221,4.0,3.8713160990622493,-0.12868390093775073,68.03962137995362,67.95950263483232,419.70933224826194,0.0
1222,4.0,3.871260082445761,-0.1287399175542392,68.03963569013892,67.95950451759829,419.6975687587994,0.0
1223,4.0,3.8711937489875425,-0.12880625101245746,68.03961493320418,67.95950018102246,419.6836387325735,0.0
1224,4.0,3.8711320739026487,-0.12886792609735132,68.03956196454436,67.95949889484693,419.6706869647458,0.0
1225,4.0,3.8710482877051726,-0.12895171229482738,68.03947546656917,67.95949944460409,419.65309186327585,0.0
1226,4.0,3.8709811927801185,-0.12901880721988146,68.03934924342161,67.95949497013312,419.6390019290145,0.0
1227,4.0,3.870915319720331,-0.1290846802796688,68.03918912211921,67.95949309918026,419.62516858645915,0.0
1228,4.0,3.870834606659471,-0.129165393340529,68.03898650722898,67.95949455113423,419.6082188436785,0.0
1229,4.0,3.8707592536353084,-0.12924074636469163,68.03874998074555,67.95949661938232,419.5923947086044,0.0
1230,4.0,3.8707054299209105,-0.1292945700790895,68.038468510433,67.95949124098924,419.5810917285808,0.0
1231,4.0,3.8706643869674173,-0.12933561303258267,68.038146866456,67.95948727267294,419.5724727083473,0.0
1232,4.0,3.870605358401509,-0.1293946415984908,68.0377936642,67.95949156134195,419.5600767095066,0.0
1233,4.0,3.8705646771630766,-0.12943532283692338,68.03740532981536,67.95949125148265,419.5515336494357,0.0
1234,4.0,3.870543723004624,-0.1294562769953762,68.03698599868288,67.95949145695789,419.54713327616065,0.0
1235,4.0,3.8705340399278474,-0.1294659600721526,68.03653529810764,67.95948980579676,419.5450998300376,0.0
1236,4.0,3.870530804808813,-0.12946919519118705,68.0360670511141,67.95949502127624,419.5444204550404,0.0
1237,4.0,3.8705038371910176,-0.12949616280898235,68.03558665314584,67.9594986063232,419.5387572553034,0.0
1238,4.0,3.8704935184987574,-0.12950648150124255,68.03509034755865,67.95950115723271,419.53659032992874,0.0
1239,4.0,3.87048255637216,-0.12951744362784012,68.0345805126973,67.95950226736899,419.53428828334324,0.0
1240,4.0,3.870452832484511,-0.12954716751548911,68.03405984407124,67.95950395880017,419.52804626693694,0.0
1241,4.0,3.8704578157505622,-0.12954218424943775,68.0335287323299,67.95949514642037,419.52909275280774,0.0
1242,4.0,3.870464221169323,-0.12953577883067702,68.03298681661893,67.95949115441884,419.5304378907475,0.0
1243,4.0,3.8704267888044273,-0.12957321119557275,68.03244196173068,67.95948957255406,419.5225770941194,0.0
1244,4.0,3.8703988845668467,-0.12960111543315334,68.03188573609694,67.95949261752754,419.51671720422746,0.0
1245,4.0,3.8704060641652003,-0.12959393583479972,68.0313195623059,67.95949061241586,419.51822491988173,0.0
1246,4.0,3.8704138190616733,-0.12958618093832674,68.03074682670372,67.9594930409766,419.5198534481411,0.0
1247,4.0,3.8703918581622867,-0.1296081418377133,68.03016418076785,67.9594969328422,419.5152416592699,0.0
1248,4.0,3.8703377438378417,-0.12966225616215832,68.02957897506461,67.95950144593633,419.50387765113646,0.0
1249,4.0,3.8703170828729596,-0.1296829171270404,68.02898765501489,67.95950146116661,419.49953884851124,0.0
1250,4.0,3.8702677572204034,-0.1297322427795966,68.02837857146717,67.95949885089829,419.4891804614744,0.0
1251,4.0,3.87021864555001,-0.12978135444999017,68.02775506611239,67.95949514202182,419.4788670106918,0.0
1252,4.0,3.8701919911808873,-0.1298080088191127,68.02711293673214,67.95949164163105,419.47326959317604,0.0
1253,4.0,3.8701570134178453,-0.12984298658215465,68.02644677659426,67.95949103166373,419.4659242629372,0.0
1254,4.0,3.8701073158782164,-0.12989268412178356,68.02575900924906,67.95949473028139,419.45548777961517,0.0
1255,4.0,3.870067897572394,-0.1299321024276061,68.02505022598947,67.95950068357098,419.44720993539244,0.0
1256,4.0,3.8700487642473984,-0.1299512357526016,68.02433617916971,67.95950000838448,419.4431919371434,0.0
1257,4.0,3.8700374250660645,-0.12996257493393548,68.02359513183777,67.95950111812623,419.44081070906327,0.0
1258,4.0,3.869987221812177,-0.13001277818782286,68.02283457852921,67.95949746946033,419.4302680257469,0.0
1259,4.0,3.8699426115280042,-0.13005738847199577,68.02206441293069,67.95948980060706,419.4208998660706,0.0
1260,4.0,3.869927602308363,-0.13007239769163714,68.02127429060144,67.95948980556767,419.4177479299459,0.0
1261,4.0,3.869919272485534,-0.13008072751446598,68.02045902463159,67.95949128332956,419.4159986671518,0.0
1262,4.0,3.86989239236203,-0.1301076076379699,68.01962558734934,67.95948987532316,419.410353841216,0.0
1263,4.0,3.8698382915281213,-0.1301617084718787,68.01878086624568,67.95949084521635,419.3989926660952,0.0
1264,4.0,3.869831940090913,-0.13016805990908686,68.01792015693873,67.95950050429782,419.3976588642815,0.0
1265,4.0,3.8698276568391523,-0.1301723431608477,68.0170443861432,67.95950075410751,419.3967593814117,0.0
1266,4.0,3.869789197774114,-0.1302108022258861,68.0161518118507,67.95950515596122,419.38868297775366,0.0
1267,4.0,3.869766335308114,-0.13023366469188602,68.01524770197013,67.95950738726816,419.3838818598937,0.0
1268,4.0,3.8697507933862516,-0.1302492066137484,68.01432847736442,67.95950478742054,419.3806180563026,0.0
1269,4.0,3.8697627600201403,-0.1302372399798597,68.01339420400862,67.95949707174073,419.3831310494192,0.0
1270,4.0,3.869777633752211,-0.13022236624778882,68.01244433093558,67.95948920754572,419.3862545331541,0.0
1271,4.0,3.869792915592972,-0.130207084407028,68.01149838249597,67.9594827062548,419.3894637197139,0.0
1272,4.0,3.8698178191781984,-0.13018218082180155,68.01054336829951,67.95948408856633,419.39469347261144,0.0
1273,4.0,3.869836698344333,-0.13016330165566714,68.00960197487547,67.95948550854625,419.39865809749966,0.0
1274,4.0,3.8698361601623925,-0.1301638398376075,68.00865439143358,67.95949317185433,419.3985450792922,0.0
1275,4.0,3.8698707282736056,-0.13012927172639444,68.00772219181735,67.95949738353286,419.4058043826469,0.0
1276,4.0,3.8699239295345595,-0.13007607046544045,68.00678815192057,67.95950538932729,419.41697664744726,0.0
1277,4.0,3.869956131411508,-0.13004386858849193,68.0058682954956,67.95950550211877,419.42373904160644,0.0
1278,4.0,3.8699739689251524,-0.13002603107484756,68.00496843957025,67.9595037718511,419.42748491947174,0.0
1279,4.0,3.870024741681815,-0.12997525831818502,68.00407757966539,67.95949778621757,419.43814719837087,0.0
1280,4.0,3.8700415976147777,-0.12995840238522227,68.00320120588546,67.95949115751837,419.44168694429305,0.0
1281,4.0,3.8700356600113985,-0.12996433998860146,68.00234832576565,67.95948451353303,419.4404400475834,0.0
1282,4.0,3.8700456865937407,-0.1299543134062593,68.00150147499699,67.95948424468816,419.44254562987527,0.0
1283,4.0,3.8700633120657915,-0.12993668793420854,68.00066659737193,67.95949404373954,419.44624697900593,0.0
1284,4.0,3.8700728735701357,-0.12992712642986426,67.99982881587091,67.95949759758265,419.44825489491825,0.0
1285,4.0,3.8700561188392273,-0.1299438811607727,67.99900010767333,67.95950297940506,419.44473640142746,0.0
1286,4.0,3.870065429814285,-0.12993457018571508,67.99817382759521,67.95950797157779,419.44669170618954,0.0
1287,4.0,3.8700814821279867,-0.12991851787201325,67.99736039993797,67.95951216928316,419.4500626920669,0.0
1288,4.0,3.870081818288239,-0.12991818171176117,67.99654366578895,67.95950992507476,419.45013328571986,0.0
1289,4.0,3.8700733139417065,-0.1299266860582935,67.99573499388069,67.95950526855043,419.4483473729481,0.0
1290,4.0,3.8700797133012363,-0.12992028669876365,67.99491996018648,67.95950001234796,419.44969123844936,0.0
1291,4.0,3.8700800625397527,-0.12991993746024733,67.99411009306623,67.95949758642789,419.4497645785378,0.0
1292,4.0,3.870079612973596,-0.12992038702640407,67.99330006633456,67.9594973775885,419.4496701696449,0.0
1293,4.0,3.870097061987857,-0.12990293801214303,67.9924843016084,67.95949132618658,419.4533344626397,0.0
1294,4.0,3.870120067828226,-0.12987993217177385,67.99167205060506,67.95948992167745,419.4581656891172,0.0
1295,4.0,3.8701407507476353,-0.1298592492523647,67.99086868263136,67.95949754723408,419.4625091021931,0.0
1296,4.0,3.8701694913341975,-0.12983050866580248,67.99007102698822,67.95949602224141,419.4685446253712,0.0
1297,4.0,3.870214387519307,-0.12978561248069287,67.98928231233089,67.95949813964918,419.4779728242442,0.0
1298,4.0,3.870250177247447,-0.1297498227525531,67.98850101062463,67.95949399660643,419.48548866715356,0.0
1299,4.0,3.870268606117129,-0.1297313938828708,67.98773728273254,67.95949326931053,419.48935872978683,0.0
1300,4.0,3.87029852463695,-0.1297014753630501,67.98698659266705,67.95949212189105,419.49564161894915,0.0
1301,4.0,3.870323385722787,-0.129676614277213,67.98625168823921,67.95949620137156,419.50086244697496,0.0
1302,4.0,3.87034426053392,-0.12965573946608,67.98553167538759,67.95949600945458,419.5052461573129,0.0
1303,4.0,3.8703294424304033,-0.12967055756959667,67.98481908084014,67.9594978304532,419.5021343555744,0.0
1304,4.0,3.870322468275851,-0.1296775317241492,67.98412127321471,67.95949413114327,419.5006697831184,0.0
1305,4.0,3.8703274531879623,-0.12967254681203766,67.98342097154129,67.95948598447141,419.5017166146618,0.0
1306,4.0,3.87031497754229,-0.1296850224577102,67.98272909306978,67.9594847832145,419.4990967290706,0.0
1307,4.0,3.870299262856091,-0.12970073714390917,67.98203644450801,67.95949480724693,419.4957966449688,0.0
1308,4.0,3.870309000600191,-0.12969099939980921,67.98133936951876,67.95949812704848,419.49784157122974,0.0
1309,4.0,3.8703102413313655,-0.12968975866863452,67.9806429612356,67.95950508371179,419.49810212477644,0.0
1310,4.0,3.870314960792549,-0.1296850392074509,67.97994532842856,67.95950301552114,419.499093211625,0.0
1311,4.0,3.8702947379368053,-0.12970526206319466,67.97924491868531,67.95950077507622,419.4948464119188,0.0
1312,4.0,3.870288387342236,-0.12971161265776399,67.97853592065329,67.95949582316925,419.4935127870592,0.0
1313,4.0,3.8702981683077384,-0.12970183169226157,67.9778363192317,67.95949503253361,419.49556678981475,0.0
1314,4.0,3.87027490499436,-0.1297250950056399,67.97712897657459,67.9594884640565,419.4906814940053,0.0
1315,4.0,3.870271985633292,-0.1297280143667079,67.9764200273774,67.95948997105609,419.490068428181,0.0
1316,4.0,3.8702775130201945,-0.12972248697980548,67.97570288034744,67.95949046202502,419.49122917943055,0.0
1317,4.0,3.8702637236546895,-0.1297362763453105,67.97497992967797,67.95949356143511,419.4883334126745,0.0
1318,4.0,3.8702614306237075,-0.12973856937629247,67.97425554104069,67.95950289361527,419.48785187616824,0.0
1319,4.0,3.870285715230439,-0.12971428476956115,67.97353097114504,67.95950556039791,419.4929516435818,0.0
1320,4.0,3.8703235554178117,-0.1296764445821883,67.97280075054572,67.95950377836844,419.5008980829301,0.0
1321,4.0,3.8703390400748616,-0.12966095992513837,67.97207994841075,67.95949876068433,419.5041498609106,0.0
1322,4.0,3.870378830038777,-0.12962116996122308,67.97137582974607,67.95949958505388,419.51250575333285,0.0
1323,4.0,3.8704242476389967,-0.12957575236100327,67.97068821092479,67.95949798253618,419.522043449379,0.0
1324,4.0,3.870491634287373,-0.1295083657126268,67.9700104217918,67.95950040949175,419.53619464553805,0.0
1325,4.0,3.870568689247122,-0.12943131075287795,67.96935446919792,67.9594897291253,419.5523761870853,0.0
1326,4.0,3.870599177532732,-0.12940082246726803,67.96872151186787,67.95949121667884,419.5587787270634,0.0
1327,4.0,3.8706327535387066,-0.12936724646129338,67.96811949572904,67.95948874502831,419.56582968831805,0.0
1328,4.0,3.8706658190886305,-0.1293341809113695,67.96753532332454,67.95949028224422,419.5727734538021,0.0
1329,4.0,3.870697154313238,-0.12930284568676198,67.96697622242502,67.95949080392958,419.57935385096965,0.0
1330,4.0,3.870732826854589,-0.12926717314541092,67.96643144242326,67.95949677878431,419.58684508465336,0.0
1331,4.0,3.870737324760073,-0.12926267523992685,67.96590720462589,67.95950251012059,419.587789644805,0.0
1332,4.0,3.870760800070206,-0.12923919992979416,67.96540276208475,67.95950466723754,419.5927194599329,0.0
1333,4.0,3.8707885313910997,-0.12921146860890032,67.96490519702571,67.959496845794,419.5985430373206,0.0
1334,4.0,3.8707857028146657,-0.12921429718533428,67.9644262349166,67.95949816303086,419.5979490362695,0.0
1335,4.0,3.8707967259538205,-0.12920327404617948,67.96395950531598,67.95949298159834,419.600263895492,0.0
1336,4.0,3.8708233407411266,-0.12917665925887345,67.96349220258283,67.95948829219398,419.60585300082624,0.0
1337,4.0,3.8708184547389357,-0.1291815452610643,67.96304581979018,67.95948963191091,419.6048269403662,0.0
1338,4.0,3.8708282996384242,-0.12917170036157577,67.96260333296455,67.95949259007617,419.6068943692588,0.0
1339,4.0,3.870858424968825,-0.12914157503117485,67.96216310164132,67.95949475256013,419.61322068864297,0.0
1340,4.0,3.870877350396379,-0.12912264960362085,67.96173148515562,67.95950176538005,419.6171950284293,0.0
1341,4.0,3.8709154208430436,-0.12908457915695637,67.9613114217892,67.95950616817899,419.62518982222883,0.0
1342,4.0,3.8709432361370157,-0.12905676386298426,67.96090112390169,67.95950413712731,419.631031033963,0.0
1343,4.0,3.870946134069447,-0.1290538659305529,67.96050257242582,67.9594977108391,419.63163959977356,0.0
1344,4.0,3.8709877072974894,-0.12901229270251058,67.96011327175884,67.95949453666495,419.64036997766243,0.0
1345,4.0,3.8710236972662533,-0.12897630273374672,67.95973685638747,67.95949132660625,419.64792787110287,0.0
1346,4.0,3.871043774500153,-0.12895622549984687,67.95937019166965,67.95948833682145,419.65214409022184,0.0
1347,4.0,3.87107317634565,-0.12892682365434993,67.95902075778828,67.95949025471444,419.6583184777762,0.0
1348,4.0,3.8710966825997675,-0.12890331740023253,67.95868613995404,67.95949152007425,419.6632547911409,0.0
1349,4.0,3.8711079265661725,-0.12889207343382747,67.95836813173712,67.95949520722328,419.665616024086,0.0
1350,4.0,3.8711396786133436,-0.12886032138665637,67.95805904611919,67.95949795087192,419.6722839539919,0.0
1351,4.0,3.871186212231689,-0.1288137877683111,67.9577636336726,67.95948214105445,419.68205601384443,0.0
1352,4.0,3.871231319622407,-0.12876868037759293,67.95748262273726,67.95946204981291,419.6915285658952,0.0
1353,4.0,3.8712455645959545,-0.12875443540404552,67.95722191820278,67.95945749830021,419.69452001034017,0.0
1354,4.0,3.871268855182664,-0.12873114481733605,67.95697979686547,67.95945141696785,419.69941103354915,0.0
1355,4.0,3.8713158515109303,-0.12868414848906973,67.95675432657382,67.9594566508674,419.7092802624851,0.0
1356,4.0,3.871347867502387,-0.1286521324976131,67.95654350987938,67.9594601001376,419.71600362069097,0.0
1357,4.0,3.8713976218848094,-0.1286023781151906,67.95635122348139,67.95946463741521,419.7264520409997,0.0
1358,4.0,3.8714133936726,-0.12858660632740015,67.95618079325895,67.95947029894596,419.72976411643566,0.0
1359,4.0,3.8714213119413228,-0.12857868805867723,67.95602761258091,67.95947584713147,419.7314269528675,0.0
1360,4.0,3.8714134854575346,-0.1285865145424654,67.95589540132903,67.95947396560058,419.72978339127195,0.0
1361,4.0,3.871405722014781,-0.12859427798521894,67.95576563023448,67.95947891491333,419.7281530682937,0.0
1362,4.0,3.8714130907875277,-0.1285869092124723,67.9556398318058,67.95947179099274,419.72970051057047,0.0
1363,4.0,3.871428616016284,-0.12857138398371593,67.95552339447697,67.95946920399821,419.7329608086093,0.0
1364,4.0,3.8714412376917973,-0.12855876230820273,67.95540826286744,67.95946981060298,419.73561136046703,0.0
1365,4.0,3.871450289328211,-0.128549710671789,67.95530258825843,67.95947069550947,419.7375122041139,0.0
1366,4.0,3.8714843758047053,-0.12851562419529472,67.95519733604169,67.95947284975028,419.7446703641777,0.0
1367,4.0,3.87152472572011,-0.1284752742798898,67.95509565547525,67.9594463246165,419.75314384641274,0.0
1368,4.0,3.8715545970948724,-0.12844540290512763,67.95501473233392,67.95943576933443,419.7594168351128,0.0
1369,4.0,3.8715453624845972,-0.12845463751540276,67.954942710966,67.95945481005377,419.757477566955,0.0
1370,4.0,3.8715469753862273,-0.12845302461377273,67.95487892929397,67.95947753948862,419.7578162762973,0.0
1371,4.0,3.871554721657451,-0.12844527834254915,67.95482809517343,67.95949259833688,419.75944299325425,0.0
1372,4.0,3.8715475829597072,-0.12845241704029275,67.95478313364168,67.95947414701921,419.7579438667281,0.0
1373,4.0,3.871550079770071,-0.12844992022992896,67.95474640303416,67.95945876085632,419.7584681969045,0.0
1374,4.0,3.871586547991482,-0.12841345200851784,67.95470221964078,67.95944911456692,419.7661265234008,0.0
1375,4.0,3.8716121369565877,-0.12838786304341232,67.95466454207376,67.95944521592901,419.771500206073,0.0
1376,4.0,3.8716456094659533,-0.12835439053404674,67.95463037594021,67.95943638419246,419.77852943303975,0.0
1377,4.0,3.871618435436727,-0.1283815645632731,67.95461783842121,67.9594390571995,419.7728228869022,0.0
1378,4.0,3.8716234265010643,-0.12837657349893572,67.9546159192628,67.95941356748443,419.773871010413,0.0
1379,4.0,3.8716394294939547,-0.12836057050604532,67.95461059806024,67.95941425420436,419.77723163892,0.0
1380,4.0,3.871645239889674,-0.1283547601103261,67.95460981645824,67.95943963630025,419.77845182202105,0.0
1381,4.0,3.8716687041993842,-0.12833129580061575,67.95461497372784,67.95946751647747,419.78337932706023,0.0
1382,4.0,3.871705169822744,-0.12829483017725618,67.95462470847839,67.95949114008468,419.79103710796574,0.0
1383,4.0,3.871675846014592,-0.12832415398540808,67.9546467998113,67.95945902796608,419.78487910825385,0.0
1384,4.0,3.8716831926628372,-0.12831680733716277,67.95467214865837,67.95945739734123,419.78642190438535,0.0
1385,4.0,3.8716977739367207,-0.12830222606327935,67.95470486037429,67.95944354907014,419.7894839719009,0.0
1386,4.0,3.871731089925763,-0.12826891007423713,67.95473861736902,67.95942712990775,419.7964803295998,0.0
1387,4.0,3.871723072233752,-0.12827692776624788,67.95477293099573,67.9594214830845,419.7947966142775,0.0
1388,4.0,3.871721907238758,-0.12827809276124214,67.9548190940656,67.95937675571273,419.7945519653287,0.0
1389,4.0,3.871743509967841,-0.12825649003215922,67.95487798351861,67.95937860998349,419.79908853843614,0.0
1390,4.0,3.871736648413346,-0.12826335158665403,67.95493279542342,67.95940367016945,419.7976476119922,0.0
1391,4.0,3.8717550368381026,-0.12824496316189737,67.95499312210373,67.95943086225847,419.8015091811911,0.0
1392,4.0,3.871742791358828,-0.12825720864117196,67.95505552974188,67.95945790139798,419.79893763054343,0.0
1393,4.0,3.871742126353314,-0.12825787364668617,67.9551266131774,67.9594663258056,419.7987979793854,0.0
1394,4.0,3.8717420528798736,-0.1282579471201264,67.95519795519056,67.95939679130468,419.798782549963,0.0
1395,4.0,3.871757730395747,-0.1282422696042529,67.95526773146193,67.95938700662909,419.80207482829644,0.0
1396,4.0,3.8717637071097397,-0.12823629289026028,67.95533840464189,67.9593916225786,419.80332993823487,0.0
1397,4.0,3.871746855981282,-0.1282531440187178,67.9554124841886,67.95941332372206,419.7997912012588,0.0
1398,4.0,3.871766201131277,-0.128233798868723,67.9554843919217,67.9594409924052,419.80385368275773,0.0
1399,4.0,3.871759817198006,-0.1282401828019939,67.95555919710974,67.95937655679772,419.80251305677086,0.0
1400,4.0,3.8717510844441008,-0.12824891555589923,67.9556344382978,67.95937514647419,419.80067917845076,0.0
1401,4.0,3.8717597463564335,-0.1282402536435665,67.95570586514502,67.95938237801924,419.80249818004063,0.0
1402,4.0,3.8717760918835884,-0.1282239081164116,67.95577898883259,67.95940346696635,419.8059307407432,0.0
1403,4.0,3.8717468476778514,-0.12825315232214862,67.95585954620242,67.95942318592645,419.7997894575384,0.0
1404,4.0,3.8717495328615876,-0.12825046713841237,67.9559365599359,67.95934908364883,419.800353346123,0.0
1405,4.0,3.871771939183237,-0.1282280608167632,67.95601326074056,67.95934929015802,419.80505867366935,0.0
1406,4.0,3.871759140837331,-0.12824085916266892,67.95609246898583,67.95937936945455,419.80237102102916,0.0
1407,4.0,3.878238033516462,-0.12176196648353788,67.9561740873077,67.95940441920705,421.16293848364666,0.0
1408,4.0,3.87818822419398,-0.12181177580601998,67.95680167433157,67.9594299469724,421.1524785259254,0.0
1409,4.0,3.878083160091284,-0.12191683990871605,67.95842153197756,67.95932757083483,421.1304150643592,0.0
1410,4.0,3.877937563175584,-0.12206243682441587,67.96068795250656,67.95931230961854,421.09983971206225,0.0
1411,4.0,3.8777830310297188,-0.12221696897028123,67.96337675171334,67.95933596181722,421.06738796143054,0.0
1412,4.0,3.8775898897112855,-0.12241011028871451,67.9663155181968,67.95937433989212,421.02682828455954,0.0
1413,4.0,3.87739297344542,-0.12260702655457978,67.96939357892386,67.95940996520771,420.98547586872786,0.0
1414,4.0,3.877216227427657,-0.12278377257234308,67.97252522414696,67.95943503494742,420.9483592049976,0.0
1415,4.0,3.8770116644164965,-0.12298833558350353,67.97566491063651,67.95933766522951,420.90540097265387,0.0
1416,4.0,3.8768155476125865,-0.12318445238741349,67.97878213620497,67.95932606799501,420.8642164438328,0.0
1417,4.0,3.8766400586109775,-0.12335994138902251,67.9818408237927,67.9593422451538,420.8273637534949,0.0
1418,4.0,3.876459021024988,-0.12354097897501193,67.98482970888288,67.95937839864028,420.78934586043715,0.0
1419,4.0,3.8762971947846547,-0.12370280521534527,67.98774762753092,67.95940270460297,420.75536234996713,0.0
1420,4.0,3.876146486327079,-0.12385351367292108,67.99058060593127,67.95927865132062,420.7237135738762,0.0
1421,4.0,3.875991845801224,-0.12400815419877587,67.99333485858637,67.95926354967524,420.6912390634467,0.0
1422,4.0,3.8758455528087024,-0.12415444719129765,67.99601552133181,67.95929123384897,420.6605175350171,0.0
1423,4.0,3.8756899977134935,-0.12431000228650646,67.99860908347448,67.95933515952288,420.62785096502324,0.0
1424,4.0,3.8755389015312236,-0.1244610984687764,68.0011219589696,67.95939111444557,420.59612076674654,0.0
1425,4.0,3.875344625891656,-0.12465537410834404,68.0035493418877,67.95926142215673,420.55532288243734,0.0
1426,4.0,3.875192217466356,-0.12480778253364422,68.00588012216336,67.95925220227059,420.5233171131243,0.0
1427,4.0,3.875052533454224,-0.12494746654577593,68.00813306999824,67.95929580661597,420.4939834705766,0.0
1428,4.0,3.874917250051053,-0.12508274994894686,68.01030362715038,67.95933954038148,420.4655739559107,0.0
1429,4.0,3.874806705910276,-0.12519329408972402,68.01239274369719,67.95938787623592,420.4423596863475,0.0
1430,4.0,3.874672558502362,-0.12532744149763797,68.014412508223,67.959221520795,420.41418873068557,0.0
1431,4.0,3.874552106812878,-0.1254478931871219,68.01635857513747,67.95922068790578,420.3888938758939,0.0
1432,4.0,3.8743983846164185,-0.1256016153835815,68.01823134485515,67.95925419395098,420.35661221463744,0.0
1433,4.0,3.8742852587888055,-0.12571474121119453,68.02003309844821,67.95929466426327,420.3328557908387,0.0
1434,4.0,3.8741588488321543,-0.12584115116784567,68.02175980485977,67.95935870026557,420.306309699942,0.0
1435,4.0,3.874043393080556,-0.125956606919444,68.02341835126596,67.95942374365313,420.2820639921064,0.0
1436,4.0,3.87391098731912,-0.1260890126808798,68.02500773049151,67.95925182483359,420.25425878220483,0.0
1437,4.0,3.873759823243781,-0.12624017675621912,68.02651185266575,67.95922056926717,420.2225143263836,0.0
1438,4.0,3.8736235318428505,-0.12637646815714954,68.02794279799325,67.95923730073521,420.1938931321882,0.0
1439,4.0,3.8734877943017247,-0.12651220569827526,68.02930030019081,67.95928474867955,420.1653882485518,0.0
1440,4.0,3.8733616170193326,-0.12663838298066743,68.03058925710285,67.95934185585702,420.1388910192494,0.0
1441,4.0,3.8732323576601866,-0.1267676423398134,68.03180479212979,67.9591721855683,420.11174655382877,0.0
1442,4.0,3.8730755356601,-0.12692446433990012,68.03294256406973,67.95915150418186,420.0788139338106,0.0
1443,4.0,3.882508322787289,-0.11749167721271103,68.03400669100867,67.95919245419104,422.05969923052027,0.0
1444,4.0,3.8823671918399327,-0.11763280816006727,68.0358068582844,67.95927180734869,422.0300617315755,0.0
1445,4.0,3.882144220784651,-0.11785577921534918,68.03902248202039,67.95936033916671,421.9832378099663,0.0
1446,4.0,3.881842936695279,-0.11815706330472109,68.04312451324299,67.95913758584611,421.9199681511982,0.0
1447,4.0,3.8815071397005885,-0.11849286029941153,68.04778955412472,67.95912758509495,421.84945078231317,0.0
1448,4.0,3.8811610555435183,-0.11883894445648169,68.05276890827285,67.95917460164863,421.7767731093284,0.0
1449,4.0,3.880785087049758,-0.119214912950242,68.05790919225048,67.9592490238439,421.69781972563874,0.0
1450,4.0,3.8803975205937196,-0.11960247940628044,68.06309730034265,67.95933794852955,421.61643076987065,0.0
1451,4.0,3.8800171985084133,-0.11998280149158669,68.0682204093103,67.95940898253782,421.5365631319563,0.0
1452,4.0,3.879677551291977,-0.120322448708023,68.07326532793644,67.95916671094734,421.4652372165047,0.0
1453,4.0,3.8792989007470857,-0.12070109925291428,68.07819466814134,67.95913468329515,421.3857206020775,0.0
1454,4.0,3.8789685680516652,-0.12103143194833477,68.08296638580329,67.95915088168874,421.3163507360392,0.0
1455,4.0,3.878594195066139,-0.1214058049338611,68.08759233746414,67.95919506632016,421.2377324090787,0.0
1456,4.0,3.8782647796805527,-0.12173522031944728,68.09202650137273,67.95928393828778,421.16855517810563,0.0
1457,4.0,3.877900209522051,-0.12209979047794883,68.09629256681438,67.95901860592842,421.0919954448203,0.0
1458,4.0,3.877539825141853,-0.12246017485814686,68.10036904572728,67.95899154190657,421.0163147249787,0.0
1459,4.0,3.8772412286738485,-0.12275877132615154,68.1042570744023,67.95906744310757,420.95360946669774,0.0
1460,4.0,3.8769327149655393,-0.12306728503446074,68.1079807568146,67.95916992424982,420.8888215879528,0.0
1461,4.0,3.8766307164460425,-0.12336928355395749,68.11150819841434,67.95928706516895,420.8254018988585,0.0
1462,4.0,3.8763256599965854,-0.1236743400034146,68.11484724439481,67.9590394939542,420.7613400444725,0.0
1463,4.0,3.875999277636101,-0.12400072236389903,68.11803191715427,67.95902255772951,420.69279974877077,0.0
1464,4.0,3.875723340193898,-0.12427665980610181,68.12103206328776,67.95907914193378,420.6348528859082,0.0
1465,4.0,3.8754619057435638,-0.12453809425643625,68.12388223356174,67.95917478022679,420.5799516513379,0.0
1466,4.0,3.8751840267508144,-0.12481597324918559,68.12656473639086,67.95929181104064,420.52159706286056,0.0
1467,4.0,3.874918129786433,-0.1250818702135672,68.12907593915202,67.95903648471146,420.4657587003404,0.0
1468,4.0,3.8746319754333367,-0.1253680245666633,68.13144571676787,67.95901505236306,420.40566628619024,0.0
1469,4.0,3.884085631025723,-0.11591436897427698,68.13365921368701,67.95906600222835,422.3909339605914,0.0
1470,4.0,3.883797664690356,-0.11620233530964397,68.13654931380196,67.95916082765109,422.3304610301643,0.0
1471,4.0,3.883445139486855,-0.11655486051314501,68.14077955559763,67.95926955624816,422.25643073742907,0.0
1472,4.0,3.8829956197920845,-0.11700438020791548,68.14583805951017,67.959367564874,422.16203160152725,0.0
1473,4.0,3.882529970469002,-0.11747002953099805,68.15139452481482,67.95909413917067,422.0642452436799,0.0
1474,4.0,3.8820857728960587,-0.11791422710394128,68.15719697417232,67.95906581654037,421.97096375336184,0.0
1475,4.0,3.881579724924096,-0.1184202750759038,68.1631073084918,67.95908342493928,421.86469367924974,0.0
1476,4.0,3.881091379836991,-0.11890862016300918,68.16897804775148,67.959160163583,421.7621412109576,0.0
1477,4.0,3.8806034380250525,-0.11939656197494752,68.17474807296063,67.95926031580132,421.6596734304506,0.0
1478,4.0,3.8801551588615983,-0.11984484113840166,68.18036190934748,67.9589773583,421.56553480612524,0.0
1479,4.0,3.8796597024077712,-0.12034029759222875,68.18581153415552,67.95895287945035,421.46148895082155,0.0
1480,4.0,3.879206972754029,-0.12079302724597119,68.19103010067047,67.95902988947459,421.3664157235356,0.0
1481,4.0,3.8787512783484757,-0.12124872165152434,68.1960019501583,67.95913052254818,421.27071989836946,0.0
1482,4.0,3.8783153516325815,-0.12168464836741855,68.20076898701015,67.95925220913308,421.1791752880317,0.0
1483,4.0,3.877894154810653,-0.12210584518934686,68.20530458192624,67.95900532269923,421.0907239554267,0.0
1484,4.0,3.8774479587079633,-0.12255204129203667,68.20957967082907,67.95900430066006,420.99702277386183,0.0
1485,4.0,3.870595135689904,-0.129404864310096,68.21360772625388,67.9590710048432,419.55792994006936,0.0
1486,4.0,3.870245825434156,-0.12975417456584415,68.21688844527057,67.95916921646234,419.48457478636226,0.0
1487,4.0,3.869925892433222,-0.13007410756677817,68.21893938875277,67.9592927456288,419.4173888561661,0.0
1488,4.0,3.8696730475752243,-0.13032695242477566,68.22008108169886,67.9590101110403,419.3642914359866,0.0
1489,4.0,3.8694578259920185,-0.13054217400798152,68.2206179370002,67.9589833613228,419.31909490351336,0.0
1490,4.0,3.869237313193897,-0.13076268680610292,68.22067272205601,67.9590453154711,419.27278721590784,0.0
1491,4.0,3.8690751772664047,-0.1309248227335953,68.22033265028895,67.95913614531327,419.23873867113446,0.0
1492,4.0,3.868913954681206,-0.13108604531879386,68.2197563729819,67.95925789769011,419.20488192824274,0.0
1493,4.0,3.878260284138087,-0.12173971586191312,68.21893693674578,67.95937842799961,421.1676111141877,0.0
1494,4.0,3.8780987343045905,-0.12190126569540949,68.21872842164224,67.95912018623322,421.13368564915345,0.0
1495,4.0,3.8778137525769734,-0.12218624742302664,68.21986134216345,67.95906758868496,421.07383948635385,0.0
1496,4.0,3.877511402505853,-0.1224885974941472,68.22180558313843,67.95908648139147,421.01034597141853,0.0
1497,4.0,3.8771765276497123,-0.12282347235028768,68.22429897577936,67.9591610719984,420.94002225162905,0.0
1498,4.0,3.8768000928509534,-0.1231999071490466,68.22704952936232,67.95925683350613,420.8609709438897,0.0
1499,4.0,3.8764670513622277,-0.12353294863777231,68.22992029508785,67.95897858117468,420.7910322312573,0.0
1500,4.0,3.8760884756664096,-0.12391152433359043,68.23285706191822,67.9589620287885,420.7115313351355,0.0
1501,4.0,3.875714494021133,-0.12428550597886678,68.23571307674203,67.95902703438448,420.6329951896274,0.0
1502,4.0,3.875348869399503,-0.12465113060049715,68.23848937578478,67.95913235071822,420.556214019085,0.0
1503,4.0,3.87499912896973,-0.12500087103027013,68.24112202489162,67.95925739819796,420.4827685288327,0.0
1504,4.0,3.874662163261255,-0.125337836738745,68.24359394745004,67.9590097534567,420.412005730053,0.0
1505,4.0,3.8743178172926775,-0.12568218270732245,68.24592602738282,67.95901997587266,420.33969307665177,0.0
1506,4.0,3.874012307014713,-0.12598769298528678,68.24805734565518,67.9590793801168,420.2755359182793,0.0
1507,4.0,3.873679870046886,-0.1263201299531138,68.25003060478457,67.95917276118996,420.2057241550356,0.0
1508,4.0,3.8733553489790995,-0.1266446510209005,68.25181685335247,67.95928363219802,420.1375747308004,0.0
1509,4.0,3.8730518148927606,-0.12694818510723938,68.25341882005947,67.95902081759334,420.07383257266923,0.0
1510,4.0,3.872748451903582,-0.1272515480964178,68.25485845071441,67.95900289844579,420.01012634494174,0.0
1511,4.0,3.8724680175141497,-0.1275319824858503,68.2561131500356,67.95905399605269,419.9512351231609,0.0
1512,4.0,3.872183568544392,-0.12781643145560784,68.257183446652,67.95916184730991,419.8915008395118,0.0
1513,4.0,3.871922866847642,-0.1280771331523578,68.25809417499262,67.95927628093695,419.83675348319434,0.0
1514,4.0,3.8716285916557394,-0.12837140834426064,68.25884496838304,67.9593786038021,419.77495569289476,0.0
1515,4.0,3.8713945529609894,-0.12860544703901056,68.25940465554223,67.95910640368659,419.7258075669973,0.0
1516,4.0,3.8806293220199715,-0.11937067798002854,68.25986189707177,67.95906600494872,421.6651090693835,0.0
1517,4.0,3.8803698801700626,-0.11963011982993743,68.26091328294933,67.95908270344931,421.61062628090264,0.0
1518,4.0,3.8799891921763963,-0.12001080782360374,68.26332739119806,67.95915031983998,421.5306818022327,0.0
1519,4.0,3.8796100286768556,-0.12038997132314444,68.26651380778551,67.95924029880315,421.4510574673292,0.0
1520,4.0,3.8696677753186517,-0.1303322246813483,68.27022074904728,67.95898275335605,419.36318426210636,0.0
1521,4.0,3.8692738868621412,-0.13072611313785876,68.2733747843227,67.95895628246062,419.28046768623915,0.0
1522,4.0,3.868947627903913,-0.13105237209608722,68.2751516573934,67.95901383261545,419.21195330501115,0.0
1523,4.0,3.8686665939183817,-0.13133340608161825,68.27594752188443,67.95912930364796,419.1529361680496,0.0
1524,4.0,3.868435373353697,-0.13156462664630286,68.27602783127858,67.95925661050236,419.10437984946583,0.0
1525,4.0,3.8682201084036048,-0.13177989159639525,68.27558844082114,67.95900302010013,419.05917420994643,0.0
1526,4.0,3.8680674479377104,-0.1319325520622896,68.27472030906118,67.95900925760667,419.0271155121086,0.0
1527,4.0,3.8678866818316546,-0.13211331816834537,68.27358974001888,67.95908432621007,418.9891546298369,0.0
1528,4.0,3.867741695629712,-0.13225830437028785,68.27218254966927,67.95918328843942,418.95870752742894,0.0
1529,4.0,3.8676065294422193,-0.13239347055778072,68.27059347843203,67.95929854201496,418.9303226280554,0.0
1530,4.0,3.867471094243235,-0.1325289057567649,68.2688634588247,67.95902340820034,418.90188123626876,0.0
1531,4.0,3.867344112514308,-0.1326558874856918,68.26697521821684,67.95900873945017,418.8752150731941,0.0
1532,4.0,3.8672360181582968,-0.13276398184170324,68.26498160823934,67.95904475851776,418.8525152584317,0.0
1533,4.0,3.8671200127139844,-0.13287998728601558,68.26289848224627,67.95913995012226,418.8281541151261,0.0
1534,4.0,3.867026005177494,-0.13297399482250594,68.26072434388196,67.95926136459592,418.80841253246314,0.0
1535,4.0,3.866930064909927,-0.1330699350900728,68.25847678710122,67.9593852708732,418.7882650762741,0.0
1536,4.0,3.866836826132019,-0.13316317386798104,68.2561192823949,67.95909631693026,418.7686849329134,0.0
1537,4.0,3.866747340792928,-0.1332526592070722,68.25372559839062,67.95905645175047,418.7498930117043,0.0
1538,4.0,3.866680075774599,-0.13331992422540084,68.25123703618227,67.95908975761674,418.73576735785525,0.0
1539,4.0,3.8760914294335964,-0.12390857056640359,68.2487276552728,67.95917412693638,420.7121516262447,0.0
1540,4.0,3.875971735963308,-0.12402826403669209,68.24695190144958,67.95926457739533,420.6870159974841,0.0
1541,4.0,3.8758055926339945,-0.12419440736600551,68.24656549589467,67.95898300057168,420.6521258983283,0.0
1542,4.0,3.8755389986442923,-0.1244610013557077,68.24712684820965,67.95896916571223,420.59614116049084,0.0
1543,4.0,3.875263528984936,-0.1247364710150638,68.24823307018355,67.95904342540942,420.53829253202605,0.0
1544,4.0,3.874987474189635,-0.12501252581036493,68.24966627776696,67.95914442662601,420.4803210250128,0.0
1545,4.0,3.8746880453327135,-0.1253119546672865,68.25131027755657,67.9592670235408,420.41744096505926,0.0
1546,4.0,3.874376009107463,-0.12562399089253695,68.25300471863349,67.95901673651862,420.35191335775664,0.0
1547,4.0,3.8643805273011784,-0.13561947269882157,68.25467459897484,67.95901710079029,418.2528621784369,0.0
1548,4.0,3.8641023482906145,-0.1358976517093855,68.25549422905041,67.95907162112648,418.1944445862185,0.0
1549,4.0,3.863941255676673,-0.1360587443233272,68.25471535140754,67.9591726069706,418.16061513729073,0.0
1550,4.0,3.86384129606525,-0.13615870393475005,68.25285384164408,67.95928478772323,418.13962361889196,0.0
1551,4.0,3.8637820324529115,-0.13621796754708848,68.25020006261718,67.95902012807234,418.12717826030087,0.0
1552,4.0,3.863736752722706,-0.13626324727729422,68.24703017963361,67.95899192458641,418.1176695169577,0.0
1553,4.0,3.863742716300952,-0.13625728369904788,68.24345895309659,67.959050739091,418.1189218683894,0.0
1554,4.0,3.863751480881271,-0.13624851911872904,68.23964766847507,67.9591515884925,418.1207624302564,0.0
1555,4.0,3.863760831683213,-0.13623916831678695,68.2356803224779,67.95928141288337,418.1227260986642,0.0
1556,4.0,3.863786694646443,-0.1362133053535568,68.23157423597574,67.95938899061129,418.12815732094253,0.0
1557,4.0,3.863840081447053,-0.13615991855294718,68.22738026193105,67.95910835890516,418.1393685490706,0.0
1558,4.0,3.863872372105963,-0.13612762789403687,68.22318659107235,67.95906460863726,418.14614958744176,0.0
1559,4.0,3.8639209199282623,-0.13607908007173775,68.21892987463207,67.95910045514269,418.1563446301246,0.0
1560,4.0,3.863985334920293,-0.13601466507970716,68.21465170591713,67.95916136527633,418.169871778451,0.0
1561,4.0,3.8640186663768135,-0.13598133362318654,68.21041504781938,67.95924383750088,418.17687138432035,0.0
1562,4.0,3.87359803282389,-0.12640196717610985,68.20616626241066,67.9589767730366,420.18853833820646,0.0
1563,4.0,3.8735986857685645,-0.12640131423143552,68.20275148304246,67.95897047114528,420.18867545658804,0.0
1564,4.0,3.873528851719207,-0.12647114828079298,68.20078352992296,67.95903137179435,420.17401030622295,0.0
1565,4.0,3.8734052191012487,-0.1265947808987513,68.1998193502243,67.95914553382042,420.1480474564517,0.0
1566,4.0,3.8732532942362976,-0.1267467057637024,68.19950085327403,67.95928302251474,420.116143234812,0.0
1567,4.0,3.8730745939288305,-0.12692540607116953,68.19959330857719,67.95902805821113,420.0786161702439,0.0
1568,4.0,3.872891965944877,-0.12710803405512294,68.1999371077375,67.95900269858328,420.0402642936137,0.0
1569,4.0,3.8726725310230035,-0.12732746897699654,68.20041849405845,67.95905907412173,419.9941829600202,0.0
1570,4.0,3.8629812008661353,-0.13701879913386472,68.20094047820993,67.95917048012846,417.9590036270779,0.0
1571,4.0,3.862822285088924,-0.137177714911076,68.20065749378512,67.95928690776282,417.9256313138635,0.0
1572,4.0,3.862739237616408,-0.1372607623835922,68.19891352504314,67.95900273643794,417.9081913446351,0.0
1573,4.0,3.8627162176874257,-0.13728378231257432,68.19611779122222,67.95897895352765,417.9033571595489,0.0
1574,4.0,3.862748123387579,-0.1372518766124209,68.19261433690608,67.95904447473357,417.9100573565811,0.0
1575,4.0,3.8628098611913533,-0.13719013880864672,68.18866964647455,67.9591520251176,417.92302229537364,0.0
1576,4.0,3.862884982163538,-0.13711501783646218,68.18440397475061,67.95926375863989,417.9387976995324,0.0
1577,4.0,3.862966657170108,-0.1370333428298922,68.17992858436247,67.95936822009149,417.9559494509121,0.0
1578,4.0,3.8630827677935864,-0.1369172322064136,68.17531135867435,67.95909277754289,417.9803326818426,0.0
1579,4.0,3.8631886846184016,-0.1368113153815984,68.17065700469757,67.95905903957409,418.00257521505375,0.0
1580,4.0,3.863290482487918,-0.13670951751208182,68.1659716075062,67.95910864875829,418.02395276765225,0.0
1581,4.0,3.8634143217200503,-0.13658567827994972,68.16126637701097,67.9591736954445,418.0499590064,0.0
1582,4.0,3.863534823055241,-0.13646517694475913,68.15660700259221,67.95926987361281,418.07526428679,0.0
1583,4.0,3.8636608469974383,-0.13633915300256172,68.15197313038557,67.95897857524707,418.10172931465144,0.0
1584,4.0,3.8637601760946354,-0.1362398239053646,68.14737410399974,67.95896212575431,418.1225884250628,0.0
1585,4.0,3.8733851291561865,-0.1266148708438135,68.14281665817683,67.95903552748902,420.1438285679885,0.0
1586,4.0,3.8734742385759393,-0.1265257614240607,68.13913759444664,67.95913834841028,420.1625415461366,0.0
1587,4.0,3.8734492214052274,-0.1265507785947726,68.13696228576389,67.95926925885675,420.1572879402871,0.0
1588,4.0,3.873382353755886,-0.1266176462441142,68.13578880809254,67.95901441980163,420.14324573392537,0.0
1589,4.0,3.873281412302884,-0.1267185876971162,68.13530243208331,67.95901512705399,420.12204802879495,0.0
1590,4.0,3.8731494904882946,-0.1268505095117054,68.13527637133468,67.95906657964191,420.0943444477312,0.0
1591,4.0,3.873025899859523,-0.12697410014047694,68.13548447295534,67.95915561144314,420.0683904156892,0.0
1592,4.0,3.872870661030217,-0.12712933896978296,68.13589788708224,67.95927388256175,420.03579026153494,0.0
1593,4.0,3.8631954896597676,-0.13680451034023244,68.13638334629857,67.95901164891319,418.0040042737406,0.0
1594,4.0,3.8630883233143787,-0.13691167668562132,68.1360921466911,67.95899313950937,417.9814993412089,0.0
1595,4.0,3.8630636122336717,-0.13693638776632833,68.13435138143338,67.9590436217379,417.97631001426043,0.0
1596,4.0,3.863111662562102,-0.13688833743789797,68.13157916270417,67.95914477639394,417.9864005832308,0.0
1597,4.0,3.8631646201494356,-0.13683537985056438,68.12819435553563,67.95927220900006,417.9975216765709,0.0
1598,4.0,3.863262060147654,-0.13673793985234584,68.12432094811831,67.95938910769107,418.0179840761968,0.0
1599,4.0,3.8633795077993596,-0.13662049220064043,68.12015316137477,67.95910238222432,418.0426480830549,0.0
1600,4.0,3.8635167132005663,-0.13648328679943367,68.11584211638343,67.95906165280579,418.07146121730835,0.0
1601,4.0,3.8636559326714752,-0.13634406732852478,68.111430560217,67.95908553983355,418.1006973061992,0.0
1602,4.0,3.8637964532799653,-0.13620354672003465,68.10696217716648,67.95915969760308,418.13020663398214,0.0
1603,4.0,3.863940973399915,-0.13605902660008518,68.10248049309962,67.95926154258481,418.16055585917155,0.0
1604,4.0,3.864093485861558,-0.1359065141384419,68.09805287339319,67.95897754102155,418.1925834761166,0.0
1605,4.0,3.8642336693419486,-0.13576633065805144,68.09363940046508,67.95896152511004,418.2220220069986,0.0
1606,4.0,3.864385704019769,-0.1356142959802309,68.08925730897182,67.9590299044237,418.25394928934094,0.0
1607,4.0,3.864539893712431,-0.1354601062875691,68.08496996600142,67.95914520687491,418.2863291247999,0.0
1608,4.0,3.87420565063058,-0.12579434936942002,68.08075079438157,67.9592701166703,420.31613807761124,0.0
1609,4.0,3.8742974757024013,-0.12570252429759865,68.07738599824486,67.95901421791652,420.33542134269373,0.0
1610,4.0,3.874313251321237,-0.12568674867876295,68.07553488201073,67.95900773616023,420.33873422264924,0.0
1611,4.0,3.8742891670947004,-0.1257108329052996,68.07474004597347,67.95907774378797,420.33367653507656,0.0
1612,4.0,3.8741990115673333,-0.12580098843266674,68.07466482927016,67.95918450006364,420.31474387432945,0.0
1613,4.0,3.874073682374143,-0.12592631762585693,68.07501536826042,67.95929035867852,420.2884247437595,0.0
1614,4.0,3.8739716071608776,-0.12602839283912237,68.07564811518894,67.95900675295186,420.26698894897373,0.0
1615,4.0,3.873838057510636,-0.12616194248936408,68.0764808319152,67.95897433607627,420.23894352242297,0.0
1616,4.0,3.864171808989525,-0.13582819101047505,68.07740607855995,67.95903716344705,418.2090313329897,0.0
1617,4.0,3.8640701492181906,-0.1359298507818094,68.0775609528243,67.95913238086563,418.18768278100947,0.0
1618,4.0,3.8640679171054524,-0.1359320828945476,68.07628141001,67.95925300971851,418.18721403733446,0.0
1619,4.0,3.8641198344650007,-0.13588016553499926,68.07401780565388,67.95937041616129,418.1981166828396,0.0
1620,4.0,3.864199327520979,-0.13580067247902106,68.0710732471033,67.95910051023738,418.21481022459506,0.0
1621,4.0,3.8643073429278796,-0.13569265707212042,68.0676765978161,67.9590727347795,418.23749346004416,0.0
1622,4.0,3.8644481554742223,-0.13555184452577773,68.06403208584733,67.9591153221026,418.2670640947761,0.0
1623,4.0,3.8645892798134955,-0.13541072018650446,68.06022777010415,67.95918638043209,418.2967002060235,0.0
1624,4.0,3.864728683507152,-0.13527131649284785,68.0562976827126,67.95926599846112,418.3259749816914,0.0
1625,4.0,3.864881964477024,-0.13511803552297597,68.05235315854223,67.9589866907156,418.35816398536446,0.0
1626,4.0,3.8650411921429213,-0.1349588078570787,68.04840906564526,67.9589781368844,418.39160179520286,0.0
1627,4.0,3.8651989752842915,-0.13480102471570854,68.04449516887907,67.95905479341255,418.4247362548906,0.0
1628,4.0,3.865356384058607,-0.13464361594139307,68.04061305123095,67.95915166977571,418.45779209749685,0.0
1629,4.0,3.8655154577444257,-0.13448454225557427,68.03680674957053,67.95926679445257,418.4911975715188,0.0
1630,4.0,3.8656614875064514,-0.13433851249354856,68.0330615797517,67.95899936052682,418.5218638215442,0.0
1631,4.0,3.875351405507392,-0.12464859449260812,68.02939219167679,67.95899588546713,420.5567466017417,0.0
1632,4.0,3.8754603644854426,-0.12453963551455738,68.02657991788439,67.9590599494487,420.5796279871323,0.0
1633,4.0,3.8754761114093363,-0.12452388859066366,68.02532892608784,67.95915875833846,420.58293484115,0.0
1634,4.0,3.8754427673808127,-0.12455723261918727,68.02511668593016,67.95926650779309,420.57593259516005,0.0
1635,4.0,3.8753664547327156,-0.12463354526728443,68.02560884445829,67.9590054988548,420.55990693905966,0.0
1636,4.0,3.8752549995811196,-0.12474500041888037,68.02654404781933,67.95900095502127,420.5365013572245,0.0
1637,4.0,3.8751420862107593,-0.12485791378924072,68.0277740146375,67.95906419457263,420.5127895494488,0.0
1638,4.0,3.8750089455319627,-0.12499105446803727,68.02920233974127,67.95915692187383,420.4848300069016,0.0
1639,4.0,3.865330004760947,-0.1346699952390531,68.03071742182016,67.9592716662255,418.45225244498823,0.0
1640,4.0,3.8652424990060754,-0.13475750099392458,68.0314870383172,67.95938123708684,418.4338762364652,0.0
1641,4.0,3.8652399564001816,-0.1347600435998184,68.03078134581482,67.95910451529163,418.4333422892275,0.0
1642,4.0,3.8652878213363664,-0.1347121786636336,68.02909931134816,67.95906487946924,418.4433939258263,0.0
1643,4.0,3.8653642573524274,-0.1346357426475726,68.026757943909,67.95908000840303,418.4594454891991,0.0
1644,4.0,3.865474505422987,-0.13452549457701313,68.02398418279893,67.95915152293199,418.48259758401656,0.0
1645,4.0,3.8656121600336757,-0.1343878399663243,68.02093081822483,67.95924129161973,418.5115050522612,0.0
1646,4.0,3.865761372291437,-0.1342386277085632,68.01771028340268,67.95897175842859,418.54283962639107,0.0
1647,4.0,3.8658946079243433,-0.13410539207565675,68.01441052052648,67.95897122684055,418.57081910930145,0.0
1648,4.0,3.866036881293974,-0.13396311870602595,68.01104967903171,67.9590369373908,418.6006965169239,0.0
1649,4.0,3.866196752548334,-0.13380324745166616,68.00770365646704,67.9591416557912,418.63426948033947,0.0
1650,4.0,3.866353248322157,-0.1336467516778428,68.00439419376283,67.95927143555564,418.6671335928424,0.0
1651,4.0,3.866504350628105,-0.13349564937189484,68.00112213893318,67.95901440482999,418.69886507709145,0.0
1652,4.0,3.8666490293895,-0.13335097061050005,67.99789848529998,67.959016855832,418.72924761698437,0.0
1653,4.0,3.866801463748618,-0.13319853625138212,67.99474379538451,67.95909058450343,418.7612588323991,0.0
1654,4.0,3.8764770561165593,-0.12352294388344065,67.99168908619181,67.95918206236576,420.7931332296668,0.0
1655,4.0,3.8765712629369657,-0.12342873706303426,67.98948162565836,67.95928670715996,420.81291666195216,0.0
1656,4.0,3.876584907890862,-0.12341509210913815,67.98879861202596,67.95900765001745,420.81578210227036,0.0
1657,4.0,3.8765465351157027,-0.12345346488429731,67.98917669445026,67.95898735115613,420.8077238194869,0.0
1658,4.0,3.876463708799621,-0.12353629120037901,67.99026072680336,67.959051252972,420.7903302931098,0.0
1659,4.0,3.8763530042952596,-0.12364699570474036,67.99176005644463,67.9591473075775,420.7670823471939,0.0
1660,4.0,3.8762296596209667,-0.12377034037903334,67.99358570812527,67.95926350863817,420.7411799655923,0.0
1661,4.0,3.876099411090444,-0.12390058890955613,67.99555915728955,67.95937347297331,420.71382777418256,0.0
1662,4.0,3.8663919421368464,-0.13360805786315355,67.99766840177759,67.95910205344869,418.6752592939271,0.0
1663,4.0,3.866300829957061,-0.13369917004293885,67.99899171046012,67.95906289535588,418.6561257361722,0.0
1664,4.0,3.8662767781652723,-0.13372322183472773,67.99885173893186,67.95910009960858,418.65107485989654,0.0
1665,4.0,3.866317112731776,-0.13368288726822408,67.99773765606359,67.95916558044914,418.6595451188623,0.0
1666,4.0,3.8663919690267994,-0.13360803097320062,67.99595409752848,67.95926109664859,418.6752649408172,0.0
1667,4.0,3.8664839066847514,-0.1335160933152486,67.99369707382525,67.95897578312335,418.69457184898715,0.0
1668,4.0,3.8666068021762054,-0.13339319782379455,67.99119590278306,67.95896652520344,418.7203799021925,0.0
1669,4.0,3.8667326621633618,-0.13326733783663824,67.98852423293422,67.95903740905861,418.7468104994953,0.0
1670,4.0,3.866875826568947,-0.1331241734310531,67.98573139595324,67.95916641000873,418.7768750246682,0.0
1671,4.0,3.8670222715034566,-0.13297772849654343,67.98293214324941,67.95928117462731,418.8076284609152,0.0
1672,4.0,3.8671581555672696,-0.1328418444327304,67.98010212939009,67.95901049567847,418.836164114316,0.0
1673,4.0,3.867303306719486,-0.13269669328051403,67.97729407632329,67.95899375366393,418.8666458562814,0.0
1674,4.0,3.8674393057061955,-0.13256069429380446,67.97453346441617,67.95905499775338,418.89520564349044,0.0
1675,4.0,3.867580149306016,-0.1324198506939842,67.97183348557837,67.95916456000775,418.9247827994527,0.0
1676,4.0,3.8677202702660796,-0.13227972973392044,67.96916415588014,67.95926651577724,418.9542082010661,0.0
1677,4.0,3.86785944953641,-0.13214055046358997,67.96656127434373,67.95900017076653,418.9834358478355,0.0
1678,4.0,3.877551062959279,-0.1224489370407209,67.9640811394947,67.95898673537327,421.018674666638,0.0
1679,4.0,3.877631025996919,-0.12236897400308111,67.96244935243895,67.95904931167247,421.0354669045424,0.0
1680,4.0,3.8776372626560685,-0.12236273734393155,67.96233074734786,67.9591620891452,421.03677660296376,0.0
1681,4.0,3.8775801940820322,-0.12241980591796775,67.96326524669482,67.95929205963235,421.02479220241617,0.0
1682,4.0,3.8774838673685403,-0.12251613263145966,67.96490316041076,67.95939700302223,421.0045635925829,0.0
1683,4.0,3.8773607010263444,-0.12263929897365555,67.96697576841774,67.95910343612533,420.97869866072176,0.0
1684,4.0,3.877209951637231,-0.12279004836276908,67.96932838748447,67.95905738783902,420.9470412890079,0.0
1685,4.0,3.867514050137456,-0.13248594986254414,67.97185927609297,67.95908752399158,418.91090197405515,0.0
1686,4.0,3.8674049864511106,-0.13259501354888936,67.97367956405914,67.95916382848449,418.88799859992264,0.0
1687,4.0,3.8673682520517256,-0.13263174794827437,67.97407809025995,67.95927311369915,418.8802843760518,0.0
1688,4.0,3.8673970489609855,-0.13260295103901454,67.9734902788034,67.95900823999308,418.8863317269964,0.0
1689,4.0,3.8674490520850866,-0.1325509479149134,67.97224050095187,67.95897094397233,418.8972523830576,0.0
1690,4.0,3.8675400636426427,-0.1324599363573573,67.9705841545571,67.95902134117152,418.9163648101444,0.0
1691,4.0,3.867651544361093,-0.13234845563890696,67.96866048579632,67.95912912351032,418.93977576101895,0.0
1692,4.0,3.86776772053098,-0.13223227946902005,67.96652304430056,67.95924963059936,418.9641727566952,0.0
1693,4.0,3.8678872345483946,-0.13211276545160544,67.96431909177458,67.95900379726356,418.9892707003522,0.0
1694,4.0,3.868007660634382,-0.13199233936561816,67.96205753310693,67.9589974448409,419.01456017840957,0.0
1695,4.0,3.868145150079686,-0.13185484992031382,67.95976614708273,67.95905532219892,419.0434329619235,0.0
1696,4.0,3.868267410848251,-0.13173258915174912,67.95750815079452,67.959160586688,419.0691077233221,0.0
1697,4.0,3.8683902796944447,-0.1316097203055553,67.95527955311721,67.9592735695996,419.0949101810228,0.0
1698,4.0,3.868519585792476,-0.1314804142075241,67.95309688114193,67.95900643640144,419.12206446160934,0.0
1699,4.0,3.8686355167577346,-0.13136448324226535,67.95098066767163,67.9589979620646,419.1464099643137,0.0
1700,4.0,3.8687572110351645,-0.13124278896483554,67.94890800726797,67.95906862156083,419.17196576257396,0.0
1701,4.0,3.878416132015511,-0.12158386798448895,67.9468823122771,67.9591816710715,421.20033916844676,0.0
1702,4.0,3.8784971250576232,-0.12150287494237677,67.94572171685982,67.9592939239849,421.21734770729034,0.0
1703,4.0,3.878471260336395,-0.12152873966360511,67.9461057871037,67.95938827858322,421.21191611583237,0.0
1704,4.0,3.878394607409994,-0.12160539259000602,67.94750312076579,67.9591020317186,421.19581900128816,0.0
1705,4.0,3.8782904942160443,-0.12170950578395567,67.94956973643794,67.95905362871098,421.1739552305587,0.0
1706,4.0,3.8781597642331436,-0.12184023576685643,67.95209663538962,67.95908377565303,421.14650193414957,0.0
1707,4.0,3.878003699911976,-0.12199630008802398,67.9549228928488,67.95915752745658,421.11372842670437,0.0
1708,4.0,3.8682710215111284,-0.13172897848887155,67.95787583925723,67.95926022821654,419.06986596252636,0.0
1709,4.0,3.8681451201403636,-0.1318548798596364,67.96012990878143,67.9589813514811,419.04342667466574,0.0
1710,4.0,3.8680987817229706,-0.1319012182770294,67.96093095470462,67.95895849676073,419.0336956070132,0.0
1711,4.0,3.8681222861769333,-0.13187771382306668,67.96074188288318,67.95902397813335,419.0386315423454,0.0
1712,4.0,3.868160784954536,-0.13183921504546392,67.95993257544085,67.95913878082092,419.046716285642,0.0
1713,4.0,3.8682440977151877,-0.13175590228481227,67.95865482039171,67.9592728760774,419.06421196537883,0.0
1714,4.0,3.868330381437125,-0.13166961856287518,67.95713544174347,67.9590226160542,419.08233154698564,0.0
1715,4.0,3.8684346167234884,-0.13156538327651157,67.95538021225367,67.95902061419538,419.104220957122,0.0
1716,4.0,3.8685497594821037,-0.13145024051789633,67.95353775831278,67.95906601829216,419.1284009364312,0.0
1717,4.0,3.8686560020131413,-0.1313439979868587,67.95166804212431,67.95915893678388,419.1507118679491,0.0
1718,4.0,3.86876278614412,-0.13123721385588016,67.94974543241905,67.95926815708596,419.1731365354546,0.0
1719,4.0,3.8688888963817933,-0.13111110361820666,67.94782249617424,67.95937297901416,419.19961968536603,0.0
1720,4.0,3.868993589753539,-0.13100641024646098,67.94594836131894,67.95908864418469,419.2216052934326,0.0
1721,4.0,3.8691121212301782,-0.13088787876982177,67.94412414496557,67.95905518930509,419.24649690352686,0.0
1722,4.0,3.8692254332242526,-0.1307745667757474,67.94233667911925,67.9590869554981,419.27029242228247,0.0
1723,4.0,3.869330514094674,-0.1306694859053259,67.94058293453334,67.95914400800827,419.29235940507095,0.0
1724,4.0,3.8789813294751934,-0.12101867052480664,67.93888060104459,67.95923517295772,421.31903063498,0.0
1725,4.0,3.879037973961188,-0.12096202603881201,67.93806873170116,67.95895458877882,421.3309259770389,0.0
1726,4.0,3.879016687046157,-0.12098331295384313,67.93874757134805,67.95893935130144,421.32645572488235,0.0
1727,4.0,3.8789173870372804,-0.1210826129627196,67.94045736889191,67.95901752517649,421.3056027230183,0.0
1728,4.0,3.878799534577698,-0.121200465422302,67.94283189126061,67.95914264093372,421.280853706506,0.0
1729,4.0,3.8786596083999654,-0.12134039160003462,67.94564369278334,67.95928504008874,421.2514692091821,0.0
1730,4.0,3.8784931899829926,-0.12150681001700736,67.94874145543189,67.95902740085738,421.21652134161786,0.0
1731,4.0,3.8687568966513957,-0.13124310334860434,67.95199707759626,67.95901184600545,419.1718997419825,0.0
1732,4.0,3.868613950376949,-0.131386049623051,67.95450517569036,67.95907173292863,419.14188102434866,0.0
1733,4.0,3.8685639793602125,-0.13143602063978754,67.95557631479718,67.95916106817661,419.131387110834,0.0
1734,4.0,3.868560215816897,-0.1314397841831032,67.95570099859313,67.95927429620536,419.1305967667377,0.0
1735,4.0,3.8686028696683747,-0.13139713033162526,67.95511059820184,67.95901582305565,419.13955407554806,0.0
1736,4.0,3.868655891227218,-0.1313441087727818,67.9540851753868,67.95900441599458,419.1506886029052,0.0
1737,4.0,3.8687558185122093,-0.1312441814877907,67.95278432959252,67.95907097945125,419.1716733327533,0.0
1738,4.0,3.86883844849727,-0.1311615515027298,67.95130638357428,67.95916656824797,419.1890256296161,0.0
1739,4.0,3.8689325409090762,-0.13106745909092377,67.94968353564036,67.95926975215893,419.2087850360953,0.0
1740,4.0,3.8690425406074267,-0.1309574593925733,67.94800901057697,67.9593709163854,419.2318849727489,0.0
1741,4.0,3.869134067960206,-0.1308659320397938,67.94631291423345,67.95908747172064,419.2511057168326,0.0
1742,4.0,3.869249334981767,-0.13075066501823285,67.94463125902793,67.9590448948228,419.2753117913604,0.0
1743,4.0,3.8693518028483416,-0.13064819715165843,67.94295706224837,67.95907871098926,419.29683004334106,0.0
1744,4.0,3.869445939083517,-0.13055406091648303,67.94133608134004,67.95916237214838,419.3165986527279,0.0
1745,4.0,3.8695540673372872,-0.13044593266271276,67.93971882912169,67.9592675179605,419.3393055860197,0.0
1746,4.0,3.8696587867738534,-0.13034121322614656,67.93818192056186,67.95899270168765,419.3612966676986,0.0
1747,4.0,3.8793066694179323,-0.12069333058206766,67.93667501495977,67.95897097699127,421.38735202295516,0.0
1748,4.0,3.8793523339620917,-0.12064766603790833,67.93605143534964,67.95902840864741,421.39694157722863,0.0
1749,4.0,3.879309104414913,-0.12069089558508717,67.93690539750295,67.95914432551844,421.3878633723211,0.0
1750,4.0,3.879220530240326,-0.12077946975967402,67.93878914979557,67.95927170732189,421.36926279565785,0.0
1751,4.0,3.8790968649175865,-0.12090313508241346,67.94132321772048,67.9590200852296,421.34329307788255,0.0
1752,4.0,3.8789239066384327,-0.12107609336156733,67.94431682339858,67.95901046343349,421.30697183926026,0.0
1753,4.0,3.8787545213527155,-0.12124547864728452,67.94758224407136,67.95907816480657,421.27140092925964,0.0
1754,4.0,3.8689962014528354,-0.1310037985471646,67.95098273892961,67.9591881712001,419.2221537502848,0.0
1755,4.0,3.868855715506602,-0.1311442844933981,67.95364545977019,67.95929287705161,419.19265170157576,0.0
1756,4.0,3.8687995937512283,-0.13120040624877172,67.95487358700287,67.95900954092225,419.1808661329473,0.0
1757,4.0,3.8687902054828416,-0.13120979451715842,67.9551219080358,67.95898291140568,419.1788945965861,0.0
1758,4.0,3.868817066621921,-0.13118293337807918,67.95467649709191,67.95904347295821,419.1845354357927,0.0
1759,4.0,3.8688760438119223,-0.1311239561880777,67.95378036020601,67.95914310807143,419.196920645693,0.0
1760,4.0,3.8689423169222077,-0.1310576830777923,67.95260436517191,67.95926930329976,419.2108379988529,0.0
1761,4.0,3.8690273069224927,-0.13097269307750725,67.95122524884212,67.95938582959029,419.2286858989128,0.0
1762,4.0,3.8691176933179943,-0.13088230668200573,67.94973456156518,67.95912563979121,419.2476670419681,0.0
1763,4.0,3.869219303052968,-0.1307806969470322,67.94816663622272,67.95909380366221,419.2690050863125,0.0
1764,4.0,3.8693141080640485,-0.13068589193595148,67.94659051607155,67.95910473255618,419.2889141386395,0.0
1765,4.0,3.869418530268866,-0.13058146973113383,67.94503192730498,67.95916573765955,419.3108428016512,0.0
1766,4.0,3.8695141160093804,-0.13048588399061956,67.94347153580689,67.9592452635574,419.33091580715916,0.0
1767,4.0,3.86960906386024,-0.13039093613976016,67.94193306809328,67.95896283098533,419.35085485583966,0.0
1768,4.0,3.869705195408998,-0.13029480459100196,67.94043067491286,67.95894430660651,419.37104248107886,0.0
1769,4.0,3.869795651145517,-0.13020434885448307,67.93897920688678,67.95901455654395,419.3900381857478,0.0
1770,4.0,3.879429568232834,-0.12057043176716586,67.93758921688973,67.95913692412127,421.4131607740844,0.0
1771,4.0,3.8794775851156915,-0.12052241488430848,67.9369987346931,67.95928500253302,421.42324431948447,0.0
1772,4.0,3.8794226811483745,-0.12057731885162548,67.93795878263568,67.9590408063487,421.4117144863479,0.0
1773,4.0,3.8793265696906003,-0.1206734303093997,67.93991388367756,67.95902166847017,421.3915310802153,0.0
1774,4.0,3.8791976029693953,-0.12080239703060469,67.94255692175933,67.9590665517337,421.3644480687623,0.0
1775,4.0,3.879032791906558,-0.12096720809344186,67.94560251327535,67.95915104367636,421.32983774556646,0.0
1776,4.0,3.8788586016942532,-0.12114139830574677,67.94892330375403,67.95925303979254,421.2932578009824,0.0
1777,4.0,3.869091736533595,-0.13090826346640494,67.9524094772716,67.95897993800708,419.2422161172442,0.0
1778,4.0,3.8689447497025204,-0.13105525029747955,67.95512766494299,67.95897508401211,419.21134888271854,0.0
1779,4.0,3.868877715504902,-0.1311222844950981,67.95638900541304,67.95904773922045,419.19727170121865,0.0
1780,4.0,3.868874183508764,-0.1311258164912359,67.95667799636844,67.9591611594576,419.19652998202974,0.0
1781,4.0,3.868895930229835,-0.13110406977016487,67.9563066666101,67.95928526765213,419.20109679345467,0.0
1782,4.0,3.868950021787246,-0.13104997821275388,67.9554883494553,67.95941382117162,419.21245602051096,0.0
1783,4.0,3.869023436364293,-0.13097656363570698,67.95433155731078,67.95912202333734,419.2278730816908,0.0
1784,4.0,3.8691027594455094,-0.1308972405544906,67.95300803635058,67.95906658435845,419.24453092874626,0.0
1785,4.0,3.869201800596513,-0.13079819940348703,67.95156276947408,67.95907119598563,419.265329570457,0.0
1786,4.0,3.869284478000832,-0.1307155219991678,67.95007265220661,67.95913927607133,419.28269182536405,0.0
1787,4.0,3.8693848547814373,-0.13061514521856266,67.94852200051957,67.95923721847713,419.30377094929116,0.0
1788,4.0,3.869475299800507,-0.13052470019949292,67.94696837657104,67.95896748446425,419.3227644032958,0.0
1789,4.0,3.8695692411383296,-0.13043075886167044,67.94544215747162,67.9589668023356,419.34249208423853,0.0
1790,4.0,3.869662745115129,-0.1303372548848709,67.94396272921531,67.95903485230271,419.36212791936646,0.0
1791,4.0,3.869753246508602,-0.1302467534913978,67.94251213548196,67.95916664817116,419.3811332119958,0.0
1792,4.0,3.8698440459610173,-0.13015595403898272,67.94107323303211,67.95930386536403,419.400201097003,0.0
1793,4.0,3.879470442934828,-0.1205295570651721,67.93969606573187,67.95904640840934,421.42174446150324,0.0
1794,4.0,3.879512131006638,-0.12048786899336195,67.93915530544315,67.95904183120307,421.4304989565834,0.0
1795,4.0,3.8794667390659545,-0.12053326093404548,67.94012246981646,67.95908120968227,421.4209666490398,0.0
1796,4.0,3.879367498876685,-0.12063250112331492,67.94211713173016,67.95914698312197,421.40012620929326,0.0
1797,4.0,3.8792200415772355,-0.12077995842276446,67.9447610426216,67.95925447504509,421.36916017640885,0.0
1798,4.0,3.879052974092643,-0.12094702590735684,67.94783251643611,67.9589795197638,421.33407600464443,0.0
1799,4.0,3.8788731530885188,-0.12112684691148123,67.9511838780876,67.95896824881979,421.29631359377834,0.0
1800,4.0,3.8786725117591567,-0.12132748824084327,67.95467814963975,67.95903979822154,421.2541789146123,0.0
1801,4.0,3.868913117946568,-0.13108688205343189,67.95820238616433,67.95915320652617,419.2047062139687,0.0
1802,4.0,3.868748310578619,-0.1312516894213811,67.96095772391858,67.95928579853899,419.17009666669935,0.0
1803,4.0,3.8686835501434356,-0.13131644985656443,67.96223480616393,67.95940991767492,419.15649697531086,0.0
1804,4.0,3.8686625599050473,-0.13133744009495274,67.96249949649687,67.95914713440487,419.1520890252493,0.0
1805,4.0,3.8687002268344,-0.13129977316559982,67.96203391496421,67.95910410097967,419.15999908041346,0.0
1806,4.0,3.8687492519468107,-0.13125074805318926,67.9611243297148,67.95912407994649,419.1702943540197,0.0
1807,4.0,3.8688169350295847,-0.13118306497041532,67.95990654185418,67.95915859533795,419.1845078014022,0.0
1808,4.0,3.8689002055416095,-0.13109979445839048,67.95846824100332,67.95922458882538,419.2019946089274,0.0
1809,4.0,3.8689862905003443,-0.13101370949965574,67.95692821264593,67.95894547796068,419.2200724502617,0.0
1810,4.0,3.8690721324292836,-0.1309278675707164,67.95531931482006,67.95893220917681,419.23809925533897,0.0
1811,4.0,3.8691820815871956,-0.13081791841280443,67.95367397202344,67.95900680780264,419.2611885785005,0.0
1812,4.0,3.8692678890662116,-0.13073211093378845,67.95204365014804,67.95912999098346,419.27920814909385,0.0
1813,4.0,3.8693643932138677,-0.13063560678613229,67.95039502635,67.95928100262105,419.2994740201016,0.0
1814,4.0,3.8694511078675875,-0.1305488921324125,67.94878973790914,67.95902977262506,419.31768409738277,0.0
1815,4.0,3.869558164334354,-0.13044183566564582,67.94723457429211,67.95902399382847,419.3401659554038,0.0
1816,4.0,3.8791925919441828,-0.12080740805581724,67.94570145233124,67.95909854835313,421.3633957534678,0.0
1817,4.0,3.879237989873892,-0.12076201012610799,67.94502360513445,67.9591968807932,421.3729293187067,0.0
1818,4.0,3.8791925656401447,-0.1208074343598553,67.9458580528804,67.959301524517,421.36339022961977,0.0
1819,4.0,3.879086793408601,-0.12091320659139893,67.94767778460606,67.95902884400208,421.3411780609956,0.0
1820,4.0,3.8789514487470633,-0.12104855125293668,67.95018846449774,67.95898469989555,421.3127556820727,0.0
1821,4.0,3.878797655253432,-0.12120234474656799,67.95311856114783,67.95903028326326,421.28045904841014,0.0
1822,4.0,3.8786211505822563,-0.12137884941774368,67.95631270245038,67.95912069832643,421.2433930674632,0.0
1823,4.0,3.878428748566319,-0.12157125143368086,67.95965601123152,67.95923929704398,421.20298864411643,0.0
1824,4.0,3.868658332434922,-0.1313416675650778,67.96308576360931,67.95935764212291,419.15120125652305,0.0
1825,4.0,3.8685144195760017,-0.13148558042399827,67.96568988686143,67.95909675413219,419.12097955614973,0.0
1826,4.0,3.8684448756710252,-0.13155512432897476,67.96681864528537,67.95906116920581,419.1063753361047,0.0
1827,4.0,3.868440129263131,-0.13155987073686903,67.96693420937011,67.95908911155183,419.1053785904469,0.0
1828,4.0,3.868465538622627,-0.131534461377373,67.96639170921718,67.95917628193153,419.11071455594106,0.0
1829,4.0,3.8685258412690056,-0.13147415873099444,67.96533846029,67.9592782424132,419.12337811168055,0.0
1830,4.0,3.868597900852301,-0.13140209914769896,67.96399527474912,67.95900913329923,419.1385106241726,0.0
1831,4.0,3.868686259795223,-0.13131374020477704,67.96244744682011,67.95898236186135,419.15706600218624,0.0
1832,4.0,3.8687826574966184,-0.13121734250338157,67.96078376830354,67.95904768657518,419.1773095194793,0.0
1833,4.0,3.868873572140203,-0.131126427859797,67.95904654937925,67.95915224117049,419.19640159463205,0.0
1834,4.0,3.86898147584798,-0.1310185241520201,67.95728875268946,67.95927405133499,419.2190613732652,0.0
1835,4.0,3.8690701369656493,-0.13092986303435072,67.9555318330343,67.95903067925953,419.2376802079758,0.0
1836,4.0,3.869169518262621,-0.13083048173737888,67.95379523902287,67.95900187030617,419.2585502803399,0.0
1837,4.0,3.869274268918413,-0.1307257310815868,67.95210197004901,67.95905036262972,419.2805479180562,0.0
1838,4.0,3.869373616522709,-0.13062638347729116,67.95042027165873,67.9591420110242,419.3014109149583,0.0
1839,4.0,3.879000900282383,-0.12099909971761713,67.94879264525562,67.95925406756187,421.32314050448986,0.0
1840,4.0,3.8790576949721416,-0.12094230502785841,67.94801545361865,67.95902946226211,421.3350673893392,0.0
1841,4.0,3.8790126314918023,-0.12098736850819769,67.94873169352222,67.95903151279036,421.32560405846795,0.0
1842,4.0,3.8789153756033707,-0.12108462439662926,67.95047033077087,67.95909247515912,421.3051803218973,0.0
1843,4.0,3.8787933070642784,-0.12120669293572162,67.95287631297431,67.95919768146857,421.2795459286879,0.0
1844,4.0,3.8786302880068426,-0.12136971199315738,67.95572064789734,67.95930974138811,421.2453119266264,0.0
1845,4.0,3.8784497136612726,-0.12155028633872744,67.95881639546394,67.95941230820966,421.2073913140567,0.0
1846,4.0,3.8782713750077162,-0.12172862499228376,67.9620560570463,67.9591831881155,421.1699401968099,0.0
1847,4.0,3.8685007779518013,-0.13149922204819875,67.96538175785567,67.95913934687289,419.1181148150677,0.0
1848,4.0,3.8683500976712595,-0.13164990232874052,67.967909668796,67.95916601091025,419.08647195615396,0.0
1849,4.0,3.8682901852899145,-0.13170981471008547,67.96894505424912,67.95921770374939,419.0738903560715,0.0
1850,4.0,3.868281853237221,-0.13171814676277904,67.96896986336658,67.95929399540039,419.07214062500583,0.0
1851,4.0,3.8683177386510876,-0.13168226134891237,67.96829584356283,67.95909710156585,419.07967656191784,0.0
1852,4.0,3.868373237418106,-0.13162676258189387,67.9671764954997,67.9590930864039,419.0913313029917,0.0
1853,4.0,3.868454022876594,-0.1315459771234062,67.96577221497445,67.95915605321944,419.10829624927413,0.0
1854,4.0,3.8685426061043757,-0.13145739389562427,67.96415778170558,67.95924357040332,419.1268987271083,0.0
1855,4.0,3.8686384746007842,-0.13136152539921575,67.96239280796428,67.95934044993564,419.1470311113541,0.0
1856,4.0,3.8687406916769667,-0.13125930832303334,67.96058295579743,67.95917011322162,419.16849669735245,0.0
1857,4.0,3.868850100586072,-0.13114989941392796,67.95873383567151,67.95916896998443,419.1914725682646,0.0
1858,4.0,3.868951334510545,-0.13104866548945493,67.9569095022669,67.95920369372395,419.21273169240396,0.0
1859,4.0,3.869045729536771,-0.13095427046322916,67.95509179947831,67.95925748895918,419.2325546479114,0.0
1860,4.0,3.8691482661640566,-0.1308517338359434,67.95330333848936,67.95932485637965,419.2540873396414,0.0
1861,4.0,3.86924995641855,-0.13075004358144993,67.95156444135779,67.95915300015234,419.275442293085,0.0
1862,4.0,3.869349990661926,-0.13065000933807402,67.94987157538078,67.95914875555867,419.29644948419394,0.0
1863,4.0,3.8694502577850995,-0.13054974221490045,67.94820487453336,67.95920354042046,419.3175055800604,0.0
1864,4.0,3.8695331191870594,-0.13046688081294056,67.94660877327125,67.95927040641548,419.334906474472,0.0
1865,4.0,3.8696375437427237,-0.13036245625727627,67.94505200539061,67.959353905916,419.3568356311615,0.0
1866,4.0,3.8794544736685985,-0.12054552633140148,67.94353895174572,67.95943717024785,421.41839091559524,0.0
1867,4.0,3.8795032345933533,-0.12049676540664667,67.94292419636932,67.95929756597903,421.42863070979377,0.0
1868,4.0,3.8794589159586765,-0.12054108404132347,67.94382039586431,67.95928175577875,421.41932379651166,0.0
1869,4.0,3.879356211633985,-0.12064378836601497,67.94576896607528,67.95929475540176,421.39775588832646,0.0
1870,4.0,3.8696286963337934,-0.13037130366620664,67.94840529656297,67.95932246051538,419.3549776752862,0.0
1871,4.0,3.869519302909883,-0.13048069709011711,67.95064636565637,67.9593592091448,419.332005056265,0.0
1872,4.0,3.869477256669541,-0.130522743330459,67.9516941576561,67.95921816601573,419.32317534579323,0.0
1873,4.0,3.869461532759668,-0.1305384672403318,67.95190662448948,67.95921910508996,419.31987332471994,0.0
1874,4.0,3.869488843425515,-0.1305111565744852,67.95160247809774,67.95925430281129,419.32560856454774,0.0
1875,4.0,3.86952767822936,-0.13047232177064005,67.95092627898721,67.9593104413004,419.3337638733552,0.0
1876,4.0,3.869584411984396,-0.13041558801560393,67.9500076522258,67.9593687299511,419.3456779619128,0.0
1877,4.0,3.8696510569077063,-0.13034894309229372,67.94893586701028,67.95927577249891,419.359673395808,0.0
1878,4.0,3.8697354764015577,-0.13026452359844232,67.94775430029448,67.95928648018997,419.3774014895168,0.0
1879,4.0,3.8698218464772474,-0.13017815352275264,67.94651103412082,67.95931994254707,419.39553920541164,0.0
1880,4.0,3.869907538723378,-0.1300924612766221,67.94526198112209,67.95937075620023,419.413534577099,0.0
1881,4.0,3.869982311956749,-0.13001768804325087,67.94400951352219,67.95941731284242,419.429236956107,0.0
1882,4.0,3.8700647021934342,-0.12993529780656576,67.94276442313105,67.95930566884172,419.4465389058109,0.0
1883,4.0,3.870131095160521,-0.129868904839479,67.94154473612667,67.95930160379471,419.4604814288991,0.0
1884,4.0,3.8702170693494615,-0.12978293065053847,67.94036368479733,67.95933119679063,419.47853600857655,0.0
1885,4.0,3.8702987997462936,-0.12970120025370635,67.93922435981429,67.95937098262021,419.4956993919113,0.0
1886,4.0,3.8703869872609737,-0.12961301273902626,67.93810124851593,67.95941067382033,419.5142187699941,0.0
1887,4.0,3.870469537493407,-0.12953046250659295,67.93704609151696,67.95945556609735,419.5315543188051,0.0
1888,4.0,3.8705449349641503,-0.1294550650358497,67.93601185749189,67.95936366904142,419.5473877876612,0.0
1889,4.0,3.8706225973175346,-0.12937740268246545,67.93499290558529,67.959353299129,419.56369688187186,0.0
1890,4.0,3.870688577451758,-0.12931142254824213,67.93404065869497,67.95937038825224,419.57755271005874,0.0
1891,4.0,3.8707659447622658,-0.12923405523773424,67.93313517176479,67.95939258269009,419.5937998452654,0.0
1892,4.0,3.870827582371107,-0.12917241762889287,67.93227161947078,67.95942417562458,419.6067437431221,0.0
1893,4.0,3.8613107405404072,-0.13868925945959276,67.93144161514574,67.95934660563837,417.6082069586751,0.0
1894,4.0,3.8614313766908857,-0.13856862330911435,67.92988912732002,67.95934345133762,417.6335405502756,0.0
1895,4.0,3.861628844189584,-0.13837115581041592,67.92685989764811,67.95936480531418,417.6750087250023,0.0
1896,4.0,3.861896974157553,-0.13810302584244694,67.92289874633221,67.95939894317829,417.7313160182758,0.0
1897,4.0,3.8621770530856394,-0.1378229469143606,67.91837399596135,67.95944170991254,417.7901325931739,0.0
1898,4.0,3.862486101990529,-0.137513898009471,67.9135147420011,67.95938362741568,417.85503286320073,0.0
1899,4.0,3.8628097061709226,-0.13719029382907744,67.90844215524324,67.95938275287473,417.92298974108337,0.0
1900,4.0,3.8631441649586993,-0.13685583504130072,67.90331026524997,67.95939964186245,417.9932260865165,0.0
1901,4.0,3.8730059838247297,-0.12699401617527029,67.89819255277065,67.95942652815762,420.06420804838285,0.0
1902,4.0,3.8732856537659783,-0.12671434623402167,67.89393013221326,67.95944774035397,420.12293873604506,0.0
1903,4.0,3.8734791919797362,-0.12652080802026378,67.89125325927948,67.95946548715177,420.1635817609342,0.0
1904,4.0,3.873612012687058,-0.12638798731294187,67.88965424426168,67.95939251195423,420.1914741094718,0.0
1905,4.0,3.8736916711014975,-0.12630832889850252,67.88878285030536,67.95936124848068,420.20820237650406,0.0
1906,4.0,3.873754373264864,-0.12624562673513617,67.88845260041171,67.95936039815078,420.221369830811,0.0
1907,4.0,3.873783325588865,-0.12621667441113482,67.88850799096757,67.95937406280656,420.22744981885126,0.0
1908,4.0,3.8738295255273245,-0.1261704744726755,67.88882256450107,67.95939737830517,420.23715180592774,0.0
1909,4.0,3.8738568612139828,-0.12614313878601724,67.88931883459942,67.95936320367363,420.24289230012596,0.0
1910,4.0,3.8738716751713915,-0.12612832482860847,67.889971174654,67.95938246152947,420.2460032311818,0.0
1911,4.0,3.873893431289977,-0.12610656871002313,67.8906985940933,67.95940649113749,420.25057201608473,0.0
1912,4.0,3.8738991915637064,-0.12610080843629357,67.89150072902275,67.95944014016091,420.25178167356796,0.0
1913,4.0,3.8739099662939656,-0.12609003370603444,67.89234614462593,67.95945845454858,420.25404436692236,0.0
1914,4.0,3.8739106086450334,-0.12608939135496655,67.89322910662776,67.95943265821991,420.2541792606466,0.0
1915,4.0,3.873912200146556,-0.12608779985344398,67.8941184758616,67.9594278146945,420.25451347596635,0.0
1916,4.0,3.864326846346616,-0.13567315365338395,67.89502786465235,67.9594231183647,418.24158917797894,0.0
1917,4.0,3.8643629938932307,-0.13563700610676932,67.89517647832015,67.95943408625142,418.249180162768,0.0
1918,4.0,3.864489330533786,-0.13551066946621404,67.89381229301944,67.9594372653337,418.27571085728465,0.0
1919,4.0,3.8646754345983236,-0.13532456540167637,67.89151072509442,67.959415184943,418.31479271083754,0.0
1920,4.0,3.8649035417697144,-0.1350964582302856,67.88860170780248,67.9594253268107,418.3626952168296,0.0
1921,4.0,3.865133120937338,-0.13486687906266193,67.88531587506988,67.95943095997022,418.41090684203056,0.0
1922,4.0,3.865387957008127,-0.1346120429918729,67.88180893277035,67.95944637975495,418.46442241689624,0.0
1923,4.0,3.8656455339719242,-0.13435446602807577,67.87819881585477,67.95945912931117,418.51851357929365,0.0
1924,4.0,3.865912535986984,-0.13408746401301608,67.87455202963247,67.95945873326204,418.57458400245616,0.0
1925,4.0,3.86618427874297,-0.1338157212570299,67.87095394949412,67.95943864872982,418.6316499812133,0.0
1926,4.0,3.866448339946916,-0.13355166005308394,67.86743038374692,67.95944604803309,418.6871028340419,0.0
1927,4.0,3.8666991467824063,-0.13330085321759366,67.86399874936227,67.95945162370661,418.7397722694949,0.0
1928,4.0,3.8669505365576433,-0.13304946344235669,67.86066831000754,67.9594496372375,418.79256412229466,0.0
1929,4.0,3.8671989902270703,-0.13280100977292975,67.85746350905099,67.95945817386163,418.8447393928743,0.0
1930,4.0,3.8674458853847544,-0.13255411461524558,67.85437967502031,67.95944165043704,418.896587375988,0.0
1931,4.0,3.8676934046365345,-0.13230659536346545,67.8514583814184,67.95943401144592,418.94856641886184,0.0
1932,4.0,3.8679270611893033,-0.1320729388106967,67.84864305148275,67.95943290029517,418.9976342949433,0.0
1933,4.0,3.868138388685514,-0.13186161131448593,67.84598095049019,67.95944215854635,419.0420130691476,0.0
1934,4.0,3.868355022965134,-0.131644977034866,67.84343286110342,67.95945537531574,419.08750626786775,0.0
1935,4.0,3.868587079661478,-0.13141292033852192,67.8410263870346,67.95945132237017,419.1362381741,0.0
1936,4.0,3.868816919439498,-0.13118308056050187,67.83872829268836,67.95946649889865,419.18450452748425,0.0
1937,4.0,3.869042301891127,-0.13095769810887292,67.83658316038408,67.95947701360657,419.23183484232635,0.0
1938,4.0,3.869271857489879,-0.130728142510121,67.83456564725529,67.9594770225852,419.28004151806425,0.0
1939,4.0,3.869486293178215,-0.1305137068217852,67.83263597596917,67.9594765357597,419.3250730126148,0.0
1940,4.0,3.8696879536774422,-0.13031204632255777,67.83085770010045,67.95946652702808,419.36742171745254,0.0
1941,4.0,3.869883266523402,-0.1301167334765978,67.82920683654767,67.95944910808775,419.4084374151041,0.0
1942,4.0,3.870083683381455,-0.12991631661854486,67.82766007818749,67.9594506071594,419.45052495529524,0.0
1943,4.0,3.860496564490338,-0.13950343550966204,67.82626180863707,67.95944161448601,417.43722998816065,0.0
1944,4.0,3.860729545628822,-0.1392704543711778,67.82413074331295,67.95944240672114,417.4861560272423,0.0
1945,4.0,3.8610502147233716,-0.13894978527662838,67.82060596417371,67.95945800036534,417.5534965370977,0.0
1946,4.0,3.8614259136798723,-0.1385740863201277,67.81621943413236,67.95947218188874,417.63239331796285,0.0
1947,4.0,3.861826396334947,-0.13817360366505316,67.811322112211,67.959480414985,417.7164946755285,0.0
1948,4.0,3.86225118349102,-0.1377488165089802,67.80611467085487,67.95947848057455,417.80569997830383,0.0
1949,4.0,3.862680899674251,-0.1373191003257488,67.80079119227835,67.95948254232373,417.89594037678245,0.0
1950,4.0,3.863123477718243,-0.13687652228175695,67.79545158456735,67.95948256696629,417.9888817660207,0.0
1951,4.0,3.863556247677405,-0.1364437523225952,67.7902053175646,67.95947268600332,418.0797634574447,0.0
1952,4.0,3.863983766523617,-0.1360162334763828,67.78508077742187,67.95947149904694,418.1695424151493,0.0
1953,4.0,3.8644091302578465,-0.1355908697421535,67.78010178148955,67.95947718098958,418.25886879933745,0.0
1954,4.0,3.864818965016832,-0.13518103498316814,67.77534379294603,67.95947978532413,418.34493409872437,0.0
1955,4.0,3.865230811590314,-0.134769188409686,67.77075228024484,67.9594831662217,418.4314218791556,0.0
1956,4.0,3.8656239445139065,-0.13437605548609355,67.76638944459687,67.95948160219542,418.51397979311,0.0
1957,4.0,3.866010779364793,-0.13398922063520713,67.76221692341306,67.9594789611808,418.59521511179616,0.0
1958,4.0,3.866388017253937,-0.1336119827460629,67.75827646860863,67.95948042785017,418.67443506851646,0.0
1959,4.0,3.866755085754564,-0.13324491424543616,67.75453450689031,67.95947954459412,418.7515194536481,0.0
1960,4.0,3.867114755607613,-0.13288524439238714,67.75102053591824,67.95947447917503,418.82705012278836,0.0
1961,4.0,3.86746113079819,-0.1325388692018099,67.74770814726443,67.95947816024957,418.8997889128096,0.0
1962,4.0,3.867804987664012,-0.13219501233598807,67.74459313468998,67.95946973856958,418.97199885463215,0.0
1963,4.0,3.8681342446172975,-0.1318657553827025,67.7417183836313,67.95946869381808,419.04114281482214,0.0
1964,4.0,3.868456546512873,-0.13154345348712715,67.73899963362095,67.95947346629512,419.10882621289295,0.0
1965,4.0,3.8687693965941357,-0.13123060340586434,67.7365053933175,67.9594759162935,419.17452472995814,0.0
1966,4.0,3.869074160810347,-0.13092583918965284,67.73416198522128,67.95946801097088,419.23852521536253,0.0
1967,4.0,3.8693699072242147,-0.1306300927757853,67.7320193890057,67.95946241254032,419.30063196227474,0.0
1968,4.0,3.869661392475048,-0.1303386075249522,67.7300439730615,67.9594586761235,419.36184386494966,0.0
1969,4.0,3.869941271683418,-0.13005872831658216,67.72825422967601,67.9594562149957,419.42061849870737,0.0
1970,4.0,3.8702173870464183,-0.12978261295358173,67.72662286742691,67.95945459224872,419.47860272493745,0.0
1971,4.0,3.870490373907714,-0.1295096260922861,67.72515114889983,67.9594535532665,419.53592996580954,0.0
1972,4.0,3.8707500556212637,-0.12924994437873627,67.7238255056226,67.95945287852996,419.590463125655,0.0
1973,4.0,3.871005942660144,-0.12899405733985603,67.72266930867268,67.95945931377622,419.64419940381987,0.0
1974,4.0,3.8712493191866835,-0.12875068081331653,67.72166826322679,67.9594590382859,419.6953084743932,0.0
1975,4.0,3.871494613771648,-0.12850538622835206,67.72079341607675,67.9594588678565,419.7468203372357,0.0
1976,4.0,3.8717253317948273,-0.12827466820517275,67.7200991503457,67.95946955045697,419.7952711221034,0.0
1977,4.0,3.8719431722347744,-0.12805682776522564,67.71949541591393,67.95948004035513,419.8410176144923,0.0
1978,4.0,3.862528153899253,-0.13747184610074692,67.71906859282068,67.95948006508412,417.8638637640328,0.0
1979,4.0,3.8627720972968627,-0.13722790270313734,67.71795290676225,67.95948189664975,417.9150918775308,0.0
1980,4.0,3.86309761738659,-0.13690238261340992,67.7154888968321,67.95947000136866,417.9834510963736,0.0
1981,4.0,3.8634652705865498,-0.13653472941345024,67.71217199950658,67.9594766506139,418.0606582683651,0.0
1982,4.0,3.8638840877686653,-0.13611591223133468,67.70833801282717,67.95947126241879,418.1486098766094,0.0
1983,4.0,3.864324131541703,-0.13567586845829682,67.70424445830582,67.95947211177132,418.2410190689473,0.0
1984,4.0,3.8647676645226974,-0.13523233547730262,67.70003319458652,67.95947656246237,418.3341609949561,0.0
1985,4.0,3.8652171722705377,-0.13478282772946226,67.6958164048024,67.95947488869407,418.4285576220026,0.0
1986,4.0,3.865657793853688,-0.1343422061463122,67.69170113708132,67.9594723981156,418.5210881544641,0.0
1987,4.0,3.866092641836183,-0.13390735816381705,67.68770476432927,67.95946844069542,418.6124062307881,0.0
1988,4.0,3.8665214634867646,-0.13347853651323538,67.68388270899256,67.95946167362271,418.70245877741024,0.0
1989,4.0,3.8669359281228135,-0.1330640718771865,67.68026128650618,67.9594656765508,418.7894963509805,0.0
1990,4.0,3.867345081937898,-0.13265491806210195,67.67682235178849,67.95947388164932,418.87541865214826,0.0
1991,4.0,3.8677379258443176,-0.13226207415568236,67.67360915659948,67.95947795740085,418.95791587249636,0.0
1992,4.0,3.868120555126139,-0.13187944487386094,67.67060371489936,67.95947458565458,419.03826802167885,0.0
1993,4.0,3.8684929484724773,-0.13150705152752273,67.66782317621089,67.9594764935811,419.1164706244099,0.0
1994,4.0,3.86885262576876,-0.13114737423124012,67.66524693716254,67.95947915978692,419.19200285662924,0.0
1995,4.0,3.8692057425023423,-0.13079425749765772,67.66289415797655,67.95947508962858,419.2661573706815,0.0
1996,4.0,3.8695674626688503,-0.13043253733114968,67.66073029954437,67.95947003319519,419.34211860564824,0.0
1997,4.0,3.869915111399626,-0.13008488860037382,67.65875253282181,67.95945564028159,419.4151248391112,0.0
1998,4.0,3.870255113501786,-0.12974488649821403,67.65700637263917,67.95946594918789,419.4865252805647,0.0
1999,4.0,3.8705786589907065,-0.12942134100929348,67.65543285957885,67.95947376432889,419.55446983323804,0.0
2000,4.0,3.870899024637754,-0.12910097536224585,67.65405354695417,67.95947949738897,419.621746619118,0.0
2001,4.0,3.87120220256042,-0.1287977974395802,67.65287550457117,67.95948372950903,419.68541398287783,0.0
2002,4.0,3.871495908676678,-0.1285040913233222,67.65187380147432,67.95948537098107,419.74709226729203,0.0
2003,4.0,3.871786222727964,-0.1282137772720362,67.65103083287757,67.95947961485699,419.8080582180621,0.0
2004,4.0,3.872060335114805,-0.12793966488519493,67.65038061589652,67.95948859537583,419.8656218192988,0.0
2005,4.0,3.872332773366522,-0.12766722663347796,67.64989982164964,67.95949101602982,419.92283385215933,0.0
2006,4.0,3.8725888936429604,-0.12741110635703956,67.64958180691221,67.95947864955001,419.9766191102114,0.0
2007,4.0,3.8728375090918234,-0.12716249090817655,67.6494073365772,67.95947165337294,420.02882835447264,0.0
2008,4.0,3.879548384789837,-0.1204516152101629,67.64937526162143,67.95947682700755,421.4381122510555,0.0
2009,4.0,3.8797507716962656,-0.12024922830373441,67.65003562212841,67.95947266078365,421.48061350140546,0.0
2010,4.0,3.8798819406980587,-0.1201180593019413,67.65183679877421,67.95945960697374,421.508158991782,0.0
2011,4.0,3.87995452009133,-0.12004547990866987,67.65443393417726,67.95946029071115,421.52340066436903,0.0
2012,4.0,3.8799965507909544,-0.1200034492090456,67.6575656529628,67.9594626928153,421.5322271112901,0.0
2013,4.0,3.880020602389571,-0.11997939761042886,67.66108073059708,67.95946668472179,421.53727794699967,0.0
2014,4.0,3.8800295974454344,-0.11997040255456559,67.66485524168965,67.95946907906864,421.539166908731,0.0
2015,4.0,3.8800297844350458,-0.11997021556495424,67.66883467107195,67.95946085598128,421.5392061765494,0.0
2016,4.0,3.8800201598365747,-0.11997984016342533,67.67293036690701,67.9594691556654,421.5371850108705,0.0
2017,4.0,3.8799962279665174,-0.12000377203348256,67.67710972835623,67.95948068061682,421.53215931815845,0.0
2018,4.0,3.8799606278396195,-0.12003937216038052,67.68134977507503,67.95948061112719,421.52468329150986,0.0
2019,4.0,3.8799165347951985,-0.12008346520480151,67.68561506238741,67.95948062684188,421.51542375218145,0.0
2020,4.0,3.8798797024038203,-0.1201202975961797,67.68989358551079,67.95947739629474,421.50768894999203,0.0
2021,4.0,3.87983941731554,-0.12016058268446006,67.69419261138879,67.95947877165011,421.49922908145317,0.0
2022,4.0,3.879795608290863,-0.12020439170913688,67.6984895029196,67.95948035195038,421.49002918627104,0.0
2023,4.0,3.8797487626991107,-0.12025123730088927,67.70278019154675,67.95949138843281,421.48019161200307,0.0
2024,4.0,3.879688111472731,-0.12031188852726915,67.70704378344361,67.95947804324157,421.4674548544633,0.0
2025,4.0,3.8796343609535806,-0.12036563904641939,67.71129149294826,67.95947725409454,421.45616724544175,0.0
2026,4.0,3.879575063375422,-0.1204249366245782,67.71551755735933,67.95947566849075,421.4437147540284,0.0
2027,4.0,3.8795177396082297,-0.12048226039177035,67.7197216861583,67.9594726909997,421.4316767629181,0.0
2028,4.0,3.8794652522195125,-0.12053474778048745,67.72389991872672,67.95946222199434,421.4206544112875,0.0
2029,4.0,3.8794064615931987,-0.12059353840680131,67.72806264027987,67.95946107848408,421.4083083797616,0.0
2030,4.0,3.8793385591675054,-0.12066144083249464,67.73219518689866,67.95945929578711,421.394048870366,0.0
2031,4.0,3.8792688298002806,-0.12073117019971935,67.73630313737925,67.95945954395178,421.37940570324884,0.0
2032,4.0,3.8792010316924768,-0.12079896830752324,67.74038459127037,67.95946336385443,421.36516810061,0.0
2033,4.0,3.87913435812558,-0.12086564187442006,67.74443769856175,67.95946333781087,421.35116665156164,0.0
2034,4.0,3.879069775060924,-0.12093022493907579,67.74846505504767,67.95946455714909,421.33760420798393,0.0
2035,4.0,3.879010643674027,-0.12098935632597296,67.75245573941447,67.95946617432091,421.32518661673555,0.0
2036,4.0,3.878939878075897,-0.1210601219241032,67.7564161043346,67.95946769448746,421.3103258411282,0.0
2037,4.0,3.8788610367818084,-0.12113896321819162,67.76034951791056,67.9594742591521,421.2937691693696,0.0
2038,4.0,3.8787847434794567,-0.12121525652054332,67.76424034697666,67.9594743850431,421.27774757587576,0.0
2039,4.0,3.878707466018083,-0.12129253398191686,67.76809010444536,67.9594826898466,421.2615193089873,0.0
2040,4.0,3.878639013236937,-0.12136098676306295,67.77190089177066,67.95949153303002,421.2471442249466,0.0
2041,4.0,3.878566064384155,-0.12143393561584492,67.77567353616894,67.95948744932247,421.2318249658624,0.0
2042,4.0,3.878498447653392,-0.12150155234660787,67.77941156283009,67.95947942185545,421.2176254524022,0.0
2043,4.0,3.878433048092157,-0.12156695190784284,67.78312159300512,67.95947611222404,421.2038915445429,0.0
2044,4.0,3.8783456547033337,-0.1216543452966663,67.78680187510136,67.95947921032096,421.18553893289,0.0
2045,4.0,3.878264363639724,-0.12173563636027618,67.79043939479013,67.95948282869342,421.16846780953193,0.0
2046,4.0,3.8781817814237685,-0.12181821857623154,67.79404652142824,67.95948620762059,421.1511255441813,0.0
2047,4.0,3.8781011742138958,-0.12189882578610423,67.79761573314026,67.95948902880053,421.13419803010805,0.0
