Step,Desired Gap (s),Actual Gap (s),Error (s),Ego Speed (km/h),Target Speed (km/h),Incremental Torque (Nm),Incremental Brake Torque (Nm),Vehicle Distance (m)
0,4.0,5.9828116137806635,1.9828116137806635,60.243008100367774,68.04594398121982,188.36710330916304,0.0,100.11738014221191
1,4.0,6.067099818927371,2.067099818927371,59.47408576840121,68.04594956516287,196.37448279810025,0.0,100.23200416564941
2,4.0,6.145629035215898,2.145629035215898,58.78711829752754,68.04595632741274,203.83475834551032,0.0,100.35661697387695
3,4.0,6.218793923269142,2.218793923269142,58.17276076791995,68.045960288844,210.78542271056847,0.0,100.49011421203613
4,4.0,6.2877842175471566,2.2877842175471566,57.615515587344554,68.04596104962667,217.33950066697986,0.0,100.63164710998535
5,4.0,6.353094886064007,2.3530948860640066,57.1075231204072,68.04595997540318,223.54401417608062,0.0,100.78042030334473
6,4.0,6.41542988186005,2.4154298818600504,56.639907607964176,68.04595899572581,229.46583877670477,0.0,100.93593215942383
7,4.0,6.475293339920077,2.4752933399200767,56.206187065431386,68.04595812889596,235.15286729240728,0.0,101.09765243530273
8,4.0,6.533050345879757,2.533050345879757,55.80154875470906,68.04595593377532,240.63978285857692,0.0,101.26509094238281
9,4.0,6.588969887923936,2.588969887923936,55.422423913452526,68.04596067384864,245.9521393527739,0.0,101.43796730041504
10,4.0,6.643239789245234,2.643239789245234,55.06611377531671,68.04596005510099,251.10777997829723,0.0,101.6159439086914
11,4.0,6.695993637977597,2.6959936379775966,54.730532974166884,68.04595217631379,256.1193956078717,0.0,101.7986946105957
12,4.0,6.747327994603826,2.7473279946038263,54.414073321076785,68.04596251966879,260.9961594873635,0.0,101.98600006103516
13,4.0,6.79730706029006,2.79730706029006,54.11544673557931,68.04595907809144,265.7441707275557,0.0,102.17758560180664
14,4.0,6.845973215211051,2.8459732152110506,53.83361561826156,68.04595831171488,270.3674554450498,0.0,102.3731918334961
15,4.0,6.893360294563404,2.8933602945634043,53.56768274124585,68.04595964525204,274.8692279835234,0.0,102.57259368896484
16,4.0,6.9394817468159795,2.9394817468159795,53.31692757501484,68.0459571236508,279.25076594751806,0.0,102.7755126953125
17,4.0,6.984359558175943,2.9843595581759432,53.08067917497327,68.04594353089423,283.5141580267146,0.0,102.98181915283203
18,4.0,7.028005650731734,3.0280056507317337,52.858339037570026,68.04594334696588,287.6605368195147,0.0,103.1913070678711
19,4.0,7.0704281614173405,3.0704281614173405,52.64937762953342,68.04593775560578,291.6906753346473,0.0,103.40378952026367
20,4.0,7.1116295278535775,3.1116295278535775,52.453290656591726,68.0459439707681,295.60480514608986,0.0,103.61899185180664
21,4.0,7.151627000199804,3.151627000199804,52.26960603784767,68.0459418422878,299.4045650189814,0.0,103.83686828613281
22,4.0,7.190424975318769,3.190424975318769,52.097862812228854,68.04594426302069,303.09037265528303,0.0,104.05715942382812
23,4.0,7.22803976128293,3.22803976128293,51.93761660095197,68.04595169878988,306.66377732187834,0.0,104.27976608276367
24,4.0,7.264478389133194,3.2644783891331937,51.78845452501977,68.04595669656133,310.1254469676534,0.0,104.50447463989258
25,4.0,7.299758431965201,3.299758431965201,51.649970886000574,68.04596843974612,313.4770510366941,0.0,104.73119735717773
26,4.0,7.3338928718975485,3.3338928718975485,51.52174800870591,68.04597082232374,316.7198228302671,0.0,104.959716796875
27,4.0,7.36690262718975,3.3669026271897504,51.40340579434637,68.04595974327393,319.8557495830263,0.0,105.18996810913086
28,4.0,7.398800770134012,3.398800770134012,51.294559745597795,68.04596039659135,322.8860731627312,0.0,105.4217300415039
29,4.0,7.429609955812316,3.4296099558123156,51.194847465111586,68.04595221615281,325.81294580216996,0.0,105.6549301147461
30,4.0,7.459358705837957,3.459358705837957,51.10388724958111,68.04595264375476,328.6390770546059,0.0,105.88950729370117
31,4.0,7.4880583525752735,3.4880583525752735,51.02132871522215,68.04594681503544,331.365543494651,0.0,106.12519073486328
32,4.0,7.515737677144221,3.5157376771442213,50.94684046029653,68.04595533326274,333.995079328701,0.0,106.36196899414062
33,4.0,7.5424222921762185,3.5424222921762185,50.88008328570122,68.04595371340444,336.53011775674076,0.0,106.5997428894043
34,4.0,7.568135466485268,3.568135466485268,50.82072751377574,68.04595294850277,338.97286931610046,0.0,106.83837509155273
35,4.0,7.592908174640739,3.5929081746407387,50.76846263607265,68.04596355027323,341.3262765908702,0.0,107.07785415649414
36,4.0,7.616755122553064,3.616755122553064,50.72299038718393,68.04596152852916,343.5917366425411,0.0,107.31794357299805
37,4.0,7.639714006932728,3.639714006932728,50.683998511666175,68.04595940019566,345.77283065860917,0.0,107.55868148803711
38,4.0,7.661798251623057,3.6617982516230567,50.65121711552134,68.04595975281043,347.87083390419036,0.0,107.79983520507812
39,4.0,7.68304068809206,3.68304068809206,50.624359755238224,68.04596081309826,349.8888653687457,0.0,108.0413932800293
40,4.0,7.7034653099724455,3.7034653099724455,50.603150395552994,68.04595760953323,351.8292044473823,0.0,108.2832260131836
41,4.0,7.723103053601139,3.7231030536011387,50.58735796643392,68.04595837411227,353.6947900921082,0.0,108.52538299560547
42,4.0,7.741977709858035,3.741977709858035,50.576701188214194,68.04595379467101,355.4878824365133,0.0,108.76769256591797
43,4.0,7.760112401000798,3.7601124010007982,50.57095336634834,68.04596000009333,357.2106780950758,0.0,109.01007843017578
44,4.0,7.777537833264655,3.777537833264655,50.56987003925895,68.04596398768591,358.86609416014227,0.0,109.25252151489258
45,4.0,7.794268689505563,3.7942686895055626,50.57325211711876,68.04595646568738,360.45552550302847,0.0,109.49486541748047
46,4.0,7.810346615764676,3.8103466157646757,50.58085836450795,68.04594939267434,361.9829284976442,0.0,109.73723220825195
47,4.0,7.825868546303559,3.8258685463035587,50.59192217186999,68.04595382416119,363.45751189883805,0.0,109.9793701171875
48,4.0,7.840848989432772,3.8408489894327724,50.60638076000279,68.04594566401914,364.8806539961134,0.0,110.22138595581055
49,4.0,7.8551843063635856,3.8551843063635856,50.62486813397602,68.04594974018492,366.2425091045406,0.0,110.46324157714844
50,4.0,7.868911831438034,3.8689118314380337,50.647039263367155,68.04595486519855,367.5466239866132,0.0,110.70474624633789
51,4.0,7.8820619412630455,3.8820619412630455,50.67271261899328,68.04595781186347,368.7958844199893,0.0,110.94596099853516
52,4.0,7.894682166846597,3.8946821668465974,50.70150497404523,68.04595624866742,369.99480585042676,0.0,111.18674087524414
53,4.0,7.906793895002957,3.9067938950029566,50.73328732368899,68.04595554702202,371.1454200252809,0.0,111.4271240234375
54,4.0,7.9184540215366175,3.9184540215366175,50.76769943125532,68.04595592505633,372.25313204597865,0.0,111.6671371459961
55,4.0,7.929660251051251,3.929660251051251,50.80467581268271,68.04595444799773,373.31772384986886,0.0,111.9066162109375
56,4.0,7.940443146029258,3.940443146029258,50.843992041790315,68.04595287317358,374.3420988727795,0.0,112.1455078125
57,4.0,7.950805329930329,3.950805329930329,50.8856522697366,68.04595260186846,375.32650634338125,0.0,112.38386535644531
58,4.0,7.960758996619779,3.960758996619779,50.9295172843685,68.04596267432333,376.272104678879,0.0,112.6215591430664
59,4.0,7.9703145967324,3.9703145967323996,50.97555663751328,68.04595869484953,377.179886689578,0.0,112.85867309570312
60,4.0,7.979482023911152,3.979482023911152,51.023647629344886,68.04595316844527,378.05079227155943,0.0,113.09507751464844
61,4.0,7.988274991035066,3.988274991035066,51.07372316206476,68.04595974720539,378.8861241483313,0.0,113.33081817626953
62,4.0,7.996709945489303,3.996709945489303,51.125644223528234,68.04595537048095,379.6874448214838,0.0,113.5658187866211
63,4.0,8.00480337431033,4.004803374310329,51.17932025945727,68.0459620347017,380.4563205594813,0.0,113.80010986328125
64,4.0,8.01257530957696,4.01257530957696,51.23462129660208,68.04596021081511,381.19465440981116,0.0,114.03368377685547
65,4.0,8.020038057459123,4.020038057459123,51.29144658548174,68.04596583720803,381.9036154586167,0.0,114.26648712158203
66,4.0,8.02720199332242,4.02720199332242,51.349694432721094,68.04595873027732,382.58418936562987,0.0,114.4984359741211
67,4.0,8.034087853136231,4.034087853136231,51.40927244987663,68.04595718805408,383.238346047942,0.0,114.7296142578125
68,4.0,8.040708486926013,4.040708486926013,51.47008406602231,68.04595063386876,383.8673062579712,0.0,114.9599838256836
69,4.0,8.04707308556312,4.04707308556312,51.532035847888864,68.0459480001991,384.47194312849643,0.0,115.18946075439453
70,4.0,8.053196216450718,4.0531962164507185,51.59505813410448,68.04594541126907,385.05364056281826,0.0,115.4180908203125
71,4.0,8.059085264065782,4.059085264065782,51.659069325979196,68.0459467245272,385.6131000862493,0.0,115.64579010009766
72,4.0,8.064759089437965,4.064759089437965,51.7239893263314,68.04594831593022,386.15211349660666,0.0,115.87264251708984
73,4.0,8.070220450613373,4.070220450613373,51.78975266252727,68.04595409634426,386.67094280827047,0.0,116.0985336303711
74,4.0,8.075484825546322,4.075484825546322,51.856300835718834,68.04596564871838,387.17105842690063,0.0,116.32354736328125
75,4.0,8.080559967282829,4.080559967282829,51.923563566758126,68.04596118059061,387.65319689186873,0.0,116.5476303100586
76,4.0,8.085451900112323,4.085451900112323,51.99149190726249,68.04595490350992,388.1179305106707,0.0,116.770751953125
77,4.0,8.090171326675344,4.090171326675344,52.06003057829831,68.04595781884923,388.56627603415774,0.0,116.99293518066406
78,4.0,8.09472527009674,4.09472527009674,52.129127486883675,68.0459442813824,388.9989006591903,0.0,117.21415710449219
79,4.0,8.099121514302645,4.099121514302645,52.198728977009814,68.04594248610675,389.4165438587513,0.0,117.43440246582031
80,4.0,8.103366576810126,4.103366576810126,52.268789472415136,68.04594069241199,389.819824796962,0.0,117.65365600585938
81,4.0,8.107465404036088,4.107465404036088,52.33926668796719,68.04595096406597,390.20921338342833,0.0,117.87188720703125
82,4.0,8.111452511252375,4.111452511252375,52.40996561838038,68.04596024477145,390.5879885689757,0.0,118.08915200829506
83,4.0,8.115326229205385,4.115326229205385,52.480893530503714,68.04595664189944,390.9559917745116,0.0,118.30543661117554
84,4.0,8.11906033687723,4.119060336877229,52.55221421231415,68.04596525653727,391.3107320033368,0.0,118.52072167396545
85,4.0,8.122671521192391,4.122671521192391,52.62384640021149,68.04596534356341,391.65379451327715,0.0,118.7350606918335
86,4.0,8.126165500056937,4.126165500056937,52.69575067517012,68.04596096238723,391.985722505409,0.0,118.94844198226929
87,4.0,8.129546988393011,4.129546988393011,52.76788198302269,68.04595156275656,392.30696389733606,0.0,119.16082668304443
88,4.0,8.132841974106865,4.132841974106865,52.840082629383225,68.04595201436565,392.61998754015224,0.0,119.37223386764526
89,4.0,8.13604928955454,4.13604928955454,52.91234132777136,68.04594567947537,392.9246825076813,0.0,119.58261585235596
90,4.0,8.139154248871893,4.139154248871893,52.984802347078904,68.04594740892297,393.2196536428299,0.0,119.79207754135132
91,4.0,8.142177106127454,4.142177106127454,53.057283076401866,68.04594743059297,393.5068250821081,0.0,120.00049877166748
92,4.0,8.14511543968643,4.14511543968643,53.129788625698836,68.04595421362593,393.78596677021085,0.0,120.2078504562378
93,4.0,8.147976688658327,4.147976688658327,53.202312469257535,68.04595943205506,394.05778542254103,0.0,120.41422271728516
94,4.0,8.150777508219253,4.150777508219253,53.27474104498562,68.04595702449792,394.323863280829,0.0,120.61960029602051
95,4.0,8.153496662512152,4.153496662512152,53.347203214333625,68.04595296782621,394.58218293865446,0.0,120.82395648956299
96,4.0,8.156120828621795,4.156120828621795,53.419787538833425,68.04595347683534,394.8314787190705,0.0,121.02728939056396
97,4.0,8.158663054765396,4.158663054765396,53.49242771714581,68.04595524305495,395.0729902027127,0.0,121.2296371459961
98,4.0,8.161134613648455,4.161134613648455,53.56507377268907,68.04596145972532,395.30778829660323,0.0,121.43104934692383
99,4.0,8.16352673926838,4.163526739268381,53.63769812765893,68.04595661958585,395.5350402304962,0.0,121.63132858276367
100,4.0,8.165860670752167,4.165860670752167,53.71026160399836,68.04594796360261,395.75676372145585,0.0,121.83069801330566
101,4.0,8.168133389872256,4.168133389872256,53.78275121202342,68.0459522299497,395.97267203786436,0.0,122.02907943725586
102,4.0,8.170342985298303,4.170342985298303,53.855141741905406,68.04595380323,435.80084196367267,0.0,122.22638320922852
103,4.0,8.170160418569896,4.170160418569896,53.942810374060464,68.0459552448945,435.783498124474,0.0,122.42261505126953
104,4.0,8.165812081820674,4.165812081820674,54.05736365610482,68.04595135996374,435.3704061332979,0.0,122.6172981262207
105,4.0,8.158747497271639,4.158747497271639,54.18931296866393,68.04596137542006,474.2073718252201,0.0,122.81025598943233
106,4.0,8.149904520269448,4.149904520269448,54.33248805668256,68.04596035979522,473.367289010012,0.0,123.00127500295639
107,4.0,8.13769112268556,4.13769112268556,54.49757785737136,68.04595482078456,472.2070162395426,0.0,123.19012653827667
108,4.0,8.12089490354979,4.1208949035497895,54.69287033873269,68.04595096720008,470.6113754216444,0.0,123.37640333175659
109,4.0,8.101264427259093,4.101264427259093,54.90688272347773,68.04595421588411,468.7464801740282,0.0,123.5597710609436
110,4.0,8.079997998933825,4.079997998933825,55.13175493199111,68.04594716662496,466.7261694831278,0.0,123.74013042449951
111,4.0,8.057927091391432,4.0579270913914325,55.361940468694414,68.04595272307998,464.62943326660053,0.0,123.91735553741455
112,4.0,8.03562942746271,4.035629427462711,55.5935270777578,68.0459537227892,462.5111551933719,0.0,124.091383934021
113,4.0,8.013501988111617,4.013501988111617,55.823785879200706,68.04595976694928,460.409048455018,0.0,124.2622275352478
114,4.0,7.991808094892249,3.9918080948922494,56.05085928892606,68.0459561459973,458.3481285991781,0.0,124.42991971969604
115,4.0,7.970610890834962,3.970610890834962,56.274250712358466,68.045949184339,456.3343942137358,0.0,124.59448766708374
116,4.0,7.95004201334698,3.9500420133469802,56.49298081879533,68.04594637373273,454.38035085237755,0.0,124.75599193572998
117,4.0,7.930328746097424,3.930328746097424,56.70541880877792,68.04595135618125,452.50759046366977,0.0,124.9146146774292
118,4.0,7.911366863259485,3.9113668632594853,56.91215053257,68.04595637162511,450.7062115940656,0.0,125.07025051116943
119,4.0,7.893178982346032,3.893178982346032,57.11300568822962,68.04595879928284,448.97836290728753,0.0,125.22310447692871
120,4.0,7.8758854392622455,3.8758854392622455,57.30703707023624,68.04595750726584,447.3354763143278,0.0,125.3732385635376
121,4.0,7.85944294794117,3.8594429479411696,57.49449547815872,68.04595847711913,445.7734396388256,0.0,125.520751953125
122,4.0,7.84380734008746,3.8438073400874604,57.675630464879625,68.04596102813986,444.28805689272315,0.0,125.66570377349854
123,4.0,7.828851195750375,3.8288511957503752,57.85127083598569,68.0459622821728,442.86722318070014,0.0,125.8080530166626
124,4.0,7.814564195991118,3.8145641959911183,58.02155818948242,68.04594863519829,441.50995820357076,0.0,125.9481086730957
125,4.0,7.801010532738265,3.801010532738265,58.185922892946316,68.04595090876697,440.22236019454965,0.0,126.0858325958252
126,4.0,7.788067556100104,3.7880675561001036,58.34522450076605,68.04594250716022,438.99277741392433,0.0,126.22126388549805
127,4.0,7.775713601173502,3.7757136011735017,58.499647963197795,68.04594538606322,437.81915169589706,0.0,126.35458564758301
128,4.0,7.763997939787522,3.7639979397875223,58.64874938273408,68.04594742921387,436.70616386422904,0.0,126.48576927185059
129,4.0,7.752879323725983,3.752879323725983,58.79287271327599,68.04594775864248,435.6498953383828,0.0,126.6150131225586
130,4.0,7.742261123578327,3.742261123578327,58.932696908981896,68.04594706520415,434.6411663243555,0.0,126.74231338500977
131,4.0,7.732058999178955,3.732058999178955,59.06880987298686,68.04595359085731,433.6719645064151,0.0,126.86764526367188
132,4.0,7.722332508775818,3.7223325087758177,59.20076899034923,68.04596582415019,432.7479479181171,0.0,126.99111747741699
133,4.0,7.713113790622852,3.7131137906228524,59.32831541748746,68.04596285995727,431.8721696935854,0.0,127.11279106140137
134,4.0,7.704323768686453,3.7043237686864527,59.45207266232308,68.04595866356588,431.0371176096275,0.0,127.2327823638916
135,4.0,7.695930244476308,3.6959302444763082,59.572236670497716,68.04594932958963,430.2397328096637,0.0,127.35104942321777
136,4.0,7.687968587403277,3.687968587403277,59.68856052992047,68.04595596622656,429.4833753877258,0.0,127.46771621704102
137,4.0,7.680404712915821,3.680404712915821,59.801278958304536,68.04595695267048,428.7648073114175,0.0,127.58278465270996
138,4.0,7.673175000799822,3.673175000799822,59.910894500149354,68.04595554216999,428.0779846603976,0.0,127.69632720947266
139,4.0,7.666257352401414,3.6662573524014137,60.01753376077648,68.04595822230013,427.4208080625488,0.0,127.80829429626465
140,4.0,7.659689572162377,3.6596895721623772,60.12096676519788,68.04596094657845,426.79686893984035,0.0,127.91887283325195
141,4.0,7.653452724860401,3.6534527248604007,60.22129584235254,68.04595652403837,426.2043684461525,0.0,128.02801132202148
142,4.0,7.64753763623863,3.6475376362386296,60.318588895279454,68.04595445966359,425.6424350270842,0.0,128.13574409484863
143,4.0,7.641933687887735,3.641933687887735,60.41294736731831,68.04595646656323,425.1100599337493,0.0,128.24214935302734
144,4.0,7.636628090329816,3.6366280903298156,60.50447887163499,68.04594849647852,424.606028165747,0.0,128.3472785949707
145,4.0,7.6316106014211975,3.6316106014211975,60.59326339292845,68.04595545972204,424.12936671942816,0.0,128.45116424560547
146,4.0,7.626867550515304,3.6268675505153043,60.67942482178784,68.0459519091665,423.6787768833684,0.0,128.55387115478516
147,4.0,7.622365858796345,3.6223658587963454,60.76322706155886,68.04595847080795,423.2511161700673,0.0,128.6554298400879
148,4.0,7.618057838022406,3.6180578380224064,60.845013608486035,68.04595661333222,422.8418541965431,0.0,128.75578689575195
149,4.0,7.61391846000571,3.61391846000571,60.92501835748506,68.04596116448592,422.4486132849569,0.0,128.85503387451172
150,4.0,7.609918570595137,3.609918570595137,61.003479422117856,68.04596334076108,422.06862379095253,0.0,128.95319747924805
151,4.0,7.606039486864809,3.606039486864809,61.08056175005219,68.0459604214192,421.70011083657124,0.0,129.05032348632812
152,4.0,7.60226548042988,3.60226548042988,61.156375244206316,68.04595579294455,421.341580225253,0.0,129.14638900756836
153,4.0,7.598583208533722,3.5985832085337224,61.231035038549024,68.0459571218505,420.99176439511814,0.0,129.2414207458496
154,4.0,7.594986274858916,3.5949862748589156,61.30457210558639,68.0459624245842,420.65005569601146,0.0,129.33538436889648
155,4.0,7.591468751590559,3.5914687515905586,61.377041149776126,68.04595776600524,420.31589098551757,0.0,129.42830276489258
156,4.0,7.588029153070406,3.588029153070406,61.448506545781974,68.04595279446657,419.9891291261031,0.0,129.52029418945312
157,4.0,7.584659193134271,3.5846591931342706,61.51899391136002,68.04594823747782,419.6689829321702,0.0,129.61127853393555
158,4.0,7.581354927097055,3.5813549270970553,61.5885429136969,68.04595259965858,419.35507765863474,0.0,129.70127868652344
159,4.0,7.578119618060544,3.578119618060544,61.65715658654972,68.0459435576922,419.0477233001661,0.0,129.79036331176758
160,4.0,7.574941142843271,3.5749411428432714,61.72486356529345,68.04594730479019,418.7457681545253,0.0,129.87839126586914
161,4.0,7.5718249255043535,3.5718249255043535,61.791698535023045,68.04594561319212,418.449727507328,0.0,129.96553421020508
162,4.0,7.568764686922495,3.5687646869224947,61.85768468524242,68.04594421257532,418.1590048420515,0.0,130.05173873901367
163,4.0,7.565760210837436,3.5657602108374364,61.92283036696402,68.0459503125885,417.87357961397095,0.0,130.13702392578125
164,4.0,7.562812067957516,3.562812067957516,61.98715932920287,68.04596103659338,417.59350604037843,0.0,130.22145462036133
165,4.0,7.559914693058916,3.559914693058916,62.050673076467305,68.04596662991364,417.31825542501144,0.0,130.3049430847168
166,4.0,7.557070773453427,3.557070773453427,62.113390916834206,68.04595960046295,417.04808306249,0.0,130.38758087158203
167,4.0,7.554272942896999,3.554272942896999,62.17534579715374,68.04596726704098,416.78228915962933,0.0,130.4693145751953
168,4.0,7.551528059056522,3.5515280590565217,62.236517406761244,68.04596546866553,416.5215251947841,0.0,130.55022430419922
169,4.0,7.548830593951333,3.548830593951333,62.296941947022944,68.04595948630887,416.26526600979105,0.0,130.6302947998047
170,4.0,7.546185634831784,3.546185634831784,62.35662275612646,68.04595457710371,416.01399489343396,0.0,130.70962524414062
171,4.0,7.5435825902079285,3.5435825902079285,62.41557990236065,68.04594652288897,415.7667056541677,0.0,130.78807830810547
172,4.0,7.541025931460037,3.5410259314600374,62.47382013731611,68.04594729610109,415.52382307311797,0.0,130.86574935913086
173,4.0,7.538511296985443,3.538511296985443,62.531359618626986,68.04595202629368,415.2849327980316,0.0,130.94260025024414
174,4.0,7.5360396160443575,3.5360396160443575,62.588207187514925,68.04595515941577,415.0501231086284,0.0,131.01866912841797
175,4.0,7.533612965272643,3.533612965272643,62.64435668290799,68.04595669827675,414.8195912853156,0.0,131.0939826965332
176,4.0,7.531229632903108,3.5312296329031083,62.69981520345285,68.04596020748227,414.5931747102098,0.0,131.16852951049805
177,4.0,7.528881576940061,3.528881576940061,62.75463539895115,68.04596635985274,447.89448437465086,0.0,131.24228286743164
178,4.0,7.525005076246057,3.5250050762460567,62.8218203332519,68.04595993072084,447.5262168087204,0.0,131.31514358520508
179,4.0,7.518366005531503,3.5183660055315027,62.911636518172976,68.04595325202506,446.8955050908378,0.0,131.3868637084961
180,4.0,7.509955591443192,3.509955591443192,63.015835044472645,68.04594486594135,446.0965157524482,0.0,131.45725631713867
181,4.0,7.500421149327532,3.500421149327532,63.12897951709298,68.04594994226511,445.19074375146056,0.0,131.52609252929688
182,4.0,7.490204574224574,3.490204574224574,63.24738494873819,68.04594741895117,444.22016911667953,0.0,131.59329223632812
183,4.0,7.479591893100712,3.4795918931007117,63.36864336458276,68.0459551369077,443.21196440991264,0.0,131.65877532958984
184,4.0,7.4687934781597916,3.4687934781597916,63.49102724903495,68.04595530445083,442.1861149905252,0.0,131.72260284423828
185,4.0,7.457964330865605,3.4579643308656047,63.61319536661524,68.04595561149087,441.15734599757747,0.0,131.78470611572266
186,4.0,7.447197592835437,3.447197592835437,63.73437328561089,68.04595699429203,440.13450588471153,0.0,131.84513092041016
187,4.0,7.43653878695974,3.4365387869597397,63.85418123437472,68.04596499041818,439.1219193265203,0.0,131.90391540527344
188,4.0,7.4260305916914,3.4260305916914,63.97224782729624,68.0459689399498,438.123640776028,0.0,131.96107482910156
189,4.0,7.4157272449393155,3.4157272449393155,64.08816694453411,68.04597138560092,437.14482283458,0.0,132.01676824688911
190,4.0,7.405628215974365,3.4056282159743647,64.20182123686061,68.04596093899582,436.1854150829097,0.0,132.07078301906586
191,4.0,7.395742132744635,3.395742132744635,64.3131664028425,68.04594491325521,435.24623717608534,0.0,132.12322068214417
192,4.0,7.3860715432957855,3.3860715432957855,64.42217890620778,68.04594278907315,434.32753117844464,0.0,132.17411732673645
193,4.0,7.37661914213138,3.3766191421313803,64.52886304831044,68.04593736114235,433.42955306782613,0.0,132.22356843948364
194,4.0,7.367379530805362,3.367379530805362,64.63322491452888,68.0459389069792,432.55178999185443,0.0,132.27152729034424
195,4.0,7.358351303059781,3.3583513030597807,64.73530421580092,68.0459390918839,431.6941083560242,0.0,132.31808614730835
196,4.0,7.349526530393545,3.349526530393545,64.83514479952693,68.04593974935757,430.8557549527318,0.0,132.36322689056396
197,4.0,7.340902392492718,3.340902392492718,64.93276365559147,68.04594195295905,430.03646185215325,0.0,132.40696668624878
198,4.0,7.33247215586418,3.3324721558641803,65.02822431285,68.04594859158821,429.2355893724422,0.0,132.44934558868408
199,4.0,7.324233193605347,3.3242331936053473,65.1215761093149,68.0459573717702,428.452887957853,0.0,132.49044704437256
200,4.0,7.316182577745231,3.3161825777452307,65.21284172487371,68.04596199071865,427.68807945114196,0.0,132.53029346466064
201,4.0,7.3083131684829175,3.3083131684829175,65.3020813403989,68.04595450668667,426.94048557122215,0.0,132.5689058303833
202,4.0,7.30061842175164,3.30061842175164,65.38934037248414,68.04595788983656,426.2094846317508,0.0,132.60628414154053
203,4.0,7.293097576204586,3.2930975762045858,65.4746474826942,68.04595496106526,425.49500430478065,0.0,132.64249801635742
204,4.0,7.285742279374736,3.2857422793747357,65.55805106632728,68.04595557714259,424.7962511059449,0.0,132.67751789093018
205,4.0,7.2785504412566,3.2785504412566002,65.63959247149653,68.04596104173596,424.11302648472207,0.0,132.71141242980957
206,4.0,7.2715149879036565,3.2715149879036565,65.71931658105353,68.04596299163065,423.4446584161924,0.0,132.74416542053223
207,4.0,7.264633143982879,3.264633143982879,65.79725558922163,68.04596021444624,422.7908832437185,0.0,132.77581214904785
208,4.0,7.257901289575108,3.2579012895751083,65.8734540838236,68.04596077959401,422.1513570749803,0.0,132.806396484375
209,4.0,7.251313236949749,3.2513132369497493,65.94795213555297,68.04595506869043,421.5254920755712,0.0,132.83590507507324
210,4.0,7.244867944784524,3.2448679447845237,66.02076437532159,68.04595333214804,420.9131893198748,0.0,132.86436653137207
211,4.0,7.238563169121852,3.2385631691218517,66.09194232132799,68.04594496869065,420.31423563192095,0.0,132.89186096191406
212,4.0,7.232393275236752,3.2323932752367517,66.16153004634671,68.04594438030458,419.7280957128364,0.0,132.91839027404785
213,4.0,7.226357574340065,3.2263575743400654,66.22953539525649,68.04594742274949,419.15470412765126,0.0,132.94397354125977
214,4.0,7.220448485217971,3.220448485217971,66.29600975587084,68.04594960495642,418.59334066105225,0.0,132.96858978271484
215,4.0,7.214667235895969,3.214667235895969,66.3609812062425,68.0459481292263,418.0441219754621,0.0,132.9923324584961
216,4.0,7.209009197663598,3.2090091976635984,66.42448341850594,68.04595544635106,417.50660834338686,0.0,133.01519775390625
217,4.0,7.203470871340424,3.203470871340424,66.486542921987,68.04595105967394,416.9804673426853,0.0,133.03718757629395
218,4.0,7.198049502443273,3.198049502443273,66.54718161762369,68.04595817260076,416.46543729745594,0.0,133.05830764770508
219,4.0,7.192744703265475,3.1927447032654754,66.60644656600492,68.04596003087175,415.9614813755652,0.0,133.07865715026855
220,4.0,7.187549101150656,3.1875491011506556,66.66436201005332,68.04595833294898,415.4678991746573,0.0,133.09815979003906
221,4.0,7.182463462390315,3.1824634623903147,66.72095063336579,68.04596289095817,414.9847634924249,0.0,133.11688613891602
222,4.0,7.177483395971283,3.177483395971283,66.77624117008406,68.04596047739055,414.5116571826169,0.0,133.13482284545898
223,4.0,7.1726092650066535,3.1726092650066535,66.83026795398108,68.04595943569261,414.0486147409771,0.0,133.15205530822277
224,4.0,7.1678368836012565,3.1678368836012565,66.88304141316196,68.04595512656476,413.5952385074644,0.0,133.16853642463684
225,4.0,7.1631628141036,3.1631628141036003,66.93460348197533,68.0459623210316,413.15120190518707,0.0,133.18429517745972
226,4.0,7.158582766236847,3.1585827662368473,66.98495681385239,68.04596119445796,412.7160973578455,0.0,133.19926595687866
227,4.0,7.154097509599261,3.1540975095992607,67.03414963798964,68.0459606805507,412.28999797727477,0.0,133.21356749534607
228,4.0,7.149707080506693,3.149707080506693,67.08219295914162,68.04595680208914,411.87290721348086,0.0,133.22723054885864
229,4.0,7.145407409128464,3.145407409128464,67.12911077034293,68.0459502754018,411.4644384325491,0.0,133.24023485183716
230,4.0,7.1411930297886554,3.1411930297886554,67.17494164929393,68.04595542657596,411.0640723952673,0.0,133.25256252288818
231,4.0,7.137063961458565,3.1370639614585647,67.21968208924552,68.0459611727005,410.6718109039087,0.0,133.26421403884888
232,4.0,7.133020597629949,3.1330205976299492,67.26336675506064,68.04596472162284,410.2876913401902,0.0,133.27527236938477
233,4.0,7.129061479812348,3.129061479812348,67.3060178433038,68.04596277680122,409.9115751475181,0.0,133.2857608795166
234,4.0,7.125184856259993,3.1251848562599926,67.34765228959506,68.04595475299456,409.5432959100443,0.0,133.29568672180176
235,4.0,7.121387886126395,3.121387886126395,67.38829338704551,68.04594086478326,409.1825837473525,0.0,133.30504894256592
236,4.0,7.117668846878885,3.1176688468788853,67.42796221723685,68.04593588009982,408.82927501883916,0.0,133.31386280059814
237,4.0,7.114025806178131,3.114025806178131,67.4666771728297,68.04593437023156,408.4831861522675,0.0,133.32213401794434
238,4.0,7.110457691635258,3.1104576916352578,67.50445007278242,68.04593888038201,408.14421527069453,0.0,133.32987117767334
239,4.0,7.106961611116571,3.1069616111165708,67.54131110289124,68.04595246305044,407.81208762141927,0.0,133.33708477020264
240,4.0,7.103536840915026,3.1035368409150257,67.57727531305194,68.04595855043092,407.48673445227246,0.0,133.3437957763672
241,4.0,7.100185517657762,3.1001855176577617,67.61234705389889,68.04597221414123,407.16835874283237,0.0,133.3500576019287
242,4.0,7.096899360480101,3.0968993604801014,67.64656662177204,68.04597196169473,406.85617381095466,0.0,133.35579872131348
243,4.0,7.093681560713361,3.093681560713361,67.67994015990199,68.0459661610203,406.55048283311436,0.0,133.3610954284668
244,4.0,7.090526959318209,3.0905269593182094,67.7124983557821,68.04596779297937,406.25079570057494,0.0,133.3659152984619
245,4.0,7.087440584054144,3.0874405840541437,67.74421638196831,68.0459536883823,405.95759005048865,0.0,133.37030792236328
246,4.0,7.084416103859474,3.084416103859474,67.77516345349119,68.04594384800228,405.67026443199507,0.0,133.37429428100586
247,4.0,7.081453407079494,3.0814534070794943,67.80531556881438,68.0459418408816,405.38880823789697,0.0,133.37782859802246
248,4.0,7.078551872940241,3.078551872940241,67.83471084047653,68.04594161696349,405.1131624946679,0.0,133.38097763061523
249,4.0,7.075709877633574,3.0757098776335736,67.86335635613018,68.04594169142916,404.84317294053454,0.0,133.38372802734375
250,4.0,7.072924912478408,3.072924912478408,67.89127262717913,68.04594521668491,404.5786012507938,0.0,133.38607597351074
251,4.0,7.0701971256544995,3.0701971256544995,67.91846349115072,68.04595644035305,404.3194615025225,0.0,133.38803482055664
252,4.0,7.067519604342626,3.0675196043426256,67.94495601536438,68.04595446921186,404.0650969778944,0.0,133.38953018188477
253,4.0,7.064897487100114,3.0648974871001142,67.97074897024427,68.04595972386402,403.8159958398559,0.0,133.3906593322754
254,4.0,7.062328879486105,3.062328879486105,67.99586795953081,68.04596159766899,403.57197811652503,0.0,133.3914394378662
255,4.0,7.059815212308961,3.059815212308961,68.02031831562152,68.04597252567137,403.33317973469633,0.0,133.39191055297852
256,4.0,7.057352278450094,3.057352278450094,68.04412569503972,68.04596356076286,403.09920101810394,0.0,133.39204597473145
257,4.0,7.054937305546196,3.054937305546196,68.06729813992025,68.04596033552097,402.8697785922337,0.0,133.3918113708496
258,4.0,7.052574522507272,3.052574522507272,68.08983750923309,68.04595529340247,402.64531420353586,0.0,133.39129257202148
259,4.0,7.050258410122727,3.0502584101227272,68.11176969030319,68.04594888970477,431.40273842317004,0.0,133.39043807983398
260,4.0,7.046790707723483,3.046790707723483,68.14468703104237,68.04594096522145,431.07330669524185,0.0,133.38926315307617
261,4.0,7.041154816498368,3.041154816498368,68.19829141708664,68.04593972947765,430.5378970288559,0.0,133.38742446899414
262,4.0,7.034096847770293,3.034096847770293,68.26532328409989,68.04594358436827,429.8673899996888,0.0,133.38469314575195
263,4.0,7.026123931254577,3.0261239312545767,68.34088775463661,68.04594657791712,429.1099629306957,0.0,133.38098526000977
264,4.0,7.017581315418028,3.0175813154180284,68.4216184114792,68.04595372647789,428.29841442622364,0.0,133.3761863708496
265,4.0,7.008708200054421,3.0087082000544214,68.5051981079563,68.04596236040196,427.455468466681,0.0,133.3702621459961
266,4.0,6.999666535184673,2.999666535184673,68.5900429063581,68.04596645425582,426.59651030405485,0.0,133.36317443847656
267,4.0,6.990569154949506,2.9905691549495064,68.67505928608979,68.04595968759413,425.732259181714,0.0,133.35493087768555
268,4.0,6.981492514297958,2.9814925142979583,68.75948711845955,68.04595531569939,424.869978319817,0.0,133.34551239013672
269,4.0,6.972489008046169,2.9724890080461686,68.84282178463798,68.04595227315409,424.01464522589697,0.0,133.3349494934082
270,4.0,6.963592021744567,2.9635920217445673,68.92471413873773,68.04595267672903,423.16943152724485,0.0,133.3232192993164
271,4.0,6.954823889477983,2.954823889477983,69.00494513338187,68.04594724906177,422.33645896191933,0.0,133.31034469604492
272,4.0,6.946204408551167,2.946204408551167,69.08334665884543,68.04594644772227,421.5176082738718,0.0,133.29640197753906
273,4.0,6.937740892372644,2.937740892372644,69.15984582858138,68.04594704132904,420.7135742369121,0.0,133.28141403198242
274,4.0,6.929437738313344,2.929437738313344,69.23438657095498,68.04594755159926,419.9247746012786,0.0,133.265380859375
275,4.0,6.9212976408093345,2.9212976408093345,69.3069534853597,68.04595398816272,419.1514653383977,0.0,133.24834823608398
276,4.0,6.913319688025303,2.913319688025303,69.37753964257554,68.04596030874548,418.3935598239147,0.0,133.23030853271484
277,4.0,6.90550117343721,2.9055011734372096,69.4461564464324,68.04597187479338,417.65080093804585,0.0,133.21125411987305
278,4.0,6.897840157512436,2.8978401575124364,69.51282592412225,68.04597180737582,416.9230044251924,0.0,133.19121170043945
279,4.0,6.890338521028537,2.8903385210285366,69.57757581563962,68.04597065923674,416.2103489592219,0.0,133.17029190063477
280,4.0,6.8829906923650785,2.8829906923650785,69.64042977180543,68.04597297649812,415.5123052361934,0.0,133.14845275878906
281,4.0,6.875797316226958,2.875797316226958,69.70143687113077,68.04596216711924,414.82893450307193,0.0,133.1258201599121
282,4.0,6.8687523235076835,2.8687523235076835,69.76061084765144,68.04595414037536,414.15966019474087,0.0,133.10232162475586
283,4.0,6.861856714891417,2.8618567148914167,69.8180040829226,68.0459475225965,413.5045773761955,0.0,133.07809448242188
284,4.0,6.855105511229773,2.855105511229773,69.87363015683265,68.04594454132561,412.8632130283394,0.0,133.05308532714844
285,4.0,6.848493708671445,2.8484937086714446,69.92752941174278,68.04593972592141,412.23509178529815,0.0,133.02729034423828
286,4.0,6.842023074443032,2.8420230744430324,69.9797397005111,68.0459493689219,411.620381533599,0.0,133.0008316040039
287,4.0,6.8356847882631575,2.8356847882631575,70.03029312913664,68.04595452556698,411.0182443465109,0.0,132.97361373901367
288,4.0,6.8294812074515985,2.8294812074515985,70.07921224876281,68.04595829204534,410.4289041694128,0.0,132.94573974609375
289,4.0,6.823403217596946,2.8234032175969457,70.12654714944635,68.04596412686938,409.8514951332208,0.0,132.91714096069336
290,4.0,6.817453082994303,2.8174530829943034,70.17231198781221,68.04595827791815,409.2862323459698,0.0,132.88790130615234
291,4.0,6.811628512555698,2.811628512555698,70.21653780232553,68.04596218150988,408.73289815430223,0.0,132.85804748535156
292,4.0,6.805924978561516,2.8059249785615163,70.25926291682461,68.04595826141365,408.191062424855,0.0,132.82757568359375
293,4.0,6.800342674520138,2.800342674520138,70.30051158465497,68.04595661833183,407.66074354092405,0.0,132.79654693603516
294,4.0,6.794877538905009,2.794877538905009,70.34031191958968,68.0459581877119,407.14155565748683,0.0,132.76494598388672
295,4.0,6.789527027120559,2.7895270271205588,70.37870092162619,68.04595993895632,406.63325703796403,0.0,132.73280334472656
296,4.0,6.7842898187175225,2.7842898187175225,70.41569131248251,68.0459626370047,406.1357222396756,0.0,132.70012712478638
297,4.0,6.7791648098089,2.7791648098088997,70.45131384026298,68.04596253439189,405.6488463933564,0.0,132.66696321964264
298,4.0,6.774146765446113,2.7741467654461127,70.48560790080764,68.04596164291074,405.1721321788917,0.0,132.63329243659973
299,4.0,6.769234962010957,2.769234962010957,70.5185829822876,68.04595577001218,404.70551085255187,0.0,132.59912705421448
300,4.0,6.764426962707425,2.764426962707425,70.55028360981375,68.04595801369932,404.2487509187163,0.0,132.5645112991333
301,4.0,6.75972517072209,2.7597251707220902,70.58071657150995,68.04596483869052,403.8020806801095,0.0,132.52951288223267
302,4.0,6.755125380678738,2.755125380678738,70.60991195918994,68.04596064827989,403.36510062599103,0.0,132.49411344528198
303,4.0,6.750624354410394,2.7506243544103937,70.63790641501619,68.04595715472865,402.9375031304983,0.0,132.45832538604736
304,4.0,6.7462220142014475,2.7462220142014475,70.6647141682982,68.04596261606811,402.51928081064847,0.0,132.4221806526184
305,4.0,6.741912330752419,2.7419123307524194,70.69036081674301,68.04596017289526,402.1098608829908,0.0,132.38561534881592
306,4.0,6.737695598474302,2.7376955984743017,70.71487539833458,68.04595941804175,401.7092713165696,0.0,132.34869575500488
307,4.0,6.733571133730798,2.7335711337307984,70.73827240516897,68.0459550497703,401.3174471659368,0.0,132.3114414215088
308,4.0,6.729536106853367,2.7295361068533666,70.76058469583984,68.04596004199949,400.9341196125808,0.0,132.27386379241943
309,4.0,6.7255930691068615,2.7255930691068615,70.78181371653376,68.04595743339561,400.5595310266628,0.0,132.23602104187012
310,4.0,6.721738754311389,2.7217387543113887,70.80200590507073,68.04595775738176,400.19337112109287,0.0,132.19794082641602
311,4.0,6.717971613069336,2.717971613069336,70.8211637675298,68.0459509325302,399.8354927030979,0.0,132.15960216522217
312,4.0,6.7142892891177315,2.7142892891177315,70.8393040519163,68.04595009939973,399.4856719276954,0.0,132.1209945678711
313,4.0,6.710686966468798,2.7106869664687983,70.85648292015738,68.04595281991207,399.1434512760468,0.0,132.08213233947754
314,4.0,6.70716486925306,2.7071648692530603,70.87269737574971,68.04595768921912,398.8088520405517,0.0,132.04301834106445
315,4.0,6.703724494650074,2.703724494650074,70.88795099444742,68.04595775404788,398.482016453268,0.0,132.00369262695312
316,4.0,6.700360257541141,2.700360257541141,70.90229366545583,68.04596120162415,398.1624139279194,0.0,131.96414184570312
317,4.0,6.697073374353995,2.6970733743539954,70.91573627823973,68.04595538507783,397.8501600251405,0.0,131.92441368103027
318,4.0,6.693860373604099,2.6938603736040987,70.92829433493029,68.04596040075674,397.5449249539003,0.0,131.88447189331055
319,4.0,6.690723256979165,2.6907232569791653,70.93997981481733,68.04595691673043,397.24689887453167,0.0,131.84438133239746
320,4.0,6.687660522502238,2.687660522502238,70.95081832104087,68.04596181702595,396.95593909922354,0.0,131.80416297912598
321,4.0,6.684667363690771,2.684667363690771,70.96082853478492,68.04595814492002,396.6715890121342,0.0,131.7637596130371
322,4.0,6.6817435946278785,2.6817435946278785,70.970033613104,68.04595788248191,396.3938309511594,0.0,131.72321319580078
323,4.0,6.678889083347357,2.6788890833473573,70.97845417582718,68.04595706639144,396.1226523795099,0.0,131.68256187438965
324,4.0,6.676103980481021,2.676103980481021,70.98608632442128,68.04595755126473,395.85806760720794,0.0,131.64180374145508
325,4.0,6.673385860425862,2.673385860425862,70.99295052199123,68.04595775592871,395.5998462019678,0.0,131.60093116760254
326,4.0,6.670731652391162,2.6707316523911624,70.99908242392651,68.04595246050154,395.3476964386714,0.0,131.55995178222656
327,4.0,6.668145240123132,2.668145240123132,71.00447875423419,68.04595428269475,395.10198727320847,0.0,131.5189380645752
328,4.0,6.665616761422351,2.665616761422351,71.00918075878197,68.04596284315842,394.86178179663426,0.0,131.47777374461293
329,4.0,6.663155375790051,2.6631553757900512,71.01318201020531,68.04596297057851,394.6279501615658,0.0,131.43662929534912
330,4.0,6.6607574110930265,2.6607574110930265,71.01650684381313,68.04595102676133,394.4001435153485,0.0,131.39547896385193
331,4.0,6.658418666510008,2.6584186665100082,71.01916851822456,68.04595138417687,394.1779627799617,0.0,131.35426592826843
332,4.0,6.656136484650054,2.6561364846500544,71.02119552044564,68.04594810651791,419.19445210744163,0.0,131.3129918575287
333,4.0,6.652947294001423,2.6529472940014234,71.03285800517925,68.04595563057316,418.8914789958217,0.0,131.27162790298462
334,4.0,6.648012948323162,2.648012948323162,71.06301474027046,68.04595884488305,418.4227161563869,0.0,131.22995615005493
335,4.0,6.641923419474142,2.641923419474142,71.10526906891413,68.04596040399481,417.84421091572995,0.0,131.1877088546753
336,4.0,6.635085368017942,2.6350853680179416,71.15528735450243,68.04595683776226,417.19459602739096,0.0,131.14483499526978
337,4.0,6.627775059206493,2.627775059206493,71.21007020061661,68.04595187860605,416.5001166903033,0.0,131.1012020111084
338,4.0,6.620187698303966,2.6201876983039663,71.26753092736111,68.04595371607691,415.77931740456324,0.0,131.0567865371704
339,4.0,6.612457177161621,2.6124571771616214,71.3262440387426,68.0459570195202,415.04491789604054,0.0,131.01159286499023
340,4.0,6.604672415992499,2.604672415992499,71.38520883819807,68.04595379700925,414.30536558497386,0.0,130.96553325653076
341,4.0,6.596899200163365,2.5968992001633646,71.44374071668841,68.04595318460919,413.56691008120606,0.0,130.9186544418335
342,4.0,6.58918292684144,2.58918292684144,71.50136344811413,68.04594634854104,412.8338641156233,0.0,130.8709897994995
343,4.0,6.5815532301186295,2.5815532301186295,71.5577584881822,68.04595181096711,412.1090429269563,0.0,130.82255458831787
344,4.0,6.57402926099441,2.5740292609944104,71.61271280553086,68.04595185732515,411.39426586015543,0.0,130.77335262298584
345,4.0,6.566622468489932,2.566622468489932,71.66609436495601,68.04596376061633,410.69062057223005,0.0,130.72338485717773
346,4.0,6.559345440874768,2.5593454408747682,71.71780654196938,68.04595810361917,409.99930294878953,0.0,130.6727409362793
347,4.0,6.552198827541355,2.552198827541355,71.76780791393476,68.0459586717355,409.3203746821153,0.0,130.62137413024902
348,4.0,6.545185330761999,2.545185330761999,71.81606338492395,68.04595874400313,408.65409248807646,0.0,130.5692901611328
349,4.0,6.53830734984802,2.5383073498480204,71.86257267457603,68.04596002306631,408.0006843012485,0.0,130.51655197143555
350,4.0,6.531563830330978,2.5315638303309784,71.90734633937609,68.04595721853299,407.3600499471294,0.0,130.46317291259766
351,4.0,6.524959327704149,2.524959327704149,71.95039439876422,68.04595789032851,406.7326221975807,0.0,130.40927696228027
352,4.0,6.518485384300863,2.518485384300863,71.99174853942904,68.04595297076791,406.11759757426853,0.0,130.35476684570312
353,4.0,6.512145972839157,2.512145972839157,72.03140261909367,68.04595950615114,405.5153534854065,0.0,130.29972457885742
354,4.0,6.505935666472072,2.505935666472072,72.06941671184963,68.04596090592965,404.9253743805333,0.0,130.2441635131836
355,4.0,6.49985084681059,2.49985084681059,72.1058081461058,68.04596197529608,404.3473165126926,0.0,130.18805503845215
356,4.0,6.4938939156938185,2.4938939156938185,72.14059326531566,68.04596181920657,403.7814080565992,0.0,130.13148880004883
357,4.0,6.4880580303203725,2.4880580303203725,72.17381948324311,68.04596904224329,403.2269989461219,0.0,130.07442474365234
358,4.0,6.482345298402237,2.4823452984022367,72.20549644332444,68.04596719551682,402.684289413899,0.0,130.0169334411621
359,4.0,6.476753553402688,2.4767535534026877,72.23566148563384,68.04595882284268,402.15307363894186,0.0,129.95904922485352
360,4.0,6.471276615743099,2.4712766157430988,72.26434829607015,68.0459523719517,401.6327645612809,0.0,129.90071868896484
361,4.0,6.4659188522222495,2.4659188522222495,72.29154949322624,68.04594593008179,401.12377702680016,0.0,129.84202575683594
362,4.0,6.460669821354004,2.4606698213540037,72.31734061671796,68.04594722146369,400.6251190943168,0.0,129.78290557861328
363,4.0,6.4555324164612715,2.4555324164612715,72.34172279222312,68.0459544439183,400.1370656295072,0.0,129.72342681884766
364,4.0,6.450506406485373,2.450506406485373,72.36472591415159,68.0459662981362,399.6595946817969,0.0,129.66364669799805
365,4.0,6.445588749408384,2.445588749408384,72.38637333508541,68.0459591953949,399.19241725948297,0.0,129.60355377197266
366,4.0,6.440777255391091,2.440777255391091,72.40668760735926,68.04595591255224,398.7353253278401,0.0,129.54315185546875
367,4.0,6.436070552918765,2.436070552918765,72.42571644318438,68.04595636328621,398.2881885929691,0.0,129.48250579833984
368,4.0,6.431467139130425,2.431467139130425,72.44345380094921,68.04595370704722,397.8508642830768,0.0,129.42158126831055
369,4.0,6.426965798897076,2.4269657988970756,72.45994393837469,68.04595848042595,397.4232369609087,0.0,129.3604393005371
370,4.0,6.422565215175778,2.422565215175778,72.47521541478221,68.04596507770287,397.0051815073855,0.0,129.29911041259766
371,4.0,6.418264407370179,2.418264407370179,72.48927607935768,68.04596121439275,396.59660476585356,0.0,129.2375946044922
372,4.0,6.414054920018814,2.414054920018814,72.50216060894849,68.04595553789409,396.1967034674738,0.0,129.17578887939453
373,4.0,6.409943445780219,2.409943445780219,72.51388897575326,68.04595757098375,395.80611341480727,0.0,129.1138687133789
374,4.0,6.405924357630375,2.405924357630375,72.52448567712815,68.0459534249067,395.42430004057206,0.0,129.0517692565918
375,4.0,6.401995106824097,2.4019951068240966,72.5339834352999,68.04595019794975,395.0510212139756,0.0,128.989501953125
376,4.0,6.3981561069367245,2.3981561069367245,72.54239016111019,68.04595048466805,394.68631622467535,0.0,128.92709350585938
377,4.0,6.394410669699747,2.394410669699747,72.54972394565006,68.04594901343063,394.3304996871625,0.0,128.8646469116211
378,4.0,6.390751310017261,2.3907513100172606,72.55601813666735,68.04595543940698,393.98286051732623,0.0,128.80207443237305
379,4.0,6.38717797021926,2.38717797021926,72.56129714892334,68.04596148651689,393.64339323651615,0.0,128.73942184448242
380,4.0,6.383688061410963,2.383688061410963,72.56556913184107,68.04596371085465,393.311851899728,0.0,128.67665481567383
381,4.0,6.380282942163519,2.380282942163519,72.568870623026,68.04595778321726,392.98836557122075,0.0,128.6138687133789
382,4.0,6.376962935923868,2.376962935923868,72.5712113298768,68.04595050418601,392.67296497845393,0.0,128.55109024047852
383,4.0,6.373725946905326,2.373725946905326,72.5726156749178,68.0459512865002,392.3654510216925,0.0,128.48832321166992
384,4.0,6.370569583105998,2.370569583105998,72.57311373678452,68.04594999236728,392.06559646075624,0.0,128.42557525634766
385,4.0,6.3674905964527015,2.3674905964527015,72.57271528767666,68.04595299839634,391.7730927286931,0.0,128.36280059814453
386,4.0,6.364486184884998,2.3644861848849983,72.57144020294751,68.04595102072335,391.4876736297613,0.0,128.29998016357422
387,4.0,6.361559686563954,2.361559686563954,72.56930533249587,68.04594967251555,391.20965628926217,0.0,128.23721313476562
388,4.0,6.358710213622528,2.358710213622528,72.56633481802987,68.0459468333806,390.9389563598267,0.0,128.1745262145996
389,4.0,6.355933796097557,2.355933796097557,72.56254703900842,68.04594831687936,390.67519669495437,0.0,128.11187362670898
390,4.0,6.353228421445652,2.3532284214456523,72.55796836230614,68.04595635471053,390.4181861030234,0.0,128.04926300048828
391,4.0,6.350594081419021,2.350594081419021,72.55259586257655,68.0459623041808,390.16792380049344,0.0,127.98669052124023
392,4.0,6.3480321681483725,2.3480321681483725,72.54646474238744,68.04595930122996,389.92454203978184,0.0,127.92424774169922
393,4.0,6.345541001660397,2.345541001660397,72.5395826766732,68.0459619804836,389.68788122342426,0.0,127.8619155883789
394,4.0,6.343112871905306,2.343112871905306,72.53199603826644,68.04596603796908,389.4572088966905,0.0,127.79962158203125
395,4.0,6.340752554943372,2.3407525549433723,72.52369726477882,68.04595881487626,389.23297878530684,0.0,127.7374496459961
396,4.0,6.338458538299568,2.3384585382995677,72.5147031303751,68.04595840584592,389.01504720414545,0.0,127.67539978027344
397,4.0,6.336229415570283,2.3362294155702834,72.5050249207776,68.04595132597547,410.99745999278116,0.0,127.61346435546875
398,4.0,6.333261269273834,2.3332612692738337,72.50382101039422,68.04595733807119,410.7154860946184,0.0,127.55156707763672
399,4.0,6.328850126420298,2.3288501264202983,72.51905998641293,68.04595331093347,410.2964275235325,0.0,127.48951721191406
400,4.0,6.323484812504725,2.3234848125047254,72.54508707611662,68.04595281604264,409.7867227015531,0.0,127.42715454101562
401,4.0,6.31750166021634,2.3175016602163403,72.57803829776987,68.04594911680783,409.21832323415657,0.0,127.36441040039062
402,4.0,6.311126007484883,2.3111260074848827,72.61525881726928,68.04594129308732,408.612636224668,0.0,127.3011245727539
403,4.0,6.304521583056568,2.3045215830565677,72.65490405155786,68.0459517014455,407.98521590397814,0.0,127.23733630776405
404,4.0,6.297800798107921,2.2978007981079207,72.69568088236001,68.0459517378364,407.3467413338566,0.0,127.17303252220154
405,4.0,6.291036784583245,2.2910367845832447,72.7367065102749,68.04595545883947,406.70416004901244,0.0,127.10813784599304
406,4.0,6.284285666957414,2.2842856669574143,72.77736516793863,68.04595461092615,406.0628038745586,0.0,127.04270911216736
407,4.0,6.2775844640207,2.2775844640207,72.81722369221853,68.04595704039899,405.42618959557075,0.0,126.97674226760864
408,4.0,6.2709560001762465,2.2709560001762465,72.8560049052287,68.0459558993396,404.79648553034764,0.0,126.91022253036499
409,4.0,6.2644193471208,2.2644193471208,72.89351212106415,68.0459578560669,404.1755034900802,0.0,126.84320211410522
410,4.0,6.257984575513326,2.2579845755133263,72.92960642472507,68.04595353334271,403.5642001873702,0.0,126.77565336227417
411,4.0,6.251658045081412,2.2516580450814123,72.96423025366246,68.04595203292935,402.9631797963383,0.0,126.70761585235596
412,4.0,6.245446292534589,2.245446292534589,72.99731797848791,68.04595493270284,402.3730633043901,0.0,126.6391191482544
413,4.0,6.239349442255987,2.239349442255987,73.02886420553837,68.0459580179928,401.793862527923,0.0,126.5701675415039
414,4.0,6.233369722814969,2.2333697228149694,73.05884315629015,68.0459589079381,401.22578918102624,0.0,126.50077247619629
415,4.0,6.227506101467982,2.2275061014679816,73.08727232220312,68.04595676685184,400.6687451530624,0.0,126.43095397949219
416,4.0,6.22176175242931,2.22176175242931,73.11415091809218,68.04596464823307,400.12303199438855,0.0,126.36078548431396
417,4.0,6.216133215021495,2.216133215021495,73.13951768284336,68.04595908876558,399.58832094064627,0.0,126.29027366638184
418,4.0,6.210622453999785,2.210622453999785,73.16336826462198,68.04595567681143,399.06479864358374,0.0,126.21946048736572
419,4.0,6.205222811357483,2.2052228113574834,73.18574148841891,68.04595241064742,398.5518325925652,0.0,126.14828681945801
420,4.0,6.1999333007297,2.1999333007297004,73.20665335174179,68.04594836951016,398.04932908292574,0.0,126.07676887512207
421,4.0,6.194756183951942,2.1947561839519416,73.22613377732002,68.04595678493574,397.55750298903865,0.0,126.00501251220703
422,4.0,6.189686030115687,2.189686030115687,73.24421131605456,68.04595570120675,397.0758383745944,0.0,125.93296432495117
423,4.0,6.1847215356798335,2.1847215356798335,73.26090368222236,68.04595114251319,396.60421140318834,0.0,125.86063575744629
424,4.0,6.179865016105133,2.1798650161051327,73.27622367041552,68.04594820746162,396.1428420435918,0.0,125.7881031036377
425,4.0,6.1751144893938985,2.1751144893938985,73.29021856151685,68.04595151314739,395.6915420060246,0.0,125.71541404724121
426,4.0,6.170468769638883,2.170468769638883,73.30290645152736,68.04595054974135,395.25019862929804,0.0,125.64258193969727
427,4.0,6.16592433559654,2.1659243355965403,73.31429999447428,68.04595010684484,394.81847739527547,0.0,125.5695629119873
428,4.0,6.161479194206601,2.161479194206601,73.32443619909074,68.0459561865965,394.39618896323134,0.0,125.49638557434082
429,4.0,6.157135296082503,2.1571352960825028,73.3333274946782,68.04594815707239,393.983518641442,0.0,125.42311641573906
430,4.0,6.152885329511574,2.152885329511574,73.34101776709136,68.04595186066703,393.57977181720366,0.0,125.34968674182892
431,4.0,6.148734408153206,2.1487344081532056,73.34750810042631,68.04596125510118,393.18543428815866,0.0,125.276207447052
432,4.0,6.144675994662589,2.144675994662589,73.35283141303674,68.0459603451247,392.7998850065501,0.0,125.20260620117188
433,4.0,6.140709885495874,2.140709885495874,73.35702608954138,68.04596105502173,392.4231046357122,0.0,125.12894868850708
434,4.0,6.136837133335202,2.1368371333352023,73.36006961608332,68.04596476983954,392.05519318044844,0.0,125.05522203445435
435,4.0,6.133057951805959,2.1330579518059594,73.36201533586105,68.04595793834977,391.69617093517036,0.0,124.98152542114258
436,4.0,6.1293651546729375,2.1293651546729375,73.3628866479694,68.04595695084308,391.3453552075333,0.0,124.9077558517456
437,4.0,6.125757392733801,2.125757392733801,73.36270809913658,68.04595628178123,391.00261782331535,0.0,124.83393096923828
438,4.0,6.122240228219447,2.1222402282194466,73.36149698906404,68.04594419861918,390.66848719445164,0.0,124.76019668579102
439,4.0,6.1188075619005735,2.1188075619005735,73.35927646138632,68.04594420166818,390.3423838941586,0.0,124.6864709854126
440,4.0,6.115456402208669,2.115456402208669,73.35606507353737,68.04594188769268,390.0240237234277,0.0,124.61272716522217
441,4.0,6.112187145350916,2.112187145350916,73.3519031906109,68.04594680453819,389.7134443219412,0.0,124.53904438018799
442,4.0,6.109006508824831,2.109006508824831,73.34678017476995,68.04594710253535,389.4112838519631,0.0,124.46554374694824
443,4.0,6.10590178189692,2.10590178189692,73.34074002582942,68.04594690738662,389.11633479381163,0.0,124.3920431137085
444,4.0,6.10287792635387,2.1028779263538704,73.33378326622925,68.04595629516616,388.8290685172218,0.0,124.31864643096924
445,4.0,6.09993106607774,2.0999310660777404,73.32593851854901,68.045959129387,388.54911679098956,0.0,124.24532508850098
446,4.0,6.097061487945925,2.0970614879459246,73.31721936177713,68.0459583558692,388.276506868467,0.0,124.17210960388184
447,4.0,6.094268403713822,2.094268403713822,73.3076585983865,68.04596126265217,388.01116386641723,0.0,124.09904098510742
448,4.0,6.091552987307185,2.0915529873071854,73.2972672313046,68.04596332613492,387.7531993077868,0.0,124.02616310119629
449,4.0,6.088908735186466,2.0889087351864664,73.28607771551134,68.0459542760699,387.5019953563185,0.0,123.95339965820312
450,4.0,6.086335586247663,2.086335586247663,73.27409803608862,68.04594863678673,387.2575462071321,0.0,123.88076400756836
451,4.0,6.083838066139828,2.083838066139828,73.26134083111079,68.04594220721737,387.0202817968879,0.0,123.80837059020996
452,4.0,6.0814088549511425,2.0814088549511425,73.24782490913111,68.04594404516271,386.78950673396275,0.0,123.73610305786133
453,4.0,6.079048026489409,2.079048026489409,73.23359523771228,68.04594550486975,386.565228030098,0.0,123.6640396118164
454,4.0,6.076757816562969,2.076757816562969,73.21863695567372,68.04595232994872,386.3476580870863,0.0,123.59220123291016
455,4.0,6.074535393106861,2.074535393106861,73.20298049812112,68.04595112044507,405.8446140932711,0.0,123.52058219909668
456,4.0,6.071699011150986,2.0716990111509856,73.19477986304578,68.04595488421758,405.575157807463,0.0,123.44907569885254
457,4.0,6.0676505373549405,2.0676505373549405,73.20121189853548,68.04595771017752,405.1905527968387,0.0,123.37760353088379
458,4.0,6.062798804353267,2.0627988043532666,73.21723174180244,68.04595941624801,404.72963816167965,0.0,123.30592918395996
459,4.0,6.057424767790208,2.0574247677902084,73.23940363911956,68.04595599486332,404.21910468818913,0.0,123.23393821716309
460,4.0,6.051724956369904,2.0517249563699043,73.26535334462878,68.04595759839243,403.6776226032603,0.0,123.16160202026367
461,4.0,6.045833058804882,2.045833058804882,73.29343638275448,68.04595628343353,403.1178923345831,0.0,123.0888557434082
462,4.0,6.039845901013064,2.039845901013064,73.32251463217706,68.04596150115398,402.54911234436037,0.0,123.0157470703125
463,4.0,6.03382821967889,2.03382821967889,73.35178950399396,68.04595567354356,401.97743261761394,0.0,122.9422492980957
464,4.0,6.027825220389463,2.027825220389463,73.3807094318569,68.04595558868024,401.4071476851184,0.0,122.86835861206055
465,4.0,6.021867363782248,2.021867363782248,73.40890637486824,68.04595559529794,400.8411513074329,0.0,122.79408264160156
466,4.0,6.015978690539547,2.015978690539547,73.43611604669887,68.04595184545296,400.2817273493763,0.0,122.71947479248047
467,4.0,6.010171005874687,2.010171005874687,73.46216060633066,68.04594908056725,399.72999730621467,0.0,122.64448547363281
468,4.0,6.004453665744251,2.0044536657442507,73.48692797519467,68.04594413593748,399.1868499938232,0.0,122.56912612915039
469,4.0,5.99883453897495,1.9988345389749496,73.5103535851872,68.04595212274842,398.65303295073954,0.0,122.49345779418945
470,4.0,5.993315643216535,1.993315643216535,73.53238942504608,68.04595394017929,398.1287378536902,0.0,122.41744995117188
471,4.0,5.9879019062130885,1.9879019062130885,73.55301129695245,68.04595607895867,397.61443283836275,0.0,122.34117126464844
472,4.0,5.982592420643127,1.982592420643127,73.5722300238419,68.04595556785884,397.11003170921634,0.0,122.26462936401367
473,4.0,5.977388900309415,1.977388900309415,73.59002665416732,68.04595966353237,396.61569727751373,0.0,122.18783569335938
474,4.0,5.972288558126297,1.972288558126297,73.60641937619869,68.04595640186602,396.13116477011755,0.0,122.11077117919922
475,4.0,5.967292065207528,1.9672920652075279,73.62144378856615,68.04595275769985,395.65649794283445,0.0,122.03351593017578
476,4.0,5.962395829677778,1.962395829677778,73.63510317358534,68.045953518142,395.1913555675083,0.0,121.95600891113281
477,4.0,5.957602775677368,1.9576027756773682,73.64740343027819,68.04595425165779,394.7360154374693,0.0,121.87832641601562
478,4.0,5.952909547490901,1.9529095474909006,73.65837985112225,68.04595210212376,394.29015875975495,0.0,121.80046463012695
479,4.0,5.948315886230706,1.9483158862307057,73.66806889550037,68.04595814631396,393.85376094003647,0.0,121.72248458862305
480,4.0,5.943819814609725,1.943819814609725,73.67647542791421,68.04595803591864,393.4266341360433,0.0,121.64435958862305
481,4.0,5.939421050795236,1.9394210507952359,73.68362273945249,68.04594790129602,393.0087515736668,0.0,121.56612777709961
482,4.0,5.93512111200197,1.93512111200197,73.68953049038092,68.04596027096159,392.6002573883065,0.0,121.48785781860352
483,4.0,5.9309147723080935,1.9309147723080935,73.69421894504971,68.0459638295959,392.2006551173882,0.0,121.40948104858398
484,4.0,5.9268024390818095,1.9268024390818095,73.69771497608221,68.04596636302696,391.8099834608913,0.0,121.3310546875
485,4.0,5.9227818365024465,1.9227818365024465,73.70004888967104,68.0459692242649,391.4280262158518,0.0,121.2525863647461
486,4.0,5.918854574124877,1.918854574124877,73.70124457093304,68.04595786230905,391.0549362899827,0.0,121.17415237426758
487,4.0,5.9150199362238265,1.9150199362238265,73.7013086140401,68.04595125723414,390.6906456893829,0.0,121.09575271606445
488,4.0,5.911273510291626,1.9112735102916263,73.70027756550688,68.04594788936446,390.3347352258238,0.0,121.01736068725586
489,4.0,5.9076123905590565,1.9076123905590565,73.6981600671701,68.04594969369884,389.98692885122966,0.0,120.93893432617188
490,4.0,5.90403994359024,1.9040399435902398,73.6949819483855,68.04595045095658,389.64754638919214,0.0,120.86058807373047
491,4.0,5.900553173908553,1.9005531739085528,73.69077418107722,68.04594507084595,389.31630326943184,0.0,120.78231430053711
492,4.0,5.89715011255772,1.8971501125577204,73.68553876595692,68.04595401750612,388.99301244110274,0.0,120.7040786743164
493,4.0,5.893828423870055,1.8938284238700547,73.67932897495425,68.04595469631617,388.6774520157746,0.0,120.62592315673828
494,4.0,5.890589368670269,1.8905893686702688,73.67215329288277,68.04596599620889,388.36974177179485,0.0,120.54788970947266
495,4.0,5.8874306883870995,1.8874306883870995,73.66401536130552,68.04597086427306,388.06966714489374,0.0,120.46994018554688
496,4.0,5.884350932747143,1.884350932747143,73.65494145250771,68.04596459658383,387.777090359098,0.0,120.39208984375
497,4.0,5.881348587074762,1.8813485870747622,73.64495409783976,68.04596001919602,387.4918675202217,0.0,120.31434631347656
498,4.0,5.878428014153189,1.8784280141531893,73.6340724003056,68.04595407587395,387.2144130926723,0.0,120.23683166503906
499,4.0,5.875579749463708,1.875579749463708,73.62232525620507,68.0459522326352,386.9438279471716,0.0,120.1594009399414
500,4.0,5.872809319747303,1.8728093197473026,73.60973142690897,68.04594982334015,386.68063712411316,0.0,120.08219909667969
501,4.0,5.870114591798442,1.8701145917984423,73.59629824386003,68.0459556892184,386.4246379689714,0.0,120.00519561767578
502,4.0,5.867490390739377,1.867490390739377,73.58203847558727,68.04596299730721,386.1753388683602,0.0,119.92830657958984
503,4.0,5.864938508918133,1.864938508918133,73.56699460738129,68.04596146226594,385.93291009534204,0.0,119.85163879394531
504,4.0,5.862456518822665,1.8624565188226647,73.55117788779525,68.04596053122032,385.69712103627256,0.0,119.77516174316406
505,4.0,5.860049206734921,1.8600492067349208,73.53459345773422,68.04595850621129,385.46842638793686,0.0,119.69898223876953
506,4.0,5.857708576089607,1.8577085760896068,73.51727103346595,68.04595595606474,385.24606647663205,0.0,119.62298583984375
507,4.0,5.855433969594714,1.8554339695947144,73.49923264427851,68.04595155503962,385.0299788596172,0.0,119.54719543457031
508,4.0,5.853232803717424,1.8532328037174244,73.4804835016447,68.0459539319218,402.4265797365902,0.0,119.47177124023438
509,4.0,5.8505140932486395,1.8505140932486395,73.46832205896101,68.04595405502124,402.16830224205563,0.0,119.39651489257812
510,4.0,5.846758006660883,1.8467580066608829,73.46919185025098,68.045944961745,401.81147401621877,0.0,119.32127380371094
511,4.0,5.842320253826499,1.8423202538264993,73.47858385070938,68.04594876532404,401.3898874969523,0.0,119.24594962596893
512,4.0,5.837440885858584,1.8374408858585838,73.49344761467998,68.04594668236862,400.92634754000034,0.0,119.17045998573303
513,4.0,5.832287408510999,1.8322874085109992,73.51166543219489,68.0459543436804,400.4367671919798,0.0,119.09476685523987
514,4.0,5.8269733497791325,1.8269733497791325,73.53174548194072,68.04596787327577,399.9319316124525,0.0,119.01875591278076
515,4.0,5.821578966285274,1.8215789662852737,73.55267579192322,68.04596448625007,399.4194651805359,0.0,118.94241952896118
516,4.0,5.816162913485597,1.8161629134855968,73.57375080750838,68.0459556023315,398.9049401645666,0.0,118.86581134796143
517,4.0,5.810762059054118,1.8107620590541176,73.59447734622472,68.04595286249682,398.3918589935761,0.0,118.7888879776001
518,4.0,5.8054084710195495,1.8054084710195495,73.61452865718458,68.04595187214785,397.8832681302921,0.0,118.71178007125854
519,4.0,5.800113769801231,1.8001137698012313,73.6336622201634,68.04594662458659,397.38027151455185,0.0,118.63433837890625
520,4.0,5.794897329982881,1.7948973299828808,73.65171785432841,68.04594762066314,396.8847097318086,0.0,118.55670642852783
521,4.0,5.789758875099242,1.789758875099242,73.66861567547213,68.04595040851503,396.3965565178629,0.0,118.47875595092773
522,4.0,5.784710652188787,1.784710652188787,73.68429562279468,68.04595129746365,395.91697534136966,0.0,118.40064716339111
523,4.0,5.779756519749091,1.7797565197490908,73.6986873440471,68.0459523994826,395.44633275959853,0.0,118.3223524093628
524,4.0,5.774893435128196,1.7748934351281962,73.71179652637781,68.04595594017064,394.98433972061355,0.0,118.24382495880127
525,4.0,5.77012278215961,1.7701227821596097,73.7236200705218,68.04595534730521,394.53112768859785,0.0,118.16509437561035
526,4.0,5.765444963648527,1.7654449636485268,73.73416573845745,68.04595712212054,394.08673493004494,0.0,118.0861873626709
527,4.0,5.760863220210971,1.7608632202109709,73.74342835423644,68.04596193679998,393.65146930347714,0.0,118.00716781616211
528,4.0,5.75637925879805,1.7563792587980496,73.75141880922314,68.0459590755186,393.2254929692496,0.0,117.92809376120567
529,4.0,5.751985132748919,1.7519851327489189,73.75816830486784,68.04595811933274,392.8080509945822,0.0,117.84885764122009
530,4.0,5.747681085297508,1.7476810852975078,73.7636883460109,68.04595600841755,392.39916648669816,0.0,117.7694878578186
531,4.0,5.743472162164085,1.7434721621640854,73.76800399864415,68.04595528407056,391.999318789023,0.0,117.69013261795044
532,4.0,5.739352920216662,1.7393529202166622,73.77113704916523,68.04595441225958,391.6079908040178,0.0,117.61071968078613
533,4.0,5.735326467851684,1.7353264678516842,73.7731013881173,68.04595849037865,391.2254778293449,0.0,117.53133916854858
534,4.0,5.731387133584383,1.7313871335843833,73.77391354779127,68.0459537089214,390.8512410739513,0.0,117.45190525054932
535,4.0,5.727536524452712,1.727536524452712,73.77360975735371,68.04596177850088,390.48543320644256,0.0,117.37251234054565
536,4.0,5.7237721754047515,1.7237721754047515,73.77219975607558,68.04595864368245,390.1278200468863,0.0,117.29312896728516
537,4.0,5.720091745563709,1.7200917455637086,73.76970711157239,68.04595645662522,389.7781792119872,0.0,117.21374797821045
538,4.0,5.716493043126695,1.716493043126695,73.76615121903421,68.04594667384156,389.43630248047094,0.0,117.1343584060669
539,4.0,5.712979021749691,1.7129790217496907,73.7615521817145,68.0459453509898,389.1024704496555,0.0,117.05505561828613
540,4.0,5.709549952959713,1.709549952959713,73.75592521525543,68.04594992987917,388.77670891460764,0.0,116.97587203979492
541,4.0,5.706200268410833,1.706200268410833,73.74929375543765,68.04595548764534,388.45848888246405,0.0,116.89673328399658
542,4.0,5.70293194565853,1.7029319456585297,73.7416722771969,68.04595961966204,388.14799822099525,0.0,116.81770515441895
543,4.0,5.6997404967162675,1.6997404967162675,73.73309999329695,68.04595794357381,387.8448105714803,0.0,116.73875999450684
544,4.0,5.696629500502952,1.6966295005029517,73.72359623291533,68.04595637510977,387.5492659312153,0.0,116.66000366210938
545,4.0,5.693593287512623,1.6935932875126234,73.71317056152144,68.04596498457315,387.2608256971341,0.0,116.58133697509766
546,4.0,5.690634447115671,1.690634447115671,73.70183543678972,68.04595459649624,386.9797358594236,0.0,116.50283432006836
547,4.0,5.687749799300064,1.6877497993000636,73.68961299317864,68.04595002693759,386.70569431694094,0.0,116.42446708679199
548,4.0,5.6849379651002705,1.6849379651002705,73.67652989248052,68.04593577712072,386.4385700679606,0.0,116.34625053405762
549,4.0,5.6822015323871335,1.6822015323871335,73.66260377330207,68.04593107748794,386.1786089602126,0.0,116.26826667785645
550,4.0,5.679538451769567,1.6795384517695666,73.64784482993292,68.04593207224988,385.92561630154376,0.0,116.19049072265625
551,4.0,5.676947722498834,1.6769477224988343,73.6322787473999,68.04593921240071,385.67949702082416,0.0,116.11294364929199
552,4.0,5.674425588289123,1.6744255882891226,73.61593438581257,68.04594365480067,385.43989427090156,0.0,116.03559494018555
553,4.0,5.671974554729669,1.671974554729669,73.59881268435117,68.0459431925083,385.20704608275344,0.0,115.95849800109863
554,4.0,5.669591928681778,1.6695919286817782,73.5809312755843,68.04602510910891,384.98069660820386,0.0,115.88162612915039
555,4.0,5.667276540125136,1.667276540125136,73.56231351710379,68.04679514326261,384.7607346953228,0.0,115.80499267578125
556,4.0,5.665026228587116,1.6650262285871156,73.54298721604968,68.04747244775578,400.3647042707885,0.0,115.72859764099121
557,4.0,5.662335625863406,1.662335625863406,73.5295008399855,68.04755858130939,400.1090970120361,0.0,115.65242004394531
558,4.0,5.658755856191829,1.6587558561918287,73.52763944955814,68.04724404277907,399.76901889323625,0.0,115.57637786865234
559,4.0,5.6545908191956205,1.6545908191956205,73.53335670012646,68.04634698743307,399.3733403785964,0.0,115.50028991699219
560,4.0,5.6500485227199695,1.6500485227199695,73.5439270327866,68.04547645988107,398.94182221340964,0.0,115.42409896850586
561,4.0,5.645274079944387,1.6452740799443868,73.55743693031367,68.0449494812763,398.48825014972925,0.0,115.34774780273438
562,4.0,5.640364798069019,1.6403647980690188,73.57257753872656,68.04481433986994,398.02186837156927,0.0,115.27116012573242
563,4.0,5.635389927521209,1.6353899275212092,73.58840847734162,68.04500686124453,397.5492556695274,0.0,115.19427108764648
564,4.0,5.63040256240239,1.6304025624023897,73.60432340978916,68.0453962898489,397.0754559832395,0.0,115.11721420288086
565,4.0,5.625434986276343,1.6254349862763426,73.61988552174918,68.04581770714536,396.60353625126504,0.0,115.03996658325195
566,4.0,5.620512008829896,1.6205120088298957,73.63478822509923,68.04619633067004,396.1358533938526,0.0,114.96255874633789
567,4.0,5.615644577193036,1.6156445771930361,73.64881738597217,68.04643659686967,395.67344738835095,0.0,114.88488388061523
568,4.0,5.6108484347747085,1.6108484347747085,73.66185663453653,68.04652708584045,395.2178138586098,0.0,114.80708694458008
569,4.0,5.606128620930223,1.6061286209302228,73.67379996277205,68.04647147981517,394.7694315433837,0.0,114.72911071777344
570,4.0,5.6014898954873775,1.6014898954873775,73.6845986607215,68.04631175907903,394.32875262631336,0.0,114.65098190307617
571,4.0,5.596935754199171,1.5969357541991709,73.69420093117795,68.0461038988937,393.89610920393375,0.0,114.57269668579102
572,4.0,5.592469882837836,1.592469882837836,73.70261377572095,68.04590396307654,393.47185142460694,0.0,114.49434661865234
573,4.0,5.588085397216632,1.5880853972166324,73.70983627887514,68.04576026392361,393.0553252905926,0.0,114.4157943725586
574,4.0,5.583788686646875,1.5837886866468747,73.71586459106479,68.04567721400818,392.6471377864656,0.0,114.3371696472168
575,4.0,5.5795782245527015,1.5795782245527015,73.72070599382835,68.04567615137961,392.24714388751914,0.0,114.25845718383789
576,4.0,5.575451461878948,1.5754514618789477,73.72438142732102,68.04574386821311,391.8551014335125,0.0,114.17964172363281
577,4.0,5.5714105564951,1.5714105564951,73.72690394774172,68.04583854476473,391.471215422047,0.0,114.10079193115234
578,4.0,5.567453999647114,1.567453999647114,73.7282884413836,68.04594816822367,391.0953425214883,0.0,114.02190399169922
579,4.0,5.563583917618215,1.5635839176182147,73.728546201935,68.04603427720905,390.72768472874293,0.0,113.94304275512695
580,4.0,5.559797042005293,1.5597970420052931,73.72770091603041,68.04608368328797,390.3679315455154,0.0,113.86418151855469
581,4.0,5.556088679346664,1.5560886793466642,73.7257755701718,68.0460973191542,390.0156370929456,0.0,113.78526306152344
582,4.0,5.552468938649243,1.552468938649243,73.72278473107868,68.04607675399376,389.6717617266906,0.0,113.7065200805664
583,4.0,5.548930139333396,1.5489301393333959,73.71874682415212,68.04603810095813,389.33557579168513,0.0,113.62782669067383
584,4.0,5.545471579344638,1.545471579344638,73.71368916513948,68.04598754036031,389.00701259275314,0.0,113.54921340942383
585,4.0,5.542093399031631,1.5420933990316312,73.7076205876404,68.04593511982723,388.6860854630175,0.0,113.47069931030273
586,4.0,5.538790705750947,1.5387907057509471,73.70056245898537,68.04591221163615,388.3723296013525,0.0,113.39221954345703
587,4.0,5.535564197777779,1.535564197777779,73.69253625196603,68.04589238595966,388.0658113439015,0.0,113.31382369995117
588,4.0,5.53241633186575,1.5324163318657504,73.68356249389042,68.04589240814376,387.7667640822588,0.0,113.235595703125
589,4.0,5.529342505777521,1.529342505777521,73.67367891731793,68.045919536147,387.474750603877,0.0,113.15750122070312
590,4.0,5.526342970422162,1.5263429704221618,73.6628810568683,68.0459362172866,387.18979474511787,0.0,113.07954025268555
591,4.0,5.523416633684666,1.5234166336846657,73.65118988027717,68.04595898527039,386.9117927550557,0.0,113.00172424316406
592,4.0,5.520565752653782,1.5205657526537824,73.6386166138409,68.04598372528939,386.64095905712185,0.0,112.92411804199219
593,4.0,5.5177863127669875,1.5177863127669875,73.62519157381075,68.04598475528712,386.3769122678763,0.0,112.84668731689453
594,4.0,5.515075799404424,1.515075799404424,73.61093759700206,68.04598182190436,386.1194134984328,0.0,112.76941680908203
595,4.0,5.5124371195282205,1.5124371195282205,73.59586501001594,68.04597192765465,385.86873891019343,0.0,112.6923828125
596,4.0,5.509866116132401,1.5098661161324012,73.57998387625604,68.04595933856247,385.6244935875906,0.0,112.61551666259766
597,4.0,5.507366857518013,1.5073668575180132,73.56332907539391,68.0459514652218,385.38706401922377,0.0,112.53895568847656
598,4.0,5.504932978776478,1.5049329787764778,73.54591538968978,68.04594458110574,385.1558455387779,0.0,112.46259307861328
599,4.0,5.502568464428418,1.5025684644284176,73.52773910447989,68.04594311829841,384.93121667571216,0.0,112.38650512695312
600,4.0,5.50026540541897,1.5002654054189701,73.50884570268191,68.04593644106919,384.7124260698147,0.0,112.31060028076172
601,4.0,5.498030677561023,1.4980306775610233,73.48924292284696,68.0459482189213,398.73141836013946,0.0,112.23503112792969
602,4.0,5.495417231002867,1.4954172310028673,73.47482732983221,68.04595579951325,398.4831409371146,0.0,112.15967559814453
603,4.0,5.492032436471778,1.4920324364717779,73.47079544170356,68.04596006910164,398.16158545666116,0.0,112.08444213867188
604,4.0,5.488139261298406,1.4881392612984063,73.4735239614084,68.04597483226449,397.79173381519087,0.0,112.00914764404297
605,4.0,5.483915888386157,1.4839158883861572,73.48054528227424,68.04598096247824,397.39051338852715,0.0,111.93364715576172
606,4.0,5.479499762674221,1.4794997626742212,73.49014746720964,68.04597306677175,396.97098144589324,0.0,111.85812377929688
607,4.0,5.474972704373355,1.4749727043733554,73.501169094378,68.04596569086598,396.540910907311,0.0,111.782470703125
608,4.0,5.470396140825305,1.4703961408253052,73.51277882880613,68.04596351253754,396.10613737024624,0.0,111.70667266845703
609,4.0,5.465811263307187,1.4658112633071871,73.52441934156273,68.04595270985413,395.670574006025,0.0,111.63072204589844
610,4.0,5.461245426645785,1.4612454266457853,73.53567716547191,68.04595624514779,395.23681952319185,0.0,111.55455017089844
611,4.0,5.456722972269026,1.4567229722690263,73.54630871218887,68.04595717162606,394.80718635739976,0.0,111.47828674316406
612,4.0,5.4522558455718615,1.4522558455718615,73.5561258267655,68.0459585908976,394.3828093211691,0.0,111.40189361572266
613,4.0,5.447852832763857,1.4478528327638571,73.56501764515997,68.04595557383286,393.96452310440867,0.0,111.32538604736328
614,4.0,5.443520568089515,1.4435205680895153,73.57289698704851,68.04595841696882,393.5529579603462,0.0,111.24877166748047
615,4.0,5.439262294732631,1.4392622947326306,73.57969705527115,68.04595845662651,393.14842199144215,0.0,111.1720199584961
616,4.0,5.435087291817175,1.435087291817175,73.58540058108356,68.04595703723001,392.75179671447387,0.0,111.09529876708984
617,4.0,5.432587404472765,1.4325874044727653,73.59000735648847,68.04596052078499,392.51430741675495,0.0,111.05115196108818
618,4.0,5.428563295966666,1.4285632959666659,73.59356615325953,68.04596254824165,392.1320171086755,0.0,110.97425889968872
619,4.0,5.424609532519064,1.4246095325190637,73.59613515634742,68.04596187602262,391.7564095811533,0.0,110.89730453491211
620,4.0,5.420728639992072,1.4207286399920722,73.5976936596646,68.04595235825222,391.3877247910891,0.0,110.82031273841858
621,4.0,5.416926468386849,1.4169264683868494,73.59821999832012,68.04595175914372,391.02651848859296,0.0,110.74337387084961
622,4.0,5.4131954443104835,1.4131954443104835,73.59772377112589,68.04595160645557,390.67207120133816,0.0,110.66635084152222
623,4.0,5.409543457785674,1.4095434577856736,73.59618613689226,68.04595255575335,390.3251324814812,0.0,110.58937978744507
624,4.0,5.405966866543142,1.4059668665431424,73.59363621883045,68.04595336026132,389.9853563134408,0.0,110.51243305206299
625,4.0,5.402466215358823,1.4024662153588228,73.59007390715298,68.04595560789478,389.6527944509304,0.0,110.43552446365356
626,4.0,5.399041348974793,1.3990413489747926,73.58551030921241,68.04595899287276,389.3274321444475,0.0,110.35867023468018
627,4.0,5.395695852073635,1.3956958520736347,73.57996271127834,68.04596482111234,389.0096099388375,0.0,110.28197211027145
628,4.0,5.39242005153131,1.3924200515313103,73.57345195746787,68.04596463349748,388.6984088873167,0.0,110.20526599884033
629,4.0,5.389220087625601,1.389220087625601,73.56600042773506,68.04596590790857,388.3944123162743,0.0,110.12871313095093
630,4.0,5.38608978940907,1.3860897894090698,73.55762048145614,68.04596671498345,388.0970339857039,0.0,110.05220794677734
631,4.0,5.383034281524512,1.3830342815245116,73.5483189352825,68.04595393617385,387.8067607366708,0.0,109.97586727142334
632,4.0,5.380051290042965,1.3800512900429647,73.53811771171726,68.04595373440091,387.5233765459239,0.0,109.89967918395996
633,4.0,5.377138215116413,1.377138215116413,73.52703148345252,68.04594678898675,387.2466344279015,0.0,109.8236141204834
634,4.0,5.374294329934684,1.374294329934684,73.51508835080959,68.04595388091397,386.9764653356372,0.0,109.74770069122314
635,4.0,5.371518739339104,1.3715187393391037,73.50230925066745,68.04595758910908,386.7127842290571,0.0,109.67195320129395
636,4.0,5.368812810898,1.3688128108980004,73.48869767592129,68.04596135187576,386.45572102715226,0.0,109.59640598297119
637,4.0,5.366174786950655,1.3661747869506549,73.4742641676074,68.04596007861677,386.20510875215444,0.0,109.52103996276855
638,4.0,5.363605084994009,1.363605084994009,73.45904394948569,68.0459655547684,385.9609870662731,0.0,109.4459171295166
639,4.0,5.3610997051140385,1.3610997051140385,73.4430509230503,68.04597078180412,385.7229759776759,0.0,109.3709774017334
640,4.0,5.35866187843094,1.35866187843094,73.42629412405317,68.04596844040351,385.49138244278157,0.0,109.29630088806152
641,4.0,5.356288191636814,1.3562881916368141,73.40879236179836,68.04596488651089,385.2658821973396,0.0,109.22184658050537
642,4.0,5.35397830952043,1.3539783095204303,73.39056590061496,68.0459624892436,385.0464433962831,0.0,109.14763832092285
643,4.0,5.351732277459034,1.3517322774590337,73.37162986984349,68.04595611576447,397.6745269863112,0.0,109.07369995117188
644,4.0,5.349158800292927,1.3491588002929271,73.35731322484774,68.04595113246168,397.43004665553116,0.0,108.9999771118164
645,4.0,5.345908030927885,1.3459080309278848,73.35229414891806,68.0459433004345,397.1212235658522,0.0,108.92628288269043
646,4.0,5.342219658190991,1.3422196581909906,73.35330285064138,68.04594470342124,396.7708281558472,0.0,108.85262680053711
647,4.0,5.338251800977026,1.3382518009770257,73.35811482719053,68.04594223515748,396.39388172052054,0.0,108.7789134979248
648,4.0,5.334117172478376,1.3341171724783756,73.36518775068285,68.0459475936022,396.0010920131487,0.0,108.70514106750488
649,4.0,5.329887068330268,1.329887068330268,73.37347132601029,68.04595615229888,395.5992321190786,0.0,108.63119888305664
650,4.0,5.325617269737706,1.3256172697377062,73.38223507263471,68.04596170652019,395.1936012527852,0.0,108.55713844299316
651,4.0,5.321344019977158,1.3213440199771576,73.3909778979293,68.04596737725308,394.787642525533,0.0,108.48295593261719
652,4.0,5.317095261665807,1.3170952616658074,73.39934115459704,68.04596595256417,394.3840104859547,0.0,108.40869140625
653,4.0,5.312885151863277,1.3128851518632771,73.40710494693087,68.04596916224699,393.9840500547144,0.0,108.33431053161621
654,4.0,5.308728686890433,1.3087286868904329,73.41408487053602,68.04596373167118,393.58918588229415,0.0,108.25984954833984
655,4.0,5.304634730179665,1.3046347301796652,73.42015489980196,68.04595047190676,393.20025999477133,0.0,108.18530654907227
656,4.0,5.300608274962689,1.3006082749626886,73.4252785202761,68.04595083615644,392.8177467491585,0.0,108.11073303222656
657,4.0,5.2966516742747185,1.2966516742747185,73.4294000146924,68.04595247434855,392.44186968380126,0.0,108.03609848022461
658,4.0,5.29276495363292,1.2927649536329202,73.43249586116296,68.0459485793887,392.07263122283047,0.0,107.96137237548828
659,4.0,5.2889535465087425,1.2889535465087425,73.4345609374328,68.04594487284434,391.71054754603364,0.0,107.88666152954102
660,4.0,5.285213425721685,1.2852134257216852,73.43558911864514,68.0459481837702,391.3552360712632,0.0,107.8118782043457
661,4.0,5.281548511653213,1.281548511653213,73.43558345451557,68.04595915016617,391.00706923475826,0.0,107.73711013793945
662,4.0,5.2779589586455895,1.2779589586455895,73.43456306162943,68.04596728258862,390.666061699034,0.0,107.66239166259766
663,4.0,5.274442995027587,1.274442995027587,73.432529748413,68.04384962660814,390.3320451553239,0.0,107.58769226074219
664,4.0,5.27101345820135,1.2710134582013497,73.42949292925128,68.03975092184417,390.0062391568313,0.0,107.51329040527344
665,4.0,5.267662871927069,1.2676628719270688,73.4254767935611,68.03676144102242,389.68793346077456,0.0,107.43907165527344
666,4.0,5.264380164592237,1.2643801645922368,73.42050363171334,68.03484397515489,389.3760762639656,0.0,107.3648452758789
667,4.0,5.261163212879545,1.261163212879545,73.41458059173983,68.03053594905768,389.07046585125977,0.0,107.29058074951172
668,4.0,5.2580159018291965,1.2580159018291965,73.40801756559217,68.02418610974085,388.7714713014767,0.0,107.21681213378906
669,4.0,5.254914608906462,1.2549146089064616,73.40098421049446,68.02075880902078,388.476848473817,0.0,107.14330673217773
670,4.0,5.251887464511162,1.251887464511162,73.39293771802824,68.01933855790058,388.1892697562634,0.0,107.0698471069336
671,4.0,5.248917326126783,1.248917326126783,73.38393843123173,68.01686810036385,387.9071066097474,0.0,106.99617385864258
672,4.0,5.246044544566218,1.2460445445662183,73.37385520602953,68.01318104292446,387.63419236149383,0.0,106.92292022705078
673,4.0,5.243263918132416,1.243263918132416,73.36257102450968,68.01199720720786,387.37003285028266,0.0,106.84981155395508
674,4.0,5.240559510311854,1.2405595103118543,73.3502525969201,68.01198234793307,387.1131141073292,0.0,106.77676773071289
675,4.0,5.2379056014013585,1.2379056014013585,73.33712787379898,68.00973231870113,386.86099276083206,0.0,106.70359802246094
676,4.0,5.2353237912820685,1.2353237912820685,73.3233236846994,68.00537034788866,386.6157207994995,0.0,106.63092803955078
677,4.0,5.232803637272824,1.2328036372728244,73.30882580328263,68.002929152171,386.3763061686214,0.0,106.55852508544922
678,4.0,5.2303406672378445,1.2303406672378445,73.29360188582997,68.00155907615904,386.14232401529836,0.0,106.48625183105469
679,4.0,5.227922715989197,1.2279227159891972,73.27769057827932,67.99802141477433,385.91261864667683,0.0,106.4139175415039
680,4.0,5.22558187283327,1.2255818728332697,73.26105142562523,67.99280552310756,385.6902385468637,0.0,106.34211730957031
681,4.0,5.223307703532264,1.2233077035322637,73.24369904202469,67.99006500775901,397.09561564682457,0.0,106.27066040039062
682,4.0,5.220746968604143,1.2207469686041428,73.23043772347653,67.988180523573,396.8523458286531,0.0,106.1993293762207
683,4.0,5.2175760252093175,1.2175760252093175,73.22552365070203,67.98419302896495,396.55110620614477,0.0,106.12770462036133
684,4.0,5.214046935642185,1.2140469356421848,73.2259701604858,67.98011305039881,396.2158426972672,0.0,106.05656814575195
685,4.0,5.21027882088445,1.21027882088445,73.22977658829882,67.97870965450872,395.85787179528234,0.0,105.98543167114258
686,4.0,5.20636040520673,1.2063604052067296,73.2355576106762,67.97809115273597,395.4856223058989,0.0,105.9140853881836
687,4.0,5.2023498031300175,1.2023498031300175,73.24235922950639,67.97481556263685,395.1046151086112,0.0,105.84232586622238
688,4.0,5.198319196661267,1.1983191966612674,73.24954560439514,67.971017323492,394.72170749408,0.0,105.77069973945618
689,4.0,5.194288879868955,1.1942888798689548,73.25665175839661,67.9694515176097,394.3388273988102,0.0,105.69894766807556
690,4.0,5.1902754215221085,1.1902754215221085,73.26336478655844,67.96843871027666,393.9575488558599,0.0,105.62695598602295
691,4.0,5.186289542576254,1.1862895425762536,73.26948657294075,67.96444483255127,393.5788903560037,0.0,105.55465888977051
692,4.0,5.182366049639927,1.1823660496399269,73.27485094663298,67.96000629479006,393.20615852705265,0.0,105.48252773284912
693,4.0,5.178506798636024,1.1785067986360236,73.27937470256816,67.9579828263463,392.83952968168177,0.0,105.41048336029053
694,4.0,5.174710623749222,1.1747106237492222,73.28297808979245,67.95682868500651,392.47889306743565,0.0,105.3383903503418
695,4.0,5.170952876605205,1.170952876605205,73.28564842197405,67.95605259708532,392.1219070887541,0.0,105.26573181152344
696,4.0,5.167266905001579,1.1672669050015791,73.28732057805006,67.95578418687732,391.77173978640957,0.0,105.19309616088867
697,4.0,5.163651254563803,1.1636512545638027,73.28800700877215,67.95659119672536,391.4282529948208,0.0,105.12047481536865
698,4.0,5.160099440575955,1.160099440575955,73.28771920465317,67.95733325274249,391.09083066597526,0.0,105.04775524139404
699,4.0,5.156604194602214,1.156604194602214,73.28645127082358,67.95896410262067,390.75878229846995,0.0,104.9747838973999
700,4.0,5.153183718949751,1.1531837189497507,73.28422488023263,67.96057914367731,390.4338371114859,0.0,104.90196514129639
701,4.0,5.149828175851399,1.1498281758513986,73.28104020919274,67.96153445011554,390.1150605171424,0.0,104.8291015625
702,4.0,5.146539569611502,1.1465395696115017,73.27690365657119,67.96168688027853,389.8026429243522,0.0,104.75624561309814
703,4.0,5.143323260670974,1.1433232606709742,73.27183264726425,67.9611664710754,389.49709357500217,0.0,104.68353366851807
704,4.0,5.14017700838859,1.1401770083885898,73.26583620479545,67.96020912854344,389.1981996081756,0.0,104.61093521118164
705,4.0,5.13709482667298,1.1370948266729801,73.25893675486623,67.95914484878904,388.90539234519264,0.0,104.53836250305176
706,4.0,5.134082391042213,1.134082391042213,73.25113420501737,67.9582349949597,388.61921096026975,0.0,104.46593284606934
707,4.0,5.131134753582721,1.131134753582721,73.24245642590638,67.95765816533587,388.339185401618,0.0,104.39358711242676
708,4.0,5.128249479197368,1.1282494791973683,73.23292629959667,67.95748928947681,388.0650843350095,0.0,104.32131004333496
709,4.0,5.125430115573728,1.125430115573728,73.2225777915564,67.95767959540146,387.79724479076367,0.0,104.24922370910645
710,4.0,5.122677394217563,1.122677394217563,73.2113887723572,67.95812265369304,387.53573626192804,0.0,104.17731285095215
711,4.0,5.119987483557715,1.1199874835577148,73.19938225689765,67.95866668396661,387.2801947492424,0.0,104.10553359985352
712,4.0,5.117361365789215,1.1173613657892147,73.18657957965904,67.95916949858149,387.0307135612349,0.0,104.03393745422363
713,4.0,5.114798125566778,1.1147981255667778,73.17301054048309,67.9595228971863,386.7872057401035,0.0,103.96254920959473
714,4.0,5.112294639568279,1.1122946395682787,73.15867888933184,67.95968854067343,386.5493745702461,0.0,103.89131164550781
715,4.0,5.109853605492532,1.1098536054925319,73.14359376826485,67.95965652325027,386.3174763330501,0.0,103.82029342651367
716,4.0,5.10747346926496,1.10747346926496,73.12777017927041,67.9594728718287,386.0913633914307,0.0,103.74948501586914
717,4.0,5.1051506056208344,1.1051506056208344,73.111251503372,67.95921450278787,385.87069134523887,0.0,103.67887496948242
718,4.0,5.102889863554245,1.1028898635542452,73.09402440557317,67.95894979693934,396.1333745526782,0.0,103.6085433959961
719,4.0,5.100386164880729,1.100386164880729,73.08042998155635,67.95874648897278,395.8955231786942,0.0,103.53844833374023
720,4.0,5.0973677159183985,1.0973677159183985,73.07426810447132,67.95863023886021,395.6087705272727,0.0,103.46844863891602
721,4.0,5.094018035331799,1.094018035331799,73.07288243030472,67.95862120828251,395.29055087154586,0.0,103.39849472045898
722,4.0,5.09046016583183,1.0904601658318303,73.07446991128172,67.95868409277857,394.95255326904874,0.0,103.32852172851562
723,4.0,5.086784368714059,1.086784368714059,73.0777915412947,67.9588040263931,394.60335254286053,0.0,103.25860214233398
724,4.0,5.083033099028903,1.0830330990289028,73.0820058540789,67.95894136291778,394.2469819227706,0.0,103.18840408325195
725,4.0,5.079268938345653,1.0792689383456526,73.08650651205284,67.95905759529371,393.88938665786185,0.0,103.11833953857422
726,4.0,5.073900434115097,1.0739004341150968,73.09089706690736,67.95913365625711,393.3793787559591,0.0,103.01553732156754
727,4.0,5.070166437408196,1.0701664374081963,73.09482558944256,67.95915817678886,393.02464906880357,0.0,102.94525873661041
728,4.0,5.066483614503791,1.0664836145037908,73.0980378773536,67.95914402097132,392.67478089288505,0.0,102.87500309944153
729,4.0,5.062854468117191,1.062854468117191,73.10046362709458,67.95909392054199,392.330011986158,0.0,102.80472469329834
730,4.0,5.059286201842568,1.0592862018425677,73.10202658732906,67.95902403137826,391.9910266900688,0.0,102.7344651222229
731,4.0,5.0557777904587,1.0557777904587002,73.10270353821781,67.95895766804091,391.65772760860136,0.0,102.66417360305786
732,4.0,5.052333136433675,1.052333136433675,73.10246264668778,67.958907731282,391.33048547622406,0.0,102.59388732910156
733,4.0,5.048955333630104,1.0489553336301043,73.10129940801369,67.95888248751702,391.00959420988477,0.0,102.52366542816162
734,4.0,5.045637449905048,1.0456374499050476,73.0992256907572,67.9588976211638,390.6943952560044,0.0,102.4533863067627
735,4.0,5.0423846010194575,1.0423846010194575,73.09622620939896,67.95892061548406,390.38537461187343,0.0,102.38313484191895
736,4.0,5.039192204413511,1.039192204413511,73.09230988923531,67.95895249890826,390.0820969343085,0.0,102.31283283233643
737,4.0,5.036073462458176,1.0360734624581758,73.08749145124504,67.95898062723738,389.78581644855166,0.0,102.24277114868164
738,4.0,5.033015444292213,1.0330154442922126,73.08177710690347,67.95900619822365,389.4953047227851,0.0,102.17269802093506
739,4.0,5.030021201399358,1.0300212013993582,73.07519686055132,67.95901644621611,389.210851647964,0.0,102.1027193069458
740,4.0,5.02709064991203,1.0270906499120303,73.06776634211501,67.95901864116911,388.93244925666784,0.0,102.03285694122314
741,4.0,5.024223081157693,1.0242230811576931,73.05949533479087,67.95900632582314,388.6600302250057,0.0,101.9631118774414
742,4.0,5.021414284221303,1.0214142842213034,73.05039200679161,67.95898661819467,388.39319451604877,0.0,101.89341163635254
743,4.0,5.01867252515381,1.0186725251538098,73.04047521711027,67.95896658133202,388.13272740463685,0.0,101.8239517211914
744,4.0,5.015988726614552,1.0159887266145518,73.02974614320054,67.958966911372,387.8777665434073,0.0,101.75455093383789
745,4.0,5.013368277940665,1.013368277940665,73.01823766817638,67.95896715273811,387.62882391938814,0.0,101.68536567687988
746,4.0,5.010802046971932,1.010802046971932,73.00597791358045,67.95896733198192,387.38503197735844,0.0,101.61625099182129
747,4.0,5.008299570438404,1.0082995704384041,72.99294777992485,67.95896751323033,387.14729670667333,0.0,101.5473747253418
748,4.0,5.005858292047348,1.005858292047348,72.97917976220019,67.95896757271623,386.91537525952293,0.0,101.47873115539551
749,4.0,5.003474324962802,1.0034743249628022,72.9646778176598,67.95897164145072,386.6888983864911,0.0,101.41024780273438
750,4.0,5.001147345657373,1.0011473456573734,72.94948181183157,67.95897348573597,386.46783535247545,0.0,101.34197425842285
751,4.0,4.998877177318253,0.9988771773182528,72.9335870068673,67.95897725608279,395.74150254478235,0.0,101.27390098571777
752,4.0,4.996392688724499,0.9963926887244989,72.92091825335947,67.95897180850847,395.50547612837573,0.0,101.20598411560059
753,4.0,4.993460976244985,0.9934609762449851,72.91490970434397,67.9589686168566,395.2269634428219,0.0,101.13826560974121
754,4.0,4.990237258858663,0.990237258858663,72.9131562489732,67.95896960324846,394.9207102911213,0.0,101.07054138183594
755,4.0,4.986833643310538,0.986833643310538,72.91402802437491,67.95897491721436,394.59736681404945,0.0,101.0028133392334
756,4.0,4.983324406743799,0.9833244067437992,72.91641610049021,67.9589839312546,394.26398934020926,0.0,100.93504333496094
757,4.0,4.979764131333045,0.9797641313330452,72.9195424955153,67.95897539491222,393.9257631761876,0.0,100.86725616455078
758,4.0,4.976187532525815,0.9761875325258149,72.92288773500567,67.95896962619832,393.58598628950074,0.0,100.79943466186523
759,4.0,4.9726173199092525,0.9726173199092525,72.926064040108,67.95896577997227,393.2468160909273,0.0,100.73150253295898
760,4.0,4.969076173579281,0.969076173579281,72.92883766036698,67.95896322637547,392.91040718958004,0.0,100.6635971069336
761,4.0,4.965570694787157,0.9655706947871572,72.93102776172614,67.95896157463162,392.57738670432826,0.0,100.5956039428711
762,4.0,4.962114416302046,0.9621144163020459,72.93252548628526,67.95896046222255,392.2490402482427,0.0,100.52764892578125
763,4.0,4.958712341840946,0.958712341840946,72.93325297696424,67.95895971000164,391.92584317443817,0.0,100.4597282409668
764,4.0,4.955366780999218,0.9553667809992179,72.93316354552934,67.95897025655847,391.608014894474,0.0,100.39182662963867
765,4.0,4.952078558829076,0.9520785588290757,72.93221565668483,67.95898503264384,391.2956337883105,0.0,100.32390594482422
766,4.0,4.948847973962713,0.9488479739627129,72.9304032312963,67.95898861862537,390.98872822600606,0.0,100.25596618652344
767,4.0,4.945675896520089,0.9456758965200889,72.9277256917267,67.9589830756535,390.6873808689568,0.0,100.18802642822266
768,4.0,4.942559958400304,0.9425599584003042,72.92417750813347,67.95898413313776,390.3913667475772,0.0,100.12003326416016
769,4.0,4.939589135302115,0.9395891353021151,72.91857155472644,67.95898656510415,390.10913855324924,0.0,100.05216217041016
770,4.0,4.936827894090833,0.9368278940908326,72.9097522298491,67.95898871549954,389.8468206381774,0.0,99.98413848876953
771,4.0,4.934146265153255,0.934146265153255,72.8997133812307,67.95898540376923,389.5920658891076,0.0,99.91606903076172
772,4.0,4.9316086738492455,0.9316086738492455,72.88757927905792,67.95898058365573,389.35099471522665,0.0,99.84806060791016
773,4.0,4.929463356756375,0.9294633567563748,72.86968915837038,67.95897551818926,389.1471895914039,0.0,99.7801284790039
774,4.0,4.927480709999875,0.927480709999875,72.84943136502986,67.95897196049971,388.95883814953646,0.0,99.7122688293457
775,4.0,4.925540477220316,0.9255404772203164,72.82848830747257,67.9589697435411,397.5671505690714,0.0,99.64435195922852
776,4.0,4.923592461751636,0.9235924617516362,72.80779723659879,67.9589624559422,397.38208909954676,0.0,99.57664489746094
777,4.0,4.921612940485453,0.9216129404854527,72.78782918641228,67.95896051382412,397.1940345792593,0.0,99.50931167602539
778,4.0,4.919328886496456,0.9193288864964559,72.77234141032478,67.9589653293806,405.71067387202095,0.0,99.44196701049805
779,4.0,4.916671737582089,0.9166717375820888,72.76241616163513,67.95898126595131,405.45824472515613,0.0,99.37469863891602
780,4.0,4.913760665383804,0.913760665383804,72.75640183083016,67.95898299714534,405.181692866319,0.0,99.30765151977539
781,4.0,4.910680572440099,0.910680572440099,72.75292911005273,67.95898458759878,404.88908403666704,0.0,99.24066543579102
782,4.0,4.907349888272824,0.9073498882728241,72.75308019089432,67.95899526900256,404.57266904077596,0.0,99.1735610961914
783,4.0,4.903991189054966,0.9039911890549659,72.75364989499406,67.95898157812186,404.25359261507936,0.0,99.10646057128906
784,4.0,4.900883523079906,0.9008835230799059,72.75072353516364,67.95897309406611,403.95836434744865,0.0,99.0396728515625
785,4.0,4.897876461841602,0.8978764618416024,72.74616740616248,67.95897783235122,403.67269352980986,0.0,98.97270584106445
786,4.0,4.894859382412881,0.8948593824128812,72.74170686289446,67.95897965768005,403.38607098408136,0.0,98.90567398071289
787,4.0,4.892064509604598,0.892064509604598,72.73394818616171,67.958968055456,403.1205580672945,0.0,98.83865737915039
788,4.0,4.889670498127349,0.8896704981273489,72.72048245971813,67.9589694889696,402.8931269769558,0.0,98.77199935913086
789,4.0,4.887316736071167,0.8873167360711669,72.70653682929296,67.9589709196446,402.66951958161854,0.0,98.70552062988281
790,4.0,4.884992613752764,0.8849926137527637,72.69204954831534,67.958966638338,402.4487279613702,0.0,98.63892364501953
791,4.0,4.883034342911571,0.8830343429115706,72.67238166557946,67.95897181611006,410.65151848911677,0.0,98.5727042928338
792,4.0,4.881159700151676,0.8811597001516764,72.65173472124158,67.95898005542199,410.47342742692683,0.0,98.50686657428741
793,4.0,4.878882036915937,0.8788820369159369,72.63712348838627,67.9589855586018,410.2570494195316,0.0,98.44109916687012
794,4.0,4.876470594940982,0.8764705949409821,72.62452794753612,67.95898922810952,418.3544330838502,0.0,98.37538194656372
795,4.0,4.873914308066439,0.8739143080664391,72.61433610677844,67.95899163363381,418.1115858307686,0.0,98.31001436710358
796,4.0,4.8710448144636995,0.8710448144636995,72.60880780842984,67.95899325683864,417.83898393850836,0.0,98.24465465545654
797,4.0,4.867826348140024,0.8678263481400244,72.60845224051849,67.95898743036038,417.53322963775923,0.0,98.17926025390625
798,4.0,4.864545576238769,0.8645455762387693,72.60891148687833,67.95898121225494,417.22155630713996,0.0,98.11371088027954
799,4.0,4.861309299103096,0.8613092991030964,72.60896631288078,67.95898163410233,416.91410997925107,0.0,98.04851198196411
800,4.0,4.858001672386877,0.8580016723868766,72.61015935394254,67.95898190377248,416.5998854412102,0.0,97.9834098815918
801,4.0,4.854651260295615,0.8546512602956149,72.61202614228111,67.95897227049466,416.2815962925403,0.0,97.91835117340088
802,4.0,4.851394624783138,0.8513946247831381,72.61253294102002,67.95896717364512,415.972215918855,0.0,97.85334777832031
803,4.0,4.848141701661847,0.8481417016618469,72.61318239305474,67.95896418862996,415.66318822233234,0.0,97.78861045837402
804,4.0,4.844908407738864,0.8449084077388642,72.61370859168393,67.95896281167516,415.356025299649,0.0,97.72410202026367
805,4.0,4.841714290384197,0.8417142903841972,72.6136713375466,67.95896806937482,415.0525841509556,0.0,97.65962505340576
806,4.0,4.838577278003216,0.8385772780032159,72.61279478567155,67.9589702702024,414.7545679747624,0.0,97.59517192840576
807,4.0,4.835501931445331,0.8355019314453314,72.61096695655284,67.95897148526784,414.46241005176336,0.0,97.530686378479
808,4.0,4.832494561988853,0.8324945619888533,72.60812893076582,67.95898092028094,414.17670995339796,0.0,97.46621894836426
809,4.0,4.829560199439327,0.8295601994393271,72.60429716224759,67.9589883167634,413.897945511193,0.0,97.40189552307129
810,4.0,4.826684144226143,0.8266841442261432,72.5994933708856,67.9589841429551,413.6247202659405,0.0,97.33745098114014
811,4.0,4.823872343578939,0.8238723435789392,72.59379374660602,67.95899007189466,413.3575992044561,0.0,97.27310943603516
812,4.0,4.821124083697108,0.8211240836971081,72.58724543937055,67.95898427294966,413.09651451568214,0.0,97.20892143249512
813,4.0,4.818426252700951,0.8184262527009514,72.57988871802412,67.95897758964863,412.84022057104727,0.0,97.14467811584473
814,4.0,4.815791970614769,0.8157919706147689,72.57175144790253,67.95897294418305,412.58996377285996,0.0,97.0806827545166
815,4.0,4.813211018775069,0.8132110187750694,72.56287259707905,67.9589757807055,412.3447733480885,0.0,97.01678276062012
816,4.0,4.810681423097612,0.8106814230976118,72.55327104845608,67.95897588840008,412.10446175873,0.0,96.95296478271484
817,4.0,4.808202464783639,0.8082024647836388,72.54296252610041,67.95897203104815,411.8689607189026,0.0,96.88923645019531
818,4.0,4.805781546520083,0.805781546520083,72.53196026928723,67.95896424157101,411.6389734838648,0.0,96.82576560974121
819,4.0,4.8034138332388645,0.8034138332388645,72.52027944629178,67.95896732783334,411.414040722149,0.0,96.76247596740723
820,4.0,4.80109685064282,0.8010968506428204,72.50789817169141,67.95897423618845,418.8043474566316,0.0,96.69928932189941
821,4.0,4.7986218940013705,0.7986218940013705,72.49799457103799,67.95897892052848,418.5692265756939,0.0,96.63624000549316
822,4.0,4.79580933786087,0.7958093378608702,72.49330092949481,67.95898204388843,418.30203374234634,0.0,96.5733470916748
823,4.0,4.792782340704035,0.7927823407040346,72.49187518597037,67.9589841451156,418.01446901244697,0.0,96.51049423217773
824,4.0,4.789625318771511,0.7896253187715114,72.49241985176238,67.95898558710903,417.71455192885725,0.0,96.44764709472656
825,4.0,4.78639452037538,0.7863945203753797,72.49403815523155,67.95898645883145,417.40762608122475,0.0,96.38474082946777
826,4.0,4.78313063674328,0.7831306367432802,72.49612277774204,67.9589870280342,417.0975571361753,0.0,96.32178497314453
827,4.0,4.779860088613864,0.779860088613864,72.49824237663101,67.95898499540226,416.78685506388075,0.0,96.25873756408691
828,4.0,4.776602566926755,0.7766025669267549,72.5001096590527,67.95897988322581,416.4773905036054,0.0,96.19561386108398
829,4.0,4.773376525129691,0.7733765251296907,72.50153155585095,67.95897705178362,416.1709165328843,0.0,96.13253021240234
830,4.0,4.77018934986656,0.77018934986656,72.50237903105881,67.95897160810972,415.86813488288686,0.0,96.06946563720703
831,4.0,4.767044954625511,0.7670449546255114,72.50255970219452,67.95897551646777,415.56941733498724,0.0,96.00637817382812
832,4.0,4.763946524172558,0.7639465241725576,72.50201512734593,67.95897653198188,415.27506644195665,0.0,95.94325637817383
833,4.0,4.76090121419165,0.7609012141916498,72.50070416538324,67.95897516842646,414.98576199377044,0.0,95.88019180297852
834,4.0,4.757911065366977,0.7579110653669767,72.49860872538552,67.95896370697946,414.70169785542646,0.0,95.81720352172852
835,4.0,4.754964535822033,0.7549645358220332,72.4957127555656,67.95895518651383,414.42177754865685,0.0,95.7540397644043
836,4.0,4.752085605640752,0.7520856056407519,72.492013159315,67.95894951613492,414.1482791814351,0.0,95.69118118286133
837,4.0,4.749255562389605,0.7492555623896049,72.48753110466808,67.95896625493009,413.87942507257617,0.0,95.62828063964844
838,4.0,4.746477538564261,0.7464775385642612,72.48226089422815,67.95898431312645,413.6155128091685,0.0,95.56539535522461
839,4.0,4.74376174713942,0.7437617471394198,72.47621897715602,67.95898497255745,413.3575126238086,0.0,95.50275421142578
840,4.0,4.7410968719993,0.7410968719993001,72.46938316614454,67.95899176820865,413.1043494854972,0.0,95.44010162353516
841,4.0,4.738490404227549,0.7384904042275489,72.4617884916644,67.95899241587793,412.85673504718085,0.0,95.37763595581055
842,4.0,4.735934298518206,0.735934298518206,72.45343527566283,67.95898005681822,412.61390500479325,0.0,95.3151969909668
843,4.0,4.733434756017002,0.7334347560170018,72.4443466000736,67.95896785029362,412.3764484671789,0.0,95.2529411315918
844,4.0,4.7309932100987275,0.7309932100987275,72.43451709582514,67.95897004757903,412.1445016049428,0.0,95.19089126586914
845,4.0,4.728598157356725,0.7285981573567248,72.4239856664697,67.95896392161184,411.91697159445255,0.0,95.12886810302734
846,4.0,4.726255884236233,0.7262558842362328,72.41275693692175,67.95897005698218,411.69445564800577,0.0,95.0670051574707
847,4.0,4.723969542468674,0.7239695424686738,72.40082554809096,67.95896927960558,418.3549638335401,0.0,95.0053596496582
848,4.0,4.721545208857517,0.7215452088575169,72.39106513824606,67.95897703576661,418.1246521404801,0.0,94.94380187988281
849,4.0,4.718823442751154,0.7188234427511544,72.38595300850606,67.95898770491446,417.8660843603758,0.0,94.88236999511719
850,4.0,4.71591154267467,0.7159115426746698,72.38372698726907,67.95899482802807,417.58945385310966,0.0,94.82090377807617
851,4.0,4.71288526450541,0.7128852645054096,72.38322280555559,67.95899557607818,417.30195742702995,0.0,94.75939559936523
852,4.0,4.709798705935385,0.709798705935385,72.3836414817093,67.95899026255823,417.0087343628777,0.0,94.69788360595703
853,4.0,4.706689803405176,0.7066898034051761,72.38443351159357,67.95897520135686,416.71338862250775,0.0,94.63640975952148
854,4.0,4.703586220488423,0.7035862204884227,72.3852031163485,67.95896862591128,416.4185482454163,0.0,94.57501220703125
855,4.0,4.700494340989359,0.7004943409893594,72.38570293960132,67.95897295080435,416.12481969300524,0.0,94.51349639892578
856,4.0,4.6974339420822915,0.6974339420822915,72.38575924219747,67.95897273422133,415.83408179683374,0.0,94.45203399658203
857,4.0,4.694408948807794,0.6944089488077942,72.38524334982885,67.95896103613735,415.5467074357565,0.0,94.39053726196289
858,4.0,4.691427050401758,0.6914270504017583,72.38409114737448,67.95896613112743,415.26342708718306,0.0,94.3290786743164
859,4.0,4.68850093394254,0.6885009339425396,72.38223739388285,67.95897485309092,414.98544602355736,0.0,94.26782989501953
860,4.0,4.685620617332248,0.6856206173322477,72.3796474614074,67.95898068890152,414.71181594557953,0.0,94.20654678344727
861,4.0,4.682787965305729,0.6827879653057289,72.37630004440348,67.95898459972256,414.44271400306036,0.0,94.1452407836914
862,4.0,4.680003977404666,0.6800039774046658,72.37222242836414,67.95898715757173,414.17823515245937,0.0,94.08396911621094
863,4.0,4.677272837397334,0.677272837397334,72.36738100187051,67.9589888735446,413.91877685176274,0.0,94.02277374267578
864,4.0,4.674599889066679,0.6745998890666787,72.3617800029407,67.95899004504535,413.6648467603505,0.0,93.9617691040039
865,4.0,4.671972887184517,0.6719728871845172,72.3554139785148,67.9589907674388,413.41528158154523,0.0,93.90070343017578
866,4.0,4.669398583017526,0.669398583017526,72.34830662625143,67.95898442904209,413.1707226856811,0.0,93.8397445678711
867,4.0,4.666876814330163,0.6668768143301627,72.34046536019402,67.95897779074456,412.9311546603815,0.0,93.77890014648438
868,4.0,4.664410360950591,0.6644103609505914,72.33189325466223,67.95897794099331,412.6968415893223,0.0,93.71823120117188
869,4.0,4.6619982827014885,0.6619982827014885,72.32260403999598,67.95897815152752,412.4676941556575,0.0,93.6577377319336
870,4.0,4.659633078115214,0.6596330781152142,72.31262492637285,67.95897523464052,412.24299971996146,0.0,93.59730529785156
871,4.0,4.657318749759332,0.657318749759332,72.30195200011525,67.95897015026017,418.2676666488662,0.0,93.5370101928711
872,4.0,4.654888820891533,0.6548888208915331,72.29318176676897,67.95896715664799,418.0368234064254,0.0,93.47686767578125
873,4.0,4.652191540105552,0.6521915401055516,72.28856821645385,67.95896857535577,417.7805817317571,0.0,93.41674041748047
874,4.0,4.649336276642488,0.6493362766424884,72.28650592137744,67.95896564752634,417.5093317027661,0.0,93.35674285888672
875,4.0,4.646377552043919,0.6463775520439192,72.28595016226409,67.95896671712948,417.228252865902,0.0,93.29661560058594
876,4.0,4.643370741865633,0.6433707418656329,72.28615409438699,67.95896930243849,416.9426058989648,0.0,93.23650360107422
877,4.0,4.6403420436945995,0.6403420436945995,72.28664006853074,67.95897301883447,416.6548795727167,0.0,93.17631530761719
878,4.0,4.637323594567382,0.6373235945673823,72.28705575582201,67.95898870106826,416.36812690563096,0.0,93.11624145507812
879,4.0,4.6343239842644985,0.6343239842644985,72.28717220479086,67.95898811005486,416.0831639268571,0.0,93.05615997314453
880,4.0,4.631355774027319,0.6313557740273188,72.28682242662575,67.95898903255095,415.80118395432504,0.0,92.99610900878906
881,4.0,4.6284192752484925,0.6284192752484925,72.28591165565375,67.95898387135666,415.5222165703365,0.0,92.93597412109375
882,4.0,4.625525894527979,0.6255258945279794,72.28435559400444,67.95898862838158,415.2473454018878,0.0,92.8758773803711
883,4.0,4.622680373958651,0.6226803739586506,72.28210863187971,67.9589795009222,414.9770209478016,0.0,92.81585693359375
884,4.0,4.619887944095859,0.6198879440958587,72.27915312567525,67.95897794310699,414.71174011083633,0.0,92.75599670410156
885,4.0,4.617134963321044,0.6171349633210443,72.2754634874216,67.95896771480382,414.45020693722887,0.0,92.69599151611328
886,4.0,4.614433159643401,0.6144331596434007,72.27103337889615,67.95896677375808,414.19353558785275,0.0,92.63607025146484
887,4.0,4.611787265776891,0.6117872657768908,72.265858952248,67.95897948880608,413.94217567053437,0.0,92.57632446289062
888,4.0,4.60918626076839,0.6091862607683902,72.25996292030398,67.95898637821672,413.6950801947268,0.0,92.51656341552734
889,4.0,4.606638074383234,0.606638074383234,72.25333314011202,67.95897745404261,413.4530024881369,0.0,92.4569320678711
890,4.0,4.6041383939634395,0.6041383939634395,72.24598260457444,67.95898132321655,413.2155328482565,0.0,92.3973617553711
891,4.0,4.601690240889302,0.6016902408893019,72.23791069066388,67.95898385193595,412.98295830621345,0.0,92.3379135131836
892,4.0,4.599291396907462,0.5992913969074616,72.229136564659,67.95897033422123,412.7550681279386,0.0,92.2785684466362
893,4.0,4.5969461447174975,0.5969461447174975,72.21965509561635,67.95896056459738,412.53226916989195,0.0,92.21940696239471
894,4.0,4.594653064331601,0.5946530643316006,72.20949321931897,67.95896278506724,417.963630644382,0.0,92.16043591499329
895,4.0,4.5922504355732165,0.5922504355732165,72.20101949633963,67.95896327976853,417.73538091233553,0.0,92.10143423080444
896,4.0,4.589623416052444,0.5896234160524436,72.19623981770972,67.95896523980895,417.4858140578621,0.0,92.04265356063843
897,4.0,4.586850182676881,0.5868501826768808,72.19371360306579,67.95897374487332,417.22235688718354,0.0,91.98381900787354
898,4.0,4.583995654153909,0.5839956541539086,72.19249456914551,67.95897155589954,416.95117667750117,0.0,91.9250226020813
899,4.0,4.58110497681315,0.5811049768131502,72.19190999140619,67.95897466702941,416.6765623301291,0.0,91.86631059646606
900,4.0,4.578201843095825,0.5782018430958251,72.19151471948572,67.95897406813954,416.40076462698323,0.0,91.80759048461914
901,4.0,4.575305012659849,0.5753050126598493,72.19100701497383,67.95897554403899,416.12556573556554,0.0,91.7488545179367
902,4.0,4.572425933427915,0.5724259334279154,72.19017964424016,67.95898360011216,415.8520532085319,0.0,91.69006931781769
903,4.0,4.569579455689043,0.569579455689043,72.18888587990314,67.95897754997583,415.58163782333907,0.0,91.63134717941284
904,4.0,4.56677133932349,0.5667713393234903,72.18703138761607,67.95897345976111,415.31486676861147,0.0,91.57268500328064
905,4.0,4.564006081085079,0.5640060810850791,72.18454415221625,67.9589702128638,415.0521672359625,0.0,91.51408290863037
906,4.0,4.561285583067383,0.5612855830673826,72.18139393363522,67.95897258025974,414.7937199242813,0.0,91.45554208755493
907,4.0,4.558609096982853,0.5586090969828534,72.17754347344898,67.95896962519559,414.53945374625096,0.0,91.39700174331665
908,4.0,4.555976713160002,0.5559767131600024,72.1729898414286,67.95897088404011,414.2893772830801,0.0,91.33846139907837
909,4.0,4.553403449998875,0.5534034499988749,72.16773482123669,67.95896260967349,414.0449172827731,0.0,91.28022575378418
910,4.0,4.550868909965978,0.5508689099659776,72.16176062597191,67.95896943050671,413.8041359796478,0.0,91.22186470031738
911,4.0,4.54838457366336,0.5483845736633599,72.15508372978118,67.95897618231781,413.56812403089907,0.0,91.16363048553467
912,4.0,4.545945735143169,0.5459457351431691,72.14772275719434,67.95897624347275,413.336434371481,0.0,91.10545349121094
913,4.0,4.543559586617086,0.5435595866170857,72.13966313265658,67.95897346893626,413.1097502615031,0.0,91.04746055603027
914,4.0,4.541219435943705,0.541219435943705,72.13091431685152,67.9589700940159,418.02902058899707,0.0,90.98953056335449
915,4.0,4.538796631629081,0.5387966316290811,72.12361357776467,67.9589664487969,417.7988541791078,0.0,90.93178176879883
916,4.0,4.536166070451762,0.5361660704517623,72.11960797429413,67.95896379688115,417.54895086726253,0.0,90.87403297424316
917,4.0,4.533409648142963,0.5334096481429631,72.11759759701341,67.95896198855074,417.2870907479266,0.0,90.81628131866455
918,4.0,4.530577249634415,0.5305772496344154,72.11669864514597,67.9589607532482,417.01801288961457,0.0,90.75840950012207
919,4.0,4.527708744337811,0.5277087443378106,72.11632589412643,67.95896675794782,416.7455048864371,0.0,90.70047760009766
920,4.0,4.524833767019858,0.5248337670198584,72.11605885537092,67.9589730342219,416.47238204123164,0.0,90.64254951477051
921,4.0,4.521971676001953,0.5219716760019528,72.1156269666432,67.95897267246617,416.20048339453064,0.0,90.58467292785645
922,4.0,4.519138047264936,0.5191380472649358,72.11484821600921,67.9589724010117,415.931288664514,0.0,90.52693176269531
923,4.0,4.516335036057824,0.516335036057824,72.11356896370157,67.95897216049462,415.6650025998384,0.0,90.46917724609375
924,4.0,4.513567232079855,0.513567232079855,72.11173170938018,67.9589720700581,415.4020612219313,0.0,90.41143035888672
925,4.0,4.510838308792186,0.5108383087921862,72.10926609022619,67.95897194928942,415.1428135096028,0.0,90.35367774963379
926,4.0,4.508151300762083,0.5081513007620826,72.10613315401385,67.95897188894143,414.88754774674294,0.0,90.29593276977539
927,4.0,4.5055065051550045,0.5055065051550045,72.10231484655345,67.9589718290266,414.63629216407054,0.0,90.23818016052246
928,4.0,4.502913474126487,0.5029134741264869,72.09781266342151,67.95897179818026,414.3899542163614,0.0,90.18061447143555
929,4.0,4.500363785579637,0.500363785579637,72.09260791830796,67.958971798171,414.1477338044106,0.0,90.12304496765137
930,4.0,4.497860641832891,0.497860641832891,72.08670167486834,67.95897179809874,413.90993514846974,0.0,90.06553840637207
931,4.0,4.495406918073715,0.49540691807371484,72.08009724895292,67.95897179927213,413.676831391348,0.0,90.00815773010254
932,4.0,4.492996350268271,0.49299635026827104,72.07278874711272,67.9589717387435,413.44782744983087,0.0,89.95077133178711
933,4.0,4.490639887935547,0.49063988793554714,72.06480136664388,67.95897179828864,417.8850424636098,0.0,89.89363098144531
934,4.0,4.4882057382866165,0.4882057382866165,72.05805284573155,67.9589751850244,417.6537982469614,0.0,89.83649063110352
935,4.0,4.485598385089661,0.485598385089661,72.05422609049947,67.95898228319045,417.4060996932506,0.0,89.77953338623047
936,4.0,4.482882501306657,0.48288250130665666,72.05213922397907,67.95897918866994,417.1480907338652,0.0,89.72257614135742
937,4.0,4.480107029599607,0.4801070295996066,72.051005067904,67.95898803984154,416.88442092169544,0.0,89.66561508178711
938,4.0,4.4773065998079495,0.47730659980794954,72.05028033875281,67.9589789595465,416.618380091488,0.0,89.6086654663086
939,4.0,4.4745000281837335,0.4745000281837335,72.04959835511875,67.95897533557638,416.3517557871875,0.0,89.5516471862793
940,4.0,4.471708896715921,0.47170889671592064,72.04871280703581,67.95897703448225,416.0865982977453,0.0,89.49468612670898
941,4.0,4.468942051084294,0.4689420510842943,72.04744383792335,67.95897186313526,415.8237479627408,0.0,89.43773651123047
942,4.0,4.466204344507105,0.4662043445071049,72.04568786824446,67.95897098249795,415.56366583790776,0.0,89.38076782226562
943,4.0,4.463502099809548,0.46350209980954826,72.04336967271601,67.95896153027557,415.3069525916399,0.0,89.32381439208984
944,4.0,4.460844293400234,0.4608442934002337,72.04043567655701,67.95896263491075,415.054460982755,0.0,89.2669906616211
945,4.0,4.45822673997066,0.45822673997065966,72.03684160048837,67.95896500538488,414.8057934069455,0.0,89.21015930175781
946,4.0,4.455651070707155,0.45565107070715527,72.03256925430479,67.95896752009895,414.5611048269126,0.0,89.1533317565918
947,4.0,4.453119467766501,0.45311946776650114,72.02760695710636,67.95897144077571,414.32060254755044,0.0,89.09653854370117
948,4.0,4.450638962866044,0.4506389628660443,72.02196331312784,67.95897919291754,414.084954582007,0.0,89.03993225097656
949,4.0,4.448205452498726,0.44820545249872623,72.01562662974648,67.95898404983431,413.8537710971118,0.0,88.98341751098633
950,4.0,4.4458167832978015,0.4458167832978015,72.00859995828665,67.95898437675869,413.62684752302397,0.0,88.92695617675781
951,4.0,4.443469974312984,0.4434699743129844,72.00090288606529,67.95898532558287,417.6168654254397,0.0,88.87051391601562
952,4.0,4.44107260230385,0.4410726023038496,71.9942709091838,67.95898478763226,417.38911508457187,0.0,88.81438446044922
953,4.0,4.438507972431778,0.4385079724317782,71.990223836191,67.95897507626465,417.1454752467251,0.0,88.75810623168945
954,4.0,4.435848797413462,0.4358487974134624,71.98770638817666,67.95896863301326,416.8928536199851,0.0,88.70182800292969
955,4.0,4.433147193748848,0.433147193748848,71.98599258955197,67.95896437651261,416.63620127184674,0.0,88.64569473266602
956,4.0,4.430430686691196,0.4304306866911958,71.98460253790938,67.95896156007632,416.37813310136977,0.0,88.58966445922852
957,4.0,4.427713852107607,0.4277138521076074,71.9831881911122,67.95896178670176,416.1200338159289,0.0,88.53359985351562
958,4.0,4.425010261364067,0.4250102613640667,71.9815349453068,67.95896820123296,415.8631926952925,0.0,88.47750854492188
959,4.0,4.4223334911953955,0.42233349119539554,71.97948660933743,67.9589827041936,415.60889952926874,0.0,88.42147064208984
960,4.0,4.419688879577251,0.4196888795772509,71.97694003473559,67.95898653102708,415.357661425545,0.0,88.3654670715332
961,4.0,4.417080346772057,0.41708034677205674,71.97382428558588,67.95898638191044,415.1098508090516,0.0,88.30949020385742
962,4.0,4.414518687863862,0.41451868786386203,71.97008998135637,67.95899130605119,414.8664932127731,0.0,88.25369644165039
963,4.0,4.41199524145368,0.41199524145368027,71.96572181151325,67.95898366194297,414.6267658038058,0.0,88.19789505004883
964,4.0,4.409514412415498,0.4095144124154979,71.96068740335537,67.95897929875638,414.3910870451785,0.0,88.14213562011719
965,4.0,4.407081338920431,0.4070813389204311,71.95498913706103,67.95897088777697,414.1599450631471,0.0,88.0865249633789
966,4.0,4.404688106327629,0.40468810632762864,71.9486275504551,67.9589733540067,413.9325879668309,0.0,88.0309066772461
967,4.0,4.402338024857624,0.4023380248576238,71.9415975512223,67.95897458671901,417.5315414633279,0.0,87.975341796875
968,4.0,4.399941184499436,0.3999411844994363,71.93548056050439,67.95897002793602,417.3038416293001,0.0,87.91996765136719
969,4.0,4.3974024213291525,0.3974024213291525,71.9316658751111,67.95896056613273,417.06265912812313,0.0,87.86457824707031
970,4.0,4.394787238729203,0.3947872387292026,71.92916625684369,67.9589680500456,416.8142167811279,0.0,87.80927276611328
971,4.0,4.392135925867079,0.3921359258670787,71.9273428874313,67.95897300831416,416.5623420592261,0.0,87.75407409667969
972,4.0,4.389471068589241,0.3894710685892413,71.92574551023891,67.95897631491731,416.3091806178316,0.0,87.69888305664062
973,4.0,4.386809438397408,0.38680943839740767,71.92408076047862,67.95898149039458,416.0563257496073,0.0,87.6436767578125
974,4.0,4.384165731410007,0.38416573141000665,71.92214501759136,67.95898825683527,415.8051735858042,0.0,87.5885009765625
975,4.0,4.3815434450419755,0.38154344504197546,71.9197863793138,67.95899236388702,415.5560563808413,0.0,87.53324127197266
976,4.0,4.3789585960994515,0.3789585960994515,71.91692296608129,67.95899863947395,415.31049573130156,0.0,87.47811889648438
977,4.0,4.37641096848341,0.3764109684834098,71.91349474914868,67.9589954818833,415.0684711077775,0.0,87.42305755615234
978,4.0,4.373903211292926,0.3739032112929257,71.90945727638588,67.95898796260637,414.8302341746815,0.0,87.36805725097656
979,4.0,4.371434844341133,0.37143484434113283,71.90478609311619,67.95898287335388,414.59573931426127,0.0,87.31307983398438
980,4.0,4.369009027115779,0.3690090271157791,71.89946597591002,67.95897402516817,414.36528667785257,0.0,87.25817108154297
981,4.0,4.366626283900611,0.3666262839006107,71.89349365674138,67.95895941041977,417.6218757694674,0.0,87.20333862304688
982,4.0,4.364195841514713,0.3641958415147126,71.8883005221628,67.9589538631479,417.3909837428071,0.0,87.14850616455078
983,4.0,4.361658188798393,0.3616581887983932,71.88512038376557,67.95896235482898,417.14990673475677,0.0,87.09397888183594
984,4.0,4.3590452532464585,0.35904525324645853,71.88309606737998,67.9589642225802,416.90167785732297,0.0,87.03935241699219
985,4.0,4.356397947557632,0.35639794755763177,71.88161751977567,67.95896487807298,416.6501838168844,0.0,86.98470306396484
986,4.0,4.353744004706084,0.35374400470608425,71.88028460470395,67.958964063605,416.39805924598744,0.0,86.93009948730469
987,4.0,4.3510957030617154,0.35109570306171545,71.87883162279482,67.95897166773622,416.1464705897724,0.0,86.8754653930664
988,4.0,4.34846863426115,0.3484686342611498,71.87709538415724,67.95897828507185,415.89689905371864,0.0,86.82091522216797
989,4.0,4.345863331901789,0.3458633319017892,71.87492121571978,67.95898505572427,415.64939532957936,0.0,86.76627349853516
990,4.0,4.343300728643197,0.3433007286431966,71.87222124403851,67.95898469958816,415.4059480200131,0.0,86.71185302734375
991,4.0,4.340771875251299,0.34077187525129915,71.86895296548325,67.95898966281443,415.16570694778284,0.0,86.65742492675781
992,4.0,4.338277563962498,0.33827756396249775,71.86507701465555,67.95898495148609,414.9287473753467,0.0,86.60295867919922
993,4.0,4.3358280256074195,0.33582802560741953,71.86055486074557,67.95897699472121,414.6960412316143,0.0,86.54861325025558
994,4.0,4.333422321686829,0.33342232168682884,71.85538868128877,67.95897168008511,414.4674993591581,0.0,86.49437367916107
995,4.0,4.331056004015328,0.33105600401532786,71.84957758201672,67.95896816657711,417.3877312185112,0.0,86.44015121459961
996,4.0,4.3286560042199245,0.32865600421992447,71.84441046996568,67.95896585541342,417.1597312379479,0.0,86.38603854179382
997,4.0,4.326153450813805,0.32615345081380465,71.8410092559418,67.9589643232983,416.9219886643665,0.0,86.3320083618164
998,4.0,4.323588791105013,0.3235887911050126,71.83857427889127,67.95896771309701,419.75243950752883,0.0,86.27790403366089
999,4.0,4.320922596804348,0.32092259680434765,71.83784827948881,67.95897294418373,419.4991510489657,0.0,86.22382831573486
1000,4.0,4.318109523668429,0.31810952366842926,71.83956171534605,67.95897780556653,419.2319091010534,0.0,86.16974878311157
1001,4.0,4.315213376648962,0.31521337664896176,71.8426652037009,67.95898045009267,418.956775134204,0.0,86.11567497253418
1002,4.0,4.312270460396427,0.3122704603964266,71.84649992434815,67.95898678372062,418.67719809021315,0.0,86.06153869628906
1003,4.0,4.309307493354682,0.309307493354682,71.85058257468542,67.95898163611935,418.3957162212474,0.0,86.00729274749756
1004,4.0,4.306348386355505,0.30634838635550476,71.85457932897972,67.95898236876312,418.1146010563256,0.0,85.9530143737793
1005,4.0,4.303403496358792,0.3034034963587917,71.85828275302332,67.95897981309243,417.8348365066379,0.0,85.89866256713867
1006,4.0,4.300485852391755,0.3004858523917546,71.86153915582072,67.95897455431279,417.55766032976936,0.0,85.84431457519531
1007,4.0,4.297594693448656,0.29759469344865597,71.86424205748132,67.95897215332505,417.28300023017493,0.0,85.78982925415039
1008,4.0,4.294741978228265,0.29474197822826476,71.86632777553551,67.95897084226318,417.0119922842378,0.0,85.73537075519562
1009,4.0,4.291924702885326,0.2919247028853258,71.8677410318008,67.95896888431228,416.7443511266586,0.0,85.68081474304199
1010,4.0,4.289155087296882,0.2891550872968818,71.86847552238444,67.95895783484137,416.48123764575644,0.0,85.62639927864075
1011,4.0,4.286424105559717,0.28642410555971676,71.86849411746694,67.95895245485814,416.2217943807257,0.0,85.57190155982971
1012,4.0,4.2837369847455316,0.28373698474553155,71.86780072224127,67.95895482624249,415.96651790337813,0.0,85.51743221282959
1013,4.0,4.281093178902757,0.28109317890275687,71.86638553925482,67.95896706402236,415.7153563483146,0.0,85.46297025680542
1014,4.0,4.278493081213247,0.2784930812132469,71.86424929553303,67.95897638594434,415.4683470678111,0.0,85.4085259437561
1015,4.0,4.275936667829109,0.2759366678291091,71.86141362370277,67.95898392768439,415.225487796318,0.0,85.3541259765625
1016,4.0,4.273420203037852,0.2734202030378521,71.8578670632036,67.95899227527303,414.9864236411486,0.0,85.29968357086182
1017,4.0,4.2709526927532036,0.27095269275320355,71.85362133176865,67.95899177090708,414.752010164107,0.0,85.24539375305176
1018,4.0,4.268539717482307,0.268539717482307,71.84868277407975,67.95898272394687,414.5227775133718,0.0,85.19137668609619
1019,4.0,4.266163366962323,0.26616336696232334,71.84305506079494,67.9589773653508,414.2970242139734,0.0,85.13728046417236
1020,4.0,4.263831801873656,0.26383180187365607,71.83676314924104,67.95897121886767,414.07552553054995,0.0,85.0832986831665
1021,4.0,4.261537521472404,0.2615375214724036,71.82980206319039,67.9589649064442,413.857568892431,0.0,85.02927684783936
1022,4.0,4.259289260396485,0.2592892603964847,71.82219450041512,67.9589616531941,413.6439840902187,0.0,84.975417137146
1023,4.0,4.25709073923566,0.25709073923566006,71.81396724474936,67.95896489819354,413.43512457994035,0.0,84.92182636260986
1024,4.0,4.254926016371307,0.2549260163713072,71.805091718153,67.95897109390442,413.22947590782684,0.0,84.86815357208252
1025,4.0,4.252803719719431,0.25280371971943083,71.79559020907026,67.95897660826662,413.02785772589857,0.0,84.8145980834961
1026,4.0,4.250735002321922,0.2507350023219219,71.78548048001859,67.95898974034306,412.83132957313524,0.0,84.76140403747559
1027,4.0,4.248700331244565,0.2487003312445646,71.77475827064829,67.95899847538539,412.6380358207863,0.0,84.70817756652832
1028,4.0,4.246709516998787,0.24670951699878696,71.76345443501218,67.95899049961618,412.44890846743743,0.0,84.6551513671875
1029,4.0,4.244762487102281,0.24476248710228088,71.7515697303354,67.95897371544156,412.26394062726933,0.0,84.60232543945312
1030,4.0,4.2428492922647,0.2428492922647001,71.73910849554127,67.9589693657966,412.08218711769916,0.0,84.54950714111328
1031,4.0,4.240989721567033,0.2409897215670327,71.72606747339594,67.95897090248876,411.9055279014207,0.0,84.4970874786377
1032,4.0,4.239163363515457,0.2391633635154573,71.71248393426572,67.95897198654941,411.73202388652106,0.0,84.44470405578613
1033,4.0,4.237384663425234,0.23738466342523434,71.6983658648114,67.95897268051056,411.5630473779499,0.0,84.39265441894531
1034,4.0,4.23563792034852,0.2356379203485197,71.68370968514907,67.95897310198113,411.397106785662,0.0,84.34062194824219
1035,4.0,4.233940049994793,0.2339400499947928,71.66852713121054,67.95897328197577,411.23580910205794,0.0,84.2889575958252
1036,4.0,4.23228182149243,0.23228182149243004,71.65282349152271,67.95897352313635,411.0782773943335,0.0,84.23748397827148
1037,4.0,4.230663175790816,0.2306631757908164,71.63663530114333,67.9589736136845,410.9245060526802,0.0,84.18624305725098
1038,4.0,4.229081461529177,0.2290814615291774,71.61994079058752,67.95897364341887,410.7742431978245,0.0,84.13515663146973
1039,4.0,4.227539526130987,0.22753952613098694,71.60275494623698,67.95897370380841,410.6277593349964,0.0,84.08429908752441
1040,4.0,4.226042269322653,0.2260422693226527,71.58511332902566,67.9589737637737,410.4855199382047,0.0,84.03380966186523
1041,4.0,4.224579428619881,0.22457942861988123,71.5670013254204,67.95897376457688,410.34655007144136,0.0,83.98346710205078
1042,4.0,4.223153199701919,0.22315319970191894,71.5484320934714,67.95897376417065,410.21105832423495,0.0,83.93333053588867
1043,4.0,4.221770130664476,0.22177013066447593,71.52942157088277,67.95897376454957,410.07966676567787,0.0,83.88354873657227
1044,4.0,4.220422158094391,0.22042215809439103,71.50996661336337,67.95896355202578,409.9516093715198,0.0,83.83395767211914
1045,4.0,4.2191145633944,0.21911456339439983,71.4900852032031,67.95896531175619,409.82738787502063,0.0,83.78468322753906
1046,4.0,4.217846696769726,0.21784669676972612,71.46980480481028,67.95896892561086,409.7069405456766,0.0,83.73574447631836
1047,4.0,4.216613565106986,0.21661356510698582,71.4490962481514,67.95896340138259,409.5897930377163,0.0,83.68700790405273
1048,4.0,4.215418004929078,0.21541800492907814,71.4279897928133,67.9589601373173,409.4762148208151,0.0,83.63856506347656
1049,4.0,4.214259357818482,0.2142593578184817,71.40650333825641,67.95897173444415,409.3661433453084,0.0,83.59042358398438
1050,4.0,4.213142002099094,0.21314200209909373,71.38463792180866,67.9589721851614,409.25999455196654,0.0,83.54267120361328
1051,4.0,4.212056463167688,0.21205646316768778,71.36240443001725,67.95898532878803,409.156868353483,0.0,83.49513244628906
1052,4.0,4.211007764907373,0.21100776490737339,71.33980928466289,67.9589921976797,409.05724201875313,0.0,83.44791412353516
1053,4.0,4.210000146774843,0.2100001467748429,71.31685928018732,67.95898996723224,408.9615182961627,0.0,83.40110778808594
1054,4.0,4.209021538932346,0.20902153893234576,71.2935700374479,67.95898682279204,408.8685505511255,0.0,83.3544921875
1055,4.0,4.2080842422233795,0.2080842422233795,71.26994885729964,67.95897948176673,408.7795073637737,0.0,83.30831909179688
1056,4.0,4.207180331008321,0.20718033100832134,71.24600312727281,67.95898157451386,408.69363579834317,0.0,83.2624397277832
1057,4.0,4.206309208490339,0.20630920849033885,71.22174331334358,67.95897273375867,408.6108791591348,0.0,83.21685409545898
1058,4.0,4.205470891638308,0.20547089163830812,71.19718256244187,67.95896876801525,408.53123905819194,0.0,83.17157745361328
1059,4.0,4.204670642214272,0.2046706422142721,71.17232365481436,67.95896457958807,408.4552153629085,0.0,83.12671661376953
1060,4.0,4.20390072681729,0.20390072681728988,71.14717710808193,67.95895652378888,408.38207340019517,0.0,83.0821304321289
1061,4.0,4.20316377356138,0.20316377356138027,71.12175438204972,67.95896328267294,408.31206284088375,0.0,83.03788375854492
1062,4.0,4.202461138647139,0.20246113864713866,71.09606566407132,67.95897175047702,408.2453125240308,0.0,82.99401473999023
1063,4.0,4.201794012117626,0.2017940121176256,71.07011093155289,67.95897438415587,408.18193550372706,0.0,82.95054626464844
1064,4.0,4.20115466830999,0.2011546683099903,71.04391022056559,67.95897662319723,408.1211978420017,0.0,82.9073486328125
1065,4.0,4.200547897118609,0.200547897118609,71.01746795946069,67.95898366720536,408.0635545788205,0.0,82.86452102661133
1066,4.0,4.199973395292661,0.19997339529266078,70.99078978451136,67.95897439337506,408.00897690535544,0.0,82.82206344604492
1067,4.0,4.199431121992137,0.19943112199213697,70.96388344439814,67.95896821082933,407.95746094180566,0.0,82.77998352050781
1068,4.0,4.198921985264085,0.1989219852640849,70.93674394143265,67.95896416043847,407.9090929526407,0.0,82.7382926940918
1069,4.0,4.198446428098893,0.1984464280988929,70.90941341579236,67.95896142931086,407.8639150219475,0.0,82.69704818725586
1070,4.0,4.197998125239745,0.19799812523974492,70.88186840640864,67.95895962811153,407.8213262503284,0.0,82.65609741210938
1071,4.0,4.197585587354012,0.19758558735401177,70.85414893412488,67.95896530755397,407.78213515118375,0.0,82.61565399169922
1072,4.0,4.197196924996664,0.19719692499666408,70.8262370674798,67.95897825664159,407.74521222723575,0.0,82.5754623413086
1073,4.0,4.196841414900288,0.1968414149002884,70.79815997989125,67.95897777614005,407.71143876808003,0.0,82.53573608398438
1074,4.0,4.196518294843484,0.19651829484348404,70.76990496923617,67.9589775055184,407.68074236268365,0.0,82.49644470214844
1075,4.0,4.1962221932534165,0.1962221932534165,70.74148793293467,67.95897732577505,407.6526127116272,0.0,82.45750045776367
1076,4.0,4.195954030609326,0.19595403060932615,70.71291678337862,67.95897723577235,407.62713726043864,0.0,82.41893005371094
1077,4.0,4.195713696981135,0.1957136969811346,70.68421682530962,67.95897717556323,407.60430556576046,0.0,82.3807601928711
1078,4.0,4.195500927935705,0.19550092793570517,70.6553701482224,67.95897708627388,407.5840925064446,0.0,82.34296417236328
1079,4.0,4.195315193009818,0.1953151930098178,70.62640586886711,67.95897708563325,407.5664476884853,0.0,82.3055648803711
1080,4.0,4.195157842113738,0.19515784211373788,70.59730836192243,67.95897708628269,407.55149935335777,0.0,82.26856994628906
1081,4.0,4.195026075753117,0.19502607575311703,70.56809910674859,67.95897708669776,407.53898154909876,0.0,82.23194885253906
1082,4.0,4.194924430965007,0.1949244309650071,70.53878090447728,67.9589770867339,407.52932529422833,0.0,82.19579315185547
1083,4.0,4.194846635541296,0.1948466355412961,70.50938123539947,67.95897708566012,407.5219347289758,0.0,82.1600112915039
1084,4.0,4.194797333904427,0.1947973339044271,70.47988149037536,67.95897708631881,407.51725107347323,0.0,82.12467193603516
1085,4.0,4.19477338106437,0.19477338106436992,70.45030234828334,67.95897761375602,407.5149755536678,0.0,82.08973693847656
1086,4.0,4.1947807783445485,0.19478077834454854,70.42063526233748,67.95898762294019,407.5156782952848,0.0,82.05531311035156
1087,4.0,4.194808464699337,0.19480846469933688,70.39090936597816,67.95899335302754,407.51830849898965,0.0,82.0212173461914
1088,4.0,4.194863047394884,0.19486304739488425,70.36111902676055,67.9589856019408,407.52349385506665,0.0,81.9875717163086
1089,4.0,4.194942176803208,0.1949421768032078,70.33127802397613,67.95898304355597,407.5310111488574,0.0,81.954345703125
1090,4.0,4.195046503473421,0.19504650347342078,70.30138907670288,67.9589894904276,407.5409221825276,0.0,81.92155456542969
1091,4.0,4.195171419383949,0.1951714193839491,70.27146444392235,67.95898228994261,407.5527891940278,0.0,81.88912200927734
1092,4.0,4.1953169827558,0.19531698275580034,70.24150359461828,67.95897318927629,407.5666177143537,0.0,81.85704803466797
1093,4.0,4.195489441999968,0.19548944199996843,70.21151369845663,67.95896697977055,407.58300134254966,0.0,81.8254623413086
1094,4.0,4.195687288638635,0.19568728863863516,70.18150092954113,67.95896404754589,407.601796773223,0.0,81.79434204101562
1095,4.0,4.195907264957304,0.19590726495730415,70.15147202596981,67.958964272945,407.62269452349653,0.0,81.7636308670044
1096,4.0,4.196151321541617,0.19615132154161685,70.12143526723412,67.95896686871727,407.6458798990063,0.0,81.73337590694427
1097,4.0,4.196414858121806,0.19641485812180637,70.0913981604886,67.95897557305263,407.67091587412426,0.0,81.7034957408905
1098,4.0,4.196696892207022,0.19669689220702224,70.0613696521678,67.95898335606121,407.69770911221974,0.0,81.67398118972778
1099,4.0,4.1969996917749395,0.19699969177493948,70.03135595577338,67.9589841467717,407.7264750711719,0.0,81.64488315582275
1100,4.0,4.197324806099438,0.19732480609943792,70.0013543736541,67.95897245493414,407.75736093199924,0.0,81.6162281036377
1101,4.0,4.197670324462421,0.19767032446242094,69.97136901423683,67.95898381586642,407.7901851764826,0.0,81.58798313140869
1102,4.0,4.1980362324801055,0.1980362324801055,69.94142181363274,67.958991472876,407.82494643816267,0.0,81.56017303466797
1103,4.0,4.1984228201263925,0.19842282012639245,69.9115010098987,67.95899653744566,407.86167226455996,0.0,81.53278923034668
1104,4.0,4.198825497883535,0.19882549788353465,69.88162945597188,67.95898618536688,407.89992665148844,0.0,81.50576877593994
1105,4.0,4.199250934059607,0.1992509340596067,69.85179712054702,67.95898150664112,407.9403430882153,0.0,81.47922897338867
1106,4.0,4.199695049522245,0.19969504952224515,69.8220256970997,67.95897607376081,407.98253405716594,0.0,81.45311546325684
1107,4.0,4.200156403510789,0.200156403510789,69.79230108603565,67.95897703707648,408.0263626860776,0.0,81.42738342285156
1108,4.0,4.200632893413694,0.20063289341369384,69.76264466300596,67.95897764158047,408.0716292268536,0.0,81.40201663970947
1109,4.0,4.201129957334252,0.20112995733425176,69.73305635389345,67.95897803379829,408.1188502993066,0.0,81.37712001800537
1110,4.0,4.201642108014355,0.20164210801435534,69.70354425476253,67.95897830424897,408.1675046139164,0.0,81.35259628295898
1111,4.0,4.202172135541082,0.20217213554108238,69.67409507508319,67.95897845490845,408.2178572289555,0.0,81.32848358154297
1112,4.0,4.202717190850002,0.20271719085000228,69.644745759914,67.95897854572642,408.26963748330286,0.0,81.30476951599121
1113,4.0,4.203283027497254,0.20328302749725413,69.61546827113885,67.95897860462968,408.32339196479177,0.0,81.28153228759766
1114,4.0,4.20386025674401,0.20386025674400976,69.5862959225352,67.95897514304507,408.3782287432336,0.0,81.25862884521484
1115,4.0,4.2044585975379185,0.2044585975379185,69.55721716998325,67.95897023199045,408.4350711186549,0.0,81.23623326420784
1116,4.0,4.205066566635659,0.2050665666356588,69.52823911447659,67.95896706417301,408.49282818294023,0.0,81.21413159370422
1117,4.0,4.205688848085351,0.2056888480853507,69.49936458389337,67.95896146141072,408.55194492066096,0.0,81.19241738319397
1118,4.0,4.206326894875796,0.20632689487579636,69.47059877964031,67.9589651847366,408.6125593657533,0.0,81.17112445831299
1119,4.0,4.206976069121209,0.20697606912120925,69.4419581404483,67.95896599744623,408.6742309190675,0.0,81.15018224716187
1120,4.0,4.207641941486731,0.20764194148673099,69.41342947161937,67.95897118585172,408.73748879379207,0.0,81.12968254089355
1121,4.0,4.208318764831953,0.20831876483195266,69.38502990532348,67.95897183385875,408.80178701158815,0.0,81.10953426361084
1122,4.0,4.209009321343288,0.20900932134328798,69.35675290851701,67.95897730833948,408.867389880165,0.0,81.08978319168091
1123,4.0,4.209716228488268,0.20971622848826765,69.32860982527822,67.95897894814276,408.93454605893805,0.0,81.0704927444458
1124,4.0,4.210437592897257,0.21043759289725728,69.30060068621465,67.95897598188303,409.0030756777921,0.0,81.05162620544434
1125,4.0,4.211166920436486,0.21116692043648566,69.2727326677009,67.95897272358128,409.0723617940188,0.0,81.03306674957275
1126,4.0,4.211910132176017,0.21191013217601729,69.24500469499881,67.95896925950588,409.14296690927426,0.0,81.01492691040039
1127,4.0,4.212666985382101,0.21266698538210083,69.21742095645143,67.95896533125438,409.2148679638522,0.0,80.99720668792725
1128,4.0,4.213431810173833,0.21343181017383284,69.18998674744192,67.95896022094057,409.2875263190668,0.0,80.97980308532715
1129,4.0,4.214212229067254,0.2142122290672539,69.16270576240598,67.95897040336466,409.3616661139418,0.0,80.96286678314209
1130,4.0,4.214997005399398,0.2149970053993977,69.13559636251956,67.95898050936997,409.43621986549545,0.0,80.94620323181152
1131,4.0,4.215792441029659,0.21579244102965944,69.10863503943,67.95898673172223,409.5117862503703,0.0,80.92990589141846
1132,4.0,4.216596281782887,0.2165962817828868,69.0818425603104,67.95898090690217,409.5881511219269,0.0,80.91395568847656
1133,4.0,4.217414431852585,0.21741443185258458,69.05520779083359,67.95898186928586,409.6658753785482,0.0,80.89845275878906
1134,4.0,4.218240460919653,0.21824046091965332,69.02874742308957,67.95898102279041,409.74434813991974,0.0,80.88329315185547
1135,4.0,4.219073496094584,0.21907349609458393,69.00246113157793,67.95897841136684,409.8234864815381,0.0,80.86845970153809
1136,4.0,4.21991491837701,0.21991491837701016,68.9763540327247,67.9589729906786,409.9034215983686,0.0,80.85398483276367
1137,4.0,4.220765045579981,0.22076504557998078,68.95041447589173,67.95896935095136,409.98418368265084,0.0,80.8398609161377
1138,4.0,4.221623834575173,0.22162383457517265,68.92466599540808,67.95897248949657,410.065768637194,0.0,80.82611465454102
1139,4.0,4.222490746302196,0.22249074630219567,68.8990979151392,67.95895999268292,410.14812525126126,0.0,80.81272315979004
1140,4.0,4.223367219823712,0.22336721982371177,68.87371119098493,67.9589605166,410.2313902358053,0.0,80.79971504211426
1141,4.0,4.22425148446523,0.22425148446523036,68.84851848675306,67.95896244638125,410.3153953767495,0.0,80.78707122802734
1142,4.0,4.22514006960329,0.22514006960328992,68.82350647202095,67.95896695183754,410.3998109648652,0.0,80.77470970153809
1143,4.0,4.22603792914629,0.2260379291462904,68.79870169795106,67.95898047519235,410.48510762145025,0.0,80.76275634765625
1144,4.0,4.226944899342701,0.22694489934270123,68.77408899112308,67.95898098785888,410.5712697901093,0.0,80.75119018554688
1145,4.0,4.227856697849481,0.22785669784948137,68.74967793108158,67.95899505204353,410.6578906482534,0.0,80.73994064331055
1146,4.0,4.228769848180828,0.22876984818082757,68.72546002053778,67.95899756231987,410.74463992973125,0.0,80.72893142700195
1147,4.0,4.229695770905746,0.2296957709057459,68.70144608785287,67.95898897426304,410.8326025885985,0.0,80.71839332580566
1148,4.0,4.230623325119913,0.2306233251199128,68.6776320458366,67.95898168113824,410.92072023894434,0.0,80.70810890197754
1149,4.0,4.231555236455481,0.23155523645548115,68.65402224947938,67.95897643465702,411.00925181582335,0.0,80.69813537597656
1150,4.0,4.232492663057785,0.23249266305778526,68.63063679291861,67.95896876023518,411.0983073430422,0.0,80.68851852416992
1151,4.0,4.233435650282658,0.233435650282658,68.60744082236336,67.95896747721049,411.18789112940516,0.0,80.67921829223633
1152,4.0,4.234381509711787,0.2343815097117874,68.58445838786471,67.95896763298609,411.27774777517243,0.0,80.67021179199219
1153,4.0,4.235339761038217,0.23533976103821708,68.56169741118971,67.95897695079897,411.36878165118327,0.0,80.66168975830078
1154,4.0,4.236298394815766,0.23629839481576642,68.53914153081057,67.95898317335327,411.45985186005043,0.0,80.65340423583984
1155,4.0,4.237259887162465,0.23725988716246516,68.51681215340926,67.95898729154219,411.55119363298684,0.0,80.64542770385742
1156,4.0,4.238225286513371,0.23822528651337116,68.49469222606811,67.95899002638406,411.6429065713229,0.0,80.63776016235352
1157,4.0,4.239190269493617,0.23919026949361744,68.47278994867143,67.95899180092981,411.7345799544463,0.0,80.63032913208008
1158,4.0,4.240164404174707,0.24016440417470708,68.45111264239614,67.95899294323084,411.8271227491498,0.0,80.62332534790039
1159,4.0,4.241135390768054,0.24113539076805424,68.42965475087898,67.9589799963287,411.9193664755178,0.0,80.61650848388672
1160,4.0,4.24211226758774,0.24211226758774007,68.40841923851929,67.95897356827733,412.01216977338794,0.0,80.61005401611328
1161,4.0,4.243088460931797,0.24308846093179692,68.38741165828776,67.95897383853244,412.10490814107334,0.0,80.60384368896484
1162,4.0,4.244070567335043,0.24407056733504273,68.3666258902943,67.95897401738502,412.1982082493817,0.0,80.59799575805664
1163,4.0,4.245052542529756,0.2450525425297556,68.34606860008756,67.95897416908221,412.2914958928794,0.0,80.59240341186523
1164,4.0,4.246036131795446,0.2460361317954458,68.32573741712659,67.95897431811757,412.38493687312,0.0,80.58709716796875
1165,4.0,4.247017012437524,0.24701701243752439,68.30562089170238,67.95897437858336,412.47812053411747,0.0,80.58198165893555
1166,4.0,4.248010190900441,0.24801019090044107,68.28574270023155,67.95897440845542,412.57247248809455,0.0,80.5773696899414
1167,4.0,4.248991918996717,0.24899191899671713,68.26609008778767,67.95897440922256,412.66573665724076,0.0,80.57279586791992
1168,4.0,4.249976356309896,0.24997635630989556,68.24666155316784,67.95897440954734,412.75925820199274,0.0,80.56852722167969
1169,4.0,4.250966559617461,0.25096655961746084,68.2274660666531,67.95897440946625,412.85332751621144,0.0,80.56463241577148
1170,4.0,4.251952839649852,0.25195283964985205,68.20850394589482,67.958974409457,412.9470241192886,0.0,80.56092834472656
1171,4.0,4.25293770013763,0.25293770013762984,68.18976066464789,67.95897440857262,413.04058586562746,0.0,80.55744552612305
1172,4.0,4.253927528668248,0.25392752866824786,68.17125959128474,67.9589744081664,413.1346195760362,0.0,80.5543327331543
1173,4.0,4.254917211549506,0.25491721154950575,68.1529889313534,67.95897440887049,413.2286394497557,0.0,80.55147933959961
1174,4.0,4.255899313853718,0.25589931385371756,68.13493848017596,67.95897440844617,413.32193916865583,0.0,80.54873275756836
1175,4.0,4.2568896961953335,0.25688969619533353,68.11713163318616,67.95897164267645,413.41602549110934,0.0,80.54642105102539
1176,4.0,4.257872921776419,0.25787292177641863,68.09955719347977,67.95896357221747,413.5094319213124,0.0,80.54423904418945
1177,4.0,4.258854551341586,0.2588545513415861,68.08220663108435,67.95896893097299,413.6026867300033,0.0,80.54228210449219
1178,4.0,4.25983839497216,0.2598383949721601,68.06509626445573,67.95896706239503,413.69615187490786,0.0,80.54064178466797
1179,4.0,4.260817520434922,0.2608175204349221,68.04821741291305,67.95897214339664,413.78916879387026,0.0,80.53917694091797
1180,4.0,4.261795898822908,0.2617958988229079,68.03157091637223,67.9589696526225,413.88211474072887,0.0,80.5379638671875
1181,4.0,4.262771964537961,0.26277196453796137,68.0151332623041,67.95898269427558,413.97484098365896,0.0,80.53694534301758
1182,4.0,4.263741849720568,0.26374184972056813,67.99895630326216,67.95898326434894,414.06698007600664,0.0,80.5361099243164
1183,4.0,4.264710026673851,0.2647100266738507,67.98299747995183,67.95898388110217,414.1589568865685,0.0,80.53549194335938
1184,4.0,4.265674484659781,0.2656744846597814,67.96727256582972,67.95898296929923,414.25058039523185,0.0,80.53507232666016
1185,4.0,4.266638418873238,0.2666384188732378,67.95176909757328,67.95897240421525,414.3421541455102,0.0,80.53489685058594
1186,4.0,4.267594075119146,0.26759407511914635,67.93651382110261,67.95896535406527,414.43294148887156,0.0,80.53485107421875
1187,4.0,4.268557364992569,0.268557364992569,67.92148493505064,67.95896058302417,414.5244540268467,0.0,80.53520965576172
1188,4.0,4.269508291260597,0.26950829126059705,67.90667233962311,67.95895746191248,414.61479202230936,0.0,80.53558349609375
1189,4.0,4.270464344137707,0.27046434413770726,67.89209355383359,67.9589553918214,414.7056170456348,0.0,80.53632354736328
1190,4.0,4.271409380296356,0.2714093802963564,67.87774137343499,67.95895407230744,414.79539548070653,0.0,80.53711700439453
1191,4.0,4.272359653742753,0.27235965374275306,67.86362735925833,67.958966900997,414.8856714581142,0.0,80.53828430175781
1192,4.0,4.273293685412781,0.27329368541278143,67.84973251097453,67.95897321040158,414.9744044667669,0.0,80.53939819335938
1193,4.0,4.274234005451395,0.27423400545139476,67.83605237697171,67.95897970008149,415.06373487043516,0.0,80.54087829589844
1194,4.0,4.275167959238141,0.2751679592381411,67.82261417122727,67.95898211599004,415.15246048017605,0.0,80.54251861572266
1195,4.0,4.276107634579151,0.27610763457915066,67.8093929901886,67.95898749994471,415.24172963757195,0.0,80.54451751708984
1196,4.0,4.2770334534240115,0.27703345342401153,67.79639726088877,67.95899069699452,415.32968242783375,0.0,80.54651641845703
1197,4.0,4.277963063601179,0.27796306360117917,67.78361031614403,67.95899629868536,415.4179953946647,0.0,80.548828125
1198,4.0,4.278881752652084,0.2788817526520839,67.77105967142069,67.95899258705803,415.5052708545006,0.0,80.55120849609375
1199,4.0,4.279801474064082,0.2798014740640822,67.75873551953556,67.95899171071142,415.59264438864045,0.0,80.55387115478516
1200,4.0,4.280712002864227,0.2807120028642274,67.74663110678738,67.9589865379523,415.67914462465427,0.0,80.55661581456661
1201,4.0,4.2816151435774845,0.2816151435774845,67.73473514550604,67.95897763987921,415.7649429924137,0.0,80.55946326255798
1202,4.0,4.282520192507866,0.2825201925078664,67.72306353716563,67.95896558578217,415.8509226408,0.0,80.56260752677917
1203,4.0,4.2834105063088295,0.28341050630882947,67.71161235835821,67.95895756372269,415.93550245189147,0.0,80.56573104858398
1204,4.0,4.284303218633084,0.2843032186330836,67.70037886024326,67.95896137737394,416.0203101226956,0.0,80.56915307044983
1205,4.0,4.28519056476415,0.28519056476415017,67.68936620152793,67.95896393088958,416.10460800514693,0.0,80.57273149490356
1206,4.0,4.286069463788746,0.2860694637887464,67.67856257565491,67.95896561319834,416.18810341248354,0.0,80.57639455795288
1207,4.0,4.2869487960199955,0.28694879601999546,67.66796356285981,67.95896675258375,416.2716399744522,0.0,80.58030414581299
1208,4.0,4.287816545636837,0.28781654563683734,67.65758048408475,67.95896753513027,416.3540761880522,0.0,80.58424806594849
1209,4.0,4.288681817647597,0.28868181764759715,67.64742240814864,67.95896807538362,416.4362770290744,0.0,80.58840847015381
1210,4.0,4.289543327411564,0.28954332741156374,67.63747222022792,67.9589684658328,416.5181204566512,0.0,80.59274101257324
1211,4.0,4.290392918188848,0.29039291818884827,67.6277307063606,67.95896867556901,416.59883158049325,0.0,80.59709358215332
1212,4.0,4.291242064819616,0.2912420648196159,67.61819686170794,67.95896885722104,416.6795005104162,0.0,80.60168075561523
1213,4.0,4.292086058612295,0.29208605861229486,67.60886554146754,67.95898011030074,416.75967992072066,0.0,80.60640811920166
1214,4.0,4.292915569417677,0.29291556941767727,67.59974515722563,67.95898171630327,416.83848344723197,0.0,80.61111068725586
1215,4.0,4.293749476008279,0.29374947600827905,67.59083575729446,67.95897857852923,416.91770457333917,0.0,80.61614322662354
1216,4.0,4.294573524885327,0.29457352488532695,67.58212411637955,67.95897313592438,416.9959892166587,0.0,80.62122249603271
1217,4.0,4.295382002397122,0.29538200239712165,67.57361202489761,67.9589768547022,417.0727945802792,0.0,80.6262435913086
1218,4.0,4.2961919914896685,0.29619199148966846,67.56530551942298,67.95897771600261,417.14974354407116,0.0,80.63153457641602
1219,4.0,4.296999749961917,0.296999749961917,67.5571826299197,67.95897620130377,417.22648059893476,0.0,80.63699913024902
1220,4.0,4.2977913361032245,0.2977913361032245,67.54926425369503,67.9589647109997,417.30168128235897,0.0,80.64240074157715
1221,4.0,4.298574727294919,0.29857472729491885,67.54154304950808,67.95895609471026,417.3761034455699,0.0,80.64788055419922
1222,4.0,4.29936331697081,0.2993633169708101,67.53402673440262,67.95895039378954,417.4510194647796,0.0,80.65369921922684
1223,4.0,4.300141680950403,0.3001416809504027,67.52669580925279,67.95894655447067,420.37631001186975,0.0,80.65954422950745
1224,4.0,4.300833430573908,0.300833430573908,67.5207018133185,67.95896455314234,420.44202622610277,0.0,80.66535878181458
1225,4.0,4.301382369346923,0.3013823693469231,67.51697366009873,67.95898345057185,420.4941754095392,0.0,80.67120003700256
1226,4.0,4.30183344069155,0.30183344069155016,67.51480135045632,67.95898496869711,423.40444487384843,0.0,80.67706394195557
1227,4.0,4.302144236118395,0.30214423611839525,67.51485854774451,67.95898963286531,423.4339704393987,0.0,80.68296098709106
1228,4.0,4.302272340896071,0.3022723408960708,67.51777868375882,67.95899235078323,423.4461403932779,0.0,80.68885326385498
1229,4.0,4.3022730372690665,0.3022730372690665,67.52262480153846,67.95899758893135,426.3178004027686,0.0,80.69465780258179
1230,4.0,4.30212225361515,0.30212225361515,67.52992600515977,67.95899373204472,426.30347595564655,0.0,80.70055484771729
1231,4.0,4.301781452342256,0.3017814523422562,67.54019540163682,67.95899276089656,426.27109983472167,0.0,80.70643329620361
1232,4.0,4.301292567522068,0.3012925675220677,67.55243364650016,67.95898746569205,429.0869351682634,0.0,80.71188354492188
1233,4.0,4.300652360878956,0.3006523608789564,67.56709350149566,67.95897853749537,429.0261155371678,0.0,80.71738338470459
1234,4.0,4.299804861422471,0.2998048614224711,67.5846820692476,67.95896651595395,428.9456030888017,0.0,80.72248458862305
1235,4.0,4.298828800548489,0.29882880054848915,67.60417470743965,67.95895858464768,428.8528773057734,0.0,80.72743701934814
1236,4.0,4.297764113294074,0.2977641132940736,67.62486300308889,67.95896245992768,428.75173201660397,0.0,80.73214149475098
1237,4.0,4.2966279579366065,0.29662795793660646,67.64630638763195,67.95896504103032,428.64379725764456,0.0,80.7363920211792
1238,4.0,4.295452473948465,0.2954524739484654,67.66816566963278,67.95896681426493,428.53212627877116,0.0,80.74038600921631
1239,4.0,4.294247473702088,0.2942474737020877,67.69021516378297,67.95896795564808,428.4176512553653,0.0,80.74403762817383
1240,4.0,4.293029069900681,0.29302906990068056,67.71231650487684,67.9589687356896,428.3019028942316,0.0,80.74748420715332
1241,4.0,4.291801806666163,0.29180180666616273,67.73436382962623,67.95896921586919,428.18531288695243,0.0,80.75068473815918
1242,4.0,4.290556455535577,0.29055645553557685,67.75627091102197,67.95896957760384,428.06700452954675,0.0,80.75336265563965
1243,4.0,4.28931636253286,0.2893163625328601,67.77800037091924,67.95896975709985,427.9491956942887,0.0,80.75591278076172
1244,4.0,4.2880732618949535,0.2880732618949535,67.79950332220905,67.95896987737714,427.8311011336875,0.0,80.75812149047852
1245,4.0,4.286831330638964,0.2868313306389636,67.82077759987638,67.95896999571522,427.7131176643685,0.0,80.76006507873535
1246,4.0,4.285589038245634,0.2855890382456341,67.8417959451317,67.95897002728198,427.5950998870022,0.0,80.76168251037598
1247,4.0,4.2843445304185686,0.28434453041856855,67.86255225301046,67.95897002755295,427.47687164343097,0.0,80.76293182373047
1248,4.0,4.283106690871886,0.283106690871886,67.88304019359276,67.95897005782994,427.3592768864961,0.0,80.76397323608398
1249,4.0,4.28187344873582,0.2818734487358201,67.90325699948038,67.95897011726476,427.24211888356984,0.0,80.7647647857666
1250,4.0,4.280636502755768,0.280636502755768,67.92318491292104,67.95897011798648,427.1246090154649,0.0,80.76512908935547
1251,4.0,4.279411869813355,0.2794118698133552,67.94283258366906,67.95897011726476,427.0082688859357,0.0,80.76537895202637
1252,4.0,4.278185728576547,0.2781857285765472,67.96220248972476,67.95897005711704,426.89178546843897,0.0,80.76525688171387
1253,4.0,4.2769634545912,0.27696345459119964,67.98128763679004,67.95897439975089,426.77566943983095,0.0,80.76485633850098
1254,4.0,4.275746236031551,0.2757462360315506,68.00009934478645,67.95897594745327,426.6600336766643,0.0,80.76421356201172
1255,4.0,4.274535863736505,0.27453586373650474,68.01863612478158,67.95897959712316,426.54504830863493,0.0,80.76336097717285
1256,4.0,4.273325936512431,0.273325936512431,68.03687745125315,67.95897412631871,426.4301052223479,0.0,80.76215362548828
1257,4.0,4.272117516295011,0.2721175162950109,68.05485276172566,67.9589708444209,426.315305301693,0.0,80.76064682006836
1258,4.0,4.270922634523749,0.27092263452374876,68.07254850408228,67.95897182605229,426.2017915334231,0.0,80.75905227661133
1259,4.0,4.269730166911639,0.2697301669116392,68.08995512798862,67.95897707007263,426.0885071102727,0.0,80.75714874267578
1260,4.0,4.268544077535189,0.2685440775351893,68.10708310889619,67.95897237112264,425.9758286195099,0.0,80.75502395629883
1261,4.0,4.267359348872923,0.26735934887292334,68.12394465645302,67.95896375489399,425.8632793965947,0.0,80.75259780883789
1262,4.0,4.266179770709199,0.26617977070919885,68.14053050542032,67.95895793456677,425.7512194710408,0.0,80.74993133544922
1263,4.0,4.265010853498558,0.26501085349855824,68.15682958496372,67.95895403348642,425.64017233603,0.0,80.74711608886719
1264,4.0,4.263841880982405,0.2638418809824046,68.1728582773031,67.95895148265089,425.52911994699537,0.0,80.74396896362305
1265,4.0,4.262683283339851,0.26268328333985114,68.18861703902354,67.95895659153487,425.4190531709528,0.0,80.74068832397461
1266,4.0,4.261530046533782,0.26153004653378176,68.20409555170089,67.95896918155469,425.30949567437625,0.0,80.73716735839844
1267,4.0,4.260383143792698,0.2603831437926978,68.21930050930965,67.95897785142726,425.2005399139733,0.0,80.73343276977539
1268,4.0,4.2592444178715825,0.2592444178715825,68.23424724124024,67.9589786996959,425.0923609514673,0.0,80.72953796386719
1269,4.0,4.2581132811662075,0.25811328116620746,68.24892552162738,67.9589867201259,424.98490296445664,0.0,80.72546005249023
1270,4.0,4.2569869299611645,0.25698692996116446,68.26332517574788,67.95899533885725,424.8778995999776,0.0,80.72113418579102
1271,4.0,4.255868333791251,0.25586833379125107,68.27745960270494,67.95899723756567,424.7716329638358,0.0,80.71663284301758
1272,4.0,4.254756120340925,0.2547561203409252,68.29134085950831,67.95899961902873,424.66597268605483,0.0,80.71194458007812
1273,4.0,4.253651181600716,0.2536511816007163,68.3049608185279,67.95898658991955,424.561003505735,0.0,80.70707702636719
1274,4.0,4.252551068175889,0.25255106817588935,68.31829396964824,67.95897215081831,424.45649273037645,0.0,80.70195388793945
1275,4.0,4.251464476033261,0.25146447603326116,68.33137793835526,67.95897162118708,424.3532664768268,0.0,80.69678497314453
1276,4.0,4.250377959973554,0.2503779599735543,68.34420243258394,67.9589657076601,424.2500474511546,0.0,80.69130325317383
1277,4.0,4.249304648041964,0.24930464804196362,68.35677259801176,67.95896241102636,424.1480828176535,0.0,80.68576431274414
1278,4.0,4.24823070590165,0.24823070590165042,68.36909418271675,67.95896938446273,424.0460583143238,0.0,80.67991256713867
1279,4.0,4.247174706178264,0.24717470617826365,68.38113958459564,67.95897407358171,423.945738340602,0.0,80.67406845092773
1280,4.0,4.246118473611389,0.24611847361138928,68.39293922434638,67.95897714105861,423.8453962467489,0.0,80.66792297363281
1281,4.0,4.245074993147856,0.2450749931478562,68.404487489378,67.95897921530181,423.7462656027133,0.0,80.66171646118164
1282,4.0,4.2440374213563175,0.24403742135631745,68.41578762753663,67.95898056672857,423.64769628251713,0.0,80.65532302856445
1283,4.0,4.2430029239090175,0.24300292390901745,68.42683656971852,67.95898143904398,423.5494190250236,0.0,80.64868545532227
1284,4.0,4.241984400102588,0.24198440010258793,68.43762995346171,67.95898206926289,423.4526592634128,0.0,80.64204406738281
1285,4.0,4.240966034512268,0.24096603451226795,68.44817662994993,67.95898240123982,423.3559145323324,0.0,80.6351089477539
1286,4.0,4.2399589363704795,0.2399589363704795,68.45848814690142,67.95898264068632,423.2602402088625,0.0,80.62810516357422
1287,4.0,4.2389671865003,0.23896718650030024,68.46855989426753,67.95898279048922,423.1660239711955,0.0,80.6211051940918
1288,4.0,4.237969228185602,0.23796922818560162,68.47838994608607,67.95898288111603,423.0712179312991,0.0,80.61369705200195
1289,4.0,4.236984918328968,0.23698491832896806,68.48796511534606,67.95898285095525,422.97770849491894,0.0,80.60624313354492
1290,4.0,4.236017199644737,0.23601719964473666,68.49730562823079,67.95898291190866,422.8857752199169,0.0,80.59882354736328
1291,4.0,4.235041362406193,0.2350413624061929,68.50640882778681,67.95898291122307,422.7930706822553,0.0,80.5909652709961
1292,4.0,4.234081231858641,0.23408123185864138,68.51528151971229,67.95898290996892,422.7018582802379,0.0,80.5831298828125
1293,4.0,4.2331345426221025,0.23313454262210254,68.52392767779752,67.9589829103116,422.6119228027667,0.0,80.57527923583984
1294,4.0,4.232186698853905,0.23218669885390497,68.53234329938097,67.95898294081555,422.52187764478793,0.0,80.56713104248047
1295,4.0,4.231247365680838,0.23124736568083826,68.5405274628434,67.9589829412486,422.4326409933466,0.0,80.55886840820312
1296,4.0,4.230324486548003,0.2303244865480032,68.54846811532012,67.95898294117636,422.3449674757273,0.0,80.55062866210938
1297,4.0,4.229413926744326,0.2294139267443258,68.55617357980636,67.95898294103185,422.2584642943779,0.0,80.54234313964844
1298,4.0,4.228504493133499,0.2285044931334994,68.56366924004884,67.95897326327365,422.1720681013494,0.0,80.53382873535156
1299,4.0,4.227603687055376,0.22760368705537637,68.57094372960216,67.95897204363455,422.0864915239277,0.0,80.52521514892578
1300,4.0,4.226718639518029,0.22671863951802873,68.57799812933709,67.9589705838275,422.0024120078797,0.0,80.51663970947266
1301,4.0,4.2258361478909485,0.22583614789094852,68.5848385152299,67.95896622416261,421.9185753033071,0.0,80.50785827636719
1302,4.0,4.224951197501389,0.22495119750138937,68.59145514118428,67.9589591160064,421.8345050162989,0.0,80.49876403808594
1303,4.0,4.2240837248200025,0.2240837248200025,68.59785572783538,67.95896067304344,421.7520951115672,0.0,80.48974609375
1304,4.0,4.223228905135252,0.22322890513525184,68.6040208847051,67.958961397445,421.67088724151586,0.0,80.4806900024414
1305,4.0,4.2223887065601,0.2223887065600998,68.6099834814098,67.95897959605597,421.5910683768764,0.0,80.47167205810547
1306,4.0,4.221537317995289,0.2215373179952893,68.6157399641101,67.95898132079662,421.51018646321944,0.0,80.46219635009766
1307,4.0,4.220701933853735,0.22070193385373482,68.62128311200767,67.95898803782048,421.4308249697718,0.0,80.45277287065983
1308,4.0,4.219878279756264,0.21987827975626395,68.62662037772151,67.95898506347204,421.352577830512,0.0,80.44332909584045
1309,4.0,4.219067167930106,0.21906716793010617,68.63176385116806,67.95898577037309,421.27552220702705,0.0,80.4338948726654
1310,4.0,4.218269483755613,0.21826948375561273,68.63669061325251,67.95897995158776,421.19974221045015,0.0,80.42446041107178
1311,4.0,4.217468186125647,0.21746818612564667,68.64143485272741,67.95897518463465,421.1236189356034,0.0,80.41474103927612
1312,4.0,4.2166767082608,0.21667670826079988,68.64596525974416,67.95896870291324,421.0484285384429,0.0,80.4049563407898
1313,4.0,4.215893560032086,0.21589356003208593,68.65030553982714,67.95896640751624,420.97402945671513,0.0,80.39510583877563
1314,4.0,4.215124202546399,0.21512420254639864,68.65444684114696,67.95896398193015,420.90094049557484,0.0,80.38528347015381
1315,4.0,4.214371772554714,0.2143717725547143,68.65838516128875,67.95897603563118,420.8294596463648,0.0,80.37554454803467
1316,4.0,4.213629670907933,0.21362967090793283,68.66212969647295,67.95898421348491,420.7589599899206,0.0,80.36577415466309
1317,4.0,4.212898292000564,0.2128982920005642,68.6656901871992,67.95898665844345,420.68947899372057,0.0,80.35599136352539
1318,4.0,4.212165790484105,0.21216579048410544,68.6690574814637,67.95899256521945,420.619891349657,0.0,80.34595966339111
1319,4.0,4.211441011734324,0.2114410117343244,68.67224539905868,67.95899348443618,420.5510373684278,0.0,80.33586406707764
1320,4.0,4.210724372925203,0.21072437292520263,68.67525110263973,67.95898951111973,420.48295668156123,0.0,80.32570934295654
1321,4.0,4.210014154215856,0.21001415421585623,68.6780862277179,67.95898395645526,420.4154859041733,0.0,80.3154764175415
1322,4.0,4.209320363419871,0.20932036341987104,68.68072767149863,67.95897073844033,420.3495757785547,0.0,80.30532932281494
1323,4.0,4.208635454623872,0.208635454623872,68.68320300975279,67.95896001740714,420.2845094429348,0.0,80.29515647888184
1324,4.0,4.207962192836835,0.2079621928368347,68.68549801690803,67.95895684335268,420.22054957316624,0.0,80.28499412536621
1325,4.0,4.2073001008585145,0.20730010085851447,68.68761792996727,67.95896361118488,420.1576508352258,0.0,80.27483940124512
1326,4.0,4.206647825022798,0.20664782502279788,68.68956843026194,67.95895809164301,420.09568463083275,0.0,80.26467323303223
1327,4.0,4.206004925146832,0.2060049251468321,68.69136314441035,67.95896440471648,420.03460914261603,0.0,80.25450325012207
1328,4.0,4.205370488917878,0.205370488917878,68.69298750113109,67.95898224941965,419.97433770086536,0.0,80.24429512023926
1329,4.0,4.204747906350647,0.2047479063506472,68.69444094008097,67.95899454056445,419.9151923569784,0.0,80.23411297798157
1330,4.0,4.204123432917589,0.20412343291758894,68.69573747249193,67.95899301792765,419.8558673808379,0.0,80.22371101379395
1331,4.0,4.203500036658209,0.20350003665820893,68.69687630430393,67.9589872265873,419.7966447361968,0.0,80.2131450176239
1332,4.0,4.202885453547252,0.2028854535472524,68.69785508167834,67.95898957248268,419.73825934065593,0.0,80.20255994796753
1333,4.0,4.2022824006855,0.20228240068550019,68.69867526497637,67.95897686876658,419.6809693187895,0.0,80.19200944900513
1334,4.0,4.201692122632762,0.20169212263276215,68.6993391048003,67.95897105315476,419.62489290377937,0.0,80.18151998519897
1335,4.0,4.201105561946858,0.20110556194685802,68.6998487699776,67.95897053143464,419.56916963861846,0.0,80.1709213256836
1336,4.0,4.200529880261645,0.2005298802616453,68.7002055782711,67.9589719538278,419.5144798785233,0.0,80.16035175323486
1337,4.0,4.19996490424297,0.19996490424296987,68.70041965632238,67.95897367733265,419.46080715674907,0.0,80.14981985092163
1338,4.0,4.199406324276883,0.19940632427688332,68.70048173713494,67.95898502039816,419.4077420599709,0.0,80.13923263549805
1339,4.0,4.198859301363864,0.1988593013638642,68.70039685058947,67.95898323341535,419.35577488323406,0.0,80.12869453430176
1340,4.0,4.198320636224929,0.19832063622492857,68.70016454640532,67.95897500841821,419.30460169503516,0.0,80.11814403533936
1341,4.0,4.197789470000124,0.19778947000012437,68.69979391787489,67.9589644292551,419.2541409036788,0.0,80.10757541656494
1342,4.0,4.197265506209923,0.19726550620992267,68.69929140307194,67.95895346298093,419.2043643436096,0.0,80.09699058532715
1343,4.0,4.196750520593346,0.19675052059334597,68.69864179440421,67.95895749280496,419.15544071003484,0.0,80.08640575408936
1344,4.0,4.19624927641009,0.19624927641009027,68.69786524126361,67.95896421484288,419.10782251262555,0.0,80.07593536376953
1345,4.0,4.1957519550962115,0.19575195509621146,68.69693999233874,67.9589644823068,419.06057698780705,0.0,80.06536674499512
1346,4.0,4.195261068618221,0.1952610686182208,68.69589769871736,67.95897340496136,419.0139427723979,0.0,80.05478477478027
1347,4.0,4.19478721527362,0.19478721527362008,68.69471699597902,67.958981549429,418.9689267046609,0.0,80.04436683654785
1348,4.0,4.194337702336671,0.19433770233667058,68.69341241595183,67.95898271638173,418.92622297565066,0.0,80.03426933288574
1349,4.0,4.193885822338402,0.19388582233840168,68.6919793267423,67.95898321486338,418.8832943758151,0.0,80.02397727966309
1350,4.0,4.193445838266835,0.19344583826683515,68.69042311471962,67.95898885088936,418.8414958890163,0.0,80.01376914978027
1351,4.0,4.193012017003321,0.19301201700332093,68.68874269220385,67.95897786866442,418.80028286898244,0.0,80.0035343170166
1352,4.0,4.1925874493131765,0.1925874493131765,68.68694635158965,67.95897045580888,418.75994893841875,0.0,79.99334144592285
1353,4.0,4.192168693411452,0.19216869341145237,68.68503477077591,67.95896550344747,418.7201671277549,0.0,79.98312568664551
1354,4.0,4.191754466479195,0.19175446647919525,68.68300764738444,67.95896223299972,418.6808155691905,0.0,79.97286224365234
1355,4.0,4.191351735149187,0.1913517351491869,68.68087694095442,67.95896013361303,418.6425560928397,0.0,79.96269798278809
1356,4.0,4.190950725795951,0.1909507257959513,68.67862749429764,67.95895869251446,418.6044602042823,0.0,79.95242881774902
1357,4.0,4.190559635492366,0.19055963549236576,68.67627240958467,67.95897152256266,418.5673066254417,0.0,79.94222640991211
1358,4.0,4.190176388294299,0.19017638829429906,68.67380964564207,67.95897780140338,418.53089814162536,0.0,79.93204879760742
1359,4.0,4.189798270911092,0.18979827091109236,68.6712394088971,67.95897989260149,418.4949769902207,0.0,79.92184448242188
1360,4.0,4.189428852556449,0.18942885255644892,68.66856873684227,67.9589850637841,418.4598822465296,0.0,79.91168975830078
1361,4.0,4.189074439956529,0.18907443995652873,68.66580078568477,67.95898808187302,418.4262130495372,0.0,79.90170860290527
1362,4.0,4.188739355703662,0.18873935570366207,68.66292535620653,67.95898677381402,418.3943800455149,0.0,79.89197158813477
1363,4.0,4.188407558963301,0.1884075589633012,68.65995131118613,67.95898985302615,418.36285935518055,0.0,79.88218307495117
1364,4.0,4.188081924579937,0.18808192457993744,68.65688233093096,67.95898876212924,418.331924088761,0.0,79.87240219116211
1365,4.0,4.187763956404033,0.18776395640403276,68.65371670795193,67.95898364960284,418.3017171120501,0.0,79.86265563964844
1366,4.0,4.187447419815146,0.1874474198151459,68.65047138203894,67.95897475334064,418.2716461361058,0.0,79.85284423828125
1367,4.0,4.187136763014652,0.1871367630146521,68.64716196541067,67.95896970296386,418.24213374005893,0.0,79.84307098388672
1368,4.0,4.186833873546263,0.1868338735462629,68.64375423114997,67.95897555908499,418.21335924056194,0.0,79.83333206176758
1369,4.0,4.186534963596456,0.18653496359645594,68.64026435630718,67.95897946215203,418.18496279533025,0.0,79.82357406616211
1370,4.0,4.186254475370461,0.18625447537046114,68.63668845660582,67.95898207424207,418.15831641386075,0.0,79.81406784057617
1371,4.0,4.185987360299544,0.18598736029954388,68.63302403995135,67.9589838463119,418.1329404821236,0.0,79.80471420288086
1372,4.0,4.185723807457423,0.185723807457423,68.62928106374564,67.95898495836802,418.1079029621221,0.0,79.79533767700195
1373,4.0,4.185470848060951,0.18547084806095082,68.62545907624842,67.95898576819773,418.0838718194573,0.0,79.78607177734375
1374,4.0,4.185214187491049,0.18521418749104868,68.62155621638553,67.95898627944429,418.0594890653166,0.0,79.77664184570312
1375,4.0,4.184963331450578,0.18496333145057786,68.6175905202475,67.95898657914809,418.0356577414719,0.0,79.76725006103516
1376,4.0,4.184720748235346,0.18472074823534612,68.61354121241268,67.95898675910593,418.01261233602486,0.0,79.75791931152344
1377,4.0,4.184486351790741,0.18448635179074113,68.60942940449642,67.95898688030516,417.9903446737874,0.0,79.74867248535156
1378,4.0,4.184269367090555,0.18426936709055486,68.60525483103415,67.95898700032193,417.96973112726965,0.0,79.73968505859375
1379,4.0,4.184056056153812,0.18405605615381226,68.60099989697575,67.95898703154708,417.9494665882791,0.0,79.73067474365234
1380,4.0,4.183848524266423,0.1838485242664234,68.59667603691784,67.95898709059459,417.92975105897716,0.0,79.72169494628906
1381,4.0,4.183640971976078,0.18364097197607787,68.59231269208725,67.95898709052233,417.9100335913944,0.0,79.7126693725586
1382,4.0,4.183441012276289,0.18344101227628862,68.58789008664867,67.95898712122353,417.89103741991437,0.0,79.70372009277344
1383,4.0,4.183244224531332,0.18324422453133238,68.583401923482,67.95898449014558,417.87234258414355,0.0,79.69475555419922
1384,4.0,4.183066594917389,0.1830665949173893,68.5788618898925,67.95897900634783,417.85546777081896,0.0,79.68609619140625
1385,4.0,4.1828916427401674,0.18289164274016745,68.57425787813187,67.95897358343626,417.83884731398285,0.0,79.67741394042969
1386,4.0,4.1827225278730635,0.18272252787306353,68.56959718597359,67.95896954291128,417.822781401608,0.0,79.66877746582031
1387,4.0,4.182556628511184,0.18255662851118437,68.56488340492352,67.95897027400501,417.80702096222944,0.0,79.66014099121094
1388,4.0,4.182394606255818,0.18239460625581838,68.56011882822023,67.95896599681699,417.7916288479697,0.0,79.65151977539062
1389,4.0,4.18223206304677,0.18223206304677042,68.55530331647786,67.95897513467922,417.77618724311014,0.0,79.64282989501953
1390,4.0,4.182094674893469,0.1820946748934693,68.55043631458541,67.95897855905653,417.76313536854656,0.0,79.63455963134766
1391,4.0,4.181960658584055,0.18196065858405497,68.5455202934668,67.95897544979546,417.75040381915215,0.0,79.62629699707031
1392,4.0,4.181829859859492,0.18182985985949163,68.54056435651493,67.95897870235937,417.7379779403187,0.0,79.61804962158203
1393,4.0,4.181701130726426,0.18170113072642557,68.53555448585838,67.95897280923653,417.7257486726774,0.0,79.60977935791016
1394,4.0,4.18157459686128,0.18157459686127986,68.53052803406088,67.95896586765325,417.71372795548854,0.0,79.60153198242188
1395,4.0,4.18145861560154,0.18145861560153964,68.52545314365764,67.95896515164598,417.70270973581324,0.0,79.59342956542969
1396,4.0,4.1813603584975505,0.1813603584975505,68.52034370085136,67.9589641593782,417.69337531093424,0.0,79.58562469482422
1397,4.0,4.181265471876155,0.18126547187615483,68.51518535714087,67.95897276701827,417.68436108190167,0.0,79.57782745361328
1398,4.0,4.181172090280989,0.18117209028098902,68.50998898104605,67.95898370017909,417.6754898303609,0.0,79.57001495361328
1399,4.0,4.181079038932133,0.18107903893213262,68.50476068562449,67.95898760955359,417.66664995221953,0.0,79.56217193603516
1400,4.0,4.1809905980409034,0.18099059804090345,68.49950260624472,67.9589885604565,417.6582480675528,0.0,79.55438232421875
1401,4.0,4.1809234629107594,0.18092346291075945,68.49420401942325,67.95898693057622,417.6518702301891,0.0,79.54695129394531
1402,4.0,4.180854948840593,0.18085494884059283,68.48888186562968,67.95899068679974,417.6453613935233,0.0,79.53946685791016
1403,4.0,4.1807969446810676,0.18079694468106755,68.48353190916296,67.95898776673849,417.6398509983684,0.0,79.53215026855469
1404,4.0,4.180734866429666,0.18073486642966596,68.47814999143975,67.95898013786478,417.63395356448524,0.0,79.52471923828125
1405,4.0,4.180672159430726,0.1806721594307259,68.4727650723436,67.95896154149844,417.6279963995859,0.0,79.51727294921875
1406,4.0,4.180628950695183,0.1806289506951826,68.46734973335985,67.95896742942577,417.6238915697093,0.0,79.51016235351562
1407,4.0,4.18059022573336,0.1805902257333596,68.4619068444241,67.9589714254018,417.6202126983361,0.0,79.50310516357422
1408,4.0,4.1805583590271755,0.18055835902717554,68.45645009940225,67.95897403961413,417.61718536124863,0.0,79.49616241455078
1409,4.0,4.180518699521085,0.1805186995210848,68.45096975999975,67.95897575208198,417.61341770817,0.0,79.48904418945312
1410,4.0,4.180482099088741,0.18048209908874124,68.44547208159385,67.95897686360317,417.60994066709736,0.0,79.48196411132812
1411,4.0,4.180467084930783,0.18046708493078256,68.43994941184523,67.95897767490175,417.6085143220913,0.0,79.47526550292969
1412,4.0,4.180453023663765,0.18045302366376514,68.43441110350881,67.95897812663469,417.60717850172466,0.0,79.46856689453125
1413,4.0,4.180445545347514,0.18044554534751356,68.42885698389897,67.9589784253991,417.60646806168074,0.0,79.46197509765625
1414,4.0,4.180431467758973,0.18043146775897334,68.42329259649011,67.9589786371324,417.60513069076944,0.0,79.45524597167969
1415,4.0,4.180425777695616,0.18042577769561596,68.41772230162599,67.95897878776437,417.6045901347505,0.0,79.44866943359375
1416,4.0,4.180433264045434,0.18043326404543425,68.41214660446973,67.95897881712396,417.60530133798324,0.0,79.44233703613281
1417,4.0,4.1804384165906665,0.1804384165906665,68.40656969598841,67.95897890673625,417.6057908297803,0.0,79.43595886230469
1418,4.0,4.180452232607383,0.18045223260738297,68.40097587976841,67.95897890698913,417.6071033513683,0.0,79.42972564697266
1419,4.0,4.180467818660847,0.18046781866084682,68.39537285158652,67.9589789373591,417.60858402644743,0.0,79.42351531982422
1420,4.0,4.180483559751983,0.18048355975198316,68.38976732887681,67.95898310941875,417.6100794301054,0.0,79.41730499267578
1421,4.0,4.1805130753947255,0.1805130753947255,68.38414676532389,67.95897773187464,417.61288341616586,0.0,79.41133880615234
1422,4.0,4.18054648039216,0.18054648039216037,68.378521794651,67.95897458691474,417.6160568909222,0.0,79.40544128417969
1423,4.0,4.180583174083367,0.18058317408336677,68.37289568654036,67.95897582816424,417.6195427915868,0.0,79.39960479736328
1424,4.0,4.180616914968966,0.18061691496896604,68.36726540717447,67.9589633611266,417.62274817571875,0.0,79.39370727539062
1425,4.0,4.180649970581829,0.18064997058182897,68.36164642421137,67.95896579568632,417.6258884589407,0.0,79.38780975341797
1426,4.0,4.180686717855957,0.18068671785595658,68.35603943645529,67.9589679153398,417.6293794499828,0.0,79.38199615478516
1427,4.0,4.180745087220917,0.18074508722091664,68.35042723941261,67.95897833301849,417.63492453965404,0.0,79.3765869140625
1428,4.0,4.180797352940564,0.18079735294056398,68.34481643453645,67.95898721236166,417.6398897830205,0.0,79.37106323242188
1429,4.0,4.180847953394502,0.180847953394502,68.33920671225407,67.95898205325038,417.64469682614464,0.0,79.36550903320312
1430,4.0,4.180897571661026,0.18089757166102594,68.33360660950599,67.95898989543757,417.64941056146444,0.0,79.35994720458984
1431,4.0,4.180960162879394,0.1809601628793942,68.3280114127762,67.958982293922,417.6553567272094,0.0,79.3546371459961
1432,4.0,4.181037247475697,0.18103724747569672,68.32240946689147,67.95897161299689,417.66267976385814,0.0,79.34959411621094
1433,4.0,4.181107368063215,0.18110736806321537,68.31681641084542,67.9589643260829,417.6693412196724,0.0,79.34442901611328
1434,4.0,4.181182311265549,0.18118231126554907,68.31123671636539,67.95895946603008,417.6764608238941,0.0,79.33937072753906
1435,4.0,4.181248574707732,0.18124857470773215,68.3056610711097,67.95895862162878,417.6827558509015,0.0,79.33415222167969
1436,4.0,4.181328605446538,0.18132860544653795,68.30011689871638,67.95896180808495,417.6903587710881,0.0,79.32923126220703
1437,4.0,4.1814142646384616,0.18141426463846155,68.29458610642106,67.95897034244521,417.6984963943208,0.0,79.32443237304688
1438,4.0,4.181505691385486,0.18150569138548622,68.2890598756266,67.95897497281602,417.70718193528813,0.0,79.31974792480469
1439,4.0,4.181593131769584,0.18159313176958403,68.28354643586022,67.95897797722311,417.7154887717774,0.0,79.31500244140625
1440,4.0,4.181685213498993,0.18168521349899258,68.27805596519984,67.958979583376,417.72423653607126,0.0,79.31037139892578
1441,4.0,4.181783512208968,0.18178351220896793,68.27257589222654,67.95898154277567,417.7335749135189,0.0,79.30587005615234
1442,4.0,4.18189435628059,0.1818943562805897,68.26709488245109,67.95898345293949,417.744105100323,0.0,79.30160522460938
1443,4.0,4.182004091819739,0.18200409181973942,68.26163882509283,67.95899338700065,417.7545299765422,0.0,79.29734802246094
1444,4.0,4.182106164695787,0.1821061646957869,68.25619646959491,67.95898801102418,417.7642268997667,0.0,79.29296112060547
1445,4.0,4.182212713318581,0.1822127133185809,68.2507864154354,67.95897539176491,417.7743490189321,0.0,79.2886962890625
1446,4.0,4.18232507862299,0.1823250786229904,68.24538679670731,67.95897155874995,417.78502372285107,0.0,79.28455352783203
1447,4.0,4.182446317469023,0.18244631746902318,68.24002656307812,67.95896938238728,417.79654141322413,0.0,79.28062438964844
1448,4.0,4.182567729133692,0.1825677291336918,68.23468352103568,67.95896844864092,417.8080755213677,0.0,79.27671813964844
1449,4.0,4.182688434408023,0.18268843440802307,68.22935887859046,67.9589755248248,417.8195425224292,0.0,79.27281951904297
1450,4.0,4.182808305805588,0.1828083058055876,68.22404814447134,67.95896701643612,417.8309303051978,0.0,79.2689208984375
1451,4.0,4.182926274356832,0.18292627435683162,68.2187687479793,67.9589733936075,417.84213731756597,0.0,79.26502227783203
1452,4.0,4.1830625874391245,0.1830625874391245,68.21350566979609,67.958970662061,417.85508706038377,0.0,79.26148986816406
1453,4.0,4.183197829758445,0.1831978297584449,68.20826695946205,67.95897719037852,417.86793508071923,0.0,79.25796508789062
1454,4.0,4.183331028152127,0.18333102815212676,68.20305534549873,67.95898337181646,417.880588928119,0.0,79.25443267822266
1455,4.0,4.183463223807089,0.18346322380708902,68.19786040981651,67.95898828843887,417.8931475153404,0.0,79.25090026855469
1456,4.0,4.183599855939539,0.18359985593953887,68.19269852973247,67.95898813336153,417.90612756792314,0.0,79.24748992919922
1457,4.0,4.183740794000888,0.18374079400088839,68.18756585823748,67.95897687113808,417.91951668375134,0.0,79.24419470131399
1458,4.0,4.183885793109363,0.18388579310936315,68.18247461758553,67.95896792610944,417.9332915990565,0.0,79.24102413654329
1459,4.0,4.1840298652911105,0.18402986529111054,68.17741192419578,67.95896130066323,417.9469784563225,0.0,79.23786878585817
1460,4.0,4.18417836004777,0.18417836004777044,68.17236911415756,67.95895681270902,417.96108545820516,0.0,79.23481988906862
1461,4.0,4.184318534083854,0.1843185340838538,68.16736437162088,67.95895377056446,417.97440199163304,0.0,79.23165726661684
1462,4.0,4.18446274406561,0.18446274406560992,68.16238529348917,67.95895181471096,417.9881019398999,0.0,79.22860050201417
1463,4.0,4.184619339052217,0.18461933905221706,68.1574339442952,67.95897103755327,418.0029784636276,0.0,79.22581005096437
1464,4.0,4.184779750244794,0.1847797502447941,68.15251967488315,67.95898066857565,418.0182175269224,0.0,79.22313451766969
1465,4.0,4.184932278681823,0.18493227868182327,68.14762257386764,67.95898176026645,418.0327077284402,0.0,79.22032928466798
1466,4.0,4.185089028731577,0.18508902873157673,68.14276168670746,67.95898505131822,418.0475989831667,0.0,79.21764564514162
1467,4.0,4.1852446263933025,0.18524462639330253,68.13793305019028,67.95897920686322,418.0623807610307,0.0,79.21497726440431
1468,4.0,4.185397292344281,0.18539729234428126,68.133139372735,67.95897577035451,418.0768840263737,0.0,79.21229362487794
1469,4.0,4.1855672919747695,0.1855672919747695,68.12837888268733,67.95897651962777,418.09303399127003,0.0,79.20997619628908
1470,4.0,4.185734112018008,0.18573411201800827,68.12367544903894,67.95897484449159,418.10888189537775,0.0,79.20766448974611
1471,4.0,4.185893131558659,0.18589313155865916,68.11899516733709,67.95896322640381,418.1239887517396,0.0,79.20523166656496
1472,4.0,4.186056245893487,0.18605624589348668,68.11434785101763,67.95895462467607,418.1394846135482,0.0,79.20291423797609
1473,4.0,4.186216351134294,0.18621635113429402,68.10974165352494,67.9589488770981,418.1546946114249,0.0,79.20058727264406
1474,4.0,4.186376226421614,0.186376226421614,68.10516169187531,67.95895560728101,418.1698827637203,0.0,79.19828605651857
1475,4.0,4.1865526473077885,0.18655264730778853,68.10061882361099,67.95896819035077,418.1866427479069,0.0,79.1963405609131
1476,4.0,4.1867264609127846,0.18672646091278455,68.09611218477599,67.95898348427646,418.2031550403815,0.0,79.1943874359131
1477,4.0,4.186898665389981,0.18689866538998068,68.0916386493326,67.95899037537811,418.2195144657151,0.0,79.19244194030763
1478,4.0,4.187068120511914,0.18706812051191424,68.0872101899486,67.95898629878052,418.2356127022988,0.0,79.19049644470216
1479,4.0,4.187235441628696,0.18723544162869565,68.08281022765742,67.9589935848249,418.25150820839303,0.0,79.18854331970216
1480,4.0,4.1874002517956965,0.18740025179569653,68.07844962066991,67.95898455860616,418.26716517425814,0.0,79.18658807873719
1481,4.0,4.18757660576355,0.1875766057635504,68.07411901277369,67.95897675426107,418.28391880120427,0.0,79.18488562107079
1482,4.0,4.187756008007264,0.18775600800726444,68.06984090541708,67.95896971449915,418.3009620143571,0.0,79.18330144882195
1483,4.0,4.187932567585355,0.1879325675853547,68.0656111078756,67.95896021890997,418.31773517427564,0.0,79.18171930313103
1484,4.0,4.188107007140789,0.18810700714078887,68.06141550486929,67.95895694327965,418.3343069320419,0.0,79.18013644218438
1485,4.0,4.1882772480797525,0.18827724807975255,68.05725855668639,67.95895689591079,418.3504798212434,0.0,79.17851877212517
1486,4.0,4.188450443206536,0.18845044320653592,68.05314308857324,67.958962385403,418.3669333582879,0.0,79.17700481414788
1487,4.0,4.188614413479591,0.1886144134795913,68.04905979890987,67.95898094304533,418.3825105342281,0.0,79.17535352706902
1488,4.0,4.1887966632624645,0.18879666326246447,68.04500978475633,67.95898643855764,418.3998242636011,0.0,79.17408609390252
1489,4.0,4.1889761843536375,0.1889761843536375,68.04100157621984,67.95898499182472,418.4168787672625,0.0,79.1728153228759
1490,4.0,4.189153628369868,0.18915362836986827,68.03703031389259,67.95899210276123,418.43373594880444,0.0,79.1715478897094
1491,4.0,4.189334498484166,0.18933449848416561,68.0331061890913,67.95898631288442,418.45091860966266,0.0,79.17039966583243
1492,4.0,4.189506650519782,0.18950665051978177,68.02920760070135,67.9589875486231,418.4672730530462,0.0,79.16911602020255
1493,4.0,4.189683170043925,0.1896831700439252,68.02535232374183,67.95897333131518,418.48404240783987,0.0,79.16796493530265
1494,4.0,4.189850991313421,0.18985099131342142,68.02154025644818,67.95896331317601,418.499985428442,0.0,79.16669940948478
1495,4.0,4.190022467653604,0.19002246765360375,68.01776912536636,67.95895659454791,418.5162756807593,0.0,79.16555023193351
1496,4.0,4.190211270971709,0.19021127097170876,68.01403168605893,67.95895215560643,418.53421199597926,0.0,79.16476726531974
1497,4.0,4.190390069154815,0.19039006915481504,68.01034062552374,67.95895609727735,418.55119782337437,0.0,79.16384887695304
1498,4.0,4.190573653857835,0.1905736538578351,68.00670410510169,67.95896787700681,418.5686383701613,0.0,79.16308403015128
1499,4.0,4.190750349460622,0.19075034946062175,68.00310596078795,67.95897583216669,418.585424452426,0.0,79.16223335266105
1500,4.0,4.190928116558595,0.1909281165585952,67.9995464403483,67.95898039805392,418.6023123267335,0.0,79.16144752502433
1501,4.0,4.191107933266111,0.1911079332661112,67.99602933285625,67.95899020062232,418.61939491394753,0.0,79.16074943542472
1502,4.0,4.191280744159395,0.19128074415939533,67.99254426450294,67.9589957895213,418.63581194880953,0.0,79.15995597839347
1503,4.0,4.19146108904751,0.19146108904751014,67.98910764861496,67.95898417103652,418.65294471318043,0.0,79.15936088562003
1504,4.0,4.19165119335292,0.1916511933529197,67.98570797453483,67.95897884432814,418.67100462219435,0.0,79.1589927673339
1505,4.0,4.1918401133524394,0.19184011335243945,67.98234419614256,67.95897289765188,418.6889520221487,0.0,79.1586437225341
1506,4.0,4.1920255543163885,0.19202555431638846,67.97902731000508,67.9589641640043,418.70656891372386,0.0,79.15828323364249
1507,4.0,4.192201213497498,0.19220121349749775,67.97575303525272,67.95896681446288,418.72325653592924,0.0,79.15778732299796
1508,4.0,4.192381532350914,0.1923815323509137,67.97251813494424,67.95896865323863,418.74038682700376,0.0,79.15742492675773
1509,4.0,4.192561704569996,0.19256170456999566,67.96932683438395,67.95897130176283,418.75750318781655,0.0,79.15711021423331
1510,4.0,4.192737966688976,0.19273796668897614,67.96617462702147,67.95898308433928,418.7742480891197,0.0,79.1567668914794
1511,4.0,4.192909836339507,0.1929098363395072,67.96307095547255,67.95899089932047,418.79057570592016,0.0,79.15639686584464
1512,4.0,4.193088105969428,0.19308810596942827,67.95999481515294,67.95899612969042,418.8075113207626,0.0,79.1561794281005
1513,4.0,4.1932748757541365,0.1932748757541365,67.95695966810132,67.95899273711947,418.8252544503099,0.0,79.15616989135734
1514,4.0,4.193461281404153,0.19346128140415342,67.9539650779248,67.95898135098476,418.8429629870615,0.0,79.15620040893546
1515,4.0,4.193645142759128,0.19364514275912814,67.95103490285646,67.95896230496133,418.86042981578413,0.0,79.15625762939445
1516,4.0,4.1938232309447825,0.1938232309447825,67.94814612839885,67.95896320667347,418.8773481934213,0.0,79.15625381469718
1517,4.0,4.193998960725493,0.1939989607254926,67.94530563007969,67.95896386751353,418.89404252258873,0.0,79.15626144409171
1518,4.0,4.194172146334626,0.1941721463346262,67.94250003490315,67.95896428922089,418.91049515545643,0.0,79.15626144409171
1519,4.0,4.194345509381484,0.19434550938148387,67.93973436122195,67.95896459017519,418.9269646449079,0.0,79.15631103515616
1520,4.0,4.194513345477333,0.19451334547733268,67.9370158718934,67.95897167888329,418.9429090740136,0.0,79.15631103515616
1521,4.0,4.194678776459711,0.19467877645971132,67.93433000398878,67.95897864941892,418.95862501733956,0.0,79.15630340576163
1522,4.0,4.194862973919949,0.19486297391994878,67.93168091287832,67.9589787681425,418.9761237760621,0.0,79.15669250488273
1523,4.0,4.195045603990187,0.1950456039901871,67.9290770762599,67.95897876964042,418.9934736327347,0.0,79.15710449218741
1524,4.0,4.195223684286604,0.19522368428660375,67.9265143988451,67.95897879934594,419.0103912608943,0.0,79.15747833251945
1525,4.0,4.195397736740448,0.19539773674044802,67.92399751023515,67.95897882943086,419.02692624400953,0.0,79.15782928466788
1526,4.0,4.19558008337447,0.19558008337446964,67.92152003628969,67.95897882919601,419.0442491742416,0.0,79.1583824157714
1527,4.0,4.195751533367515,0.19575153336751505,67.91907515361957,67.95897882879908,419.0605369235809,0.0,79.15876770019523
1528,4.0,4.195918464653077,0.19591846465307672,67.91668070171126,67.95897882893432,419.07639539570926,0.0,79.1591262817382
1529,4.0,4.196083445027761,0.1960834450277611,67.91432128891731,67.958978799012,419.0920685313043,0.0,79.15948867797843
1530,4.0,4.1962486921648114,0.19624869216481144,67.91200356166514,67.95897879853399,419.10776700932405,0.0,79.15990447998038
1531,4.0,4.196415844445004,0.1964158444450037,67.90971736456186,67.95897882998119,419.12364647594234,0.0,79.16039276123038
1532,4.0,4.196574126133066,0.1965741261330658,67.9074734455622,67.95897882960224,419.1386832363082,0.0,79.16076278686515
1533,4.0,4.1967399309812,0.19673993098119968,67.90526503701138,67.95898285880665,419.1544346968809,0.0,79.16131591796866
1534,4.0,4.196911987206283,0.196911987206283,67.90310945098929,67.95897764668031,419.17078003826384,0.0,79.16204833984366
1535,4.0,4.197082012910932,0.19708201291093186,67.90098034770395,67.95897885549785,419.1869324802055,0.0,79.16277313232413
1536,4.0,4.197258099553421,0.19725809955342122,67.8988842444607,67.95897488434179,419.203660711242,0.0,79.16365051269523
1537,4.0,4.197426922188497,0.19742692218849722,67.89684038340413,67.95896881875589,419.2196988615742,0.0,79.16445159912101
1538,4.0,4.1975947964402955,0.19759479644029554,67.89483819946967,67.95897138387154,419.235646915495,0.0,79.16528320312491
1539,4.0,4.197750675308834,0.19775067530883383,67.89289605328447,67.95897367234322,419.2504554080062,0.0,79.16595840454093
1540,4.0,4.1979050229287305,0.19790502292873047,67.89099517243517,67.95897692003848,419.2651184318963,0.0,79.16665267944327
1541,4.0,4.1980657616528845,0.19806576165288448,67.88912192738914,67.9589805839701,419.280388610691,0.0,79.16749954223624
1542,4.0,4.198215022255206,0.19821502225520593,67.88728396077678,67.95898360964077,419.2945683679115,0.0,79.16817092895499
1543,4.0,4.198369081777417,0.1983690817774173,67.88548301418514,67.95897762032283,419.3092040225216,0.0,79.16897583007804
1544,4.0,4.198517236788094,0.19851723678809385,67.88371879067887,67.95896873835275,419.32327874853587,0.0,79.1697120666503
1545,4.0,4.198658983545458,0.1986589835454584,67.88199615240852,67.95896282650625,419.3367446904855,0.0,79.17037582397452
1546,4.0,4.198807037421307,0.19880703742130734,67.8803090341452,67.95895889500045,419.35080980869117,0.0,79.1711997985839
1547,4.0,4.198948155522455,0.19894815552245504,67.87865239200086,67.95896313481488,419.3642160283002,0.0,79.17192840576163
1548,4.0,4.199096424078747,0.19909642407874717,67.87704052823968,67.95898200300847,419.37830154114795,0.0,79.17284393310538
1549,4.0,4.1992559780824115,0.19925597808241147,67.87545566441608,67.95898774343621,419.39345917149603,0.0,79.17400360107413
1550,4.0,4.1994094694723865,0.19940946947238647,67.8739035053332,67.95898699368772,419.4080408535437,0.0,79.17508697509757
1551,4.0,4.199567978035155,0.19956797803515514,67.87239463635979,67.95898901574132,419.4230991670067,0.0,79.1763153076171
1552,4.0,4.199717155280985,0.1997171552809851,67.87091896445953,67.95898717013834,419.4372710053605,0.0,79.17740631103507
1553,4.0,4.19987390497299,0.19987390497299007,67.86948451952914,67.95899006447527,419.452162226101,0.0,79.17868804931632
1554,4.0,4.200025574926526,0.20002557492652606,67.86807340999465,67.95898863371856,419.46657087168694,0.0,79.17990112304679
1555,4.0,4.200169644401687,0.20016964440168739,67.86670674087972,67.95899180278877,419.48025747182726,0.0,79.18102264404288
1556,4.0,4.20031811879115,0.20031811879114958,67.86537361824976,67.95898660720073,419.4943625388262,0.0,79.18226623535148
1557,4.0,4.200456098807199,0.20045609880719883,67.86408590398997,67.958986234565,419.50747064035085,0.0,79.18336486816398
1558,4.0,4.200601835934287,0.20060183593428693,67.86282334087949,67.9589731411464,419.52131566742423,0.0,79.1846389770507
1559,4.0,4.200742847978618,0.20074284797861797,67.8615979675183,67.95896626188602,419.53471181163565,0.0,79.18586730957023
1560,4.0,4.200874088611835,0.20087408861183498,67.86041283635782,67.95896143309017,419.5471796717913,0.0,79.1869583129882
1561,4.0,4.201014257780573,0.2010142577805727,67.85924700364589,67.9589645921275,419.5604957428214,0.0,79.18824005126945
1562,4.0,4.2011427636909,0.20114276369089978,67.85811926992402,67.95896219604028,419.5727038043024,0.0,79.18934631347648
1563,4.0,4.201274438922031,0.2012744389220309,67.8570319407872,67.95897581127667,419.5852129512599,0.0,79.19055938720695
1564,4.0,4.201407864607489,0.20140786460748927,67.85597232033427,67.9589859704467,419.59788839137843,0.0,79.19183771312237
1565,4.0,4.201531425226311,0.20153142522631118,67.85494770483001,67.95899288225033,419.60962665016655,0.0,79.19297087192535
1566,4.0,4.201657006763176,0.20165700676317577,67.85395888248357,67.95899735984173,419.62155689616867,0.0,79.19418382644653
1567,4.0,4.201774993761377,0.20177499376137664,67.85299542492457,67.9590003657587,419.63276566099773,0.0,79.19528317451477
1568,4.0,4.20189926750139,0.20189926750138998,67.85206511508586,67.95898865229294,419.644571666299,0.0,79.19653964042664
1569,4.0,4.202020904582885,0.20202090458288513,67.85115353661354,67.9589762739681,419.65612718904106,0.0,79.19776821136475
1570,4.0,4.202133108094185,0.20213310809418505,67.85028301217906,67.95897702579103,419.66678652261453,0.0,79.19886684417725
1571,4.0,4.202253425036462,0.20225342503646182,67.84943880698734,67.95897765680766,419.67821663213084,0.0,79.20014905929565
1572,4.0,4.202388844654116,0.20238884465411644,67.84862572431115,67.95897801689323,419.691081495808,0.0,79.20175218582153
1573,4.0,4.20251483343129,0.20251483343129006,67.84784608530177,67.95897822982289,419.7030504296395,0.0,79.20321655273438
1574,4.0,4.202646859748033,0.20264685974803331,67.84709605477238,67.95897840923826,419.7155929297301,0.0,79.20482921600342
1575,4.0,4.202777555143964,0.2027775551439639,67.8463675567082,67.95897561874426,419.7280089923435,0.0,79.20644187927246
1576,4.0,4.202898478823356,0.20289847882335632,67.84567513086262,67.95897022262388,419.73949674188583,0.0,79.20791244506836
1577,4.0,4.203024826755544,0.20302482675554412,67.84501771391209,67.9589714988789,419.75149979544364,0.0,79.20952606201172
1578,4.0,4.203149520313633,0.20314952031363287,67.84438622343669,67.95896761534186,419.7633456834621,0.0,79.21113872528076
1579,4.0,4.2032649065383545,0.2032649065383545,67.84378492793645,67.95896148950237,419.77430737481063,0.0,79.2126111984253
1580,4.0,4.203385530241308,0.20338553024130768,67.84321348061921,67.958963990715,419.78576662659117,0.0,79.21421718597412
1581,4.0,4.203500503005089,0.20350050300508915,67.84267037967257,67.9589662824943,419.7966890391504,0.0,79.21574974060059
1582,4.0,4.203615296839131,0.20361529683913115,67.84215878180419,67.95897650436834,419.8075944533844,0.0,79.21731567382812
1583,4.0,4.203729717474516,0.2037297174745163,67.84167773601763,67.95898028477215,419.818464413746,0.0,79.21891021728516
1584,4.0,4.203838870910357,0.20383887091035735,67.84122128307793,67.95898346086187,419.8288339901509,0.0,79.22043418884277
1585,4.0,4.20394039926591,0.20394039926591034,67.84078500270192,67.95898413598215,419.8384791839284,0.0,79.22183799743652
1586,4.0,4.204047102023207,0.20404710202320686,67.84038447515836,67.95897519499073,419.8486159458716,0.0,79.22338104248047
1587,4.0,4.204153252184128,0.2041532521841276,67.84001469138185,67.95896919504007,419.8587002111591,0.0,79.2249495536089
1588,4.0,4.20425773846548,0.20425773846548,67.83966868674042,67.95896526530936,419.8686264078876,0.0,79.22651445865631
1589,4.0,4.204357921634213,0.2043579216342133,67.83934983537551,67.95896259543318,419.87814380891723,0.0,79.22802996635437
1590,4.0,4.204451602367725,0.2044516023677252,67.83905885255416,67.95896088495064,419.88704347860084,0.0,79.22945547103882
1591,4.0,4.204552239316426,0.20455223931642585,67.83879139840465,67.95896662425211,419.8966039887274,0.0,79.23103952407837
1592,4.0,4.204649463167996,0.20464946316799626,67.83854799635682,67.95897957323808,419.9058402546266,0.0,79.2325873374939
1593,4.0,4.204745306152169,0.20474530615216935,67.8383268841328,67.95898162593738,419.91494533812306,0.0,79.23413515090942
1594,4.0,4.204844154043065,0.204844154043065,67.83813201200707,67.95898054462674,419.9243358877581,0.0,79.2357702255249
1595,4.0,4.204932822377939,0.20493282237793942,67.83796788137228,67.9589767428295,419.9327593795712,0.0,79.23724937438965
1596,4.0,4.205025717816473,0.20502571781647294,67.83782292470454,67.95897457923911,419.9415844462319,0.0,79.23883056640625
1597,4.0,4.205120318935745,0.20512031893574534,67.8376978116327,67.95897378314937,419.9505715525628,0.0,79.2404670715332
1598,4.0,4.205212140013245,0.20521214001324495,67.8375995899394,67.95897217796244,419.95929455492524,0.0,79.2420825958252
1599,4.0,4.205300993523252,0.20530099352325237,67.83752311867977,67.95897394009754,419.9677356383759,0.0,79.24366760253906
1600,4.0,4.205381752757536,0.20538175275753634,67.83747108967364,67.95897267027533,419.9754077656329,0.0,79.2451286315918
1601,4.0,4.205471166348937,0.20547116634893658,67.83744355207041,67.95896980123004,419.9839020568159,0.0,79.24678134918213
1602,4.0,4.205556932314615,0.20555693231461536,67.83742995386075,67.9589772132584,419.9920498235554,0.0,79.24838161468506
1603,4.0,4.205639358558777,0.20563935855877702,67.83745145047632,67.95896491930353,419.99988031675076,0.0,79.24995994567871
1604,4.0,4.20572318723112,0.20572318723112026,67.83748705988747,67.95897201863924,420.00784404062335,0.0,79.2515811920166
1605,4.0,4.205798971360123,0.2057989713601227,67.83754303723141,67.9589806779024,420.0150435328786,0.0,79.2530746459961
1606,4.0,4.205877960547654,0.20587796054765395,67.8376240489273,67.95897981020103,420.0225475056941,0.0,79.25465774536133
1607,4.0,4.205957423869817,0.2059574238698172,67.83772353115674,67.95897392585422,420.0300965212996,0.0,79.25627136230469
1608,4.0,4.206035725911108,0.20603572591110808,67.83784337208417,67.95896868695223,420.03753521522225,0.0,79.25788688659668
1609,4.0,4.206111753952522,0.20611175395252168,67.83797866215801,67.95896092219105,420.0447578791565,0.0,79.25947761535645
1610,4.0,4.206181013193073,0.20618101319307325,67.83814312496916,67.95896256946492,420.0513375070089,0.0,79.2609748840332
1611,4.0,4.206256126067466,0.20625612606746557,67.83832581349077,67.95896205644249,420.0584732300762,0.0,79.26260375976562
1612,4.0,4.206327960291354,0.20632796029135392,67.83852056239833,67.95896598872824,420.06529748134557,0.0,79.26418495178223
1613,4.0,4.206398487959747,0.20639848795974736,67.83874127328559,67.95897400852714,420.071997609843,0.0,79.26577186584473
1614,4.0,4.2064714622906205,0.20647146229062052,67.83897965117785,67.95898545752762,420.0789301712759,0.0,79.26742553710938
1615,4.0,4.206533754997132,0.20653375499713178,67.83922215440965,67.95897932856755,420.08484797839446,0.0,79.26888275146484
1616,4.0,4.206601121473316,0.20660112147331589,67.83949219066778,67.95897518188241,420.09124779363196,0.0,79.27046775817871
1617,4.0,4.206669529070945,0.20666952907094505,67.83978949991997,67.95897244749968,420.09774651540675,0.0,79.27210426330566
1618,4.0,4.206735923414811,0.2067359234148114,67.84009641478164,67.95897061455219,420.10405397807403,0.0,79.27371406555176
1619,4.0,4.206799771305371,0.20679977130537086,67.8404231660399,67.95896941297254,420.11011952767717,0.0,79.27529907226562
1620,4.0,4.206858481481808,0.20685848148180774,67.84076257450687,67.95896860121033,420.1156969944387,0.0,79.27680206298828
1621,4.0,4.2069209459636205,0.20692094596362054,67.84112630470415,67.95896805996101,420.1216311202109,0.0,79.27840423583984
1622,4.0,4.206981221820695,0.206981221820695,67.84150246751025,67.95896772927587,420.127357326633,0.0,79.27997970581055
1623,4.0,4.207043866165837,0.20704386616583736,67.84188612553535,67.95896748923086,420.1333085394215,0.0,79.28160858154297
1624,4.0,4.207104853694366,0.20710485369436604,67.84229322514912,67.95896736977637,420.13910235463175,0.0,79.28323364257812
1625,4.0,4.207155794129446,0.20715579412944596,67.84271870398412,67.9589782453842,420.1439416959643,0.0,79.2846908569336
1626,4.0,4.207214613830274,0.20721461383027417,67.84315747370906,67.95898633958025,420.149529567543,0.0,79.28631210327148
1627,4.0,4.207272671614231,0.20727267161423057,67.84360851731498,67.95898307903421,420.15504505701887,0.0,79.28793334960938
1628,4.0,4.207324792349065,0.2073247923490653,67.84407694757415,67.95899235307735,420.15999652682814,0.0,79.28946304321289
1629,4.0,4.207377622881866,0.20737762288186623,67.8445632967006,67.95898957494708,420.16501542744425,0.0,79.2910270690918
1630,4.0,4.207423070635704,0.20742307063570387,67.84506097047426,67.9589836691285,420.1693329640588,0.0,79.29246520996094
1631,4.0,4.207473043239325,0.20747304323932525,67.84557053249199,67.95897786662562,420.17408036140284,0.0,79.29400253295898
1632,4.0,4.207522191328134,0.20752219132813376,67.84610316934943,67.95897316907833,420.1787494298397,0.0,79.29555130004883
1633,4.0,4.207571762168413,0.20757176216841344,67.84664203236792,67.95897190936256,420.18345865966626,0.0,79.29711532592773
1634,4.0,4.207619250072916,0.20761925007291637,67.84719162295534,67.95896672271218,420.18797001059403,0.0,79.29865264892578
1635,4.0,4.207661688494709,0.20766168849470912,67.84775408356157,67.95896290760358,420.19200166066435,0.0,79.30010986328125
1636,4.0,4.207706917806378,0.2077069178063784,67.8483335416381,67.95896568607743,420.19629844527293,0.0,79.30163955688477
1637,4.0,4.207752634258669,0.20775263425866886,67.84892145082267,67.95898044071845,420.2006415082405,0.0,79.30318832397461
1638,4.0,4.207798739403789,0.20779873940378923,67.84951939807735,67.95897189827426,420.2050214970269,0.0,79.30475616455078
1639,4.0,4.207815787722052,0.20781578772205211,67.85013548119571,67.95896617471035,420.2066410872619,0.0,79.3057975769043
1640,4.0,4.207839551855668,0.20783955185566771,67.85076402285715,67.95896236851455,420.2088986799554,0.0,79.30698013305664
1641,4.0,4.207865957609658,0.2078659576096582,67.85139891599417,67.95895988126905,420.21140722658447,0.0,79.30821990966797
1642,4.0,4.207880716282245,0.20788071628224536,67.85204211130873,67.95896508315853,420.2128093004803,0.0,79.30924987792969
1643,4.0,4.2079027525093355,0.20790275250933554,67.85268870429567,67.9589729563237,420.2149027420538,0.0,79.31042098999023
1644,4.0,4.2079175890076295,0.20791758900762947,67.85335021603967,67.95898481040157,420.21631220939173,0.0,79.31147384643555
1645,4.0,4.207943148322973,0.20794314832297278,67.85402157515671,67.95899729972186,420.2187403443494,0.0,79.31274032592773
1646,4.0,4.207966515740005,0.20796651574000524,67.85468910851755,67.95898927776541,420.22096024896746,0.0,79.31396102905273
1647,4.0,4.207982662129768,0.20798266212976824,67.85536864312996,67.95898566405685,420.2224941559949,0.0,79.31505966186523
1648,4.0,4.208007721016462,0.20800772101646192,67.85604478572665,67.95898424601553,420.2248747502308,0.0,79.31632232666016
1649,4.0,4.2080238402054,0.2080238402054002,67.8567378011348,67.95898093859805,420.22640607318,0.0,79.31743621826172
1650,4.0,4.208045573126487,0.20804557312648697,67.85743166389636,67.95897211724068,420.2284707006832,0.0,79.31865692138672
1651,4.0,4.208067323449385,0.20806732344938528,67.85813829276238,67.9589698034751,420.23053698135857,0.0,79.31989288330078
1652,4.0,4.208084806246124,0.20808480624612358,67.85884846253943,67.95897174611204,420.2321978470487,0.0,79.32105255126953
1653,4.0,4.208105621960186,0.20810562196018623,67.85956362203267,67.95897540084393,420.23417533988464,0.0,79.32228088378906
1654,4.0,4.208119316322322,0.20811931632232206,67.86029244723612,67.95897553612798,420.23547630428754,0.0,79.32339096069336
1655,4.0,4.20813846146203,0.2081384614620303,67.86101821654431,67.95896815101074,420.23729509255986,0.0,79.32460021972656
1656,4.0,4.2081602809403345,0.20816028094033445,67.86174980325958,67.95897695914026,420.23936794299874,0.0,79.32586669921875
1657,4.0,4.208175199105174,0.2081751991051739,67.86248172013826,67.95897062452374,420.2407851686585,0.0,79.3270034790039
1658,4.0,4.208193910209597,0.2081939102095971,67.86322425941636,67.95897175891211,420.24256272357866,0.0,79.3282241821289
1659,4.0,4.208205172691071,0.20820517269107075,67.86397595850632,67.95898161631843,420.2436326593187,0.0,79.32931518554688
1660,4.0,4.2082253358574215,0.20822533585742153,67.86472770240371,67.95898818870519,420.245548160122,0.0,79.33057403564453
1661,4.0,4.20824573087797,0.20824573087797038,67.86548222670169,67.95899255870413,420.2474856870741,0.0,79.33184051513672
1662,4.0,4.208256122774339,0.2082561227743387,67.86624795035358,67.9589953926942,420.24847291722915,0.0,79.33293151855469
1663,4.0,4.2082736838455,0.20827368384550038,67.86701553186165,67.95899726083023,420.2501412189895,0.0,79.33415985107422
1664,4.0,4.208286213407377,0.2082862134073773,67.86778593175644,67.95898470844165,420.2513315273678,0.0,79.33529663085938
1665,4.0,4.208303030281595,0.20830303028159491,67.86857202982195,67.95897861179729,420.25292913041847,0.0,79.33653259277344
1666,4.0,4.208319262269593,0.20831926226959308,67.86935450120734,67.95897897434044,420.2544711692783,0.0,79.33775329589844
1667,4.0,4.208330196863543,0.20833019686354337,67.87015060874565,67.95897930542122,420.2555099557036,0.0,79.3388900756836
1668,4.0,4.208348031826072,0.20834803182607242,67.87093984925843,67.95897945691699,420.25720427714384,0.0,79.34014892578125
1669,4.0,4.208357149644529,0.20835714964452912,67.87173914193195,67.95896914851289,420.25807046989723,0.0,79.34125518798828
1670,4.0,4.208371158837107,0.20837115883710666,67.8725378608182,67.95896417167974,420.2594013431921,0.0,79.34245300292969
1671,4.0,4.208387993089224,0.2083879930892243,67.87334745190148,67.95896097946763,420.26100059714327,0.0,79.34371679648757
1672,4.0,4.208397720943835,0.20839772094383502,67.87415994259392,67.95895543749629,420.2619247433313,0.0,79.34485000371933
1673,4.0,4.208412042445303,0.2084120424453033,67.8749732388945,67.95896941712172,420.26328528597077,0.0,79.34607076644897
1674,4.0,4.208421634681378,0.2084216346813781,67.875787905331,67.95896542903654,420.2641965483979,0.0,79.34720396995544
1675,4.0,4.2084366245619425,0.20843662456194245,67.8766199330189,67.95897435925319,420.2656205870515,0.0,79.34845924377441
1676,4.0,4.208449770281606,0.20844977028160638,67.87744560009394,67.95897783039436,420.26686943041955,0.0,79.34967231750488
1677,4.0,4.208444191323805,0.20844419132380487,67.87827510050077,67.95898663201359,420.2663394294284,0.0,79.3505368232727
1678,4.0,4.20843239412385,0.20843239412385017,67.87911393766076,67.95898144715837,420.26521869543274,0.0,79.35129499435425
1679,4.0,4.208418615967393,0.20841861596739264,67.8799574021891,67.95898234452584,420.2639097705693,0.0,79.35202121734619
1680,4.0,4.208413906917322,0.20841390691732187,67.88079694677121,67.95898141772662,420.2634624108125,0.0,79.35291385650635
1681,4.0,4.208404096331296,0.20840409633129564,67.8816388324349,67.95898138967121,420.26253040514007,0.0,79.3537130355835
1682,4.0,4.20839694193491,0.2083969419349101,67.88248029884365,67.95897550980786,420.2618507374834,0.0,79.3545618057251
1683,4.0,4.208382977086685,0.20838297708668474,67.88331904276575,67.9589670670105,420.260524076902,0.0,79.35527896881104
1684,4.0,4.208370592319202,0.20837059231920207,67.88416085769572,67.95895775543099,420.25934752399115,0.0,79.35602951049805
1685,4.0,4.208365273912155,0.20836527391215487,67.88499964054567,67.95895899251396,420.2588422753217,0.0,79.35690975189209
1686,4.0,4.208351675604484,0.20835167560448387,67.88584064452274,67.95896244319407,420.2575504360929,0.0,79.35763645172119
1687,4.0,4.208347838001759,0.20834783800175938,67.88667267785712,67.95896855268876,420.2571858638341,0.0,79.35853672027588
1688,4.0,4.20833633869828,0.20833633869828017,67.88750675219491,67.95897410292773,420.25609343000355,0.0,79.35929489135742
1689,4.0,4.208323278173211,0.20832327817321072,67.88833909458809,67.958977896191,420.254852680122,0.0,79.36002159118652
1690,4.0,4.208320577867766,0.2083205778677657,67.88917236844273,67.95898409164224,420.2545961511047,0.0,79.3609447479248
1691,4.0,4.208306170522575,0.20830617052257505,67.89000523517528,67.95898411158124,420.2532274533116,0.0,79.36164665222168
1692,4.0,4.208295771936093,0.2082957719360934,67.8908338067839,67.95899199640213,420.25223958759585,0.0,79.36241912841797
1693,4.0,4.208281275828774,0.20828127582877443,67.89166322114278,67.95898451303283,420.2508624574005,0.0,79.36311531066895
1694,4.0,4.208267612780512,0.20826761278051187,67.89248586822694,67.95898367647263,420.24956446781556,0.0,79.36381928622723
1695,4.0,4.208260961535549,0.20826096153554907,67.8933102504743,67.95897021956142,420.2489325995441,0.0,79.36465752124786
1696,4.0,4.208245917614199,0.20824591761419864,67.89413311957966,67.95897119893317,420.24750342701583,0.0,79.36533570289612
1697,4.0,4.20823754210601,0.2082375421060103,67.89495416019031,67.95896628225096,420.24670775373795,0.0,79.36613750457764
1698,4.0,4.2082245238489255,0.20822452384892554,67.89577179008583,67.95896760841761,420.2454710193149,0.0,79.36684775352478
1699,4.0,4.208212480639515,0.20821248063951536,67.89656267948386,67.95896587452057,420.2443269144209,0.0,79.36754512786865
1700,4.0,4.208204297069621,0.20820429706962074,67.89736615343433,67.95897413378181,420.24354947528093,0.0,79.36833000183105
1701,4.0,4.208194290645669,0.20819429064566908,67.89815335457682,67.95897868649331,420.2425988650055,0.0,79.36906147003174
1702,4.0,4.208187710585802,0.20818771058580232,67.89894360810972,67.95898507196155,420.24197375931817,0.0,79.36986112594604
1703,4.0,4.208174263971536,0.20817426397153582,67.89974104473838,67.95898346014984,420.24069633096286,0.0,79.37053966522217
1704,4.0,4.2081637939352525,0.20816379393525253,67.90053573773004,67.95897478553674,420.23970167751594,0.0,79.37127113342285
1705,4.0,4.208158544498631,0.20815854449863114,67.9013196234903,67.95897241386585,420.2392029810369,0.0,79.37208843231201
1706,4.0,4.208145487818931,0.20814548781893105,67.90211282093416,67.95897700292912,420.2379625964654,0.0,79.37276935577393
1707,4.0,4.2081389509974585,0.2081389509974585,67.90290280005156,67.95896456916238,420.23734159842553,0.0,79.37356948852539
1708,4.0,4.208127689069234,0.20812768906923385,67.9036817308299,67.9589713767458,420.2362717152442,0.0,79.374267578125
1709,4.0,4.2081200949146185,0.20812009491461847,67.90447082854635,67.95897445812736,420.23555027055573,0.0,79.3750467300415
1710,4.0,4.208117952172513,0.20811795217251294,67.90525273110516,67.95897912234841,420.2353467100557,0.0,79.37592029571533
1711,4.0,4.208107842585198,0.2081078425851981,67.90603673673483,67.95897869170382,420.2343862992608,0.0,79.37664604187012
1712,4.0,4.208106567461299,0.20810656746129919,67.90681769525479,67.95897374591287,420.2342651624904,0.0,79.37753486633301
1713,4.0,4.208098715914234,0.20809871591423423,67.90759871829711,67.95897722506191,420.2335192655192,0.0,79.37829971313477
1714,4.0,4.2080894124331385,0.2080894124331385,67.90837543558864,67.9589700454692,420.2326354348151,0.0,79.37903213500977
1715,4.0,4.208086154374761,0.20808615437476075,67.90915739554637,67.95897440012166,420.2323259192692,0.0,79.37988471984863
1716,4.0,4.208079076710505,0.20807907671050518,67.9099357282186,67.9589718797556,420.231653541165,0.0,79.38066101074219
1717,4.0,4.208077923831762,0.2080779238317616,67.91071472044429,67.95896440062592,420.2315440176843,0.0,79.38154983520508
1718,4.0,4.208068034750096,0.20806803475009605,67.91150253085551,67.95897314433458,420.23060455492606,0.0,79.38228416442871
1719,4.0,4.208058517735624,0.20805851773562356,67.91227781335776,67.95897900290579,420.2297004385512,0.0,79.38301086425781
1720,4.0,4.208057471343792,0.2080574713437917,67.91305345971867,67.95897884965517,420.22960103132715,0.0,79.38389778137207
1721,4.0,2.128510651556284,-1.871489348443716,67.9138269049229,67.96494485178108,242.4337393199454,0.0,40.15425109863281
1722,4.0,2.129489081536509,-1.870510918463491,67.86492689849074,67.96552562501402,242.5266901680668,0.0,40.14378356933594
1723,4.0,2.1346985036857866,-1.8653014963142134,67.68490848440537,67.94550213850049,243.02158527224816,0.0,40.1352424621582
1724,4.0,2.1430129467131014,-1.8569870532868986,67.41396165446828,67.94024491175828,243.81145735984308,0.0,40.13027572631836
1725,4.0,2.153601334494011,-1.8463986655059892,67.08286515746791,67.93968004752976,244.81735419902947,0.0,40.13048553466797
1726,4.0,2.1658754295035823,-1.8341245704964177,66.71243690825366,67.9422804729814,245.98339322493877,0.0,40.1363410949707
1727,4.0,2.1794559659978803,-1.8205440340021197,66.31686673731777,67.94663192926204,247.27354419189706,0.0,40.14852523803711
1728,4.0,2.1940511495855306,-1.8059488504144694,65.90559115471179,67.95134754349914,248.66008663272385,0.0,40.16673278808594
1729,4.0,2.209545532182079,-1.7904544678179208,65.4847924366176,67.9378196147077,250.13205297939595,0.0,40.19211959838867
1730,4.0,2.225773510479171,-1.7742264895208288,65.05883505562919,67.93551563862636,251.6737109176197,0.0,40.22395324707031
1731,4.0,2.242643978035056,-1.7573560219649438,64.63086223077049,67.93679012142847,253.2764053354288,0.0,40.26222610473633
1732,4.0,2.260129964193257,-1.7398700358067432,64.20312567905151,67.94040369450397,254.93757402045784,0.0,40.307613372802734
1733,4.0,2.278163598286532,-1.721836401713468,63.77725781850119,67.94515319361997,256.65076925931896,0.0,40.3597297668457
1734,4.0,2.2966861016631515,-1.7033138983368485,63.35445302807328,67.9438229597318,242.22892504589777,0.0,40.41813659667969
1735,4.0,2.3159051912806166,-1.6840948087193834,62.9296700157699,67.94653310214295,244.05473855955694,0.0,40.483097076416016
1736,4.0,2.336020964345702,-1.663979035654298,62.49855640913285,67.94995869236195,245.96573700074006,0.0,40.55498278141022
1737,4.0,2.3568775201312557,-1.6431224798687443,62.06516393926178,67.95329363883309,247.94710980036768,0.0,40.6333304643631
1738,4.0,2.3783791838236326,-1.6216208161763674,61.63224866332824,67.95603482375147,249.98976785114348,0.0,40.718015909194946
1739,4.0,2.40043587620082,-1.5995641237991798,61.20175150271257,67.95760836185572,252.0851536269763,0.0,40.8085777759552
1740,4.0,2.4230275420425302,-1.5769724579574698,60.775042001878525,67.9588202825688,254.23136188193874,0.0,40.905444622039795
1741,4.0,2.446128730156903,-1.5538712698430972,60.353095762189575,67.95937488923748,256.4259747528041,0.0,41.00873374938965
1742,4.0,2.4696626780319924,-1.5303373219680076,59.936883879494175,67.9593898403003,258.66169980093764,0.0,41.117745876312256
1743,4.0,2.4935739789077576,-1.5064260210922424,59.52760299588881,67.95903090561092,260.9332733841353,0.0,41.23235607147217
1744,4.0,2.5178359510571564,-1.4821640489428436,59.12628142465346,67.9591671472789,263.23816073832825,0.0,41.35285472869873
1745,4.0,2.5424090891980855,-1.4575909108019145,58.733605913407246,67.95904567233264,265.5726088617165,0.0,41.4791259765625
1746,4.0,2.567211780331919,-1.432788219668081,58.350036740448964,67.95890629991747,267.9288645194307,0.0,41.61025047302246
1747,4.0,2.592250418864381,-1.407749581135619,57.97586607010235,67.9588106724084,270.30753518001455,0.0,41.74665641784668
1748,4.0,2.617501431526962,-1.382498568473038,57.611305186426264,67.95877801236713,272.70638138295976,0.0,41.88824272155762
1749,4.0,2.6429578429938454,-1.3570421570061546,57.25643585568816,67.95879582417618,275.12474047231365,0.0,42.035096168518066
1750,4.0,2.668591201826456,-1.3314087981735439,56.91130277189937,67.95905885825852,277.5599095614117,0.0,42.18694496154785
1751,4.0,2.6943720916683382,-1.3056279083316618,56.57591999501144,67.95921966868782,280.0090940963905,0.0,42.3434944152832
1752,4.0,2.720268907969831,-1.2797310920301692,56.25024258885572,67.95931938734114,282.4692916450323,0.0,42.504384994506836
1753,4.0,2.7462937940278334,-1.2537062059721666,55.93422745988601,67.95933448940353,284.94165582054256,0.0,42.66995048522949
1754,4.0,2.7723502187882945,-1.2276497812117055,55.627822235485176,67.95927445362629,287.41701617278636,0.0,42.83883476257324
1755,4.0,2.7985113918953224,-1.2014886081046776,55.33093094368232,67.95911797748828,289.90232761795403,0.0,43.01228904724121
1756,4.0,2.824756297393007,-1.175243702606993,55.04346926762841,67.9589782909701,292.39559364023404,0.0,43.190107345581055
1757,4.0,2.851082557585828,-1.148917442414172,54.76534413572017,67.95886645885356,294.89658835855204,0.0,43.372365951538086
1758,4.0,2.8774441322893867,-1.1225558677106133,54.4964598570596,67.95879269197624,297.4009379553901,0.0,43.5584774017334
1759,4.0,2.9037697975839607,-1.0962302024160393,54.23673201488648,67.95876358757967,299.90187615837465,0.0,43.74749565124512
1760,4.0,2.930127291064743,-1.0698727089352569,53.986038835629735,67.95872879190269,302.40583803904894,0.0,43.9405460357666
1761,4.0,2.9564520090624953,-1.0435479909375047,53.744276046839204,67.958768795164,304.9066862488354,0.0,44.136770248413086
1762,4.0,2.982748083014178,-1.0172519169858218,53.51133459691435,67.9588394945785,307.40481327424527,0.0,44.336341857910156
1763,4.0,3.0089866046514775,-0.9910133953485225,53.28710741532259,67.95891810145508,309.89747282978874,0.0,44.53894233703613
1764,4.0,3.035171666951443,-0.964828333048557,53.07147647412007,67.95899302120468,312.3850537482855,0.0,44.744733810424805
1765,4.0,3.061283977106732,-0.938716022893268,52.864325480801135,67.95903556792436,314.8657232130379,0.0,44.95353126525879
1766,4.0,3.0872741768967935,-0.9127258231032065,52.66555045345342,67.95904635651827,317.3347921930938,0.0,45.16472053527832
1767,4.0,3.1131709018003915,-0.8868290981996085,52.47502665183771,67.95903514737452,319.79498105893555,0.0,45.37881278991699
1768,4.0,3.138930760927547,-0.861069239072453,52.29263444577645,67.95900804347043,322.24216767601536,0.0,45.595266342163086
1769,4.0,3.1645729588410423,-0.8354270411589577,52.11825841752843,67.95897955733443,324.67817647779736,0.0,45.814453125
1770,4.0,3.190054485039428,-0.8099455149605719,51.951779424218664,67.95895060531743,327.098921466644,0.0,46.03583526611328
1771,4.0,3.2153756960990827,-0.7846243039009173,51.79306657150803,67.95893132632084,329.5044365173112,0.0,46.259490966796875
1772,4.0,3.2405088101622312,-0.7594911898377688,51.64200101173363,67.95892408903397,331.89208235331034,0.0,46.48509979248047
1773,4.0,3.2654683474846204,-0.7345316525153796,51.49846227732704,67.95892882287421,334.26323839893735,0.0,46.71294403076172
1774,4.0,3.290228233294234,-0.7097717667057659,51.36231697007955,67.95894662102303,336.6154275508506,0.0,46.94270706176758
1775,4.0,3.314764546966927,-0.6852354530330729,51.23344624089711,67.9589669915477,338.94637734975646,0.0,47.17411422729492
1776,4.0,3.3390885892590534,-0.6609114107409466,51.1117170588059,67.95898354176776,341.25716136750844,0.0,47.40737533569336
1777,4.0,3.363166764194723,-0.6368332358052768,50.9970116852103,67.95899966631727,343.54458798639706,0.0,47.64207077026367
1778,4.0,3.3870117120616645,-0.6129882879383355,50.889196536785384,67.95900337420277,345.80985803375654,0.0,47.87841796875
1779,4.0,3.4106078741436066,-0.5893921258563934,50.78813534086948,67.95900479650585,348.051493431541,0.0,48.11622619628906
1780,4.0,3.4339517827048907,-0.5660482172951093,50.69371809677832,67.95900027778936,350.269164744863,0.0,48.35549545288086
1781,4.0,3.457021397368236,-0.5429786026317638,50.60580630417617,67.95898840370046,352.4607781378808,0.0,48.59593200683594
1782,4.0,3.4797934415518497,-0.5202065584481503,50.52427992506279,67.95897580369055,354.6241223353241,0.0,48.83723831176758
1783,4.0,3.502298991950366,-0.497701008049634,50.449004748086075,67.95896151080197,356.7621496231831,0.0,49.07986068725586
1784,4.0,3.5245219861875676,-0.4754780138124324,50.37985534855007,67.95895805688171,358.8733340757173,0.0,49.323585510253906
1785,4.0,3.546435806411783,-0.4535641935882171,50.316690463452595,67.95895613750267,360.9551469970178,0.0,49.568031311035156
1786,4.0,3.5680457763044977,-0.4319542236955023,50.259404639994905,67.95896612590154,363.00809413682566,0.0,49.81329345703125
1787,4.0,3.5893513113846063,-0.4106486886153937,50.20785853747558,67.9589662324085,365.032119969436,0.0,50.05934524536133
1788,4.0,3.61033076397701,-0.3896692360229901,50.16191875720102,67.9589751856259,367.02516796571433,0.0,50.30586624145508
1789,4.0,3.6310148194390295,-0.3689851805609705,50.121468204681925,67.95897738894081,368.99015323460617,0.0,50.55327606201172
1790,4.0,3.6513861135529444,-0.3486138864470556,50.08638621607391,67.95898258685763,370.9254261754281,0.0,50.80131530761719
1791,4.0,3.671419813605596,-0.328580186394404,50.05652051652307,67.95898594167181,372.82862768043,0.0,51.04958367347717
1792,4.0,3.691124535151245,-0.30887546484875505,50.031799552804685,67.95899408185673,374.70057622726665,0.0,51.29822301864624
1793,4.0,3.7105098651574018,-0.2894901348425982,50.01200950009949,67.95898918234978,376.5421825778516,0.0,51.547237396240234
1794,4.0,3.7295518148094313,-0.2704481851905687,49.997145565907424,67.9589764438751,378.3511677947944,0.0,51.79637360572815
1795,4.0,3.748262505025562,-0.2517374949744382,49.98684397573192,67.95896953907672,380.12868336532676,0.0,52.04550361633301
1796,4.0,3.766685307198602,-0.23331469280139805,49.98114690555694,67.95896765079479,381.87884957176556,0.0,52.295347690582275
1797,4.0,3.7847978980267016,-0.21520210197329837,49.97949436908333,67.95896060829763,383.59954570043504,0.0,52.54507923126221
1798,4.0,3.8026046738337893,-0.1973953261662107,49.98199022814208,67.95897501541633,385.29118940210833,0.0,52.79493045806885
1799,4.0,3.820126743591848,-0.17987325640815222,49.98809189525881,67.95897224162913,386.95578602912394,0.0,53.04467964172363
1800,4.0,3.837298733480931,-0.1627012665190688,49.99811282174641,67.9589791822598,388.58712506858683,0.0,53.29380416870117
1801,4.0,3.854168131258936,-0.1458318687410638,50.011849462969934,67.95898116200954,390.1897178574973,0.0,53.54279899597168
1802,4.0,3.8707222582345127,-0.12927774176548734,50.02959683946258,67.95897640521919,391.76235992017706,0.0,53.79185390472412
1803,4.0,3.886937848082354,-0.11306215191764579,50.05127462767355,67.9589657234752,393.30284095572205,0.0,54.04060935974121
1804,4.0,3.902777561668025,-0.09722243833197508,50.07694119301505,67.95897067417778,394.80761374636074,0.0,54.28865623474121
1805,4.0,3.9183065610132575,-0.08169343898674253,50.1064679157906,67.95897399259322,396.28286868415785,0.0,54.53680610656738
1806,4.0,3.9334721344247994,-0.06652786557520063,50.139719031254685,67.95897592399858,397.72359815825433,0.0,54.78421878814697
1807,4.0,3.948307425170054,-0.051692574829945936,50.17660046748359,67.95897536714368,399.13295077905354,0.0,55.03129005432129
1808,4.0,3.962802589379428,-0.037197410620572136,50.216941176241896,67.958980559795,400.50999137894405,0.0,55.27772903442383
1809,4.0,3.976975880619482,-0.02302411938051785,50.260635795602404,67.95898049438122,401.8564540467492,0.0,55.523704528808594
1810,4.0,3.9908186523177953,-0.009181347682204688,50.307504915234034,67.95898452354982,403.1715173580889,0.0,55.768924713134766
1811,4.0,4.004345239658036,0.004345239658036348,50.357484980866104,67.95898165566999,403.58430220543687,0.0,56.013543128967285
1812,4.0,4.01758506052398,0.017585060523980012,50.41008299511361,67.95897339882968,404.8420851877015,0.0,56.25744342803955
1813,4.0,4.030552943873627,0.03055294387362739,50.4649675398488,67.9589715413762,406.07403410591803,0.0,56.500478744506836
1814,4.0,4.043242951765758,0.043242951765757986,50.522213773501896,67.9589656285172,407.27958485567046,0.0,56.74266242980957
1815,4.0,4.055667374571482,0.055667374571481965,50.58186710173423,67.95897327589783,408.45990502221423,0.0,56.984230041503906
1816,4.0,4.067813012696045,0.06781301269604523,50.64389243079206,67.95897021700135,409.6137406440477,0.0,57.22496795654297
1817,4.0,4.079676645209855,0.0796766452098554,50.7082876638115,67.95896873144278,410.7407857328597,0.0,57.4648380279541
1818,4.0,4.091255861307065,0.09125586130706509,50.77499150383965,67.9589707015231,411.84081126209463,0.0,57.703744888305664
1819,4.0,4.102552334579647,0.10255233457964685,50.84395745051795,67.95897671508907,412.9139762229899,0.0,57.94166564941406
1820,4.0,4.113581173229101,0.11358117322910122,50.91510759592979,67.95897251293951,413.96171589468804,0.0,58.17873001098633
1821,4.0,4.124340816379917,0.12434081637991667,50.98837432273823,67.95896435801254,414.9838819940155,0.0,58.41484260559082
1822,4.0,4.134808241541522,0.13480824154152238,51.063679378793,67.95895884985549,415.97828738436806,0.0,58.64958953857422
1823,4.0,4.14502702714715,0.1450270271471501,51.14095438563547,67.95895517698293,416.9490720169027,0.0,58.88351058959961
1824,4.0,4.154988894993051,0.15498889499305069,51.22012059865051,67.95895270945535,417.89544946226323,0.0,59.116397857666016
1825,4.0,4.164670096703925,0.16467009670392496,51.30109407342102,67.95896145707373,418.8151636247963,0.0,59.34781455993652
1826,4.0,4.174128270785358,0.1741282707853582,51.383808940243895,67.95897550252421,419.71369016253243,0.0,59.5785026550293
1827,4.0,4.1833198327075,0.1833198327075003,51.468175836177856,67.95898517291346,420.58688854513593,0.0,59.8077335357666
1828,4.0,4.192283025351666,0.1922830253516663,51.55414081086025,67.9589857682931,421.43839184633174,0.0,60.03598594665527
1829,4.0,4.201000467235681,0.20100046723568088,51.64160913448722,67.95898213873139,422.2665488253131,0.0,60.262895584106445
1830,4.0,4.209504117015303,0.20950411701530314,51.73051212653821,67.9589828648487,423.07439555437725,0.0,60.488834381103516
1831,4.0,4.217767188656019,0.21776718865601907,51.82074905885632,67.95898774189725,423.85938736024525,0.0,60.71329307556152
1832,4.0,4.225803690363002,0.2258036903630023,51.91225292611501,67.95897592722679,424.62285502240866,0.0,60.93638610839844
1833,4.0,4.23363007537072,0.23363007537072011,52.00495073756838,67.95896723384715,425.36636159814185,0.0,61.15825653076172
1834,4.0,4.24125236317536,0.24125236317536025,52.09876600443132,67.95896529997029,426.0904789395827,0.0,61.37889289855957
1835,4.0,4.248669948162753,0.24866994816275323,52.19364094588361,67.95896290026278,426.795149513385,0.0,61.598209381103516
1836,4.0,4.2558859447203865,0.2558859447203865,52.28951156520737,67.95896369658723,427.48066918636016,0.0,61.816165924072266
1837,4.0,4.262916539866922,0.2629165398669224,52.38631795702708,67.95898351951067,428.14857572528103,0.0,62.03291702270508
1838,4.0,4.269758152794443,0.26975815279444326,52.484009202586435,67.95898579490985,428.79852895339553,0.0,62.24834060668945
1839,4.0,4.276409222029563,0.27640922202956286,52.58254897990532,67.95898576225295,429.4303805307319,0.0,62.46236038208008
1840,4.0,4.2828711694879384,0.28287116948793845,52.68188410677578,67.9589904755535,430.0442655392776,0.0,62.674922943115234
1841,4.0,4.28915467415181,0.28915467415180984,52.78197275802015,67.95898524582299,430.6411984823454,0.0,62.88612365722656
1842,4.0,4.295266374677066,0.29526637467706607,52.882777535998564,67.95898051027172,431.2218100322447,0.0,63.096004486083984
1843,4.0,4.301193218148937,0.30119321814893674,52.98424132070205,67.958968876755,431.7848601620724,0.0,63.30429428815842
1844,4.0,4.306970918722967,0.3069709187229668,53.08632460068318,67.95896783366535,432.3337417166053,0.0,63.511460065841675
1845,4.0,4.31256133267012,0.31256133267012043,53.18899507631212,67.95896541486809,432.86483104158486,0.0,63.71688985824585
1846,4.0,4.317996090711252,0.3179960907112518,53.29218735781185,67.95896760330396,433.38113305549234,0.0,63.92096018791199
1847,4.0,4.3232688598595335,0.32326885985953346,53.39588798671827,67.95897818378701,433.8820461245791,0.0,64.1235499382019
1848,4.0,4.3283941025683434,0.32839410256834345,53.500036456771724,67.95898784926743,434.36894418191605,0.0,64.32478952407837
1849,4.0,4.333360901140956,0.3333609011409564,53.60459246749532,67.95898360976287,434.8407900463143,0.0,64.52445697784424
1850,4.0,4.3381960004859295,0.33819600048592946,53.70953370836523,67.95898416948484,435.3001244840867,0.0,64.72291231155396
1851,4.0,4.342878856277562,0.3428788562775624,53.81479573088256,67.95897676120342,435.74499578429186,0.0,64.91976070404053
1852,4.0,4.347421686097434,0.34742168609743374,53.92036298399995,67.9589800355896,436.1765646171796,0.0,65.11515426635742
1853,4.0,4.351828449810954,0.35182844981095407,54.02618883618816,67.95897482911121,436.59520716996406,0.0,65.30908489227295
1854,4.0,4.356101929203602,0.35610192920360184,54.13224548624412,67.95897492001568,437.0011877122656,0.0,65.50154972076416
1855,4.0,4.360242693013526,0.36024269301352607,54.23848215129915,67.95896318293178,437.3945602742084,0.0,65.69248485565186
1856,4.0,4.36425911084791,0.3642591108479101,54.344878523838695,67.95896075201233,437.77611996847486,0.0,65.8819808959961
1857,4.0,4.368145704564573,0.3681457045645731,54.45140857575188,67.95897151212165,438.1453463715579,0.0,66.06991291046143
1858,4.0,4.371921278954813,0.3719212789548134,54.55801875060903,67.95898047287787,438.5040259386307,0.0,66.25648975372314
1859,4.0,4.375581038822582,0.375581038822582,54.66469369175631,67.95898796563215,438.85170312606874,0.0,66.44161033630371
1860,4.0,4.379117711449721,0.3791177114497213,54.771404087425545,67.95898895248882,439.18768702564694,0.0,66.62511825561523
1861,4.0,4.382545854401,0.3825458544010001,54.87811991312967,67.95899177332093,439.5133606060184,0.0,66.80718803405762
1862,4.0,4.38586596116618,0.3858659611661803,54.984810014164744,67.95898652473657,439.82877074871055,0.0,66.98777961730957
1863,4.0,4.389090112650075,0.3890901126500754,55.09145740828747,67.9589863879526,440.1350651396806,0.0,67.16704750061035
1864,4.0,4.392196883498048,0.39219688349804827,55.19802108205807,67.95898057640522,440.430208370238,0.0,67.3446044921875
1865,4.0,4.3952135388942954,0.39521353889429545,55.304486938714035,67.95897458896248,440.7167906328815,0.0,67.52084159851074
1866,4.0,4.398123715238683,0.3981237152386834,55.41084150728041,67.95897723622545,440.9932573855983,0.0,67.69548225402832
1867,4.0,4.400948420574026,0.4009484205740259,55.51703834580097,67.95897533892713,441.26160439245587,0.0,67.86878395080566
1868,4.0,4.403679964982245,0.4036799649822447,55.62307504375521,67.95897760378607,441.5211011112367,0.0,68.04061698913574
1869,4.0,4.406315486151073,0.4063154861510734,55.72890911811083,67.95896913417894,441.7714756222754,0.0,68.21087646484375
1870,4.0,4.408867574830515,0.4088675748305146,55.83453635103623,67.95896942256289,442.0139240468223,0.0,68.3797435760498
1871,4.0,4.411326876494612,0.41132687649461186,55.93993229046716,67.95896954138398,442.24755770491157,0.0,68.54703521728516
1872,4.0,4.413710135392437,0.41371013539243684,56.045073370462575,67.95896671091762,442.47396730020495,0.0,68.71297454833984
1873,4.0,4.416011792951909,0.4160117929519087,56.149952148303974,67.95897601109228,442.6926247683548,0.0,68.8774585723877
1874,4.0,4.418226849218962,0.4182268492189616,56.2545297179625,67.95897911157189,446.87621018130494,0.0,69.04035377502441
1875,4.0,4.420259038276777,0.420259038276777,56.3603352273414,67.95898576101706,447.0692681417974,0.0,69.20202255249023
1876,4.0,4.421992531082508,0.4219925310825081,56.468576599172735,67.95897780861009,447.23394995834184,0.0,69.36211776733398
1877,4.0,4.423509218636396,0.42350921863639623,56.57831704675421,67.95897451960991,451.401372853007,0.0,69.520751953125
1878,4.0,4.424720595763604,0.42472059576360444,56.6904630020433,67.95897954335743,451.51645368009173,0.0,69.67762756347656
1879,4.0,4.425585955833809,0.4255859558338093,56.80580023302839,67.95898306192912,451.5986628867612,0.0,69.83304214477539
1880,4.0,4.426197016942113,0.42619701694211276,56.92308127215652,67.95898203507501,455.7055853530001,0.0,69.98688125610352
1881,4.0,4.426492027225258,0.42649202722525814,57.04300960966,67.95898167069411,455.7336113298989,0.0,70.13900756835938
1882,4.0,4.426430144542946,0.42643014454294637,57.166240247019175,67.95899135098564,455.7277324750793,0.0,70.28954696655273
1883,4.0,4.426105492595754,0.42610549259575414,57.29139550314402,67.9589773101019,459.7448927197557,0.0,70.43826675415039
1884,4.0,4.425476733439879,0.42547673343987924,57.41909339560049,67.95896655674007,459.6851605999476,0.0,70.58523941040039
1885,4.0,4.424479422231998,0.42447942223199764,57.54993264458785,67.95895857054605,459.5904160351988,0.0,70.73013687133789
1886,4.0,4.423260019027519,0.4232600190275191,57.68252552696554,67.95895326767278,463.4955429115348,0.0,70.8735580444336
1887,4.0,4.421755873287911,0.4217558732879114,57.817436250222585,67.95895305940256,463.3526490662721,0.0,71.01516342163086
1888,4.0,4.419908121658846,0.41990812165884606,57.95524137385843,67.95895900610282,463.1771126615109,0.0,71.15467834472656
1889,4.0,4.417842937562731,0.41784293756273083,58.094559929733215,67.95897150212521,466.95042807922584,0.0,71.29240036010742
1890,4.0,4.415508800617462,0.4155088006174621,58.235923057829105,67.95898037552162,466.72868506942535,0.0,71.42811965942383
1891,4.0,4.412865803577007,0.41286580357700675,58.37991269258375,67.95897338710553,466.47760035058207,0.0,71.5618667602539
1892,4.0,4.410029732629364,0.41002973262936404,58.52495867583294,67.95897521008338,470.103456070535,0.0,71.69355773925781
1893,4.0,4.407003981025184,0.4070039810251842,58.671308041387945,67.95897705113848,469.8160096681379,0.0,71.82352447509766
1894,4.0,4.4037178355893305,0.4037178355893305,58.81925328685975,67.95897998655103,469.5038258517318,0.0,71.95094299316406
1895,4.0,4.40032857497145,0.40032857497145,58.967300166289974,67.95898344315707,469.18184609303313,0.0,72.0765266418457
1896,4.0,4.39690062949933,0.3969006294993296,59.11445877515168,67.95898654940795,468.8561912731817,0.0,72.20011138916016
1897,4.0,4.393478073434842,0.3934780734348422,59.26008329509313,67.95897779937745,468.5310484470554,0.0,72.3216323852539
1898,4.0,4.390108101259649,0.39010810125964923,59.4037343255373,67.95897057052852,468.21090109041205,0.0,72.44133758544922
1899,4.0,4.3867940143876165,0.3867940143876165,59.5451350735303,67.95896805859314,467.89606283756893,0.0,72.55895614624023
1900,4.0,4.383562874453618,0.38356287445361836,59.68411960190214,67.95895807399422,467.58910454383914,0.0,72.67474746704102
1901,4.0,4.380404163132838,0.3804041631328383,59.82058945045289,67.95895184796197,467.289026968365,0.0,72.78843307495117
1902,4.0,4.377335894016936,0.37733589401693557,59.95450528581029,67.95895509237279,466.9975414023543,0.0,72.9002799987793
1903,4.0,4.374352468086486,0.37435246808648603,60.0858455708971,67.95896093422458,466.7141159389616,0.0,73.01018524169922
1904,4.0,4.3714663449837365,0.37146634498373654,60.21461424952319,67.95897320162491,466.43993424420034,0.0,73.11837768554688
1905,4.0,4.368666960559872,0.3686669605598718,60.34085237318766,67.95897953179391,466.1739927239332,0.0,73.22474670410156
1906,4.0,4.365957941461204,0.365957941461204,60.46458854263521,67.95899081610854,465.9166359095598,0.0,73.32940292358398
1907,4.0,4.363334622647018,0.36333462264701843,60.58586259569668,67.95898755993103,465.66742062221215,0.0,73.43233108520508
1908,4.0,4.360790931474458,0.3607909314744582,60.70473172769511,67.95898060646027,465.4257699608189,0.0,73.53351211547852
1909,4.0,4.358316760376498,0.35831676037649807,60.82141764366637,67.95898211464166,465.1907237065127,0.0,73.633056640625
1910,4.0,4.355896278325075,0.3558962783250754,60.9363752606309,67.95896924349645,464.9607779116276,0.0,73.73125839233398
1911,4.0,4.3534763534060446,0.35347635340604455,61.04997029393356,67.95896346435663,464.7308850443196,0.0,73.82766723632812
1912,4.0,4.351057252610195,0.35105725261019494,61.162464952421395,67.9589553689362,464.5010704687139,0.0,73.922607421875
1913,4.0,4.348620033215606,0.34862003321560575,61.274026348781874,67.95895973058064,464.26953462622794,0.0,74.01596069335938
1914,4.0,4.346152398767909,0.3461523987679094,61.38479006477598,67.95896501204243,464.0351093536968,0.0,74.10768127441406
1915,4.0,4.343652100014451,0.34365210001445057,61.49481420405037,67.95897097765432,463.7975809721182,0.0,74.19779968261719
1916,4.0,4.341132396887793,0.34113239688779284,61.60415222479376,67.95898517042977,463.5582091750857,0.0,74.28660583496094
1917,4.0,4.338573941672731,0.33857394167273114,61.71283271087503,67.95898388588662,463.31515592965485,0.0,74.3738021850586
1918,4.0,4.335977482143884,0.3359774821438837,61.82087842279139,67.95898215235798,463.0684922744143,0.0,74.45942687988281
1919,4.0,4.333355178075476,0.3333551780754762,61.92830743307611,67.9589777160841,462.8193733879156,0.0,74.54370880126953
1920,4.0,4.3306856273689585,0.33068562736895846,62.03512269742597,67.95897001234545,462.5657660707964,0.0,74.62628173828125
1921,4.0,4.3279872298403035,0.3279872298403035,62.14130989111552,67.9589687583882,462.30941830557424,0.0,74.70744323730469
1922,4.0,4.325260864928136,0.32526086492813633,62.246889689843364,67.95897434823584,462.05041363891837,0.0,74.78723220527172
1923,4.0,4.322471332068215,0.3224713320682149,62.35185209005707,67.89735339688895,461.7854080172258,0.0,74.86502587795258
1924,4.0,4.319627777609506,0.3196277776095062,62.456196727579254,67.89007225843476,461.51527034364847,0.0,74.9409784078598
1925,4.0,4.316781245555459,0.3167812455554593,62.559909067968874,67.91080660164077,461.244849798514,0.0,75.01595616340637
1926,4.0,4.313903955417425,0.313903955417425,62.66298711707836,67.93869576188875,460.9715072354008,0.0,75.08947443962097
1927,4.0,4.311034978094259,0.3110349780942592,62.76543327679031,67.96575055978371,460.6989543897,0.0,75.16221618652344
1928,4.0,4.308145316395151,0.30814531639515064,62.86723093242912,67.98594186970604,460.42443652828473,0.0,75.2336573600769
1929,4.0,4.305235796107694,0.30523579610769414,62.968387904441094,67.99597728889003,460.14803210097637,0.0,75.3038215637207
1930,4.0,4.302297032101927,0.3022970321019267,63.06890661294097,67.99571528425703,459.86884952042845,0.0,75.3725471496582
1931,4.0,4.2993442852099895,0.29934428520998946,63.1687807828183,67.9870930006714,459.5883385656944,0.0,75.44009351730347
1932,4.0,4.296355995898139,0.2963559958981392,63.26800271031667,67.97374530051377,459.30445108106863,0.0,75.50607299804688
1933,4.0,4.29332279545505,0.29332279545505013,63.36657063245642,67.95963773505983,459.01629703897515,0.0,75.57031726837158
1934,4.0,4.290264675151319,0.2902646751513194,63.4644814192976,67.9481137930611,458.72577561012076,0.0,75.6331729888916
1935,4.0,4.287180888148309,0.2871808881483089,63.56173763565612,67.94141662108913,458.43281584483475,0.0,75.69462966918945
1936,4.0,4.284073043966009,0.28407304396600885,63.65832852199122,67.93997450470417,458.1375706475162,0.0,75.7547025680542
1937,4.0,4.280968603238089,0.28096860323808936,63.754247089853486,67.94310538509279,457.84264877836387,0.0,75.81386947631836
1938,4.0,4.2778361561454945,0.2778361561454945,63.84949497282068,67.94921218513318,457.5450663045674,0.0,75.87157726287842
1939,4.0,4.27467617383994,0.27467617383994014,63.94406793017609,67.95632120952008,457.2448679855397,0.0,75.92782878875732
1940,4.0,4.271505929766548,0.27150592976654764,64.03796212037987,67.96262827773344,456.94369479856744,0.0,75.98292636871338
1941,4.0,4.268323091740978,0.268323091740978,64.13117072719822,67.96686490195974,456.6413251861383,0.0,76.03682136535645
1942,4.0,4.26511243373506,0.26511243373505966,64.22369209627517,67.96848801409635,456.33631267557604,0.0,76.08924102783203
1943,4.0,4.261888436339947,0.2618884363399472,64.31552949215067,67.96763246812935,456.0300329230404,0.0,76.14044761657715
1944,4.0,4.258650744018955,0.25865074401895516,64.40667792732692,67.96499567077635,455.7224521525461,0.0,76.1904296875
1945,4.0,4.255399837383007,0.2553998373830071,64.49713587919179,67.96151203409454,455.41361602213107,0.0,76.23919486999512
1946,4.0,4.252136814499485,0.2521368144994849,64.58689238783866,67.95812495693508,455.1036288481965,0.0,76.28675079345703
1947,4.0,4.248850949245057,0.2488509492450568,64.67595311882445,67.95560168966908,454.79147164902577,0.0,76.33291244506836
1948,4.0,4.245548867105298,0.2455488671052981,64.76431386459646,67.95434510045482,454.47777384574874,0.0,76.37779426574707
1949,4.0,4.242228157797513,0.24222815779751272,64.8519687669932,67.95438601115833,454.1623064615091,0.0,76.42134666442871
1950,4.0,4.238908177378464,0.23890817737846426,64.93891505164139,67.95544730038547,453.8469083216995,0.0,76.46391612291336
1951,4.0,4.235573107669825,0.23557310766982464,65.0251569107064,67.95708116304084,453.53007669937875,0.0,76.5052238702774
1952,4.0,4.232227507131692,0.23222750713169216,65.11067949593982,67.95881887745762,453.21224464825616,0.0,76.54533576965332
1953,4.0,4.228865456485877,0.22886545648587742,65.19549165755888,67.96025428996136,452.89284983690374,0.0,76.58415627479553
1954,4.0,4.22550476311114,0.22550476311114043,65.27958906206322,67.96110829352591,452.5735839663037,0.0,76.62200403213501
1955,4.0,4.2221179732736935,0.22211797327369354,65.36296132138979,67.96131055643848,452.2518389317463,0.0,76.65837049484253
1956,4.0,4.218729630398772,0.21872963039877202,65.44562157704405,67.96094339838963,451.92994635862874,0.0,76.69371747970581
1957,4.0,4.215341147874287,0.2153411478742866,65.52755071182169,67.9601999696073,451.6080405188026,0.0,76.7280502319336
1958,4.0,4.2119260305780895,0.21192603057808945,65.60875089820958,67.95932818089388,451.2836043756639,0.0,76.76089048385626
1959,4.0,4.208519128058503,0.20851912805850326,65.68923920652051,67.95854922722752,450.9599486363032,0.0,76.79289436340338
1960,4.0,4.205100898826313,0.20510089882631277,65.76899126734517,67.95802068175787,450.63521685924513,0.0,76.82367897033697
1961,4.0,4.2016748276123,0.20167482761230016,65.84801545967147,67.95781100936834,450.3097400939139,0.0,76.85331916809088
1962,4.0,4.1982431993207,0.19824319932070011,65.92631463487572,67.95791426489642,449.9837354062119,0.0,76.8818616867066
1963,4.0,4.194805835621259,0.19480583562125897,66.00387949095608,67.95823194180743,449.657185854765,0.0,76.90929412841803
1964,4.0,4.191364176105587,0.1913641761055871,66.08071205500387,67.95865585272252,449.33022820077616,0.0,76.93564701080328
1965,4.0,4.18792958007303,0.18792958007303007,66.15680838984439,67.95906325178957,449.00394157768324,0.0,76.9611263275147
1966,4.0,4.184481520707012,0.18448152070701163,66.23216875326014,67.95937072408522,448.67637593791153,0.0,76.98535728454596
1967,4.0,4.181027800891289,0.18102780089128867,66.30678573035772,67.95953836826207,448.3482725554178,0.0,77.00847625732428
1968,4.0,4.177582186134982,0.17758218613498222,66.38067573510806,67.95953497338814,448.0209391535687,0.0,77.03075790405279
1969,4.0,4.174137809377523,0.1741378093775232,66.45381097302175,67.95940905547933,447.6937233616101,0.0,77.05204582214361
1970,4.0,4.170681565527498,0.1706815655274978,66.5262075691139,67.9592139285458,447.3653801958577,0.0,77.07211875915533
1971,4.0,4.167227193194346,0.1672271931943463,66.59787377679204,67.95899953082963,447.0372148242083,0.0,77.09124183654791
1972,4.0,4.163780350458484,0.1637803504584836,66.66878140119432,67.95882173009537,446.7097647643013,0.0,77.10948944091803
1973,4.0,4.16031868751607,0.16031868751607004,66.73895165842463,67.95871513021152,446.38090678477204,0.0,77.12647438049322
1974,4.0,4.156863542594497,0.15686354259449686,66.8083807907239,67.95868472934295,446.0526680172226,0.0,77.14258956909185
1975,4.0,4.153409831196537,0.15340983119653728,66.87706417715592,67.95872750288405,445.72456543441643,0.0,77.15773773193365
1976,4.0,4.149970682836487,0.14997068283648662,66.94500649114192,67.9588219675485,445.39784634021163,0.0,77.17217063903814
1977,4.0,4.146530719920737,0.14653071992073663,67.01220860976021,67.95893792045463,445.07104986321536,0.0,77.18560600280767
1978,4.0,4.143082851086779,0.14308285108677943,67.07865924202832,67.95902435265964,444.74350232398945,0.0,77.19790077209478
1979,4.0,4.139641268262973,0.13964126826297285,67.14436721263435,67.95909199321672,444.4165519557278,0.0,77.20933151245123
1980,4.0,4.136207657794794,0.13620765779479438,67.20933118815024,67.95911983859583,444.09035896125084,0.0,77.21993064880377
1981,4.0,4.132774422283925,0.13277442228392466,67.27355464520863,67.95910734684608,443.7642015877182,0.0,77.22956275939947
1982,4.0,4.129354110527485,0.12935411052748513,67.33702563933973,67.95906853510442,443.4392719708565,0.0,77.23845100402838
1983,4.0,4.1259331426860015,0.12593314268600153,67.39975717498423,67.95902100618277,443.11428002591555,0.0,77.24635887146002
1984,4.0,4.1225264272593565,0.12252642725935647,67.46174831822361,67.95895940470129,442.79064206038424,0.0,77.25356674194342
1985,4.0,4.119120874600287,0.11912087460028697,67.52299112141067,67.95892464842325,442.4671145577727,0.0,77.25982284545904
1986,4.0,4.115722567574197,0.1157225675741973,67.58349223202114,67.95890860911386,442.1442753902941,0.0,77.26525115966803
1987,4.0,4.112329514648875,0.11232951464887542,67.64324551608622,67.9589113690149,441.82193536238856,0.0,77.26980972290045
1988,4.0,4.108948551197497,0.10894855119749725,67.70225658587404,67.95891736215776,441.50074383450766,0.0,77.27363586425787
1989,4.0,4.105572966438466,0.1055729664384657,67.76052680648652,67.95894048452159,441.18006328239966,0.0,77.27660751342779
1990,4.0,4.1022067997517455,0.10220679975174551,67.81805764190781,67.95896538060366,440.86027744716125,0.0,77.27880477905279
1991,4.0,4.09885196056843,0.09885196056842993,67.8748420581595,67.95899322615922,440.54156772474624,0.0,77.280258178711
1992,4.0,4.095502712541338,0.09550271254133769,67.93088906764743,67.95900119626279,440.22338916217245,0.0,77.28087234497076
1993,4.0,4.092157713019274,0.09215771301927411,67.98620215699745,67.95900436965556,439.90561420757643,0.0,77.28062820434576
1994,4.0,4.088830319225036,0.08883031922503637,68.0407821086396,67.95900027194999,439.58951179712386,0.0,77.27978134155279
1995,4.0,4.085507453095322,0.08550745309532193,68.09461919056724,67.95899464594422,439.273839514801,0.0,77.27807617187506
1996,4.0,4.082188256985057,0.08218825698505672,68.1477257270312,67.95898096382714,438.9585158843258,0.0,77.27551269531256
1997,4.0,4.078893309118161,0.07889330911816117,68.20009576734488,67.9589725937453,438.6454958369707,0.0,77.27247619628912
1998,4.0,4.075601276926055,0.07560127692605523,68.25173340225345,67.95896748128816,438.33275277872065,0.0,77.26856994628912
1999,4.0,4.072314044886805,0.07231404488680493,68.30263211543107,67.95896184979749,438.0204657349919,0.0,77.26382446289068
2000,4.0,4.069049264716921,0.06904926471692097,68.35280391549188,67.9589685630711,437.71031161885287,0.0,77.25859069824224
2001,4.0,4.065787881165332,0.06578788116533207,68.40224592392201,67.95897654032017,437.40048018145194,0.0,77.25250625610357
2002,4.0,4.062541846012409,0.06254184601240897,68.4509610828459,67.95897334696389,437.09210684192425,0.0,77.24580383300787
2003,4.0,4.059305757245694,0.05930575724569387,68.4989502927322,67.95896519640031,436.7846784090863,0.0,77.23838424682623
2004,4.0,4.056090491002248,0.056090491002247944,68.54621726288941,67.95895921228642,436.47922811595896,0.0,77.23046112060553
2005,4.0,4.052890895603857,0.0528908956038574,68.59275185909985,67.95895518091933,436.17526655311184,0.0,77.22192764282232
2006,4.0,4.049691291503958,0.04969129150395801,68.63856661773711,67.95895247478208,435.8713041636214,0.0,77.21250152587896
2007,4.0,4.046505842767919,0.04650584276791925,68.6836671619686,67.95895064119705,435.5686865336977,0.0,77.20246124267584
2008,4.0,4.043334801757156,0.04333480175715643,68.72804704047775,67.95896710232695,435.26743763767524,0.0,77.19180679321295
2009,4.0,4.040185014090252,0.04018501409025177,68.7717133219469,67.95897204768572,434.9682078093193,0.0,77.18067932128912
2010,4.0,4.037056495349537,0.037056495349537144,68.81465657739875,67.95898374700963,434.67099852895143,0.0,77.16907119750982
2011,4.0,4.033926411163569,0.03392641116356909,68.85688973649702,67.95899520055393,434.3736405312845,0.0,77.15656280517584
2012,4.0,4.0308180749681455,0.03081807496814548,68.89841131619833,67.9589975483335,434.07834859271924,0.0,77.14360046386724
2013,4.0,4.027726860046361,0.027726860046360713,68.93922317703615,67.95898981063395,433.78468317514967,0.0,77.1301002502442
2014,4.0,4.02464865773462,0.02464865773461966,68.97932875027048,67.9589789411479,433.49225395553424,0.0,77.11598968505865
2015,4.0,4.0215769069270335,0.021576906927033512,69.01872252371399,67.9589670834203,433.2004376288136,0.0,77.10113906860357
2016,4.0,4.01852978189192,0.018529781891920116,69.0574218426716,67.95897159161433,432.9109607504778,0.0,77.08591842651373
2017,4.0,4.015503217452716,0.0155032174527161,69.09541228503926,67.95896494733904,432.62343712875344,0.0,77.07023620605474
2018,4.0,4.012488141589342,0.012488141589342305,69.13271106633951,67.95895988366068,432.3370049217329,0.0,77.053939819336
2019,4.0,4.009490567734038,0.009490567734038002,69.16931874361205,67.95896874646053,432.052235405479,0.0,77.03714752197271
2020,4.0,4.006510484757896,0.006510484757895618,69.20522662283965,67.95897558864027,431.76912752274546,0.0,77.01985168457037
2021,4.0,4.003541559385971,0.0035415593859706718,69.24045301843098,67.95897981273522,431.48707961241263,0.0,77.00195312500006
2022,4.0,4.000604459512057,0.0006044595120568985,69.2749815013105,67.95898027539862,431.2080551243908,0.0,76.98383331298834
2023,4.0,3.9976715100846416,-0.0023284899153583893,69.30882919865005,67.95897610741594,430.78692810651023,0.0,76.96498107910162
2024,4.0,3.994770696211286,-0.0052293037887141125,69.34193501208962,67.95897328862728,430.5113507885414,0.0,76.94586944580084
2025,4.0,3.991890422260413,-0.008109577739586982,69.37425034847621,67.95897143026639,430.23772476320846,0.0,76.92622375488287
2026,4.0,3.9890239728910935,-0.01097602710890655,69.40582786967065,67.95897022971049,429.9654120731231,0.0,76.90597534179693
2027,4.0,3.986189333703821,-0.013810666296178997,69.43668309045141,67.95896300391003,429.69612135033225,0.0,76.88549041748053
2028,4.0,3.9833742874229663,-0.016625712577033713,69.46683372578849,67.95897246420034,429.428691953651,0.0,76.86455535888678
2029,4.0,3.9805882665966528,-0.01941173340334723,69.4962994530768,67.95897703669742,429.1640199751513,0.0,76.84337615966803
2030,4.0,3.9778052578143814,-0.022194742185618566,69.52509095199464,67.95897884939384,428.8996341408355,0.0,76.82146453857428
2031,4.0,3.975058714693718,-0.024941285306281813,69.55320698300362,67.95898216491615,428.6387125443725,0.0,76.79946709796792
2032,4.0,3.9723112291556797,-0.02768877084432031,69.58067506605565,67.95897792023335,428.3777014182588,0.0,76.77669358253485
2033,4.0,3.9696117395635313,-0.030388260436468695,69.60747231985168,67.95898167821481,428.1212499070047,0.0,76.75406646728521
2034,4.0,3.9669051296870985,-0.03309487031290148,69.63363501916858,67.95897181088156,427.86412196874363,0.0,76.73056221008306
2035,4.0,3.9642394323459955,-0.03576056765400448,69.65913704432008,67.95897949037551,427.61088072133884,0.0,76.70708274841314
2036,4.0,3.9615739000380015,-0.03842609996199853,69.6840066462808,67.95897400111451,427.3576551520794,0.0,76.68287277221685
2037,4.0,3.958945496262159,-0.04105450373784114,69.70823343294731,67.95896948751403,427.10795679337434,0.0,76.65863800048834
2038,4.0,3.9563368600078492,-0.04366313999215077,69.73182725773665,67.95896760039541,426.86013634921494,0.0,76.63405513763433
2039,4.0,3.953739546811002,-0.046260453188998074,69.75479960067052,67.95896401798304,426.61339159551443,0.0,76.60897493362427
2040,4.0,3.9511802623044225,-0.04881973769557746,69.77713142832994,67.95896726662478,426.3702595673894,0.0,76.58389568328857
2041,4.0,3.9486202101033285,-0.05137978989667147,69.7988549728375,67.95897937167187,426.12705460828545,0.0,76.55810260772705
2042,4.0,3.946097189761206,-0.053902810238794174,69.81994451754701,67.9589873811728,425.8873676757838,0.0,76.532301902771
2043,4.0,3.94359055894897,-0.05640944105102985,69.84042864914336,67.95899273924734,425.64923774862143,0.0,76.5061264038086
2044,4.0,3.941101491441472,-0.05889850855852785,69.86030867108305,67.95899629184586,425.4127763354091,0.0,76.47960186004639
2045,4.0,3.938641505629326,-0.06135849437067398,69.87956622299588,67.9589986108394,425.17907768325523,0.0,76.4529333114624
2046,4.0,3.936204654529482,-0.0637953454705178,69.89822856095088,67.95897956751153,424.9475768287701,0.0,76.4260368347168
2047,4.0,3.9337773905984927,-0.06622260940150726,69.91629589927669,67.95896674127884,424.71698675532605,0.0,76.39865112304688
2048,4.0,3.931385044548029,-0.06861495545197105,69.93375741620973,67.95896737358865,424.489713880532,0.0,76.37125778198242
2049,4.0,3.9290213313201963,-0.07097866867980374,69.9506430453006,67.9589678244667,424.2651611238879,0.0,76.34376907348633
2050,4.0,3.926652613274129,-0.07334738672587093,69.96693871089676,67.95896809529351,424.0401329095115,0.0,76.31551742553711
2051,4.0,3.924324764554254,-0.07567523544574595,69.98264944792902,67.95897196376663,423.8189872811234,0.0,76.28740119934082
2052,4.0,3.9220246458788286,-0.0779753541211714,69.99778763164171,67.95897379558905,423.600476006958,0.0,76.25918006896973
2053,4.0,3.9197370551107493,-0.08026294488925068,70.01235019045933,67.95897066023481,423.3831548839904,0.0,76.23055648803711
2054,4.0,3.917464544026182,-0.08253545597381784,70.02635170950228,67.95897196659521,423.1672663309566,0.0,76.20159721374512
2055,4.0,3.915230150639295,-0.08476984936070497,70.03977527604835,67.95896877383763,422.95499895920227,0.0,76.17273330688477
2056,4.0,3.9130176223545012,-0.08698237764549877,70.05263549079913,67.95896970585407,422.7448087721469,0.0,76.14366587996483
2057,4.0,3.9108228638313194,-0.08917713616868062,70.06495141351185,67.95897500284381,422.53630671244457,0.0,76.11433720588684
2058,4.0,3.908640271949113,-0.09135972805088688,70.07671220799955,67.95898387468101,422.328960483635,0.0,76.08462762832642
2059,4.0,3.906489625854067,-0.0935103741459331,70.08793012494813,67.9589753930808,422.1246491046056,0.0,76.05493664741516
2060,4.0,3.9043695788503117,-0.09563042114968834,70.09859343680647,67.95896964672212,421.9232446392489,0.0,76.02522659301758
2061,4.0,3.902281800822414,-0.09771819917758595,70.10872179597926,67.9589657951355,421.7249057265986,0.0,75.99555253982544
2062,4.0,3.9002164620037254,-0.0997835379962746,70.11831189805919,67.9589632379599,421.52869853882316,0.0,75.96572065353394
2063,4.0,3.898146513289165,-0.10185348671083494,70.12738342533112,67.958961553152,421.3320534109399,0.0,75.93522644042969
2064,4.0,3.8960996898399487,-0.1039003101600513,70.13593991035934,67.95896047025771,421.1376051832644,0.0,75.90461492538452
2065,4.0,3.8940890246556092,-0.10591097534439076,70.14397926346565,67.95895974873332,420.94659199075215,0.0,75.87413883209229
2066,4.0,3.8921014592126832,-0.10789854078731675,70.15148222274367,67.95896985124362,420.75777327367416,0.0,75.84352397918701
2067,4.0,3.890143088539742,-0.10985691146025811,70.15848308767146,67.95898194060499,420.5717280597447,0.0,75.81292724609375
2068,4.0,3.888218394195327,-0.11178160580467278,70.16497777219334,67.95898705909865,420.3888820970253,0.0,75.78243255615234
2069,4.0,3.8863158806015234,-0.11368411939847656,70.17097415027938,67.95898910981184,420.208143305614,0.0,75.7518253326416
2070,4.0,3.884447360781884,-0.11555263921811587,70.17648511952783,67.95899577432436,420.0306339227482,0.0,75.72135066986084
2071,4.0,3.8825641948626677,-0.11743580513733232,70.18150478416375,67.9589905871775,419.85173316042267,0.0,75.69005489349365
2072,4.0,3.880706565950354,-0.11929343404964587,70.18604180173438,67.95898901268477,419.6752584137529,0.0,75.65873146057129
2073,4.0,3.8788726331681507,-0.12112736683184933,70.19010037725405,67.95897906548267,419.5010347994436,0.0,75.62734985351562
2074,4.0,3.877067676018399,-0.12293232398160114,70.19368777887347,67.95897222502077,419.32956387021716,0.0,75.59602165222168
2075,4.0,3.8752893894018206,-0.12471061059817945,70.19679718210288,67.95896135595943,419.1606266416422,0.0,75.56469535827637
2076,4.0,3.873532539196998,-0.12646746080300186,70.1994411792094,67.9589584724915,418.9937258721841,0.0,75.53328323364258
2077,4.0,3.8718055273345433,-0.1281944726654567,70.20160862921199,67.95896110055773,418.82965974525086,0.0,75.50193786621094
2078,4.0,3.8701040713072143,-0.12989592869278566,70.20331975289747,67.95896493666399,418.6680214226546,0.0,75.4705982208252
2079,4.0,3.8684241706754405,-0.13157582932455947,70.2045826146168,67.95897003274584,418.5084308626361,0.0,75.43919563293457
2080,4.0,3.866770512071564,-0.13322948792843592,70.20539853036287,67.95898181665157,418.35133329526786,0.0,75.40782356262207
2081,4.0,3.8651397438039905,-0.1348602561960095,70.20577449416648,67.95898948776203,418.1964103098484,0.0,75.37642478942871
2082,4.0,3.8635364951958775,-0.1364635048041225,70.20571290620701,67.95900018508934,418.0441016920776,0.0,75.3450927734375
2083,4.0,3.861953859057238,-0.13804614094276202,70.20522677405869,67.95899018366383,417.89375125890683,0.0,75.31370735168457
2084,4.0,3.8603952542095996,-0.1396047457904004,70.2043174423299,67.95897853572042,417.7456837983812,0.0,75.2823371887207
2085,4.0,3.8588624998025725,-0.14113750019742755,70.20298156981794,67.95896538583841,417.6000721297136,0.0,75.25101470947266
2086,4.0,3.857349307920445,-0.14265069207955516,70.20123520551567,67.95895257642476,417.4563189009115,0.0,75.21963500976562
2087,4.0,3.8558585052781793,-0.1441414947218207,70.19908341517142,67.95895584375815,417.3146926498963,0.0,75.18825912475586
2088,4.0,3.854392834995532,-0.1456071650044679,70.1965452849483,67.9589631023876,417.1754539730448,0.0,75.15696144104004
2089,4.0,3.8529494076551707,-0.1470505923448293,70.19360712467271,67.95896359858735,417.0383283757105,0.0,75.12567138671875
2090,4.0,3.851525669173463,-0.14847433082653705,70.19027764260218,67.95897037202464,416.9030732199482,0.0,75.0943489074707
2091,4.0,3.8501226936579127,-0.1498773063420873,70.18656362661396,67.9589723684185,416.769790545971,0.0,75.06302261352539
2092,4.0,3.848743526479394,-0.1512564735206059,70.18245556946604,67.95898814497224,416.6387696640117,0.0,75.03174209594727
2093,4.0,3.847395924537669,-0.1526040754623308,70.1779686886639,67.95610929101802,416.51074747954783,0.0,75.00067520141602
2094,4.0,3.846092095535882,-0.15390790446411806,70.17310848257247,67.95337129380914,416.38688372437804,0.0,74.97006607055664
2095,4.0,3.844828797879475,-0.15517120212052493,70.16788389126181,67.9517935863906,416.26687044701936,0.0,74.93986129760742
2096,4.0,3.843574028722018,-0.15642597127798208,70.16230009636811,67.9499088010302,416.14766737706094,0.0,74.90944290161133
2097,4.0,3.842354220429876,-0.15764577957012404,70.15636381275097,67.94499888993256,416.03178558930745,0.0,74.87933349609375
2098,4.0,3.841154070172553,-0.15884592982744694,70.15007904788632,67.94150030551785,415.9177713148618,0.0,74.84923934936523
2099,4.0,3.8399868661626817,-0.1600131338373183,70.1434531816528,67.94051423550374,415.80688693392403,0.0,74.81942749023438
2100,4.0,3.838809352915495,-0.16119064708450503,70.13651796119764,67.93939260703532,415.6950231754413,0.0,74.78908920288086
2101,4.0,3.8376616822443177,-0.1623383177556823,70.12924784790188,67.93642583927172,415.58599446167943,0.0,74.75897979736328
2102,4.0,3.83653928490989,-0.16346071509010995,70.12165463421533,67.93488603656404,415.4793667149088,0.0,74.72902297973633
2103,4.0,3.8354603877615885,-0.16453961223841151,70.11373798011975,67.93523622392765,415.3768714858202,0.0,74.6995735168457
2104,4.0,3.834396692912992,-0.1656033070870082,70.10551026913708,67.93469101302503,415.2758204752035,0.0,74.67009353637695
2105,4.0,3.833361118546517,-0.16663888145348293,70.09697514354022,67.93142466406276,415.1774409103884,0.0,74.64083862304688
2106,4.0,3.8323437783944194,-0.16765622160558058,70.08813417665364,67.9290265879863,415.0807935959391,0.0,74.61161804199219
2107,4.0,3.831336991809357,-0.16866300819064284,70.07900945375555,67.9282654485216,414.98514887035816,0.0,74.58230590820312
2108,4.0,3.830329214266211,-0.16967078573378913,70.06960048152519,67.92672308336952,414.8894100037593,0.0,74.55267715454102
2109,4.0,3.829338946298354,-0.1706610537016462,70.05990565669637,67.92264191994592,414.79533454681285,0.0,74.52309036254883
2110,4.0,3.828376249272962,-0.17162375072703817,70.04991297462784,67.91986779016236,414.7038783294006,0.0,74.49372863769531
2111,4.0,3.827426975752012,-0.17257302424798793,70.03965527047559,67.91914335493429,414.6136973449104,0.0,74.46435165405273
2112,4.0,3.8264905165115324,-0.17350948348846762,70.02911130430262,67.91800021141805,414.5247337170648,0.0,74.4349250793457
2113,4.0,3.8255713180335267,-0.17442868196647332,70.0183252310695,67.91438364832503,414.43740986165426,0.0,74.40558242797852
2114,4.0,3.824680512096477,-0.17531948790352292,70.00725484231693,67.91214808089232,414.3527832976346,0.0,74.37649536132812
2115,4.0,3.8238398177762773,-0.17616018222372265,69.99591921689071,67.9118605922778,414.2729173372156,0.0,74.34810638427734
2116,4.0,3.822994505528918,-0.17700549447108216,69.98433266156769,67.91104375339246,414.19261267371644,0.0,74.31936645507812
2117,4.0,3.8221765780468293,-0.1778234219531707,69.9724803752559,67.90744268399901,414.11490956291806,0.0,74.2908821105957
2118,4.0,3.8213720426269986,-0.1786279573730014,69.96041018042654,67.9050701310585,414.0384786980341,0.0,74.26243209838867
2119,4.0,3.820587635277421,-0.17941236472257893,69.94809579223654,67.90455438415668,413.9639599998243,0.0,74.2341194152832
2120,4.0,3.8198425844047197,-0.1801574155952803,69.93554113181924,67.90351592216987,413.8931801669176,0.0,74.2063217163086
2121,4.0,3.8191084574086505,-0.18089154259134954,69.92274201649275,67.89963177047471,413.82343810229105,0.0,74.17848205566406
2122,4.0,3.81838779443337,-0.18161220556662983,69.90972743531536,67.89709656879313,413.7549751196394,0.0,74.15068054199219
2123,4.0,3.817684738867534,-0.18231526113246588,69.89649708512164,67.89651741561936,413.688184840885,0.0,74.12299728393555
2124,4.0,3.8170061060864096,-0.18299389391359044,69.88305217534169,67.89566525024465,413.62371472667814,0.0,74.09556579589844
2125,4.0,3.8163139605469256,-0.18368603945307438,69.86938972238049,67.89499312138076,413.5579609004272,0.0,74.06764650344849
2126,4.0,3.8156372621045027,-0.1843627378954973,69.85552206585024,67.89522500647855,413.493674548397,0.0,74.03981471061707
2127,4.0,3.8149572345075273,-0.18504276549247267,69.84145148017602,67.89589109234765,413.42907192668434,0.0,74.0117084980011
2128,4.0,3.81433671269668,-0.18566328730332016,69.82718661631317,67.89672528323983,413.37012235465386,0.0,73.98455595970154
2129,4.0,3.813714977237964,-0.18628502276203607,69.8127162947425,67.89812523876206,413.3110574860758,0.0,73.95716714859009
2130,4.0,3.8130921866932797,-0.18690781330672035,69.79804470172624,67.89920625437155,413.2518923843308,0.0,73.92954969406128
2131,4.0,3.812488912293973,-0.1875110877060271,69.78320380555009,67.89970937063742,413.1945813163967,0.0,73.90213632583618
2132,4.0,3.81193558397719,-0.1880644160228102,69.76815963642241,67.89961891122053,413.1420151263023,0.0,73.87548065185547
2133,4.0,3.8113986894857574,-0.18860131051424256,69.75292518997279,67.89905676077387,413.0910101496162,0.0,73.8489465713501
2134,4.0,3.8108764920206495,-0.1891235079793505,69.73752738247293,67.8982716120879,413.04140139043096,0.0,73.822528809309
2135,4.0,3.810370183222331,-0.1896298167776691,69.72196183687078,67.89746445474402,412.9933020545907,0.0,73.79624569416046
2136,4.0,3.809891735256015,-0.1901082647439849,69.70621106876507,67.89683141988698,412.9478494977907,0.0,73.7703104019165
2137,4.0,3.8094269751855334,-0.19057302481446659,69.69030540987885,67.89649347904214,412.90369729109494,0.0,73.74448037147522
2138,4.0,3.8089613630059667,-0.19103863699403334,69.67424831111941,67.89646893818202,412.8594641340361,0.0,73.71847772598267
2139,4.0,3.808549771833636,-0.19145022816636414,69.65803466595075,67.89669476006783,412.82036297266467,0.0,73.69335889816284
2140,4.0,3.8081461229338895,-0.19185387706611046,69.64167497559062,67.89707572005943,412.7820163271888,0.0,73.66824293136597
2141,4.0,3.807749033663595,-0.19225096633640515,69.62517564327884,67.89749770140682,412.74429284651075,0.0,73.6431097984314
2142,4.0,3.8073785818594876,-0.19262141814051237,69.60854430564642,67.89786020938469,412.7090999251206,0.0,73.6183557510376
2143,4.0,3.807034569333208,-0.19296543066679206,69.59177497617647,67.89810159836253,412.676418735124,0.0,73.59397029876709
2144,4.0,3.8067131559308787,-0.19328684406912133,69.57486735474924,67.8981695621235,412.6458844619027,0.0,73.56987857818604
2145,4.0,3.806384609200853,-0.19361539079914714,69.55785723133806,67.89810567741856,412.6146725225503,0.0,73.5455436706543
2146,4.0,3.8061035606670877,-0.19389643933291234,69.54072231813531,67.83370689350869,412.5879729118426,0.0,73.52199745178223
2147,4.0,3.8057866475697333,-0.19421335243026672,69.52345701405338,67.82599528921241,412.55786616759394,0.0,73.49762344360352
2148,4.0,3.8054910012256777,-0.19450899877432226,69.50609090432873,67.84770575072491,412.52977976490865,0.0,73.47355651855469
2149,4.0,3.805259004497861,-0.19474099550213886,69.48863343200617,67.87684909599867,412.50774007576604,0.0,73.45062446594238
2150,4.0,3.8050506498557835,-0.19494935014421655,69.471053469816,67.90512458353143,412.4879463847687,0.0,73.42802143096924
2151,4.0,3.8048672658690665,-0.19513273413093346,69.45337489711008,67.92622396211158,412.47052490603056,0.0,73.40579795837402
2152,4.0,3.804748117109754,-0.1952518828902461,69.43562772644859,67.93679699161798,412.45920577389586,0.0,73.3847427368164
2153,4.0,3.8046418707221314,-0.19535812927786855,69.41778660884948,67.93633131623325,412.44911236707173,0.0,73.36383819580078
2154,4.0,3.804523108805579,-0.19547689119442113,69.39986236799224,67.92709564723522,412.43782998499927,0.0,73.34260559082031
2155,4.0,3.8044185489668085,-0.19558145103319147,69.38189278066224,67.91293293760943,412.42789680031603,0.0,73.32159996032715
2156,4.0,3.804354134867669,-0.19564586513233095,69.36384180408707,67.8980031964225,412.42177746089783,0.0,73.30128288269043
2157,4.0,3.804248437561534,-0.19575156243846603,69.34573774270267,67.88584663343276,412.411736216815,0.0,73.28011512756348
2158,4.0,3.8041524185045583,-0.19584758149544168,69.32758986616068,67.87884529840557,412.4026144064023,0.0,73.25908851623535
2159,4.0,3.8041025890900015,-0.19589741090999846,69.30938288976097,67.87740354377532,412.3978806120194,0.0,73.23888969421387
2160,4.0,3.804059538711143,-0.19594046128885712,69.29111874206806,67.88079815729407,412.39379082602784,0.0,73.2187614440918
2161,4.0,3.8040266600394723,-0.19597333996052768,69.27281876918501,67.88733820075778,412.3906673522191,0.0,73.19879150390625
2162,4.0,3.8040299113651126,-0.1959700886348874,69.25447984423081,67.8949222583446,412.39097622815495,0.0,73.17947578430176
2163,4.0,3.8040310801889388,-0.19596891981106124,69.23610123665458,67.90167920425105,412.3910872664184,0.0,73.16007804870605
2164,4.0,3.8040413255552177,-0.19595867444478232,69.21768744810679,67.90619638103753,412.39206057621493,0.0,73.14081764221191
2165,4.0,3.8040974637867806,-0.1959025362132194,69.19924397139565,67.90789232446019,412.39739370821343,0.0,73.12240791320801
2166,4.0,3.804155001781064,-0.19584499821893608,69.18077738850664,67.90693542319242,412.40285981767033,0.0,73.10400009155273
2167,4.0,3.8042077855868066,-0.1957922144131934,69.16228047503085,67.90405632095255,412.4078742792159,0.0,73.08546829223633
2168,4.0,3.8042992182791497,-0.19570078172085026,69.14377832381912,67.90026625930759,412.4165603849885,0.0,73.06767272949219
2169,4.0,3.8043953751457176,-0.19560462485428243,69.1252525901551,67.89661780818317,412.4256952873124,0.0,73.04994201660156
2170,4.0,3.8045722873803367,-0.1954277126196633,69.10547751715919,67.89390242557171,412.44250194960125,0.0,73.03244018554688
2171,4.0,3.804839297618066,-0.19516070238193395,69.08442566781517,67.89255071406545,412.4678679221855,0.0,73.01531600952148
2172,4.0,3.805106231759602,-0.19489376824039795,69.0631255189297,67.89260334992044,412.4932266656314,0.0,72.9979248046875
2173,4.0,3.805424866789042,-0.1945751332109582,69.04121152972992,67.89376644661357,412.52349699342824,0.0,72.98087310791016
2174,4.0,3.8059278950342277,-0.19407210496577232,69.01641915899089,67.89555561866383,412.5712846767209,0.0,72.96430969238281
2175,4.0,3.806541764680987,-0.19345823531901285,68.98971819749687,67.89746787619096,412.62960229316303,0.0,72.94784545898438
2176,4.0,3.8071606624064045,-0.1928393375935955,68.96302855310039,67.8990299937209,412.6883975770777,0.0,72.93148040771484
2177,4.0,3.8078830749961496,-0.19211692500385036,68.93479817401762,67.89996092750063,412.75702677310346,0.0,72.91545867919922
2178,4.0,3.808769883520872,-0.19123011647912813,68.90417401107543,67.90017178637258,412.84127358295206,0.0,72.90003967285156
2179,4.0,3.8097439121615255,-0.19025608783847447,68.87228290081515,67.89977103288197,412.93380630381415,0.0,72.88493347167969
2180,4.0,3.810724470840054,-0.18927552915994594,68.840765824284,67.89895212952636,413.0269593782744,0.0,72.87033081054688
2181,4.0,3.8118041686082274,-0.18819583139177265,68.80792568297787,67.89799119776916,413.12953066625084,0.0,72.85620498657227
2182,4.0,3.8130825084753006,-0.1869174915246994,68.77188866470239,67.89713097545588,413.2509729536228,0.0,72.84246826171875
2183,4.0,3.814422381442978,-0.18557761855702193,68.73536461806759,67.89655270085788,413.37826088555215,0.0,72.82936477661133
2184,4.0,3.8157692304193596,-0.18423076958064044,68.6991077228851,67.8963229272427,413.50621153830843,0.0,72.816650390625
2185,4.0,3.8172560074641355,-0.18274399253586449,68.66093147457744,67.89641822180891,413.64745535756214,0.0,72.8045425415039
2186,4.0,3.818928594824336,-0.1810714051756639,68.62013653946892,67.89676248810805,413.8063511567812,0.0,72.79316711425781
2187,4.0,3.820658092753658,-0.17934190724634202,68.57881588061694,67.89722423817908,413.9706534600668,0.0,72.78227996826172
2188,4.0,3.8223907786952505,-0.17760922130474954,68.53780239193784,67.89769153861161,414.13525862451803,0.0,72.7717399597168
2189,4.0,3.824269489186015,-0.17573051081398505,68.49502576518951,67.8980500475068,414.31373612114066,0.0,72.76206588745117
2190,4.0,3.8263720046886465,-0.17362799531135353,68.44886160555232,67.89823326025454,414.5134750938907,0.0,72.75300216674805
2191,4.0,3.828488812788556,-0.17151118721144387,68.40305236493569,67.89825017795647,414.7145718633821,0.0,72.74453353881836
2192,4.0,3.830617181291584,-0.16938281870841587,68.35767181915709,67.89810361317015,414.9167668711697,0.0,72.73668670654297
2193,4.0,3.832877183692748,-0.167122816307252,68.31069068580993,67.8978797623373,415.1314670992803,0.0,72.72957992553711
2194,4.0,3.8353598960824278,-0.16464010391757222,68.2603631681663,67.89763114983295,415.3673247762999,0.0,72.72307205200195
2195,4.0,3.837864902026716,-0.16213509797328385,68.2105096531726,67.89742750263514,415.6053003410073,0.0,72.71742248535156
2196,4.0,3.840363882281334,-0.15963611771866582,68.161178564418,67.89730774828907,415.842703465196,0.0,72.7121467590332
2197,4.0,3.8430407059548406,-0.1569592940451594,68.10981023119956,67.89727353997968,416.0970017141791,0.0,72.70799255371094
2198,4.0,3.8459056500470314,-0.15409434995296856,68.05574854671829,67.89733069291995,416.36917140293724,0.0,72.70444107055664
2199,4.0,3.848779688011993,-0.1512203119880069,68.00226677516486,67.897426278832,416.6422050096086,0.0,72.70159530639648
2200,4.0,3.8516700754563353,-0.14832992454366467,67.94939644210804,67.89754519652863,416.9167918168211,0.0,72.69962692260742
2201,4.0,3.8547196286849803,-0.1452803713150197,67.89462483715708,67.89765956113085,417.2064993735424,0.0,72.69853973388672
2202,4.0,3.8578319366013134,-0.1421680633986866,67.83955877494316,67.89774193921069,417.50216862559404,0.0,72.69822677969933
2203,4.0,3.860939395495589,-0.13906060450441116,67.78548276005766,67.89777300929264,417.7973772205502,0.0,72.69878911972046
2204,4.0,3.864049858322648,-0.13595014167735187,67.732212149494,67.89775808302832,418.09287118912084,0.0,72.70017910003662
2205,4.0,3.867239330062585,-0.1327606699374151,67.67838826034209,67.89771288962831,418.3958710044148,0.0,72.70236802101135
2206,4.0,3.8704060283466757,-0.1295939716533243,67.62584355826965,67.89764333857005,418.69670734140345,0.0,72.7054090499878
2207,4.0,3.873569976372666,-0.1264300236273339,67.5742399628383,67.89758164152114,418.99728240387253,0.0,72.7093186378479
2208,4.0,3.8767340949088345,-0.12326590509116553,67.52337607085222,67.89754172313802,419.29787366480855,0.0,72.71393728256226
2209,4.0,3.8799120129392555,-0.12008798706074453,67.47315154826414,67.8975252747871,419.5997758776985,0.0,72.71941423416138
2210,4.0,3.883100047583572,-0.11689995241642803,67.42351702129065,67.89752783836624,419.9026391689086,0.0,72.72562837600708
2211,4.0,3.88627381733352,-0.11372618266647994,67.37446609721074,67.89754624657729,420.20414729515363,0.0,72.73211765289307
2212,4.0,3.8894700434678877,-0.11052995653211228,67.32603025432871,67.89757483136952,420.50778877791856,0.0,72.73960494995117
2213,4.0,3.8926599022050654,-0.10734009779493459,67.2782338079228,67.89760812910978,420.8108253579505,0.0,72.74757862091064
2214,4.0,3.895853298536449,-0.10414670146355087,67.23112345345004,67.89763159374601,421.1141980094319,0.0,72.75627613067627
2215,4.0,3.899048799297731,-0.10095120070226882,67.18472673094331,67.89764694213264,421.4177705817537,0.0,72.76570224761963
2216,4.0,3.9022383536000156,-0.09776164639998441,67.13906962394928,67.8976459777241,421.72077824047074,0.0,72.77573680877686
2217,4.0,3.905414364018682,-0.0945856359813182,67.09417777981449,67.89763191282164,422.022499230244,0.0,72.78626823425293
2218,4.0,3.9085763136174565,-0.0914236863825435,67.05005685581564,67.89761574946328,422.32288444212764,0.0,72.79729557037354
2219,4.0,3.9117356891569313,-0.08826431084306874,67.00670083060982,67.89760469022384,422.6230251183777,0.0,72.80902862548828
2220,4.0,3.914894600511754,-0.08510539948824603,66.96411991060891,67.89758936575441,422.9231216970859,0.0,72.82151985168457
2221,4.0,3.918037023538746,-0.08196297646125394,66.92232215252379,67.89758955630998,423.2216518846501,0.0,72.83448219299316
2222,4.0,3.9211648232481644,-0.0788351767518356,66.88128384243223,67.89758769139407,423.51879285704484,0.0,72.84792709350586
2223,4.0,3.924285465230646,-0.07571453476935419,66.84101202604053,67.89759779354551,423.8152538453806,0.0,72.86200332641602
2224,4.0,3.9273967691033036,-0.0726032308966964,66.80149978205128,67.8976086260945,424.1108277132831,0.0,72.87666511535645
2225,4.0,3.9305012263741332,-0.06949877362586676,66.7627236683784,67.89761060324379,424.4057511540119,0.0,72.89193534851074
2226,4.0,3.9335851620583715,-0.0664148379416285,66.72468503267504,67.89762610249164,424.69872504401457,0.0,72.90756416320801
2227,4.0,3.9366623304803383,-0.06333766951966169,66.6873962285209,67.89761766134079,424.9910560441014,0.0,72.9238224029541
2228,4.0,3.939720120717457,-0.06027987928254319,66.65083685121064,67.89761258594632,425.2815461166276,0.0,72.94045639038086
2229,4.0,3.9427714067437796,-0.05722859325622043,66.61502051767476,67.89760952888282,425.5714182891283,0.0,72.95772171020508
2230,4.0,3.9458233227779576,-0.054176677222042446,66.57993805950748,67.8976096208763,425.86135031237524,0.0,72.97574234008789
2231,4.0,3.9488401013191106,-0.05115989868088944,66.54557325042657,67.89761423474235,426.14794427378473,0.0,72.99384117126465
2232,4.0,3.951842820874362,-0.048157179125638105,66.5119460278409,67.89761153509572,426.4332026315336,0.0,73.01243233680725
2233,4.0,3.9548346070215725,-0.04516539297842748,66.47903176323462,67.89762138926329,426.71742231551866,0.0,73.03154873847961
2234,4.0,3.957811263265164,-0.04218873673483614,66.4468461062427,67.89761647745229,427.0002046586598,0.0,73.05113220214844
2235,4.0,3.9607823332761263,-0.03921766672387372,66.41537458826544,67.89760687194175,427.2824563097013,0.0,73.07134509086609
2236,4.0,3.963719249733885,-0.0362807502661151,66.38461752789296,67.89759169900408,427.5614633731883,0.0,73.09166288375854
2237,4.0,3.9666493153141884,-0.033350684685811594,66.35457130298838,67.897585190797,427.83981960331715,0.0,73.11258745193481
2238,4.0,3.969553620098365,-0.030446379901635012,66.32523813094704,67.89759050737823,428.11572855781395,0.0,73.13377475738525
2239,4.0,3.9724542191757086,-0.027545780824291377,66.29660646522741,67.89759908096799,428.39128547016156,0.0,73.15562057495117
2240,4.0,3.9753176152346286,-0.024682384765371435,66.26866956897467,67.89759279401625,428.66330809575896,0.0,73.17750263214111
2241,4.0,3.9781810092708128,-0.02181899072918725,66.24143744406926,67.897595795992,428.93533052919645,0.0,73.20011901855469
2242,4.0,3.981005982295847,-0.018994017704152988,66.21489215601275,67.89760445938373,429.2037029665747,0.0,73.22274494171143
2243,4.0,3.983832911520726,-0.01616708847927395,66.18903369013371,67.89761216558578,429.4722612429382,0.0,73.24612522125244
2244,4.0,3.9866279627405796,-0.013372037259420377,66.1638632414146,67.89761911513828,429.7377911088243,0.0,73.26964092254639
2245,4.0,3.9894110648743983,-0.010588935125601662,66.13936678060334,67.89762025357366,430.0021858115371,0.0,73.29364490509033
2246,4.0,3.9921770451693144,-0.007822954830685624,66.1155492265638,67.89761563241095,430.2649539395541,0.0,73.31804943084717
2247,4.0,3.9949033830070975,-0.005096616992902536,66.0924033112604,67.89761653332808,430.5239560341435,0.0,73.34243488311768
2248,4.0,3.99762906495434,-0.0023709350456599942,66.0699121421986,67.89761447122486,430.78289581913157,0.0,73.36750030517578
2249,4.0,4.000310276192401,0.0003102761924012043,66.04809402789124,67.89761411502478,430.9357066516365,0.0,73.39246368408203
2250,4.0,4.002997759593211,0.0029977595932111356,66.02688781810562,67.89760247982036,431.19101757471344,0.0,73.4181900024414
2251,4.0,4.00565895448048,0.0056589544804799274,66.00626495609508,67.89760427464624,431.443831089004,0.0,73.44405174255371
2252,4.0,4.008285596533369,0.008285596533369244,65.98624343677328,67.89759885614475,431.6933620840285,0.0,73.46991920471191
2253,4.0,4.0109166090260455,0.01091660902604552,65.96681310366863,67.89760180099259,431.94330827083274,0.0,73.49649620056152
2254,4.0,4.013518643486468,0.01351864348646803,65.94800757220852,67.89759933321842,432.19050154457284,0.0,73.5232105255127
2255,4.0,4.016083963025644,0.016083963025644188,65.92982229295062,67.89759892388028,432.4342069007946,0.0,73.54991722106934
2256,4.0,4.0186529883204845,0.018652988320484454,65.9122521540219,67.89760715377851,432.67826430380444,0.0,73.57735252380371
2257,4.0,4.0211870973188155,0.021187097318815518,65.89528858714385,67.89761177871677,432.91900465864586,0.0,73.60480117797852
2258,4.0,4.023674769902298,0.02367476990229811,65.87895138323427,67.89761203836626,433.1553335540767,0.0,73.63207626342773
2259,4.0,4.026161655238881,0.026161655238881032,65.86322880803583,67.89760551271655,433.3915876610521,0.0,73.66000175476074
2260,4.0,4.028633154855267,0.028633154855267406,65.84811118664965,67.8976152676037,433.62638012460883,0.0,73.68830108642578
2261,4.0,4.031059510480386,0.03105951048038591,65.83358073382765,67.89760387587778,433.8568839089951,0.0,73.71641159057617
2262,4.0,4.0334540085252435,0.033454008525243495,65.81966082604521,67.89760844309191,434.0843612232565,0.0,73.74460411071777
2263,4.0,4.035843543455515,0.0358435434555151,65.8063232509247,67.89760383810277,434.3113670416323,0.0,73.77334022521973
2264,4.0,4.038203238901903,0.038203238901902914,65.79357434333957,67.8976011961846,434.5355381090392,0.0,73.80217361450195
2265,4.0,4.04054413912043,0.04054413912043042,65.78139102844044,67.89760559178677,434.7579236297993,0.0,73.8312816619873
2266,4.0,4.042842519320364,0.04284251932036387,65.76978446051744,67.89760967438846,434.97626974879296,0.0,73.86024475097656
2267,4.0,4.04510006409982,0.04510006409982026,65.75875136708439,67.89760649279442,435.19073650284133,0.0,73.88909149169922
2268,4.0,4.047370688594179,0.04737068859417892,65.74828154273514,67.89760408175668,435.4064458298054,0.0,73.91879653930664
2269,4.0,4.049607299761224,0.0496072997612238,65.73836203746146,67.89760754252939,435.61892389067464,0.0,73.948486328125
2270,4.0,4.051818453462061,0.05181845346206071,65.72899524755958,67.89760490009772,435.82898349225417,0.0,73.97832107543945
2271,4.0,4.053989640664334,0.05398964066433365,65.7201612386405,67.89759985920486,436.0352462764701,0.0,74.00801467895508
2272,4.0,4.05612982103408,0.05612982103408015,65.71186609905509,67.8975868035666,436.23856341159603,0.0,74.03773880004883
2273,4.0,4.058238811433742,0.058238811433741766,65.70411851909033,67.89759016161385,436.43891749956384,0.0,74.06750106811523
2274,4.0,4.060348168348673,0.06034816834867307,65.69689391609612,67.89760028671434,436.6393064064823,0.0,74.09785079956055
2275,4.0,4.062447227259253,0.06244722725925289,65.6901881402401,67.89760825664979,436.83871700298744,0.0,74.12858963012695
2276,4.0,4.064501614253143,0.06450161425314338,65.68399158291206,67.8976088059645,437.033883767407,0.0,74.1590805053711
2277,4.0,4.066530701985011,0.06653070198501077,65.67830444789882,67.89760452165635,437.2266471019344,0.0,74.18967819213867
2278,4.0,4.06852336875923,0.06852336875923015,65.6731129926269,67.89761260839576,437.41595044548524,0.0,74.22016525268555
2279,4.0,4.070485677181532,0.07048567718153187,65.66841638237162,67.89761478225357,437.60236974560394,0.0,74.25065231323242
2280,4.0,4.072430562085487,0.07243056208548726,65.66421768085432,67.89761417578598,437.7871338114797,0.0,74.28137969970703
2281,4.0,4.074333780234312,0.07433378023431203,65.66048886337175,67.89760683205363,437.96793953561803,0.0,74.31187438964844
2282,4.0,4.076212633206707,0.07621263320670657,65.65724021092929,67.89760183350764,438.14643056799554,0.0,74.34246444702148
2283,4.0,4.078057108796773,0.07805710879677275,65.65445371443883,67.89759432970294,438.3216557490518,0.0,74.3729476928711
2284,4.0,4.079869479795202,0.0798694797952022,65.65213249573793,67.89760287387512,438.49383099390263,0.0,74.40336990356445
2285,4.0,4.081670369403557,0.08167036940355743,65.65027053279842,67.89760132410932,438.66491550669633,0.0,74.43410110473633
2286,4.0,4.083427641956405,0.08342764195640484,65.64886929239243,67.89760066344573,438.83185639921686,0.0,74.46455764770508
2287,4.0,4.085161338491948,0.08516133849194762,65.64791871268898,67.89760428985934,438.99655757009344,0.0,74.4950942993164
2288,4.0,4.086864308299559,0.0868643082995586,65.64739865554196,67.89760481684803,439.1583397018165,0.0,74.52555847167969
2289,4.0,4.088539171097468,0.08853917109746767,65.64730009675253,67.89760579354538,439.31745166761783,0.0,74.55598831176758
2290,4.0,4.090200390254925,0.09020039025492466,65.647635478367,67.89759956925774,439.4752674875762,0.0,74.58666229248047
2291,4.0,4.091823468798882,0.09182346879888215,65.64838113305463,67.897598241795,439.6294599492522,0.0,74.61710739135742
2292,4.0,4.093427346009774,0.09342734600977387,65.64954149727984,67.89760267828902,439.7818282842869,0.0,74.64767456054688
2293,4.0,4.095002787730424,0.09500278773042403,65.6510864025413,67.89760722085303,439.93149524774867,0.0,74.67816162109375
2294,4.0,4.09655273621994,0.0965527362199401,65.6530286250747,67.89759889726876,440.0787403542527,0.0,74.70863723754883
2295,4.0,4.09809272689921,0.09809272689920956,65.65536013354152,67.8976052510159,440.2250394687833,0.0,74.73937606811523
2296,4.0,4.099593012411096,0.09959301241109575,65.65808125780383,67.89760268748533,440.3675665924125,0.0,74.76983642578125
2297,4.0,4.101075261603579,0.1010752616035786,65.66117622790989,67.89759796799883,440.50838026569835,0.0,74.80039596557617
2298,4.0,4.102531260274544,0.10253126027454407,65.66465564779305,67.89759399777454,440.6467001394401,0.0,74.83091735839844
2299,4.0,4.10396349481844,0.1039634948184398,65.66849946716611,67.89759704844153,440.7827624211102,0.0,74.86142349243164
2300,4.0,4.105382718374433,0.10538271837443336,65.6727159916376,67.89760345211096,440.91758865892956,0.0,74.89212036132812
2301,4.0,4.106766852893691,0.10676685289369114,65.67728677639425,67.89760769226754,441.04908143825907,0.0,74.9225845336914
2302,4.0,4.108136977438994,0.10813697743899375,65.68221219011438,67.89761833380473,441.1792432700628,0.0,74.95320129394531
2303,4.0,4.10947450827449,0.10947450827448968,65.6874949027909,67.89762778626938,441.3063086994349,0.0,74.98363494873047
2304,4.0,4.110793233931456,0.11079323393145568,65.69311478342308,67.89761684637872,441.4315876368467,0.0,75.01411437988281
2305,4.0,4.112097040656562,0.11209704065656201,65.69908296608106,67.89762271731068,441.5554492757318,0.0,75.04472351074219
2306,4.0,4.1133325511577565,0.11333255115775653,65.70538377598463,67.89761904079434,441.6728227733453,0.0,75.07447052001953
2307,4.0,4.114548174937384,0.11454817493738378,65.71199840419499,67.89760508264789,441.7883070324099,0.0,75.10421752929688
2308,4.0,4.115744553972144,0.115744553972144,65.71892309099758,67.89761027161298,441.9019630407121,0.0,75.13397216796875
2309,4.0,4.1169210629920725,0.1169210629920725,65.72616097410642,67.89759878373187,442.0137313976053,0.0,75.16372680664062
2310,4.0,4.118083347267532,0.11808334726753156,65.73370848319628,67.89759173665881,442.1241484037739,0.0,75.1935806274414
2311,4.0,4.119217231378474,0.11921723137847362,65.74156496738637,67.89758688829907,442.2318673943134,0.0,75.22327423095703
2312,4.0,4.120342179027591,0.12034217902759092,65.74971348758382,67.89757721229215,442.33873742097956,0.0,75.25314381718636
2313,4.0,4.121420109086235,0.1214201090862348,65.75814660310482,67.89758525693662,442.4411407765507,0.0,75.2824854850769
2314,4.0,4.122459496809321,0.12245949680932089,65.76687624002855,67.89758590419305,442.53988261024386,0.0,75.31146764755249
2315,4.0,4.1234772423974135,0.12347724239741353,65.77586739474425,67.8976086576449,442.6365684411127,0.0,75.34035897254944
2316,4.0,4.124478446494929,0.1244784464949289,65.78513251371952,67.89761264025236,442.73168283037666,0.0,75.36926698684692
2317,4.0,4.125468421774838,0.12546842177483786,65.79465647724759,67.89761397468706,442.825730481968,0.0,75.39827156066895
2318,4.0,4.126442000747257,0.1264420007472573,65.80443942216162,67.89761878806233,442.91822048434784,0.0,75.42727851867676
2319,4.0,4.127376275896092,0.12737627589609168,65.81449262263824,67.89762103138035,443.0069766234871,0.0,75.45588207244873
2320,4.0,4.128274030396447,0.12827403039644736,65.82479716989364,67.8976155607911,443.0922633010209,0.0,75.48411130905151
2321,4.0,4.1291529133691345,0.12915291336913448,65.83534657292212,67.89761088140705,443.1757571834262,0.0,75.51228141784668
2322,4.0,4.130016654213834,0.13001665421383368,65.84612417229768,67.89760765582882,443.2578125636726,0.0,75.54044151306152
2323,4.0,4.130872960609416,0.1308729606094161,65.85713048291393,67.89759751329835,443.33916167125295,0.0,75.56873321533203
2324,4.0,4.131690030382422,0.13169003038242177,65.86837301873516,67.89759850989564,443.41678329968846,0.0,75.59658336639404
2325,4.0,4.132476624659268,0.1324766246592679,65.8798427244975,67.8976031366426,443.49150975598883,0.0,75.62414169311523
2326,4.0,4.133243506030323,0.13324350603032276,65.89153261487974,67.89760189826242,443.5643634862391,0.0,75.65159702301025
2327,4.0,4.133994686199559,0.1339946861995589,65.90341283062362,67.89760917539662,443.6357256023165,0.0,75.67898845672607
2328,4.0,4.134732460887815,0.13473246088781465,65.91550991091644,67.89761462360991,443.7058141977008,0.0,75.70638847351074
2329,4.0,4.135436423907899,0.13543642390789934,65.92780547458422,67.89761927347469,443.77269068460885,0.0,75.73340225219727
2330,4.0,4.13610837705208,0.13610837705208034,65.9403133297536,67.89761500837228,443.836526233306,0.0,75.76007843017578
2331,4.0,4.136770519221136,0.1367705192211357,65.9530150350474,67.89761594462156,443.89942973936627,0.0,75.78680229187012
2332,4.0,4.137414080154345,0.1374140801543451,65.96588113936363,67.8976106387748,443.96056802802116,0.0,75.81337928771973
2333,4.0,4.138053027215452,0.13805302721545232,65.97893959861769,67.89761214485893,444.0212679988264,0.0,75.84009742736816
2334,4.0,4.138632487872822,0.13863248787282156,65.99217107098715,67.8976052790028,444.0763167612765,0.0,75.86592864990234
2335,4.0,4.139204319763153,0.13920431976315317,66.00557357433547,67.89759442970767,444.13064079085797,0.0,75.89182090759277
2336,4.0,4.13976185120022,0.13976185120021967,66.01915067218896,67.89759884014536,444.1836062773793,0.0,75.91765594482422
2337,4.0,4.140309106796508,0.14030910679650788,66.03287141582176,67.89760514689303,444.23559555902665,0.0,75.94347190856934
2338,4.0,4.140806088356587,0.14080608835658737,66.04676525562917,67.89760589724682,444.2828088072342,0.0,75.96856880187988
2339,4.0,4.141297248061761,0.14129724806176114,66.06080524875128,67.89761173957667,444.3294689792257,0.0,75.99373082816601
2340,4.0,4.14178253831752,0.1417825383175204,66.07500219945138,67.89760896930497,444.37557155352283,0.0,76.01896953582764
2341,4.0,4.1422474551705175,0.1422474551705175,66.08932552119396,67.89761114370937,444.4197386545576,0.0,76.04398345947266
2342,4.0,4.142675554117069,0.14267555411706923,66.10379202197286,67.89760931994276,444.46040805447996,0.0,76.06848978996277
2343,4.0,4.143082615863904,0.14308261586390358,66.11839755929492,67.89760745335151,444.49907892042927,0.0,76.09277319908142
2344,4.0,4.143480144642739,0.14348014464273895,66.13313394405908,67.89761304621572,444.5368441544186,0.0,76.11703538894653
2345,4.0,4.143874474765582,0.1438744747655818,66.14798339162606,67.8976072915957,444.57430551608866,0.0,76.1413722038269
2346,4.0,4.144221128515385,0.14422112851538493,66.16295493064646,67.89760704376037,444.60723762232,0.0,76.16497659683228
2347,4.0,4.144553912051498,0.1445539120514976,66.17805348788299,67.89761014303654,444.6388520582507,0.0,76.18847513198853
2348,4.0,4.144874864908613,0.1448748649086129,66.19326690664478,67.89760908932277,444.66934257967665,0.0,76.2118911743164
2349,4.0,4.145180245076851,0.14518024507685112,66.2085722349319,67.89760689587975,444.69835369565925,0.0,76.23512935638428
2350,4.0,4.14545889026634,0.1454588902663403,66.22397112464768,67.89760447391689,444.7248249886607,0.0,76.25798606872559
2351,4.0,4.145717537867866,0.14571753786786612,66.2394895363977,67.89760803545366,444.7493965108057,0.0,76.28061485290527
2352,4.0,4.145977965469267,0.14597796546926656,66.25509846713217,67.89760640825705,444.77413713293873,0.0,76.30338287353516
2353,4.0,4.146200345394129,0.14620034539412874,66.27077285993809,67.89761251152132,444.7952632258006,0.0,76.32552814483643
2354,4.0,4.146400962304102,0.14640096230410204,66.28655088139276,67.89759944169799,444.8143218322481,0.0,76.34739398956299
2355,4.0,4.1466029834004035,0.14660298340040345,66.30241007492954,67.89759162711172,444.8335138363967,0.0,76.36938095092773
2356,4.0,4.146795999225465,0.14679599922546505,66.31834964718625,67.89759501555004,444.85185033977757,0.0,76.39129638671875
2357,4.0,4.1469432879812755,0.14694328798127554,66.33434196656664,67.89760244593832,444.8658427715796,0.0,76.41243171691895
2358,4.0,4.147078588557391,0.14707858855739087,66.35041732974888,67.89760946188846,444.87869632631055,0.0,76.43344306945801
2359,4.0,4.147219169047689,0.1472191690476894,66.36656112937318,67.89760736801907,444.8920514728889,0.0,76.45463180541992
2360,4.0,4.14733314009809,0.14733314009809018,66.38276716511878,67.8976162802132,444.902878722677,0.0,76.47540283203125
2361,4.0,4.147416563785881,0.14741656378588086,66.39901932016895,67.89762230297465,444.9108039730171,0.0,76.49566459655762
2362,4.0,4.147497183583767,0.1474971835837673,66.41533393228036,67.8976189941699,444.9184628538163,0.0,76.51594734191895
2363,4.0,4.147575463502082,0.14757546350208184,66.43170359884557,67.89761893945155,444.9258994460562,0.0,76.53625106811523
2364,4.0,4.14761356000837,0.14761356000837011,66.44810553108556,67.89760735418791,444.92951861415355,0.0,76.55585098266602
2365,4.0,4.147655073021987,0.147655073021987,66.46454843303061,67.89759886767523,444.93346235044714,0.0,76.5755615234375
2366,4.0,4.1476866967774155,0.14768669677741553,66.48103859746757,67.89759766652175,444.9364666072129,0.0,76.59514427185059
2367,4.0,4.147691043655151,0.14769104365515062,66.49756023013626,67.8975901345361,444.93687956059773,0.0,76.61425971984863
2368,4.0,4.147670338511213,0.14767033851121258,66.51411605442252,67.83526889787869,444.9349125719236,0.0,76.6329517364502
2369,4.0,4.147617177198512,0.1476171771985122,66.53068938609891,67.82807285472734,444.92986224721705,0.0,76.65106391906738
2370,4.0,4.147559878871598,0.14755987887159794,66.54730303203611,67.84937332294126,444.9244189061602,0.0,76.66914558410645
2371,4.0,4.1474941821993445,0.14749418219934451,66.5639310672417,67.87777403622268,444.91817772229615,0.0,76.68708801269531
2372,4.0,4.14744077847482,0.14744077847482018,66.5805626117306,67.90525233042393,444.9131043684663,0.0,76.70526123046875
2373,4.0,4.147403802454319,0.14740380245431872,66.5972089369919,67.9256712503478,444.90959164651866,0.0,76.7237548828125
2374,4.0,4.147378665176935,0.14737866517693465,66.61388063873264,67.93569740324727,444.9072036051672,0.0,76.74249649047852
2375,4.0,4.147331659277283,0.14733165927728287,66.6305396422909,67.93519508357993,444.9027380447003,0.0,76.76081848144531
2376,4.0,4.147246522490378,0.14724652249037806,66.64723562377951,67.92617043145032,444.8946500499443,0.0,76.77847671508789
2377,4.0,4.147147111047921,0.14714711104792144,66.66394650910055,67.91238363291522,444.88520596291096,0.0,76.7958869934082
2378,4.0,4.147038168175299,0.1470381681752988,66.68065581202923,67.89791357332119,444.8748563900118,0.0,76.81311798095703
2379,4.0,4.146881954987055,0.14688195498705525,66.69735797973256,67.88613629928192,444.86001613712864,0.0,76.82946395874023
2380,4.0,4.14672417548932,0.14672417548931982,66.71407666995584,67.87922230267874,444.84502708484376,0.0,76.84579849243164
2381,4.0,4.146535990629058,0.14653599062905798,66.73078916542624,67.87792634751133,444.8271495231189,0.0,76.8615608215332
2382,4.0,4.146351825341209,0.14635182534120883,66.74748483994179,67.88129338556527,444.80965382077324,0.0,76.87737655639648
2383,4.0,4.146172245971805,0.14617224597180467,66.76416445962825,67.88769234767902,444.79259378067985,0.0,76.89325714111328
2384,4.0,4.145962117654227,0.14596211765422673,66.78083742362011,67.8950843569433,444.77263159050995,0.0,76.90856170654297
2385,4.0,4.145742055296013,0.14574205529601336,66.79748994882172,67.90161494561384,444.7517256664797,0.0,76.92365646362305
2386,4.0,4.145532254228417,0.1455322542284172,66.81410142924086,67.905977739666,444.731794565058,0.0,76.93889236450195
2387,4.0,4.145311154667926,0.145311154667926,66.83070128564682,67.90760405367935,444.7107901068114,0.0,76.95390319824219
2388,4.0,4.145057818440835,0.14505781844083465,66.847279448106,67.9066609830035,444.6867231652377,0.0,76.96828842163086
2389,4.0,4.14480692379684,0.1448069237968399,66.86382356288607,67.90385204950357,444.6628881740582,0.0,76.9826774597168
2390,4.0,4.144559740800279,0.144559740800279,66.88033298053945,67.9001904193119,444.6394057893849,0.0,76.9970932006836
2391,4.0,4.144272221859115,0.14427222185911504,66.89681284644963,67.89662338824778,444.6120914899743,0.0,77.01072311401367
2392,4.0,4.143992193305121,0.14399219330512114,66.91326352761666,67.8939777294339,444.5854887773449,0.0,77.02445602416992
2393,4.0,4.143709998537596,0.14370999853759603,66.92965531059313,67.89266528297043,444.55868027443,0.0,77.03807830810547
2394,4.0,4.143408099095696,0.14340809909569607,66.94601637319062,67.89272368352881,444.5299998274495,0.0,77.05129623413086
2395,4.0,4.143082483111361,0.1430824831113613,66.9623355465538,67.89387527138499,444.4990663089377,0.0,77.06402206420898
2396,4.0,4.142755559343961,0.14275555934396067,66.9786055007674,67.89564148534774,444.46800855103464,0.0,77.07666397094727
2397,4.0,4.142436592518503,0.1424365925185027,66.99482558594214,67.89748479435958,444.43770670261614,0.0,77.08939361572266
2398,4.0,4.142074229079363,0.14207422907936262,67.01099431913613,67.89900938229827,444.40328217589786,0.0,77.10125350952148
2399,4.0,4.141714529569465,0.14171452956946506,67.0271161385404,67.89991066380657,444.3691107224576,0.0,77.11310577392578
2400,4.0,4.141360063126299,0.14136006312629856,67.04317262212214,67.90011299045298,444.33543641035675,0.0,77.1249771118164
2401,4.0,4.140986403972055,0.14098640397205475,67.05915796656674,67.89970988841267,444.2999387907036,0.0,77.13640594482422
2402,4.0,4.140596453972795,0.14059645397279485,67.07510164944355,67.89891014169174,444.2628935407739,0.0,77.14748001098633
2403,4.0,4.1402100610737,0.1402100610736996,67.09098405984709,67.89797779852746,444.22618621535986,0.0,77.1585464477539
2404,4.0,4.139822309290312,0.13982230929031214,67.1067819927438,67.89714093392449,444.189349795938,0.0,77.16948699951172
2405,4.0,4.139403757451807,0.13940375745180678,67.12251833121128,67.89656896786327,444.14958737128006,0.0,77.17977905273438
2406,4.0,4.138981705085589,0.13898170508558927,67.13819187031734,67.89635596688277,444.1094923964894,0.0,77.1899299621582
2407,4.0,4.138572320276814,0.13857232027681388,67.15378915250952,67.89645450793003,444.0706008396557,0.0,77.20022583007812
2408,4.0,4.138148643210267,0.13814864321026743,67.16930624094176,67.89679874032475,444.0303515183338,0.0,77.21015930175781
2409,4.0,4.137697946230235,0.1376979462302348,67.18475411417639,67.89726062397969,443.9875353052307,0.0,77.2195053100586
2410,4.0,4.137256650775271,0.13725665077527083,67.20012567216948,67.8977048963355,443.94561223700913,0.0,77.22893524169922
2411,4.0,4.136822620025128,0.13682262002512768,67.2154156688101,67.89803862068784,443.90437931574553,0.0,77.2384033203125
2412,4.0,4.136367039320624,0.136367039320624,67.23060761213938,67.89822630981004,443.8610991488177,0.0,77.24735260009766
2413,4.0,4.135900373939089,0.13590037393908894,67.24573077700113,67.89822852394934,443.81676593757186,0.0,77.25601196289062
2414,4.0,4.135432035262324,0.1354320352623244,67.26077166345486,67.89808577485633,443.7722737632792,0.0,77.26454162597656
2415,4.0,4.134969146976664,0.13496914697666362,67.27572063704558,67.89786207869618,443.7282993761414,0.0,77.27306365966797
2416,4.0,4.134474192741711,0.13447419274171057,67.2905703940295,67.8976309777535,443.6812787238209,0.0,77.28086853027344
2417,4.0,4.133988912793068,0.13398891279306824,67.30533928287657,67.89743281368008,443.63517712869987,0.0,77.28875732421875
2418,4.0,4.1334973013379885,0.13349730133798854,67.32002206134939,67.89731150112445,443.5884740404673,0.0,77.29642486572266
2419,4.0,4.1330126880898765,0.13301268808987654,67.33460096403753,67.89727645378571,443.54243578189664,0.0,77.3041000366211
2420,4.0,4.1324944651212006,0.13249446512120056,67.34908634761771,67.89732777184912,443.49320459987246,0.0,77.31103515625
2421,4.0,4.131983803299217,0.13198380329921733,67.36347037515569,67.89742885196962,443.4446917267841,0.0,77.31799125671387
2422,4.0,4.131483875071247,0.13148387507124681,67.37777338503777,67.89754994524897,443.39719854512686,0.0,77.32505118846893
2423,4.0,4.130977901744501,0.13097790174450097,67.39196633899003,67.89766015513553,443.34913107908596,0.0,77.33186769485474
2424,4.0,4.130445850987222,0.13044585098722195,67.40604400443516,67.89773695899922,443.2985862571445,0.0,77.33805966377258
2425,4.0,4.129923626289308,0.1299236262893082,67.42003160101305,67.8977708975511,443.24897491084266,0.0,77.34432816505432
2426,4.0,4.1294073275107985,0.12940732751079853,67.43391245365927,67.89776092895525,443.19992652688427,0.0,77.35058116912842
2427,4.0,4.128898485982867,0.1288984859828668,67.44769637097195,67.89771976916592,443.1515865817307,0.0,77.35685873031616
2428,4.0,4.128358173370309,0.12835817337030875,67.46136010202962,67.89766251765053,443.1002568835377,0.0,77.36240482330322
2429,4.0,4.127815983632295,0.12781598363229474,67.47493125562164,67.89759486164465,443.0487488584264,0.0,77.36780548095703
2430,4.0,4.127286934775617,0.1272869347756167,67.48839757303361,67.89755132079308,442.998489217042,0.0,77.37332820892334
2431,4.0,4.126759214450802,0.12675921445080185,67.50175909020427,67.89752946820394,442.94835578618455,0.0,77.37875175476074
2432,4.0,4.126212923196607,0.12621292319660693,67.51499772040283,67.89752250146515,442.89645811703605,0.0,77.38368225097656
2433,4.0,4.125659815002777,0.125659815002777,67.5281309116872,67.89754089604952,442.8439128386222,0.0,77.38836002349854
2434,4.0,4.125111931105671,0.1251119311056712,67.54115545362045,67.89756953603855,442.7918638683972,0.0,77.39300727844238
2435,4.0,4.12457009624112,0.12457009624112025,67.55407106366732,67.8976050456829,442.7403895562648,0.0,77.39763927459717
2436,4.0,4.124018159216293,0.124018159216293,67.56687086553502,67.89763305674967,442.68795553890624,0.0,77.40194511413574
2437,4.0,4.123456453100822,0.12345645310082176,67.57954944809883,67.89764071737166,442.6345934579365,0.0,77.4059247970581
2438,4.0,4.1229001024522836,0.12290010245228356,67.59210704624228,67.89763571689316,442.58174014632533,0.0,77.40986251831055
2439,4.0,4.122348491073137,0.12234849107313739,67.60456615987825,67.8976375629384,442.52933706530644,0.0,77.41377258300781
2440,4.0,4.1217912596167885,0.1217912596167885,67.61690923616906,67.89763400436463,442.4764000769533,0.0,77.41744041442871
2441,4.0,4.121220177428541,0.1212201774285413,67.62913971978513,67.89761398752816,442.4221472690698,0.0,77.42071533203125
2442,4.0,4.12064202706033,0.12064202706033011,67.64124799783646,67.89760950464844,442.3672229840898,0.0,77.42371368408203
2443,4.0,4.120087593945885,0.1200875939458852,67.65324521370529,67.89759929944621,442.3145518382175,0.0,77.42702674865723
2444,4.0,4.1195221798022175,0.11952217980221747,67.66512433552441,67.89758489334595,442.26083749456905,0.0,77.42999458312988
2445,4.0,4.118963877493658,0.11896387749365811,67.67688653295022,67.89757863423284,442.2077987752559,0.0,77.43295860290527
2446,4.0,4.118386480237228,0.11838648023722786,67.68852226528823,67.89758916321647,442.15294603589507,0.0,77.43541526794434
2447,4.0,4.117796386341159,0.1177963863411593,67.70002342361352,67.89759838949976,442.09688711576854,0.0,77.437475502491
2448,4.0,4.117231911769125,0.1172319117691254,67.71141726625676,67.89761231428243,442.04326203142534,0.0,77.43989109992981
2449,4.0,4.116666079289129,0.11666607928912942,67.72268483962966,67.89762324473824,441.9895079458257,0.0,77.44213318824768
2450,4.0,4.116101084619431,0.11610108461943103,67.73383975562561,67.89762318601649,441.93583345220435,0.0,77.44425868988037
2451,4.0,4.115521945822095,0.11552194582209463,67.74486121037107,67.89762309704588,441.8808152664574,0.0,77.44596195220947
2452,4.0,4.114937477395818,0.11493747739581828,67.75576160369567,67.8976184480768,441.82529076596114,0.0,77.4474229812622
2453,4.0,4.114367647698967,0.11436764769896701,67.7665328788157,67.89760899138244,441.77115694476026,0.0,77.44900846481323
2454,4.0,4.113795263746769,0.11379526374676896,67.77719148817361,67.89760917993371,441.71678046930145,0.0,77.45041370391846
2455,4.0,4.113238231030049,0.11323823103004926,67.78772902699471,67.89759911430883,441.6638623612131,0.0,77.45196628570557
2456,4.0,4.112658207237603,0.11265820723760278,67.79813837440983,67.89760679418862,441.6087601009307,0.0,77.45293617248535
2457,4.0,4.1120676409318655,0.1120676409318655,67.80841057775292,67.89760329103505,441.55265630188563,0.0,77.45354747772217
2458,4.0,4.111495333405983,0.11149533340598339,67.81857995273646,67.89759934574276,441.49828708692684,0.0,77.45438194274902
2459,4.0,4.110917774484545,0.11091777448454465,67.82861164501524,67.89760813828691,441.4434189893901,0.0,77.45495700836182
2460,4.0,4.110361398457679,0.11036139845767856,67.83852540929445,67.89761355393705,441.3905632668379,0.0,77.4557933807373
2461,4.0,4.109797001309277,0.10979700130927661,67.84831447602137,67.89760865030273,441.33694553773967,0.0,77.45633316040039
2462,4.0,4.109198081265445,0.10919808126544517,67.85798788236214,67.89761352659038,441.2800481335757,0.0,77.45608711242676
2463,4.0,4.108627807826816,0.10862780782681636,67.86751346195797,67.89760797632444,441.22587215690595,0.0,77.45620918273926
2464,4.0,4.108051918297819,0.1080519182978188,67.8769222047053,67.89761059804879,441.1711626516512,0.0,77.45608901977539
2465,4.0,4.107497502368569,0.10749750236856936,67.88620436048078,67.89761556173316,441.1184931383725,0.0,77.45622634887695
2466,4.0,4.106950089902634,0.1069500899026341,67.89535652301598,67.89761044403076,441.06648895410865,0.0,77.45634460449219
2467,4.0,4.10637415194725,0.10637415194725008,67.90439591054493,67.89761882394187,441.01177484834716,0.0,77.4557933807373
2468,4.0,4.105795184167945,0.10579518416794542,67.91331234995862,67.89760562512929,440.9567729093132,0.0,77.45504188537598
2469,4.0,4.105209385585869,0.10520938558586934,67.92208841172965,67.89759911922609,440.901122044016,0.0,77.45399856567383
2470,4.0,4.104651086399178,0.10465108639917808,67.93074644040456,67.89759842895808,440.8480836212803,0.0,77.45333671569824
2471,4.0,4.104099825923154,0.10409982592315359,67.93927859410623,67.89759004417586,440.795713876058,0.0,77.45266151428223
2472,4.0,4.103547198743993,0.10354719874399265,67.94768172711501,67.89760757729921,440.7432142940377,0.0,77.45181083679199
2473,4.0,4.103007747398346,0.10300774739834573,67.95597265700977,67.89760683765445,440.69196641620124,0.0,77.45107841491699
2474,4.0,4.102421944517628,0.1024219445176282,67.96412983842718,67.89760576467265,440.6363151425331,0.0,77.44931602478027
2475,4.0,4.101859531666037,0.10185953166603667,67.97216958921194,67.89760243381566,440.5828859216319,0.0,77.4478588104248
2476,4.0,4.101307467847462,0.10130746784746236,67.98006679451919,67.89760880897332,440.53043985886734,0.0,77.44643211364746
2477,4.0,4.100748851993056,0.10074885199305594,67.98784703124119,67.89762223930482,440.4773713526987,0.0,77.44474601745605
2478,4.0,4.100206899180381,0.10020689918038084,67.99550377646557,67.89761960867244,440.42588583549457,0.0,77.4432315826416
2479,4.0,4.099661815590087,0.09966181559008724,68.00303359044301,67.89761548134912,440.3741028944167,0.0,77.4415111541748
2480,4.0,4.099136058103261,0.09913605810326143,68.01044074560214,67.8976128519822,440.32415593316824,0.0,77.44001388549805
2481,4.0,4.098584285799251,0.09858428579925071,68.01773369786463,67.89759530808729,440.2717375642872,0.0,77.43789291381836
2482,4.0,4.098023017627646,0.09802301762764642,68.02489469419689,67.89758498198822,440.2184170879848,0.0,77.43544006347656
2483,4.0,4.097478091731243,0.09747809173124278,68.03194048644016,67.89759512266977,440.1666491278265,0.0,77.43316268920898
2484,4.0,4.0969336019375175,0.09693360193751754,68.03883677461259,67.89759593171145,440.11492259742255,0.0,77.43072128295898
2485,4.0,4.096401302899152,0.09640130289915216,68.04561620504116,67.89759686495817,440.0643541887779,0.0,77.42837524414062
2486,4.0,4.095890763917636,0.09589076391763562,68.05228061673147,67.89759978464039,440.0158529855338,0.0,77.42630767822266
2487,4.0,4.095367652022738,0.09536765202273756,68.05882701188902,67.89760923224563,439.9661573555185,0.0,77.42386627197266
2488,4.0,4.094857931961461,0.09485793196146108,68.06525644305053,67.89761676545189,439.9177339496972,0.0,77.42154312133789
2489,4.0,4.094320998056069,0.09432099805606864,68.07156637186507,67.8976203011686,439.8667252286849,0.0,77.4185676574707
2490,4.0,4.093783629169481,0.09378362916948113,68.07776107010245,67.89762144056132,439.8156751844591,0.0,77.41545104980469
2491,4.0,4.093264346267156,0.09326434626715585,68.08383102771597,67.8976146064484,439.7663433087382,0.0,77.41253280639648
2492,4.0,4.092732411678467,0.09273241167846713,68.08979088693863,67.89762123660981,439.7158095228128,0.0,77.40924835205078
2493,4.0,4.092221661833707,0.09222166183370728,68.09561119428969,67.89760972820442,439.6672882875606,0.0,77.40620422363281
2494,4.0,4.0917060086241674,0.09170600862416745,68.10130311955858,67.89760170538368,439.6183012326543,0.0,77.40291976928711
2495,4.0,4.091209373429503,0.09120937342950342,68.10688464172534,67.89759343285715,439.57112088916125,0.0,77.39986801147461
2496,4.0,4.090724640869254,0.09072464086925436,68.1123499047886,67.89759679685373,439.52507129593755,0.0,77.39690780639648
2497,4.0,4.09022937787589,0.09022937787588958,68.11769301809467,67.89759613282683,439.4780213115679,0.0,77.39360809326172
2498,4.0,4.089755869129368,0.08975586912936784,68.1229269061551,67.897598296835,439.43303798064835,0.0,77.39059448242188
2499,4.0,4.089241856705265,0.0892418567052653,68.12804089373478,67.89761134566861,439.3842068003586,0.0,77.38667678833008
2500,4.0,4.088742366695822,0.08874236669582203,68.13304516123807,67.89762634273592,439.3367552494615,0.0,77.38290786743164
2501,4.0,4.088248894577742,0.08824889457774177,68.1379436342931,67.89762998173966,439.28987539824385,0.0,77.37913131713867
2502,4.0,4.087741475703166,0.08774147570316604,68.14272303195555,67.89761645209549,439.2416706051592,0.0,77.37495422363281
2503,4.0,4.087259186009339,0.08725918600933902,68.147390387355,67.89760630304795,439.1958530842456,0.0,77.37112426757812
2504,4.0,4.086771278799356,0.08677127879935576,68.15192738124806,67.89759920973613,439.1495018992972,0.0,77.36703872680664
2505,4.0,4.086304162244521,0.08630416224452109,68.1563472148972,67.8975962381296,439.1051258265879,0.0,77.36321258544922
2506,4.0,4.085844092429471,0.085844092429471,68.1606538652938,67.89760991317972,439.06141919415813,0.0,77.35939025878906
2507,4.0,4.085371437288587,0.08537143728858698,68.16484540955275,67.89760903677897,439.01651695577414,0.0,77.35519790649414
2508,4.0,4.084929353747486,0.08492935374748622,68.16893116863179,67.89761268613736,438.9745190193696,0.0,77.3514633178711
2509,4.0,4.0844774418785414,0.08447744187854145,68.17290615237052,67.89761981891566,438.93158739181985,0.0,77.34741592407227
2510,4.0,4.084045523663805,0.08404552366380535,68.17678363264395,67.8976172781583,438.8905551614199,0.0,77.34363555908203
2511,4.0,4.083620187931926,0.08362018793192583,68.18055539407133,67.89761009881092,438.8501482668914,0.0,77.33985900878906
2512,4.0,4.083143144798146,0.08314314479814566,68.18421940319068,67.89761271921648,438.80482916918226,0.0,77.33498001098633
2513,4.0,4.082685775407524,0.08268577540752364,68.18777432334552,67.89760414024806,438.7613790770732,0.0,77.33034896850586
2514,4.0,4.082227296658454,0.08222729665845385,68.19123082874393,67.89760221234991,438.7178235959115,0.0,77.3255844116211
2515,4.0,4.081780765113162,0.08178076511316235,68.19457934750396,67.89759821505145,438.67540309910885,0.0,77.3209228515625
2516,4.0,4.081349234508134,0.08134923450813414,68.19781925993031,67.89760560793515,438.63440769163117,0.0,77.31642150878906
2517,4.0,4.080904592138165,0.08090459213816459,68.20096265918255,67.89760769769157,438.59216666648405,0.0,77.31156158447266
2518,4.0,4.080478465593567,0.08047846559356664,68.20399918730811,67.89760407485483,438.55168464474724,0.0,77.30693054199219
2519,4.0,4.080053127261232,0.08005312726123215,68.20692219705003,67.89760001827253,438.51127750317545,0.0,77.30218505859375
2520,4.0,4.079641151921606,0.07964115192160559,68.20972337896329,67.8976040867677,438.47213984591093,0.0,77.29755401611328
2521,4.0,4.079241719623613,0.07924171962361282,68.21242311276356,67.89761970519368,438.4341937776016,0.0,77.29304504394531
2522,4.0,4.078828601512785,0.07882860151278503,68.21502903942293,67.89762372692338,438.39494755707295,0.0,77.28816986083984
2523,4.0,4.078433602735383,0.07843360273538291,68.21752771996381,67.89762187920859,438.3574226732198,0.0,77.28351593017578
2524,4.0,4.078027644678232,0.0780276446782322,68.21994755094433,67.89761347170241,438.31885665779043,0.0,77.278564453125
2525,4.0,4.077656851541101,0.07765685154110091,68.22225102540241,67.89760808524869,438.283631309763,0.0,77.2741470336914
2526,4.0,4.07727730620485,0.0772773062048504,68.22446559724908,67.89759649417556,438.2475745028192,0.0,77.26946258544922
2527,4.0,4.07689372963996,0.0768937296399601,68.22658635716317,67.89759706029386,438.2111347291546,0.0,77.26459503173828
2528,4.0,4.076525109852896,0.07652510985289585,68.22861888630013,67.89759537894737,438.1761158493835,0.0,77.2599105834961
2529,4.0,4.0761568498989735,0.07615684989897353,68.23055279418837,67.89761438343366,438.1411311537609,0.0,77.25512087345123
2530,4.0,4.075812830214764,0.0758128302147636,68.2323988121877,67.89761160019248,438.10844928376093,0.0,77.25069069862366
2531,4.0,4.075461953486594,0.07546195348659435,68.23415176564353,67.89762313750568,438.07511599458485,0.0,77.24602484703064
2532,4.0,4.075102510770025,0.07510251077002472,68.23581929798904,67.89762344926939,438.04096893651075,0.0,77.24109959602356
2533,4.0,4.0747638574309,0.07476385743090042,68.2374083861325,67.89761956482445,438.0087968692939,0.0,77.23647928237915
2534,4.0,4.074378487270433,0.07437848727043317,68.23890571880303,67.89761421467091,437.97218670404953,0.0,77.23086929321289
2535,4.0,4.074010562711632,0.07401056271163231,68.24031926827587,67.89759607823689,437.9372338709635,0.0,77.22549486160278
2536,4.0,4.07364614258076,0.07364614258075974,68.24164149809643,67.89758913357878,437.9026139585306,0.0,77.22008323669434
2537,4.0,4.073274946140693,0.07327494614069341,68.24286804129338,67.89760257711978,437.8673502967243,0.0,77.21443462371826
2538,4.0,4.072922982168641,0.0729229821686408,68.24402291036061,67.8976073658699,437.83391371937927,0.0,77.20906925201416
2539,4.0,4.072564825573163,0.07256482557316257,68.2450853285028,67.89761243987466,437.79988884280885,0.0,77.20348167419434
2540,4.0,4.072224400126358,0.07222440012635811,68.24605311852022,67.89761911781014,437.7675484253624,0.0,77.19812297821045
2541,4.0,4.071888962148708,0.07188896214870777,68.24693073250029,67.89761116173013,437.7356818174856,0.0,77.19275665283203
2542,4.0,4.071546352557838,0.0715463525578377,68.24772632875886,67.89759794199598,437.703133906353,0.0,77.18716144561768
2543,4.0,4.0712199631447366,0.07121996314473655,68.24843989019568,67.89759876857529,437.67212691210835,0.0,77.18178081512451
2544,4.0,4.070886851288285,0.07088685128828498,68.24906470573279,67.89760285577557,437.64048128574547,0.0,77.17617225646973
2545,4.0,4.0705712274603085,0.07057122746030853,68.24960979543751,67.89760948324945,437.6104970220877,0.0,77.17080497741699
2546,4.0,4.070261496340022,0.07026149634002188,68.25007134357358,67.89761405088696,437.58107256566046,0.0,77.16545486450195
2547,4.0,4.06994114587293,0.06994114587292977,68.25045460085225,67.89761542180995,437.55063927128674,0.0,77.15981483459473
2548,4.0,4.069637630886474,0.0696376308864739,68.25075466929759,67.8976139394807,437.52180534757343,0.0,77.15439987182617
2549,4.0,4.069326887393966,0.06932688739396564,68.25097859740329,67.897608307264,437.49228471578516,0.0,77.14876174926758
2550,4.0,4.069033469910026,0.06903346991002568,68.25111275637835,67.89760059788192,437.46441005481086,0.0,77.14335060119629
2551,4.0,4.068743302142318,0.06874330214231783,68.2511907346377,67.89759967820763,437.4368441168786,0.0,77.13793754577637
2552,4.0,4.068448541971757,0.06844854197175732,68.25117699170913,67.89759949034966,437.4088419006753,0.0,77.13233375549316
2553,4.0,4.068171355056265,0.06817135505626482,68.25108615505228,67.8975970093899,437.38250914370354,0.0,77.1269760131836
2554,4.0,4.067891076137645,0.067891076137645,68.25091889829307,67.8975947932492,437.3558826464347,0.0,77.12147331237793
2555,4.0,4.0676198535968835,0.0676198535968835,68.25068311546944,67.897600694221,437.33011650506234,0.0,77.1160649061203
2556,4.0,4.067353281983019,0.06735328198301893,68.25038086463995,67.89759700888575,437.3047922017452,0.0,77.11066961288452
2557,4.0,4.067080479495902,0.06708047949590235,68.25000132619921,67.89761110975263,437.2788759654691,0.0,77.10506892204285
2558,4.0,4.066824618250351,0.06682461825035091,68.24955481061004,67.89762364248402,437.25456914714175,0.0,77.09971380233765
2559,4.0,4.06655688369356,0.06655688369356039,68.24904093405904,67.89762341515072,437.22913436424665,0.0,77.09405755996704
2560,4.0,4.066306268988234,0.06630626898823433,68.24845917264338,67.8976196971066,437.20532596724064,0.0,77.0886492729187
2561,4.0,4.0660622726733315,0.06606227267333153,68.2478126913189,67.89761030413494,437.1821463173249,0.0,77.08329343795776
2562,4.0,4.065809421248916,0.06580942124891642,68.2470973343021,67.89760025874222,437.1581254320055,0.0,77.07769203186035
2563,4.0,4.065570886437862,0.06557088643786191,68.24631003414711,67.89758411417019,437.13546462495526,0.0,77.07228088378906
2564,4.0,4.0653236908768955,0.06532369087689549,68.24545352474625,67.89758176757174,437.11198104666346,0.0,77.0666275024414
2565,4.0,4.065093866756608,0.06509386675660789,68.24453922420976,67.89758998422883,437.09014775523616,0.0,77.0612382888794
2566,4.0,4.0648693099669515,0.0648693099669515,68.24356172725861,67.89758738241757,437.0688148602188,0.0,77.05587768554688
2567,4.0,4.0646362398407865,0.06463623984078648,68.24251758046795,67.89760457202372,437.0466731982331,0.0,77.05028057098389
2568,4.0,4.064418754964467,0.0644187549644668,68.24142196912908,67.89760905670653,437.02601213498275,0.0,77.04492092132568
2569,4.0,4.064191050767193,0.06419105076719323,68.24025285171157,67.89761178102863,437.00438023624173,0.0,77.03928470611572
2570,4.0,4.063978983486245,0.06397898348624498,68.23902379140065,67.897615234094,436.9842338445517,0.0,77.0338773727417
2571,4.0,4.06380961423619,0.06380961423618992,68.23773575773117,67.89760587002256,436.96814376579647,0.0,77.02921295166016
2572,4.0,4.06364498022368,0.06364498022368004,68.2363993628791,67.89761488148709,436.952503534608,0.0,77.02458381652832
2573,4.0,4.063483303452936,0.06348330345293629,68.2350148907641,67.89761327312493,436.93714424138733,0.0,77.01995658874512
2574,4.0,4.063311723147366,0.06331172314736566,68.23358369152318,67.89760446876876,436.9208441123581,0.0,77.01508903503418
2575,4.0,4.06315651281827,0.06315651281826984,68.2320904034797,67.89760702504167,436.90609913109404,0.0,77.01046180725098
2576,4.0,4.063002239444309,0.06300223944430883,68.23055253699854,67.89760546427036,436.89144316056775,0.0,77.00580215454102
2577,4.0,4.0628495468668495,0.06284954686684951,68.22897279626505,67.89760812765921,436.8769373657091,0.0,77.00112533569336
2578,4.0,4.062698790692791,0.06269879069279138,68.22734182623746,67.89761631690543,436.8626155291736,0.0,76.99642753601074
2579,4.0,4.0625389420056095,0.0625389420056095,68.22567413248682,67.89760965246862,436.8474299038913,0.0,76.99151611328125
2580,4.0,4.06239402980996,0.062394029809960116,68.2239650542666,67.89761188058529,436.8336632453046,0.0,76.98684120178223
2581,4.0,4.062253646507638,0.06225364650763776,68.22221022054288,67.89760713120398,436.820326831584,0.0,76.9822006225586
2582,4.0,4.0621162289771355,0.062116228977135535,68.22041221888091,67.89761165843952,436.8072721661863,0.0,76.97756767272949
2583,4.0,4.061981767998207,0.06198176799820665,68.21857120368642,67.8976066879676,436.79449837318805,0.0,76.97294235229492
2584,4.0,4.061836310811353,0.0618363108113531,68.21669667102965,67.89760830409949,436.7806799404369,0.0,76.96807098388672
2585,4.0,4.061706377642317,0.06170637764231657,68.21478105360035,67.89761017975694,436.76833628937845,0.0,76.96344757080078
2586,4.0,4.061579135141488,0.06157913514148827,68.21281674355754,67.89760754637373,436.7562482517998,0.0,76.95882034301758
2587,4.0,4.061453025953233,0.061453025953232654,68.210819751678,67.89760271538694,436.7442678789155,0.0,76.95417785644531
2588,4.0,4.061329334038671,0.061329334038671135,68.20879218253414,67.89760032701643,436.7325171470322,0.0,76.94954681396484
2589,4.0,4.061195011078938,0.06119501107893832,68.20673338297124,67.89760700725141,436.71975646585753,0.0,76.9446792602539
2590,4.0,4.061074917921278,0.06107491792127817,68.20464850194713,67.89761206215489,436.7083476158798,0.0,76.9400520324707
2591,4.0,4.060947776487515,0.060947776487514815,68.20252969504531,67.83501410473548,436.6962691796723,0.0,76.93525314331055
2592,4.0,4.060797848474441,0.06079784847444092,68.20037072399839,67.82785408058707,436.6820260184303,0.0,76.92997741699219
2593,4.0,4.060642237118359,0.060642237118359255,68.19817853058694,67.84922572898098,436.66724293960254,0.0,76.92455673217773
2594,4.0,4.060528420768057,0.06052842076805742,68.19593358168872,67.87772122882731,436.65643038632385,0.0,76.91986846923828
2595,4.0,4.060427844794992,0.06042784479499197,68.19365892032862,67.90530122134909,436.6468756688826,0.0,76.91539764404297
2596,4.0,4.060330096532384,0.0603300965323843,68.1913501850388,67.92578124846057,436.6375895839349,0.0,76.91094207763672
2597,4.0,4.060303728964761,0.06030372896476077,68.18899590878264,67.93583316866966,436.63508466501065,0.0,76.90778732299805
2598,4.0,4.060255789850348,0.06025578985034841,68.18662167031854,67.93532435064033,436.6305304491415,0.0,76.90420150756836
2599,4.0,4.060174271233337,0.06017427123333707,68.18421938039812,67.92625867992506,436.6227861805254,0.0,76.89994812011719
2600,4.0,4.060111612281391,0.06011161228139095,68.18179455052761,67.91240701600123,436.61683358009054,0.0,76.89602661132812
2601,4.0,4.060106433370475,0.06010643337047483,68.1793447193864,67.89787146808969,436.6163415835535,0.0,76.8931655883789
2602,4.0,4.06004287175639,0.06004287175638989,68.1768774296971,67.88605907100705,436.61030323021544,0.0,76.88917922973633
2603,4.0,4.059972327511639,0.05997232751163928,68.17439201344845,67.87913045612414,436.60360152696416,0.0,76.88504028320312
2604,4.0,4.059932288256585,0.0599322882565847,68.17188814145135,67.87784350760704,436.59979779773397,0.0,76.8814582824707
2605,4.0,4.059870506205481,0.05987050620548118,68.16936368770293,67.88123821276217,436.5939285028791,0.0,76.87744140625
2606,4.0,4.059838166157837,0.05983816615783688,68.16682176037219,67.88766113928904,436.5908561983529,0.0,76.87396240234375
2607,4.0,4.059794450558829,0.059794450558828594,68.16426444663063,67.89509536070838,436.5867032164471,0.0,76.8702507019043
2608,4.0,4.059743010512173,0.05974301051217257,68.16167778156617,67.90165638242635,436.5818164120148,0.0,76.86635971069336
2609,4.0,4.059719246255783,0.059719246255783176,68.15908306669488,67.90602994233068,436.5795588076578,0.0,76.86298370361328
2610,4.0,4.059670396074025,0.0596703960740248,68.15646972147785,67.90765736399226,436.57491804039074,0.0,76.85911178588867
2611,4.0,4.059649173643972,0.059649173643972375,68.15384917113687,67.90669941660957,436.5729019095358,0.0,76.85575485229492
2612,4.0,4.059615815745319,0.05961581574531927,68.15120228775618,67.90386582515464,436.56973290916375,0.0,76.85213851928711
2613,4.0,4.0595696248086695,0.05956962480866945,68.1485509056848,67.90017667606439,436.565344770182,0.0,76.84827423095703
2614,4.0,4.059547058234965,0.059547058234964645,68.14590206946274,67.89661120520127,436.56320094568,0.0,76.8448600769043
2615,4.0,4.0594997142390925,0.059499714239092505,68.14324287430986,67.89397238122065,436.5587032660722,0.0,76.8409652709961
2616,4.0,4.059478694425521,0.059478694425521006,68.14055785096586,67.89266394822975,436.5567063837829,0.0,76.83753967285156
2617,4.0,4.059443324317254,0.059443324317253854,68.13785994837222,67.89271921827886,436.5533462234975,0.0,76.83382797241211
2618,4.0,4.059396971577761,0.059396971577760915,68.13514335775622,67.89386596731865,436.5489427132457,0.0,76.82988739013672
2619,4.0,4.059374718674654,0.05937471867465405,68.1324146434498,67.89562254458103,436.54682868745056,0.0,76.82638931274414
2620,4.0,4.059326691406426,0.05932669140642588,68.12967192037102,67.89748504720757,436.5422660969689,0.0,76.8223876953125
2621,4.0,4.059304982859302,0.05930498285930241,68.12691031146548,67.89901108163029,436.5402037849921,0.0,76.81886291503906
2622,4.0,4.059295886519752,0.05929588651975237,68.1241467624758,67.89992038365067,436.5393396327349,0.0,76.8155746459961
2623,4.0,4.059285640535886,0.0592856405358857,68.12136189696768,67.90013144977895,436.53836626426755,0.0,76.81224060058594
2624,4.0,4.059302110537579,0.059302110537578834,68.11856173338961,67.8997247887867,436.5399309144284,0.0,76.80939483642578
2625,4.0,4.059304607670578,0.05930460767057788,68.11575924456571,67.89891977118566,436.5401681420633,0.0,76.80628204345703
2626,4.0,4.059307405257173,0.05930740525717315,68.11294495160823,67.89798468014881,436.54043391278987,0.0,76.80316162109375
2627,4.0,4.059322993424031,0.05932299342403091,68.11013256879775,67.89713880755772,436.54191478864135,0.0,76.80028533935547
2628,4.0,4.059310438008785,0.05931043800878477,68.10731200686293,67.89656525171715,436.540722024193,0.0,76.79686737060547
2629,4.0,4.0593245704978225,0.05932457049782247,68.1044767073838,67.8963426706558,436.54206461065155,0.0,76.79393768310547
2630,4.0,4.0593279175523405,0.05932791755234046,68.10164645174594,67.89644048991215,436.54238258083075,0.0,76.79080963134766
2631,4.0,4.05932931085954,0.05932931085953985,68.09879484781867,67.89678107310935,436.54251494501466,0.0,76.7876205444336
2632,4.0,4.059345317464855,0.05934531746485483,68.09595521695486,67.89724789854938,436.5440355725196,0.0,76.78472137451172
2633,4.0,4.059333747041511,0.059333747041510954,68.09311133788263,67.89770796235081,436.54293638230195,0.0,76.78129577636719
2634,4.0,4.059348187546198,0.05934818754619808,68.09026417149538,67.89804795321834,436.5443082302472,0.0,76.77835845947266
2635,4.0,4.05934466208078,0.05934466208077982,68.08740964022164,67.89821998804895,436.54397331103246,0.0,76.77507302165031
2636,4.0,4.059343569448082,0.05934356944808172,68.08457397866327,67.89822248614975,436.5438695109262,0.0,76.77185487747192
2637,4.0,4.0593561310462665,0.05935613104626647,68.08173024031555,67.89808558216932,436.5450628627537,0.0,76.76888585090637
2638,4.0,4.059345227964632,0.0593452279646316,68.07887154187455,67.8978713943132,436.5440270699984,0.0,76.765456199646
2639,4.0,4.059359393747163,0.05935939374716259,68.07601635498459,67.89763566901652,436.54537281933887,0.0,76.76250457763672
2640,4.0,4.059359617377675,0.05935961737767492,68.07314929791035,67.89744661138548,436.54539406423754,0.0,76.75927591323853
2641,4.0,4.059359962143151,0.059359962143150646,68.07028105562924,67.89732467756957,436.54542681695773,0.0,76.75604820251465
2642,4.0,4.059389050773182,0.05938905077318157,68.06740361385481,67.89729196680257,436.5481902368106,0.0,76.75335359573364
2643,4.0,4.059433662728163,0.059433662728163306,68.06452515319071,67.89733677940278,436.55242837253394,0.0,76.75095129013062
2644,4.0,4.059489643786231,0.05948964378623067,68.06163585811105,67.89743301040205,436.55774657305034,0.0,76.74875164031982
2645,4.0,4.059532939257046,0.05953293925704628,68.05875592308259,67.89755586886866,436.5618596427778,0.0,76.74632263183594
2646,4.0,4.059575021874196,0.05957502187419639,68.0558820050206,67.89766079495264,436.56585749140703,0.0,76.74387741088867
2647,4.0,4.059630970179408,0.059630970179408216,68.05300743282227,67.89772665676158,436.57117258040216,0.0,76.7416934967041
2648,4.0,4.059672818993532,0.05967281899353161,68.05013333440925,67.89776195200749,436.5751482177439,0.0,76.73924350738525
2649,4.0,4.059727476995599,0.059727476995599105,68.04727123566946,67.89774760138793,436.5803407279403,0.0,76.7370491027832
2650,4.0,4.059769847708214,0.05976984770821403,68.04440796776899,67.89771089073027,436.58436594563875,0.0,76.73462104797363
2651,4.0,4.059811753417597,0.05981175341759659,68.04156100960283,67.89765504688098,436.5883469880301,0.0,76.73220252990723
2652,4.0,4.0598658155638985,0.05986581556389847,68.03870995572774,67.89759679666372,436.5934828919288,0.0,76.73000907897949
2653,4.0,4.05990671180455,0.059906711804550206,68.0358631274959,67.89756140993349,436.5973680347907,0.0,76.72757148742676
2654,4.0,4.059962125734639,0.059962125734639216,68.03303015452111,67.89753849830122,436.60263235814915,0.0,76.72542381286621
2655,4.0,4.060003625142362,0.060003625142361905,68.03020886036776,67.897535642747,436.6065748018828,0.0,76.72302627563477
2656,4.0,4.060040910408828,0.060040910408828196,68.0274125701244,67.89755739596733,436.6101169021971,0.0,76.72057723999023
2657,4.0,4.060091222569166,0.06009122256916566,68.02461285603158,67.89757395212814,436.6148965574291,0.0,76.71837043762207
2658,4.0,4.0601280748311455,0.06012807483114546,68.02182054951426,67.89761354801377,436.6183975223172,0.0,76.71591758728027
2659,4.0,4.060175808638343,0.06017580863834304,68.01903371817556,67.89761815806358,436.622932234001,0.0,76.71367645263672
2660,4.0,4.060209867686502,0.06020986768650172,68.01625448896208,67.89763993228998,436.62616784357607,0.0,76.71118545532227
2661,4.0,4.060236415461892,0.06023641546189218,68.01347339412948,67.89763194341741,436.6286898822382,0.0,76.70855039358139
2662,4.0,4.060308766189168,0.06030876618916814,68.01070272684676,67.89763874041329,436.6355632013294,0.0,76.70679235458374
2663,4.0,4.060381874767934,0.06038187476793411,68.00793357493667,67.89762154729128,436.64250851631215,0.0,76.70505023002625
2664,4.0,4.060470315201996,0.06047031520199564,68.00516118929085,67.89762330166695,436.650910357548,0.0,76.70359396934509
2665,4.0,4.060546589199339,0.06054658919933864,68.00240138062456,67.89759826714975,436.65815638729555,0.0,76.70192193984985
2666,4.0,4.060632223692384,0.06063222369238375,67.99965592462978,67.89758954699225,436.66629166413486,0.0,76.70044279098511
2667,4.0,4.060714222949288,0.0607142229492883,67.99692580109803,67.89759196029006,436.6740815935408,0.0,76.69891214370728
2668,4.0,4.060786981969406,0.060786981969405574,67.99421227471902,67.89758335878784,436.68099370045195,0.0,76.69722557067871
2669,4.0,4.060870893753287,0.060870893753286914,67.99151206076927,67.89758733724989,436.68896531992067,0.0,76.69576454162598
2670,4.0,4.060941058501372,0.060941058501372325,67.98882652931957,67.897597606516,436.69563097098876,0.0,76.69406032562256
2671,4.0,4.061020308310284,0.061020308310284044,67.98614117013938,67.8976062305969,436.70315970283536,0.0,76.6925277709961
2672,4.0,4.061099262254958,0.061099262254957765,67.98347862184711,67.89761760199495,436.7106603275794,0.0,76.69101524353027
2673,4.0,4.061167759872211,0.06116775987221068,67.98083819426722,67.89762924045795,436.7171676012184,0.0,76.68933010101318
2674,4.0,4.06125072694754,0.061250726947539746,67.97821265254869,67.89763705868343,436.72504947337467,0.0,76.68793487548828
2675,4.0,4.0613171090222115,0.06131710902221155,67.97559260450518,67.89762187142753,436.7313557704685,0.0,76.6862325668335
