Step,Desired Gap (s),Actual Gap (s),Error (s),Ego Speed (km/h),Target Speed (km/h),Incremental Torque (Nm),Incremental Brake Torque (Nm),Vehicle Distance (m)
0,4.0,9.77545103558221,5.7754510355822095,48.22841613140776,68.04595940019566,668.50784838031,0.0,130.9595890045166
1,4.0,9.902008208205944,5.9020082082059435,47.71367669339872,68.04595975281043,680.5307797795647,0.0,131.23922729492188
2,4.0,9.993558852469889,5.993558852469889,47.379293718306556,68.04596081309826,689.2280909846395,0.0,131.52437782287598
3,4.0,10.024123284336243,6.024123284336243,47.337987310350584,68.04595760953323,692.1317120119431,0.0,131.811616897583
4,4.0,9.993906038834915,5.993906038834915,47.583771153802104,68.04595837411227,689.261073689317,0.0,132.09659385681152
5,4.0,9.922882857554573,5.922882857554573,48.02582008001613,68.04595379467101,682.5138714676845,0.0,132.37627410888672
6,4.0,9.827055328912719,5.827055328912719,48.593872848058815,68.04596000009333,673.4102562467083,0.0,132.64852142333984
7,4.0,9.716726928700579,5.716726928700579,49.24330045747916,68.04596398768591,662.9290582265551,0.0,132.91213989257812
8,4.0,9.59948985349861,5.599489853498611,49.94003986264994,68.04595646568738,651.791536082368,0.0,133.16636276245117
9,4.0,9.48029873702936,5.48029873702936,50.66075041293827,68.04594939267434,640.4683800177892,0.0,133.41084671020508
10,4.0,9.362475564373346,5.362475564373346,51.38849764239675,68.04595382416119,629.2751786154679,0.0,133.6454315185547
11,4.0,9.248284173000386,5.2482841730003855,52.11049382991884,68.04594566401914,618.4269964350366,0.0,133.87018203735352
12,4.0,9.139254709231814,5.139254709231814,52.81687973106674,68.04594974018492,608.0691973770223,0.0,134.08525466918945
13,4.0,9.036163265570208,5.036163265570208,53.501329676055036,68.04595486519855,598.2755102291698,0.0,134.29076385498047
14,4.0,8.939311862069568,4.939311862069568,54.16006749691756,68.04595781186347,589.074626896609,0.0,134.4871482849121
15,4.0,8.848677755693657,4.848677755693657,54.79109235058444,68.04595624866742,580.4643867908975,0.0,134.67464447021484
16,4.0,8.764062773785389,4.764062773785389,55.39363113077754,68.04595554702202,572.425963509612,0.0,134.8536834716797
17,4.0,8.685155152277776,4.685155152277776,55.967768828039624,68.04595592505633,564.9297394663887,0.0,135.02465438842773
18,4.0,8.611589972230863,4.611589972230863,56.51411033206916,68.04595444799773,557.941047361932,0.0,135.18787384033203
19,4.0,8.542989012274289,4.542989012274289,57.033604760725154,68.04595287317358,551.4239561660575,0.0,135.3437385559082
20,4.0,8.478973550130563,4.478973550130563,57.52740974320014,68.04595260186846,545.3424872624036,0.0,135.49260711669922
21,4.0,8.419179355045726,4.419179355045726,57.996781719512356,68.04596267432333,539.662038729344,0.0,135.63480758666992
22,4.0,8.363266271641391,4.3632662716413915,58.44300080445464,68.04595869484953,534.3502958059322,0.0,135.77066040039062
23,4.0,8.310915806152298,4.310915806152298,58.86735603160643,68.04595316844527,529.3770015844683,0.0,135.90045547485352
24,4.0,8.261844677117788,4.261844677117788,59.27106964781227,68.04595974720539,524.7152443261898,0.0,136.0245475769043
25,4.0,8.215786163448604,4.215786163448604,59.655315263825656,68.04595537048095,520.3396855276173,0.0,136.1431427001953
26,4.0,8.172501172352924,4.1725011723529235,60.02120227362908,68.0459620347017,516.2276113735278,0.0,136.25648498535156
27,4.0,8.1317865085806,4.1317865085806,60.36977257763011,68.04596021081511,512.359718315157,0.0,136.36502838134766
28,4.0,8.093437645423665,4.0934376454236645,60.701998933734494,68.04596583720803,508.7165763152482,0.0,136.46884536743164
29,4.0,8.057250659334061,4.057250659334061,61.01897463937835,68.04595873027732,505.2788126367358,0.0,136.5681037902832
30,4.0,8.02295716920508,4.02295716920508,61.32244413853939,68.04595718805408,502.02093107448263,0.0,136.66315078735352
31,4.0,7.990265662592005,3.990265662592005,61.61431374146489,68.04595063386876,498.9152379462405,0.0,136.75409317016602
32,4.0,7.958959138989055,3.958959138989055,61.89603463922991,68.0459480001991,495.9411182039603,0.0,136.84111404418945
33,4.0,7.928873381900321,3.9288733819003214,62.16862309005181,68.04594541126907,493.0829712805305,0.0,136.9242057800293
34,4.0,7.899891396778474,3.8998913967784743,62.43289292959115,68.0459467245272,490.3296826939551,0.0,137.00363159179688
35,4.0,7.871916517845502,3.871916517845502,62.68944581229366,68.04594831593022,487.6720691953227,0.0,137.0794677734375
36,4.0,7.84486562378944,3.84486562378944,62.93874974014151,68.04595409634426,485.10223425999686,0.0,137.15167617797852
37,4.0,7.81868932999806,3.81868932999806,63.181199986936754,68.04596564871838,482.6154863498157,0.0,137.2206039428711
38,4.0,7.793325646890136,3.7933256468901364,63.417115052061284,68.04596118059061,480.205936454563,0.0,137.28617477416992
39,4.0,7.768733331669344,3.7687333316693437,63.646761957150055,68.04595490350992,477.86966650858767,0.0,137.3485336303711
40,4.0,7.744868386580934,3.744868386580934,63.8703787612724,68.04595781884923,475.60249672518876,0.0,137.40768814086914
41,4.0,7.721701170939941,3.721701170939941,64.08816884521941,68.0459442813824,473.4016112392944,0.0,137.46380233764648
42,4.0,7.699196908974096,3.6991969089740957,64.3003197491994,68.04594248610675,471.2637063525391,0.0,137.51689529418945
43,4.0,7.677330335948152,3.6773303359481524,64.50700896669527,68.04594069241199,469.18638191507443,0.0,137.5671157836914
44,4.0,7.6560755214242775,3.6560755214242775,64.70838412048973,68.04595096406597,467.16717453530634,0.0,137.61452102661133
45,4.0,7.635405208737539,3.635405208737539,64.9046140945583,68.04596024477145,465.20349483006623,0.0,137.65917459130287
46,4.0,7.615300440070265,3.615300440070265,65.09581963325236,68.04595664189944,463.2935418066752,0.0,137.70117330551147
47,4.0,7.5957345495231765,3.5957345495231765,65.28215080141351,68.04596525653727,461.4347822047017,0.0,137.74052453041077
48,4.0,7.576690639943211,3.5766906399432106,65.4637232408963,68.04596534356341,459.625610794605,0.0,137.77732753753662
49,4.0,7.558153005703328,3.5581530057033284,65.64065960693817,68.04596096238723,457.86453554181617,0.0,137.81170797348022
50,4.0,7.540100556633755,3.540100556633755,65.81308109184324,68.04595156275656,456.14955288020667,0.0,137.8436803817749
51,4.0,7.52251669779921,3.52251669779921,65.98110572237589,68.04595201436565,454.4790862909249,0.0,137.87332487106323
52,4.0,7.505381520727371,3.5053815207273713,66.14482736450876,68.04594567947537,452.85124446910027,0.0,137.90060138702393
53,4.0,7.488686256501931,3.488686256501931,66.3043664691083,68.04594740892297,451.2651943676834,0.0,137.92572164535522
54,4.0,7.47241119604915,3.4724111960491504,66.45981730690775,68.04594743059297,449.7190636246693,0.0,137.94863414764404
55,4.0,7.456542100678449,3.4565421006784494,66.61128050003184,68.04595421362593,448.21149956445265,0.0,137.96939373016357
56,4.0,7.441068905346918,3.441068905346918,66.75885441147028,68.04595943205506,446.74154600795725,0.0,137.98812103271484
57,4.0,7.425976630449917,3.4259766304499166,66.90262608178605,68.04595702449792,445.30777989274213,0.0,138.00481605529785
58,4.0,7.411253842705035,3.411253842705035,67.042685040539,68.04595296782621,443.9091150569783,0.0,138.0195436477661
59,4.0,7.396888722934414,3.3968887229344142,67.17910568354544,68.04595347683534,442.54442867876935,0.0,138.0323247909546
60,4.0,7.382872059898222,3.3828720598982223,67.31198673103694,68.04595524305495,441.21284569033116,0.0,138.04327392578125
61,4.0,7.369193362013649,3.3691933620136494,67.4414019241414,68.04596145972532,439.91336939129667,0.0,138.05242538452148
62,4.0,7.355839842314405,3.3558398423144054,67.5674394795307,68.04595661958585,438.64478501986855,0.0,138.05979537963867
63,4.0,7.3428040497786675,3.3428040497786675,67.69016751221872,68.04594796360261,437.4063847289734,0.0,138.06545448303223
64,4.0,7.330077356545569,3.3300773565455692,67.80966126055714,68.0459522299497,436.19734887182904,0.0,138.06946182250977
65,4.0,7.317645058482606,3.317645058482606,67.92599986283565,68.04595380323,435.01628055584763,0.0,138.0717658996582
66,4.0,7.305504194387427,3.305504194387427,68.03924745841702,68.0459552448945,433.8628984668055,0.0,138.07250213623047
67,4.0,7.293644656785994,3.293644656785994,68.14946759445479,68.04595135996374,432.7362423946695,0.0,138.0716667175293
68,4.0,7.282057170146508,3.2820571701465084,68.2567319051565,68.04596137542006,431.63543116391827,0.0,138.0692844390869
69,4.0,7.270737675575368,3.2707376755753677,68.36109487809264,68.04596035979522,430.56007917965997,0.0,138.0654411315918
70,4.0,7.2596809904847905,3.2596809904847905,68.46263322521732,68.04595482078456,429.5096940960551,0.0,138.06024360656738
71,4.0,7.248874217279069,3.248874217279069,68.56142033723522,68.04595096720008,428.48305064151157,0.0,138.05364227294922
72,4.0,7.238313575671838,3.238313575671838,68.65748279700617,68.04595421588411,427.47978968882467,0.0,138.04566383361816
73,4.0,7.227993244597221,3.2279932445972213,68.75089981581773,68.04594716662496,426.49935823673604,0.0,138.0363998413086
74,4.0,7.217906843652037,3.2179068436520373,68.84171347204192,68.04595272307998,425.54115014694355,0.0,138.02585411071777
75,4.0,7.208049071073877,3.2080490710738774,68.92999279967795,68.0459537227892,424.6046617520184,0.0,138.01410293579102
76,4.0,7.198414216680217,3.1984142166802174,69.01578707691962,68.04595976694928,423.6893505846207,0.0,138.00117301940918
77,4.0,7.188992819055284,3.188992819055284,69.09914730426347,68.0459561459973,422.794317810252,0.0,137.9870204925537
78,4.0,7.1797840791194085,3.1797840791194085,69.18013206575964,68.045949184339,421.9194875163438,0.0,137.97178077697754
79,4.0,7.170779525948161,3.170779525948161,69.25878479683352,68.04594637373273,421.06405496507534,0.0,137.9554100036621
80,4.0,7.161977684329581,3.161977684329581,69.33515027528519,68.04595135618125,420.22788001131016,0.0,137.9379997253418
81,4.0,7.153370661153471,3.1533706611534713,69.4092815138846,68.04595637162511,419.4102128095798,0.0,137.9195327758789
82,4.0,7.144955459237939,3.1449554592379387,69.48122042914393,68.04595879928284,418.6107686276042,0.0,137.90006256103516
83,4.0,7.1367272398669375,3.1367272398669375,69.55101793919253,68.04595750726584,417.8290877873591,0.0,137.87962341308594
84,4.0,7.128679031733017,3.128679031733017,69.61872298762773,68.04595847711913,417.06450801463666,0.0,137.85820299386978
85,4.0,7.120809857143929,3.1208098571439287,69.6843638599147,68.04596102813986,416.3169364286732,0.0,137.83586251735687
86,4.0,7.113111457806348,3.1131114578063483,69.74799370759949,68.0459622821728,415.58558849160306,0.0,137.81257033348083
87,4.0,7.105581377840736,3.1055813778407364,69.80965914525886,68.04594863519829,414.8702308948699,0.0,137.7883927822113
88,4.0,7.09821736272253,3.0982173627225302,69.86939621213521,68.04595090876697,414.17064945864036,0.0,137.76337814331055
89,4.0,7.09101675589965,3.09101675589965,69.92724220399964,68.04594250716022,413.48659181046673,0.0,137.7375683784485
90,4.0,7.083975282315043,3.083975282315043,69.98324327609937,68.04594538606322,412.8176518199291,0.0,137.71099042892456
91,4.0,7.077089799506796,3.077089799506796,70.03743021747609,68.04594742921387,412.1635309531456,0.0,137.68366193771362
92,4.0,7.070356542843726,3.070356542843726,70.0898426293865,68.04594775864248,411.5238715701539,0.0,137.65560483932495
93,4.0,7.063774405241398,3.063774405241398,70.14052459756513,68.04594706520415,410.89856849793284,0.0,137.6269006729126
94,4.0,7.057337020579212,3.0573370205792116,70.18949728603627,68.04595359085731,410.28701695502514,0.0,137.5974826812744
95,4.0,7.051038622650228,3.0510386226502284,70.23680337520751,68.04596582415019,409.6886691517717,0.0,137.5673370361328
96,4.0,7.044879428750493,3.044879428750493,70.282480211676,68.04596285995727,409.1035457312968,0.0,137.53655529022217
97,4.0,7.038858439194717,3.0388584391947173,70.32655323323316,68.04595866356588,408.5315517234982,0.0,137.50518131256104
98,4.0,7.032967387350634,3.0329673873506344,70.36908086126928,68.04594932958963,407.9719017983102,0.0,137.47318077087402
99,4.0,7.027211288031757,3.027211288031757,70.4100535054508,68.04595596622656,407.42507236301697,0.0,137.4406452178955
100,4.0,7.021582354130299,3.021582354130299,70.44952990758993,68.04595695267048,406.89032364237835,0.0,137.40754890441895
101,4.0,7.016075844062035,3.016075844062035,70.48754510585381,68.04595554216999,406.36720518589334,0.0,137.3738784790039
102,4.0,7.010695660963325,3.010695660963325,70.52411022930401,68.04595822230013,405.85608779151585,0.0,137.33974266052246
103,4.0,7.00543414940795,3.00543414940795,70.55927452113963,68.04596094657845,405.3562441937553,0.0,137.30509757995605
104,4.0,7.000288961311226,3.0002889613112256,70.59305671315224,68.04595652403837,404.86745132456645,0.0,137.2699432373047
105,4.0,6.995255443960099,2.995255443960099,70.62549119234473,68.04595445966359,404.3892671762094,0.0,137.2342643737793
106,4.0,6.990337422897394,2.990337422897394,70.6566065316298,68.04595646656323,403.92205517525247,0.0,137.19820022583008
107,4.0,6.985530409437864,2.985530409437864,70.68642023151094,68.04594849647852,403.4653888965971,0.0,137.16170501708984
108,4.0,6.980834209187751,2.9808342091877513,70.71496654373159,68.04595545972204,403.0192498728363,0.0,137.124849319458
109,4.0,6.976247505648378,2.976247505648378,70.74227458359051,68.0459519091665,402.58351303659595,0.0,137.08767127990723
110,4.0,6.971762955060768,2.9717629550607683,70.76836592005452,68.04595847080795,402.15748073077305,0.0,137.05007553100586
111,4.0,6.967382535616256,2.967382535616256,70.793266232086,68.04595661333222,401.74134088354435,0.0,137.01215744018555
112,4.0,6.963099877369035,2.963099877369035,70.81700932780265,68.04596116448592,401.33448835005834,0.0,136.97386360168457
113,4.0,6.958917138016414,2.958917138016414,70.83960365359368,68.04596334076108,400.93712811155933,0.0,136.93525886535645
114,4.0,6.954829587038124,2.954829587038124,70.86109238649165,68.0459604214192,400.5488107686218,0.0,136.8963394165039
115,4.0,6.950835219450731,2.950835219450731,70.88148918765042,68.04595579294455,400.1693458478195,0.0,136.85709762573242
116,4.0,6.9469357910918825,2.9469357910918825,70.90081593443145,68.0459571218505,399.7989001537288,0.0,136.8176155090332
117,4.0,6.943126994984951,2.943126994984951,70.91910611214294,68.0459624245842,399.43706452357037,0.0,136.7778778076172
118,4.0,6.939407656223636,2.9394076562236364,70.93636732855022,68.04595776600524,399.08372734124544,0.0,136.7378807067871
119,4.0,6.935775985664924,2.9357759856649244,70.95263140331338,68.04595279446657,398.7387186381678,0.0,136.6976547241211
120,4.0,6.932228912919022,2.9322289129190224,70.96792560396881,68.04594823747782,398.4017467273071,0.0,136.65719604492188
121,4.0,6.928766098509369,2.928766098509369,70.98226523265974,68.04595259965858,398.0727793583901,0.0,136.6165313720703
122,4.0,6.925388421566765,2.9253884215667654,70.99565716849669,68.0459435576922,397.7519000488427,0.0,136.5756950378418
123,4.0,6.922090093873725,2.9220900938737246,71.00814303526401,68.04594730479019,397.4385589180039,0.0,136.5346565246582
124,4.0,6.918871999976881,2.918871999976881,71.01973783104302,68.04594561319212,397.13283999780367,0.0,136.49346542358398
125,4.0,6.915726971346257,2.915726971346257,71.03045793427546,68.04594421257532,396.8340622778944,0.0,136.4520149230957
126,4.0,6.912664007537924,2.9126640075379244,71.04033249532006,68.0459503125885,396.54308071610285,0.0,136.41054153442383
127,4.0,6.90967620801902,2.90967620801902,71.04934950615826,68.04596103659338,396.25923976180695,0.0,136.36888885498047
128,4.0,6.9067606555907055,2.9067606555907055,71.05755944357303,68.04596662991364,395.9822622811171,0.0,136.32709884643555
129,4.0,6.903917903789329,2.9039179037893286,71.0649752210196,68.04595960046295,395.7122008599862,0.0,136.28520965576172
130,4.0,6.901145201596767,2.9011452015967674,71.07161997393523,68.04596726704098,395.44879415169294,0.0,136.24321365356445
131,4.0,6.898441888527045,2.898441888527045,71.07750932909319,68.04596546866553,395.1919794100693,0.0,136.20112991333008
132,4.0,6.895810614284548,2.8958106142845477,71.08264876217746,68.04595948630887,394.942008357032,0.0,136.1590232849121
133,4.0,6.893246273746883,2.8932462737468834,71.08706997791063,68.04595457710371,394.6983960059539,0.0,136.1168556213379
134,4.0,6.8907507113386695,2.8907507113386695,71.09077693236439,68.04594652288897,394.46131757717365,0.0,136.0746726989746
135,4.0,6.888314778584243,2.8883147785842427,71.09380334931602,68.04594729610109,394.229903965503,0.0,136.0323600769043
136,4.0,6.885947633370571,2.885947633370571,71.09614561397552,68.04595202629368,394.00502517020425,0.0,135.99009323120117
137,4.0,6.883645958266306,2.883645958266306,71.09781526939032,68.04595515941577,393.786366035299,0.0,135.9478302001953
138,4.0,6.881401490982191,2.8814014909821912,71.0988450721098,68.04595669827675,420.9464558076389,0.0,135.9054718017578
139,4.0,6.8781335138030775,2.8781335138030775,71.11041173399545,68.04596020748227,420.6359979756231,0.0,135.86302947998047
140,4.0,6.872901812537009,2.872901812537009,71.14212852318035,68.04596635985274,420.1389863553467,0.0,135.82024002075195
141,4.0,6.866374316263058,2.866374316263058,71.18703928762129,68.04595993072084,419.5188742093213,0.0,135.77690505981445
142,4.0,6.858999836335445,2.858999836335445,71.2404291734289,68.04595325202506,418.81829861619815,0.0,135.73280334472656
143,4.0,6.851098164325566,2.851098164325566,71.29902517335846,68.04594486594135,418.0676397752595,0.0,135.68795013427734
144,4.0,6.8428859407642815,2.8428859407642815,71.360569469654,68.04594994226511,417.28747853693756,0.0,135.6422882080078
145,4.0,6.834509524975115,2.8345095249751147,71.42349727729845,68.04594741895117,416.49171903696674,0.0,135.5957145690918
146,4.0,6.826075763375449,2.8260757633754494,71.48671333706041,68.0459551369077,415.69051168499846,0.0,135.54825592041016
147,4.0,6.817658017261632,2.817658017261632,71.54946651346945,68.04595530445083,414.89082580418585,0.0,135.49994277954102
148,4.0,6.809304829158823,2.8093048291588234,71.6112542213993,68.04595561149087,414.09727293441904,0.0,135.4507942199707
149,4.0,6.801049439402407,2.801049439402407,71.67172084444482,68.04595699429203,413.3130109075595,0.0,135.40081024169922
150,4.0,6.792914281511757,2.7929142815117567,71.73063823732774,68.04596499041818,412.54017090794764,0.0,135.3500213623047
151,4.0,6.7849105378676065,2.7849105378676065,71.7878490191355,68.0459689399498,411.77981526175347,0.0,135.29837036132812
152,4.0,6.777059534388487,2.7770595343884867,71.84325491647728,68.04597138560092,411.03396993123704,0.0,135.24611547589302
153,4.0,6.7693511905311405,2.7693511905311405,71.89681553603008,68.04596093899582,410.3016772647892,0.0,135.19299829006195
154,4.0,6.7617952543126085,2.7617952543126085,71.94849588352834,68.04594491325521,409.5838633240286,0.0,135.13916611671448
155,4.0,6.754389980708747,2.754389980708747,71.99830365541564,68.04594278907315,408.8803623316618,0.0,135.08461689949036
156,4.0,6.74713836380291,2.74713836380291,72.04623204330484,68.04593736114235,408.1914587256073,0.0,135.0294156074524
157,4.0,6.740037171140082,2.7400371711400817,72.09230576850713,68.0459389069792,407.51684542263854,0.0,134.97356128692627
158,4.0,6.733087760956752,2.733087760956752,72.13654249779007,68.0459390918839,406.8566514552223,0.0,134.91713094711304
159,4.0,6.726280985832373,2.726280985832373,72.17897300429219,68.04593974935757,406.2100078184062,0.0,134.8600149154663
160,4.0,6.719620751911377,2.7196207519113766,72.21962171069427,68.04594195295905,405.5772855959116,0.0,134.80235242843628
161,4.0,6.7131023886498795,2.7131023886498795,72.25852785598211,68.04594859158821,404.95804108606933,0.0,134.74413776397705
162,4.0,6.706725248531893,2.7067252485318933,72.29571518588226,68.0459573717702,404.3522127748606,0.0,134.68541622161865
163,4.0,6.700485859511451,2.700485859511451,72.33122596293106,68.04596199071865,403.75947081791867,0.0,134.62621021270752
164,4.0,6.694379354842226,2.6943793548422263,72.36506796478919,68.04595450668667,403.17935287434227,0.0,134.56644916534424
165,4.0,6.6884059207932385,2.6884059207932385,72.39730239755255,68.04595788983656,402.6118766396885,0.0,134.50626277923584
166,4.0,6.682563966522708,2.682563966522708,72.42794489054137,68.04595496106526,402.05689098398807,0.0,134.44565963745117
167,4.0,6.676849833038611,2.6768498330386112,72.45701733560821,68.04595557714259,401.51404830299884,0.0,134.38461780548096
168,4.0,6.671262445378283,2.671262445378283,72.48456687731974,68.04596104173596,400.9832464752677,0.0,134.3232135772705
169,4.0,6.665798368054296,2.665798368054296,72.51060848915638,68.04596299163065,400.46415912948896,0.0,134.26141548156738
170,4.0,6.660456982184839,2.660456982184839,72.5351751967235,68.04596021444624,399.95672747189053,0.0,134.19928169250488
171,4.0,6.65523516487167,2.6552351648716703,72.55829923253741,68.04596077959401,399.4606548271395,0.0,134.1368179321289
172,4.0,6.650128338191653,2.650128338191653,72.58001868692452,68.04595506869043,398.97550629253783,0.0,134.07401084899902
173,4.0,6.6451360287066334,2.6451360287066334,72.60035813256039,68.04595333214804,398.50123689146096,0.0,134.0109043121338
174,4.0,6.640255839117312,2.6402558391173123,72.61932514504572,68.04594496869065,398.0376188804755,0.0,133.94747161865234
175,4.0,6.635488225199779,2.6354882251997793,72.63697800802979,68.04594438030458,397.5846955583098,0.0,133.88383674621582
176,4.0,6.630830638284052,2.630830638284052,72.65332227363977,68.04594742274949,397.1422248013157,0.0,133.81996536254883
177,4.0,6.626280422628374,2.6262804226283736,72.66838038423676,68.04594960495642,396.7099543140263,0.0,133.75585174560547
178,4.0,6.621838651948464,2.6218386519484644,72.68219627636343,68.0459481292263,396.2879860994349,0.0,133.6916046142578
179,4.0,6.617497581676688,2.6174975816766883,72.69479581376143,68.04595544635106,395.87558442361615,0.0,133.6271209716797
180,4.0,6.613261064305375,2.613261064305375,72.70619285355234,68.04595105967394,395.47311527334136,0.0,133.56250953674316
181,4.0,6.60912884224639,2.60912884224639,72.71640296052853,68.04595817260076,395.0805541777379,0.0,133.49779891967773
182,4.0,6.605093833110542,2.6050938331105424,72.72546813781781,68.04596003087175,394.6972283098323,0.0,133.43292808532715
183,4.0,6.601156744803274,2.6011567448032737,72.73341137154897,68.04595833294898,394.32320492064184,0.0,133.36795806884766
184,4.0,6.59731284761545,2.5973128476154503,72.74026683598731,68.04596289095817,393.95803468779854,0.0,133.30286026000977
185,4.0,6.5935645126172835,2.5935645126172835,72.74604054406213,68.04596047739055,393.6019428629727,0.0,133.23769760131836
186,4.0,6.589907909362957,2.5899079093629567,72.75076991801369,68.04595943569261,393.25456555381163,0.0,133.17246502637863
187,4.0,6.586339711463393,2.586339711463393,72.75447826462555,68.04595512656476,392.91558675335307,0.0,133.10714149475098
188,4.0,6.582862624936752,2.5828626249367517,72.75717301398362,68.0459623210316,392.5852635333222,0.0,133.04179859161377
189,4.0,6.579470353237847,2.5794703532378467,72.75886601542561,68.04596119445796,392.26299772192624,0.0,132.97633385658264
190,4.0,6.576166986121784,2.576166986121784,72.75959589279746,68.0459606805507,391.9491778459003,0.0,132.9109034538269
191,4.0,6.572948488267365,2.5729484882673654,72.75938089231823,68.04595680208914,391.64342054973054,0.0,132.84546184539795
192,4.0,6.569813168699186,2.569813168699186,72.75824659114978,68.0459502754018,391.3455651907535,0.0,132.78002405166626
193,4.0,6.5667597597740155,2.5667597597740155,72.75622588897278,68.04595542657596,391.0554913428623,0.0,132.71462678909302
194,4.0,6.563784108180573,2.563784108180573,72.75334273767109,68.0459611727005,390.7728044414853,0.0,132.64923191070557
195,4.0,6.560889292334673,2.5608892923346733,72.74959960831016,68.04596472162284,390.4977969361248,0.0,132.5839080810547
196,4.0,6.558073438609508,2.558073438609508,72.74501654532715,68.04596277680122,390.2302908322341,0.0,132.51865577697754
197,4.0,6.55533547774492,2.5553354777449204,72.73962282728273,68.04595475299456,389.9701845500982,0.0,132.4535083770752
198,4.0,6.552673685254219,2.552673685254219,72.73341948170773,68.04594086478326,389.7173142634816,0.0,132.38843441009521
199,4.0,6.550084846060003,2.5500848460600034,72.72644510442794,68.04593588009982,389.4713745400311,0.0,132.3234405517578
200,4.0,6.54757310860223,2.54757310860223,72.71870170522341,68.04593437023156,389.23275948154264,0.0,132.2586154937744
201,4.0,6.545130733697194,2.545130733697194,72.71021484904074,68.04593888038201,389.00073386556426,0.0,132.19385051727295
202,4.0,6.542759238562984,2.542759238562984,72.70100961807904,68.04595246305044,388.77544182781423,0.0,132.12922286987305
203,4.0,6.540454023988809,2.5404540239888087,72.69111407451402,68.04595855043092,388.55644644326765,0.0,132.0646915435791
204,4.0,6.538221170692372,2.5382211706923723,72.68052898257855,68.04597221414123,412.4574265016837,0.0,132.00038146972656
205,4.0,6.535155903375196,2.5351559033751956,72.67920978642931,68.04597196169473,412.1662261065519,0.0,131.93610191345215
206,4.0,6.530469802706352,2.530469802706352,72.69585197443737,68.0459661610203,411.72104654301177,0.0,131.87168502807617
207,4.0,6.524711008359095,2.5247110083590947,72.72427450231235,68.04596779297937,411.1739610800223,0.0,131.80690956115723
208,4.0,6.518252220449114,2.5182522204491136,72.76030837969269,68.0459536883823,410.5603762285741,0.0,131.74167823791504
209,4.0,6.511355893402111,2.5113558934021114,72.80101644643074,68.04594384800228,409.9052251591089,0.0,131.67592430114746
210,4.0,6.5041980155283206,2.5041980155283206,72.84439267022557,68.0459418408816,409.22522676109884,0.0,131.6095428466797
211,4.0,6.496908126195811,2.4969081261958106,72.88903687858732,68.04594161696349,408.5326872745104,0.0,131.54260444641113
212,4.0,6.489569675613115,2.489569675613115,72.93397586617489,68.04594169142916,407.83553446915425,0.0,131.47503280639648
213,4.0,6.482245743752147,2.482245743752147,72.97851418072335,68.04594521668491,407.1397609423623,0.0,131.40685081481934
214,4.0,6.474975477091731,2.474975477091731,73.02221610507175,68.04595644035305,406.4490856096228,0.0,131.33807182312012
215,4.0,6.467785884802132,2.467785884802132,73.06474713521088,68.04595446921186,405.76607434211087,0.0,131.26865005493164
216,4.0,6.4606983267770675,2.4606983267770675,73.10590577134992,68.04595972386402,405.0927563297298,0.0,131.19866752624512
217,4.0,6.453725096525375,2.4537250965253747,73.14555578229805,68.04596159766899,404.43029945581895,0.0,131.12814140319824
218,4.0,6.446872283443795,2.4468722834437946,73.18359760569146,68.04597252567137,403.7792822130689,0.0,131.0570297241211
219,4.0,6.440146014918366,2.4401460149183656,73.2199884280091,68.04596356076286,403.14028670315304,0.0,130.98539352416992
220,4.0,6.433549408629103,2.433549408629103,73.25469929924446,68.04596033552097,402.51360910567314,0.0,130.91325759887695
221,4.0,6.427086111687659,2.427086111687659,73.28771981901609,68.04595529340247,401.89959589623595,0.0,130.84069061279297
222,4.0,6.42075385703173,2.4207538570317304,73.31906443601237,68.04594888970477,401.2980317039228,0.0,130.76768493652344
223,4.0,6.414553098512868,2.414553098512868,73.34872963994421,68.04594096522145,400.7089596446308,0.0,130.69425582885742
224,4.0,6.408479923792788,2.408479923792788,73.37675995459617,68.04593972947765,400.1320080462232,0.0,130.62041473388672
225,4.0,6.402535637547487,2.402535637547487,73.40315983321022,68.04594358436827,399.56730085291963,0.0,130.54620742797852
226,4.0,6.396718538951053,2.3967185389510526,73.42795768648456,68.04594657791712,399.0146764862584,0.0,130.47166061401367
227,4.0,6.391028099574265,2.3910280995742648,73.45118596428875,68.04595372647789,398.47408474546353,0.0,130.39683151245117
228,4.0,6.385458692638965,2.3854586926389647,73.47287587293488,68.04596236040196,397.94499108661,0.0,130.32167053222656
229,4.0,6.380012020679721,2.380012020679721,73.4930262147187,68.04596645425582,397.42755725048187,0.0,130.24621963500977
230,4.0,6.37468424026081,2.3746842402608097,73.51169989836579,68.04595968759413,396.9214181106853,0.0,130.1705207824707
231,4.0,6.369472229458322,2.3694722294583217,73.52891096365475,68.04595531569939,396.4262770844489,0.0,130.09454345703125
232,4.0,6.364378848452462,2.3643788484524624,73.54468224445606,68.04595227315409,395.94240588889227,0.0,130.01839447021484
233,4.0,6.359397881317401,2.359397881317401,73.55904242776955,68.04595267672903,395.46921401106147,0.0,129.9420051574707
234,4.0,6.354527216775237,2.354527216775237,73.57203564971745,68.04594724906177,395.0065008795559,0.0,129.86541748046875
235,4.0,6.349769903850365,2.3497699038503654,73.58364870713666,68.04594644772227,394.5545561516931,0.0,129.78867721557617
236,4.0,6.34512015276282,2.34512015276282,73.59394069738893,68.04594704132904,394.1128297983762,0.0,129.71177673339844
237,4.0,6.340579036272079,2.3405790362720786,73.60293472328306,68.04594755159926,393.6814237317558,0.0,129.63478469848633
238,4.0,6.336141319291192,2.336141319291192,73.61065150480681,68.04595398816272,393.2598406185716,0.0,129.55763626098633
239,4.0,6.331806601696738,2.331806601696738,73.61712082585679,68.04596030874548,392.84804244709846,0.0,129.4803810119629
240,4.0,6.3275724702212575,2.3275724702212575,73.62236137456324,68.04597187479338,392.4457999569278,0.0,129.40300750732422
241,4.0,6.323438513503394,2.323438513503394,73.62640562662054,68.04597180737582,392.0530740687308,0.0,129.32556915283203
242,4.0,6.319406310191349,2.319406310191349,73.62926524566423,68.04597065923674,391.67001475408654,0.0,129.2481231689453
243,4.0,6.315470506402739,2.3154705064027388,73.63096110362133,68.04597297649812,391.2961133941685,0.0,129.17060089111328
244,4.0,6.3116319779091805,2.3116319779091805,73.63153077256783,68.04596216711924,390.93145318728045,0.0,129.09309005737305
245,4.0,6.30788636817136,2.30788636817136,73.63100996078855,68.04595414037536,390.5756202621875,0.0,129.01556777954102
246,4.0,6.304239771295165,2.3042397712951654,73.62939092327136,68.0459475225965,390.2291935589491,0.0,128.93814849853516
247,4.0,6.300682839327607,2.3006828393276066,73.62673529367375,68.04594454132561,389.89128502203096,0.0,128.8607521057129
248,4.0,6.297214668951965,2.2972146689519652,73.62304980911769,68.04593972592141,389.5618088363451,0.0,128.78337478637695
249,4.0,6.29383809684084,2.2938380968408403,73.61834774594757,68.0459493689219,389.2410344857882,0.0,128.7061004638672
250,4.0,6.290547063514522,2.2905470635145218,73.61265928536982,68.04595452556698,388.92838631978793,0.0,128.6288604736328
251,4.0,6.287344063162995,2.287344063162995,73.605999779615,68.04595829204534,388.62410128639283,0.0,128.5517349243164
252,4.0,6.284226461586517,2.284226461586517,73.59839450386696,68.04596412686938,388.3279291366274,0.0,128.47471618652344
253,4.0,6.28119109180537,2.28119109180537,73.58986634596977,68.04595827791815,388.03956900741855,0.0,128.3977813720703
254,4.0,6.2782409015261464,2.2782409015261464,73.5804278780023,68.04596218150988,387.7593009308923,0.0,128.32101440429688
255,4.0,6.275369042448847,2.2753690424488466,73.57011909645182,68.04595826141365,387.48647431854874,0.0,128.24434661865234
256,4.0,6.272577856683937,2.272577856683937,73.55895989188116,68.04595661833183,387.2213116708824,0.0,128.16786193847656
257,4.0,6.269865580711636,2.2698655807116364,73.54695272333899,68.0459581877119,386.9636454535138,0.0,128.0915298461914
258,4.0,6.267228924257171,2.2672289242571706,73.53413116615519,68.04595993895632,386.71316309033955,0.0,128.01534271240234
259,4.0,6.264669147587656,2.2646691475876564,73.52050206141625,68.0459626370047,386.4699843067357,0.0,127.93933916091919
260,4.0,6.262184105058373,2.262184105058373,73.50610771901202,68.04596253439189,386.2339052664538,0.0,127.86354982852936
261,4.0,6.259772511350977,2.2597725113509766,73.49094740761261,68.04596164291074,386.00480386425113,0.0,127.7879478931427
262,4.0,6.257431406029497,2.2574314060294967,73.47504504382404,68.04595577001218,385.7823988587105,0.0,127.71251511573792
263,4.0,6.255162350538882,2.255162350538882,73.45842062125482,68.04595801369932,385.5668385871021,0.0,127.63731861114502
264,4.0,6.252964915558307,2.252964915558307,73.44110477651738,68.04596483869052,406.76124896175145,0.0,127.56240320205688
265,4.0,6.250080446955404,2.250080446955404,73.43195957422634,68.04596064827989,406.4872244444756,0.0,127.48768186569214
266,4.0,6.245834357770609,2.245834357770609,73.4387995182849,68.04595715472865,406.08384597192014,0.0,127.41293811798096
267,4.0,6.240689324631033,2.240689324631033,73.45613256889412,68.04596261606811,405.5950678236603,0.0,127.33802843093872
268,4.0,6.234954027204797,2.2349540272047967,73.48023797551832,68.04596017289526,405.0502145681679,0.0,127.26275157928467
269,4.0,6.228850176969047,2.228850176969047,73.50851452570322,68.04595941804175,404.47034879577166,0.0,127.18708992004395
270,4.0,6.222527388237279,2.222527388237279,73.53916081691828,68.0459550497703,403.8696838662538,0.0,127.1109561920166
271,4.0,6.2160925122425095,2.2160925122425095,73.57093369935976,68.04596004199949,403.2583706467507,0.0,127.03436946868896
272,4.0,6.209623100000456,2.2096231000004556,73.60294847222625,68.04595743339561,402.6437764837556,0.0,126.9573802947998
273,4.0,6.203172313181112,2.2031723131811116,73.6346135565783,68.04595775738176,402.0309517359178,0.0,126.88005447387695
274,4.0,6.1967698076665005,2.1967698076665005,73.66550965564466,68.0459509325302,401.4227137120298,0.0,126.80227947235107
275,4.0,6.190438782207968,2.190438782207968,73.69536025816582,68.04595009939973,400.8212662934692,0.0,126.72406005859375
276,4.0,6.184200596678539,2.184200596678539,73.72396366066873,68.04595281991207,400.2286386681735,0.0,126.64549446105957
277,4.0,6.178061346477283,2.178061346477283,73.75121702403621,68.04595768921912,399.64540989905413,0.0,126.5665397644043
278,4.0,6.172030579870961,2.1720305798709614,73.77702423699547,68.04595775404788,399.07248707145357,0.0,126.48723602294922
279,4.0,6.166110593876049,2.1661105938760494,73.80133995213279,68.04596120162415,398.51008840193697,0.0,126.40756225585938
280,4.0,6.160302909841448,2.160302909841448,73.82414144070802,68.04595538507783,397.9583584186498,0.0,126.3275203704834
281,4.0,6.154610992229215,2.154610992229215,73.84543626732746,68.04596040075674,397.41762624548767,0.0,126.2472038269043
282,4.0,6.149035993441653,2.149035993441653,73.86520296871947,68.04595691673043,396.88800136066925,0.0,126.1666088104248
283,4.0,6.143575340931181,2.1435753409311813,73.88347948834118,68.04596181702595,396.36923937217443,0.0,126.08575630187988
284,4.0,6.138226561678754,2.1382265616787537,73.9002794148998,68.04595814492002,395.8611053431938,0.0,126.0046272277832
285,4.0,6.132992769221075,2.132992769221075,73.91560746385376,68.04595788248191,395.3638950597144,0.0,125.92330169677734
286,4.0,6.127862745528283,2.127862745528283,73.92949296765634,68.04595706639144,394.8765428088991,0.0,125.84160715341568
287,4.0,6.122847533788307,2.122847533788307,73.94196403157318,68.04595755126473,394.4000976936014,0.0,125.75982558727264
288,4.0,6.1179439886552665,2.1179439886552665,73.95303460901738,68.04595775592871,393.93426090596256,0.0,125.67792320251465
289,4.0,6.113146399962167,2.113146399962167,73.96272379304163,68.04595246050154,393.47848998011807,0.0,125.59582185745239
290,4.0,6.108456278894449,2.108456278894449,73.97106551846869,68.04595428269475,393.0329284786849,0.0,125.51361656188965
291,4.0,6.1038738073886405,2.1038738073886405,73.97809593734215,68.04596284315842,392.5975936856331,0.0,125.43137836456299
292,4.0,6.0993979993023055,2.0993979993023055,73.98382452779111,68.04596297057851,392.17239191743124,0.0,125.34910869598389
293,4.0,6.095019388780654,2.0950193887806536,73.98828698503091,68.04595102676133,391.7564239178744,0.0,125.26667881011963
294,4.0,6.090742448410178,2.090742448410178,73.99150776449582,68.04595138417687,391.3501145826791,0.0,125.1842269897461
295,4.0,6.086563656576289,2.0865636565762893,73.99350038789306,68.04594810651791,390.9531293584597,0.0,125.10170841217041
296,4.0,6.08248535937146,2.08248535937146,73.9942957758555,68.04595563057316,390.565691124001,0.0,125.01922798156738
297,4.0,6.078502816449654,2.078502816449654,73.99391698913574,68.04595884488305,390.18734954642935,0.0,124.93673133850098
298,4.0,6.074614100308326,2.0746141003083256,73.99238182331901,68.04596040399481,389.81792151300317,0.0,124.8542127609253
299,4.0,6.07082162142362,2.0708216214236197,73.98972435050506,68.04595683776226,389.4576360189561,0.0,124.77178287506104
300,4.0,6.067119893078553,2.0671198930785533,73.9859580061461,68.04595187860605,389.1059718261748,0.0,124.68935489654541
301,4.0,6.063510508892347,2.063510508892347,73.98111074505313,68.04595371607691,388.7630803284852,0.0,124.60701179504395
302,4.0,6.059991282904563,2.059991282904563,73.97519734402037,68.0459570195202,388.4287538596458,0.0,124.52473640441895
303,4.0,6.056559997905429,2.0565599979054294,73.96824952270731,68.04595379700925,388.102781784728,0.0,124.44253921508789
304,4.0,6.053215447220517,2.0532154472205173,73.96028170274515,68.04595318460919,387.78504946966143,0.0,124.36042213439941
305,4.0,6.04995550454823,2.0499555045482296,73.95131852591727,68.04594634854104,387.475354915794,0.0,124.27838516235352
306,4.0,6.0467790856738945,2.0467790856738945,73.94140381219735,68.04595181096711,387.1735951227322,0.0,124.19648170471191
307,4.0,6.043689381987366,2.043689381987366,73.93053265329942,68.04595185732515,386.88007327251205,0.0,124.11477088928223
308,4.0,6.0406819625212425,2.0406819625212425,73.91873326326441,68.04596376061633,386.5943684232303,0.0,124.03321075439453
309,4.0,6.0377552255905425,2.0377552255905425,73.90601979408842,68.04595810361917,386.3163284148138,0.0,123.9517936706543
310,4.0,6.034909843564983,2.034909843564983,73.89242415359416,68.0459586717355,386.0460171223856,0.0,123.8705883026123
311,4.0,6.032143567837356,2.0321435678373563,73.8779663531795,68.04595874400313,385.78322092826113,0.0,123.78958320617676
312,4.0,6.029451962258451,2.0294519622584506,73.86267051014109,68.04596002306631,385.5275183982651,0.0,123.7087287902832
313,4.0,6.026841501920267,2.0268415019202672,73.84653534381968,68.04595721853299,385.2795246661376,0.0,123.6281566619873
314,4.0,6.024308731549269,2.0243087315492687,73.82960845941476,68.04595789032851,385.0389114808928,0.0,123.54787635803223
315,4.0,6.021850218704863,2.021850218704863,73.81189395721697,68.04595297076791,384.80535276067417,0.0,123.46782493591309
316,4.0,6.019463288916307,2.019463288916307,73.79340720381913,68.04595950615114,384.5785944307614,0.0,123.38797378540039
317,4.0,6.017150877946053,2.0171508779460527,73.7741826967653,68.04596090592965,384.3589153885872,0.0,123.30844116210938
318,4.0,6.0149103035898355,2.0149103035898355,73.75422236615756,68.04596197529608,403.2877087088501,0.0,123.22917556762695
319,4.0,6.012091185554647,2.012091185554647,73.74150021864989,68.04596181920657,403.0198924955072,0.0,123.15017318725586
320,4.0,6.008108764381843,2.008108764381843,73.7430188019022,68.04596904224329,402.64156248409074,0.0,123.07113265991211
321,4.0,6.003360197237451,2.003360197237451,73.75388659163087,68.04596719551682,402.1904486053735,0.0,122.99198532104492
322,4.0,5.9981168086887005,1.9981168086887005,73.77076073487619,68.04595882284268,401.6923266932422,0.0,122.91267776489258
323,4.0,5.992559218112982,1.9925592181129819,73.79133615978466,68.0459523719517,401.1643555885489,0.0,122.83304214477539
324,4.0,5.986824192646113,1.9868241926461128,73.8139676451895,68.04594593008179,400.6195281691964,0.0,122.75312423706055
325,4.0,5.9809968802256535,1.9809968802256535,73.83757288871193,68.04594722146369,400.06593348925276,0.0,122.67285919189453
326,4.0,5.975143590927002,1.9751435909270016,73.86134992655293,68.0459544439183,399.5098710058809,0.0,122.59226989746094
327,4.0,5.969310493443419,1.9693104934434187,73.88477873315355,68.0459662981362,398.9557267449404,0.0,122.51144027709961
328,4.0,5.9635224462540695,1.9635224462540695,73.90748088497018,68.0459591953949,398.4058622619523,0.0,122.43025588989258
329,4.0,5.95780006517884,1.9578000651788399,73.92920715063347,68.04595591255224,397.86223605980547,0.0,122.3487319946289
330,4.0,5.9521611674583,1.9521611674583,73.94979031446876,68.04595636328621,397.32654077635414,0.0,122.26696395874023
331,4.0,5.946614077311695,1.9466140773116951,73.96911347629045,68.04595370704722,396.7995672124267,0.0,122.1849365234375
332,4.0,5.941161878661926,1.9411618786619256,73.98711531406944,68.04595848042595,396.28160834069865,0.0,122.10261917114258
333,4.0,5.935809259376275,1.935809259376275,74.0037537003049,68.04596507770287,395.7731095085618,0.0,122.02004623413086
334,4.0,5.9305637066439925,1.9305637066439925,74.01898623274388,68.04596121439275,395.27478199899497,0.0,121.93730926513672
335,4.0,5.925416810090703,1.9254168100907032,74.03283463282919,68.04595553789409,394.7858268264325,0.0,121.85427856445312
336,4.0,5.920375404576693,1.920375404576693,74.04528102336562,68.04595757098375,394.30689330260157,0.0,121.77107238769531
337,4.0,5.915434574589227,1.9154345745892272,74.05637108434715,68.0459534249067,393.8375144537923,0.0,121.68767166137695
338,4.0,5.910600135600818,1.9106001356008182,74.06610232421309,68.04595019794975,393.3782427498934,0.0,121.60419845581055
339,4.0,5.905864193644266,1.9058641936442662,74.07450245672585,68.04595048466805,392.92832826402093,0.0,121.52054214477539
340,4.0,5.9012306832017325,1.9012306832017325,74.08156733430751,68.04594901343063,392.4881447719803,0.0,121.43678283691406
341,4.0,5.896698073645289,1.8966980736452888,74.08732897465734,68.04595543940698,392.0575468641181,0.0,121.35294723510742
342,4.0,5.892268632897833,1.8922686328978333,74.09176487912683,68.04596148651689,391.6367499931099,0.0,121.26905059814453
343,4.0,5.88793696348081,1.8879369634808096,74.09494207775812,68.04596371085465,391.2252413984926,0.0,121.18509674072266
344,4.0,5.8837026733843585,1.8837026733843585,74.09688590952568,68.04595778321726,390.8229838393297,0.0,121.10112380981445
345,4.0,5.879564805982516,1.8795648059825156,74.09761734759218,68.04595050418601,390.4298864361547,0.0,121.01715087890625
346,4.0,5.875524813802923,1.8755248138029232,74.09716222255392,68.0459512865002,390.04608717909343,0.0,120.93325424194336
347,4.0,5.871577050339588,1.8715770503395879,74.09553556893837,68.04594999236728,389.6710496500765,0.0,120.84934616088867
348,4.0,5.8677197239044085,1.8677197239044085,74.09276708448918,68.04595299839634,389.30460363873453,0.0,120.76544189453125
349,4.0,5.86395209257876,1.86395209257876,74.0888780693874,68.04595102072335,388.9466786627979,0.0,120.68156433105469
350,4.0,5.860273342440991,1.8602733424409914,74.08390729444136,68.04594967251555,388.5971973997099,0.0,120.59776306152344
351,4.0,5.85668265050016,1.8566826505001597,74.07788211567268,68.0459468333806,388.25608166533084,0.0,120.51406860351562
352,4.0,5.853178132554741,1.8531781325547412,74.0708059388583,68.04594831687936,387.9231524605161,0.0,120.43045043945312
353,4.0,5.849760878880388,1.8497608788803879,74.0626821648498,68.04595635471053,387.59851336145255,0.0,120.34693908691406
354,4.0,5.846430695816037,1.8464306958160366,74.05353526283537,68.0459623041808,387.2821459703391,0.0,120.2635726928711
355,4.0,5.84318328594573,1.84318328594573,74.04339954622199,68.04595930122996,386.97364203266,0.0,120.1803207397461
356,4.0,5.840021237704826,1.8400212377048257,74.03226920181191,68.0459619804836,386.6732474497742,0.0,120.09722900390625
357,4.0,5.836939759917548,1.8369397599175477,74.02019444890213,68.04596603796908,386.38050705998273,0.0,120.0142822265625
358,4.0,5.8339411230828215,1.8339411230828215,74.00718785999769,68.04595881487626,386.0956365606837,0.0,119.93154907226562
359,4.0,5.831016170879227,1.8310161708792272,73.99329408741713,68.04595840584592,385.8177661013423,0.0,119.84891510009766
360,4.0,5.828171218976926,1.8281712189769257,73.97850755747383,68.04595132597547,385.5474956706237,0.0,119.7665023803711
361,4.0,5.825405497326693,1.8254054973266927,73.96284206321005,68.04595733807119,385.2847521138515,0.0,119.68431854248047
362,4.0,5.822712886981757,1.8227128869817566,73.94633224684688,68.04595331093347,385.0289541310825,0.0,119.602294921875
363,4.0,5.820095605849635,1.8200956058496347,73.92899657740027,68.04595281604264,384.780312423531,0.0,119.5205078125
364,4.0,5.81755665256267,1.8175566525626703,73.91084844980305,68.04594911680783,384.53911186126936,0.0,119.43904113769531
365,4.0,5.815091732809887,1.8150917328098872,73.8919043150965,68.04594129308732,384.30494448475497,0.0,119.35783386230469
366,4.0,5.81269592640562,1.8126959264056204,73.87220819629113,68.0459517014455,384.0773428763496,0.0,119.27685657143593
367,4.0,5.810375638383068,1.8103756383830678,73.85174125531205,68.0459517378364,383.8569155142071,0.0,119.19621062278748
368,4.0,5.80812520765634,1.8081252076563397,73.8305617141483,68.04595545883947,400.82031406790315,0.0,119.11587405204773
369,4.0,5.8053822649797375,1.8053822649797375,73.8157883858308,68.04595461092615,400.55973451362604,0.0,119.03579688072205
370,4.0,5.801641314592441,1.801641314592441,73.81374601865002,68.04595704039899,400.20434422683286,0.0,118.95579957962036
371,4.0,5.797242067024558,1.7972420670245581,73.82001404440693,68.0459558993396,399.786415707884,0.0,118.87569189071655
372,4.0,5.7924200161655515,1.7924200161655515,73.83161100979817,68.0459578560669,399.3283208762783,0.0,118.79547262191772
373,4.0,5.787333924281815,1.787333924281815,73.84646699484512,68.04595353334271,398.8451421473234,0.0,118.71504545211792
374,4.0,5.7820978068228515,1.7820978068228515,73.86312276163245,68.04595203292935,398.3477109887218,0.0,118.63438892364502
375,4.0,5.776791999111766,1.776791999111766,73.88059450476229,68.04595493270284,397.84365925616873,0.0,118.55356311798096
376,4.0,5.771461689474928,1.7714616894749282,73.89819497096772,68.0459580179928,397.3372798406691,0.0,118.4723892211914
377,4.0,5.766153000280043,1.7661530002800427,73.91542162283436,68.0459589079381,396.832954367155,0.0,118.3910083770752
378,4.0,5.760887853111924,1.7608878531119236,73.93197104422747,68.04595676685184,396.3327653861837,0.0,118.30938720703125
379,4.0,5.755684328398361,1.7556843283983614,73.9476212337778,68.04596464823307,395.8384305383953,0.0,118.22754573822021
380,4.0,5.750557413296311,1.7505574132963106,73.96219499364373,68.04595908876558,395.3513736037005,0.0,118.1455135345459
381,4.0,5.745517653189079,1.7455176531890793,73.9756080579875,68.04595567681143,394.8725963935135,0.0,118.06337833404541
382,4.0,5.740563839169558,1.7405638391695577,73.98780655291881,68.04595241064742,394.40198406165894,0.0,117.98103523254395
383,4.0,5.735699832155544,1.735699832155544,73.9987375702451,68.04594836951016,393.93990339532763,0.0,117.89848518371582
384,4.0,5.730930401683814,1.730930401683814,74.00839669365531,68.04595678493574,393.48680750051324,0.0,117.81582516431808
385,4.0,5.726256332728757,1.7262563327287568,74.01675831616531,68.04595570120675,393.04277094978283,0.0,117.73303639888763
386,4.0,5.721673953211211,1.7216739532112113,74.0238418581022,68.04595114251319,392.607444895616,0.0,117.65007996559143
387,4.0,5.717185644013915,1.7171856440139148,74.0296624307595,68.04594820746162,392.18105552187285,0.0,117.56703424453735
388,4.0,5.71279391784155,1.7127939178415499,74.03423731761261,68.04595151314739,391.76384153549816,0.0,117.48398351669312
389,4.0,5.708495313114437,1.7084953131144367,74.03757958911436,68.04595054974135,391.3554740864224,0.0,117.40088224411011
390,4.0,5.704288371527241,1.704288371527241,74.03970642701162,68.04595010684484,390.95581463563883,0.0,117.31773233413696
391,4.0,5.700176968785039,1.7001769687850388,74.04062643131667,68.0459561865965,390.56523137512966,0.0,117.23463153839111
392,4.0,5.696153177331655,1.696153177331655,74.0403863445708,68.04594815707239,390.1829711870581,0.0,117.1514949798584
393,4.0,5.692217895182631,1.6922178951826314,74.03897414814517,68.04595186066703,389.8091193829009,0.0,117.06832599639893
394,4.0,5.688371368285207,1.6883713682852068,74.03643799034413,68.04596125510118,389.4436993276456,0.0,116.98520946502686
395,4.0,5.684612716565113,1.6846127165651126,74.03279018963738,68.0459603451247,389.08662741423666,0.0,116.90215015411377
396,4.0,5.680941362776914,1.680941362776914,74.0280483177098,68.04596105502173,388.7378488043578,0.0,116.819167137146
397,4.0,5.677353199142878,1.6773531991428783,74.02222653580604,68.04596476983954,388.39697325912437,0.0,116.73620128631592
398,4.0,5.673852646841996,1.673852646841996,74.01535190575024,68.04595793834977,388.06442079054057,0.0,116.65338897705078
399,4.0,5.670431365345489,1.6704313653454888,74.00745294242941,68.04595695084308,387.7393990483723,0.0,116.57060623168945
400,4.0,5.667089413778538,1.6670894137785384,73.99855340027409,68.04595628178123,387.42191364951213,0.0,116.48789405822754
401,4.0,5.6638324208909685,1.6638324208909685,73.98865957806053,68.04594419861918,387.11249932519297,0.0,116.40538024902344
402,4.0,5.660657684012588,1.6606576840125884,73.97779218241465,68.04594420166818,386.8108993217469,0.0,116.32304382324219
403,4.0,5.657560199098704,1.657560199098704,73.9659705643095,68.04594188769268,386.5166382549278,0.0,116.24081420898438
404,4.0,5.6545417315606175,1.6545417315606175,73.9532191241412,68.04594680453819,386.22988383880954,0.0,116.15876770019531
405,4.0,5.651603920317126,1.6516039203171262,73.939567708218,68.04594710253535,385.95079177067794,0.0,116.07698631286621
406,4.0,5.6487397450688785,1.6487397450688785,73.92502957506544,68.04594690738662,385.6786951220944,0.0,115.99534797668457
407,4.0,5.6459521141211,1.6459521141211004,73.9096096544353,68.04595629516616,385.41387018205546,0.0,115.91392135620117
408,4.0,5.643239309962147,1.643239309962147,73.89333949042387,68.045959129387,385.15615378695486,0.0,115.83272171020508
409,4.0,5.6405992168159145,1.6405992168159145,73.87624621458833,68.0459583558692,384.90534493806285,0.0,115.75174903869629
410,4.0,5.638032433674018,1.6380324336740184,73.85833366396993,68.04596126265217,384.6615005395827,0.0,115.67102241516113
411,4.0,5.635535046095832,1.635535046095832,73.83963199396739,68.04596332613492,384.424248719655,0.0,115.59050941467285
412,4.0,5.633111069908158,1.633111069908158,73.82015404311693,68.0459542760699,384.19397098182594,0.0,115.51031303405762
413,4.0,5.630757221605394,1.6307572216053936,73.7999182171019,68.04594863678673,383.9703553930633,0.0,115.43039512634277
414,4.0,5.628472638068332,1.6284726380683319,73.77894173512297,68.04594220721737,383.75331995704244,0.0,115.35076522827148
415,4.0,5.626252696611994,1.626252696611994,73.75724845769462,68.04594404516271,398.9918261365043,0.0,115.27136611938477
416,4.0,5.623613575868906,1.623613575868906,73.74124425040925,68.04594550486975,398.7411096659109,0.0,115.19229507446289
417,4.0,5.620111496001737,1.620111496001737,73.73662848505965,68.04595232994872,398.40841207852986,0.0,115.11335372924805
418,4.0,5.6160403277354165,1.6160403277354165,73.73942951925089,68.04595112044507,398.0216510932295,0.0,115.03433609008789
419,4.0,5.611606056480334,1.6116060564803343,73.74695232239468,68.04595488421758,397.6003953239966,0.0,114.95523452758789
420,4.0,5.6069517777415125,1.6069517777415125,73.75734183937176,68.04595771017752,397.1582388438086,0.0,114.87607192993164
421,4.0,5.602166658488279,1.6021666584882794,73.76932686004932,68.04595941624801,396.7036525147514,0.0,114.79668426513672
422,4.0,5.597323378700064,1.5973233787000636,73.78200578551466,68.04595599486332,396.2435409348709,0.0,114.7171516418457
423,4.0,5.592467405054301,1.5924674050543013,73.79476121397663,68.04595759839243,395.7822234385235,0.0,114.63744354248047
424,4.0,5.587630898937047,1.5876308989370473,73.80714648915156,68.04595628343353,395.3227553573844,0.0,114.55752563476562
425,4.0,5.582838066705042,1.5828380667050421,73.8188822678905,68.04596150115398,394.86743629534385,0.0,114.47746276855469
426,4.0,5.578105861842342,1.5781058618423423,73.82978160052242,68.04595567354356,394.41787683338737,0.0,114.3973159790039
427,4.0,5.57344027786085,1.5734402778608496,73.83969360383595,68.04595558868024,393.97464635514564,0.0,114.31697845458984
428,4.0,5.568852974112326,1.5688529741123256,73.84852740833092,68.04595559529794,393.5388524990358,0.0,114.23655319213867
429,4.0,5.564349227370669,1.564349227370669,73.85622474339102,68.04595184545296,393.11099655857845,0.0,114.15606307983398
430,4.0,5.559925137438588,1.5599251374385883,73.86277256424928,68.04594908056725,392.69070801503074,0.0,114.07541275024414
431,4.0,5.555584686021207,1.5555846860212066,73.86814456444851,68.04594413593748,392.2783651303795,0.0,113.99464797973633
432,4.0,5.551332018471593,1.5513320184715926,73.8723518468833,68.04595212274842,391.8743617131662,0.0,113.91387557983398
433,4.0,5.547166042990539,1.547166042990539,73.87539864631056,68.04595394017929,391.47859404246606,0.0,113.83308410644531
434,4.0,5.5430835974795905,1.5430835974795905,73.87727727493794,68.04595607895867,391.09076171892593,0.0,113.75220108032227
435,4.0,5.539087342527976,1.539087342527976,73.87799916451846,68.04595556785884,390.71111749852264,0.0,113.67130279541016
436,4.0,5.535177094557241,1.5351770945572412,73.87760144149726,68.04595966353237,390.3396439413028,0.0,113.59044647216797
437,4.0,5.531349150770865,1.5313491507708648,73.87608403203097,68.04595640186602,389.975989281597,0.0,113.50955963134766
438,4.0,5.52760674949874,1.52760674949874,73.87347344744478,68.04595275769985,389.6204611607452,0.0,113.42875289916992
439,4.0,5.523942830894953,1.5239428308949527,73.86978244180168,68.045953518142,389.27238889338537,0.0,113.34790420532227
440,4.0,5.520359557099933,1.5203595570999333,73.86502984448961,68.04595425165779,388.9319778828585,0.0,113.26708984375
441,4.0,5.516859735268001,1.5168597352680013,73.85923595573898,68.04595210212376,388.59949480882506,0.0,113.1864013671875
442,4.0,5.5134405979512655,1.5134405979512655,73.8524186899226,68.04595814631396,388.2746767637351,0.0,113.1058120727539
443,4.0,5.510097086348907,1.5100970863489067,73.84459688385232,68.04595803591864,387.957043161511,0.0,113.02524948120117
444,4.0,5.506833134836472,1.506833134836472,73.83580605442575,68.04594790129602,387.6469677678298,0.0,112.94485092163086
445,4.0,5.503647173239642,1.5036471732396421,73.82605843547456,68.04596027096159,387.34430141613086,0.0,112.86460494995117
446,4.0,5.500536327302824,1.5005363273028243,73.81536888078061,68.0459638295959,387.04877105213313,0.0,112.78447723388672
447,4.0,5.497503301111554,1.4975033011115544,73.80373989569058,68.04596636302696,386.76063356396253,0.0,112.70452880859375
448,4.0,5.494542488019611,1.4945424880196114,73.79120822471664,68.0459692242649,386.4793563202279,0.0,112.62470245361328
449,4.0,5.491657874826931,1.491657874826931,73.77780436475517,68.04595786230905,386.20531806692327,0.0,112.54512786865234
450,4.0,5.488845516060503,1.4888455160605032,73.76353048204341,68.04595125723414,385.9381439841127,0.0,112.46572875976562
451,4.0,5.486110047375628,1.486110047375628,73.74838857019256,68.04594788936446,385.6782744590495,0.0,112.38660430908203
452,4.0,5.48344367433754,1.4834436743375399,73.73241765867985,68.04594969369884,385.42496902043115,0.0,112.30765533447266
453,4.0,5.480848168726712,1.4808481687267117,73.71564843535151,68.04595045095658,385.1783959874025,0.0,112.22896575927734
454,4.0,5.4783204498775495,1.4783204498775495,73.69808175114105,68.04594507084595,384.93826269673207,0.0,112.15047454833984
455,4.0,5.475861642369798,1.4758616423697983,73.67972710144518,68.04595401750612,384.7046759834957,0.0,112.07221984863281
456,4.0,5.473472061318351,1.4734720613183514,73.66062002077972,68.04595469631617,384.47766578360824,0.0,111.9942626953125
457,4.0,5.471151222339989,1.471151222339989,73.64077178836702,68.04596599620889,384.2571860806638,0.0,111.91661071777344
458,4.0,5.468894652127927,1.4688946521279274,73.6201922051643,68.04597086427306,397.9973111057333,0.0,111.83918762207031
459,4.0,5.466273678937068,1.4662736789370676,73.60470304991593,68.04596459658383,397.7483186526016,0.0,111.76206970214844
460,4.0,5.462901314977621,1.4629013149776213,73.59938616671253,68.04596001919602,397.4279440764542,0.0,111.68505096435547
461,4.0,5.459035569187148,1.4590355691871482,73.60067884934284,68.04595407587395,397.06069822635925,0.0,111.60797882080078
462,4.0,5.454855790136701,1.4548557901367012,73.60617534625635,68.0459522326352,396.6636192165669,0.0,111.53085327148438
463,4.0,5.4504870488964485,1.4504870488964485,73.61420711052605,68.04594982334015,396.24858879874284,0.0,111.45368957519531
464,4.0,5.44600963936568,1.4460096393656796,73.6235997612145,68.0459556892184,395.82323489331975,0.0,111.3763427734375
465,4.0,5.44148210336089,1.4414821033608902,73.63355998268648,68.04596299730721,395.39311897286484,0.0,111.2988052368164
466,4.0,5.436952969580639,1.4369529695806387,73.64351296921437,68.04596146226594,394.96285126374084,0.0,111.22119903564453
467,4.0,5.432443979704342,1.4324439797043418,73.65309820973631,68.04596053122032,394.5344972254927,0.0,111.14342498779297
468,4.0,5.4279792486979614,1.4279792486979614,73.66205826102548,68.04595850621129,394.1103477798865,0.0,111.06558990478516
469,4.0,5.423568588068018,1.4235685880680178,73.67020744471904,68.04595595606474,393.69133502004195,0.0,110.98761749267578
470,4.0,5.419221725865273,1.419221725865273,73.67742648304048,68.04595155503962,393.2783831107812,0.0,110.90953063964844
471,4.0,5.41494635660074,1.4149463566007396,73.68364368354395,68.0459539319218,392.8722230306505,0.0,110.83138275146484
472,4.0,5.410747720149158,1.4107477201491578,73.68877998703633,68.04595405502124,392.4733525677502,0.0,110.75316619873047
473,4.0,5.40662469626817,1.40662469626817,73.69282760553567,68.045944961745,392.08166529905634,0.0,110.67485046386719
474,4.0,5.402578138065463,1.4025781380654632,73.69577787933885,68.04594876532404,391.6972422697992,0.0,110.59644401073456
475,4.0,5.398611941237601,1.3986119412376006,73.69763203120823,68.04594668236862,391.32045357115226,0.0,110.51803231239319
476,4.0,5.394728526556236,1.3947285265562357,73.69839529948524,68.0459543436804,390.9515291764226,0.0,110.43967652320862
477,4.0,5.3909213343597004,1.3909213343597004,73.69807352951634,68.04596787327577,390.58984591775175,0.0,110.36125469207764
478,4.0,5.387195134956096,1.3871951349560963,73.69667565215106,68.04596448625007,390.23585697440933,0.0,110.28288125991821
479,4.0,5.383546512813004,1.3835465128130036,73.69422090088574,68.0459556023315,389.8892378708156,0.0,110.20451831817627
480,4.0,5.379974650019819,1.3799746500198191,73.69072003011667,68.04595286249682,389.549910905463,0.0,110.1261682510376
481,4.0,5.376482253852943,1.3764822538529433,73.68619594155089,68.04595187214785,389.2181332696098,0.0,110.04792356491089
482,4.0,5.37306688571464,1.37306688571464,73.68066718221141,68.04594662458659,388.893673296471,0.0,109.96976470947266
483,4.0,5.3697278559691455,1.3697278559691455,73.67415284378757,68.04594762066314,388.57646547064905,0.0,109.89170855283737
484,4.0,5.366461672262629,1.3664616722626288,73.6666674370733,68.04595040851503,388.2661780185299,0.0,109.81370759010315
485,4.0,5.363270314018806,1.3632703140188056,73.6582306782538,68.04595129746365,387.96299898536677,0.0,109.73583388328552
486,4.0,5.360151855402874,1.360151855402874,73.6488501085073,68.0459523994826,387.66674541685325,0.0,109.65806126594543
487,4.0,5.357103504511794,1.3571035045117936,73.63855082356353,68.04595594017064,387.3771520822006,0.0,109.58037185668945
488,4.0,5.3541299178023465,1.3541299178023465,73.62735066478122,68.04595534730521,387.09466134480317,0.0,109.50288915634155
489,4.0,5.351225114311269,1.3512251143112692,73.61527971234511,68.04595712212054,386.81870501315075,0.0,109.425537109375
490,4.0,5.348392598969609,1.3483925989696086,73.60233981220298,68.04596193679998,386.54961605569304,0.0,109.34839153289795
491,4.0,5.345628331450108,1.3456283314501079,73.58854430251604,68.0459590755186,386.28701064134043,0.0,109.27139091491699
492,4.0,5.342932671925214,1.3429326719252144,73.57392340836897,68.04595811933274,386.0309229864756,0.0,109.19458866119385
493,4.0,5.3403057802865135,1.3403057802865135,73.55849674213056,68.04595600841755,385.78136828079903,0.0,109.11801815032959
494,4.0,5.337748706909145,1.337748706909145,73.54226853450017,68.04595528407056,385.538446309949,0.0,109.04170799255371
495,4.0,5.335259425803953,1.3352594258039527,73.52525525079587,68.04595441225958,385.30196460495574,0.0,108.96564197540283
496,4.0,5.332834966464575,1.332834966464575,73.50749802952646,68.04595849037865,385.07164096771487,0.0,108.88982105255127
497,4.0,5.330475795977817,1.3304757959778168,73.48899264018661,68.0459537089214,384.8475197714728,0.0,108.81424903869629
498,4.0,5.328181449990876,1.3281814499908764,73.46974903826745,68.04596177850088,384.6295569027135,0.0,108.73893165588379
499,4.0,5.325951635516576,1.3259516355165761,73.44981549190642,68.04595864368245,397.01426506506243,0.0,108.6639347076416
500,4.0,5.32340246884038,1.3234024688403796,73.43439156982832,68.04595645662522,396.77209423082377,0.0,108.5891170501709
501,4.0,5.320199857923803,1.3201998579238028,73.428083999502,68.04594667384156,396.467846193749,0.0,108.51446723937988
502,4.0,5.316570680600007,1.316570680600007,73.4276726221222,68.0459453509898,396.12307434798834,0.0,108.4398365020752
503,4.0,5.312672116454087,1.3126721164540873,73.43098521201583,68.04594992987917,395.7527107541259,0.0,108.36520767211914
504,4.0,5.308604968343014,1.3086049683430137,73.43652734396225,68.04595548764534,395.366331683574,0.0,108.29042053222656
505,4.0,5.304450867806571,1.3044508678065707,73.44326244587666,68.04595961966204,394.9716921326119,0.0,108.21560478210449
506,4.0,5.300260437578648,1.3002604375786477,73.45045066683505,68.04595794357381,394.5736012609592,0.0,108.14069938659668
507,4.0,5.2960668265969435,1.2960668265969435,73.45762047907559,68.04595637510977,394.17520821769733,0.0,108.0656852722168
508,4.0,5.291897173727481,1.291897173727481,73.46441715460857,68.04596498457315,393.7790911950983,0.0,107.9905948638916
509,4.0,5.287768749783136,1.2877687497831358,73.47059585357319,68.04595459649624,393.38689092038555,0.0,107.9154224395752
510,4.0,5.283690269599985,1.283690269599985,73.47599480563467,68.04595002693759,392.9994353029863,0.0,107.8401107788086
511,4.0,5.279671428164773,1.2796714281647734,73.4805213376804,68.04593577712072,392.6176453666411,0.0,107.76472473144531
512,4.0,5.27571791657807,1.2757179165780697,73.48410704773912,68.04593107748794,392.2420617659043,0.0,107.68928337097168
513,4.0,5.271837001302204,1.2718370013022042,73.48670309913116,68.04593207224988,391.87337481469706,0.0,107.61386680603027
514,4.0,5.268024922457808,1.2680249224578084,73.48828926242847,68.04593921240071,391.5112273244795,0.0,107.53837203979492
515,4.0,5.264285267617768,1.264285267617768,73.48886015586434,68.04594365480067,391.1559601146756,0.0,107.4628677368164
516,4.0,5.260618073866954,1.2606180738669543,73.48841176734763,68.0459431925083,390.8075767083483,0.0,107.3873519897461
517,4.0,5.257021576808675,1.2570215768086754,73.48694052352006,68.04602510910891,390.4659094878118,0.0,107.31178665161133
518,4.0,5.253502935221144,1.2535029352211442,73.48446972250915,68.04679514326261,390.1316385369963,0.0,107.23635482788086
519,4.0,5.250056106155866,1.2500561061558662,73.48099833853827,68.04747244775578,389.80418977579495,0.0,107.16093444824219
520,4.0,5.246679094093986,1.2466790940939863,73.4765446358109,68.04755858130939,389.4833736299164,0.0,107.08551406860352
521,4.0,5.243376158075824,1.243376158075824,73.47112316962576,68.04724404277907,389.16959470819097,0.0,107.01020431518555
522,4.0,5.240148538956219,1.2401485389562188,73.46475163358272,68.04634698743307,388.86297089182847,0.0,106.93505859375
523,4.0,5.236990643388092,1.2369906433880917,73.45745717836441,68.04547645988107,388.5629708128564,0.0,106.86000442504883
524,4.0,5.233901801632929,1.2339018016329293,73.44924782363282,68.0449494812763,388.2695308461159,0.0,106.78504180908203
525,4.0,5.23088444067481,1.23088444067481,73.4401302052207,68.04481433986994,387.98288155509465,0.0,106.71023178100586
526,4.0,5.227929708105203,1.2279297081052034,73.43012764330038,68.04500686124453,387.702181960982,0.0,106.63542938232422
527,4.0,5.2250441188682295,1.2250441188682295,73.41925784011444,68.0453962898489,387.42805098346946,0.0,106.56079483032227
528,4.0,5.222228160780915,1.2222281607809151,73.40753134061573,68.04581770714536,387.16053496517463,0.0,106.48635482788086
529,4.0,5.219479510502585,1.2194795105025849,73.39498779100356,68.04619633067004,386.8994131887332,0.0,106.4121208190918
530,4.0,5.216793920023993,1.216793920023993,73.38162822587675,68.04643659686967,386.64428209326695,0.0,106.33800888061523
531,4.0,5.21417646102112,1.21417646102112,73.36745425209327,68.04652708584045,386.39562348799404,0.0,106.26412582397461
532,4.0,5.21162254095928,1.2116225409592802,73.35249821675002,68.04647147981517,386.1530010821193,0.0,106.19042587280273
533,4.0,5.20913295419022,1.2091329541902196,73.33678787828092,68.04631175907903,385.91649033905856,0.0,106.1169662475586
534,4.0,5.2067060057415,1.2067060057415002,73.32031231739822,68.0461038988937,385.6859302364302,0.0,106.04369735717773
535,4.0,5.204340680241757,1.2043406802417573,73.3031011923908,68.04590396307654,385.46122431395463,0.0,105.97064208984375
536,4.0,5.202038047082938,1.2020380470829384,73.28518128473586,68.04576026392361,385.24247416386686,0.0,105.89786148071289
537,4.0,5.199795525737924,1.1997955257379243,73.26655168664911,68.04567721400818,396.42749213060074,0.0,105.82530212402344
538,4.0,5.197276535042568,1.197276535042568,73.25194248174105,68.04567615137961,396.1881880145419,0.0,105.75294494628906
539,4.0,5.194181948540065,1.1941819485400647,73.2454983914405,68.04574386821311,395.8942022968041,0.0,105.68067932128906
540,4.0,5.1907186037721145,1.1907186037721145,73.24433167125828,68.04583854476473,395.5651845438488,0.0,105.6085319519043
541,4.0,5.187015881791871,1.1870158817918712,73.24646673559587,68.04594816822367,395.2134259557257,0.0,105.53627395629883
542,4.0,5.18317881856448,1.18317881856448,73.25055369958116,68.04603427720905,394.8489049491235,0.0,105.4640884399414
543,4.0,5.179265589203384,1.1792655892033839,73.25562854529987,68.04608368328797,394.4771481598194,0.0,105.39176559448242
544,4.0,5.17532486728637,1.1753248672863696,73.26108697611811,68.0460973191542,394.102779577703,0.0,105.31942367553711
545,4.0,5.171385016805791,1.1713850168057913,73.26646436844965,68.04607675399376,393.7284937820481,0.0,105.2469711303711
546,4.0,5.167472694670964,1.1674726946709644,73.27145165149571,68.04603810095813,393.35682317923954,0.0,105.17450714111328
547,4.0,5.163598430437502,1.163598430437502,73.27584790333859,68.04598754036031,392.9887680770606,0.0,105.10195922851562
548,4.0,5.159775792384389,1.159775792384389,73.27950158181523,68.04593511982723,392.62561746201493,0.0,105.02938842773438
549,4.0,5.156005615445632,1.1560056154456317,73.28232980817833,68.04591221163615,392.26745065283296,0.0,104.95669555664062
550,4.0,5.15230160735104,1.1523016073510401,73.28426364943692,68.04589238595966,391.91556988384673,0.0,104.88406372070312
551,4.0,5.148659944788011,1.1486599447880108,73.28527016831939,68.04589240814376,391.569611940359,0.0,104.81137084960938
552,4.0,5.145087200944879,1.1450872009448787,73.28532312970557,68.045919536147,391.2302012752614,0.0,104.73871612548828
553,4.0,5.1415833786766925,1.1415833786766925,73.28442584486913,68.0459362172866,390.89733815978377,0.0,104.66610717773438
554,4.0,5.138143802838228,1.1381438028382282,73.2825629028822,68.04595898527039,390.57057845512963,0.0,104.59342956542969
555,4.0,5.134770861869546,1.134770861869546,73.27974113891226,68.04598372528939,390.2501490631048,0.0,104.52074432373047
556,4.0,5.131470537353998,1.131470537353998,73.27596970051906,68.04598475528712,389.93661823412776,0.0,104.44818878173828
557,4.0,5.1282404512109165,1.1282404512109165,73.27126482453546,68.04598182190436,389.62976005053497,0.0,104.37574005126953
558,4.0,5.125073895396609,1.1250738953966088,73.26564044790318,68.04597192765465,389.32893724817575,0.0,104.30328369140625
559,4.0,5.12197238563648,1.1219723856364796,73.25911093170578,68.04595933856247,389.0342938209635,0.0,104.23087310791016
560,4.0,5.118941117187592,1.1189411171875916,73.25168101877499,68.0459514652218,388.7463233183191,0.0,104.15862274169922
561,4.0,5.11597521181086,1.1159752118108601,73.24339241124846,68.04594458110574,388.4645623075296,0.0,104.08649444580078
562,4.0,5.1130728139142585,1.1130728139142585,73.23423828013,68.04594311829841,388.18883450735245,0.0,104.01444244384766
563,4.0,5.1102350025920344,1.1102350025920344,73.22424502704595,68.04593644106919,387.91924243174117,0.0,103.9425277709961
564,4.0,5.107466774141625,1.107466774141625,73.21342067628726,68.0459482189213,387.65626072895236,0.0,103.87086486816406
565,4.0,5.104756724509174,1.1047567245091736,73.20177719932897,68.04595579951325,387.3988060138694,0.0,103.79924011230469
566,4.0,5.1021118090547946,1.1021118090547946,73.18933234619382,68.04596006910164,387.1475390457034,0.0,103.72782135009766
567,4.0,5.099527691851419,1.099527691851419,73.1761152498327,68.04597483226449,386.90204791138274,0.0,103.65656280517578
568,4.0,5.09700046014822,1.0970004601482204,73.16212209725268,68.04598096247824,386.66196089957884,0.0,103.58538055419922
569,4.0,5.094540845270714,1.0945408452707142,73.1473760324858,68.04597306677175,386.4282974862158,0.0,103.5145263671875
570,4.0,5.092141813041492,1.0921418130414917,73.13188588075298,68.04596569086598,386.20038942443966,0.0,103.4438705444336
571,4.0,5.089797062478974,1.089797062478974,73.1156984875072,68.04596351253754,385.9776381210005,0.0,103.37335205078125
572,4.0,5.0875146873584525,1.0875146873584525,73.09879428933684,68.04595270985413,396.09220201445623,0.0,103.30310821533203
573,4.0,5.084994283252702,1.0849942832527022,73.08544712322109,68.04595624514779,395.85276362440993,0.0,103.23307800292969
574,4.0,5.081968987938184,1.0819689879381844,73.0794490832107,68.04595717162606,395.56536056953075,0.0,103.16319274902344
575,4.0,5.078616962668078,1.078616962668078,73.0781396283179,68.0459585908976,395.2469181688707,0.0,103.09329986572266
576,4.0,5.0750627141052185,1.0750627141052185,73.07975112062232,68.04595557383286,394.909264555399,0.0,103.02342224121094
577,4.0,5.071393108755895,1.0713931087558954,73.08306513272491,68.04595841696882,394.56065204721335,0.0,102.95359802246094
578,4.0,5.0676561610393644,1.0676561610393644,73.08723592828528,68.04595845662651,394.2056420141429,0.0,102.88360595703125
579,4.0,5.0639045539888325,1.0639045539888325,73.09165701259853,68.04595703723001,393.8492393443423,0.0,102.81365966796875
580,4.0,5.061770065784411,1.061770065784411,73.09595917376093,68.04596052078499,393.6464629649223,0.0,102.77637168765068
581,4.0,5.058042003973338,1.0580420039733376,73.09991840337636,68.04596254824165,393.2922970928703,0.0,102.70623826980591
582,4.0,5.054349522435164,1.0543495224351638,73.10340071789705,68.04596187602262,392.9415113467438,0.0,102.63614958524704
583,4.0,5.0506967036608685,1.0506967036608685,73.10624791495931,68.04595235825222,392.5944935631858,0.0,102.5659681558609
584,4.0,5.047095527809273,1.0470955278092733,73.1083472120914,68.04595175914372,392.25238185728426,0.0,102.4957811832428
585,4.0,5.043548972925432,1.0435489729254321,73.10963245902603,68.04595160645557,391.91545914331937,0.0,102.4255588054657
586,4.0,5.04006315562612,1.04006315562612,73.11004271564042,68.04595255575335,391.58430649988463,0.0,102.35534238815308
587,4.0,5.036641195252028,1.0366411952520282,73.10956052323478,68.04595336026132,391.2592202643459,0.0,102.2851734161377
588,4.0,5.033277937368017,1.033277937368017,73.10816805732772,68.04595560789478,390.9397107653649,0.0,102.2149248123169
589,4.0,5.029979802694566,1.029979802694566,73.10586850942492,68.04595899287276,390.626387971387,0.0,102.14473390579224
590,4.0,5.02674643311331,1.0267464331133098,73.10265207312261,68.04596482111234,390.31921786116766,0.0,102.07458209991455
591,4.0,5.02357832417048,1.0235783241704803,73.09854713818946,68.04596463349748,390.01824751159893,0.0,102.00452136993408
592,4.0,5.020473939516252,1.0204739395162523,73.09353659712322,68.04596590790857,389.72333096944726,0.0,101.93449878692627
593,4.0,5.017432027243691,1.0174320272436912,73.08764540720458,68.04596671498345,389.434349303554,0.0,101.86452579498291
594,4.0,5.014454755443863,1.0144547554438628,73.08089467671587,68.04595393617385,389.1515084825702,0.0,101.794677734375
595,4.0,5.011538289169633,1.011538289169633,73.07330000367554,68.04595373440091,388.8744441865184,0.0,101.7249002456665
596,4.0,5.008683477690608,1.0086834776906084,73.06486151070838,68.04594678898675,388.60323709601107,0.0,101.65521240234375
597,4.0,5.005893912254097,1.0058939122540966,73.05559766848545,68.04595388091397,388.33822837954244,0.0,101.58571434020996
598,4.0,5.003164557757692,1.0031645577576924,73.0455185254668,68.04595758910908,388.078939702384,0.0,101.51631927490234
599,4.0,5.000496215179478,1.0004962151794778,73.03463612884637,68.04596135187576,387.8254471574537,0.0,101.44706153869629
600,4.0,4.997886926241275,0.9978869262412751,73.02298644578065,68.04596007861677,387.5775647083244,0.0,101.3779525756836
601,4.0,4.995339323068467,0.9953393230684666,73.01057145377928,68.0459655547684,387.3355424069076,0.0,101.30904960632324
602,4.0,4.992851968081539,0.9928519680815393,72.99740320791585,68.04597078180412,387.09924368314944,0.0,101.24034118652344
603,4.0,4.990420689459758,0.990420689459758,72.98349116118584,68.04596844040351,386.8682722140803,0.0,101.17175674438477
604,4.0,4.988051511080996,0.9880515110809958,72.96886495944058,68.04596488651089,386.64320026809787,0.0,101.10346031188965
605,4.0,4.985736620980464,0.9857366209804637,72.9535351478069,68.0459624892436,386.42328570854727,0.0,101.03530883789062
606,4.0,4.9834803079818935,0.9834803079818935,72.93750185695527,68.04595611576447,395.5519988995111,0.0,100.9673900604248
607,4.0,4.981015135804024,0.9810151358040242,72.92464543096831,68.04595113246168,395.31780754261354,0.0,100.89965629577637
608,4.0,4.978107100377869,0.9781071003778692,72.91834680259625,68.0459433004345,395.0415441771288,0.0,100.83203887939453
609,4.0,4.974909748162761,0.9749097481627613,72.91624375829595,68.04594470342124,394.73779571669354,0.0,100.76436996459961
610,4.0,4.971538190749539,0.9715381907495386,72.9167261047561,68.04594223515748,394.4174977624374,0.0,100.69674682617188
611,4.0,4.968068462138501,0.9680684621385014,72.91868038830405,68.0459475936022,394.0878735443889,0.0,100.62916564941406
612,4.0,4.964544692374575,0.9645446923745746,72.92136755273557,68.04595615229888,393.75311541681583,0.0,100.56149673461914
613,4.0,4.961005475244338,0.9610054752443382,72.92424684792488,68.04596170652019,393.4168897894434,0.0,100.4937744140625
614,4.0,4.957478302039211,0.9574783020392106,72.92695308175281,68.04596737725308,393.08180833495624,0.0,100.42605209350586
615,4.0,4.953977275117354,0.9539772751173539,72.9292422210852,68.04596595256417,392.74921077737986,0.0,100.35828018188477
616,4.0,4.950514090556838,0.9505140905568377,72.93096600411815,68.04596916224699,392.4202082441308,0.0,100.29049301147461
617,4.0,4.947097249404299,0.9470972494042993,72.93200065402944,68.04596373167118,392.0956083346397,0.0,100.22269439697266
618,4.0,4.943729877077319,0.9437298770773186,72.93226804885832,68.04595047190676,391.77570796357656,0.0,100.15484237670898
619,4.0,4.9404225899966585,0.9404225899966585,72.93171551814368,68.04595083615644,391.46151569091376,0.0,100.08708190917969
620,4.0,4.937171798407894,0.9371717984078938,72.9303221411566,68.04595247434855,391.1526904899812,0.0,100.01931381225586
621,4.0,4.9339801078042305,0.9339801078042305,72.92807284253516,68.0459485793887,390.8494798826332,0.0,99.95157241821289
622,4.0,4.930849059283564,0.9308490592835641,72.92495995955102,68.04594487284434,390.55203027316986,0.0,99.88388061523438
623,4.0,4.927770394939572,0.9277703949395724,72.92109580069611,68.0459481837702,390.25955716049066,0.0,99.81622695922852
624,4.0,4.924713055262204,0.9247130552622043,72.91700309197356,68.04595915016617,389.96910989114065,0.0,99.74869918823242
625,4.0,4.9217213047182895,0.9217213047182895,72.91199222295342,68.04596728258862,389.68489358946874,0.0,99.6812515258789
626,4.0,4.918794095511802,0.9187940955118021,72.90612750377264,68.04384962660814,389.40680871485245,0.0,99.61395263671875
627,4.0,4.915954219748155,0.9159542197481549,72.89917860068323,68.03975092184417,389.1370205173059,0.0,99.54695129394531
628,4.0,4.913198740089273,0.9131987400892729,72.89104223644242,68.03676144102242,388.87524994971216,0.0,99.48004913330078
629,4.0,4.9105159534138325,0.9105159534138325,72.88190171545224,68.03484397515489,388.6203852155453,0.0,99.41326141357422
630,4.0,4.907890360384449,0.9078903603844486,72.87187960053672,68.03053594905768,388.3709538777539,0.0,99.34644317626953
631,4.0,4.905335777158133,0.9053357771581334,72.86121754333381,68.02418610974085,388.12826847125393,0.0,99.28020477294922
632,4.0,4.90284004453128,0.9028400445312803,72.84990240719819,68.02075880902078,387.8911738717029,0.0,99.21428298950195
633,4.0,4.90039060924663,0.9003906092466298,72.83791841619795,68.01933855790058,387.6584775196611,0.0,99.14840316772461
634,4.0,4.897978131004731,0.8979781310047308,72.82523835861899,68.01686810036385,387.4292920866807,0.0,99.08234024047852
635,4.0,4.895638295256808,0.8956382952568083,72.8118637249487,68.01318104292446,387.2070076906281,0.0,99.01681900024414
636,4.0,4.8933580911275545,0.8933580911275545,72.7977828053766,68.01199720720786,395.4772901640607,0.0,98.9515609741211
637,4.0,4.890892046568959,0.8908920465689594,72.78653295650042,68.01198234793307,395.24301593099415,0.0,98.88640975952148
638,4.0,4.8880218555428945,0.8880218555428945,72.78115122290275,68.00973231870113,394.9703477835179,0.0,98.82107162475586
639,4.0,4.884911651501843,0.8849116515018434,72.77950476266253,68.00537034788866,394.67487839961814,0.0,98.7559585571289
640,4.0,4.88165461153263,0.88165461153263,72.78012125467357,68.002929152171,394.36545960254284,0.0,98.69094848632812
641,4.0,4.878306010367174,0.878306010367174,72.7820201426581,68.00155907615904,394.04734249182457,0.0,98.62582397460938
642,4.0,4.874906029763194,0.8749060297631939,72.78451691019006,67.99802141477433,393.7243443344464,0.0,98.56046676635742
643,4.0,4.8715136322904815,0.8715136322904815,72.78712656344646,67.99280552310756,393.4020665745387,0.0,98.49541091918945
644,4.0,4.868135773737045,0.8681357737370448,72.78954221065833,67.99006500775901,393.0811700119623,0.0,98.43038177490234
645,4.0,4.864774207521202,0.8647742075212017,72.79153958459062,67.988180523573,392.7618212214571,0.0,98.3651123046875
646,4.0,4.861434901989666,0.8614349019896661,72.79296345796885,67.98419302896495,392.4445871959613,0.0,98.29951477050781
647,4.0,4.858161000235108,0.8581610002351079,72.79369761325383,67.98011305039881,392.13356652927826,0.0,98.23430633544922
648,4.0,4.8549398124276415,0.8549398124276415,72.7936932872237,67.97870965450872,391.827553687569,0.0,98.1691665649414
649,4.0,4.851762450380468,0.8517624503804679,72.79290687123783,67.97809115273597,391.5257042930874,0.0,98.1038589477539
650,4.0,4.848623088396469,0.8486230883964687,72.7913072540534,67.97481556263685,391.2274649046075,0.0,98.03822582960129
651,4.0,4.845558580715962,0.845558580715962,72.78889277200005,67.971017323492,390.9363366749594,0.0,97.9730122089386
652,4.0,4.842548185228652,0.8425481852286518,72.78564199897639,67.9694515176097,390.6503491036649,0.0,97.9077718257904
653,4.0,4.83958699444165,0.8395869944416496,72.78156259731944,67.96843871027666,390.36903597889966,0.0,97.84241771697998
654,4.0,4.836671963886557,0.8366719638865572,72.77666419742602,67.96444483255127,390.0921080761659,0.0,97.77690315246582
655,4.0,4.8338347220970475,0.8338347220970475,72.77094535086762,67.96000629479006,389.8225701061625,0.0,97.7118673324585
656,4.0,4.83105343282219,0.8310534328221904,72.76441896025439,67.9579828263463,389.55834762505106,0.0,97.64688777923584
657,4.0,4.828322948504449,0.8283229485044492,72.75710596184048,67.95682868500651,389.2989516148657,0.0,97.58189010620117
658,4.0,4.825632718431516,0.8256327184315158,72.74900636567057,67.95605259708532,389.04337975793703,0.0,97.51666259765625
659,4.0,4.823000058347851,0.8230000583478514,72.74014335330209,67.95578418687732,388.7932770499889,0.0,97.45158767700195
660,4.0,4.8204241056313455,0.8204241056313455,72.73053399228499,67.95659119672536,388.5485615419208,0.0,97.3866720199585
661,4.0,4.817902000351177,0.817902000351177,72.720182111564,67.95733325274249,388.30896154030484,0.0,97.3218641281128
662,4.0,4.815420154595107,0.815420154595107,72.70908601161388,67.95896410262067,388.07318619347814,0.0,97.2568883895874
663,4.0,4.812991842803799,0.8129918428037994,72.69727828804724,67.96057914367731,387.84249657330395,0.0,97.1920576095581
664,4.0,4.81061692798214,0.8106169279821396,72.68476675040621,67.96153445011554,387.6168796652463,0.0,97.12738037109375
665,4.0,4.808296264574585,0.8082962645745848,72.67156570558974,67.96168688027853,395.07523115498714,0.0,97.06289386749268
666,4.0,4.8058226131714985,0.8058226131714985,72.66084136359086,67.9611664710754,394.84023427169393,0.0,96.99864292144775
667,4.0,4.8030034087692846,0.8030034087692846,72.65535496068323,67.96020912854344,394.5724098534836,0.0,96.93442153930664
668,4.0,4.799970973946009,0.7999709739460092,72.65317743496543,67.95914484878904,394.2843285452724,0.0,96.87031745910645
669,4.0,4.796808608101642,0.7968086081016423,72.65299224949281,67.9582349949597,393.9839037900575,0.0,96.80624961853027
670,4.0,4.793573773761533,0.7935737737615334,72.65391090313084,67.95765816533587,393.67659452774717,0.0,96.74218940734863
671,4.0,4.790297074825506,0.7902970748255056,72.65530521943889,67.95748928947681,393.3653081288246,0.0,96.67791557312012
672,4.0,4.787021423719178,0.7870214237191782,72.65674291634767,67.95767959540146,393.05412127372347,0.0,96.61371803283691
673,4.0,4.783763372585192,0.7837633725851916,72.65794397235418,67.95812265369304,392.7446064159948,0.0,96.54955863952637
674,4.0,4.780532877942278,0.780532877942278,72.65870629030422,67.95866668396661,392.4377094249179,0.0,96.48537063598633
675,4.0,4.777338971855609,0.7773389718556087,72.65889590926793,67.95916949858149,392.13428834668434,0.0,96.4211597442627
676,4.0,4.774188725575611,0.7741887255756108,72.65841124915566,67.9595228971863,391.83501495008454,0.0,96.35693550109863
677,4.0,4.7710853171361425,0.7710853171361425,72.65719971206649,67.95968854067343,391.5401911483351,0.0,96.29269409179688
678,4.0,4.7680328454489445,0.7680328454489445,72.65523201763733,67.95965652325027,391.25020633805127,0.0,96.22848129272461
679,4.0,4.765035177802659,0.765035177802659,72.65247519038535,67.9594728718287,390.96542791165416,0.0,96.16433334350586
680,4.0,4.76209267802777,0.7620926780277699,72.6489251685662,67.95921450278787,390.68589043303973,0.0,96.10025405883789
681,4.0,4.759203059920077,0.7592030599200772,72.64457221784274,67.95894979693934,390.4113767128089,0.0,96.03618621826172
682,4.0,4.75474366869656,0.7547436686965598,72.63941903325434,67.95874648897278,389.98773454657476,0.0,95.93939381837845
683,4.0,4.751972696803263,0.7519726968032634,72.63342268677498,67.95863023886021,389.7244922167116,0.0,95.8755670785904
684,4.0,4.749254471087463,0.7492544710874629,72.62653777276526,67.95862120828251,389.4662607737105,0.0,95.81164145469666
685,4.0,4.746605463159978,0.7466054631599777,72.61879366878618,67.95868409277857,389.2146050205994,0.0,95.74798965454102
686,4.0,4.744012289722096,0.7440122897220958,72.6102357154192,67.9588040263931,388.9682535440006,0.0,95.68440294265747
687,4.0,4.741474551937762,0.7414745519377623,72.6008898040324,67.95894136291778,388.72716845448895,0.0,95.62090873718262
688,4.0,4.738997476674138,0.7389974766741378,72.59079302037001,67.95905759529371,388.4918463044446,0.0,95.55766248703003
689,4.0,4.736573887791865,0.7365738877918648,72.57994871076836,67.95913365625711,388.26160536062866,0.0,95.49452495574951
690,4.0,4.734202550067297,0.7342025500672973,72.56839787258609,67.95915817678886,388.03632827679473,0.0,95.43152618408203
691,4.0,4.731883477878256,0.7318834778782559,72.55615375406114,67.95914402097132,387.81601641883583,0.0,95.36868476867676
692,4.0,4.729619067497025,0.7296190674970253,72.54322980007413,67.95909392054199,394.5322785738407,0.0,95.30606746673584
693,4.0,4.72722296454847,0.7272229645484698,72.53246873314725,67.95902403137826,394.3046487937279,0.0,95.24365329742432
694,4.0,4.724521139562716,0.7245211395627162,72.52638815083503,67.95895766804091,394.04797542008134,0.0,95.18123722076416
695,4.0,4.721633258077562,0.7216332580775617,72.5232389917663,67.958907731282,393.7736266789917,0.0,95.11892700195312
696,4.0,4.718635376492281,0.7186353764922808,72.5218514968483,67.95888248751702,393.4888279283899,0.0,95.05671501159668
697,4.0,4.715574017191364,0.715574017191364,72.52140787827024,67.9588976211638,393.19799879480286,0.0,94.99446296691895
698,4.0,4.712486360638328,0.7124863606383283,72.52134069012551,67.95892061548406,392.9046714222645,0.0,94.93217468261719
699,4.0,4.709397392631328,0.7093973926313284,72.52128777717948,67.95895249890826,392.6112194615995,0.0,94.8698787689209
700,4.0,4.706328128396355,0.706328128396355,72.52096764797473,67.95898062723738,392.31963935927706,0.0,94.80763053894043
701,4.0,4.703289781547225,0.703289781547225,72.52020979969001,67.95900619822365,392.03099640860967,0.0,94.74543380737305
702,4.0,4.700284795027829,0.7002847950278293,72.51889243814,67.95901644621611,391.7455226892671,0.0,94.68317985534668
703,4.0,4.697319421138534,0.6973194211385341,72.5169369980068,67.95901864116911,391.4638121697841,0.0,94.62089347839355
704,4.0,4.694401951022518,0.6944019510225177,72.51429323172387,67.95900632582314,391.18665250876245,0.0,94.55867767333984
705,4.0,4.691535630200535,0.6915356302005353,72.51092148302997,67.95898661819467,390.9143520306742,0.0,94.49654769897461
706,4.0,4.6887229726008135,0.6887229726008135,72.50680654741944,67.95896658133202,390.64714955870056,0.0,94.43453598022461
707,4.0,4.685953605240913,0.685953605240913,72.50194213876195,67.958966911372,390.38405965951006,0.0,94.37242698669434
708,4.0,4.683242049239225,0.683242049239225,72.49632073643122,67.95896715273811,390.12646183934964,0.0,94.31050491333008
709,4.0,4.6805816357550185,0.6805816357550185,72.48994769337213,67.95896733198192,389.8737225583501,0.0,94.24864387512207
710,4.0,4.677973642211446,0.6779736422114464,72.48283149972234,67.95896751323033,389.62596317171074,0.0,94.18688201904297
711,4.0,4.67542113167657,0.6754211316765701,72.47497947764923,67.95896757271623,389.3834746708975,0.0,94.12529182434082
712,4.0,4.6729182321132345,0.6729182321132345,72.4663994758225,67.95897164145072,389.1456992123806,0.0,94.06376647949219
713,4.0,4.670463033540039,0.670463033540039,72.4571187583586,67.95897348573597,388.912455347927,0.0,94.00230407714844
714,4.0,4.668061931263445,0.6680619312634448,72.44712992002901,67.95897725608279,388.68435063165055,0.0,93.94102478027344
715,4.0,4.665710527141664,0.6657105271416643,72.43644751672727,67.95897180850847,388.46096724008146,0.0,93.8798599243164
716,4.0,4.663413766692833,0.663413766692833,72.42507648949294,67.9589686168566,394.5452057810244,0.0,93.81891632080078
717,4.0,4.660993515753184,0.6609935157531837,72.41561871031794,67.95896960324846,394.3152819417577,0.0,93.75798034667969
718,4.0,4.658313633695549,0.6583136336955491,72.41037238769059,67.95897491721436,394.06069314628235,0.0,93.69728469848633
719,4.0,4.6554676914247395,0.6554676914247395,72.40772630970054,67.9589839312546,393.79032863055545,0.0,93.6366195678711
720,4.0,4.652522083314663,0.652522083314663,72.40660738653528,67.95897539491222,393.5104958600982,0.0,93.575927734375
721,4.0,4.649524974608215,0.649524974608215,72.40627723263087,67.95896962619832,393.2257705329856,0.0,93.51522064208984
722,4.0,4.646510017750737,0.646510017750737,72.40624251136738,67.95896577997227,392.93934963152526,0.0,93.45453643798828
723,4.0,4.643499061043718,0.6434990610437179,72.40614537056041,67.95896322637547,392.65330874435847,0.0,93.39385223388672
724,4.0,4.640507390020089,0.6405073900200886,72.40575606636466,67.95896157463162,392.3690999971136,0.0,93.33317947387695
725,4.0,4.637658575620835,0.6376585756208346,72.4030826121323,67.95896046222255,392.0984626291845,0.0,93.2724380493164
726,4.0,4.634951369315555,0.6349513693155551,72.39804869540107,67.95895971000164,391.84127803018293,0.0,93.21150970458984
727,4.0,4.632304410733021,0.6323044107330213,72.39206438713572,67.95897025655847,391.58981696484227,0.0,93.15057754516602
728,4.0,4.629800063074263,0.6298000630742626,72.38383760795162,67.95898503264384,391.3519039372602,0.0,93.08963775634766
729,4.0,4.627645889889233,0.6276458898892328,72.3701638326855,67.95898861862537,391.1472574846823,0.0,93.02874755859375
730,4.0,4.625626476255243,0.6256264762552428,72.35429808853243,67.9589830756535,396.8988647138781,0.0,92.96776580810547
731,4.0,4.623477938890206,0.6234779388902059,72.34029616847641,67.95898413313776,396.69475366419954,0.0,92.90660095214844
732,4.0,4.621381587850662,0.6213815878506619,72.32575273967512,67.95898656510415,396.49560031544286,0.0,92.84580612182617
733,4.0,4.619361130943767,0.6193611309437674,72.31007941806314,67.95898871549954,402.1875876532537,0.0,92.78510284423828
734,4.0,4.617057885979396,0.6170578859793956,72.29879948511002,67.95898540376923,401.96877938163834,0.0,92.72437286376953
735,4.0,4.614445341982316,0.6144453419823162,72.29228813718123,67.95898058365573,401.72058770191586,0.0,92.66355895996094
736,4.0,4.611910087799194,0.6119100877991936,72.28493020665177,67.95897551818926,407.2928843886116,0.0,92.60322189331055
737,4.0,4.609276896977114,0.6092768969771143,72.27912375100514,67.95897196049971,407.04273126051396,0.0,92.54291534423828
738,4.0,4.606258481483753,0.6062584814837528,72.27923567132231,67.9589697435411,406.7559817886447,0.0,92.48245620727539
739,4.0,4.603159525606642,0.6031595256066424,72.28049604163577,67.9589624559422,406.4615809803191,0.0,92.42184829711914
740,4.0,4.600167568496177,0.6001675684961771,72.28022313421089,67.95896051382412,406.17734505482497,0.0,92.3614273071289
741,4.0,4.597229253090918,0.5972292530909176,72.27901388604363,67.9589653293806,405.8982050913253,0.0,92.30088806152344
742,4.0,4.5942506251472235,0.5942506251472235,72.27842235143906,67.95898126595131,405.6152354366744,0.0,92.24032974243164
743,4.0,4.591452281961532,0.5914522819615318,72.27499502949509,67.95898299714534,405.34939283403367,0.0,92.17977523803711
744,4.0,4.5890157800067835,0.5890157800067835,72.26602655477718,67.95898458759878,405.1179251483326,0.0,92.11942672729492
745,4.0,4.586598332323381,0.5865983323233808,72.25676334213915,67.95899526900256,404.8882676184094,0.0,92.05909729003906
746,4.0,4.584206733477532,0.584206733477532,72.24709196688178,67.95898157812186,404.6610657280537,0.0,91.998779296875
747,4.0,4.582151838798949,0.582151838798949,72.2323647631736,67.95897309406611,409.9962932021783,0.0,91.93879528343678
748,4.0,4.5802447127340695,0.5802447127340695,72.21547441534562,67.95897783235122,409.81511622601477,0.0,91.87904024124146
749,4.0,4.578095512973224,0.5780955129732241,72.20242956479991,67.95897965768005,409.61094224873443,0.0,91.81933856010437
750,4.0,4.575911053888469,0.5759110538884693,72.18993921412861,67.958968055456,414.87457364762327,0.0,91.75965023040771
751,4.0,4.57373645950509,0.5737364595050902,72.1776597690694,67.9589694889696,414.6679871812022,0.0,91.70044279098511
752,4.0,4.5714539443936975,0.5714539443936975,72.16716916869929,67.9589709196446,414.45114824561983,0.0,91.64135837554932
753,4.0,4.568954800469732,0.568954800469732,72.15992508008519,67.958966638338,419.6188001773056,0.0,91.58206558227539
754,4.0,4.566356291724412,0.5663562917244116,72.15447844876796,67.95897181611006,419.37194184650014,0.0,91.5230712890625
755,4.0,4.5635785810835685,0.5635785810835685,72.15202125083718,67.95898005542199,419.10805933562006,0.0,91.46428298950195
756,4.0,4.560587991544552,0.5605879915445522,72.15299434736724,67.9589855586018,418.8239533294135,0.0,91.40557765960693
757,4.0,4.5574605607301075,0.5574605607301075,72.15625403589348,67.95898922810952,418.5268474020413,0.0,91.34702277183533
758,4.0,4.554353940467907,0.554353940467907,72.15919950214023,67.95899163363381,418.2317184771323,0.0,91.2884818315506
759,4.0,4.551192748777243,0.5511927487772432,72.16306328853794,67.95899325683864,417.93140526651916,0.0,91.23000288009644
760,4.0,4.548011472054436,0.5480114720544362,72.16737014019444,67.95898743036038,417.62918397785256,0.0,91.1716742515564
761,4.0,4.54484632237012,0.5448463223701197,72.17150095585689,67.95898121225494,417.32849475784246,0.0,91.11343908309937
762,4.0,4.541712979843935,0.5417129798439353,72.17508292304863,67.95898163410233,417.03082721785495,0.0,91.05514192581177
763,4.0,4.538623179067851,0.5386231790678506,72.17790438542423,67.95898190377248,416.73729614412684,0.0,90.99675273895264
764,4.0,4.535589782377158,0.5355897823771576,72.17985590456578,67.95897227049466,416.44912345851105,0.0,90.93839359283447
765,4.0,4.532608234603794,0.5326082346037939,72.18091389859907,67.95896717364512,416.1658764200415,0.0,90.87994575500488
766,4.0,4.529682695514273,0.529682695514273,72.18107849495354,67.95896418862996,415.88795020653697,0.0,90.82149505615234
767,4.0,4.526814063672956,0.5268140636729557,72.18038520030443,67.95896281167516,415.6154301816118,0.0,90.76310634613037
768,4.0,4.523989479454102,0.5239894794541016,72.17886834684714,67.95896806937482,415.34709468082076,0.0,90.7045669555664
769,4.0,4.52121468129325,0.5212146812932499,72.17656391830457,67.9589702702024,415.0834888555398,0.0,90.64603900909424
770,4.0,4.518484459011109,0.5184844590111091,72.17349373612012,67.95897148526784,414.8241177387364,0.0,90.58744716644287
771,4.0,4.515805170574113,0.5158051705741133,72.16970238424021,67.95898092028094,414.56958533722184,0.0,90.52897644042969
772,4.0,4.5131766536501825,0.5131766536501825,72.16517760949709,67.9589883167634,414.31987622944837,0.0,90.47060966491699
773,4.0,4.510589709572476,0.5105897095724758,72.15994974721862,67.9589841429551,414.07411654206624,0.0,90.41220188140869
774,4.0,4.508054755825902,0.5080547558259019,72.15402996420278,67.95899007189466,413.8332959361418,0.0,90.35397720336914
775,4.0,4.505565208235779,0.5055652082357787,72.14742900395636,67.95898427294966,413.5967889150801,0.0,90.29581832885742
776,4.0,4.503121862038941,0.5031218620389408,72.14013395908474,67.95897758964863,413.3646710263805,0.0,90.23772621154785
777,4.0,4.5007309154728405,0.5007309154728405,72.13214527781066,67.95897294418305,413.137531102601,0.0,90.1798267364502
778,4.0,4.498387907494723,0.49838790749472306,72.1234756537989,67.9589757807055,417.6496304658797,0.0,90.1220474243164
779,4.0,4.495964452103703,0.49596445210370277,72.11608888913739,67.95897588840008,417.4194022037327,0.0,90.06427001953125
780,4.0,4.493366054082464,0.4933660540824638,72.11166664150167,67.95897203104815,417.17255439171504,0.0,90.00669860839844
781,4.0,4.490656901217988,0.4906569012179878,72.10902227282017,67.95896424157101,416.9151848695898,0.0,89.94913291931152
782,4.0,4.487889643601188,0.48788964360118836,72.10735723343208,67.95896732783334,416.65229539599386,0.0,89.89162826538086
783,4.0,4.485092573408536,0.4850925734085356,72.10612043819687,67.95897423618845,416.3865737276918,0.0,89.83406257629395
784,4.0,4.482292372402052,0.4822923724020516,72.10493093164524,67.95897892052848,416.1205546320758,0.0,89.7764949798584
785,4.0,4.479504691176129,0.47950469117612915,72.10353841498471,67.95898204388843,415.8557249156132,0.0,89.71892738342285
786,4.0,4.476739771901636,0.4767397719016362,72.10177909503504,67.9589841451156,415.5930575845364,0.0,89.66136169433594
787,4.0,4.474018573987318,0.47401857398731817,72.09953248685082,67.95898558710903,415.3345437826762,0.0,89.60406875610352
788,4.0,4.4713277924799035,0.47132779247990353,72.09672359428261,67.95898645883145,415.0789195394718,0.0,89.54668998718262
789,4.0,4.468676270851208,0.46867627085120844,72.09329637159792,67.9589870280342,414.8270249847458,0.0,89.48933410644531
790,4.0,4.4660617432356275,0.46606174323562755,72.08921565867612,67.95898499540226,414.5786448612656,0.0,89.43191337585449
791,4.0,4.4634945389449845,0.4634945389449845,72.08445204471647,67.95897988322581,414.33476045365444,0.0,89.37459945678711
792,4.0,4.460976702788444,0.46097670278844394,72.07900686519028,67.95897705178362,414.0955660187832,0.0,89.31743621826172
793,4.0,4.458498478815177,0.45849847881517736,72.0728720651492,67.95897160810972,413.8601347413228,0.0,89.26021957397461
794,4.0,4.456070487968024,0.45607048796802374,72.06605671856607,67.95897551646777,413.6294756108432,0.0,89.20317459106445
795,4.0,4.453683887876531,0.45368388787653124,72.05855500077692,67.95897653198188,413.4027486021514,0.0,89.1461181640625
796,4.0,4.45135098154907,0.45135098154907016,72.0503674105331,67.95897516842646,417.4689568257588,0.0,89.08929824829102
797,4.0,4.448953200765733,0.4489532007657333,72.04328965877362,67.95896370697946,417.2411676513418,0.0,89.03256225585938
798,4.0,4.446395907935182,0.446395907935182,72.03885957020427,67.95895518651383,416.9982248324394,0.0,88.97591400146484
799,4.0,4.443742342176166,0.4437423421761659,72.03599117731726,67.95894951613492,416.74613608533286,0.0,88.91927337646484
800,4.0,4.44103627920843,0.44103627920843014,72.03395230196868,67.95896625493009,416.48906010339795,0.0,88.86260986328125
801,4.0,4.438311030597783,0.43831103059778265,72.03223778614783,67.95898431312645,416.2301614853865,0.0,88.80596542358398
802,4.0,4.4355906517929355,0.43559065179293555,72.03051948348751,67.95898497255745,415.97172549892605,0.0,88.74941635131836
803,4.0,4.432884980756316,0.43288498075631576,72.0285724809747,67.95899176820865,415.7146867504471,0.0,88.6928825378418
804,4.0,4.430211514866918,0.4302115148669179,72.02623279995628,67.95899241587793,415.4607074909543,0.0,88.63651275634766
805,4.0,4.4275661230871295,0.4275661230871295,72.0233963874051,67.95898005681822,415.2093952718744,0.0,88.58009719848633
806,4.0,4.424955708265932,0.4249557082659319,72.01999350564299,67.95896785029362,414.9614058638607,0.0,88.52368927001953
807,4.0,4.4223887297902,0.4223887297901996,72.01597553024556,67.95897004757903,414.71754290866613,0.0,88.46739959716797
808,4.0,4.419865440164618,0.41986544016461824,72.0113125372926,67.95896392161184,414.47783039423587,0.0,88.41119766235352
809,4.0,4.417382265386833,0.4173822653868333,72.00599031500985,67.95897005698218,414.24192879034626,0.0,88.35499572753906
810,4.0,4.414945217337418,0.41494521733741774,72.00000005887027,67.95896927960558,414.01040922565176,0.0,88.29890441894531
811,4.0,4.412552947418689,0.4125529474186891,71.99334729183172,67.95897703576661,413.78314358337263,0.0,88.24290466308594
812,4.0,4.41020815608773,0.4102081560877302,71.98602754055041,67.95898770491446,417.4573658897649,0.0,88.18704605102539
813,4.0,4.407805448252876,0.40780544825287635,71.97966446170888,67.95899482802807,417.22910864545383,0.0,88.13121032714844
814,4.0,4.40526165573147,0.4052616557314703,71.97564313120726,67.95899557607818,416.98744835592026,0.0,88.0754280090332
815,4.0,4.402634443233772,0.4026344432337723,71.97297773413374,67.95899026255823,416.7378631686389,0.0,88.0196418762207
816,4.0,4.3999696994555135,0.3999696994555135,71.9710073239893,67.95897520135686,416.4847125097043,0.0,87.96395874023438
817,4.0,4.397297217054129,0.39729721705412935,71.96927361031801,67.95896862591128,416.2308266815728,0.0,87.90841293334961
818,4.0,4.394624365646304,0.39462436564630377,71.96748758215602,67.95897295080435,415.97690579782943,0.0,87.85279846191406
819,4.0,4.391966556624305,0.3919665566243049,71.96543726510187,67.95897273422133,415.7244139407395,0.0,87.79716491699219
820,4.0,4.389337925595481,0.3893379255954814,71.96296553583157,67.95896103613735,415.4746939930013,0.0,87.74160385131836
821,4.0,4.386736590951928,0.38673659095192825,71.95999924378349,67.95896613112743,415.22756720186374,0.0,87.68598937988281
822,4.0,4.384181203123428,0.3841812031234282,71.95646012244168,67.95897485309092,414.9848053581562,0.0,87.63059997558594
823,4.0,4.381662728919804,0.381662728919804,71.95231383481526,67.95898068890152,414.74555030881197,0.0,87.57521438598633
824,4.0,4.3791811016260365,0.37918110162603647,71.94752603880696,67.95898459972256,414.50979571590403,0.0,87.51979064941406
825,4.0,4.376744455845892,0.3767444558458921,71.94209697385917,67.95898715757173,414.27831436679026,0.0,87.46449279785156
826,4.0,4.374354481265712,0.374354481265712,71.93600108844761,67.9589888735446,417.60763435369745,0.0,87.4093246459961
827,4.0,4.371913724430332,0.3719137244303319,71.93072776248863,67.95899004504535,417.3757624543364,0.0,87.3541488647461
828,4.0,4.369353975561153,0.369353975561153,71.92754560661807,67.9589907674388,417.1325863117644,0.0,87.29914093017578
829,4.0,4.366721692117565,0.3667216921175651,71.92552927928674,67.95898442904209,416.8825193846235,0.0,87.24410247802734
830,4.0,4.364056154836622,0.36405615483662235,71.92409004049959,67.95897779074456,416.6292933429339,0.0,87.18910217285156
831,4.0,4.361377995960383,0.36137799596038267,71.92281310022457,67.95897794099331,416.3748682496912,0.0,87.13404846191406
832,4.0,4.358711872873555,0.3587118728735552,71.92141791022068,67.95897815152752,416.1215865564426,0.0,87.07909393310547
833,4.0,4.356065001602565,0.35606500160256527,71.91971576912955,67.95897523464052,415.8701337856985,0.0,87.02415466308594
834,4.0,4.353437734262532,0.3534377342625321,71.91758045188412,67.95897015026017,415.6205433883954,0.0,86.96908569335938
835,4.0,4.350850268550064,0.3508502685500643,71.91492986570124,67.95896715664799,415.37473414571093,0.0,86.91419219970703
836,4.0,4.3483002854039725,0.3483002854039725,71.91169413629133,67.95896857535577,415.13248574683223,0.0,86.85934448242188
837,4.0,4.345792262188581,0.3457922621885814,71.90784247307305,67.95896564752634,414.89422354137,0.0,86.80459594726562
838,4.0,4.343318945195194,0.3433189451951941,71.90334856040731,67.95896671712948,414.65925842699824,0.0,86.74977111816406
839,4.0,4.340892990389069,0.34089299038906873,71.89821058604784,67.95896930243849,414.42879272041637,0.0,86.69512176513672
840,4.0,4.338507099958397,0.338507099958397,71.89241562338928,67.95897301883447,417.41795057910736,0.0,86.64048767089844
841,4.0,4.33608594595644,0.33608594595644004,71.8872939209062,67.95898870106826,417.18794094892144,0.0,86.58596801757812
842,4.0,4.333561715115721,0.33356171511572086,71.88399034667383,67.95898811005486,416.9481390190531,0.0,86.53158569335938
843,4.0,4.330975704122796,0.3309757041227961,71.88168291252973,67.95898903255095,416.7024679747252,0.0,86.4771728515625
844,4.0,4.328359420769416,0.3283594207694156,71.8798310236234,67.95898387135666,416.45392105615406,0.0,86.4227066040039
845,4.0,4.325737368668617,0.3257373686686167,71.87808544894186,67.95898862838158,416.20482610657814,0.0,86.36825561523438
846,4.0,4.32312360161075,0.3231236016107504,71.87618730305519,67.9589795009222,415.9565182360809,0.0,86.31378936767578
847,4.0,4.32053441651813,0.32053441651812964,71.87394785451127,67.95897794310699,415.7105456522819,0.0,86.25940704345703
848,4.0,4.3179755612474535,0.3179755612474535,71.87126012242956,67.95896771480382,415.4674544015677,0.0,86.20509576797485
849,4.0,4.315447502136632,0.31544750213663164,71.86805603172273,67.95896677375808,415.2272887860396,0.0,86.15078413486481
850,4.0,4.312959226559276,0.31295922655927644,71.86426469374004,67.95897948880608,414.99090260619084,0.0,86.09656763076782
851,4.0,4.310504413028902,0.31050441302890164,71.8598698150224,67.95898637821672,414.7576953208053,0.0,86.04230165481567
852,4.0,4.308096542645965,0.3080965426459654,71.85483837068696,67.95897745404261,417.45586478956295,0.0,85.98821687698364
853,4.0,4.3056553061169485,0.30565530611694847,71.85037961923804,67.95898132321655,417.2239473193064,0.0,85.93415784835815
854,4.0,4.3031188934415985,0.3031188934415985,71.84752603577193,67.95898385193595,416.98298811514815,0.0,85.88012409210205
855,4.0,4.300528827104475,0.3005288271044746,71.84552870178275,67.95897033422123,416.7369318131214,0.0,85.82604646682739
856,4.0,4.297926860739203,0.29792686073920294,71.84388364762744,67.95896056459738,416.4897450084205,0.0,85.77215480804443
857,4.0,4.29532627276946,0.29532627276945966,71.84227149463402,67.95896278506724,416.24268915129494,0.0,85.71833229064941
858,4.0,4.292735090841471,0.29273509084147076,71.84044638939486,67.95896327976853,415.996526868136,0.0,85.6644458770752
859,4.0,4.290165743849451,0.2901657438494514,71.83826225733847,67.95896523980895,415.75243890389413,0.0,85.61056995391846
860,4.0,4.287620346801926,0.2876203468019263,71.83561498900897,67.95897374487332,415.51062618437925,0.0,85.5566234588623
861,4.0,4.285109837777438,0.2851098377774379,71.8324254025012,67.95897155589954,415.2721278270528,0.0,85.50273132324219
862,4.0,4.282647028532947,0.28264702853294743,71.82865731471556,67.95897466702941,415.0381609488262,0.0,85.44910717010498
863,4.0,4.2802186387329,0.2802186387329,71.82427201664652,67.95897406813954,414.8074639178218,0.0,85.39544105529785
864,4.0,4.277828039451553,0.27782803945155266,71.81929132044235,67.95897554403899,414.58035698609376,0.0,85.34182727336884
865,4.0,4.2754817363037025,0.27548173630370254,71.81366731977285,67.95898360011216,414.357458187048,0.0,85.28833973407745
866,4.0,4.273173986746214,0.2731739867462144,71.80740383616462,67.95897754997583,414.13822197908667,0.0,85.23486948013306
867,4.0,4.270915702541138,0.2709157025411377,71.80049963913955,67.95897345976111,413.92368497960433,0.0,85.1816337108612
868,4.0,4.268694252754087,0.268694252754087,71.79296058969841,67.9589702128638,413.7126472498345,0.0,85.12838840484619
869,4.0,4.26651776286614,0.2665177628661404,71.78479100579798,67.95897258025974,413.5058807104796,0.0,85.07530164718628
870,4.0,4.264381535799511,0.26438153579951074,71.77600100760067,67.95896962519559,413.30293913914977,0.0,85.02229261398315
871,4.0,4.262289430660326,0.26228943066032606,71.76659863564991,67.95897088404011,413.10418915092725,0.0,84.96944856643677
872,4.0,4.260236323513782,0.2602363235137819,71.7566030991822,67.95896260967349,412.9091439720055,0.0,84.91669082641602
873,4.0,4.258226067721512,0.2582260677215116,71.74601016589067,67.95896943050671,412.7181696717398,0.0,84.86409187316895
874,4.0,4.256256838123107,0.2562568381231074,71.73483272789302,67.95897618231781,412.5310928598915,0.0,84.81163120269775
875,4.0,4.25433459221857,0.25433459221857024,71.7230691208689,67.95897624347275,412.3484794989604,0.0,84.75942611694336
876,4.0,4.252445017328828,0.25244501732882796,71.71074312222488,67.95897346893626,412.1689698844349,0.0,84.70722007751465
877,4.0,4.250606843883093,0.2506068438830926,71.69787513948388,67.9589700940159,411.99434340709,0.0,84.65541076660156
878,4.0,4.248801373505059,0.24880137350505915,71.68445880710021,67.9589664487969,411.82282372117686,0.0,84.60361862182617
879,4.0,4.247038556080484,0.24703855608048375,71.67050367125718,67.95896379688115,411.65535606584217,0.0,84.55205345153809
880,4.0,4.245316064066749,0.2453160640667491,71.656009140836,67.95896198855074,411.49171932453737,0.0,84.5006685256958
881,4.0,4.243632753063022,0.24363275306302157,71.64101128162372,67.9589607532482,411.33180477918324,0.0,84.44948387145996
882,4.0,4.241982593851448,0.24198259385144816,71.62549597649104,67.95896675794782,411.1750396540838,0.0,84.39836311340332
883,4.0,4.240369480603018,0.2403694806030181,71.60948385508567,67.9589730342219,411.0217938954829,0.0,84.34740829467773
884,4.0,4.238800514977324,0.23880051497732424,71.59298603593386,67.95897267246617,410.8727421610421,0.0,84.29677391052246
885,4.0,4.237270817654181,0.23727081765418134,71.57601847658658,67.9589724010117,410.7274209153435,0.0,84.24638175964355
886,4.0,4.235778693986693,0.23577869398669282,71.55855789517256,67.95897216049462,410.5856691669321,0.0,84.19617080688477
887,4.0,4.234322729753097,0.23432272975309676,71.54064110209903,67.9589720700581,410.4473525647404,0.0,84.14615631103516
888,4.0,4.2329095992854295,0.23290959928542954,71.52228508424913,67.95897194928942,410.31310517031204,0.0,84.09649085998535
889,4.0,4.2315352192881,0.23153521928809973,71.5034762005695,67.95897188894143,410.1825390705658,0.0,84.04707717895508
890,4.0,4.230198891338738,0.2301988913387376,71.4842263288715,67.9589718290266,410.05558791537635,0.0,83.99791526794434
891,4.0,4.228897203976846,0.228897203976846,71.46457373694652,67.95897179818026,409.93192761599664,0.0,83.94898223876953
892,4.0,4.227636195027622,0.227636195027622,71.44448796431983,67.958971798171,409.81213176582037,0.0,83.90036201477051
893,4.0,4.2264130161924705,0.22641301619247045,71.42400596526973,67.95897179809874,409.69592977648097,0.0,83.85204124450684
894,4.0,4.225224320291504,0.2252243202915043,71.40313413224908,67.95897179927213,409.5830036658891,0.0,83.8039608001709
895,4.0,4.224074644317179,0.22407464431717905,71.38186912735422,67.9589717387435,409.4737844483283,0.0,83.75620651245117
896,4.0,4.222960003142092,0.2229600031420924,71.3602395366542,67.95897179828864,409.3678935366951,0.0,83.70873260498047
897,4.0,4.221882478997735,0.22188247899773472,71.33823807458701,67.9589751850244,409.265528742981,0.0,83.66157150268555
898,4.0,4.220840351571803,0.2208403515718027,71.31588434260824,67.95898228319045,409.16652663751756,0.0,83.61471176147461
899,4.0,4.21983336030569,0.21983336030568967,71.2931862987045,67.95897918866994,409.0708624672368,0.0,83.56815719604492
900,4.0,4.218865635423569,0.21886563542356896,71.27013959311427,67.95898803984154,408.9789286034353,0.0,83.5219841003418
901,4.0,4.217927839403821,0.21792783940382066,71.24676560800626,67.9589789595465,408.88983798155925,0.0,83.47603225708008
902,4.0,4.217024143926145,0.2170241439261451,71.2230723224522,67.95897533557638,408.80398691118,0.0,83.43039321899414
903,4.0,4.216159751538983,0.21615975153898326,71.19906670868501,67.95897703448225,408.7218696343997,0.0,83.38517761230469
904,4.0,4.215328274846291,0.21532827484629102,71.17475284438135,67.95897186313526,408.64287934859385,0.0,83.34026336669922
905,4.0,4.214532603071456,0.21453260307145605,71.1501507684194,67.95897098249795,408.5672905299846,0.0,83.29573059082031
906,4.0,4.213764809760353,0.21376480976035328,71.12526763408837,67.95896153027557,408.49435016542986,0.0,83.25143051147461
907,4.0,4.2130326233339455,0.21303262333394546,71.10009722087689,67.95896263491075,408.4247924549211,0.0,83.2075080871582
908,4.0,4.212329839823132,0.21232983982313236,71.07467623328222,67.95896500538488,408.3580280213938,0.0,83.16388320922852
909,4.0,4.211660350494877,0.21166035049487686,71.04898834450405,67.95896752009895,408.2944265352096,0.0,83.12061309814453
910,4.0,4.211024374689879,0.21102437468987922,71.02304990422887,67.95897144077571,408.23400883373483,0.0,83.07772064208984
911,4.0,4.2104210624068,0.21042106240679992,70.99686922788108,67.95897919291754,408.17669416684225,0.0,83.03519821166992
912,4.0,4.209853891486894,0.20985389148689393,70.97045017031519,67.95898404983431,408.12281292945113,0.0,82.99311828613281
913,4.0,4.209312912786957,0.20931291278695685,70.94381418582832,67.95898437675869,408.07141995295717,0.0,82.95130920410156
914,4.0,4.208806219129269,0.20880621912926944,70.91695910560126,67.95898532558287,408.0232840554769,0.0,82.90992736816406
915,4.0,4.208330242757074,0.20833024275707412,70.88989339390389,67.95898478763226,407.97806630011826,0.0,82.86891174316406
916,4.0,4.20788081957587,0.20788081957586968,70.86263221574511,67.95897507626465,407.93537109790384,0.0,82.82819747924805
917,4.0,4.20746538027388,0.20746538027387995,70.83517169031897,67.95896863301326,407.89590436421486,0.0,82.78792572021484
918,4.0,4.207081059743069,0.20708105974306878,70.8075377957309,67.95896437651261,407.8593939137878,0.0,82.7480697631836
919,4.0,4.206725734771163,0.20672573477116263,70.77972764740524,67.95896156007632,407.8256380414567,0.0,82.70858383178711
920,4.0,4.206398147199061,0.20639814719906102,70.7517466142172,67.95896178670176,407.79451722210706,0.0,82.66944885253906
921,4.0,4.206102274198335,0.2061022741983347,70.7236099604907,67.95896820123296,407.7664092870381,0.0,82.6307601928711
922,4.0,4.205832710973804,0.2058327109738043,70.69532750826464,67.9589827041936,407.7408007807077,0.0,82.59242248535156
923,4.0,4.205592706178925,0.20559270617892533,70.66689415381013,67.95898653102708,407.7180003251941,0.0,82.55449295043945
924,4.0,4.205382696909387,0.20538269690938726,70.63832925333577,67.95898638191044,407.69804944458804,0.0,82.51700210571289
925,4.0,4.205202722244185,0.20520272224418523,70.60962947651844,67.95899130605119,407.68095185139384,0.0,82.47994613647461
926,4.0,4.205044340614889,0.2050443406148892,70.58081954152321,67.95898366194297,407.66590559661074,0.0,82.44318771362305
927,4.0,4.204917941140702,0.20491794114070228,70.5518986602457,67.95897929875638,407.653897646563,0.0,82.40692901611328
928,4.0,4.2048154614811235,0.2048154614811235,70.52287206377038,67.95897088777697,407.64416207890304,0.0,82.37101745605469
929,4.0,4.204740972174461,0.20474097217446108,70.49374711518979,67.9589733540067,407.63708559477004,0.0,82.33554077148438
930,4.0,4.204690794852799,0.20469079485279895,70.46453377755651,67.95897458671901,407.6323187492121,0.0,82.3004379272461
931,4.0,4.204666131384828,0.20466613138482792,70.43523201780202,67.95897002793602,407.62997571975495,0.0,82.26573181152344
932,4.0,4.204666186020087,0.2046661860200869,70.40586222459876,67.95896056613273,407.62998091010456,0.0,82.23143005371094
933,4.0,4.2046934693317946,0.20469346933179455,70.37642862024828,67.9589680500456,407.6325728247167,0.0,82.19758605957031
934,4.0,4.204743757166432,0.20474375716643234,70.34692406422755,67.95897300831416,407.6373501690073,0.0,82.16410827636719
935,4.0,4.204817391516187,0.20481739151618683,70.3173629201558,67.95897631491731,407.644345432234,0.0,82.13101959228516
936,4.0,4.204917333148277,0.20491733314827698,70.28776151070845,67.95898149039458,407.6538398872825,0.0,82.09839630126953
937,4.0,4.205040168994375,0.20504016899437527,70.25811210369562,67.95898825683527,407.6655092926619,0.0,82.066162109375
938,4.0,4.205185241810056,0.2051852418100557,70.22843269526662,67.95899236388702,407.6792912101515,0.0,82.0343246459961
939,4.0,4.205353066691094,0.2053530666910941,70.19872169215495,67.95899863947395,407.69523457385014,0.0,82.00289154052734
940,4.0,4.205547391107394,0.20554739110739373,70.16900195544982,67.9589954818833,407.71369539339867,0.0,81.97196197509766
941,4.0,4.205764017382403,0.20576401738240335,70.13925262527145,67.95898796260637,407.7342748895246,0.0,81.9414291381836
942,4.0,4.205997990658572,0.20599799065857205,70.10950453033666,67.95898287335388,407.75650235076057,0.0,81.9112319946289
943,4.0,4.206258437272148,0.20625843727214832,70.0797496406747,67.95897402516817,407.7812447790503,0.0,81.88153839111328
944,4.0,4.206535827339413,0.20653582733941267,70.0500166307772,67.95895941041977,407.80759683544045,0.0,81.8521957397461
945,4.0,4.206835753425199,0.20683575342519944,70.02027153031773,67.9589538631479,407.8360898135902,0.0,81.82327270507812
946,4.0,4.207154491040464,0.20715449104046435,69.990557195657,67.95896235482898,407.8663698870404,0.0,81.79474639892578
947,4.0,4.207496533985245,0.20749653398524526,69.96085804738911,67.9589642225802,407.8988639667946,0.0,81.76668548583984
948,4.0,4.207856850431328,0.20785685043132762,69.93118640021379,67.95896487807298,407.93309402917237,0.0,81.73900604248047
949,4.0,4.208236793649893,0.20823679364989278,69.9015462616113,67.958964063605,407.969188634936,0.0,81.71173858642578
950,4.0,4.208636469185864,0.20863646918586376,69.87195162871839,67.95897166773622,408.0071578108533,0.0,81.68490105494857
951,4.0,4.209056104699631,0.20905610469963065,69.84239740339098,67.95897828507185,408.04702318466116,0.0,81.65849143266678
952,4.0,4.209491298749355,0.2094912987493549,69.8128953015617,67.95898505572427,408.08836661938494,0.0,81.63243758678436
953,4.0,4.209946072139225,0.20994607213922478,69.78345381156866,67.95898469958816,408.13157009142265,0.0,81.60682702064514
954,4.0,4.210419742817477,0.21041974281747677,69.75407060916164,67.95898966281443,408.1765688058565,0.0,81.5816433429718
955,4.0,4.210906354861502,0.21090635486150244,69.72476366699483,67.95898495148609,408.22279695003897,0.0,81.55679178237915
956,4.0,4.211410837987132,0.211410837987132,69.695520532007,67.95897699472121,408.27072284697374,0.0,81.53235292434692
957,4.0,4.211933777043462,0.21193377704346172,69.66635531463969,67.95897168008511,408.32040205732517,0.0,81.50835418701172
958,4.0,4.212472768682489,0.2124727686824892,69.63726490368103,67.95896816657711,408.37160626303273,0.0,81.48474502563477
959,4.0,4.213029214530026,0.21302921453002632,69.60827167243376,67.95896585541342,408.42446861854876,0.0,81.46157836914062
960,4.0,4.2136011180777135,0.21360111807771354,69.57936002333429,67.9589643232983,408.47879945557906,0.0,81.43879699707031
961,4.0,4.214185421543687,0.2141854215436867,69.55055219274088,67.95896771309701,408.5343082848465,0.0,81.41636753082275
962,4.0,4.2147818806427155,0.21478188064271553,69.52183612979732,67.95897294418373,408.5909718992542,0.0,81.39427089691162
963,4.0,4.215396107958771,0.21539610795877095,69.49322621021068,67.95897780556653,408.64932349427954,0.0,81.37263202667236
964,4.0,4.216025081271042,0.21602508127104159,69.46472124182678,67.95898045009267,408.70907595894516,0.0,81.35139083862305
965,4.0,4.216665855184225,0.21666585518422465,69.43633985333618,67.95898678372062,408.7699494806976,0.0,81.33051204681396
966,4.0,4.217322302416641,0.2173223024166413,69.40806245020333,67.95898163611935,408.8323119677772,0.0,81.3100471496582
967,4.0,4.217991624121185,0.21799162412118456,69.37991010370466,67.95898236876312,408.8958975297088,0.0,81.28996658325195
968,4.0,4.218670338873701,0.21867033887370102,69.3518824631124,67.95897981309243,408.9603754311978,0.0,81.27020263671875
969,4.0,4.219367121031307,0.21936712103130684,69.32398685388245,67.95897455431279,409.02656973617036,0.0,81.25093078613281
970,4.0,4.22007765671717,0.22007765671717028,69.2962244404048,67.95897215332505,409.0940706263274,0.0,81.23206901550293
971,4.0,4.220799433055682,0.2207994330556824,69.26859853778483,67.95897084226318,409.1626393784861,0.0,81.21357262134552
972,4.0,4.221532100062503,0.221532100062503,69.24111879843996,67.95896888431228,409.23224274413406,0.0,81.1954460144043
973,4.0,4.222277816653629,0.22227781665362922,69.21377324446135,67.95895783484137,409.303085820291,0.0,81.17771649360657
974,4.0,4.223035561010902,0.22303556101090205,69.1865782907403,67.95895245485814,409.3750715342319,0.0,81.16038346290588
975,4.0,4.22379986078501,0.22379986078501002,69.15953102902411,67.95895482624249,409.44768001277225,0.0,81.14333820343018
976,4.0,4.224577434462215,0.22457743446221468,69.13265158985794,67.95896706402236,409.5215495121066,0.0,81.12673330307007
977,4.0,4.225367564474941,0.22536756447494088,69.1059183529802,67.95897638594434,409.5966118633156,0.0,81.11052942276001
978,4.0,4.226167556413088,0.22616755641308828,69.07934789576711,67.95898392768439,409.6726110974396,0.0,81.09469413757324
979,4.0,4.226977728550017,0.2269777285500174,69.05294404677728,67.95899227527303,409.7495774504479,0.0,81.07923793792725
980,4.0,4.227796805165308,0.2277968051653083,69.02671839079359,67.95899177090708,409.8273897289006,0.0,81.06414985656738
981,4.0,4.228625804825972,0.22862580482597217,69.00064949805127,67.95898272394687,409.90614469666366,0.0,81.04942417144775
982,4.0,4.229463594348722,0.2294635943487222,68.9747583752049,67.9589773653508,409.9857347013249,0.0,81.03506374359131
983,4.0,4.2303095842698015,0.23030958426980153,68.94904413507162,67.95897121886767,410.0661037438274,0.0,81.02105617523193
984,4.0,4.231161992467348,0.2311619924673476,68.9235066400001,67.9589649064442,410.14708252259425,0.0,81.00736713409424
985,4.0,4.232022404982559,0.23202240498255922,68.89815739581607,67.9589616531941,410.22882171153935,0.0,80.99404048919678
986,4.0,4.232894758506268,0.2328947585062684,68.8729891538215,67.95896489819354,410.31169529629176,0.0,80.9811429977417
987,4.0,4.233771740128318,0.2337717401283177,68.84801227231485,67.95897109390442,410.3950085503865,0.0,80.9685468673706
988,4.0,4.234653108653061,0.23465310865306144,68.82322171609904,67.95897660826662,410.47873856023705,0.0,80.95624160766602
989,4.0,4.2355431021548196,0.23554310215481955,68.79862642140407,67.95898974034306,410.56328794290414,0.0,80.9443187713623
990,4.0,4.236440974232226,0.23644097423222643,68.77422313477031,67.95899847538539,410.6485857902578,0.0,80.93276023864746
991,4.0,4.237342876847087,0.23734287684708733,68.7500224490867,67.95899049961618,410.73426653866954,0.0,80.92150497436523
992,4.0,4.238246933991079,0.23824693399107932,68.72600612128869,67.95897371544156,410.8201519673488,0.0,80.91049575805664
993,4.0,4.23916355346426,0.23916355346425977,68.70219166876205,67.9589693657966,410.90723081730096,0.0,80.89995193481445
994,4.0,4.240081846472805,0.24008184647280473,68.67858874329725,67.95897090248876,410.9944686531127,0.0,80.88967704772949
995,4.0,4.241004369269509,0.2410043692695094,68.65517852060346,67.95897198654941,411.08210831879967,0.0,80.87969779968262
996,4.0,4.241933437674849,0.24193343767484876,68.63198822473949,67.95897268051056,411.1703698173069,0.0,80.87009048461914
997,4.0,4.242868067358715,0.2428680673587147,68.60899165844779,67.95897310198113,411.25915963727414,0.0,80.86080551147461
998,4.0,4.24380435188045,0.24380435188045002,68.58620337817204,67.95897328197577,411.34810666683904,0.0,80.85178565979004
999,4.0,4.244753732703305,0.24475373270330536,68.56363743275672,67.95897352313635,411.4382978450103,0.0,80.84326553344727
1000,4.0,4.2457005351931745,0.24570053519317447,68.54127199204429,67.9589736136845,411.5282440815479,0.0,80.83492088317871
1001,4.0,4.246650237857853,0.24665023785785323,68.51913328690623,67.95897364341887,411.6184658346923,0.0,80.8268871307373
1002,4.0,4.2476033274170275,0.2476033274170275,68.49720204588498,67.95897370380841,411.70900934281383,0.0,80.81915092468262
1003,4.0,4.248560517786906,0.24856051778690613,68.47547798866731,67.9589737637737,411.7999424279524,0.0,80.81172561645508
1004,4.0,4.249523394682125,0.24952339468212514,68.45398073736193,67.95897376457688,411.8914157329981,0.0,80.8046646118164
1005,4.0,4.250488620226681,0.2504886202266814,68.43270742301614,67.95897376417065,411.98311215973104,0.0,80.79790115356445
1006,4.0,4.2514518505929475,0.2514518505929475,68.41164384206506,67.95897376454957,412.07461904452623,0.0,80.79133605957031
1007,4.0,4.252420348049795,0.2524203480497951,68.39080543156906,67.95896355202578,412.16662630292683,0.0,80.78512573242188
1008,4.0,4.253388211928672,0.2533882119286721,68.37018687451301,67.95896531175619,412.2585733714201,0.0,80.7791519165039
1009,4.0,4.254362243300052,0.25436224330005164,68.34979495346096,67.95896892561086,412.3511063517011,0.0,80.77355194091797
1010,4.0,4.255335489913739,0.25533548991373944,68.32963151099032,67.95896340138259,412.44356478000145,0.0,80.76819610595703
1011,4.0,4.256311879708509,0.2563118797085089,68.30968496329035,67.9589601373173,412.53632181050455,0.0,80.76314544677734
1012,4.0,4.257289636095153,0.25728963609515265,68.2899643486237,67.95897173444415,412.62920866723573,0.0,80.75837707519531
1013,4.0,4.258254206314573,0.2582542063145734,68.27047387181332,67.9589721851614,412.72084283808067,0.0,80.75362014770508
1014,4.0,4.259229077220807,0.259229077220807,68.25119150466176,67.95898532878803,412.81345557417296,0.0,80.74929428100586
1015,4.0,4.260208745505214,0.26020874550521356,68.23215703300646,67.9589921976797,412.9065240611916,0.0,80.74534225463867
1016,4.0,4.261187355206547,0.26118735520654734,68.2133448495619,67.95898996723224,412.9994919828182,0.0,80.74162292480469
1017,4.0,4.262162899459452,0.2621628994594518,68.19475145454082,67.95898682279204,413.09216868684416,0.0,80.73809432983398
1018,4.0,4.263142893522349,0.26314289352234876,68.17639821097374,67.95897948176673,413.18526812281937,0.0,80.73492431640625
1019,4.0,4.264116022597964,0.26411602259796396,68.15827907478361,67.95898157451386,413.2777153850028,0.0,80.73189163208008
1020,4.0,4.265091193966175,0.26509119396617464,68.14037706657314,67.95897273375867,413.37035666498286,0.0,80.72914505004883
1021,4.0,4.266068821638598,0.2660688216385978,68.1226983284203,67.95896876801525,413.46323129386303,0.0,80.72669982910156
1022,4.0,4.267042367500681,0.26704236750068144,68.10525697638906,67.95896457958807,413.555718150761,0.0,80.72444915771484
1023,4.0,4.26801833794,0.2680183379400001,68.08804231236155,67.95895652378888,413.6484353424962,0.0,80.72250366210938
1024,4.0,4.268990363419925,0.2689903634199249,68.07104961778211,67.95896328267294,413.7407777630891,0.0,80.72073745727539
1025,4.0,4.26995750256001,0.2699575025600103,68.05430012995845,67.95897175047702,413.83265598139724,0.0,80.71915817260742
1026,4.0,4.2709291793549236,0.27092917935492355,68.03777854618882,67.95897438415587,413.924965276914,0.0,80.71792602539062
1027,4.0,4.2718849090744255,0.27188490907442553,68.02148304186711,67.95897662319723,414.01575960026673,0.0,80.7166519165039
1028,4.0,4.272852680021402,0.27285268002140217,68.0054177883279,67.95898366720536,414.10769784022943,0.0,80.71586990356445
1029,4.0,4.2738066576951566,0.27380665769515655,67.98958245244194,67.95897439337506,414.1983257192361,0.0,80.71509170532227
1030,4.0,4.274764947013463,0.27476494701346343,67.97397154140579,67.95896821082933,414.2893632044753,0.0,80.71465301513672
1031,4.0,4.275717802593697,0.2757178025936966,67.95857604169906,67.95896416043847,414.3798844845975,0.0,80.71435928344727
1032,4.0,4.276667921604855,0.2766679216048553,67.94343317884467,67.95896142931086,414.4701457906575,0.0,80.71430587768555
1033,4.0,4.277618247515252,0.2776182475152522,67.92850243400545,67.95895962811153,414.5604267521452,0.0,80.7145004272461
1034,4.0,4.278561578972991,0.27856157897299116,67.91379526487664,67.95896530755397,414.65004324063045,0.0,80.7148208618164
1035,4.0,4.279502380999079,0.2795023809990793,67.8993144156457,67.95897825664159,414.73941943310876,0.0,80.7153549194336
1036,4.0,4.280439987200861,0.28043998720086094,67.88507027997636,67.95897777614005,414.82849202227806,0.0,80.71610260009766
1037,4.0,4.281376947229782,0.28137694722978157,67.87104791252025,67.9589775055184,414.9175032250255,0.0,80.71709442138672
1038,4.0,4.282305408232663,0.2823054082326628,67.85725294220285,67.95897732577505,415.00570702029927,0.0,80.71818923950195
1039,4.0,4.283234997405889,0.28323499740588876,67.84367051705705,67.95897723577235,415.09401799175566,0.0,80.71955108642578
1040,4.0,4.284162081396618,0.2841620813966177,67.83030995302218,67.95897717556323,415.1820909708749,0.0,80.72112274169922
1041,4.0,4.285081814617678,0.2850818146176781,67.81718046939434,67.95897708627388,415.2694656268757,0.0,80.72282409667969
1042,4.0,4.286002138993154,0.28600213899315374,67.8042715578196,67.95897708563325,415.3568964425458,0.0,80.72479248046875
1043,4.0,4.286912003566797,0.2869120035667967,67.79157203704,67.95897708628269,415.4433335770419,0.0,80.726806640625
1044,4.0,4.287823393269867,0.28782339326986683,67.77909720818883,67.95897708669776,415.52991559883355,0.0,80.72911071777344
1045,4.0,4.288724009727367,0.28872400972736667,67.76684914419494,67.9589770867339,415.6154741622961,0.0,80.73147583007812
1046,4.0,4.289630649975473,0.2896306499754733,67.75482481677886,67.95897708566012,415.7016049858662,0.0,80.73421478271484
1047,4.0,4.290521794866374,0.29052179486637364,67.7430118173764,67.95897708631881,415.7862637505018,0.0,80.73690795898438
1048,4.0,4.291416268359934,0.29141626835993417,67.73140719597694,67.95897761375602,415.87123873239,0.0,80.73990631103516
1049,4.0,4.292303961079622,0.29230396107962164,67.72001037440556,67.95898762294019,415.9555695407603,0.0,80.7430191040039
1050,4.0,4.29318352989548,0.29318352989548035,67.70885514766796,67.95899335302754,416.03912857826685,0.0,80.74626159667969
1051,4.0,4.294064619000916,0.29406461900091596,67.69790439088142,67.9589856019408,416.1228320432833,0.0,80.74977111816406
1052,4.0,4.294934092236508,0.2949340922365078,67.68716676968441,67.95898304355597,416.2054320006645,0.0,80.75331115722656
1053,4.0,4.295802335164151,0.2958023351641508,67.67663829307,67.9589894904276,416.28791507879055,0.0,80.75707244873047
1054,4.0,4.2966668736077835,0.29666687360778354,67.66631304343248,67.95898228994261,416.3700462309357,0.0,80.76100158691406
1055,4.0,4.297519233087429,0.2975192330874288,67.65620285518276,67.95897318927629,416.45102038150196,0.0,80.76495361328125
1056,4.0,4.298375714061478,0.29837571406147756,67.64631296599342,67.95896697977055,416.5323860740366,0.0,80.76924133300781
1057,4.0,4.299219987767019,0.2992199877670192,67.63662305799167,67.95896404754589,416.61259207606304,0.0,80.77353382110596
1058,4.0,4.30005268001276,0.30005268001275986,67.62713905704065,67.958964272945,419.5421982995297,0.0,80.77785015106201
1059,4.0,4.300821064233299,0.3008210642332987,67.61898968922691,67.95896686871727,419.6151948004808,0.0,80.78254866600037
1060,4.0,4.301443118545956,0.30144311854595607,67.61313129982264,67.95897557305263,419.6742899601833,0.0,80.78723287582397
1061,4.0,4.301964410326964,0.3019644103269643,67.6088491541974,67.95898335606121,422.5924745774852,0.0,80.79190635681152
1062,4.0,4.3023470369802,0.3023470369802004,67.60680520227072,67.9589841467717,422.6288241095426,0.0,80.79664945602417
1063,4.0,4.302543404577969,0.30254340457796935,67.60765873039836,67.95897245493414,422.6474790313307,0.0,80.80135726928711
1064,4.0,4.302615514565886,0.3026155145658862,67.61045032127049,67.95898381586642,425.5291768685587,0.0,80.80604791641235
1065,4.0,4.30252664543516,0.30252664543515984,67.61570693489129,67.958991472876,425.52073430113967,0.0,80.81066131591797
1066,4.0,4.302253271524092,0.3022532715240924,67.62396547820416,67.95899653744566,425.4947637795883,0.0,80.81539630889893
1067,4.0,4.301832215638562,0.3018322156385622,67.63421089280791,67.95898618536688,428.32216951902933,0.0,80.81972980499268
1068,4.0,4.301252890478726,0.30125289047872617,67.64690506036887,67.95898150664112,428.2671336288448,0.0,80.82401275634766
1069,4.0,4.300477721910231,0.30047772191023103,67.662559320266,67.95897607376081,428.19349261483785,0.0,80.82814693450928
1070,4.0,4.299569619807887,0.29956961980788677,67.68011605726026,67.95897703707648,428.10722291511513,0.0,80.83204746246338
1071,4.0,4.298563182275219,0.2985631822752186,67.69889902804675,67.95897764158047,428.01161134951167,0.0,80.8355541229248
1072,4.0,4.297497507710546,0.2974975077105464,67.71845805302178,67.95897803379829,427.91037226586775,0.0,80.83886241912842
1073,4.0,4.296388474855628,0.296388474855628,67.73843309292901,67.95897830424897,427.8050141446505,0.0,80.84183979034424
1074,4.0,4.295251764933952,0.2952517649339521,67.75863045344748,67.95897845490845,427.6970267020913,0.0,80.84454917907715
1075,4.0,4.294100527308452,0.29410052730845226,67.77889112047878,67.95897854572642,427.58765912766887,0.0,80.84704780578613
1076,4.0,4.292937052290779,0.29293705229077904,67.79910160464902,67.95897860462968,427.47712900098986,0.0,80.8492431640625
1077,4.0,4.291769285269131,0.2917692852691314,67.81918768086172,67.95897514304507,427.3661911339334,0.0,80.8511962890625
1078,4.0,4.290592839730833,0.2905928397308326,67.83911666618717,67.95897023199045,427.25442880779497,0.0,80.85278561711311
1079,4.0,4.2894188594450995,0.2894188594450995,67.8588352427992,67.95896706417301,427.1429006806503,0.0,80.85415768623352
1080,4.0,4.288244864205881,0.2882448642058808,67.87833610236171,67.95896146141072,427.0313711329245,0.0,80.85525727272034
1081,4.0,4.2870698623623245,0.28706986236232446,67.89760231298517,67.9589651847366,426.91974595778674,0.0,80.85604572296143
1082,4.0,4.2859028548545,0.2859028548545002,67.91660961727563,67.95896599744623,426.8088802445434,0.0,80.85666418075562
1083,4.0,4.2847354766357855,0.28473547663578547,67.93536713164508,67.95897118585172,426.6979793137655,0.0,80.85696601867676
1084,4.0,4.283568455586513,0.2835684555865132,67.9538763343069,67.95897183385875,426.5871123140846,0.0,80.85696697235107
1085,4.0,4.282406368918771,0.282406368918771,67.97211086511007,67.95897730833948,426.4767140806491,0.0,80.85672235488892
1086,4.0,4.281248871373549,0.28124887137354904,67.99008113285325,67.95897894814276,426.36675181385306,0.0,80.85623836517334
1087,4.0,4.2800953557103405,0.2800953557103405,68.00778969579589,67.95897598188303,426.2571678258482,0.0,80.85550689697266
1088,4.0,4.2789422911399315,0.2789422911399315,68.025231044091,67.95897272358128,426.1476266916594,0.0,80.85445499420166
1089,4.0,4.277807258038166,0.2778072580381661,68.0423981971428,67.95896925950588,426.0397985469916,0.0,80.85340690612793
1090,4.0,4.276667812091391,0.27666781209139124,68.05931554907592,67.95896533125438,425.931551182048,0.0,80.85196781158447
1091,4.0,4.275534822420908,0.27553482242090777,68.07596406686228,67.95896022094057,425.8239171633521,0.0,80.85032081604004
1092,4.0,4.274403108312819,0.27440310831281867,68.09233121305097,67.95897040336466,425.7164043230837,0.0,80.8483533859253
1093,4.0,4.273275640855206,0.27327564085520617,68.1084577715767,67.95898050936997,425.6092949146105,0.0,80.84617042541504
1094,4.0,4.272156488873943,0.27215648887394295,68.12430915974984,67.95898673172223,425.5029754763905,0.0,80.8438081741333
1095,4.0,4.271034602090998,0.2710346020909977,68.13990059633329,67.95898090690217,425.3963962320106,0.0,80.8410758972168
1096,4.0,4.269930060002953,0.2699300600029533,68.15522739475912,67.95898186928586,425.2914647336464,0.0,80.83834838867188
1097,4.0,4.268821846114054,0.26882184611405435,68.17029584156512,67.95898102279041,425.1861844142011,0.0,80.83523559570312
1098,4.0,4.267727531520513,0.26772753152051276,68.1851130401712,67.95897841136684,425.08222452781456,0.0,80.83207893371582
1099,4.0,4.266627823951268,0.26662782395126783,68.19966355134534,67.9589729906786,424.9777523087363,0.0,80.82849502563477
1100,4.0,4.2655449435078845,0.2655449435078845,68.21395246720967,67.95896935095136,424.8748786666149,0.0,80.82491111755371
1101,4.0,4.264458541242803,0.2644585412428029,68.22799583600423,67.95897248949657,424.7716704514321,0.0,80.82096099853516
1102,4.0,4.263388354592424,0.2633883545924238,68.2417803639784,67.95895999268292,424.67000271964616,0.0,80.81700325012207
1103,4.0,4.262316100279238,0.2623161002792376,68.25530689591592,67.9589605166,424.56813855989344,0.0,80.81269264221191
1104,4.0,4.2612604564386025,0.2612604564386025,68.2685692878892,67.95896244638125,424.4678523950331,0.0,80.80837631225586
1105,4.0,4.260197503762029,0.2601975037620292,68.28159436116857,67.95896695183754,424.3668718907586,0.0,80.80363273620605
1106,4.0,4.259151734461942,0.25915173446194206,68.29436974984169,67.95898047519235,424.2675238072503,0.0,80.79891204833984
1107,4.0,4.258107118209991,0.258107118209991,68.30689587045394,67.95898098785888,424.16828526331506,0.0,80.79391098022461
1108,4.0,4.257076488251121,0.25707648825112095,68.31916174361332,67.95899505204353,424.0703754172224,0.0,80.78886032104492
1109,4.0,4.256052169257889,0.256052169257889,68.3311838067899,67.95899756231987,423.97306511286536,0.0,80.78363418579102
1110,4.0,4.255029470448148,0.2550294704481484,68.34297100950053,67.95898897426304,423.87590872594,0.0,80.77815437316895
1111,4.0,4.254025002134096,0.25402500213409596,68.35451452833041,67.95898168113824,423.78048423610494,0.0,80.77272605895996
1112,4.0,4.253014703695093,0.2530147036950927,68.36581010186579,67.95897643465702,423.68450588439964,0.0,80.76688766479492
1113,4.0,4.252019677271947,0.25201967727194674,68.37686060790718,67.95896876023518,423.58997837420077,0.0,80.76104354858398
1114,4.0,4.251029896028722,0.2510298960287223,68.38767361187739,67.95896747721049,423.4959491560945,0.0,80.75501251220703
1115,4.0,4.2500454280636095,0.2500454280636095,68.39825427434471,67.95896763298609,423.4024246994088,0.0,80.7488021850586
1116,4.0,4.249072951812142,0.24907295181214195,68.40859506494186,67.95897695079897,423.31003945551936,0.0,80.7425308227539
1117,4.0,4.24810567281586,0.2481056728158597,68.41870171399766,67.95898317335327,423.21814795087255,0.0,80.73607635498047
1118,4.0,4.2471434329664115,0.2471434329664115,68.42857657182313,67.95898729154219,423.126735165175,0.0,80.72943878173828
1119,4.0,4.246199774453449,0.24619977445344876,68.43821139985425,67.95899002638406,423.0370876064435,0.0,80.72286605834961
1120,4.0,4.2452512370251005,0.24525123702510054,68.44761862671506,67.95899180092981,422.9469765507504,0.0,80.71592712402344
1121,4.0,4.244313370457183,0.24431337045718315,68.45679647031338,67.95899294323084,422.8578792267982,0.0,80.70891571044922
1122,4.0,4.243387084394079,0.24338708439407863,68.4657559229535,67.9589799963287,422.7698820508033,0.0,80.70186233520508
1123,4.0,4.242464766787513,0.2424647667875126,68.47449014819158,67.95897356827733,422.6822618781796,0.0,80.69461441040039
1124,4.0,4.241548161377604,0.2415481613776036,68.48299672227826,67.95897383853244,422.5951843642382,0.0,80.68720245361328
1125,4.0,4.240640866911799,0.2406408669117992,68.49127886895202,67.95897401738502,422.5089913899868,0.0,80.6796989440918
1126,4.0,4.239745601747677,0.23974560174767667,68.49934105681884,67.95897416908221,422.42394119939513,0.0,80.67216110229492
1127,4.0,4.238848583131586,0.23884858313158563,68.50717904704078,67.95897431811757,422.3387244308665,0.0,80.66432189941406
1128,4.0,4.237965021285633,0.2379650212856328,68.51479631929911,67.95897437858336,422.254786055501,0.0,80.65647506713867
1129,4.0,4.237094464162852,0.23709446416285207,68.5222064556616,67.95897440845542,422.1720831288368,0.0,80.64862823486328
1130,4.0,4.236229728773882,0.23622972877388193,68.52940227175914,67.95897440922256,422.0899332668847,0.0,80.6406364440918
1131,4.0,4.23536620540571,0.23536620540571018,68.5363868670567,67.95897440954734,422.00789854690834,0.0,80.63241577148438
1132,4.0,4.234519643905781,0.23451964390578084,68.5431516418247,67.95897440946625,421.92747520441503,0.0,80.6242561340332
1133,4.0,4.23368354710847,0.23368354710846972,68.54970426997707,67.958974409457,421.8480460086705,0.0,80.61604309082031
1134,4.0,4.23285756067188,0.23285756067187968,68.55605031618005,67.95897440857262,421.7695772971945,0.0,80.6077766418457
1135,4.0,4.232027365690567,0.23202736569056714,68.56219119689598,67.9589744081664,421.69070877396973,0.0,80.59918594360352
1136,4.0,4.231209562932022,0.23120956293202166,68.56814015803032,67.95897440887049,421.61301751190797,0.0,80.59060287475586
1137,4.0,4.230402852815718,0.23040285281571826,68.57387914701393,67.95897440844617,421.53638005085907,0.0,80.58198165893555
1138,4.0,4.229610179304178,0.22961017930417782,68.57941870808888,67.95897164267645,421.46107606726275,0.0,80.57339096069336
1139,4.0,4.228820639287382,0.22882063928738194,68.58476663736016,67.95896357221747,421.3860697656671,0.0,80.56463241577148
1140,4.0,4.228033370485444,0.22803337048544403,68.58991406762338,67.95896893097299,421.31127922948303,0.0,80.55567932128906
1141,4.0,4.227255674799719,0.22725567479971875,68.59486584104239,67.95896706239503,421.2373981393391,0.0,80.54667663574219
1142,4.0,4.226489628868085,0.22648962886808466,68.59961735354156,67.95897214339664,421.1646237758339,0.0,80.53765869140625
1143,4.0,4.225734757660934,0.2257347576609341,68.60417616894682,67.9589696526225,421.09291101115457,0.0,80.52862548828125
1144,4.0,4.2249938314316156,0.22499383143161555,68.60853941756712,67.95898269427558,421.0225230193694,0.0,80.51962661743164
1145,4.0,4.224251356836879,0.2242513568368789,68.61272778623098,67.95898326434894,420.9519879328693,0.0,80.51039123535156
1146,4.0,4.223511110648649,0.2235111106486487,68.61672860154778,67.95898388110217,420.88166454498753,0.0,80.5009765625
1147,4.0,4.222781169366636,0.22278116936663572,68.62054385089891,67.95898296929923,420.8123201231963,0.0,80.49153900146484
1148,4.0,4.222062875387784,0.2220628753877838,68.62418411771667,67.95897240421525,420.74408219520535,0.0,80.48211669921875
1149,4.0,4.221355435419387,0.22135543541938674,68.6276296473147,67.95896535406527,420.6768753982076,0.0,80.47267150878906
1150,4.0,4.220658989020337,0.22065898902033698,68.63090407575174,67.95896058302417,420.6107129902979,0.0,80.4632339477539
1151,4.0,4.219974082740128,0.2199740827401282,68.63400491212548,67.95895746191248,420.54564689367805,0.0,80.45381164550781
1152,4.0,4.219296961521394,0.219296961521394,68.63692803569718,67.9589553918214,420.4813203778983,0.0,80.44432830810547
1153,4.0,4.218624967458479,0.2186249674584788,68.6396840374546,67.95895407230744,420.4174809419213,0.0,80.43474578857422
1154,4.0,4.2179519655156765,0.21795196551567653,68.64226848168207,67.958966900997,420.35354575735516,0.0,80.42494201660156
1155,4.0,4.217287080780911,0.21728708078091064,68.64468906346237,67.95897321040158,420.29038170755234,0.0,80.41510009765625
1156,4.0,4.216632620108298,0.21663262010829776,68.64693419036936,67.95897970008149,420.2282079436542,0.0,80.4052505493164
1157,4.0,4.21599401663433,0.2159940166343297,68.64901301640127,67.95898211599004,420.16754061362724,0.0,80.3955078125
1158,4.0,4.21536344738538,0.21536344738538027,68.65092904927461,67.95898749994471,420.107636534977,0.0,80.38572692871094
1159,4.0,4.214741538865951,0.21474153886595104,68.6526915498438,67.95899069699452,420.0485552256313,0.0,80.37593078613281
1160,4.0,4.214133644422558,0.21413364442255833,68.65427188348767,67.95899629868536,419.99080525350894,0.0,80.3661880493164
1161,4.0,4.213533321330205,0.21353332133020508,68.65569019369995,67.95899258705803,419.9337745597354,0.0,80.35639953613281
1162,4.0,4.212942209986503,0.21294220998650282,68.65695226750418,67.95899171071142,419.8776189820836,0.0,80.34660339355469
1163,4.0,4.2123606735848105,0.21236067358481048,68.6580643366377,67.9589865379523,419.82237302392286,0.0,80.33681392669678
1164,4.0,4.211789203049384,0.21178920304938398,68.65902046827682,67.95897763987921,419.76808332305734,0.0,80.32703363895416
1165,4.0,4.211224034016217,0.21122403401621703,68.65983824816773,67.95896558578217,419.71439226490645,0.0,80.31721138954163
1166,4.0,4.210673285682845,0.21067328568284527,68.66050538696143,67.95895756372269,419.6620711732362,0.0,80.30748772621155
1167,4.0,4.21012969233388,0.21012969233388024,68.66102237470284,67.95896137737394,419.61042980508455,0.0,80.29772472381592
1168,4.0,4.209592027724771,0.2095920277247707,68.66139854905119,67.95896393088958,419.55935166721906,0.0,80.28790998458862
1169,4.0,4.209065687781837,0.20906568778183665,68.66163249721949,67.95896561319834,419.5093493726404,0.0,80.27814483642578
1170,4.0,4.208547980544794,0.20854798054479406,68.66174197802322,67.95896675258375,419.46016718512135,0.0,80.26839876174927
1171,4.0,4.208037525108869,0.2080375251088693,68.66170419580779,67.95896753513027,419.4116739187084,0.0,80.25861883163452
1172,4.0,4.207534541136781,0.2075345411367806,68.66153509587147,67.95896807538362,419.36389044136,0.0,80.24882793426514
1173,4.0,4.207039909381405,0.20703990938140482,68.66123086651193,67.9589684658328,419.31690042459934,0.0,80.23903846740723
1174,4.0,4.20655519969546,0.20655519969546,68.66080215739336,67.95896867556901,419.27085300443457,0.0,80.22929286956787
1175,4.0,4.206077068033474,0.2060770680334736,68.66024148159954,67.95896885722104,419.22543049654587,0.0,80.21951866149902
1176,4.0,4.2056052400746555,0.20560524007465553,68.65955164254589,67.95898011030074,419.18060684045815,0.0,80.20971393585205
1177,4.0,4.205141426804201,0.2051414268042011,68.65874058720738,67.95898171630327,419.136544579765,0.0,80.19992065429688
1178,4.0,4.204686400453408,0.2046864004534079,68.65780546872676,67.95897857852923,419.0933170764396,0.0,80.1901502609253
1179,4.0,4.204235476582673,0.2042354765826726,68.65674680646474,67.95897313592438,419.0504793087198,0.0,80.18031406402588
1180,4.0,4.203792278872835,0.20379227887283502,68.65557071829066,67.9589768547022,419.00837552628525,0.0,80.17048835754395
1181,4.0,4.203357243385123,0.20335724338512318,68.65428311978631,67.95897771600261,418.9670471549525,0.0,80.16068840026855
1182,4.0,4.202929304718603,0.20292930471860338,68.65288096501762,67.95897620130377,418.92639298163317,0.0,80.1508903503418
1183,4.0,4.202505305500543,0.20250530550054258,68.65137659086534,67.9589647109997,418.88611305591746,0.0,80.14104843139648
1184,4.0,4.202089161706169,0.2020891617061693,68.64975665088856,67.95895609471026,418.84657939545195,0.0,80.13122177124023
1185,4.0,4.2016812056710355,0.20168120567103553,68.6480216651644,67.95895039378954,418.8078235721142,0.0,80.12141734361649
1186,4.0,4.2012772476901725,0.20127724769017252,68.64618638846501,67.95894655447067,418.7694475639323,0.0,80.11157250404358
1187,4.0,4.200879719483337,0.20087971948333738,68.64423430265495,67.95896455314234,418.731682384283,0.0,80.10171437263489
1188,4.0,4.200491715239954,0.2004917152399539,68.64218179071352,67.95898345057185,418.69482198116145,0.0,80.09192109107971
1189,4.0,4.200112341510034,0.20011234151003432,68.64001707833464,67.95898496869711,418.6587814768192,0.0,80.08216190338135
1190,4.0,4.199749637245821,0.19974963724582118,68.63774365034003,67.95898963286531,418.62432457171883,0.0,80.072594165802
1191,4.0,4.199405542897331,0.19940554289733115,68.63536923761819,67.95899235078323,418.59163560861236,0.0,80.06326389312744
1192,4.0,4.199064466077965,0.19906446607796457,68.63290586912308,67.95899758893135,418.55923331077247,0.0,80.0538878440857
1193,4.0,4.19872788487329,0.19872788487329007,68.63033672756822,67.95899373204472,418.5272580963284,0.0,80.0444746017456
1194,4.0,4.198398107942476,0.19839810794247636,68.62768089148717,67.95899276089656,418.49592928790116,0.0,80.03509044647217
1195,4.0,4.198074094103679,0.1980740941036787,68.62492470543987,67.95898746569205,418.4651479732154,0.0,80.02569961547852
1196,4.0,4.197758411831463,0.1977584118314626,68.62207933154114,67.95897853749537,418.43515815735486,0.0,80.01636409759521
1197,4.0,4.1974435409150646,0.19744354091506455,68.61914338001633,67.95896651595395,418.405245420297,0.0,80.00693893432617
1198,4.0,4.197134602650748,0.19713460265074811,68.61612308682268,67.95895858464768,418.37589628518697,0.0,79.99752902984619
1199,4.0,4.1968359081083495,0.1968359081083495,68.6130166818612,67.95896245992768,418.34752030365905,0.0,79.98821449279785
1200,4.0,4.196547263806052,0.19654726380605236,68.60981751545653,67.95896504103032,418.3200990949408,0.0,79.97898387908936
1201,4.0,4.196275039131044,0.19627503913104416,68.60654827079189,67.95896681426493,418.2942377508151,0.0,79.96998500823975
1202,4.0,4.196006856469779,0.19600685646977922,68.60320024318926,67.95896795564808,418.2687603979949,0.0,79.96097183227539
1203,4.0,4.195745377774536,0.1957453777745357,68.5997691813927,67.9589687356896,418.2439199219467,0.0,79.95199012756348
1204,4.0,4.1954874042860695,0.19548740428606948,68.59625910551925,67.95896921586919,418.21941244054244,0.0,79.94298362731934
1205,4.0,4.195236268228094,0.19523626822809437,68.59268590673746,67.95896957760384,418.1955545150348,0.0,79.93403434753418
1206,4.0,4.194988046071542,0.19498804607154163,68.58905317934342,67.95896975709985,418.1719734101623,0.0,79.9250717163086
1207,4.0,4.1947389344945805,0.19473893449458046,68.58534780754934,67.95896987737714,418.14830781035107,0.0,79.91600799560547
1208,4.0,4.194508194875901,0.1945081948759011,68.58157897439646,67.95896999571522,418.12638754657644,0.0,79.9072208404541
1209,4.0,4.194292238838385,0.19429223883838542,68.57773008344394,67.95897002728198,418.10587172301246,0.0,79.89862251281738
1210,4.0,4.194078634560425,0.19407863456042485,68.57380796372148,67.95897002755295,418.0855793166062,0.0,79.88998413085938
1211,4.0,4.1938710991462145,0.19387109914621448,68.56983042442005,67.95897005782994,418.0658634522563,0.0,79.88139724731445
1212,4.0,4.193670242380547,0.19367024238054675,68.56578423002645,67.95897011726476,418.0467820595178,0.0,79.87285804748535
1213,4.0,4.193467729021495,0.19346772902149478,68.56168286190594,67.95897011798648,418.02754329040783,0.0,79.86422348022461
1214,4.0,4.1932699599356535,0.19326995993565355,68.55751663141716,67.95897011726476,418.008755227253,0.0,79.85560417175293
1215,4.0,4.193087316272452,0.19308731627245201,68.55328776524787,67.95897005711704,417.9914040792488,0.0,79.84720039367676
1216,4.0,4.192914170080825,0.192914170080825,68.54900479177623,67.95897439975089,417.9749551910443,0.0,79.83891487121582
1217,4.0,4.192746987422573,0.19274698742257268,68.5446747389577,67.95897594745327,417.9590728385102,0.0,79.8306884765625
1218,4.0,4.192587033297206,0.1925870332972064,68.5402818527429,67.95897959712316,417.9438771966005,0.0,79.8225269317627
1219,4.0,4.192423368599443,0.1924233685994432,68.53583791803676,67.95897412631871,417.928329050313,0.0,79.81423568725586
1220,4.0,4.192264854837915,0.1922648548379149,68.53137003526517,67.9589708444209,417.91327024296777,0.0,79.80601501464844
1221,4.0,4.192105538918753,0.19210553891875293,68.52683958155035,67.95897182605229,417.8981352306474,0.0,79.7977066040039
1222,4.0,4.191970439042331,0.1919704390423309,68.52227003034936,67.95897707007263,417.88530074238736,0.0,79.78981399536133
1223,4.0,4.1918398905692715,0.19183989056927153,68.51765199850313,67.95897237112264,417.8728986374467,0.0,79.78195190429688
1224,4.0,4.191713645629509,0.191713645629509,68.51297971931429,67.95896375489399,417.86090536816926,0.0,79.77410888671875
1225,4.0,4.191589666963491,0.1915896669634911,68.50826356557747,67.95895793456677,417.84912739489755,0.0,79.7662582397461
1226,4.0,4.191463706066594,0.19146370606659424,68.50351072521232,67.95895403348642,417.8371611096924,0.0,79.75832748413086
1227,4.0,4.191343636957307,0.19134363695730716,68.4987235635897,67.95895148265089,417.82575454431003,0.0,79.75046920776367
1228,4.0,4.191249566696295,0.19124956669629523,68.49389133295851,67.95895659153487,417.8168178695139,0.0,79.7430534362793
1229,4.0,4.1911541130023755,0.1911541130023755,68.48901595971827,67.95896918155469,417.8077497685915,0.0,79.73556137084961
1230,4.0,4.191062982897816,0.1910629828978161,68.48410903526418,67.95897785142726,417.79909240865845,0.0,79.72811508178711
1231,4.0,4.190975128671923,0.1909751286719228,68.47917130806866,67.9589786996959,417.7907462571985,0.0,79.72069549560547
1232,4.0,4.1908880623552855,0.19088806235528555,68.47421394663287,67.9589867201259,417.782474957118,0.0,79.7132682800293
1233,4.0,4.190810324638422,0.19081032463842185,68.46922521468781,67.95899533885725,417.775089874016,0.0,79.70598220825195
1234,4.0,4.190747296836692,0.19074729683669212,68.46421226112878,67.95899723756567,417.76910223285165,0.0,79.69894790649414
1235,4.0,4.190688071147657,0.1906880711476573,68.45916653841395,67.95899961902873,417.76347579239336,0.0,79.69194793701172
1236,4.0,4.190630324981394,0.19063032498139432,68.45409978206304,67.95898658991955,417.75798990659837,0.0,79.68495178222656
1237,4.0,4.190567359595578,0.1905673595955779,68.44900343866944,67.95897215081831,417.7520081949458,0.0,79.67782211303711
1238,4.0,4.190512391625354,0.19051239162535438,68.44387463412576,67.95897162118708,417.7467862377746,0.0,79.67080688476562
1239,4.0,4.190475643928521,0.19047564392852134,68.43872340443173,67.9589657076601,417.74329520657545,0.0,79.66411209106445
1240,4.0,4.190443237131618,0.1904432371316176,68.43355035169353,67.95896241102636,417.7402165608695,0.0,79.65747451782227
1241,4.0,4.190413753651445,0.19041375365144475,68.42835569969843,67.95896938446273,417.73741563025317,0.0,79.6508674621582
1242,4.0,4.1903824376896655,0.19038243768966545,68.42315156955875,67.95897407358171,417.7344406138841,0.0,79.64421463012695
1243,4.0,4.190352637775605,0.19035263777560463,68.41793899471999,67.95897714105861,417.73160962204827,0.0,79.63758087158203
1244,4.0,4.1903317260446835,0.1903317260446835,68.41271888031503,67.95897921530181,417.7296230076108,0.0,79.63110733032227
1245,4.0,4.1903200320953005,0.19032003209530046,68.40748260142011,67.95898056672857,417.72851208241946,0.0,79.62479019165039
1246,4.0,4.190314339671302,0.19031433967130162,68.40223353479263,67.95898143904398,417.7279713021395,0.0,79.61857223510742
1247,4.0,4.190310340775199,0.19031034077519937,68.39696008833582,67.95898206926289,417.72759140700987,0.0,79.61235809326172
1248,4.0,4.190303572426372,0.1903035724263722,68.391682673602,67.95898240123982,417.72694841387124,0.0,79.60608673095703
1249,4.0,4.190302150265469,0.19030215026546937,68.38638353732966,67.95898264068632,417.7268133085855,0.0,79.59989166259766
1250,4.0,4.19031899683772,0.19031899683772036,68.38109106159757,67.95898279048922,417.7284137329493,0.0,79.59405136108398
1251,4.0,4.190336393284403,0.19033639328440266,68.37577982400336,67.95898288111603,417.73006639538414,0.0,79.58819961547852
1252,4.0,4.190355260448139,0.19035526044813889,68.37045774313277,67.95898285095525,417.73185877593903,0.0,79.58236312866211
1253,4.0,4.190373928597362,0.1903739285973618,68.36513567981889,67.95898291190866,417.7336322501152,0.0,79.57652282714844
1254,4.0,4.190388504586344,0.19038850458634382,68.3598181537274,67.95898291122307,417.7350169690685,0.0,79.57061004638672
1255,4.0,4.190422784901243,0.19042278490124342,68.35450041306412,67.95898290996892,417.73827359898405,0.0,79.56507110595703
1256,4.0,4.190463634127156,0.1904636341271564,68.34918704037433,67.9589829103116,417.7421542754457,0.0,79.55966186523438
1257,4.0,4.190500661860167,0.1905006618601668,68.34387055386075,67.95898294081555,417.7456719100817,0.0,79.5541763305664
1258,4.0,4.190538392976477,0.19053839297647723,68.33855579914324,67.9589829412486,417.74925636613125,0.0,79.5487060546875
1259,4.0,4.190576600906993,0.1905766009069927,68.33323991919238,67.95898294117636,417.7528861195302,0.0,79.54324340820312
1260,4.0,4.190626191919745,0.19062619191974495,68.32792205071006,67.95898294103185,417.75759726574165,0.0,79.53799438476562
1261,4.0,4.190685075214611,0.19068507521461076,68.3226101082783,67.95897326327365,417.7631911787539,0.0,79.53292846679688
1262,4.0,4.190744435915652,0.1907444359156516,68.31729708639385,67.95897204363455,417.7688304453528,0.0,79.52787017822266
1263,4.0,4.190801228896848,0.1908012288968477,68.31199330085893,67.9589705838275,417.77422577856646,0.0,79.52277374267578
1264,4.0,4.190856291133655,0.1908562911336551,68.30669165344884,67.95896622416261,417.77945669106316,0.0,79.51764678955078
1265,4.0,4.190914728945161,0.19091472894516137,68.30140722218971,67.9589591160064,417.78500828315623,0.0,79.51260375976562
1266,4.0,4.1909915625700656,0.19099156257006555,68.29613773113375,67.95896067304344,417.79230747752206,0.0,79.50792694091797
1267,4.0,4.1910645927841985,0.19106459278419852,68.29087142675961,67.958961397445,417.7992453478647,0.0,79.50318145751953
1268,4.0,4.191137818581871,0.19113781858187107,68.28561522591838,67.95897959605597,417.80620179864366,0.0,79.49845123291016
1269,4.0,4.191209402065137,0.19120940206513737,68.28036676540285,67.95898132079662,417.81300222955394,0.0,79.49369865655899
1270,4.0,4.191279711653954,0.1912797116539542,68.27512193140946,67.95898803782048,417.81968164049147,0.0,79.48892593383789
1271,4.0,4.19137354569751,0.19137354569750986,68.26988958283668,67.95898506347204,417.8285958746293,0.0,79.48461365699768
1272,4.0,4.191465608588678,0.19146560858867812,68.26467955698749,67.95898577037309,417.8373418492903,0.0,79.48029351234436
1273,4.0,4.191554789092635,0.1915547890926348,68.25947103585129,67.95897995158776,417.84581399716615,0.0,79.4759202003479
1274,4.0,4.191645520451972,0.19164552045197158,68.25427700299547,67.95897518463465,417.85443347630314,0.0,79.4715929031372
1275,4.0,4.191733324564861,0.19173332456486136,68.24909809402814,67.95896870291324,417.8627748670277,0.0,79.46722745895386
1276,4.0,4.1918338052249915,0.1918338052249915,68.24394644807921,67.95896640751624,417.87232052974,0.0,79.46313381195068
1277,4.0,4.191942171669092,0.19194217166909233,68.23882556711337,67.95896398193015,417.88261534192964,0.0,79.45922517776489
1278,4.0,4.192050935378958,0.19205093537895834,68.23371076941368,67.95897603563118,417.8929478943669,0.0,79.45533084869385
1279,4.0,4.192157724868811,0.1921577248688111,68.22861567417912,67.95898421348491,417.9030928959029,0.0,79.4514217376709
1280,4.0,4.192264565004797,0.19226456500479738,68.22353966896321,67.95898665844345,417.9132427088216,0.0,79.44753551483154
1281,4.0,4.19236923792503,0.19236923792503013,68.21847953336815,67.95899256521945,417.9231866362437,0.0,79.4436264038086
1282,4.0,4.192493413998994,0.192493413998994,68.2134372564957,67.95899348443618,417.93498336327025,0.0,79.44010734558105
1283,4.0,4.19261849599941,0.19261849599940994,68.20842475928437,67.95898951111973,417.94686615330977,0.0,79.4366397857666
1284,4.0,4.19273877562718,0.19273877562717967,68.20342517342947,67.95898395645526,417.958292717948,0.0,79.43309593200684
1285,4.0,4.19285865977023,0.19285865977022976,68.19845277781148,67.95897073844033,417.96968171153765,0.0,79.42957592010498
1286,4.0,4.192979513214283,0.19297951321428286,68.19350092945,67.95896001740714,417.9811627887227,0.0,79.42609786987305
1287,4.0,4.193103974306008,0.19310397430600812,68.18857175788413,67.95895684335268,417.99298659243664,0.0,79.42271423339844
1288,4.0,4.193240813231818,0.1932408132318182,68.18368232409361,67.95896361118488,418.0059862903886,0.0,79.41961097717285
1289,4.0,4.193372526309775,0.19337252630977542,68.17882415050848,67.95895809164301,418.0184990327946,0.0,79.41644668579102
1290,4.0,4.193505972194182,0.19350597219418209,68.17397904686037,67.95896440471648,418.0311763918131,0.0,79.413330078125
1291,4.0,4.1936381644118415,0.19363816441184145,68.16917427858432,67.95898224941965,418.0437346524908,0.0,79.41023635864258
1292,4.0,4.193764914249888,0.19376491424988807,68.16438561701386,67.95899454056445,418.05577588710526,0.0,79.40705800056458
1293,4.0,4.1939033557154595,0.19390335571545947,68.15962457630306,67.95899301792765,418.0689278263345,0.0,79.40413284301758
1294,4.0,4.194053454642075,0.19405345464207535,68.15488724648327,67.9589872265873,418.0831872243631,0.0,79.40145564079285
1295,4.0,4.194198232876882,0.19419823287688232,68.15018268456224,67.95898957248268,418.0969411566697,0.0,79.39871549606323
1296,4.0,4.194341733483036,0.19434173348303574,68.14549940969037,67.95897686876658,418.1105737142543,0.0,79.3959755897522
1297,4.0,4.194483114398552,0.19448311439855193,68.14085089036564,67.95897105315476,418.1240049012283,0.0,79.39323568344116
1298,4.0,4.194622988444232,0.1946229884442321,68.13622675230197,67.95897053143464,418.13729293556787,0.0,79.39049530029297
1299,4.0,4.19477057535856,0.19477057535856002,68.1316335654753,67.9589719538278,418.1513136924291,0.0,79.38793659210205
1300,4.0,4.194928585287312,0.19492858528731194,68.12708053578046,67.95897367733265,418.16632463566054,0.0,79.38562154769897
1301,4.0,4.195081384117744,0.1950813841177439,68.1225633667449,67.95898502039816,418.1808405245515,0.0,79.38324928283691
1302,4.0,4.195235300360982,0.1952353003609817,68.11807871268002,67.95898323341535,418.1954625676591,0.0,79.38093566894531
1303,4.0,4.195387249454574,0.19538724945457364,68.11362878004336,67.95897500841821,418.2098977315503,0.0,79.37862491607666
1304,4.0,4.19553427687087,0.19553427687086966,68.1092026038627,67.9589644292551,418.22386533609847,0.0,79.37624835968018
1305,4.0,4.195685709933277,0.19568570993327672,68.10481078257837,67.95895346298093,418.2382514770271,0.0,79.37399482727051
1306,4.0,4.19585105606659,0.1958510560665898,68.10045530123715,67.95895749280496,418.25395935969186,0.0,79.37204647064209
1307,4.0,4.19601418037428,0.19601418037427987,68.09613622062693,67.95896421484288,418.2694561689225,0.0,79.37009811401367
1308,4.0,4.196176034550618,0.19617603455061783,68.0918421772846,67.9589644823068,418.2848323156745,0.0,79.36815452575684
1309,4.0,4.19633562880618,0.19633562880617994,68.0875802245873,67.95897340496136,418.29999376995295,0.0,79.3662052154541
1310,4.0,4.19649072784844,0.19649072784844002,68.08335880106395,67.958981549429,418.3147281789677,0.0,79.36421775817871
1311,4.0,4.1966433121715365,0.19664331217153652,68.07916866698997,67.95898271638173,418.32922368966183,0.0,79.36221885681152
1312,4.0,4.196802336345542,0.19680233634554156,68.07501508482137,67.95898321486338,418.3443309861923,0.0,79.36038398742676
1313,4.0,4.196969918602734,0.1969699186027336,68.07089316270164,67.95898885088936,418.3602513006256,0.0,79.3587474822998
1314,4.0,4.197134031755572,0.19713403175557165,68.06683437368007,67.95897786866442,418.37584205014514,0.0,79.35711860656738
1315,4.0,4.197299748024728,0.1972997480247276,68.06279571197902,67.95897045580888,418.39158509571496,0.0,79.35554313659668
1316,4.0,4.197460242336827,0.19746024233682657,68.05879296361354,67.95896550344747,418.40683205536436,0.0,79.35391044616699
1317,4.0,4.19761992724778,0.19761992724778032,68.05483799566218,67.95896223299972,418.42200212190505,0.0,79.3523178100586
1318,4.0,4.197776262739491,0.19777626273949078,68.05090491190074,67.95896013361303,418.43685399361755,0.0,79.35068702697754
1319,4.0,4.1979365260111585,0.19793652601115852,68.04701150070176,67.95895869251446,418.45207900442597,0.0,79.34917640686035
1320,4.0,4.198106680164657,0.19810668016465716,68.04315925460146,67.95897152256266,418.4682436490083,0.0,79.347900390625
1321,4.0,4.198279065043391,0.19827906504339143,68.0393316835617,67.95897780140338,418.48462021248804,0.0,79.34669494628906
1322,4.0,4.198450647818578,0.19845064781857769,68.03554032147944,67.95897989260149,418.50092057613074,0.0,79.34551620483398
1323,4.0,4.1986207645283695,0.19862076452836952,68.0317959201588,67.9589850637841,418.51708166356093,0.0,79.34436416625977
1324,4.0,4.198788414848878,0.19878841484887833,68.02808360555913,67.95898808187302,418.5330084440093,0.0,79.34320259094238
1325,4.0,4.198951005407647,0.19895100540764687,68.02440776938236,67.95898677381402,418.5484545470923,0.0,79.34198760986328
1326,4.0,4.199114995532693,0.1991149955326934,68.02076677905235,67.95898985302615,418.5640336089717,0.0,79.34083938598633
1327,4.0,4.199284964137924,0.19928496413792374,68.01716659027838,67.95898876212924,418.58018062646863,0.0,79.33985137939453
1328,4.0,4.199463504902162,0.19946350490216158,68.01360117855876,67.95898364960284,418.59714199907125,0.0,79.33906555175781
1329,4.0,4.199639765357579,0.19963976535757944,68.010082807959,67.95897475334064,418.6138867423359,0.0,79.33829116821289
1330,4.0,4.199814735412333,0.19981473541233274,68.00661832666886,67.95896970296386,418.63050889753754,0.0,79.33755493164062
1331,4.0,4.199986181974478,0.19998618197447815,68.00319156538613,67.95897555908499,418.64679632094135,0.0,79.33679580688477
1332,4.0,4.2001571268740445,0.20015712687404452,67.99979936262757,67.95897946215203,418.6630360864001,0.0,79.33606719970703
1333,4.0,4.200325072942998,0.20032507294299773,67.99644290420395,67.95898207424207,418.6789909629507,0.0,79.33532333374023
1334,4.0,4.200490030406384,0.20049003040638436,67.9931252824858,67.9589838463119,418.6946619219724,0.0,79.33456802368164
1335,4.0,4.200652982174417,0.20065298217441718,67.98985673073986,67.95898495836802,418.7101423399355,0.0,79.33383178710938
1336,4.0,4.200838415237042,0.20083841523704216,67.98661361558857,67.95898576819773,418.72775848088486,0.0,79.33354949951172
1337,4.0,4.201018602070314,0.20101860207031397,67.98341645695683,67.95898627944429,418.74487623004575,0.0,79.33322143554688
1338,4.0,4.201192256328981,0.20119225632898097,67.98025336341753,67.95898657914809,418.7613733846191,0.0,79.33280944824219
1339,4.0,4.201366069128676,0.20136606912867627,67.97712719033001,67.95898675910593,418.77788560059014,0.0,79.33244323730469
1340,4.0,4.20153427310734,0.20153427310733996,67.97403972076631,67.95898688030516,418.7938649785632,0.0,79.33201599121094
1341,4.0,4.201702386150957,0.2017023861509566,67.97100626410806,67.95898700032193,418.80983571770673,0.0,79.33164978027344
1342,4.0,4.201870896154081,0.20187089615408116,67.96799931195181,67.95898703154708,418.8258441680035,0.0,79.3313217163086
1343,4.0,4.202031782904699,0.20203178290469914,67.9650309297174,67.95898709059459,418.8411284093123,0.0,79.33089447021484
1344,4.0,4.20219364324877,0.2021936432487701,67.9620993173949,67.95898709052233,418.85650514199904,0.0,79.33052825927734
1345,4.0,4.202374654882928,0.20237465488292816,67.95920462033534,67.95898712122353,418.87370124724407,0.0,79.33056640625
1346,4.0,4.202552123390487,0.202552123390487,67.95634785934209,67.95898449014558,418.89056075546216,0.0,79.33058166503906
1347,4.0,4.20272385702089,0.20272385702088958,67.95353831966494,67.95897900634783,418.9068754503504,0.0,79.3305435180664
1348,4.0,4.20289356204974,0.20289356204973963,67.95078141215573,67.95897358343626,418.9229974280911,0.0,79.33052825927734
1349,4.0,4.20305958131982,0.20305958131982038,67.94806470828512,67.95896954291128,418.93876925874883,0.0,79.33049011230469
1350,4.0,4.203223833183349,0.20322383318334936,67.94538332371458,67.95897027400501,418.9543731857841,0.0,79.33045959472656
1351,4.0,4.2033844051244404,0.20338440512444045,67.94274856183155,67.95896599681699,418.9696275201877,0.0,79.33041381835938
1352,4.0,4.2035417359383676,0.20354173593836755,67.9401402503591,67.95897513467922,418.98457394751074,0.0,79.33033752441406
1353,4.0,4.203700230221138,0.2037002302211377,67.93757866813141,67.95897855905653,418.99963090437393,0.0,79.33033752441406
1354,4.0,4.2038543032868425,0.2038543032868425,67.93504952578327,67.95897544979546,419.0142678456159,0.0,79.33029174804688
1355,4.0,4.204018412480545,0.2040184124805453,67.93256092567081,67.95897870235937,419.0298582190177,0.0,79.33048248291016
1356,4.0,4.204189957496902,0.20418995749690172,67.93011569808515,67.95897280923653,419.04615499557156,0.0,79.33086395263672
1357,4.0,4.204355585573496,0.20435558557349598,67.9276944073055,67.95896586765325,419.061889662848,0.0,79.33116149902344
1358,4.0,4.20452123858903,0.20452123858903004,67.92531863153565,67.95896515164598,419.0776266993237,0.0,79.33151245117188
1359,4.0,4.204691488849554,0.20469148884955413,67.92298635799804,67.9589641593782,419.09380047407353,0.0,79.33200073242188
1360,4.0,4.204855898770788,0.2048558987707878,67.92068329250107,67.95897276701827,419.10941941659075,0.0,79.33241271972656
1361,4.0,4.2050158698200635,0.20501586982006348,67.91842597594103,67.95898370017909,419.1246166662719,0.0,79.33279418945312
1362,4.0,4.2051731395587995,0.20517313955879946,67.91619939610166,67.95898760955359,419.13955729145187,0.0,79.33316040039062
1363,4.0,4.205329402459647,0.20532940245964681,67.91400230511726,67.9589885604565,419.1544022670323,0.0,79.33354187011719
1364,4.0,4.205488068085772,0.20548806808577158,67.91185801055445,67.95898693057622,419.16947550151417,0.0,79.33403015136719
1365,4.0,4.205642049972473,0.20564204997247337,67.9097437925201,67.95899068679974,419.1841037807509,0.0,79.33446502685547
1366,4.0,4.205789911028035,0.20578991102803457,67.90766978330672,67.95898776673849,419.19815058102915,0.0,79.33483123779297
1367,4.0,4.205942196107567,0.20594219610756692,67.9056289772296,67.95898013786478,419.21261766358475,0.0,79.33531951904297
1368,4.0,4.206107954367785,0.20610795436778506,67.90361894673629,67.95896154149844,419.2283646983054,0.0,79.33609771728516
1369,4.0,4.206276171050288,0.20627617105028762,67.90164774521354,67.95896742942577,419.24434528314316,0.0,79.33696746826172
1370,4.0,4.206433927387736,0.20643392738773603,67.89972802018174,67.9589714254018,419.2593321352008,0.0,79.33769989013672
1371,4.0,4.206597031519951,0.20659703151995057,67.89783964755152,67.95897403961413,419.27482702776115,0.0,79.33856964111328
1372,4.0,4.206753450700749,0.2067534507007487,67.89598096700954,67.95897575208198,419.28968684993697,0.0,79.33934783935547
1373,4.0,4.206904323185795,0.2069043231857952,67.89417276885746,67.95897686360317,419.30401973601647,0.0,79.34008026123047
1374,4.0,4.2070590667417544,0.20705906674175445,67.89240668624956,67.95897767490175,419.31872037383255,0.0,79.34093475341797
1375,4.0,4.207207241501324,0.2072072415013242,67.8906814497806,67.95897812663469,419.33279697599164,0.0,79.34171295166016
1376,4.0,4.2073582325213525,0.20735823252135255,67.88898922883496,67.9589784253991,419.3471411228944,0.0,79.34258270263672
1377,4.0,4.207499587225773,0.20749958722577322,67.88733510882578,67.9589786371324,419.3605698198144,0.0,79.34331512451172
1378,4.0,4.207640748515679,0.20764074851567926,67.88571685851696,67.95897878776437,419.37398014235544,0.0,79.34408569335938
1379,4.0,4.207783623472301,0.2077836234723014,67.88413634407233,67.95897881712396,419.3875532632345,0.0,79.34493255615234
1380,4.0,4.20792058163215,0.2079205816321501,67.88257958836883,67.95897890673625,419.4005642884201,0.0,79.34569549560547
1381,4.0,4.208059920273971,0.20805992027397124,67.88106285745503,67.95897890698913,419.4138014593932,0.0,79.34654998779297
1382,4.0,4.208193154268932,0.20819315426893237,67.87957942946446,67.9589789373591,419.4264586889144,0.0,79.34732818603516
1383,4.0,4.208322909838062,0.20832290983806168,67.87812609444204,67.95898310941875,419.4387854679817,0.0,79.34807586669922
1384,4.0,4.2084693488123035,0.2084693488123035,67.87670398000145,67.95897773187464,419.45269717053475,0.0,79.34917449951172
1385,4.0,4.208622943547184,0.20862294354718358,67.87531665867606,67.95897458691474,419.46728867034835,0.0,79.35044860839844
1386,4.0,4.208764485726092,0.20876448572609174,67.87396718713195,67.95897582816424,419.4807351773446,0.0,79.3515396118164
1387,4.0,4.208909316931396,0.20890931693139603,67.87265612664767,67.9589633611266,419.49449414184846,0.0,79.35273742675781
1388,4.0,4.2090521408651425,0.20905214086514246,67.8713709984069,67.95896579568632,419.5080624155544,0.0,79.35392761230469
1389,4.0,4.209184531579933,0.20918453157993344,67.8701236813272,67.9589679153398,419.52063953345953,0.0,79.35496520996094
1390,4.0,4.209324449821881,0.2093244498218807,67.8689116727978,67.95897833301849,419.53393176644454,0.0,79.35618591308594
1391,4.0,4.209453849545813,0.20945384954581314,67.86773231091664,67.95898721236166,419.5462247402181,0.0,79.35724639892578
1392,4.0,4.209586206147605,0.2095862061476046,67.86658364610354,67.95898205325038,419.55879861738833,0.0,79.3583984375
1393,4.0,4.209720352612469,0.2097203526124689,67.86546491834157,67.95898989543757,419.57154253155045,0.0,79.359619140625
1394,4.0,4.20984289064777,0.20984289064776984,67.86437681379887,67.958982293922,419.583183644904,0.0,79.36065673828125
1395,4.0,4.20997173734622,0.20997173734622,67.86333060694518,67.95897161299689,419.59542408125674,0.0,79.36186218261719
1396,4.0,4.210092062599686,0.21009206259968582,67.86231091622857,67.9589643260829,419.60685498033604,0.0,79.3629379272461
1397,4.0,4.21021478930922,0.21021478930922033,67.8613178126787,67.95895946603008,419.61851401774186,0.0,79.36408996582031
1398,4.0,4.210336384416676,0.21033638441667613,67.86035605253556,67.95895862162878,419.6300655529501,0.0,79.3652572631836
1399,4.0,4.210451846200515,0.21045184620051494,67.85942796557488,67.95896180808495,419.6410344224148,0.0,79.36634826660156
1400,4.0,4.210570925788178,0.21057092578817826,67.85852642400265,67.95897034244521,419.65234698324286,0.0,79.36753845214844
1401,4.0,4.210679616876581,0.21067961687658077,67.85766189241556,67.95897497281602,419.662672636641,0.0,79.36857604980469
1402,4.0,4.210799670158772,0.21079967015877177,67.85681650832734,67.95897797722311,419.6740776984492,0.0,79.3698501586914
1403,4.0,4.2109164846283775,0.21091648462837753,67.85600379605656,67.958979583376,419.6851750730617,0.0,79.37110137939453
1404,4.0,4.211023267184469,0.21102326718446918,67.85521581056793,67.95898154277567,419.6953194158905,0.0,79.3721923828125
1405,4.0,4.211136616517576,0.21113661651757631,67.85445901989146,67.95898345293949,419.7060876025356,0.0,79.37344360351562
1406,4.0,4.211240304453938,0.2112403044539377,67.85372749889503,67.95899338700065,419.71593795648994,0.0,79.37454223632812
1407,4.0,4.211349743401987,0.2113497434019873,67.85302074741405,67.95898801102418,419.7263346565546,0.0,79.37577819824219
1408,4.0,4.211453660596218,0.21145366059621828,67.85234430045347,67.95897539176491,419.7362067900066,0.0,79.37694549560547
1409,4.0,4.211558829020655,0.21155882902065493,67.85168685772807,67.95897155874995,419.7461977903281,0.0,79.37815856933594
1410,4.0,4.211656112488918,0.21165611248891825,67.85105865608259,67.95896938238728,419.7554397198131,0.0,79.37925720214844
1411,4.0,4.21175942553371,0.2117594255337103,67.85046377288113,67.95896844864092,419.7652544590684,0.0,79.38050842285156
1412,4.0,4.2118552554319395,0.2118552554319395,67.84988512962677,67.9589755248248,419.7743582994001,0.0,79.38163757324219
1413,4.0,4.2119664579299325,0.21196645792993252,67.84933927888027,67.95896701643612,419.7849225367095,0.0,79.38309478759766
1414,4.0,4.212084419526941,0.21208441952694113,67.84880847419332,67.9589733936075,419.7961288884253,0.0,79.38469696044922
1415,4.0,4.212202401175989,0.21220240117598888,67.84830997893063,67.958970662061,419.80733714508483,0.0,79.38633728027344
1416,4.0,4.212310123959112,0.21231012395911186,67.84783330332942,67.95897719037852,419.8175708094815,0.0,79.38780975341797
1417,4.0,4.212421680154218,0.21242168015421825,67.84739271222875,67.95898337181646,419.8281686480166,0.0,79.38939666748047
1418,4.0,4.212533094159453,0.2125330941594532,67.84698051466928,67.95898828843887,419.838752978514,0.0,79.3910140991211
1419,4.0,4.212644038372676,0.21264403837267576,67.84658894483552,67.95898813336153,419.8492926787701,0.0,79.39264678955078
1420,4.0,4.212750136807281,0.21275013680728083,67.8462268255685,67.95897687113808,419.85937203005756,0.0,79.39422259479763
1421,4.0,4.212848029859177,0.2128480298591766,67.84589503865975,67.95896792610944,419.8686718699877,0.0,79.39567923545839
1422,4.0,4.212954572990972,0.21295457299097187,67.84558499576482,67.95896130066323,419.8787934675082,0.0,79.39732432365419
1423,4.0,4.213057429579596,0.21305742957959595,67.84530642468341,67.95895681270902,419.8885648434275,0.0,79.39893674850465
1424,4.0,4.213157816840947,0.2131578168409467,67.84504542556017,67.95895377056446,419.8981016332558,0.0,79.40052318573
1425,4.0,4.213257266104031,0.21325726610403084,67.8448154330005,67.95895181471096,419.90754931324875,0.0,79.4021282196045
1426,4.0,4.213351709740179,0.21335170974017892,67.84461064388078,67.95897103755327,419.91652145868284,0.0,79.4036684036255
1427,4.0,4.213447187907085,0.21344718790708495,67.84442831771719,67.95898066857565,419.9255918845389,0.0,79.40525436401369
1428,4.0,4.213540661953146,0.2135406619531457,67.84427215806917,67.95898176026645,419.9344719189147,0.0,79.4068331718445
1429,4.0,4.213633508443413,0.21363350844341333,67.84413996111982,67.95898505131822,419.9432923354901,0.0,79.40842819213869
1430,4.0,4.213727647882249,0.21372764788224874,67.84402972813892,67.95897920686322,419.95223558217947,0.0,79.41007328033449
1431,4.0,4.213811399491837,0.2138113994918367,67.84393927715898,67.95897577035451,419.9601919850903,0.0,79.41154575347902
1432,4.0,4.213898996270154,0.21389899627015385,67.84387898798808,67.95897651962777,419.9685136790305,0.0,79.4131259918213
1433,4.0,4.213987773352908,0.2139877733529083,67.84383310240217,67.95897484449159,419.97694750189214,0.0,79.41474533081056
1434,4.0,4.214073914279135,0.21407391427913502,67.84381580912954,67.95896322640381,419.98513088988375,0.0,79.41634845733644
1435,4.0,4.214159188325512,0.21415918832551206,67.84382143404767,67.95895462467607,419.9932319242895,0.0,79.4179620742798
1436,4.0,4.214235352910604,0.21423535291060425,67.84384906436782,67.9589488770981,420.0004675598733,0.0,79.41942977905275
1437,4.0,4.2143170258495495,0.21431702584954948,67.84389473806694,67.95895560728101,420.0082264890731,0.0,79.42102241516115
1438,4.0,4.2143999653145245,0.21439996531452454,67.84395749483606,67.95896819035077,420.01610573824576,0.0,79.4226589202881
1439,4.0,4.214481180113953,0.21448118011395323,67.84404149550453,67.95898348427646,420.0238211441914,0.0,79.42428779602052
1440,4.0,4.214558490691867,0.21455849069186694,67.84415249848858,67.95899037537811,420.0311656490933,0.0,79.42587471008302
1441,4.0,4.214629156974622,0.21462915697462215,67.84428084703642,67.95898629878052,420.03787894595496,0.0,79.42735671997072
1442,4.0,4.214706498114497,0.21470649811449682,67.84442882058508,67.9589935848249,420.045226354243,0.0,79.42898750305177
1443,4.0,4.21477928349873,0.21477928349873032,67.844601069605,67.95898455860616,420.05214096574525,0.0,79.4305608570575
1444,4.0,4.214851995420635,0.21485199542063516,67.84478513529032,67.95897675426107,420.05904859832617,0.0,79.43214666843407
1445,4.0,4.2149269729908445,0.2149269729908445,67.84498814013035,67.95896971449915,420.06617146749613,0.0,79.43379735946648
1446,4.0,4.214990435720198,0.21499043572019794,67.84521530783373,67.95896021890997,420.07220042678466,0.0,79.43525934219353
1447,4.0,4.215058889018477,0.21505888901847658,67.8454641586408,67.95895694327965,420.07870349012114,0.0,79.43684077262871
1448,4.0,4.215126494954393,0.21512649495439273,67.84573112007537,67.95895689591079,420.08512605403314,0.0,79.43842744827263
1449,4.0,4.215192734743534,0.21519273474353362,67.8460141568355,67.958962385403,420.0914188340016,0.0,79.44000720977776
1450,4.0,4.215254094947667,0.21525409494766734,67.84631871029384,67.95898094304533,420.0972480533943,0.0,79.44152021408074
1451,4.0,4.215309519271067,0.21530951927106656,67.84663123947222,67.95898643855764,420.10251336411716,0.0,79.4429306983947
1452,4.0,4.215373845460748,0.21537384546074811,67.84696378183568,67.95898499182472,420.108624352137,0.0,79.44453239440911
1453,4.0,4.215434488512271,0.21543448851227076,67.84730794918653,67.95899210276123,420.11438544203156,0.0,79.446078300476
1454,4.0,4.215493107355056,0.2154931073550559,67.84767246947169,67.95898631288442,420.11995423209623,0.0,79.44760990142814
1455,4.0,4.215551805384285,0.2155518053842851,67.84805199352705,67.9589875486231,420.12553054487296,0.0,79.44916057586661
1456,4.0,4.215603799536516,0.21560379953651587,67.84844737492482,67.95897333131518,420.13046998933487,0.0,79.45060348510734
1457,4.0,4.215659691135508,0.21565969113550842,67.84885820146783,67.95896331317601,420.1357796912391,0.0,79.45213794708243
1458,4.0,4.215716211412749,0.2157162114127491,67.84928658812387,67.95895659454791,420.141149117577,0.0,79.45370483398429
1459,4.0,4.215758375797569,0.21575837579756918,67.84972450020565,67.95895215560643,420.14515473413496,0.0,79.45501232147208
1460,4.0,4.215786385723575,0.21578638572357534,67.85017684370779,67.95895609727735,420.14781567710554,0.0,79.45606994628898
1461,4.0,4.215820125115678,0.21582012511567772,67.85064528041148,67.95896787700681,420.15102091935523,0.0,79.45725440978995
1462,4.0,4.215852586390887,0.2158525863908869,67.85111636403867,67.95897583216669,420.1541047405001,0.0,79.45841789245597
1463,4.0,4.215880264397149,0.2158802643971489,67.8516090475048,67.95898039805392,420.15673415109507,0.0,79.45951652526847
1464,4.0,4.215914021357009,0.2159140213570092,67.85210486745893,67.95899020062232,420.15994106228175,0.0,79.4607334136962
1465,4.0,4.215940738189603,0.21594073818960258,67.85260974929201,67.9589957895213,420.1624791613781,0.0,79.46182823181144
1466,4.0,4.215975972934914,0.21597597293491422,67.85312737312877,67.95898417103652,420.16582646218274,0.0,79.46309852600089
1467,4.0,4.216008546151224,0.21600854615122422,67.8536568791333,67.95897884432814,420.1689209177322,0.0,79.46433258056632
1468,4.0,4.216033506743466,0.21603350674346622,67.85419163394603,67.95897289765188,420.1712921739952,0.0,79.46542930603019
1469,4.0,4.21606611782554,0.21606611782554008,67.85473354420074,67.9589641640043,420.1743902267922,0.0,79.46667861938468
1470,4.0,4.21609190863988,0.21609190863988026,67.85528261016549,67.95896681446288,420.1768403541545,0.0,79.4678077697753
1471,4.0,4.216122093362667,0.2161220933626673,67.85583586867959,67.95896865323863,420.17970790281925,0.0,79.46902465820304
1472,4.0,4.216152834783421,0.21615283478342118,67.85639807423463,67.95897130176283,420.1826283377909,0.0,79.47026252746574
1473,4.0,4.216178127409884,0.21617812740988374,67.85697142273993,67.95898308433928,420.1850311373048,0.0,79.47141075134269
1474,4.0,4.21620615072827,0.21620615072827043,67.85755618729523,67.95899089932047,420.1876933525516,0.0,79.47262382507316
1475,4.0,4.216227860074499,0.21622786007449868,67.85814810688225,67.95899612969042,420.1897557404433,0.0,79.47372627258292
1476,4.0,4.216257716859262,0.21625771685926232,67.8587440620759,67.95899273711947,420.19259213499583,0.0,79.47498703002921
1477,4.0,4.216286016493066,0.21628601649306578,67.85935041351735,67.95898135098476,420.19528060020707,0.0,79.4762306213378
1478,4.0,4.216305660381302,0.21630566038130183,67.85996578418029,67.95896230496133,420.1971467695895,0.0,79.47732162475577
1479,4.0,4.216333313469961,0.21633331346996076,67.86058578354383,67.95896320667347,420.19977381301214,0.0,79.47856903076163
1480,4.0,4.216355172759905,0.21635517275990512,67.86121434106046,67.95896386751353,420.20185044555683,0.0,79.47971725463859
1481,4.0,4.216381294814404,0.21638129481440416,67.86184268146559,67.95896428922089,420.20433204073424,0.0,79.48094558715812
1482,4.0,4.216405505514181,0.2164055055141807,67.86248874900502,67.95896459017519,420.206632057213,0.0,79.48215866088859
1483,4.0,4.216425834002759,0.2164258340027594,67.86313866704634,67.95897167888329,420.208563263628,0.0,79.48330307006827
1484,4.0,4.2164493572884885,0.21644935728848846,67.86380229822309,67.95897864941892,420.21079797577227,0.0,79.48452377319327
1485,4.0,4.216466950849789,0.21646695084978873,67.864466909359,67.9589787681425,420.2124693640958,0.0,79.48563385009757
1486,4.0,4.21649255657736,0.21649255657735988,67.86514260673127,67.95897876964042,420.2149019082151,0.0,79.48690795898429
1487,4.0,4.216515086988367,0.21651508698836697,67.86581893984642,67.95897879934594,420.2170422972607,0.0,79.48812484741202
1488,4.0,4.216531590449485,0.21653159044948467,67.8664945638919,67.95897882943086,420.2186101260669,0.0,79.48922729492179
1489,4.0,4.216556406952446,0.2165564069524457,67.86718619838166,67.95897882919601,420.22096769384825,0.0,79.49050521850577
1490,4.0,4.21657134942437,0.2165713494243704,67.86788042159003,67.95897882879908,420.2223872286811,0.0,79.49160003662101
1491,4.0,4.216592137949095,0.21659213794909515,67.86858150725892,67.95897882893432,420.22436213852995,0.0,79.49281311035148
1492,4.0,4.21661490314383,0.2166149031438298,67.86928659559051,67.958978799012,420.22652483202967,0.0,79.49406814575187
1493,4.0,4.216630777906117,0.21663077790611673,67.86999836422362,67.95897879853399,420.228032934447,0.0,79.49520111083976
1494,4.0,4.2166506628121825,0.21665066281218248,67.87071397410664,67.95897882998119,420.2299220005232,0.0,79.49641418457023
1495,4.0,4.2166659161084485,0.21666591610844854,67.87143573444263,67.95897882960224,420.23137106366846,0.0,79.49754714965812
1496,4.0,4.216688241223229,0.21668824122322938,67.8721674193889,67.95898285880665,420.2334919495727,0.0,79.4988250732421
1497,4.0,4.216706456186444,0.21670645618644357,67.87290337542683,67.95897764668031,420.23522237107807,0.0,79.50003051757804
1498,4.0,4.216718877444864,0.21671887744486362,67.87364139267267,67.95897885549785,420.236402390628,0.0,79.50112915039054
1499,4.0,4.216739128208168,0.2167391282081681,67.8743901625655,67.95897488434179,420.2383262131418,0.0,79.5023880004882
1500,4.0,4.216752516615612,0.21675251661561212,67.87514516946324,67.95896881875589,420.239598111849,0.0,79.50352478027335
1501,4.0,4.216768835519706,0.21676883551970594,67.87589859468247,67.95897138387154,420.2411484077379,0.0,79.50471496582023
1502,4.0,4.21678347669329,0.21678347669328968,67.87665622305059,67.95897367234322,420.2425393192284,0.0,79.50587844848624
1503,4.0,4.216794717340415,0.21679471734041478,67.87742624683467,67.95897692003848,420.2436071807052,0.0,79.5069923400878
1504,4.0,4.216783747209807,0.2167837472098073,67.87819555682879,67.9589805839701,420.24256501829757,0.0,79.50768661499015
1505,4.0,4.216771897679772,0.2167718976797719,67.87897251337863,67.95898360964077,420.2414393129442,0.0,79.50837326049796
1506,4.0,4.216765014576814,0.21676501457681407,67.87975094531096,67.95897762032283,420.2407854181632,0.0,79.50915527343741
1507,4.0,4.216756646758286,0.2167566467582862,67.8805272264703,67.95896873835275,420.23999047540303,0.0,79.50990676879874
1508,4.0,4.216750923844417,0.2167509238444172,67.88130327077612,67.95896282650625,420.2394467985855,0.0,79.51070785522452
1509,4.0,4.21673817658404,0.21673817658404015,67.88208166694339,67.95895889500045,420.2382358088497,0.0,79.51137924194327
1510,4.0,4.216728613260648,0.2167286132606483,67.88286417638669,67.95896313481488,420.23732729312746,0.0,79.51211547851554
1511,4.0,4.216722032638238,0.21672203263823775,67.88364100989956,67.95898200300847,420.2367021339985,0.0,79.51290130615226
1512,4.0,4.2167090997581615,0.21670909975816155,67.88441589317424,67.95898774343621,420.2354735103912,0.0,79.51356506347648
1513,4.0,4.216707315799056,0.21670731579905578,67.88519367358728,67.95898699368772,420.23530403427617,0.0,79.51444244384757
1514,4.0,4.216696545380415,0.21669654538041527,67.88597283168156,67.95898901574132,420.2342808445053,0.0,79.51515197753898
1515,4.0,4.216687404621155,0.21668740462115466,67.88674529778403,67.95898717013834,420.23341247237556,0.0,79.51588439941398
1516,4.0,4.216686901766481,0.2166869017664812,67.88751548495215,67.95899006447527,420.2333647011816,0.0,79.51677703857413
1517,4.0,4.216679237593665,0.2166792375936648,67.88829023766583,67.95898863371856,420.232636604764,0.0,79.51753997802726
1518,4.0,4.216677021426687,0.21667702142668688,67.8890554429793,67.95899180278877,420.2324260689011,0.0,79.51839447021476
1519,4.0,4.216668111708992,0.2166681117089917,67.889824199491,67.95898660720073,420.2315796457201,0.0,79.51912689208976
1520,4.0,4.2166615354441435,0.21666153544414346,67.89059447121166,67.958986234565,420.2309549005595,0.0,79.51990509033195
1521,4.0,4.21665937424782,0.21665937424782022,67.8913587958801,67.9589731411464,420.2307495869088,0.0,79.52075958251945
1522,4.0,4.21665003791177,0.21665003791177018,67.8921279157836,67.95896626188602,420.229862634984,0.0,79.52148437499991
1523,4.0,4.2166514277236,0.21665142772360024,67.89289369095631,67.95896143309017,420.2299946671079,0.0,79.5224075317382
1524,4.0,4.216643147905903,0.216643147905903,67.89366534534089,67.9589645921275,420.22920808442666,0.0,79.52315521240226
1525,4.0,4.216633752461193,0.21663375246119276,67.89443542505359,67.95896219604028,420.2283155171792,0.0,79.52388000488273
1526,4.0,4.21663360068823,0.21663360068822968,67.89519996990654,67.95897581127667,420.2283010987477,0.0,79.52477264404288
1527,4.0,4.216625752264469,0.216625752264469,67.89595817209445,67.9589859704467,420.22755549849046,0.0,79.52551269531241
1528,4.0,4.216624996479767,0.21662499647976663,67.8967011989463,67.95899288225033,420.22748369894373,0.0,79.52636873722076
1529,4.0,4.216621057578992,0.2166210575789922,67.89744306670562,67.95899735984173,420.2271095033701,0.0,79.52716338634491
1530,4.0,4.216613321486158,0.2166133214861583,67.89819366523234,67.9590003657587,420.22637457455096,0.0,79.52789664268494
1531,4.0,4.216611779112056,0.2166117791120561,67.89893623169452,67.95898865229294,420.2262280490112,0.0,79.52873730659485
1532,4.0,4.216606391994665,0.2166063919946648,67.89968514006841,67.9589762739681,420.225716272859,0.0,79.52951288223267
1533,4.0,4.216605412950358,0.21660541295035785,67.90043085017903,67.95897702579103,420.2256232636498,0.0,79.53036785125732
1534,4.0,4.216598310627482,0.21659831062748225,67.90117949513018,67.95897765680766,420.2249485429767,0.0,79.5311107635498
1535,4.0,4.216594466132201,0.216594466132201,67.90192616169955,67.95897801689323,420.224583315925,0.0,79.5319128036499
1536,4.0,4.2165934645593115,0.2165934645593115,67.90267345856014,67.95897822982289,420.22448816650046,0.0,79.53276920318604
1537,4.0,4.216585210758772,0.21658521075877157,67.90342599672113,67.95897840923826,420.22370405544916,0.0,79.53349494934082
1538,4.0,4.216583676674239,0.21658367667423928,67.90417454320324,67.95897561874426,420.22355831741856,0.0,79.5343427658081
1539,4.0,4.2165791545716305,0.21657915457163046,67.90492317103318,67.95897022262388,420.22312871767076,0.0,79.53513431549072
1540,4.0,4.216572567829542,0.21657256782954182,67.90566515350191,67.9589714988789,420.2225029771723,0.0,79.53587913513184
1541,4.0,4.216551482681909,0.2165514826819086,67.90641509042727,67.95896761534186,420.2204998881472,0.0,79.5363597869873
1542,4.0,4.216526033680181,0.2165260336801813,67.90716203391842,67.95896148950237,420.2180822329831,0.0,79.5367546081543
1543,4.0,4.2165011322379256,0.21650113223792555,67.90790831019157,67.958963990715,420.21571659596884,0.0,79.53715896606445
1544,4.0,4.216471897871604,0.21647189787160404,67.90864865497716,67.9589662824943,420.2129393311683,0.0,79.53747463226318
1545,4.0,4.216442548305054,0.2164425483050536,67.90939086542652,67.95897650436834,420.210151122346,0.0,79.53779029846191
1546,4.0,4.216419969093225,0.21641996909322536,67.91012093807976,67.95898028477215,420.2080060972223,0.0,79.5382194519043
1547,4.0,4.216391167932162,0.21639116793216218,67.9108470067666,67.95898346086187,420.2052699869213,0.0,79.53852653503418
1548,4.0,4.2163653554998035,0.2163653554998035,67.91156728857057,67.95898413598215,420.2028178058472,0.0,79.53888320922852
1549,4.0,4.216338849704024,0.21633884970402395,67.91228571887245,67.95897519499073,420.2002997552481,0.0,79.53922462463379
1550,4.0,4.216310486138018,0.21631048613801784,67.91299882623109,67.95896919504007,420.19760521647754,0.0,79.5395247489214
1551,4.0,4.216291711403114,0.2162917114031142,67.91370423946242,67.95896526530936,420.19582161666176,0.0,79.53999674320221
1552,4.0,4.21626478567291,0.21626478567290963,67.91440431898454,67.95896259543318,420.19326367229223,0.0,79.54030871391296
1553,4.0,4.216238148151633,0.2162381481516329,67.91510108819925,67.95896088495064,420.19073310777105,0.0,79.54062223434448
1554,4.0,4.216215091167669,0.21621509116766902,67.91578599395875,67.95896662425211,420.1885426942945,0.0,79.5409893989563
1555,4.0,4.216188543687023,0.21618854368702323,67.91647990467673,67.95897957323808,420.18602068363305,0.0,79.54130125045776
1556,4.0,4.216170591576192,0.21617059157619156,67.91715750859446,67.95898162593738,420.18431523310403,0.0,79.54175615310669
1557,4.0,4.216151929240949,0.21615192924094906,67.91782823743112,67.95898054462674,420.18254231125604,0.0,79.5421895980835
1558,4.0,4.21612932357636,0.21612932357635994,67.91850264448054,67.9589767428295,420.18039477312004,0.0,79.54255294799805
1559,4.0,4.216107766836025,0.21610776683602495,67.91916260410548,67.95897457923911,420.1783468827882,0.0,79.54291915893555
1560,4.0,4.216086177995239,0.21608617799523877,67.91982308760728,67.95897378314937,420.1762959429136,0.0,79.54328536987305
1561,4.0,4.216073223458739,0.21607322345873925,67.92047802844257,67.95897217796244,420.1750652619461,0.0,79.54380798339844
1562,4.0,4.216052018024003,0.2160520180240031,67.92113234737111,67.95897394009754,420.17305074564615,0.0,79.54417419433594
1563,4.0,4.216032754169055,0.21603275416905543,67.92178470909793,67.95897267027533,420.17122067942614,0.0,79.54457473754883
1564,4.0,4.216013920718333,0.21601392071833292,67.9224244424123,67.95896980123004,420.1694315016075,0.0,79.5449686050415
1565,4.0,4.2159935288239785,0.2159935288239785,67.92306730220682,67.9589772132584,420.1674942716438,0.0,79.54533672332764
1566,4.0,4.215980840055269,0.21598084005526896,67.9237041418928,67.95896491930353,420.1662888386164,0.0,79.54584312438965
1567,4.0,4.215964024618401,0.21596402461840114,67.92434313823877,67.95897201863924,420.164691372114,0.0,79.54627418518066
1568,4.0,4.215944674837992,0.21594467483799207,67.9249659675799,67.9589806779024,420.1628531429751,0.0,79.54663848876953
1569,4.0,4.21592493785955,0.21592493785955025,67.92559666973972,67.95897981020103,420.1609781300232,0.0,79.54700469970703
1570,4.0,4.215905545440096,0.215905545440096,67.92622182630666,67.95897392585422,420.15913585017495,0.0,79.54737091064453
1571,4.0,4.2158927504503785,0.21589275045037848,67.92684329879417,67.95896868695223,420.15792032615184,0.0,79.5478572845459
1572,4.0,4.21587658759661,0.21587658759661021,67.92745877668787,67.95896092219105,420.1563848550438,0.0,79.54827308654785
1573,4.0,4.215858585080034,0.21585858508003408,67.92807295520237,67.95896256946492,420.15467461596916,0.0,79.54865264892578
1574,4.0,4.215840607823487,0.21584060782348669,67.92867533086255,67.95896205644249,420.15296677659705,0.0,79.54901885986328
1575,4.0,4.215823184357159,0.2158231843571592,67.92928344708228,67.95896598872824,420.151311547296,0.0,79.54940223693848
1576,4.0,4.215811632422012,0.21581163242201207,67.92988654024647,67.95897400852714,420.15021411345697,0.0,79.54989051818848
1577,4.0,4.215796303236992,0.21579630323699206,67.93048372224007,67.95898545752762,420.1487578408801,0.0,79.55030059814453
1578,4.0,4.2157800064424,0.21578000644240003,67.93107858391973,67.95897932856755,420.1472096453939,0.0,79.55068969726562
1579,4.0,4.21576233380468,0.21576233380467968,67.93167444631963,67.95897518188241,420.14553074481046,0.0,79.55105400085449
1580,4.0,4.215746280402705,0.21574628040270483,67.93225888032691,67.95897244749968,420.14400567162284,0.0,79.55143547058105
1581,4.0,4.215738402700738,0.21573840270073763,67.93284839113005,67.95897061455219,420.14325728993595,0.0,79.55197715759277
1582,4.0,4.2157220890385005,0.21572208903850054,67.93342562542637,67.95896941297254,420.14170749202344,0.0,79.5523452758789
1583,4.0,4.215692069048419,0.2156920690484192,67.93400710719212,67.95896860121033,420.1388555929657,0.0,79.55245971679688
1584,4.0,4.2156575288038765,0.21565752880387645,67.93458651564089,67.95896805996101,420.1355742697341,0.0,79.55248641967773
1585,4.0,4.2156238187608155,0.2156238187608155,67.935152554811,67.95896772927587,420.1323718156433,0.0,79.5525131225586
1586,4.0,4.215588547810604,0.21558854781060433,67.93571769641488,67.95896748923086,420.1290210753733,0.0,79.55250930786133
1587,4.0,4.215554087367461,0.21555408736746084,67.93627955867743,67.95896736977637,420.1257473332746,0.0,79.55251693725586
1588,4.0,4.215522685006471,0.2155226850064711,67.93682472345735,67.9589782453842,420.1227641089806,0.0,79.55256271362305
1589,4.0,4.215489976850546,0.21548997685054605,67.93737139436149,67.95898633958025,420.1196568341677,0.0,79.55258560180664
1590,4.0,4.215456698035298,0.21545669803529766,67.93790446645353,67.95898307903421,420.11649534671915,0.0,79.55258178710938
1591,4.0,4.215421631809585,0.21542163180958518,67.93843051845126,67.95899235307735,420.11316405527646,0.0,79.55253601074219
1592,4.0,4.215387105653107,0.21538710565310737,67.93895113276643,67.95898957494708,420.1098840704111,0.0,79.55249404907227
1593,4.0,4.2153524801665245,0.21535248016652453,67.93947009869615,67.9589836691285,420.1065946491857,0.0,79.55244827270508
1594,4.0,4.2153219724346584,0.21532197243465845,67.93997808923677,67.95897786662562,420.10369641465843,0.0,79.5524673461914
1595,4.0,4.215287512940808,0.21528751294080806,67.94047159103418,67.95897316907833,420.1004227627426,0.0,79.55239486694336
1596,4.0,4.215254197518204,0.2152541975182043,67.94096295043595,67.95897190936256,420.09725779759526,0.0,79.55234146118164
1597,4.0,4.215222861710513,0.2152228617105134,67.94144521546556,67.95896672271218,420.0942808958647,0.0,79.55231475830078
1598,4.0,4.215190704933277,0.21519070493327686,67.94192443055651,67.95896290760358,420.09122600202716,0.0,79.5522689819336
1599,4.0,4.215159189001859,0.21515918900185937,67.94239658141245,67.95896568607743,420.0882319885425,0.0,79.55222702026367
1600,4.0,4.215128604073899,0.21512860407389933,67.94285699066342,67.95898044071845,420.0853264203863,0.0,79.55218887329102
1601,4.0,4.215098534375354,0.21509853437535398,67.94331235962359,67.95897189827426,420.08246979902447,0.0,79.55215454101562
1602,4.0,4.215067936977002,0.2150679369770021,67.94376320900254,67.95896617471035,420.0795630461811,0.0,79.55210494995117
1603,4.0,4.215039973310996,0.21503997331099622,67.94420093321692,67.95896236851455,420.0769064979105,0.0,79.55208969116211
1604,4.0,4.215011175647754,0.21501117564775374,67.9446293003388,67.95895988126905,420.07417071990244,0.0,79.55204772949219
1605,4.0,4.214980154715565,0.21498015471556542,67.94505767286925,67.95896508315853,420.0712237313446,0.0,79.55196380615234
1606,4.0,4.214954849007245,0.2149548490072446,67.94547537521834,67.9589729563237,420.06881968905407,0.0,79.55197525024414
1607,4.0,4.214928017410034,0.21492801741003387,67.945881840605,67.95898481040157,420.06627068731905,0.0,79.55194473266602
1608,4.0,4.21490328819243,0.21490328819243043,67.94628700157806,67.95899729972186,420.0639214116468,0.0,79.55195236206055
1609,4.0,4.21487861079789,0.21487861079789017,67.94668481548607,67.95898927776541,420.0615770591654,0.0,79.55195236206055
1610,4.0,4.214854223197715,0.2148542231977153,67.94707144588318,67.95898566405685,420.0592602371488,0.0,79.55194473266602
1611,4.0,4.2148325371183555,0.21483253711835548,67.94746991942186,67.95898424601553,420.0572000596096,0.0,79.552001953125
1612,4.0,4.214808896777812,0.21480889677781168,67.94785102835641,67.95898093859805,420.054954227258,0.0,79.552001953125
1613,4.0,4.214784860318331,0.2147848603183311,67.94823201101649,67.95897211724068,420.05267076360735,0.0,79.55199432373047
1614,4.0,4.214762236352448,0.21476223635244818,67.94859674297446,67.9589698034751,420.0505214868484,0.0,79.55199432373047
1615,4.0,4.214741847758147,0.2147418477581473,67.94896454042212,67.95897174611204,420.04858457038983,0.0,79.55204010009766
1616,4.0,4.214721103206457,0.21472110320645665,67.94932504685926,67.95897540084393,420.0466138379793,0.0,79.55207061767578
1617,4.0,4.214699241071437,0.214699241071437,67.94968076624589,67.95897553612798,420.04453693515234,0.0,79.55207443237305
1618,4.0,4.214677187457101,0.2146771874571014,67.95003305969036,67.95896815101074,420.0424418417905,0.0,79.55207061767578
1619,4.0,4.214659129434151,0.21465912943415066,67.95037633058713,67.95897695914026,420.04072632961015,0.0,79.55213165283203
1620,4.0,4.214638168005574,0.21463816800557378,67.95071428058509,67.95897062452374,420.03873499389533,0.0,79.55213165283203
1621,4.0,4.214617922228919,0.21461792222891862,67.95104721249756,67.95897175891211,420.0368116451132,0.0,79.55213928222656
1622,4.0,4.214596924176036,0.21459692417603637,67.95138575962518,67.95898161631843,420.0348168300893,0.0,79.55213928222656
1623,4.0,4.214580117804267,0.21458011780426656,67.95170886246717,67.95898818870519,420.0332202247712,0.0,79.55220031738281
1624,4.0,4.214559952798845,0.21455995279884466,67.95203398456604,67.95899255870413,420.0313045492561,0.0,79.55220031738281
1625,4.0,4.2145403264526395,0.21454032645263954,67.95235042480412,67.9589953926942,420.02944004636663,0.0,79.55220031738281
1626,4.0,4.2145215155260045,0.2145215155260045,67.95266675450235,67.95899726083023,420.0276530083363,0.0,79.55221557617188
1627,4.0,4.214502432605389,0.21450243260538926,67.95297443859222,67.95898470844165,420.0258401308779,0.0,79.55221557617188
1628,4.0,4.214485980891,0.21448598089100024,67.95327228559768,67.95897861179729,420.02427721801087,0.0,79.55225372314453
1629,4.0,4.2144676538244985,0.2144676538244985,67.95356778772094,67.95897897434044,420.02253614669326,0.0,79.55225372314453
1630,4.0,4.214449982671556,0.2144499826715558,67.95385923351215,67.95897930542122,420.0208573871637,0.0,79.55226135253906
1631,4.0,4.21443382231318,0.21443382231317987,67.95413935564218,67.95897945691699,420.01932215311797,0.0,79.55228424072266
1632,4.0,4.214417968109969,0.21441796810996916,67.95440802628272,67.95896914851289,420.017816003813,0.0,79.55229949951172
1633,4.0,4.21440284403757,0.21440284403757026,67.9546714431626,67.95896417167974,420.0163792169351,0.0,79.55232238769531
1634,4.0,4.214388206214913,0.21438820621491317,67.95492702139545,67.95896097946763,420.01498862378264,0.0,79.5523452758789
1635,4.0,4.214372409768584,0.2143724097685844,67.95518356519706,67.95895543749629,420.01348796138143,0.0,79.55234742164612
1636,4.0,4.214358493807755,0.2143584938077554,67.95543993063325,67.95896941712172,420.01216594510265,0.0,79.55238485336304
1637,4.0,4.21434543764502,0.21434543764501957,67.95568202631922,67.95896542903654,420.01092560964275,0.0,79.5524218082428
1638,4.0,4.214329959369174,0.21432995936917365,67.95593405605695,67.95897435925319,420.00945517343735,0.0,79.55242466926575
1639,4.0,4.214314676132754,0.21431467613275412,67.95617703634387,67.95897783039436,420.00800326597755,0.0,79.5524206161499
1640,4.0,4.214301548820248,0.21430154882024777,67.9564143778413,67.95898663201359,420.00675617128945,0.0,79.55245065689087
1641,4.0,4.214287430644177,0.21428743064417688,67.95665059084976,67.95898144715837,420.00541494456263,0.0,79.55246067047119
1642,4.0,4.214272633739749,0.21427263373974892,67.9568855302156,67.95898234452584,420.00400923864197,0.0,79.55245637893677
1643,4.0,4.2142594780440135,0.21425947804401346,67.95711600195895,67.95898141772662,420.0027594475472,0.0,79.55247783660889
1644,4.0,4.214246685744125,0.21424668574412475,67.95733857847813,67.95898138967121,420.00154417905776,0.0,79.55249691009521
1645,4.0,4.214233313764393,0.21423331376439325,67.95756480138537,67.95897550980786,420.00027384098325,0.0,79.55250930786133
1646,4.0,4.214222504306786,0.21422250430678602,67.9577871780728,67.9589670670105,419.9992469425106,0.0,79.552565574646
1647,4.0,4.214209576481582,0.2142095764815819,67.9579972798328,67.95895775543099,419.99801879911615,0.0,79.55256748199463
1648,4.0,4.214196859527872,0.21419685952787226,67.95821212917807,67.95895899251396,419.99681068851373,0.0,79.55257892608643
1649,4.0,4.2141836649918725,0.21418366499187247,67.95842246111047,67.95896244319407,419.9955572075937,0.0,79.55257606506348
1650,4.0,4.214170263182755,0.2141702631827549,67.95863206345929,67.95896855268876,419.99428403572756,0.0,79.55256843566895
1651,4.0,4.214160783255543,0.21416078325554277,67.95883952330134,67.95897410292773,419.9933834426424,0.0,79.55263233184814
1652,4.0,4.2141480933535,0.21414809335349982,67.95904172106825,67.958977896191,419.99217790194837,0.0,79.5526294708252
1653,4.0,4.214135719984732,0.21413571998473202,67.95924125955969,67.95898409164224,419.9910024319154,0.0,79.5526294708252
1654,4.0,4.214124046762322,0.214124046762322,67.95943765520545,67.95898411158124,419.9898934757865,0.0,79.55263900756836
1655,4.0,4.214107789229584,0.21410778922958418,67.95962814125829,67.95899199640213,419.9883490101764,0.0,79.55255508422852
1656,4.0,4.214095413514669,0.2140954135146691,67.95981468600061,67.95898451303283,419.9871733172595,0.0,79.55253982543945
1657,4.0,4.214081869722548,0.2140818697225484,67.96001206227339,67.95898367647263,419.985886657008,0.0,79.55251519382
1658,4.0,4.214066789344598,0.21406678934459844,67.96019575089609,67.95897021956142,419.9844540211027,0.0,79.55244553089142
1659,4.0,4.214055600681026,0.21405560068102591,67.96037710734223,67.95897119893317,419.9833910980633,0.0,79.55244660377502
1660,4.0,4.214042528714872,0.21404252871487195,67.96055757254122,67.95896628225096,419.98214926127866,0.0,79.55241107940674
1661,4.0,4.214028786246395,0.214028786246395,67.96073744623152,67.95896760841761,419.9808437267734,0.0,79.55236220359802
1662,4.0,4.214021898940035,0.2140218989400351,67.9609081976784,67.95896587452057,419.98018943266925,0.0,79.5524320602417
1663,4.0,4.21400858818621,0.21400858818620971,67.96107968519297,67.95897413378181,419.97892491105574,0.0,79.55238151550293
1664,4.0,4.213995168965581,0.2139951689655808,67.96125129364977,67.95897868649331,419.977650085096,0.0,79.55232906341553
1665,4.0,4.213982312338862,0.213982312338862,67.9614134225483,67.95898507196155,419.97642870555774,0.0,79.55227613449097
1666,4.0,4.213972014837116,0.2139720148371156,67.96158071901165,67.95898346014984,419.9754504428919,0.0,79.55227756500244
1667,4.0,4.21395940586582,0.21395940586582007,67.96173926304151,67.95897478553674,419.9742525906188,0.0,79.55222511291504
1668,4.0,4.213947118850955,0.21394711885095496,67.96189424501507,67.95897241386585,419.97308532420664,0.0,79.55217456817627
1669,4.0,4.213936234184933,0.21393623418493313,67.96205675598875,67.95897700292912,419.97205128093447,0.0,79.5521593093872
1670,4.0,4.213924691521073,0.21392469152107285,67.96221277058456,67.95896456916238,419.9709547278678,0.0,79.5521240234375
1671,4.0,4.213913385124261,0.21391338512426117,67.9623625312907,67.9589713767458,419.96988062017067,0.0,79.55208587646484
1672,4.0,4.213904387085814,0.21390438708581438,67.96250846748717,67.95897445812736,419.9690258065183,0.0,79.55208683013916
1673,4.0,4.213898358811672,0.2138983588116723,67.96265131796038,67.95897912234841,419.9684531204747,0.0,79.55214023590088
1674,4.0,4.213888485501675,0.21388848550167516,67.96279507710435,67.95897869170382,419.967515156025,0.0,79.55212211608887
1675,4.0,4.213880288965918,0.21388028896591837,67.9629272734274,67.95897374591287,419.9667364851281,0.0,79.55212211608887
1676,4.0,4.213874117074735,0.21387411707473536,67.96307081214306,67.95897722506191,419.9661501554657,0.0,79.55217361450195
1677,4.0,4.213865840534294,0.21386584053429392,67.96320429980626,67.9589700454692,419.9653638841238,0.0,79.55217361450195
1678,4.0,4.213858140817104,0.21385814081710386,67.96333337316362,67.95897440012166,419.9646324109907,0.0,79.55217933654785
1679,4.0,4.213851699718429,0.213851699718429,67.96345844221922,67.9589718797556,419.96402050661663,0.0,79.55220413208008
1680,4.0,4.2138440200456735,0.2138440200456735,67.96358556368546,67.95896440062592,419.96329093770487,0.0,79.55220794677734
1681,4.0,4.213838302959224,0.2138383029592239,67.96371199218423,67.95897314433458,419.9627478144921,0.0,79.55224800109863
1682,4.0,4.213830474879791,0.21383047487979123,67.96383336060991,67.95897900290579,419.962004146946,0.0,79.55224227905273
1683,4.0,4.213824404996654,0.21382440499665378,67.96395896201412,67.95897884965517,419.961427508048,0.0,79.55227470397949
1684,4.0,2.1358179565489324,-1.8641820434510676,67.96408191535407,67.96494485178108,242.8634258085436,0.0,40.32191848754883
1685,4.0,2.1367784422086222,-1.8632215577913778,67.91464321505826,67.96552562501402,242.95467194621415,0.0,40.310707092285156
1686,4.0,2.1419682329360104,-1.8580317670639896,67.73451915044875,67.94550213850049,243.447702065316,0.0,40.30144119262695
1687,4.0,2.150286499022054,-1.8497135009779462,67.46378060318003,67.94024491175828,244.23793734349016,0.0,40.29623794555664
1688,4.0,2.160857434347872,-1.839142565652128,67.13311160982153,67.93968004752976,245.24217619944287,0.0,40.29585647583008
1689,4.0,2.1730977673296596,-1.8269022326703404,66.76323284103461,67.9422804729814,246.4050078327127,0.0,40.30084228515625
1690,4.0,2.186649668186727,-1.813350331813273,66.36830447438574,67.94663192926204,247.6924384141341,0.0,40.312286376953125
1691,4.0,2.2012074814523386,-1.7987925185476614,65.95776042086192,67.95134754349914,249.0754306743672,0.0,40.32964324951172
1692,4.0,2.216668446500915,-1.7833315534990848,65.53776026307153,67.9378196147077,250.54422235398198,0.0,40.35430145263672
1693,4.0,2.232852886913555,-1.7671471130864451,65.11265635955866,67.93551563862636,252.08174419318274,0.0,40.38527297973633
1694,4.0,2.2496852811076127,-1.7503147188923873,64.68556767326243,67.93679012142847,253.68082164161825,0.0,40.42282485961914
1695,4.0,2.267129549623811,-1.732870450376189,64.25871465294972,67.94040369450397,255.3380271506571,0.0,40.46745300292969
1696,4.0,2.2851141951472016,-1.7148858048527984,63.83373485972771,67.94515319361997,257.0465684753792,0.0,40.518714904785156
1697,4.0,2.3035932878723413,-1.6964067121276587,63.411796067476565,67.9438229597318,242.6862185190547,0.0,40.576385498046875
1698,4.0,2.3227667719440666,-1.6772332280559334,62.987891467466,67.94653310214295,244.5076995058686,0.0,40.64060592651367
1699,4.0,2.3428143854977743,-1.6571856145022257,62.557666526899695,67.94995869236195,246.41222279347085,0.0,40.71138918399811
1700,4.0,2.3636273188426578,-1.6363726811573422,62.12516274820652,67.95329363883309,248.38945146123476,0.0,40.7890921831131
1701,4.0,2.3850575931333236,-1.6149424068666764,61.693131550333995,67.95603482375147,250.425327518848,0.0,40.87268662452698
1702,4.0,2.407060755301541,-1.5929392446984592,61.26350368499512,67.95760836185572,252.51562792482866,0.0,40.96249318122864
1703,4.0,2.4295929390583626,-1.5704070609416374,60.83764072067174,67.9588202825688,254.65618538172674,0.0,41.058528423309326
1704,4.0,2.452645261910062,-1.547354738089938,60.416508583833206,67.95937488923748,256.8461560526382,0.0,41.161184310913086
1705,4.0,2.4761111167310292,-1.5238888832689708,60.00100846909073,67.9593898403003,259.07541226063006,0.0,41.26921224594116
1706,4.0,2.49995865251094,-1.5000413474890602,59.592294648214086,67.95903090561092,261.34092815972156,0.0,41.382853507995605
1707,4.0,2.524158584127013,-1.4758414158729871,59.19142842662287,67.9591671472789,263.6399216632485,0.0,41.50237560272217
1708,4.0,2.5486772322580027,-1.4513227677419973,58.799127508909855,67.95904567233264,265.9691932356925,0.0,41.627777099609375
1709,4.0,2.573419591465091,-1.426580408534909,58.41587515896906,67.95890629991747,268.3197173603659,0.0,41.75793266296387
1710,4.0,2.5983895340929557,-1.4016104659070443,58.041976359236976,67.9588106724084,270.6918619100131,0.0,41.893239974975586
1711,4.0,2.6235938907163048,-1.3764061092836952,57.677652940107556,67.95877801236713,273.08627578923125,0.0,42.03409385681152
1712,4.0,2.64898076782091,-1.3510192321790901,57.32298419296806,67.95879582417618,275.49802911416873,0.0,42.179856300354004
1713,4.0,2.674549672077631,-1.3254503279223688,56.97802862683859,67.95905885825852,277.9270750185573,0.0,42.33071327209473
1714,4.0,2.7002491498504835,-1.2997508501495165,56.64279864424599,67.95921966868782,280.3685254069782,0.0,42.486019134521484
1715,4.0,2.726104370054529,-1.273895629945471,56.31726148196854,67.95931938734114,282.82477132636257,0.0,42.64631462097168
1716,4.0,2.7520627374349425,-1.2479372625650575,56.00136877205302,67.95933448940353,285.2908162275018,0.0,42.81091117858887
1717,4.0,2.778060036570568,-1.2219399634294321,55.69505802556562,67.95927445362629,287.76055964538625,0.0,42.97894859313965
1718,4.0,2.8041431058058137,-1.1958568941941863,55.398247173223645,67.95911797748828,290.2384512227346,0.0,43.15128135681152
1719,4.0,2.830326922574217,-1.169673077425783,55.11085531294147,67.9589782909701,292.7259138157329,0.0,43.32826042175293
1720,4.0,2.856589572821784,-1.1434104271782162,54.83278604400081,67.95886645885356,295.22086558925173,0.0,43.50965690612793
1721,4.0,2.8828631560861204,-1.1171368439138796,54.56394927565369,67.95879269197624,297.7168559993637,0.0,43.69455528259277
1722,4.0,2.909131937482128,-1.0908680625178722,54.30424055216176,67.95876358757967,300.21239023198444,0.0,43.88283348083496
1723,4.0,2.9354167434606677,-1.0645832565393323,54.05354933318331,67.95872879190269,302.70944679994574,0.0,44.07491493225098
1724,4.0,2.9616825300654606,-1.0383174699345394,53.81178018013892,67.958768795164,305.20469652740104,0.0,44.2703914642334
1725,4.0,2.987911922857628,-1.012088077142372,53.57882778762322,67.9588394945785,307.69648884265695,0.0,44.4691162109375
1726,4.0,3.0140664352645627,-0.9859335647354373,53.35457212375211,67.95891810145508,310.18116752131573,0.0,44.67061805725098
1727,4.0,3.0401816170634492,-0.9598183829365508,53.138902897851175,67.95899302120468,312.66210979220995,0.0,44.875532150268555
1728,4.0,3.066209398822491,-0.9337906011775088,52.931703390581326,67.95903556792436,315.13474905931895,0.0,45.0832462310791
1729,4.0,3.0921227372803606,-0.9078772627196394,52.732861370241004,67.95904635651827,317.59651621281654,0.0,45.293466567993164
1730,4.0,3.1179485247646497,-0.8820514752353503,52.5422483485946,67.95903514737452,320.049966023824,0.0,45.50667381286621
1731,4.0,3.1436393155701365,-0.8563606844298635,52.35976309149111,67.95900804347043,322.49059115034527,0.0,45.722280502319336
1732,4.0,3.169203853270764,-0.8307961467292362,52.185281138257196,67.95897955733443,324.9192222319048,0.0,45.94049835205078
1733,4.0,3.19460617457693,-0.8053938254230699,52.01868090696893,67.95895060531743,327.33244275599066,0.0,46.160888671875
1734,4.0,3.2198502037047128,-0.7801497962952872,51.85984314473576,67.95893132632084,329.73062552313,0.0,46.38359069824219
1735,4.0,3.2448961272600005,-0.7551038727399995,51.708630773296626,67.95892408903397,332.10998826088235,0.0,46.60809326171875
1736,4.0,3.2697939582477153,-0.7302060417522847,51.56492595636387,67.95892882287421,334.47528220471526,0.0,46.83518981933594
1737,4.0,3.2944674969314067,-0.7055325030685933,51.4286073063155,67.95894662102303,336.8192683796659,0.0,47.0638542175293
1738,4.0,3.318926871523418,-0.6810731284765819,51.299549345500814,67.9589669915477,339.142908965907,0.0,47.29429244995117
1739,4.0,3.3431737627960487,-0.6568262372039513,51.177620226943716,67.95898354176776,341.4463636368069,0.0,47.52657699584961
1740,4.0,3.3671770178979203,-0.6328229821020797,51.06269929025309,67.95899966631727,343.7266728714847,0.0,47.760318756103516
1741,4.0,3.390951258847642,-0.6090487411523582,50.954656460749185,67.95900337420277,345.98522576170825,0.0,47.995765686035156
1742,4.0,3.4144701579528967,-0.5855298420471033,50.85336450453229,67.95900479650585,348.2195211767075,0.0,48.232582092285156
1743,4.0,3.437756573071314,-0.5622434269286858,50.75869231232715,67.95900027778936,350.43173061295715,0.0,48.47111892700195
1744,4.0,3.460737061365762,-0.5392629386342378,50.670518857648496,67.95898840370046,352.6148770009297,0.0,48.71037292480469
1745,4.0,3.483459631490238,-0.5165403685097618,50.58871258478035,67.95897580369055,354.77352116275495,0.0,48.9510383605957
1746,4.0,3.505892906088644,-0.4941070939113561,50.51314892795672,67.95896151080197,356.90468224960347,0.0,49.192691802978516
1747,4.0,3.528025502238946,-0.47197449776105405,50.443697268538536,67.95895805688171,359.0072788838821,0.0,49.4351806640625
1748,4.0,3.549886552310134,-0.45011344768986605,50.38023772945185,67.95895613750267,361.08407864064503,0.0,49.678924560546875
1749,4.0,3.5714355370348385,-0.4285644629651615,50.32262841476756,67.95896612590154,363.1312321894919,0.0,49.92333984375
1750,4.0,3.592686842447172,-0.40731315755282793,50.27075798130409,67.9589662324085,365.15010620366365,0.0,50.168636322021484
1751,4.0,3.613606054403285,-0.38639394559671514,50.22448903028802,67.9589751856259,367.13743133949436,0.0,50.414310455322266
1752,4.0,3.6342284119776576,-0.36577158802234244,50.18368655396136,67.95897738894081,369.09655530905974,0.0,50.66082763671875
1753,4.0,3.654522809343816,-0.345477190656184,50.14824502567591,67.95898258685763,371.0245230588448,0.0,50.907751470804214
1754,4.0,3.6745072311230973,-0.3254927688769027,50.118023843694274,67.95898594167181,372.9230431278765,0.0,51.15528917312622
1755,4.0,3.6941486130597534,-0.3058513869402466,50.092905257800886,67.95899408185673,374.7889744118589,0.0,51.40295457839966
1756,4.0,3.7134839967234394,-0.28651600327656057,50.07277739584762,67.95898918234978,376.62583585990905,0.0,51.651238203048706
1757,4.0,3.732472676562258,-0.2675273234377422,50.05749106032515,67.9589764438751,378.42976044459675,0.0,51.89950489997864
1758,4.0,3.7511149366498233,-0.24888506335017668,50.046891247816035,67.95896953907672,380.20077515291547,0.0,52.14767813682556
1759,4.0,3.769483379586501,-0.23051662041349896,50.040812175390045,67.95896765079479,381.94577723189985,0.0,52.39666938781738
1760,4.0,3.787529741710048,-0.2124702582899518,50.039023537419105,67.95896060829763,383.66018163363685,0.0,52.64563608169556
1761,4.0,3.805267412115875,-0.19473258788412506,50.04130919138984,67.95897501541633,385.34526032219037,0.0,52.8946008682251
1762,4.0,3.8226960138420827,-0.17730398615791731,50.04744098198643,67.95897224162913,387.00097748618015,0.0,53.143375873565674
1763,4.0,3.839798051472781,-0.1602019485272188,50.05730282597179,67.9589791822598,388.6256710610965,0.0,53.391648292541504
1764,4.0,3.8565974749552256,-0.14340252504477435,50.070885181340515,67.95898116200954,390.22161629192874,0.0,53.63979148864746
1765,4.0,3.873107279967778,-0.12689272003222207,50.08826240070767,67.95897640521919,391.79004776812116,0.0,53.88811492919922
1766,4.0,3.8892763197826397,-0.11072368021736034,50.10950965807795,67.9589657234752,393.32610655053304,0.0,54.13603591918945
1767,4.0,3.9050954185898585,-0.09490458141014146,50.13462663715243,67.95897067417778,394.82892093721887,0.0,54.38347244262695
1768,4.0,3.9205881234341513,-0.0794118765658487,50.16358981559367,67.95897399259322,396.30072789742667,0.0,54.630770683288574
1769,4.0,3.9357278803182605,-0.06427211968173951,50.196277444395655,67.95897592399858,397.739004801417,0.0,54.877469062805176
1770,4.0,3.9505266757212767,-0.04947332427872331,50.232597778321924,67.95897536714368,399.14489036470354,0.0,55.123671531677246
1771,4.0,3.9649954923147392,-0.035004507685260755,50.27238112710119,67.958980559795,400.5194279410825,0.0,55.3693790435791
1772,4.0,3.979133506441814,-0.02086649355818615,50.315529785656665,67.95898049438122,401.8625392831546,0.0,55.614502906799316
1773,4.0,3.9929478510582945,-0.007052148941705472,50.361883194256876,67.95898452354982,403.17490202172024,0.0,55.85899257659912
1774,4.0,4.006447800968967,0.006447800968967243,50.41134901000403,67.95898165566999,403.78743846477454,0.0,56.1028995513916
1775,4.0,4.019650824543206,0.01965082454320566,50.46351479300378,67.95897339882968,405.0417257043272,0.0,56.34603023529053
1776,4.0,4.032575641891652,0.032575641891652296,50.51810378515834,67.9589715413762,406.2695833524296,0.0,56.58835411071777
1777,4.0,4.045223044797113,0.0452230447971127,50.575145894523835,67.9589656285172,407.47108662844835,0.0,56.82992935180664
1778,4.0,4.057576230755088,0.057576230755088,50.63464749001664,67.95897327589783,408.644639294456,0.0,57.070539474487305
1779,4.0,4.069661586898304,0.06966158689830415,50.69657575856317,67.95897021700135,409.79274812806153,0.0,57.310529708862305
1780,4.0,4.081456725349254,0.08145672534925374,50.76089190159089,67.95896873144278,410.91328628090173,0.0,57.549551010131836
1781,4.0,4.092983621073485,0.09298362107348535,50.8275291233874,67.9589707015231,412.0083413747037,0.0,57.787845611572266
1782,4.0,4.104219889218245,0.10421988921824532,50.89642726943268,67.95897671508907,413.07578684845595,0.0,58.0250358581543
1783,4.0,4.11518151454847,0.11518151454847025,50.967511252820124,67.95897251293951,414.1171412548273,0.0,58.26126670837402
1784,4.0,4.125881588166359,0.12588158816635886,51.04069578193282,67.95896435801254,415.1336482485267,0.0,58.49662971496582
1785,4.0,4.1362992952499384,0.13629929524993845,51.115923576854314,67.95895884985549,416.1233304214668,0.0,58.73076629638672
1786,4.0,4.146459538320624,0.14645953832062375,51.193102430374815,67.95895517698293,417.08855351318186,0.0,58.963924407958984
1787,4.0,4.156364584351673,0.15636458435167278,51.27216806705778,67.95895270945535,418.02953288613156,0.0,59.196062088012695
1788,4.0,4.1660084620672295,0.16600846206722952,51.35303364045883,67.95896145707373,418.9457012691094,0.0,59.426992416381836
1789,4.0,4.1754049046594615,0.17540490465946146,51.43562805843603,67.95897550252421,419.83836331537145,0.0,59.65682601928711
1790,4.0,4.184553236949795,0.18455323694979509,51.519867466419015,67.95898517291346,420.70745488295313,0.0,59.88545227050781
1791,4.0,4.193466166583644,0.19346616658364368,51.60568645068639,67.9589857682931,421.5541831981688,0.0,60.112972259521484
1792,4.0,4.202143506565009,0.202143506565009,51.692996909082645,67.95898213873139,422.37853049639847,0.0,60.33927536010742
1793,4.0,4.2106003986140745,0.21060039861407454,51.78172243204244,67.9589828648487,423.1819352410597,0.0,60.564483642578125
1794,4.0,4.218815594000913,0.21881559400091266,51.87177161192517,67.95898774189725,423.9623788028093,0.0,60.788177490234375
1795,4.0,4.22679974312934,0.22679974312934004,51.96307322925751,67.95897592722679,424.7208729700099,0.0,61.01041793823242
1796,4.0,4.234599921965805,0.23459992196580526,52.05556235482889,67.95896723384715,425.46188995947415,0.0,61.2318000793457
1797,4.0,4.2421882675524705,0.24218826755247047,52.14916453289058,67.95896529997029,426.18278279020734,0.0,61.451826095581055
1798,4.0,4.249581867817963,0.24958186781796332,52.24381183242104,67.95896290026278,426.88517481542914,0.0,61.670654296875
1799,4.0,4.256766566192986,0.25676656619298566,52.33944874030988,67.95896369658723,427.5677211610563,0.0,61.888004302978516
1800,4.0,4.263743043086725,0.26374304308672514,52.4360131365717,67.95898351951067,428.2304864659615,0.0,62.10380172729492
1801,4.0,4.270542446361917,0.27054244636191704,52.533475522266514,67.95898579490985,428.87642977710476,0.0,62.31845474243164
1802,4.0,4.277154279985725,0.2771542799857247,52.63176417751066,67.95898576225295,429.5045539713665,0.0,62.531715393066406
1803,4.0,4.283586592708433,0.2835865927084331,52.73085643248604,67.9589904755535,430.11562368002376,0.0,62.7436637878418
1804,4.0,4.289843060969472,0.28984306096947243,52.8306934274512,67.95898524582299,430.7099881648225,0.0,62.95427322387695
1805,4.0,4.29591108406617,0.2959110840661703,52.93123483429767,67.95898051027172,431.2864503590088,0.0,63.163299560546875
1806,4.0,4.301827538975982,0.30182753897598236,53.03244464007225,67.958968876755,431.84851357544096,0.0,63.37123078107834
1807,4.0,4.307561133561377,0.3075611335613768,53.13426540247265,67.95896783366535,432.39320506105344,0.0,63.577526807785034
1808,4.0,4.313125418369404,0.31312541836940433,53.23666958169593,67.95896541486809,432.92181211781605,0.0,63.78234243392944
1809,4.0,4.318532748034973,0.3185327480349729,53.33960882649377,67.95896760330396,433.43550843604504,0.0,63.985790967941284
1810,4.0,4.323780989306716,0.32378098930671584,53.44303692171252,67.95897818378701,433.9340913568606,0.0,64.18777418136597
1811,4.0,4.328883198391612,0.32888319839161184,53.546904102495176,67.95898784926743,434.41880121992574,0.0,64.38841485977173
1812,4.0,4.333833549603935,0.3338335496039351,53.6511831052566,67.95898360976287,434.88908458509644,0.0,64.5875825881958
1813,4.0,4.338629439286388,0.3386294392863878,53.75583778488022,67.95898416948484,435.3446941049295,0.0,64.78518342971802
1814,4.0,4.343288912282736,0.34328891228273584,53.86082661129527,67.95897676120342,435.78734403958254,0.0,64.98142528533936
1815,4.0,4.347801481655815,0.34780148165581526,53.966101807975015,67.9589800355896,436.2160381300251,0.0,65.17608261108398
1816,4.0,4.352179817891917,0.3521798178919173,54.07163839243589,67.95897482911121,436.6319800724548,0.0,65.3693037033081
1817,4.0,4.356430351439713,0.35643035143971336,54.177394520874465,67.95897492001568,437.0357807594954,0.0,65.56112384796143
1818,4.0,4.360551062767943,0.3605510627679429,54.28333549225981,67.95896318293178,437.4272483356772,0.0,65.75146007537842
1819,4.0,4.364538602747468,0.3645386027474684,54.38943567036116,67.95896075201233,437.80606463373215,0.0,65.94021987915039
1820,4.0,4.368413771248989,0.36841377124898944,54.49565625820787,67.95897151212165,438.1742056413766,0.0,66.12765979766846
1821,4.0,4.372168922954624,0.3721689229546241,54.6019710390067,67.95898047287787,438.5309450534119,0.0,66.31362247467041
1822,4.0,4.375810120343353,0.3758101203433526,54.70834253667861,67.95898796563215,438.8768588053411,0.0,66.49814414978027
1823,4.0,4.379328595579225,0.37932859557922516,54.81474127297488,67.95898895248882,439.21111395274903,0.0,66.68104553222656
1824,4.0,4.382738524227308,0.3827385242273076,54.92114183615602,67.95899177332093,439.5350571743169,0.0,66.86250114440918
1825,4.0,4.3860463351374035,0.3860463351374035,55.02753252034861,67.95898652473657,439.84929921077594,0.0,67.0425853729248
1826,4.0,4.389246683508173,0.3892466835081727,55.13386119544868,67.9589863879526,440.153332305999,0.0,67.22114372253418
1827,4.0,4.392351861952395,0.39235186195239535,55.240114082409924,67.95898057640522,440.44832425820016,0.0,67.3983383178711
1828,4.0,4.395350017012606,0.3953500170126061,55.34626784857855,67.95897458896248,440.7331489889202,0.0,67.57394981384277
1829,4.0,4.398251614668815,0.39825161466881465,55.45230309168486,67.95897723622545,441.00880076626004,0.0,67.74810600280762
1830,4.0,4.401059369377758,0.40105936937775777,55.558181837147394,67.95897533892713,441.2755374636096,0.0,67.9207935333252
1831,4.0,4.403775027469052,0.40377502746905236,55.663892197784776,67.95897760378607,441.5335249822826,0.0,68.09201622009277
1832,4.0,4.4063932860099,0.40639328600989977,55.7694069405554,67.95896913417894,441.7822595436631,0.0,68.26165008544922
1833,4.0,4.408929262003875,0.40892926200387514,55.87471781374831,67.95896942256289,442.02317726309076,0.0,68.42991065979004
1834,4.0,4.4113805369770605,0.41138053697706045,55.97979326454002,67.95896954138398,442.25604838554335,0.0,68.59671401977539
1835,4.0,4.413755971028351,0.41375597102835115,56.084612714285065,67.95896671091762,442.48171462041597,0.0,68.76216506958008
1836,4.0,4.416049356444972,0.4160493564449723,56.189167669444736,67.95897601109228,442.69958623499497,0.0,68.92614936828613
1837,4.0,4.41825588261385,0.4182558826138498,56.29343552091413,67.95897911157189,446.88263710586995,0.0,69.08855628967285
1838,4.0,4.420273391951505,0.4202733919515049,56.3989219826835,67.95898576101706,447.07430049294715,0.0,69.24962615966797
1839,4.0,4.421992486214317,0.4219924862143172,56.5068411869588,67.95897780861009,447.2376144479143,0.0,69.40911865234375
1840,4.0,4.423501348474412,0.4235013484744119,56.61625576911093,67.95897451960991,451.40421917313023,0.0,69.56724548339844
1841,4.0,4.424706455502015,0.42470645550201525,56.72808086030239,67.95897954335743,451.51870434075255,0.0,69.72364044189453
1842,4.0,4.425565240721925,0.4255652407219248,56.84309835865388,67.95898306192912,451.60028893664395,0.0,69.87856674194336
1843,4.0,4.426169785157746,0.42616978515774573,56.96006151971239,67.95898203507501,455.7063336170455,0.0,70.03191757202148
1844,4.0,4.426464977856641,0.42646497785664117,57.07967553257928,67.95898167069411,455.7343769234406,0.0,70.18366241455078
1845,4.0,4.426382571905096,0.426382571905096,57.20258318385092,67.95899135098564,455.72654835804383,0.0,70.33347702026367
1846,4.0,4.426051809263524,0.42605180926352393,57.327430652882796,67.9589773101019,459.74261809509795,0.0,70.48171615600586
1847,4.0,4.425416124684173,0.42541612468417256,57.45482171214952,67.95896655674007,459.6822280600596,0.0,70.62819290161133
1848,4.0,4.424427141283939,0.4244271412839389,57.58536376869564,67.95895857054605,459.5882746370374,0.0,70.77284622192383
1849,4.0,4.423186068154395,0.4231860681543953,57.717648433456915,67.95895326767278,463.4906403371975,0.0,70.91552734375
1850,4.0,4.421668661042462,0.42166866104246203,57.85224993983977,67.95895305940256,463.34648666156386,0.0,71.05652236938477
1851,4.0,4.41983108091528,0.4198310809152801,57.989758669931746,67.95895900610282,463.1719165494815,0.0,71.19581604003906
1852,4.0,4.417758975571976,0.41775897557197617,58.12877031307543,67.95897150212521,466.9437768098014,0.0,71.33302688598633
1853,4.0,4.415425324621477,0.4154253246214772,58.269836779117234,67.95898037552162,466.722079969504,0.0,71.46836471557617
1854,4.0,4.412778222226573,0.41277822222657257,58.41351167254467,67.95897338710553,466.4706052419881,0.0,71.60163116455078
1855,4.0,4.4099545803632285,0.4099545803632285,58.5581991168299,67.95897521008338,470.0969277784211,0.0,71.7330551147461
1856,4.0,4.4069107579990145,0.40691075799901455,58.704141417871995,67.95897705113848,469.80776465382075,0.0,71.86219787597656
1857,4.0,4.403636302653415,0.4036363026534149,58.851652448500694,67.95897998655103,469.4966913959888,0.0,71.98924255371094
1858,4.0,4.400258456141466,0.40025845614146593,58.99926813186985,67.95898344315707,469.17579597735363,0.0,72.11445236206055
1859,4.0,4.396837133970097,0.3968371339700969,59.14597761734135,67.95898654940795,468.85077037107357,0.0,72.23756408691406
1860,4.0,4.393428090105627,0.39342809010562707,59.29115261768418,67.95897779937745,468.52691120394894,0.0,72.35872650146484
1861,4.0,4.3900544310958285,0.3900544310958285,59.434353512546416,67.95897057052852,468.2064135980181,0.0,72.47779083251953
1862,4.0,4.386732017939715,0.3867320179397149,59.57530365658185,67.95896805859314,467.8907843481873,0.0,72.59469223022461
1863,4.0,4.383505675081852,0.3835056750818522,59.713846034042994,67.95895807399422,467.5842817766903,0.0,72.70999526977539
1864,4.0,4.380366495801824,0.380366495801824,59.84987158144833,67.95895184796197,467.28605974508764,0.0,72.82343673706055
1865,4.0,4.3773031166335885,0.3773031166335885,59.983340511412386,67.95895509237279,466.99503872410526,0.0,72.93479537963867
1866,4.0,4.374330150602721,0.374330150602721,60.11425631547354,67.95896093422458,466.71260695117286,0.0,73.0443344116211
1867,4.0,4.371446108237767,0.3714461082377669,60.242613621822514,67.95897320162491,466.43862292650226,0.0,73.15203857421875
1868,4.0,4.368656651746885,0.36865665174688456,60.3684313046558,67.95897953179391,466.1736245598684,0.0,73.25804138183594
1869,4.0,4.365956877272449,0.3659568772724491,60.491754827034725,67.95899081610854,465.91714598479706,0.0,73.36233139038086
1870,4.0,4.363340212137665,0.36334021213766476,60.61263807953721,67.95898755993103,465.66856279699255,0.0,73.46487808227539
1871,4.0,4.360810020874324,0.36081002087432434,60.73111422734397,67.95898060646027,465.4281946269752,0.0,73.56579208374023
1872,4.0,4.358340052657347,0.35834005265734703,60.84747234635473,67.95898211464166,465.19354764636233,0.0,73.66499328613281
1873,4.0,4.355914757217035,0.35591475721703514,60.962208531948214,67.95896924349645,464.9631445795327,0.0,73.7628288269043
1874,4.0,4.353484183858881,0.3534841838588809,61.07566400302749,67.95896346435663,464.7322401105081,0.0,73.85887145996094
1875,4.0,4.351044265330393,0.3510442653303931,61.188061503463466,67.9589553689362,464.5004478503017,0.0,73.95332336425781
1876,4.0,4.348583186328232,0.3485831863282316,61.299557056331494,67.95895973058064,464.2666453450964,0.0,74.04617309570312
1877,4.0,4.3461001433658275,0.3461001433658275,61.41026954517382,67.95896501204243,464.03075626366797,0.0,74.1375503540039
1878,4.0,4.3435882455084185,0.3435882455084185,61.5202589661619,67.95897097765432,463.79212596721413,0.0,74.22740936279297
1879,4.0,4.341043069617219,0.34104306961721864,61.62956374440268,67.95898517042977,463.55033425755016,0.0,74.31571960449219
1880,4.0,4.338466806092575,0.3384668060925753,61.738223658331165,67.95898388588662,463.30558922270905,0.0,74.4025650024414
1881,4.0,4.335858716131217,0.3358587161312174,61.846244099336246,67.95898215235798,463.05782067638006,0.0,74.4879379272461
1882,4.0,4.333212484113906,0.3332124841139059,61.95364052845784,67.9589777160841,462.8064286347354,0.0,74.57174682617188
1883,4.0,4.33053202773378,0.33053202773378043,62.060409234380494,67.95897001234545,462.5517852786235,0.0,74.654052734375
1884,4.0,4.3278291932893165,0.3278291932893165,62.16657815523072,67.9589687583882,462.29501600639946,0.0,74.73509216308594
1885,4.0,4.325085919819594,0.32508591981959434,62.272123787744256,67.95897434823584,462.03440502677586,0.0,74.81452383100986
1886,4.0,4.322278762556526,0.3222787625565262,62.37705677405347,67.89735339688895,461.76772508678437,0.0,74.89195215702057
1887,4.0,4.319417078558786,0.31941707855878576,62.4813662745204,67.89007225843476,461.495865106999,0.0,74.9675223827362
1888,4.0,4.316548065344122,0.31654806534412216,62.585034211650274,67.91080660164077,461.22330885160596,0.0,75.04203009605408
1889,4.0,4.313652724242715,0.31365272424271495,62.68807736412834,67.93869576188875,460.9482514469723,0.0,75.11516547203064
1890,4.0,4.310775826274732,0.31077582627473177,62.79047320903197,67.96575055978371,460.6749461400139,0.0,75.18768167495728
1891,4.0,4.307869528175651,0.30786952817565094,62.89223102971153,67.98594186970604,460.3988478206012,0.0,75.2587571144104
1892,4.0,4.304942356547955,0.3049423565479552,62.99333551125921,67.99597728889003,460.1207665159701,0.0,75.32852172851562
1893,4.0,4.301987255492776,0.30198725549277583,63.09381166638972,67.99571528425703,459.8400319157281,0.0,75.39688158035278
1894,4.0,4.299020151700627,0.2990201517006268,63.19363048589106,67.9870930006714,459.55815705547394,0.0,75.46408081054688
1895,4.0,4.296023365476204,0.2960233654762039,63.29279738348001,67.97374530051377,459.2734623641538,0.0,75.52981567382812
1896,4.0,4.2929813029209,0.2929813029209001,63.391302995583125,67.95963773505983,458.9844664213999,0.0,75.59379959106445
1897,4.0,4.289893788661059,0.2898937886610593,63.4891636344084,67.9481137930611,458.691152566715,0.0,75.6560468673706
1898,4.0,4.286795727164851,0.2867957271648507,63.58635021606412,67.94141662108913,458.3968367245752,0.0,75.71713733673096
1899,4.0,4.2836886031380415,0.28368860313804145,63.6828695779855,67.93997450470417,458.10165994202833,0.0,75.77710628509521
1900,4.0,4.280576291816313,0.2805762918163133,63.7787112638234,67.94310538509279,457.80599036646413,0.0,75.83601093292236
1901,4.0,4.277429608647998,0.27742960864799837,63.87389097218759,67.94921218513318,457.5070554654742,0.0,75.89335346221924
1902,4.0,4.274269716442686,0.27426971644268594,63.96838920854685,67.95632120952008,457.20686570596956,0.0,75.9494857788086
1903,4.0,4.271086383016621,0.2710863830166206,64.06219804407851,67.96262827773344,456.9044490304933,0.0,76.00421714782715
1904,4.0,4.26789653775121,0.26789653775121014,64.1553324825646,67.96686490195974,456.6014137302793,0.0,76.0578670501709
1905,4.0,4.264686116501261,0.2646861165012613,64.24777468433915,67.96848801409635,456.2964237115342,0.0,76.11016464233398
1906,4.0,4.2614487140905,0.2614487140905002,64.33953411955625,67.96763246812935,455.9888704825119,0.0,76.16100692749023
1907,4.0,4.258198166859555,0.25819816685955477,64.43059673376074,67.96499567077635,455.6800684955721,0.0,76.21062469482422
1908,4.0,4.254934639401696,0.2549346394016956,64.52096573310298,67.96151203409454,455.37003338707547,0.0,76.25902557373047
1909,4.0,4.251657112399394,0.2516571123993936,64.61064453312427,67.95812495693508,455.05866832185677,0.0,76.30619621276855
1910,4.0,4.248372838625802,0.2483728386258024,64.69960763001387,67.95560168966908,454.7466623133656,0.0,76.35223770141602
1911,4.0,4.245058218444771,0.24505821844477094,64.78788075463336,67.95434510045482,454.4317733961676,0.0,76.39675712585449
1912,4.0,4.241718689673016,0.24171868967301613,64.87543929121297,67.95438601115833,454.1145181628509,0.0,76.43982315063477
1913,4.0,4.238392627704639,0.23839262770463865,64.96229701654178,67.95544730038547,453.798542275855,0.0,76.48214465379715
1914,4.0,4.235046615769958,0.23504661576995822,65.04842942185324,67.95708116304084,453.48067114206043,0.0,76.52309191226959
1915,4.0,4.231695523769105,0.23169552376910474,65.13385300717766,67.95881887745762,453.16231740197935,0.0,76.56295394897461
1916,4.0,4.228321391990614,0.2283213919906144,65.21857206283241,67.96025428996136,452.84177488302277,0.0,76.60141205787659
1917,4.0,4.224949469662259,0.22494946966225893,65.30255692372766,67.96110829352591,452.52144226182895,0.0,76.6388897895813
1918,4.0,4.221558238952995,0.2215582389529951,65.38582404344949,67.96131055643848,452.1992753444489,0.0,76.67501783370972
1919,4.0,4.218165214179581,0.21816521417958068,65.46837630869545,67.96094339838963,451.87693799097457,0.0,76.71011877059937
1920,4.0,4.214758554704491,0.214758554704491,65.55020197485631,67.9601999696073,451.553305340841,0.0,76.74396514892578
1921,4.0,4.211338021358042,0.21133802135804203,65.63130746927656,67.95932818089388,451.2283546729284,0.0,76.77656126022345
1922,4.0,4.207934142797012,0.20793414279701228,65.71167689405966,67.95854922722752,450.9049862096305,0.0,76.80844688415533
1923,4.0,4.204504729421387,0.2045047294213873,65.79131974162694,67.95802068175787,450.57919193894617,0.0,76.83886528015142
1924,4.0,4.201073738216912,0.20107373821691166,65.8702412901854,67.95781100936834,450.253247774521,0.0,76.86826133728033
1925,4.0,4.1976315805682995,0.19763158056829955,65.94842447256472,67.95791426489642,449.92624279790283,0.0,76.89644145965582
1926,4.0,4.194190852328478,0.19419085232847788,66.02585889767562,67.95823194180743,449.59937361511976,0.0,76.92362594604498
1927,4.0,4.190745187904608,0.19074518790460804,66.10257423324983,67.95865585272252,449.27203549485216,0.0,76.94973468780523
1928,4.0,4.187293041847372,0.18729304184737217,66.17854420570072,67.95906325178957,448.94408161941476,0.0,76.9747104644776
1929,4.0,4.183841751402957,0.1838417514029569,66.25377832494281,67.95937072408522,448.6162090271953,0.0,76.99870109558111
1930,4.0,4.180390678786937,0.18039067878693693,66.32827416515988,67.95953836826207,448.2883571286734,0.0,77.02169418334967
1931,4.0,4.17692822157099,0.1769282215709902,66.40203021557647,67.95953497338814,447.95942369315844,0.0,77.04347610473638
1932,4.0,4.1734680908788535,0.1734680908788535,66.47504073184537,67.95940905547933,447.63071127740545,0.0,77.06429481506353
1933,4.0,4.170014714735379,0.17001471473537944,66.54731540244833,67.9592139285458,447.3026405437754,0.0,77.08424568176275
1934,4.0,4.166563547655633,0.16656354765563286,66.6188472680785,67.95899953082963,446.9747796711995,0.0,77.1032390594483
1935,4.0,4.163099769847194,0.16309976984719388,66.68963261176825,67.95882173009537,446.6457207793978,0.0,77.12099838256842
1936,4.0,4.159647870559775,0.15964787055977503,66.7596683986922,67.95871513021152,446.317790347093,0.0,77.13797569274908
1937,4.0,4.156190169228807,0.15619016922880657,66.82896550830115,67.95868472934295,445.989308720651,0.0,77.15385818481451
1938,4.0,4.152739495190524,0.15273949519052366,66.89752239941363,67.95872750288405,445.6614946870141,0.0,77.1688842773438
1939,4.0,4.149284522993948,0.14928452299394834,66.96533431497572,67.9588219675485,445.3332723283395,0.0,77.1828403472901
1940,4.0,4.1458263169763105,0.14582631697631054,67.03239895683524,67.95893792045463,445.00474275666386,0.0,77.1957454681397
1941,4.0,4.14238237527721,0.14238237527720976,67.09871462525992,67.95902435265964,444.67756829524933,0.0,77.20792579650885
1942,4.0,4.13893736643444,0.13893736643444043,67.1642903195303,67.95909199321672,444.3502924551862,0.0,77.21910858154303
1943,4.0,4.135501422764397,0.13550142276439736,67.22910729706051,67.95911983859583,444.02387780653214,0.0,77.22946357727056
1944,4.0,4.1320721995310885,0.1320721995310885,67.29318979171232,67.95910734684608,443.69810159936776,0.0,77.23897743225103
1945,4.0,4.128635241620497,0.128635241620497,67.35653033427253,67.95906853510442,443.3715905978616,0.0,77.24737358093267
1946,4.0,4.125211966865455,0.12521196686545544,67.41912027977803,67.95902100618277,443.04637949613266,0.0,77.25504493713385
1947,4.0,4.121797039984481,0.12179703998448144,67.4809528586333,67.95895940470129,442.72196144244015,0.0,77.26188659667974
1948,4.0,4.118388969227087,0.11838896922708741,67.54205027570707,67.95892464842325,442.3981947204877,0.0,77.26789855957037
1949,4.0,4.114987871890293,0.11498787189029258,67.60240680336616,67.95890860911386,442.0750904734922,0.0,77.27307891845709
1950,4.0,4.111586488135471,0.11158648813547067,67.66200616486975,67.9589113690149,441.7519590167841,0.0,77.27727508544928
1951,4.0,4.108203079159083,0.10820307915908334,67.72086637798138,67.95891736215776,441.4305351640273,0.0,77.28085327148443
1952,4.0,4.104818846276482,0.10481884627648164,67.77899080081873,67.95894048452159,441.1090330401801,0.0,77.28346633911138
1953,4.0,4.101449726174483,0.10144972617448289,67.8363752283488,67.95896538060366,440.7889666304903,0.0,77.28541183471685
1954,4.0,4.098086366368647,0.09808636636864687,67.89301799477676,67.95899322615922,440.46944744893585,0.0,77.28651428222662
1955,4.0,4.094727728713666,0.09472772871366608,67.94891749170357,67.95900119626279,440.15037687171264,0.0,77.28675460815435
1956,4.0,4.091380942692771,0.09138094269277097,68.00407738604672,67.95900436965556,439.83243219972763,0.0,77.28627395629888
1957,4.0,4.088044486634557,0.08804448663455666,68.05849719963608,67.95900027194999,439.51546887419727,0.0,77.28504562377935
1958,4.0,4.084719548537331,0.08471954853733088,68.11218515453815,67.95899464594422,439.1995997549608,0.0,77.28310394287115
1959,4.0,4.081405221245509,0.0814052212455092,68.16512724033952,67.95898096382714,438.88473866223774,0.0,77.28041839599615
1960,4.0,4.078101798802685,0.07810179880268464,68.2173398789124,67.9589725937453,438.57091353016943,0.0,77.27701568603521
1961,4.0,4.074801861053365,0.07480186105336539,68.26881038540601,67.95896748128816,438.2574194439841,0.0,77.27274322509771
1962,4.0,4.071519011738906,0.07151901173890618,68.31955140452386,67.95896184979749,437.94554875911047,0.0,77.26787567138678
1963,4.0,4.068258857475102,0.06825885747510174,68.36956757701981,67.9589685630711,437.635834104049,0.0,77.26252746582037
1964,4.0,4.06499522368193,0.06499522368192956,68.41884755310251,67.95897654032017,437.3257888936977,0.0,77.25619125366217
1965,4.0,4.061747574347726,0.061747574347726264,68.46740307200628,67.95897334696389,437.0172622069484,0.0,77.249252319336
1966,4.0,4.0585089095936615,0.05850890959366151,68.5152281775588,67.95896519640031,436.7095890553122,0.0,77.24157333374029
1967,4.0,4.055286622872212,0.0552866228722122,68.56232448556511,67.95895921228642,436.4034718167745,0.0,77.23329925537115
1968,4.0,4.052075528704365,0.05207552870436505,68.60869614695237,67.95895518091933,436.09841787082905,0.0,77.2243385314942
1969,4.0,4.048880833061604,0.04888083306160418,68.65434096489957,67.95895247478208,435.79492178476676,0.0,77.21479034423834
1970,4.0,4.045700476835125,0.04570047683512524,68.69926786671721,67.95895064119705,435.4927879432513,0.0,77.20462799072271
1971,4.0,4.042535356412586,0.042535356412585656,68.74347302522106,67.95896710232695,435.19210150311,0.0,77.19386672973638
1972,4.0,4.039377780188553,0.03937778018855287,68.7869594336284,67.95897204768572,434.89213176182693,0.0,77.18236541748053
1973,4.0,4.036252753059329,0.036252753059328846,68.8297342618511,67.95898374700963,434.59525418455064,0.0,77.17061233520513
1974,4.0,4.033135931494785,0.033135931494785,68.87179510969003,67.95899520055393,434.29915613591896,0.0,77.1581420898438
1975,4.0,4.030018836055091,0.030018836055091036,68.91314534786821,67.9589975483335,434.00303206914805,0.0,77.14479827880865
1976,4.0,4.026919682821536,0.026919682821535673,68.95379198289793,67.95898981063395,433.70861251196027,0.0,77.13093948364263
1977,4.0,4.023845711854232,0.02384571185423212,68.99372815653258,67.9589789411479,433.41658527006643,0.0,77.11669921875006
1978,4.0,4.020777257252628,0.020777257252627912,69.03295441621535,67.9589670834203,433.12508208291405,0.0,77.10170364379888
1979,4.0,4.017729511825666,0.0177295118256664,69.07148464836848,67.95897159161433,432.8355462673527,0.0,77.08626174926763
1980,4.0,4.014701088332391,0.01470108833239081,69.109306345073,67.95896494733904,432.5478460354915,0.0,77.07033538818365
1981,4.0,4.011690511552755,0.011690511552754579,69.14643593600175,67.95895988366068,432.26184124142605,0.0,77.0539169311524
1982,4.0,4.008685273146615,0.00868527314661538,69.18287141319882,67.95896874646053,431.97634359284285,0.0,77.03676605224615
1983,4.0,4.005708507708914,0.00570850770891429,69.21860898995807,67.95897558864027,431.6935508762612,0.0,77.01932525634771
1984,4.0,4.00274611004425,0.002746110044250294,69.25365708880555,67.95897981273522,431.4121230981182,0.0,77.00133514404303
1985,4.0,3.999800983649923,-0.00019901635007713026,69.28801843757289,67.95898027539862,431.1902380027735,0.0,76.98285675048834
1986,4.0,3.9968777012551646,-0.0031222987448353834,69.32170796893169,67.95897610741594,430.9125261752715,0.0,76.96399688720709
1987,4.0,3.993968232772811,-0.006031767227189011,69.35475994397308,67.95897328862728,430.63612666944795,0.0,76.9446411132813
1988,4.0,3.991072482665672,-0.008927517334328172,69.38716052251588,67.95897143026639,430.3610304092697,0.0,76.92477416992193
1989,4.0,3.988190110386976,-0.011809889613024094,69.41891387890755,67.95897022971049,430.0872050427936,0.0,76.90439605712896
1990,4.0,3.9853314898461,-0.014668510153899916,69.44999601882657,67.95896300391003,429.8156360914104,0.0,76.88368225097662
1991,4.0,3.9824883661196204,-0.017511633880379573,69.48042482045426,67.95897246420034,429.5455393373948,0.0,76.86249542236334
1992,4.0,3.979674033097287,-0.020325966902713155,69.51018028021193,67.95897703669742,429.27817770027315,0.0,76.84107208251959
1993,4.0,3.9768750101297594,-0.023124989870240586,69.53928194583874,67.95897884939384,429.01227051835804,0.0,76.8191757202149
1994,4.0,3.974084386034154,-0.025915613965846074,69.56772231273592,67.95898216491615,428.7471612292755,0.0,76.79666639305657
1995,4.0,3.9713204854762396,-0.028679514523760385,69.59551029585269,67.95897792023335,428.4845906762736,0.0,76.77390992641455
1996,4.0,3.9685769608649775,-0.031423039135022535,69.62263953930324,67.95898167821481,428.2239558382037,0.0,76.7507786750794
1997,4.0,3.9658547934564883,-0.03414520654351172,69.64910822206693,67.95897181088156,427.96534993439724,0.0,76.72729158401495
1998,4.0,3.9631528265147598,-0.03684717348524025,69.67493326698897,67.95897949037551,427.70866307493304,0.0,76.70344686508184
1999,4.0,3.9604696410683737,-0.039530358931626264,69.70011539526068,67.95897400111451,427.45376045752636,0.0,76.67921972274786
2000,4.0,3.957813084975462,-0.042186915024537974,69.72464957471331,67.95896948751403,427.20138762869976,0.0,76.6547584533692
2001,4.0,3.955162169617101,-0.044837830382899124,69.7485482392801,67.95896760039541,426.9495506696555,0.0,76.62967205047613
2002,4.0,3.952550783304437,-0.04744921669556312,69.7718015862125,67.95896401798304,426.7014689699524,0.0,76.60460805892944
2003,4.0,3.949951122098647,-0.05004887790135282,69.79443608489181,67.95896726662478,426.45450115540234,0.0,76.57905864715576
2004,4.0,3.947369377033256,-0.052630622966744145,69.81643430938456,67.95897937167187,426.2092353741902,0.0,76.55312633514404
2005,4.0,3.9448242480081506,-0.05517575199184943,69.83780699223546,67.9589873811728,425.9674481168052,0.0,76.52718734741211
2006,4.0,3.942278690078008,-0.05772130992199198,69.85856955429821,67.95899273924734,425.72562011344166,0.0,76.50054168701172
2007,4.0,3.939775974237144,-0.060224025762856126,69.87869404704158,67.95899629184586,425.48786210855957,0.0,76.47399997711182
2008,4.0,3.9372841875386166,-0.06271581246138336,69.89821585286552,67.9589986108394,425.25114237219947,0.0,76.44698333740234
2009,4.0,3.9348086376905638,-0.06519136230943623,69.91713794766929,67.95897956751153,425.01596513663446,0.0,76.41959953308105
2010,4.0,3.932368191015787,-0.06763180898421295,69.93544297823557,67.95896674127884,424.7841227025306,0.0,76.39219760894775
2011,4.0,3.929951568996896,-0.0700484310031042,69.95314747851293,67.95896737358865,424.554543610736,0.0,76.36457824707031
2012,4.0,3.9275437419052253,-0.07245625809477474,69.97026340139307,67.9589678244667,424.3258000370273,0.0,76.33646392822266
2013,4.0,3.925164422088625,-0.07483557791137496,69.98677831895607,67.95896809529351,424.09976465445027,0.0,76.30822563171387
2014,4.0,3.9228252941320614,-0.07717470586793862,70.00271156697828,67.95897196376663,423.8775474985767,0.0,76.28011322021484
2015,4.0,3.9204758856948048,-0.07952411430519524,70.0180592892342,67.95897379558905,423.6543536970373,0.0,76.25114250183105
2016,4.0,3.9181596452864524,-0.08184035471354756,70.03283081741148,67.95897066023481,423.43431085824386,0.0,76.22216987609863
2017,4.0,3.9158765274392464,-0.08412347256075359,70.04702206004598,67.95897196659521,423.21741466275927,0.0,76.19319152832031
2018,4.0,3.9136329900873243,-0.08636700991267565,70.06064411156976,67.95896877383763,423.00427861432667,0.0,76.16434669494629
2019,4.0,3.9113665481030324,-0.08863345189696759,70.07370430645463,67.95896970585407,422.78896662581894,0.0,76.13442859053612
2020,4.0,3.909143456828831,-0.09085654317116898,70.08620973674488,67.95897500284381,422.57777295476984,0.0,76.10473561286926
2021,4.0,3.9069523203480174,-0.09304767965198257,70.09814252587846,67.95898387468101,422.36961498909255,0.0,76.07502794265747
2022,4.0,3.9047924906844313,-0.09520750931556865,70.10952264029153,67.9589753930808,422.16443117105183,0.0,76.04531598091125
2023,4.0,3.902649176661326,-0.09735082333867418,70.12036524727337,67.95896964672212,421.96081633885683,0.0,76.01532936096191
2024,4.0,3.900510716828443,-0.09948928317155703,70.13066400563848,67.9589657951355,421.75766265473294,0.0,75.98483514785767
2025,4.0,3.898397487973009,-0.10160251202699122,70.14042718916818,67.9589632379599,421.5569059134667,0.0,75.95424032211304
2026,4.0,3.8963142447963244,-0.10368575520367562,70.14964126785786,67.958961553152,421.3589978116817,0.0,75.92362403869629
2027,4.0,3.894267562158782,-0.10573243784121811,70.15832202355337,67.95896047025771,421.16456296111517,0.0,75.89313268661499
2028,4.0,3.892245032226894,-0.107754967773106,70.16648123499402,67.95895974873332,420.97242261758583,0.0,75.86253833770752
2029,4.0,3.890256669794292,-0.10974333020570803,70.17412658606109,67.95896985124362,420.78352818648864,0.0,75.83204555511475
2030,4.0,3.888260852402211,-0.11173914759778913,70.18125650134104,67.95898194060499,420.5939255342409,0.0,75.80084228515625
2031,4.0,3.8862883481400723,-0.11371165185992771,70.18788700076385,67.95898705909865,420.4065376293377,0.0,75.76954650878906
2032,4.0,3.8843450309726437,-0.11565496902735628,70.19401623533192,67.95898910981184,420.22192249843204,0.0,75.73827171325684
2033,4.0,3.882434714705012,-0.117565285294988,70.1996389090944,67.95899577432436,420.040442453007,0.0,75.70708751678467
2034,4.0,3.8805471866113526,-0.11945281338864744,70.20475133131987,67.9589905871775,419.8611272841094,0.0,75.67579174041748
2035,4.0,3.878685962412419,-0.12131403758758097,70.20936338055527,67.95898901268477,419.6843109852107,0.0,75.64446449279785
2036,4.0,3.8768482297797426,-0.12315177022025736,70.21348975337533,67.95897906548267,419.50972638510643,0.0,75.61306762695312
2037,4.0,3.875038048099212,-0.12496195190078785,70.21713852280983,67.95897222502077,419.33775912545605,0.0,75.58168983459473
2038,4.0,3.873256143518741,-0.12674385648125908,70.22031882286785,67.95896135595943,419.16847819031125,0.0,75.55035591125488
2039,4.0,3.8714985565186972,-0.12850144348130277,70.22302726578188,67.9589584724915,419.0015074253071,0.0,75.51898574829102
2040,4.0,3.8697652358140013,-0.13023476418599866,70.22527473455331,67.95896110055773,418.836841958361,0.0,75.48759078979492
2041,4.0,3.868059267362915,-0.13194073263708495,70.22706134503389,67.95896493666399,418.6747749555078,0.0,75.45623207092285
2042,4.0,3.8663768790070105,-0.13362312099298945,70.2283981361907,67.95897003274584,418.5149480616969,0.0,75.42484855651855
2043,4.0,3.8647190837916985,-0.13528091620830152,70.2292927376841,67.95898181665157,418.3574575162422,0.0,75.39346885681152
2044,4.0,3.8630877883935213,-0.1369122116064787,70.22974189450153,67.95898948776203,418.2024844534154,0.0,75.36212730407715
2045,4.0,3.8614795112586253,-0.13852048874137468,70.22975678520312,67.95900018508934,418.0496981256003,0.0,75.33076858520508
2046,4.0,3.859892850284222,-0.14010714971577798,70.22934280927942,67.95899018366383,417.898965333032,0.0,75.29937171936035
2047,4.0,3.858332365321403,-0.14166763467859722,70.22850187008883,67.95897853572042,417.75071926156414,0.0,75.26802825927734
2048,4.0,3.856795248160695,-0.14320475183930492,70.22724365223803,67.95896538583841,417.6046931312969,0.0,75.2366943359375
2049,4.0,3.8552784844372185,-0.14472151556278146,70.22556737481473,67.95895257642476,417.46060057756665,0.0,75.2053108215332
2050,4.0,3.8537844447694183,-0.14621555523058172,70.22348995274356,67.95895584375815,417.3186668091256,0.0,75.17394256591797
2051,4.0,3.8523180396814896,-0.14768196031851044,70.22099452509242,67.9589631023876,417.1793583257724,0.0,75.14266777038574
2052,4.0,3.850870232631742,-0.14912976736825811,70.21810814537226,67.95896359858735,417.04181665604636,0.0,75.1113395690918
2053,4.0,3.8494435511775036,-0.1505564488224964,70.21482890482413,67.95897037202464,416.9062819178937,0.0,75.08000564575195
2054,4.0,3.848040737782602,-0.1519592622173982,70.211158129319,67.9589723684185,416.77301464537805,0.0,75.04872131347656
2055,4.0,3.84665764786044,-0.15334235213956005,70.20709613169117,67.95898814497224,416.64162110277266,0.0,75.01740646362305
2056,4.0,3.8453058605041006,-0.15469413949589939,70.20265972214493,67.95610929101802,416.5132013039204,0.0,74.9863052368164
2057,4.0,3.843976529357632,-0.156023470642368,70.19786368851227,67.95337129380914,416.3869148450059,0.0,74.95526123046875
2058,4.0,3.8426736357711393,-0.1573263642288607,70.19270291780919,67.9517935863906,416.2631399542891,0.0,74.92434692382812
2059,4.0,3.841374790817432,-0.15862520918256795,70.1871750969603,67.9499088010302,416.13974968368694,0.0,74.89312362670898
2060,4.0,3.840110428733127,-0.1598895712668731,70.18128511908604,67.94499888993256,416.01963528567796,0.0,74.86219024658203
2061,4.0,3.8388849173164585,-0.16111508268354147,70.17505310636199,67.94150030551785,415.90321170109445,0.0,74.8316535949707
2062,4.0,3.83770719551802,-0.16229280448198002,70.16845861759592,67.94051423550374,415.7913281302428,0.0,74.80166625976562
2063,4.0,3.8365286502829856,-0.16347134971701438,70.16153150561986,67.93939260703532,415.6793663329145,0.0,74.77131271362305
2064,4.0,3.8353895883356524,-0.16461041166434764,70.15427179584329,67.93642583927172,415.5711554479179,0.0,74.74137878417969
2065,4.0,3.8342599876752548,-0.16574001232474522,70.14668425181502,67.93488603656404,415.4638433851801,0.0,74.71128463745117
2066,4.0,3.833152245009837,-0.16684775499016302,70.13877467912711,67.93523622392765,415.3586078319654,0.0,74.68127822875977
2067,4.0,3.832045442729124,-0.16795455727087605,70.13056379463468,67.93469101302503,415.2534616152977,0.0,74.65097427368164
2068,4.0,3.830968977422436,-0.1690310225775642,70.12203305094295,67.93142466406276,415.1511974111623,0.0,74.62092590332031
2069,4.0,3.829943252083688,-0.1700567479163122,70.11318895286905,67.9290265879863,415.0537535039812,0.0,74.59153747558594
2070,4.0,3.8289427354145813,-0.1710572645854187,70.1040578996044,67.9282654485216,414.9587044204161,0.0,74.56233978271484
2071,4.0,3.8279328317106813,-0.17206716828931867,70.09462399378033,67.92672308336952,414.8627635685456,0.0,74.53264236450195
2072,4.0,3.8269247086772262,-0.17307529132277377,70.08489771483536,67.92264191994592,414.76699188036736,0.0,74.5026741027832
2073,4.0,3.8259216238664253,-0.17407837613357469,70.07490532702427,67.91986779016236,414.6716988233413,0.0,74.47252655029297
2074,4.0,3.8249350301324245,-0.17506496986757547,70.06462715793437,67.91914335493429,414.57797241861124,0.0,74.44240188598633
2075,4.0,3.824002941510788,-0.17599705848921188,70.05405982803222,67.91800021141805,414.48942399955575,0.0,74.41303634643555
2076,4.0,3.8230865996501584,-0.1769134003498416,70.04321321440372,67.91438364832503,414.40237152279593,0.0,74.38368606567383
2077,4.0,3.8221847689636403,-0.17781523103635966,70.03209192457534,67.91214808089232,414.3166976075767,0.0,74.35433197021484
2078,4.0,3.8213108426090594,-0.1786891573909406,70.02071641700687,67.9118605922778,414.23367460389153,0.0,74.32525634765625
2079,4.0,3.820428050165883,-0.17957194983411684,70.00908120260506,67.91104375339246,414.1498093217898,0.0,74.29573822021484
2080,4.0,3.819605599007141,-0.18039440099285908,69.99718690934706,67.90744268399901,414.0716764617093,0.0,74.26712417602539
2081,4.0,3.8188113207894157,-0.18118867921058435,69.98503369938777,67.9050701310585,413.99622003102536,0.0,74.23878860473633
2082,4.0,3.8180188989170567,-0.1819811010829433,69.97263279325242,67.90455438415668,413.9209399531513,0.0,74.21023178100586
2083,4.0,3.817233181808779,-0.18276681819122098,69.96002111212802,67.90351592216987,413.8462968278649,0.0,74.18158721923828
2084,4.0,3.8164782731321596,-0.1835217268678404,69.94716703643986,67.89963177047471,413.77458050358604,0.0,74.15328979492188
2085,4.0,3.8157626663095394,-0.18423733369046058,69.93406982573933,67.89709656879313,413.7065978554371,0.0,74.12550354003906
2086,4.0,3.8150630318475844,-0.18493696815241556,69.92075055926173,67.89651741561936,413.64013258155137,0.0,74.09779739379883
2087,4.0,3.814343511135888,-0.18565648886411212,69.9072220194451,67.89566525024465,413.57177811394024,0.0,74.06948852539062
2088,4.0,3.8136307163131145,-0.18636928368688555,69.89347913308083,67.89499312138076,413.50406260577677,0.0,74.0410885810852
2089,4.0,3.812953045423993,-0.18704695457600717,69.87952296868656,67.89522500647855,413.4396838713102,0.0,74.01314997673035
2090,4.0,3.8122769446375013,-0.18772305536249867,69.86536038359544,67.89589109234765,413.3754542965935,0.0,73.98502850532532
2091,4.0,3.8116247066086224,-0.1883752933913776,69.85098605503953,67.89672528323983,413.31349168385003,0.0,73.95715117454529
2092,4.0,3.810974947115904,-0.1890250528840962,69.83642467833351,67.89812523876206,413.25176453204176,0.0,73.92912912368774
2093,4.0,3.810357297116328,-0.1896427028836718,69.82165221364276,67.89920625437155,413.19308778208205,0.0,73.90151166915894
2094,4.0,3.8097608823489977,-0.19023911765100232,69.80667871191592,67.89970937063742,413.13642837918565,0.0,73.87409830093384
2095,4.0,3.8091752401869665,-0.19082475981303348,69.79153424063863,67.89961891122053,413.0807923737927,0.0,73.84671783447266
2096,4.0,3.8086243884608915,-0.19137561153910854,69.77618717887268,67.89905676077387,413.02846145981556,0.0,73.81980228424072
2097,4.0,3.808109176499139,-0.19189082350086117,69.76066188449617,67.8982716120879,412.97951632344905,0.0,73.79339352250099
2098,4.0,3.807591086837692,-0.1924089131623079,69.74495838447459,67.89746445474402,412.93029780561164,0.0,73.76674497127533
2099,4.0,3.807080296334616,-0.19291970366538402,69.7291010553194,67.89683141988698,412.8817727078194,0.0,73.74007964134216
2100,4.0,3.8066216046862826,-0.19337839531371737,69.71307463227429,67.89649347904214,412.83819700122774,0.0,73.71424889564514
2101,4.0,3.8061630485231372,-0.19383695147686275,69.69687927675145,67.89646893818202,412.7946341657289,0.0,73.68824625015259
2102,4.0,3.8057270123496614,-0.19427298765033862,69.68052817784805,67.89669476006783,412.75321072924874,0.0,73.6625189781189
2103,4.0,3.8053046827914656,-0.1946953172085344,69.66403969182883,67.89707572005943,412.7130894212201,0.0,73.63691568374634
2104,4.0,3.8049152094168024,-0.1950847905831976,69.64739141720699,67.89749770140682,412.6760894506271,0.0,73.61178302764893
2105,4.0,3.804533991812854,-0.1954660081871462,69.63060127018103,67.89786020938469,412.63987377825197,0.0,73.58666372299194
2106,4.0,3.8041593036964914,-0.19584069630350864,69.61369097986041,67.89810159836253,412.60427840719757,0.0,73.56154727935791
2107,4.0,3.803845244271664,-0.19615475572833585,69.59663787854397,67.8981695621235,412.57444276183895,0.0,73.53745555877686
2108,4.0,3.803525306328119,-0.19647469367188108,69.57945932531995,67.89810567741856,412.54404865720215,0.0,73.51312065124512
2109,4.0,3.8032083543062782,-0.19679164569372176,69.56216368866474,67.83370689350869,412.5139382151273,0.0,73.4887228012085
2110,4.0,3.8028925024760554,-0.19710749752394463,69.54475025605655,67.82599528921241,412.4839322912561,0.0,73.46422481536865
2111,4.0,3.802610929243911,-0.1973890707560888,69.52723264204687,67.84770575072491,412.45718283420246,0.0,73.44028186798096
2112,4.0,3.8023498917971024,-0.19765010820289763,69.50960067792742,67.87684909599867,412.4323842767556,0.0,73.41661739349365
2113,4.0,3.802136853647551,-0.19786314635244917,69.49186465958051,67.90512458353143,412.4121456525482,0.0,73.39377212524414
2114,4.0,3.8019549878197014,-0.19804501218029857,69.4740311171103,67.92622396211158,412.39486839890253,0.0,73.37142753601074
2115,4.0,3.8018268387710705,-0.19817316122892947,69.45608865710804,67.93679699161798,412.38269423928256,0.0,73.35000610351562
2116,4.0,3.801703693020202,-0.19829630697979805,69.43808430680012,67.93633131623325,412.3709953929501,0.0,73.32861709594727
2117,4.0,3.8015913079743857,-0.19840869202561429,69.41999608197024,67.92709564723522,412.36031881359753,0.0,73.30734825134277
2118,4.0,3.8014775584007685,-0.1985224415992315,69.40183235494835,67.91293293760943,412.3495126041039,0.0,73.28597450256348
2119,4.0,3.801390009659981,-0.19860999034001914,69.38361741184991,67.8980031964225,412.34119547372904,0.0,73.26505279541016
2120,4.0,3.8012928702310145,-0.19870712976898552,69.36534181396554,67.88584663343276,412.33196722797726,0.0,73.24388313293457
2121,4.0,3.8012014023650016,-0.1987985976349984,69.34699794090052,67.87884529840557,412.323277780706,0.0,73.22275161743164
2122,4.0,3.80112799727566,-0.19887200272434002,69.32861276669203,67.87740354377532,412.31630429721855,0.0,73.20192527770996
2123,4.0,3.8010934933408,-0.19890650665919996,69.31017870538221,67.88079815729407,412.3130264234069,0.0,73.18179702758789
2124,4.0,3.8010577447514984,-0.19894225524850162,69.29168751475325,67.88733820075778,412.3096303074232,0.0,73.16158485412598
2125,4.0,3.8010391017207916,-0.19896089827920838,69.27315881395639,67.8949222583446,412.3078592195061,0.0,73.14166259765625
2126,4.0,3.8010572000835405,-0.19894279991645947,69.25458554423831,67.90167920425105,412.30957856396725,0.0,73.12240028381348
2127,4.0,3.8010767324357797,-0.1989232675642203,69.23597368634687,67.90619638103753,412.31143413742996,0.0,73.10312461853027
2128,4.0,3.801110740299007,-0.19888925970099303,69.21734229253961,67.90789232446019,412.3146648844365,0.0,73.0841064453125
2129,4.0,3.8011720038516703,-0.1988279961483297,69.1986774935495,67.90693542319242,412.32048492193957,0.0,73.06557655334473
2130,4.0,3.8012351482819327,-0.19876485171806735,69.17997906543953,67.90405632095255,412.3264836428145,0.0,73.04704666137695
2131,4.0,3.801308240299454,-0.1986917597005462,69.16128271174487,67.90026625930759,412.33342738447897,0.0,73.0287094116211
2132,4.0,3.801409419434186,-0.1985905805658139,69.14256752107957,67.89661780818317,412.3430394022786,0.0,73.01089096069336
2133,4.0,3.8015917612930106,-0.19840823870698943,69.12256178822263,67.89390242557171,412.3603618788669,0.0,72.99326705932617
2134,4.0,3.801843904938679,-0.19815609506132104,69.1013037013497,67.89255071406545,412.38431552520535,0.0,72.97565841674805
2135,4.0,3.8021196291162647,-0.19788037088373533,69.07980782271918,67.89260334992044,412.410509322076,0.0,72.95824813842773
2136,4.0,3.8024521214275047,-0.19754787857249534,69.0573924136911,67.89376644661357,412.4420960916438,0.0,72.94095230102539
2137,4.0,3.8029513327109434,-0.19704866728905657,69.03240586454457,67.89555561866383,412.4895211635705,0.0,72.92413330078125
2138,4.0,3.803568733543192,-0.1964312664568082,69.00550182642641,67.89746787619096,412.5481742426341,0.0,72.90754699707031
2139,4.0,3.804183986323187,-0.19581601367681278,68.97862020058187,67.8990299937209,412.60662325673366,0.0,72.89093399047852
2140,4.0,3.8049010645091212,-0.19509893549087876,68.95023405912731,67.89996092750063,412.6747456843974,0.0,72.87467193603516
2141,4.0,3.8058343334652878,-0.19416566653471223,68.91864352894149,67.90017178637258,412.7634062352332,0.0,72.85914993286133
2142,4.0,3.806796376984213,-0.19320362301578697,68.8865910788599,67.89977103288197,412.8548003695311,0.0,72.84367370605469
2143,4.0,3.807791384133946,-0.1922086158660541,68.85490006288141,67.89895212952636,412.9493260487557,0.0,72.82919311523438
2144,4.0,3.808885854998589,-0.1911141450014111,68.82130219051479,67.89799119776916,413.05330078089685,0.0,72.81457901000977
2145,4.0,3.8101634737244123,-0.18983652627558767,68.78510913858308,67.89713097545588,413.1746745598501,0.0,72.80069732666016
2146,4.0,3.81151280471023,-0.18848719528976998,68.74840349564876,67.89655270085788,413.30286100350276,0.0,72.78761672973633
2147,4.0,3.812847928531152,-0.18715207146884794,68.71196905571892,67.8963229272427,413.42969776649034,0.0,72.7745246887207
2148,4.0,3.8143332715767237,-0.18566672842327625,68.67366916293452,67.89641822180891,413.57080535581963,0.0,72.76229476928711
2149,4.0,3.816002433509619,-0.18399756649038101,68.63267228504708,67.89676248810805,413.72937573944466,0.0,72.75067901611328
2150,4.0,3.8177344812996936,-0.18226551870030638,68.59114616172288,67.89722423817908,413.8939202795018,0.0,72.73966217041016
2151,4.0,3.819470493055624,-0.1805295069443762,68.54993532147112,67.89769153861161,414.05884139631513,0.0,72.7290153503418
2152,4.0,3.8213366837097427,-0.17866331629025733,68.50700667740593,67.8980500475068,414.23612950845643,0.0,72.7189826965332
2153,4.0,3.8234503898092305,-0.17654961019076953,68.46062887959421,67.89823326025454,414.4369315879078,0.0,72.7099494934082
2154,4.0,3.825569638822073,-0.1744303611779272,68.41462320787741,67.89825017795647,414.63826024412776,0.0,72.70136260986328
2155,4.0,3.8276939449328125,-0.17230605506718755,68.36904456258975,67.89810361317015,414.8400693246481,0.0,72.69327163696289
2156,4.0,3.8299855589774223,-0.17001444102257768,68.32132428030182,67.8978797623373,415.057772658886,0.0,72.6860237121582
2157,4.0,3.8324701772666714,-0.16752982273332861,68.2708032845084,67.89763114983295,415.2938113963647,0.0,72.67939376831055
2158,4.0,3.8349699811697713,-0.16503001883022872,68.22076516150818,67.89742750263514,415.53129276715913,0.0,72.67349624633789
2159,4.0,3.837476497771867,-0.16252350222813305,68.17125987791069,67.89730774828907,415.7694118443582,0.0,72.6682243347168
2160,4.0,3.8401444964774183,-0.1598555035225817,68.11977356568946,67.89727353997968,416.0228717213856,0.0,72.66382598876953
2161,4.0,3.84301238477304,-0.15698761522696003,68.06549721346734,67.89733069291995,416.2953211094697,0.0,72.66015243530273
2162,4.0,3.8458826182327503,-0.15411738176724965,68.01181024161556,67.897426278832,416.56799328814213,0.0,72.65706634521484
2163,4.0,3.8487745199575776,-0.15122548004242242,67.95874845845233,67.89754519652863,416.84272395200077,0.0,72.65497207641602
2164,4.0,3.8518219850105124,-0.14817801498948757,67.90384386781156,67.89765956113085,417.13223313202957,0.0,72.65375518798828
2165,4.0,3.8549296909527375,-0.14507030904726248,67.84859316090724,67.89774193921069,417.42746519654094,0.0,72.65321007370949
2166,4.0,3.858037675092068,-0.14196232490793204,67.79433031453003,67.89777300929264,417.72272368977735,0.0,72.65363347530365
2167,4.0,3.861150036001335,-0.1388499639986649,67.74086553941136,67.89775808302832,418.0183979761577,0.0,72.6549015045166
2168,4.0,3.8643523409570326,-0.13564765904296738,67.68688305479806,67.89771288962831,418.322616946949,0.0,72.65721249580383
2169,4.0,3.867533128168802,-0.13246687183119787,67.63415941731972,67.89764333857005,418.6247917320671,0.0,72.66037559509277
2170,4.0,3.8706934714903904,-0.12930652850960955,67.58236300390011,67.89758164152114,418.925024347618,0.0,72.66405868530273
2171,4.0,3.8738582802002135,-0.1261417197997865,67.53131328369611,67.89754172313802,419.22568117505114,0.0,72.6685380935669
2172,4.0,3.8770315161161832,-0.12296848388381676,67.48090024169957,67.8975252747871,419.5271385870683,0.0,72.67377138137817
2173,4.0,3.88022177400282,-0.1197782259971798,67.43107193855258,67.89752783836624,419.8302130862988,0.0,72.67986488342285
2174,4.0,3.8834037968579227,-0.1165962031420773,67.38183484092409,67.89754624657729,420.1325052575335,0.0,72.68635368347168
2175,4.0,3.8866027037454915,-0.11339729625450845,67.33321267683327,67.89757483136952,420.43640141185256,0.0,72.69373512268066
2176,4.0,3.8897931298522734,-0.11020687014772657,67.28523731262057,67.89760812910978,420.73949189199686,0.0,72.70157051086426
2177,4.0,3.89298856599597,-0.10701143400403001,67.23793840739823,67.89763159374601,421.043058325648,0.0,72.71014595031738
2178,4.0,3.896192662605239,-0.10380733739476078,67.19135462369992,67.89764694213264,421.3474475035286,0.0,72.71957302093506
2179,4.0,3.8993775765117107,-0.10062242348828931,67.14551404297009,67.8976459777241,421.6500143246434,0.0,72.7293643951416
2180,4.0,3.902562924466022,-0.09743707553397796,67.10043845223122,67.89763191282164,421.95262238030296,0.0,72.73991203308105
2181,4.0,3.9057257646765358,-0.09427423532346424,67.05613662038444,67.89761574946328,422.25309220030175,0.0,72.75080013275146
2182,4.0,3.908893558144025,-0.09110644185597483,67.01259799313567,67.89760469022384,422.5540325797133,0.0,72.76253128051758
2183,4.0,3.9120599544356,-0.08794004556439994,66.96984095602444,67.89758936575441,422.85484022741286,0.0,72.77500915527344
2184,4.0,3.9152040054653705,-0.08479599453462949,66.92786827168769,67.89758955630998,423.1535250752411,0.0,72.78784942626953
2185,4.0,3.918327006491462,-0.08167299350853785,66.88665347123245,67.89758769139407,423.4502101727198,0.0,72.80105018615723
2186,4.0,3.9214567261607605,-0.07854327383923954,66.84619349740501,67.89759779354551,423.74753354130314,0.0,72.81512641906738
2187,4.0,3.9245704500712586,-0.0754295499287414,66.80649374621049,67.8976086260945,424.0433373128004,0.0,72.82966423034668
2188,4.0,3.927676308585552,-0.07232369141444783,66.76755357236347,67.89761060324379,424.33839387165835,0.0,72.84481620788574
2189,4.0,3.930761801071998,-0.06923819892800198,66.7293438361452,67.89762610249164,424.6315156578707,0.0,72.86032104492188
2190,4.0,3.933846903912806,-0.06615309608719411,66.69189185535089,67.89761766134079,424.92460042774746,0.0,72.8765811920166
2191,4.0,3.936912627762292,-0.0630873722377081,66.65516851847202,67.89761258594632,425.2158441934486,0.0,72.89321517944336
2192,4.0,3.939965766240337,-0.0600342337596631,66.61918044904841,67.89760952888282,425.50589234886286,0.0,72.91035842895508
2193,4.0,3.9430195586385794,-0.05698044136142055,66.58392493058925,67.8976096208763,425.79600262669595,0.0,72.92825508117676
2194,4.0,3.9460384806674615,-0.053961519332538455,66.54938514105126,67.89761423474235,426.0828002194397,0.0,72.94623184204102
2195,4.0,3.949049335108833,-0.05095066489116684,66.5155941436376,67.89761153509572,426.36883139137,0.0,72.96482300758362
2196,4.0,3.9520491729422824,-0.04795082705771758,66.48251840391733,67.89762138926329,426.6538159855477,0.0,72.98393940925598
2197,4.0,3.9550344360322884,-0.044965563967711564,66.45016458381066,67.89761647745229,426.93741597909826,0.0,73.00352478027344
2198,4.0,3.9580137809146843,-0.041986219085315746,66.41852963625001,67.89760687194175,427.2204537429259,0.0,73.02373766899109
2199,4.0,3.960959071552729,-0.03904092844727103,66.38760838286036,67.89759169900408,427.5002563535401,0.0,73.04405546188354
2200,4.0,3.963897107307809,-0.03610289269219091,66.35740213598834,67.897585190797,427.77936975027274,0.0,73.06497621536255
2201,4.0,3.966809569104039,-0.033190430895960965,66.32791014829431,67.89759050737823,428.0560536209146,0.0,73.08616352081299
2202,4.0,3.96971179627445,-0.030288203725549856,66.29912230528925,67.89759908096799,428.33176520210367,0.0,73.10789108276367
2203,4.0,3.972589803965994,-0.027410196034006074,66.27103117823226,67.89759279401625,428.6051759328003,0.0,73.12989521026611
2204,4.0,3.9754421731282408,-0.024557826871759225,66.24364456874653,67.897595795992,428.87615100321375,0.0,73.15216064453125
2205,4.0,3.9782811857807996,-0.02171881421920041,66.21694586084647,67.89760445938373,429.1458572052068,0.0,73.17489719390869
2206,4.0,3.981110121336635,-0.01888987866336489,66.19093484446275,67.89761216558578,429.4146060830112,0.0,73.198166847229
2207,4.0,3.9839122006391867,-0.016087799360813282,66.16561534683164,67.89761911513828,429.6808036167536,0.0,73.22166728973389
2208,4.0,3.9867109005283643,-0.013289099471635701,66.14096621102355,67.89762025357366,429.9466801062255,0.0,73.2458086013794
2209,4.0,3.9894781587976,-0.010521841202399962,66.11700009508625,67.89761563241095,430.2095696418029,0.0,73.27009105682373
2210,4.0,3.992211640641728,-0.007788359358272157,66.09370550772816,67.89761653332808,430.469250416995,0.0,73.29446125030518
2211,4.0,3.9949457566132818,-0.005054243386718227,66.07107255842006,67.89761447122486,430.72899143429265,0.0,73.31954193115234
2212,4.0,3.997640112891866,-0.00235988710813384,66.04911458970227,67.89761411502478,430.9849552807582,0.0,73.34460830688477
2213,4.0,4.000327150043158,0.00032715004315786445,66.02780821549933,67.89760247982036,431.1364732784317,0.0,73.37023162841797
2214,4.0,4.002991874604657,0.0029918746046568856,66.00711621122504,67.89760427464624,431.3896221117741,0.0,73.39609718322754
2215,4.0,4.005622486047664,0.0056224860476641325,65.98699484202528,67.89759885614475,431.6395301988598,0.0,73.42194175720215
2216,4.0,4.0082522909190885,0.008252290919088523,65.96747847471002,67.89760180099259,431.8893616616451,0.0,73.44841575622559
2217,4.0,4.010860010192065,0.010860010192065062,65.9485494271886,67.89759933321842,432.1370949925779,0.0,73.47511100769043
2218,4.0,4.013432932474484,0.013432932474484183,65.93024397024043,67.89759892388028,432.3815226094077,0.0,73.5018367767334
2219,4.0,4.016008951845476,0.016008951845475572,65.91254717309432,67.89760715377851,432.6262444496519,0.0,73.52927207946777
2220,4.0,4.018548212645912,0.018548212645912443,65.89546044129166,67.89761177871677,432.8674742256934,0.0,73.55669021606445
2221,4.0,4.0210436772125995,0.021043677212599476,65.87900524038608,67.89761203836626,433.10454335952863,0.0,73.58398818969727
2222,4.0,4.0235372601043435,0.023537260104343538,65.86315247546784,67.89760551271655,433.34143373424433,0.0,73.61190223693848
2223,4.0,4.0260162130405455,0.026016213040545466,65.8479065536771,67.8976152676037,433.57693426318355,0.0,73.64020538330078
2224,4.0,4.028448867434965,0.028448867434964775,65.83325021375987,67.89760387587778,433.8080364306534,0.0,73.66830062866211
2225,4.0,4.030853526284651,0.03085352628465099,65.8192032695807,67.89760844309191,434.03647902137357,0.0,73.69654655456543
2226,4.0,4.033250462944371,0.03325046294437062,65.80574000549329,67.89760383810277,434.2641880040469,0.0,73.72528648376465
2227,4.0,4.035623765970685,0.035623765970685284,65.79286689261515,67.8976011961846,434.4896517915468,0.0,73.75423812866211
2228,4.0,4.037965218278384,0.03796521827838362,65.78056178184836,67.89760559178677,434.71208976077816,0.0,73.78322792053223
2229,4.0,4.040270455464288,0.04027045546428809,65.76882985867374,67.89760967438846,434.9310872934391,0.0,73.81218338012695
2230,4.0,4.042548739668851,0.042548739668850644,65.75768052751162,67.89760649279442,435.1475242928725,0.0,73.8412857055664
2231,4.0,4.044825271684087,0.04482527168408712,65.74709509492887,67.89760408175668,435.36379483432,0.0,73.87097549438477
2232,4.0,4.047069174262632,0.04706917426263235,65.7370685373952,67.89760754252939,435.57696557928176,0.0,73.90068435668945
2233,4.0,4.049286322826353,0.0492863228263527,65.72758570873401,67.89760490009772,435.7875946928352,0.0,73.93050384521484
2234,4.0,4.051463197170699,0.05146319717069936,65.71865129330493,67.89759985920486,435.99439775554816,0.0,73.9601936340332
2235,4.0,4.053610695216327,0.05361069521632711,65.71024671028079,67.8975868035666,436.19841006988275,0.0,73.98993301391602
2236,4.0,4.055725500884662,0.05572550088466244,65.70239418106377,67.89759016161385,436.39931660837465,0.0,74.01968765258789
2237,4.0,4.057848773085414,0.05784877308541425,65.69506255024598,67.89760028671434,436.60102746744604,0.0,74.05017471313477
2238,4.0,4.059947137504202,0.059947137504202,65.68824305838208,67.89760825664979,436.80037208723087,0.0,74.08077621459961
2239,4.0,4.062014354628301,0.062014354628301405,65.68194439602772,67.8976088059645,436.99675771402036,0.0,74.11138916015625
2240,4.0,4.064044019133609,0.06404401913360935,65.67615086618639,67.89760452165635,437.18957584202457,0.0,74.14188003540039
2241,4.0,4.066047885691834,0.06604788569183384,65.67086421699653,67.89761260839576,437.3799431650559,0.0,74.17246627807617
2242,4.0,4.068016707283589,0.0680167072835891,65.6660742008259,67.89761478225357,437.56698121627267,0.0,74.20296859741211
2243,4.0,4.069961125776253,0.06996112577625269,65.66176687303782,67.89761417578598,437.7517009730757,0.0,74.23356628417969
2244,4.0,4.071875462272339,0.07187546227233899,65.65794534720443,67.89760683205363,437.9335629402039,0.0,74.26416015625
2245,4.0,4.073754972219056,0.07375497221905558,65.65460441365427,67.89760183350764,438.112116385142,0.0,74.29465866088867
2246,4.0,4.075610561866597,0.07561056186659698,65.65172600725046,67.89759432970294,438.2883974016584,0.0,74.32524108886719
2247,4.0,4.077428181412768,0.07742818141276775,65.64932683902995,67.89760287387512,438.4610712585446,0.0,74.35567092895508
2248,4.0,4.07922683456275,0.07922683456274981,65.64739999555741,67.89760132410932,438.63194330779294,0.0,74.38628768920898
2249,4.0,4.080995596850925,0.08099559685092483,65.64590855330698,67.89760066344573,438.7999757251696,0.0,74.41685104370117
2250,4.0,4.082728633234215,0.08272863323421475,65.64486836919913,67.89760428985934,438.9646141815821,0.0,74.44727325439453
2251,4.0,4.084443939680169,0.08444393968016861,65.64426531859034,67.89760481684803,439.1275682939477,0.0,74.47786712646484
2252,4.0,4.086122827873197,0.08612282787319714,65.64409659544708,67.89760579354538,439.2870626722854,0.0,74.5082893371582
2253,4.0,4.087783906085958,0.08778390608595821,65.64434167455448,67.89759956925774,439.4448651024977,0.0,74.53885650634766
2254,4.0,4.089417115739984,0.0894171157399839,65.64500704401148,67.897598241795,439.60002001963016,0.0,74.56939315795898
2255,4.0,4.09102046973847,0.09102046973846978,65.64608381766871,67.89760267828902,439.7523386494863,0.0,74.599853515625
2256,4.0,4.092606736795652,0.09260673679565201,65.64756469557624,67.89760722085303,439.90303401991866,0.0,74.63046264648438
2257,4.0,4.0941601520594935,0.09416015205949346,65.64944709003557,67.89759889726876,440.05060846998356,0.0,74.66093063354492
2258,4.0,4.095697988267142,0.09569798826714226,65.65170183986649,67.8976052510159,440.1967029097102,0.0,74.6915397644043
2259,4.0,4.097209976806029,0.09720997680602927,65.6543456194247,67.89760268748533,440.3403418209045,0.0,74.72212219238281
2260,4.0,4.098691225713898,0.09869122571389788,65.65736594795155,67.89759796799883,440.481060467152,0.0,74.7525749206543
2261,4.0,4.100156465210484,0.1001564652104836,65.66077444527926,67.89759399777454,440.62025821932764,0.0,74.7831802368164
2262,4.0,4.101591676919011,0.10159167691901061,65.66454739689962,67.89759704844153,440.75660333163773,0.0,74.81365585327148
2263,4.0,4.103009372030881,0.1030093720308809,65.66868508353282,67.89760345211096,440.89128436726537,0.0,74.84423065185547
2264,4.0,4.104404964390204,0.10440496439020386,65.6731902979218,67.89760769226754,441.0238656414011,0.0,74.87482452392578
2265,4.0,4.105773397712109,0.1057733977121087,65.67804662235048,67.89761833380473,441.153866806982,0.0,74.90532684326172
2266,4.0,4.107121802663189,0.1071218026631886,65.68326013739025,67.89762778626938,441.2819652773346,0.0,74.93587493896484
2267,4.0,4.108447855876875,0.10844785587687511,65.68881423360871,67.89761684637872,441.40794033263484,0.0,74.9664077758789
2268,4.0,4.109755603871801,0.10975560387180128,65.69470413579825,67.89762271731068,441.53217639215285,0.0,74.99699401855469
2269,4.0,4.111021832841981,0.1110218328419812,65.70093314107599,67.89761904079434,441.6524681443199,0.0,75.02721405029297
2270,4.0,4.112241007900351,0.11224100790035063,65.70749605758536,67.89760508264789,441.768289774865,0.0,75.05696105957031
2271,4.0,4.1134424397974865,0.11344243979748647,65.71435856985532,67.89761027161298,441.8824258050929,0.0,75.08673095703125
2272,4.0,4.114623550364634,0.11462355036463379,65.72154165894655,67.89759878373187,441.9946313089719,0.0,75.11650085449219
2273,4.0,4.115788793703642,0.1157887937036417,65.72902073634752,67.89759173665881,442.10532942617766,0.0,75.14632415771484
2274,4.0,4.116927911914543,0.11692791191454344,65.73681932944865,67.89758688829907,442.21354565621334,0.0,75.17604064941406
2275,4.0,4.118057463973994,0.11805746397399375,65.74490701834091,67.89757721229215,442.32085310186113,0.0,75.20591807365417
2276,4.0,4.119157696918246,0.11915769691824618,65.75329440207885,67.89758525693662,442.4253752315651,0.0,75.23560798168182
2277,4.0,4.120200890570112,0.1202008905701124,65.7619692063902,67.89758590419305,442.5244786284924,0.0,75.26459002494812
2278,4.0,4.121229265876537,0.12122926587653726,65.77091786191896,67.8976086576449,442.6221742826027,0.0,75.29361987113953
2279,4.0,4.122233486446299,0.12223348644629883,65.7801265255002,67.89761264025236,442.7175752367301,0.0,75.32251119613647
2280,4.0,4.123221269429411,0.12322126942941125,65.7896010969083,67.89761397468706,442.8114146201258,0.0,75.35141181945801
2281,4.0,4.124197480620539,0.12419748062053859,65.79934857000251,67.89761878806233,442.90415468328285,0.0,75.38041877746582
2282,4.0,4.125153920382837,0.12515392038283668,65.80935857426469,67.89762103138035,442.9950164607012,0.0,75.40937042236328
2283,4.0,4.126055661731826,0.1260556617318258,65.81962116729792,67.8976155607911,443.08068188885517,0.0,75.43761682510376
2284,4.0,4.12693584646601,0.12693584646600975,65.83014077220415,67.89761088140705,443.16429943860265,0.0,75.46576881408691
2285,4.0,4.127803898629592,0.12780389862959218,65.84087145268961,67.89760765582882,443.246764394143,0.0,75.49394607543945
2286,4.0,4.128656554745178,0.12865655474517812,65.85183653364244,67.89759751329835,443.32776672512364,0.0,75.52211570739746
2287,4.0,4.129495408859107,0.12949540885910693,65.86304216128153,67.89759850989564,443.40745786594687,0.0,75.55031394958496
2288,4.0,4.1302919539850125,0.13029195398501248,65.87448246040809,67.8976031366426,443.4831296529079,0.0,75.57801246643066
2289,4.0,4.131053377354846,0.13105337735484568,65.88614440915389,67.89760189826242,443.55546487304207,0.0,75.60532760620117
2290,4.0,4.131807328358907,0.1318073283589074,65.89800349745958,67.89760917539662,443.6270902184279,0.0,75.632737159729
2291,4.0,4.1325479030090575,0.1325479030090575,65.91006245902062,67.89761462360991,443.69744481019217,0.0,75.66013622283936
2292,4.0,4.13327292538899,0.13327292538899016,65.92233274987565,67.89761927347469,443.76632193628575,0.0,75.68749809265137
2293,4.0,4.133948585842634,0.13394858584263414,65.93480552038832,67.89761500837228,443.8305096793819,0.0,75.71419334411621
2294,4.0,4.134612089016983,0.13461208901698285,65.94747808799877,67.89761594462156,443.8935424809451,0.0,75.74090003967285
2295,4.0,4.135258017334732,0.1352580173347322,65.9603289522859,67.8976106387748,443.95490567113126,0.0,75.76749420166016
2296,4.0,4.13589312203966,0.13589312203966042,65.97334845407408,67.89761214485893,444.0152406180994,0.0,75.79408836364746
2297,4.0,4.136493735689559,0.1364937356895588,65.98655395425894,67.8976052790028,444.0722989148398,0.0,75.82026863098145
2298,4.0,4.137068130812157,0.13706813081215685,65.9999382083447,67.89759442970767,444.1268664514866,0.0,75.84617805480957
2299,4.0,4.137626158277099,0.137626158277099,66.01349856617583,67.89759884014536,444.1798790606561,0.0,75.87199401855469
2300,4.0,4.138175945385834,0.138175945385834,66.02720333955122,67.89760514689303,444.2321088359859,0.0,75.89782905578613
2301,4.0,4.138693625491166,0.13869362549116637,66.04107668857347,67.89760589724682,444.2812884459925,0.0,75.92327308654785
2302,4.0,4.139187405251714,0.1391874052517137,66.05509929892293,67.89761173957667,444.3281975232445,0.0,75.9484541863203
2303,4.0,4.139673309260791,0.13967330926079136,66.06927777173392,67.89760896930497,444.3743584041069,0.0,75.9736738204956
2304,4.0,4.1401389728273355,0.14013897282733545,66.08359877313994,67.89761114370937,444.41859644292856,0.0,75.99868965148926
2305,4.0,4.1405830049883035,0.14058300498830345,66.09804607461179,67.89760931994276,444.4607794982205,0.0,76.02345728874207
2306,4.0,4.140996973100668,0.14099697310066794,66.11263883534777,67.89760745335151,444.5001064688952,0.0,76.04784369468689
2307,4.0,4.141396664173772,0.14139666417377228,66.12736359006055,67.89761304621572,444.53807712084006,0.0,76.0721230506897
2308,4.0,4.141792217528141,0.14179221752814097,66.14221644311316,67.8976072915957,444.5756546895051,0.0,76.09647703170776
2309,4.0,4.142159628455131,0.14215962845513097,66.1571827425073,67.89760704376037,444.6105587275691,0.0,76.12044763565063
2310,4.0,4.142487098172233,0.14248709817223304,66.17226807603753,67.89761014303654,444.64166835069386,0.0,76.14382410049438
2311,4.0,4.1428090929018575,0.1428090929018575,66.18747288741069,67.89760908932277,444.6722578500082,0.0,76.16724014282227
2312,4.0,4.143127784233271,0.143127784233271,66.20278239709276,67.89760689587975,444.70253352649246,0.0,76.19071865081787
2313,4.0,4.143413611771038,0.14341361177103806,66.21818389406056,67.89760447391689,444.7296871425803,0.0,76.21370124816895
2314,4.0,4.143673450765226,0.14367345076522575,66.23368796903173,67.89760803545366,444.75437184702815,0.0,76.23632621765137
2315,4.0,4.143927463382771,0.14392746338277096,66.24930478717681,67.89760640825705,444.77850304569495,0.0,76.25897598266602
2316,4.0,4.144175489868782,0.1441754898687817,66.26500132490224,67.89761251152132,444.80206556186596,0.0,76.28160953521729
2317,4.0,4.144376675583598,0.14437667558359824,66.28077492406175,67.89759944169799,444.82117820477356,0.0,76.30347156524658
2318,4.0,4.14457699324278,0.14457699324278028,66.29663957204568,67.89759162711172,444.8402083823958,0.0,76.32542419433594
2319,4.0,4.144769056226558,0.14476905622655778,66.312589195752,67.89759501555004,444.8584543658547,0.0,76.34732437133789
2320,4.0,4.144930536506076,0.14493053650607557,66.32860430508582,67.89760244593832,444.8737949924089,0.0,76.36873817443848
2321,4.0,4.145068642870007,0.1450686428700072,66.3446758835364,67.89760946188846,444.88691509698236,0.0,76.3897876739502
2322,4.0,4.145205286894923,0.14520528689492274,66.36082777855523,67.89760736801907,444.8998962793494,0.0,76.41090393066406
2323,4.0,4.145333963943936,0.14533396394393616,66.37704489168247,67.8976162802132,444.9121205990056,0.0,76.43194961547852
2324,4.0,4.145419636385873,0.1454196363858733,66.39329879861397,67.89762230297465,444.92025948098967,0.0,76.45224571228027
2325,4.0,4.145505510886498,0.14550551088649843,66.40962995852395,67.8976189941699,444.92841755854903,0.0,76.47263526916504
2326,4.0,4.145584267653552,0.14558426765355215,66.42600989459477,67.89761893945155,444.9358994514192,0.0,76.49295043945312
2327,4.0,4.145627437560972,0.14562743756097163,66.44243451140018,67.89760735418791,444.940000592624,0.0,76.51266098022461
2328,4.0,4.145668334193697,0.1456683341936973,66.45889191622025,67.89759886767523,444.9438857727329,0.0,76.53236770629883
2329,4.0,4.145700173905378,0.14570017390537782,66.47540312639207,67.89759766652175,444.9469105453426,0.0,76.55196952819824
2330,4.0,4.145709613871954,0.14570961387195425,66.49194374671535,67.8975901345361,444.9478073421674,0.0,76.57119178771973
2331,4.0,4.145689296831939,0.14568929683193943,66.50851447982372,67.83526889787869,444.9458772233659,0.0,76.58989906311035
2332,4.0,4.145634737241157,0.14563473724115727,66.52510815977507,67.82807285472734,444.9406940622416,0.0,76.60799980163574
2333,4.0,4.1455827399493845,0.14558273994938453,66.5417439649756,67.84937332294126,444.93575431952326,0.0,76.62619590759277
2334,4.0,4.145517260855863,0.14551726085586303,66.55839622550504,67.87777403622268,444.9295338056387,0.0,76.64416122436523
2335,4.0,4.145462329348659,0.14546232934865877,66.57505354034708,67.90525233042393,444.92431531245427,0.0,76.66232681274414
2336,4.0,4.145420932386853,0.14542093238685272,66.59173571247919,67.9256712503478,444.92038260108274,0.0,76.68077087402344
2337,4.0,4.14540243038225,0.14540243038224965,66.60841806247895,67.93569740324727,444.9186249106454,0.0,76.69963836669922
2338,4.0,4.14536018910804,0.1453601891080396,66.6251110659794,67.93519508357993,444.91461198959547,0.0,76.71807861328125
2339,4.0,4.145268076380596,0.1452680763805958,66.6418210126966,67.92617043145032,444.9058612804883,0.0,76.73561477661133
2340,4.0,4.1451883774642395,0.14518837746423952,66.65854410676243,67.91238363291522,444.8982898834345,0.0,76.7533950805664
2341,4.0,4.145078190352997,0.14507819035299718,66.6752778646061,67.89791357332119,444.88782210786644,0.0,76.77062225341797
2342,4.0,4.144920931710823,0.1449209317108231,66.69200786205013,67.88613629928192,444.8728825368599,0.0,76.78697204589844
2343,4.0,4.1447693367045355,0.1447693367045355,66.70873743400509,67.87922230267874,444.8584810112626,0.0,76.80342483520508
2344,4.0,4.144586530174114,0.14458653017411383,66.72547369884468,67.87792634751133,444.8411143908725,0.0,76.81930541992188
2345,4.0,4.144408408924482,0.14440840892448215,66.7421890052202,67.88129338556527,444.8241928721575,0.0,76.83524703979492
2346,4.0,4.144227902750841,0.14422790275084107,66.75889114703347,67.88769234767902,444.8070447856616,0.0,76.85112762451172
2347,4.0,4.144030358897301,0.1440303588973011,66.77558760199159,67.8950843569433,444.7882781195753,0.0,76.86668395996094
2348,4.0,4.143815670181226,0.1438156701812261,66.79226041841476,67.90161494561384,444.76788269154815,0.0,76.88189315795898
2349,4.0,4.143597654155074,0.14359765415507386,66.80890575393957,67.905977739666,444.74717116906373,0.0,76.89700698852539
2350,4.0,4.143388354939065,0.14338835493906466,66.82553488773279,67.90760405367935,444.72728774354283,0.0,76.91226196289062
2351,4.0,4.143133892539627,0.14313389253962683,66.84213859688985,67.9066609830035,444.7031138155962,0.0,76.9266471862793
2352,4.0,4.142880859136761,0.14288085913676074,66.8587245990535,67.90385204950357,444.679075642324,0.0,76.94103622436523
2353,4.0,4.142631738598171,0.1426317385981708,66.87526603634885,67.9001904193119,444.6554091911579,0.0,76.9554443359375
2354,4.0,4.142361950505147,0.14236195050514677,66.89177853160027,67.89662338824778,444.62977932232064,0.0,76.96943283081055
2355,4.0,4.142073863656599,0.14207386365659858,66.90826716342501,67.8939777294339,444.60241107170856,0.0,76.98305130004883
2356,4.0,4.141788629445372,0.1417886294453723,66.9247020478255,67.89266528297043,444.57531382164206,0.0,76.99665832519531
2357,4.0,4.141492440205045,0.14149244020504526,66.94109741642657,67.89272368352881,444.547175843811,0.0,77.01001358032227
2358,4.0,4.141163982036157,0.141163982036157,66.9574564418637,67.89387527138499,444.5159723177666,0.0,77.02272415161133
2359,4.0,4.140838465688339,0.14083846568833902,66.97377048161205,67.89564148534774,444.4850482647239,0.0,77.03543472290039
2360,4.0,4.140527046920987,0.14052704692098672,66.9900148852119,67.89748479435958,444.45546348182546,0.0,77.04832458496094
2361,4.0,4.140175793909399,0.14017579390939883,67.00621649256367,67.89900938229827,444.4220944457246,0.0,77.06042098999023
2362,4.0,4.139814613184928,0.13981461318492805,67.02237590493918,67.89991066380657,444.3877822768999,0.0,77.07228088378906
2363,4.0,4.139458214494712,0.13945821449471207,67.03847727998891,67.90011299045298,444.3539244013293,0.0,77.08415985107422
2364,4.0,4.13908735726198,0.13908735726197996,67.05451705367636,67.89970988841267,444.3186929642198,0.0,77.09569549560547
2365,4.0,4.138703052986494,0.13870305298649388,67.07048894000815,67.89891014169174,444.28218405804864,0.0,77.10689926147461
2366,4.0,4.138308322233282,0.13830832223328215,67.08641379735194,67.89797779852746,444.2446846364935,0.0,77.11785125732422
2367,4.0,4.137917998526753,0.13791799852675268,67.10225363231781,67.89714093392449,444.2076038843732,0.0,77.1287841796875
2368,4.0,4.137510510365966,0.13751051036596618,67.11802970626499,67.89656896786327,444.1688925090985,0.0,77.13932037353516
2369,4.0,4.137086482226349,0.13708648222634867,67.13374202155649,67.89635596688277,444.1286098358348,0.0,77.14947128295898
2370,4.0,4.136673999150134,0.13667399915013423,67.14938966290592,67.89645450793003,444.08942394359445,0.0,77.15975952148438
2371,4.0,4.136260744870257,0.13626074487025708,67.16494338383741,67.89679874032475,444.0501647870061,0.0,77.169921875
2372,4.0,4.135806191298153,0.13580619129815297,67.18042063227108,67.89726062397969,444.0069821976562,0.0,77.1792221069336
2373,4.0,4.135363779031946,0.1353637790319464,67.19583683188745,67.8977048963355,443.9649530323666,0.0,77.18867492675781
2374,4.0,4.134925462266935,0.13492546226693491,67.21116983276187,67.89803862068784,443.9233129396905,0.0,77.19810485839844
2375,4.0,4.1344784507230745,0.13447845072307452,67.22640830937206,67.89822630981004,443.8808468430238,0.0,77.20726013183594
2376,4.0,4.134006905625283,0.1340069056252826,67.24157077281826,67.89822852394934,443.8360500587336,0.0,77.21586608886719
2377,4.0,4.1335358368142465,0.13353583681424652,67.25664921043814,67.89808577485633,443.7912985216851,0.0,77.22438049316406
2378,4.0,4.133072102958569,0.13307210295856908,67.27164492507477,67.89786207869618,443.7472438053958,0.0,77.2329330444336
2379,4.0,4.132593963157367,0.13259396315736716,67.28653960846592,67.8976309777535,443.7018205242816,0.0,77.24109649658203
2380,4.0,4.13210076145064,0.13210076145063976,67.30135071216996,67.89743281368008,443.6549663621425,0.0,77.2488784790039
2381,4.0,4.131615513168505,0.13161551316850506,67.3160690058846,67.89731150112445,443.60886777533966,0.0,77.25669860839844
2382,4.0,4.131134930562328,0.13113493056232794,67.33070141733475,67.89727645378571,443.56321242775283,0.0,77.2645034790039
2383,4.0,4.13062723262183,0.13062723262182985,67.34522742662017,67.89732777184912,443.51498112340556,0.0,77.27167510986328
2384,4.0,4.130107575577515,0.13010757557751518,67.35965464126195,67.89742885196962,443.4656137041956,0.0,77.27850553393364
2385,4.0,4.129612802298022,0.12961280229802163,67.37398581866051,67.89754994524897,443.41861024264375,0.0,77.28568732738495
2386,4.0,4.129110330514661,0.1291103305146608,67.38823360610077,67.89766015513553,443.3708754232245,0.0,77.2926254272461
2387,4.0,4.1285758532745565,0.12857585327455645,67.40235677285119,67.89773695899922,443.32010008541454,0.0,77.29881739616394
2388,4.0,4.128051182015313,0.12805118201531318,67.41639019478903,67.8977708975511,443.27025631578647,0.0,77.30508589744568
2389,4.0,4.127531933595201,0.12753193359520143,67.4303250763818,67.89776092895525,443.22092771587586,0.0,77.31133890151978
2390,4.0,4.127026661187302,0.1270266611873021,67.44416297005347,67.89771976916592,443.1729268371254,0.0,77.31773853302002
2391,4.0,4.126490299857103,0.12649029985710314,67.45787350649108,67.89766251765053,443.1219725107565,0.0,77.32340574264526
2392,4.0,4.125945539410739,0.12594553941073894,67.47149238446686,67.89759486164465,443.0702202683519,0.0,77.32880640029907
2393,4.0,4.125413911637561,0.125413911637561,67.4850069693633,67.89755132079308,443.0197156299,0.0,77.33432960510254
2394,4.0,4.124889989226568,0.1248899892265678,67.49841767670675,67.89752946820394,442.96994300085566,0.0,77.33987426757812
2395,4.0,4.12434111545465,0.12434111545464965,67.51170497016263,67.89752250146515,442.91779999252344,0.0,77.34480571746826
2396,4.0,4.123784984615485,0.12378498461548482,67.52489234273247,67.89754089604952,442.86496756280275,0.0,77.34948253631592
2397,4.0,4.123241400397526,0.12324140039752596,67.53795936081734,67.89756953603855,442.8133270620967,0.0,77.35425281524658
2398,4.0,4.122696544525663,0.12269654452566314,67.55092991038632,67.8976050456829,442.7615657542697,0.0,77.35888481140137
2399,4.0,4.122141702264617,0.12214170226461718,67.56378106165604,67.89763305674967,442.7088557394703,0.0,77.36318874359131
2400,4.0,4.121583395255901,0.12158339525590112,67.57651588687102,67.89764071737166,442.6558165736423,0.0,77.36729049682617
2401,4.0,4.121023787130113,0.12102378713011319,67.5891347083776,67.89763571689316,442.60265380169244,0.0,77.37123107910156
2402,4.0,4.120468954609072,0.12046895460907159,67.6016502780927,67.8976375629384,442.5499447121935,0.0,77.3751392364502
2403,4.0,4.119922613578252,0.11992261357825207,67.61404652702602,67.89763400436463,442.49804231426566,0.0,77.37906646728516
2404,4.0,4.119349110758635,0.11934911075863486,67.62632356759563,67.89761398752816,442.443559546402,0.0,77.38234329223633
2405,4.0,4.118773774627517,0.11877377462751681,67.63848075953189,67.89760950464844,442.3889026139458,0.0,77.38544464111328
2406,4.0,4.118210729592103,0.11821072959210266,67.6505194724222,67.89759929944621,442.33541333558145,0.0,77.38863754272461
2407,4.0,4.117643933777575,0.11764393377757543,67.66243967917615,67.89758489334595,442.28156773320137,0.0,77.39162063598633
2408,4.0,4.117102490424548,0.11710249042454812,67.67425164532187,67.89757863423284,442.2301306146638,0.0,77.39495277404785
2409,4.0,4.116521406435581,0.11652140643558084,67.68593620831507,67.89758916321647,442.17492763571187,0.0,77.39739036560059
2410,4.0,4.115927990874927,0.11592799087492711,67.69749684111935,67.89759838949976,442.11855315744975,0.0,77.39945060014725
2411,4.0,4.115361195198344,0.11536119519834376,67.70893536705356,67.89761231428243,442.06470756817436,0.0,77.40186810493469
2412,4.0,4.11478982824145,0.11478982824144968,67.72025708866441,67.89762324473824,442.0104277072694,0.0,77.40406250953674
2413,4.0,4.114238223292471,0.11423822329247102,67.73146502840899,67.89762318601649,441.95802523711643,0.0,77.40649509429932
2414,4.0,4.113649551323222,0.1136495513232223,67.74254297076763,67.89762309704588,441.9021014000378,0.0,77.40807819366455
2415,4.0,4.1130627177611325,0.11306271776113253,67.75348695715326,67.8976184480768,441.84635221163927,0.0,77.40953922271729
2416,4.0,4.112496401796947,0.11249640179694698,67.76430844802975,67.89760899138244,441.79255219504165,0.0,77.41124296188354
2417,4.0,4.111915170467037,0.1119151704670367,67.77501723232326,67.89760917993371,441.7373352187002,0.0,77.4125337600708
2418,4.0,4.111361573646865,0.11136157364686472,67.78560285340903,67.89759911430883,441.68474352078385,0.0,77.41420078277588
2419,4.0,4.110772711666488,0.11077271166648828,67.79607555625593,67.89760679418862,441.6288016326481,0.0,77.41507148742676
2420,4.0,4.110182500445689,0.11018250044568934,67.80640311782773,67.89760329103505,441.5727315666722,0.0,77.41574764251709
2421,4.0,4.10960854941239,0.10960854941238996,67.81660734084225,67.89759934574276,441.51820621850874,0.0,77.41658592224121
2422,4.0,4.1090352908425976,0.10903529084259755,67.82669269406286,67.89760813828691,441.4637466543785,0.0,77.41729831695557
2423,4.0,4.10847607306819,0.10847607306819018,67.83665766208443,67.89761355393705,441.41062096580976,0.0,77.41813468933105
2424,4.0,4.107908211846119,0.10790821184611943,67.84650483468714,67.89760865030273,441.35667414971306,0.0,77.41867065429688
2425,4.0,4.107313563627215,0.10731356362721467,67.85622218788423,67.89761352659038,441.3001825689171,0.0,77.41855049133301
2426,4.0,4.106740462429759,0.10674046242975876,67.86579862342367,67.89760797632444,441.2457379551588,0.0,77.41867256164551
2427,4.0,4.106160409195775,0.10616040919577507,67.87525017651453,67.89761059804879,441.19063289793036,0.0,77.41851806640625
2428,4.0,4.105604199063137,0.10560419906313712,67.88457608411379,67.89761556173316,441.13779293532974,0.0,77.41866683959961
2429,4.0,4.105047727245971,0.10504772724597089,67.89378172283766,67.89761044403076,441.08492811269895,0.0,77.41867065429688
2430,4.0,4.104478763296472,0.10447876329647166,67.90287364983439,67.89761882394187,441.0308765374965,0.0,77.41830635070801
2431,4.0,4.1038977097198375,0.10389770971983747,67.91184189381637,67.89760562512929,440.97567644771624,0.0,77.41757011413574
2432,4.0,4.103316605731109,0.10331660573110923,67.92067127388759,67.89759911922609,440.9204715687871,0.0,77.41667175292969
2433,4.0,4.102749526694719,0.10274952669471915,67.92937136038998,67.89759842895808,440.86659906033003,0.0,77.4158878326416
2434,4.0,4.10219383150699,0.10219383150699013,67.93795059992055,67.89759004417586,440.8138080174958,0.0,77.4151782989502
2435,4.0,4.1016413154487035,0.10164131544870347,67.94639914402173,67.89760757729921,440.76131899195855,0.0,77.41437721252441
2436,4.0,4.101099774329065,0.10109977432906536,67.95472838549291,67.89760683765445,440.7098725855929,0.0,77.41364479064941
2437,4.0,4.100510782603178,0.1005107826031777,67.96293199019358,67.89760576467265,440.6539183716336,0.0,77.4118709564209
2438,4.0,4.099947315201453,0.09994731520145272,67.97101960346137,67.89760243381566,440.6003889684697,0.0,77.41044425964355
2439,4.0,4.099390486384642,0.09939048638464243,67.97897255423584,67.89760880897332,440.5474902308727,0.0,77.40898704528809
2440,4.0,4.098828835638431,0.09882883563843059,67.98678986769458,67.89762223930482,440.4941334099826,0.0,77.40728187561035
2441,4.0,4.098286723965802,0.09828672396580185,67.99449290657107,67.89761960867244,440.4426328010829,0.0,77.40581321716309
2442,4.0,4.09773760583855,0.0977376058385504,68.00206290565842,67.89761548134912,440.390466578994,0.0,77.4040584564209
2443,4.0,4.097208577035486,0.09720857703548624,68.00951766013426,67.8976128519822,440.3402088427029,0.0,77.40254974365234
2444,4.0,4.0966566922272785,0.09665669222727846,68.01684260510743,67.89759530808729,440.28777978592314,0.0,77.40045928955078
2445,4.0,4.096093211568614,0.09609321156861395,68.02406035555028,67.89758498198822,440.23424912335,0.0,77.39802551269531
2446,4.0,4.0955442007931575,0.09554420079315751,68.03114367933787,67.89759512266977,440.18209309968165,0.0,77.39570999145508
2447,4.0,4.09499592818193,0.09499592818193037,68.03809590885376,67.89759593171145,440.13000720161506,0.0,77.39325714111328
2448,4.0,4.094461295051871,0.09446129505187084,68.04491388697375,67.89759686495817,440.0792170542594,0.0,77.39090728759766
2449,4.0,4.093942538925158,0.09394253892515803,68.05161397086358,67.89759978464039,440.0299352222217,0.0,77.38872146606445
2450,4.0,4.093425803789982,0.093425803789982,68.05819492482534,67.89760923224563,439.98084538438,0.0,77.38643646240234
2451,4.0,4.092913154186653,0.09291315418665302,68.06465926911969,67.89761676545189,439.9321436720637,0.0,77.38409423828125
2452,4.0,4.0923740758918035,0.09237407589180346,68.07100443140074,67.8976203011686,439.88093123405304,0.0,77.3811149597168
2453,4.0,4.091836962417868,0.09183696241786787,68.07723131565893,67.89762144056132,439.82990545402913,0.0,77.37803649902344
2454,4.0,4.091315590917667,0.09131559091766661,68.0833388503616,67.8976146064484,439.78037516151005,0.0,77.37511825561523
2455,4.0,4.090779571170611,0.09077957117061075,68.08933591006534,67.89762123660981,439.7294532855397,0.0,77.37179565429688
2456,4.0,4.090267529211099,0.09026752921109882,68.09518045067443,67.89760972820442,439.6808092993861,0.0,77.3687515258789
2457,4.0,4.089749116661928,0.08974911666192842,68.10092098872931,67.89760170538368,439.6315601072149,0.0,77.3654670715332
2458,4.0,4.089250483270557,0.08925048327055674,68.106538415482,67.89759343285715,439.5841899350346,0.0,77.3624153137207
2459,4.0,4.088763905150918,0.08876390515091792,68.11204371719631,67.89759679685373,439.5379650136689,0.0,77.35946273803711
2460,4.0,4.088266579251348,0.08826657925134818,68.11742372745289,67.89759613282683,439.4907190532098,0.0,77.35616302490234
2461,4.0,4.08779080885346,0.0877908088534598,68.12268434966461,67.897598296835,439.4455208654104,0.0,77.35313415527344
2462,4.0,4.087274381723137,0.0872743817231374,68.12784101439753,67.89761134566861,439.39646028802974,0.0,77.34921646118164
2463,4.0,4.0867738672610985,0.08677386726109848,68.13288490784291,67.89762634273592,439.34891141413607,0.0,77.3454704284668
2464,4.0,4.086278600169942,0.08627860016994227,68.13781565208164,67.89762998173966,439.30186104047624,0.0,77.34169387817383
2465,4.0,4.08577622926439,0.08577622926438977,68.14262742770826,67.89761645209549,439.2541358044487,0.0,77.337646484375
2466,4.0,4.085284584205689,0.08528458420568885,68.14733205944272,67.89760630304795,439.2074295238721,0.0,77.33367919921875
2467,4.0,4.0847945115875675,0.08479451158756746,68.15190736784808,67.89759920973613,439.1608726251506,0.0,77.32959365844727
2468,4.0,4.084326486492354,0.08432648649235386,68.1563579488065,67.8975962381296,439.1164102411053,0.0,77.3257827758789
2469,4.0,4.083865154096103,0.08386515409610329,68.16068775875087,67.89760991317972,439.0725836634615,0.0,77.32196044921875
2470,4.0,4.083396522836718,0.08339652283671839,68.16491506018764,67.89760903677897,439.02806369381995,0.0,77.3178825378418
2471,4.0,4.082943564021526,0.0829435640215257,68.16902965692154,67.89761268613736,438.98503260637665,0.0,77.31397247314453
2472,4.0,4.0824897626412895,0.08248976264128949,68.17303813778085,67.89761981891566,438.9419214752542,0.0,77.3099250793457
2473,4.0,4.0820564880774155,0.0820564880774155,68.17694017329868,67.8976172781583,438.90076039168616,0.0,77.30614471435547
2474,4.0,4.081617435560012,0.08161743556001166,68.1807343151976,67.89761009881092,438.85905040253283,0.0,77.30213165283203
2475,4.0,4.081145605734446,0.08114560573444596,68.18442745244151,67.89761271921648,438.81422656910405,0.0,77.29738235473633
2476,4.0,4.0806858781876345,0.08068587818763451,68.18801681002763,67.89760414024806,438.770552452157,0.0,77.29274368286133
2477,4.0,4.0802261127804345,0.08022611278043446,68.19150327179636,67.89760221234991,438.726874738473,0.0,77.2879867553711
2478,4.0,4.07977897714097,0.07977897714097004,68.19487702486687,67.89759821505145,438.68439685272386,0.0,77.28334045410156
2479,4.0,4.07934000461125,0.07934000461125024,68.19813524569601,67.89760560793515,438.64269446240047,0.0,77.27871704101562
2480,4.0,4.078900597672856,0.07890059767285607,68.20130042687396,67.89760769769157,438.600950803253,0.0,77.27397918701172
2481,4.0,4.078473473325199,0.07847347332519927,68.2043551685821,67.89760407485483,438.5603739902256,0.0,77.26934814453125
2482,4.0,4.078046866291039,0.07804686629103941,68.20729413716523,67.89760001827253,438.5198463219804,0.0,77.26459503173828
2483,4.0,4.077633837538855,0.07763383753885478,68.21012109194764,67.8976040867677,438.48060859052293,0.0,77.25997161865234
2484,4.0,4.0772261319961025,0.07722613199610251,68.21284608814145,67.89761970519368,438.44187656396144,0.0,77.25533294677734
2485,4.0,4.0768114574221785,0.07681145742217854,68.21547265255326,67.89762372692338,438.4024824794387,0.0,77.25045013427734
2486,4.0,4.07642806620287,0.0764280662028698,68.21800070769083,67.89762187920859,438.36606031360435,0.0,77.24604797363281
2487,4.0,4.076022146743065,0.07602214674306484,68.22043460718815,67.89761347170241,438.3274979649229,0.0,77.2411117553711
2488,4.0,4.0756353373631935,0.0756353373631935,68.22277149200359,67.89760808524869,438.2907510738351,0.0,77.2364273071289
2489,4.0,4.07525521008154,0.07525521008154001,68.22500369302011,67.89759649417556,438.254638982078,0.0,77.23175048828125
2490,4.0,4.074869281619114,0.07486928161911433,68.2271514541308,67.89759706029386,438.21797577814755,0.0,77.22686767578125
2491,4.0,4.07451969081568,0.07451969081567977,68.2292010673255,67.89759537894737,438.1847646518213,0.0,77.2225620104
2492,4.0,4.074143235506578,0.07414323550657809,68.23115336220144,67.89761438343366,438.14900139745663,0.0,77.21763664484024
2493,4.0,4.073784957446335,0.0737849574463354,68.2330242042748,67.89761160019248,438.1149649817336,0.0,77.21296322345734
2494,4.0,4.07343279330136,0.0734327933013601,68.23479933395038,67.89762313750568,438.0815093879609,0.0,77.20829701423645
2495,4.0,4.073071780711201,0.07307178071120113,68.23649405439545,67.89762344926939,438.0472131918958,0.0,77.20337176322937
2496,4.0,4.072694203174436,0.07269420317443576,68.23809086039587,67.89761956482445,438.0113433259031,0.0,77.19802141189575
2497,4.0,4.0723075590565925,0.07230755905659247,68.23960952324937,67.89761421467091,437.97461213470797,0.0,77.19241046905518
2498,4.0,4.071939352273147,0.07193935227314707,68.2410290065578,67.89759607823689,437.9396324902807,0.0,77.18703651428223
2499,4.0,4.071574259986913,0.07157425998691291,68.24236365991086,67.89758913357878,437.9049487230884,0.0,77.18162536621094
2500,4.0,4.07120176580045,0.07120176580045001,68.24361264665052,67.89760257711978,437.86956177537445,0.0,77.17597675323486
2501,4.0,4.070849173090694,0.07084917309069372,68.24477870856292,67.8976073658699,437.8360654679476,0.0,77.17061138153076
2502,4.0,4.0704908838792315,0.07049088387923153,68.24584311447725,67.89761243987466,437.8020279928587,0.0,77.16502285003662
2503,4.0,4.07015021981366,0.07015021981365965,68.2468163055993,67.89761911781014,437.7696649066294,0.0,77.15966510772705
2504,4.0,4.069814213676677,0.06981421367667728,68.24770480094172,67.89761116173013,437.737744323616,0.0,77.15429973602295
2505,4.0,4.069471069618244,0.06947106961824367,68.24850983146693,67.89759794199598,437.70514563806483,0.0,77.1487045288086
2506,4.0,4.069144750289059,0.06914475028905898,68.24922264419509,67.89759876857529,437.6741453017923,0.0,77.14332389831543
2507,4.0,4.068811011422086,0.06881101142208568,68.24985582853074,67.89760285577557,437.64244010942986,0.0,77.1377124786377
2508,4.0,4.068494911999073,0.06849491199907298,68.2504109237102,67.89760948324945,437.6124106642436,0.0,77.1323471069336
2509,4.0,4.068184529016919,0.06818452901691874,68.2508820166788,67.89761405088696,437.582924280939,0.0,77.12699508666992
2510,4.0,4.067864345713704,0.06786434571370403,68.25126272878072,67.89761542180995,437.55250686713356,0.0,77.1213550567627
2511,4.0,4.067560668958316,0.0675606689583157,68.25156910133701,67.8976139394807,437.5236575753717,0.0,77.1159439086914
2512,4.0,4.0672495772649215,0.06724957726492153,68.25179567265256,67.897608307264,437.49410386449927,0.0,77.11030197143555
2513,4.0,4.066956179592122,0.06695617959212186,68.25194482180173,67.89760059788192,437.4662310855833,0.0,77.10490798950195
2514,4.0,4.0666664237303,0.0666664237303003,68.25201767460186,67.89759967820763,437.43870427871025,0.0,77.09949684143066
2515,4.0,4.0663715534520195,0.0663715534520195,68.25200583269958,67.89759949034966,437.4106916022736,0.0,77.09389305114746
2516,4.0,4.066094055320726,0.06609405532072632,68.25192191880602,67.8975970093899,437.3843292798007,0.0,77.08853721618652
2517,4.0,4.065813342010523,0.06581334201052336,68.25176023739797,67.8975947932492,437.3576615153314,0.0,77.08303260803223
2518,4.0,4.06554174377793,0.06554174377793043,68.25153069724455,67.897600694221,437.3318596832351,0.0,77.0776242017746
2519,4.0,4.06527480124506,0.06527480124506013,68.25123457478517,67.89759700888575,437.30650014261244,0.0,77.07222890853882
2520,4.0,4.065001303520643,0.06500130352064293,68.25086657252061,67.89761110975263,437.2805178587928,0.0,77.06662821769714
2521,4.0,4.064744820276959,0.06474482027695938,68.25043032685835,67.89762364248402,437.25615195064285,0.0,77.06127309799194
2522,4.0,4.0644766457791,0.0644766457791004,68.24992363243443,67.89762341515072,437.23067537334623,0.0,77.05561685562134
2523,4.0,4.064225770489682,0.06422577048968225,68.24934600359131,67.8976196971066,437.2068422208515,0.0,77.050208568573
2524,4.0,4.063982031015034,0.0639820310150343,68.24869493129346,67.89761030413494,437.18368697075994,0.0,77.04485273361206
2525,4.0,4.06372959508931,0.06372959508930975,68.24797228491714,67.89760025874222,437.15970555781615,0.0,77.03925132751465
2526,4.0,4.063490763707307,0.063490763707307,68.2471896141294,67.89758411417019,437.13701657652587,0.0,77.03384017944336
2527,4.0,4.063242801174455,0.06324280117445458,68.24634898163173,67.89758176757174,437.11346013590486,0.0,77.02819061279297
2528,4.0,4.063012385659161,0.06301238565916112,68.24544081701995,67.89758998422883,437.091570661952,0.0,77.02279758453369
2529,4.0,4.06278737486617,0.06278737486617025,68.2444704951997,67.89758738241757,437.0701946366179,0.0,77.01743698120117
2530,4.0,4.062553337204699,0.06255333720469913,68.24344211826606,67.89760457202372,437.0479610587781,0.0,77.01183986663818
2531,4.0,4.062336128443291,0.06233612844329084,68.24234135626817,67.89760905670653,437.02732622644436,0.0,77.00648021697998
2532,4.0,4.062107436333483,0.06210743633348326,68.2411882873732,67.89761178102863,437.0056004760126,0.0,77.00084400177002
2533,4.0,4.061894582272582,0.06189458227258182,68.23997186336251,67.897615234094,436.985379340227,0.0,76.995436668396
2534,4.0,4.061698996562445,0.06169899656244482,68.23869426201117,67.89760587002256,436.966798697764,0.0,76.99028778076172
2535,4.0,4.061520833296713,0.06152083329671321,68.23736811736568,67.89761488148709,436.9498731875195,0.0,76.98541450500488
2536,4.0,4.061359379007732,0.06135937900773225,68.23597922174186,67.89761327312493,436.9345350300663,0.0,76.98078727722168
2537,4.0,4.061200972996918,0.06120097299691807,68.23453899979867,67.89760446876876,436.9194864590389,0.0,76.97616004943848
2538,4.0,4.06104543249598,0.06104543249598038,68.23305051961722,67.89760702504167,436.90471011144984,0.0,76.97153282165527
2539,4.0,4.060891083324451,0.060891083324451145,68.23151316369973,67.89760546427036,436.89004694015455,0.0,76.96687316894531
2540,4.0,4.060725351643646,0.06072535164364634,68.22993528531933,67.89760812765921,436.8743024304781,0.0,76.96195220947266
2541,4.0,4.060574495413642,0.06057449541364157,68.22830517902419,67.89761631690543,436.8599710886277,0.0,76.95725440979004
2542,4.0,4.060427999665766,0.06042799966576595,68.22663212237276,67.89760965246862,436.84605399257947,0.0,76.95259094238281
2543,4.0,4.060282804073778,0.06028280407377817,68.2249235694465,67.89761188058529,436.83226041134066,0.0,76.94791221618652
2544,4.0,4.060142088648585,0.06014208864858528,68.2231700547096,67.89760713120398,436.8188924459473,0.0,76.94326782226562
2545,4.0,4.059992582812719,0.05999258281271924,68.22136794185087,67.89761165843952,436.80468939154,0.0,76.93840217590332
2546,4.0,4.059857553460995,0.059857553460995305,68.2195355459159,67.8976066879676,436.7918616031263,0.0,76.93377685546875
2547,4.0,4.059725480015923,0.05972548001592326,68.21764828435433,67.89760830409949,436.7793146258444,0.0,76.92914581298828
2548,4.0,4.059595702371083,0.059595702371082915,68.21572570514674,67.89761017975694,436.7669857495846,0.0,76.92451858520508
2549,4.0,4.0594679445910895,0.059467944591089505,68.21376906194835,67.89760754637373,436.75484876048523,0.0,76.91989135742188
2550,4.0,4.059328362200786,0.059328362200785634,68.21178094562646,67.89760271538694,436.7415884334063,0.0,76.91500473022461
2551,4.0,4.059204856198597,0.05920485619859672,68.20974583733167,67.89760032701643,436.7298553631984,0.0,76.91036987304688
2552,4.0,4.059083333799934,0.05908333379993369,68.20768742303073,67.89760700725141,436.7183107353254,0.0,76.90574645996094
2553,4.0,4.058963326548098,0.058963326548098216,68.20560680874621,67.89761206215489,436.70691004640105,0.0,76.90112686157227
2554,4.0,4.058835176133634,0.05883517613363409,68.20349711725987,67.83501410473548,436.69473575702693,0.0,76.89632034301758
2555,4.0,4.058672461089332,0.05867246108933166,68.20133876299136,67.82785408058707,436.6792778278182,0.0,76.89080429077148
2556,4.0,4.058517099089402,0.058517099089401725,68.19914803595816,67.84922572898098,436.6645184378249,0.0,76.88539123535156
2557,4.0,4.058415548685274,0.05841554868527421,68.19690900397907,67.87772122882731,436.6548711494328,0.0,76.88094329833984
2558,4.0,4.05831441614813,0.05831441614813038,68.19463576707713,67.90530122134909,436.6452635584041,0.0,76.87646484375
2559,4.0,4.058217731179231,0.0582177311792309,68.19232152180845,67.92578124846057,436.63607848635866,0.0,76.87202453613281
2560,4.0,4.0581775961932784,0.05817759619327845,68.18997401712751,67.93583316866966,436.63226566269316,0.0,76.86861801147461
2561,4.0,4.058129501925217,0.05812950192521704,68.18759438521256,67.93532435064033,436.6276967072273,0.0,76.86502456665039
2562,4.0,4.058061242812436,0.0580612428124363,68.18518464733684,67.92625867992506,436.62121209151314,0.0,76.86101531982422
2563,4.0,4.05798677197664,0.057986771976639595,68.18274721593639,67.91240701600123,436.61413736211244,0.0,76.85685729980469
2564,4.0,4.057967994291229,0.057967994291228564,68.18030122806171,67.89787146808969,436.6123534819984,0.0,76.85374450683594
2565,4.0,4.057904704481048,0.05790470448104834,68.17782808649694,67.88605907100705,436.60634095003127,0.0,76.84975814819336
2566,4.0,4.057846729260318,0.05784672926031842,68.17534680090162,67.87913045612414,436.60083330406195,0.0,76.84586334228516
2567,4.0,4.057794484675603,0.05779448467560311,68.17283685358333,67.87784350760704,436.595870068514,0.0,76.84204483032227
2568,4.0,4.057745530631545,0.05774553063154464,68.17030540408055,67.88123821276217,436.5912194343284,0.0,76.83826446533203
2569,4.0,4.057700948354121,0.057700948354121095,68.1677512156431,67.88766113928904,436.5869841179732,0.0,76.83454132080078
2570,4.0,4.057658223456696,0.0576582234566958,68.16518269089082,67.89509536070838,436.5829252527178,0.0,76.83083724975586
2571,4.0,4.057619297131736,0.05761929713173597,68.16259429924825,67.90165638242635,436.57922725184665,0.0,76.82718276977539
2572,4.0,4.057583419221957,0.057583419221956866,68.15999187967523,67.90602994233068,436.5758188504176,0.0,76.82357025146484
2573,4.0,4.057547831126314,0.05754783112631401,68.15737100773703,67.90765736399226,436.5724379813315,0.0,76.81994247436523
2574,4.0,4.0575143884945675,0.05751438849456747,68.15473774404279,67.90669941660957,436.5692609313156,0.0,76.81634140014648
2575,4.0,4.057480755345702,0.057480755345702406,68.15208732944897,67.90386582515464,436.56606578217344,0.0,76.81271743774414
2576,4.0,4.057448374083494,0.0574483740834939,68.14942599791434,67.90017667606439,436.5629895622636,0.0,76.8091049194336
2577,4.0,4.05741429547449,0.05741429547448984,68.14675928542478,67.89661120520127,436.5597520944082,0.0,76.80545425415039
2578,4.0,4.057379646203614,0.05737964620361424,68.14408857376274,67.89397238122065,436.55646041367504,0.0,76.80178833007812
2579,4.0,4.057346818268834,0.05734681826883392,68.14139061262092,67.89266394822975,436.55334175987093,0.0,76.79812622070312
2580,4.0,4.057311514984105,0.05731151498410458,68.1386901774616,67.89271921827886,436.54998794782165,0.0,76.79441452026367
2581,4.0,4.05727774657791,0.05727774657790974,68.13597068880851,67.89386596731865,436.54677994923316,0.0,76.79071044921875
2582,4.0,4.057243851430222,0.05724385143022204,68.13322620495164,67.89562254458103,436.5435599102028,0.0,76.7869758605957
2583,4.0,4.057209074652733,0.05720907465273317,68.13047617106103,67.89748504720757,436.54025611634137,0.0,76.78321838378906
2584,4.0,4.057174054764193,0.057174054764193016,68.12771324809503,67.89901108163029,436.53692922693006,0.0,76.7794418334961
2585,4.0,4.057165824991106,0.05716582499110601,68.12493369867059,67.89992038365067,436.5361473984868,0.0,76.77615356445312
2586,4.0,4.057156094734749,0.05715609473474892,68.12215225312025,67.90013144977895,436.53522302413285,0.0,76.77283477783203
2587,4.0,4.057171611016135,0.05717161101613488,68.11935309001132,67.8997247887867,436.53669707086453,0.0,76.76997375488281
2588,4.0,4.057161688066313,0.057161688066313054,68.11654779136421,67.89891977118566,436.53575439063144,0.0,76.7666244506836
2589,4.0,4.057177405296028,0.057177405296028105,68.11373174056202,67.89798468014881,436.5372475274544,0.0,76.76374816894531
2590,4.0,4.057192752859406,0.057192752859405616,68.11090837810157,67.89713880755772,436.53870554597523,0.0,76.76085662841797
2591,4.0,4.05718128057544,0.05718128057544014,68.10808169440563,67.89656525171715,436.5376156789985,0.0,76.75745391845703
2592,4.0,4.0571957727903625,0.057195772790362476,68.10523886586006,67.8963426706558,436.5389924394161,0.0,76.75452423095703
2593,4.0,4.057186103832812,0.05718610383281231,68.10240220728922,67.89644048991215,436.5380738884489,0.0,76.75114440917969
2594,4.0,4.057200744182523,0.057200744182522634,68.09955691598807,67.89678107310935,436.5394647216714,0.0,76.74821472167969
2595,4.0,4.057217773395123,0.057217773395122684,68.09670539842672,67.89724789854938,436.54108249686834,0.0,76.74532318115234
2596,4.0,4.0572070899590695,0.057207089959069535,68.09384514351109,67.89770796235081,436.5400675704433,0.0,76.74189758300781
2597,4.0,4.0572238168936625,0.057223816893662516,68.0909851881927,67.89804795321834,436.54165662922964,0.0,76.7389907836914
2598,4.0,4.057206652508451,0.057206652508450695,68.08813007870236,67.89821998804895,436.54002601263454,0.0,76.73544842004776
2599,4.0,4.0572181202777555,0.057218120277755524,68.08528303720928,67.89822248614975,436.54111545071845,0.0,76.73245668411255
2600,4.0,4.057232115095355,0.05723211509535542,68.08242898835796,67.89808558216932,436.5424449583905,0.0,76.72950482368469
2601,4.0,4.057222570281369,0.05722257028136912,68.07956102377713,67.8978713943132,436.54153820106177,0.0,76.72609210014343
2602,4.0,4.057236408020903,0.05723640802090291,68.07669482494478,67.89763566901652,436.5428527863175,0.0,76.72312355041504
2603,4.0,4.057223829543294,0.05722382954329408,68.07382528553468,67.89744661138548,436.54165783094464,0.0,76.71965169906616
2604,4.0,4.057237308187866,0.0572373081878661,68.07095138120529,67.89732467756957,436.542938302179,0.0,76.71666765213013
2605,4.0,4.057253528176631,0.05725352817663065,68.0680716990146,67.89729196680257,436.5444792011116,0.0,76.71372890472412
2606,4.0,4.057296738240802,0.05729673824080184,68.06518519446483,67.89733677940278,436.54858415720787,0.0,76.71129274368286
2607,4.0,4.057352492866304,0.05735249286630406,68.0622981669636,67.89743301040205,436.5538808466306,0.0,76.70909309387207
2608,4.0,4.057396295254896,0.05739629525489587,68.05940735863511,67.89755586886866,436.5580420735468,0.0,76.70666313171387
2609,4.0,4.057439565533927,0.05743956553392682,68.0565145379079,67.89766079495264,436.56215275005474,0.0,76.70422077178955
2610,4.0,4.057493865405645,0.05749386540564494,68.05363478481893,67.89772665676158,436.56731123786795,0.0,76.70200157165527
2611,4.0,4.0575364965501075,0.05753649655010751,68.05075873737476,67.89776195200749,436.5713611965919,0.0,76.69956588745117
2612,4.0,4.057592264556231,0.05759226455623079,68.04787820022855,67.89774760138793,436.57665915717365,0.0,76.69737339019775
2613,4.0,4.057636769426824,0.05763676942682405,68.04500724429384,67.89771089073027,436.58088711988,0.0,76.69497871398926
2614,4.0,4.057680553993951,0.05768055399395067,68.0421416610614,67.89765504688098,436.585046653757,0.0,76.69257640838623
2615,4.0,4.057734863510167,0.05773486351016732,68.0392858002676,67.89759679666372,436.5902060577976,0.0,76.69038391113281
2616,4.0,4.057776001680716,0.057776001680715616,68.03643510696338,67.89756140993349,436.5941141839997,0.0,76.68794822692871
2617,4.0,4.05782902570678,0.057829025706779724,68.0335933275795,67.89753849830122,436.5991514664758,0.0,76.68574714660645
2618,4.0,4.05787366129023,0.057873661290230416,68.03075011670549,67.897535642747,436.6033918469036,0.0,76.68338584899902
2619,4.0,4.057911625379758,0.05791162537975758,68.02793928164637,67.89755739596733,436.6069984354087,0.0,76.68093490600586
2620,4.0,4.057961985098328,0.05796198509832795,68.02513560263228,67.89757395212814,436.61178260867285,0.0,76.67872619628906
2621,4.0,4.057996206430186,0.05799620643018599,68.02233854907792,67.89761354801377,436.6150336351994,0.0,76.67621994018555
2622,4.0,4.058047267696504,0.05804726769650426,68.01954354361949,67.89761815806358,436.61988445549963,0.0,76.67403411865234
2623,4.0,4.0580820542846645,0.05808205428466451,68.01675065820501,67.89763993228998,436.6231891813748,0.0,76.67154312133789
2624,4.0,4.0581083890504255,0.05810838905042548,68.01397167194285,67.89763194341741,436.6256909841221,0.0,76.66890805959702
2625,4.0,4.05818093541766,0.058180935417659896,68.01119626415873,67.89763874041329,436.63258288900937,0.0,76.66715002059937
2626,4.0,4.058255510896251,0.058255510896250584,68.00842306469613,67.89762154729128,436.6396675594755,0.0,76.6654326915741
2627,4.0,4.058343722345735,0.05834372234573504,68.00564459321252,67.89762330166695,436.64804764717655,0.0,76.66396689414978
2628,4.0,4.058418268607442,0.0584182686074417,68.00288182500788,67.89759826714975,436.65512954203865,0.0,76.66226053237915
2629,4.0,4.058505367984215,0.05850536798421491,68.00012898559534,67.89758954699225,436.6634039828321,0.0,76.66080236434937
2630,4.0,4.05858770460251,0.05858770460250984,67.99739176967861,67.89759196029006,436.67122596157014,0.0,76.65927171707153
2631,4.0,4.058658896755764,0.05865889675576419,67.99467261044136,67.89758335878784,436.6779892161293,0.0,76.65755081176758
2632,4.0,4.058745043234217,0.05874504323421714,67.9919656792532,67.89758733724989,436.68617313158234,0.0,76.65612602233887
2633,4.0,4.058813586333982,0.05881358633398204,67.98927206286307,67.897597606516,436.69268472606,0.0,76.6543836593628
2634,4.0,4.058894435601778,0.058894435601778206,67.98658894717703,67.8976062305969,436.7003654065006,0.0,76.65288543701172
2635,4.0,4.0589743092854125,0.058974309285412474,67.98390959092956,67.89761760199495,436.7079534064459,0.0,76.6513729095459
2636,4.0,4.059043278564586,0.05904327856458558,67.98125987434285,67.89762924045795,436.71450548796736,0.0,76.64968776702881
2637,4.0,4.0591256784285425,0.05912567842854255,67.97862891611648,67.89763705868343,436.72233347504323,0.0,76.64827728271484
2638,4.0,4.059192159250096,0.05919215925009613,67.9760058359966,67.89762187142753,436.7286491530908,0.0,76.64657497406006
2639,4.0,4.059270452319463,0.059270452319463374,67.97339564094686,67.89762464335351,436.7360869946807,0.0,76.64511013031006
2640,4.0,4.059350228046101,0.05935022804610135,67.97081062031178,67.89761144064303,436.7436656887113,0.0,76.64370155334473
2641,4.0,4.059410620298517,0.05941062029851718,67.96824493195382,67.89760488181716,436.74940295269084,0.0,76.64194869995117
2642,4.0,4.059484247389022,0.05948424738902158,67.9656979237413,67.89759438438327,436.75639752628877,0.0,76.64046669006348
2643,4.0,4.059545998737968,0.05954599873796784,67.96315362003915,67.89759879899762,436.76226390443867,0.0,76.63876342773438
2644,4.0,4.0596190441483095,0.05961904414830954,67.96063513223945,67.89759943363603,436.7692032184211,0.0,76.63730239868164
2645,4.0,4.059690353912939,0.059690353912938754,67.95811703594876,67.89759738219017,436.7759776460609,0.0,76.63580894470215
2646,4.0,4.059746575554106,0.05974657555410623,67.95560464916595,67.8975982447482,436.78131870197177,0.0,76.63403701782227
2647,4.0,4.059857702468221,0.05985770246822142,67.95312216016046,67.8976004753163,436.79187575881275,0.0,76.63333511352539
2648,4.0,4.059968484864418,0.059968484864418414,67.9506388081274,67.89761145730866,436.8024000864514,0.0,76.63262557983398
2649,4.0,4.0600743529849685,0.06007435298496855,67.94818371656854,67.89760595757336,436.8124575579037,0.0,76.63185501098633
2650,4.0,4.060184835853816,0.060184835853815954,67.9457343941301,67.89760596708308,436.8229534304442,0.0,76.63117790222168
2651,4.0,4.060279683532058,0.06027968353205804,67.94331346299396,67.89760570395875,436.8319639598772,0.0,76.6302375793457
2652,4.0,4.060383033242281,0.06038303324228078,67.94092287431944,67.89761678101364,436.84178218234837,0.0,76.62949180603027
2653,4.0,4.060486757496727,0.06048675749672672,67.93853966894422,67.89761860436568,436.85163598652076,0.0,76.6287612915039
2654,4.0,4.060592308330308,0.06059230833030771,67.93618521049689,67.89762076831703,436.8616633157109,0.0,76.62809753417969
2655,4.0,4.060690291768687,0.06069029176868668,67.9338492528572,67.89761212903026,436.8709717423569,0.0,76.62731170654297
2656,4.0,4.060774930479661,0.06077493047966076,67.9315252826863,67.89760104525193,436.8790124198995,0.0,76.62628746032715
2657,4.0,4.060870999092761,0.06087099909276095,67.92922664587938,67.8975970188431,436.888138938144,0.0,76.62550735473633
2658,4.0,4.060967679179489,0.06096767917948931,67.92694663415665,67.89758983417154,436.8973235463832,0.0,76.62475967407227
2659,4.0,4.061063359415083,0.06106335941508334,67.92468345433542,67.89759169564606,436.90641316876463,0.0,76.6240119934082
2660,4.0,4.061158564344961,0.06115856434496081,67.92244185669007,67.89759297525514,436.915457637103,0.0,76.6232795715332
2661,4.0,4.0612396706826885,0.06123967068268854,67.92021973580081,67.89760641347884,436.9231627391871,0.0,76.6223030090332
2662,4.0,4.0613355756642235,0.06133557566422354,67.91801735376401,67.89760841540404,436.93227371243296,0.0,76.62162780761719
2663,4.0,4.061428531625816,0.06142853162581563,67.91583057668727,67.89760610178132,436.9411045287842,0.0,76.62091445922852
2664,4.0,4.061519045927443,0.06151904592744284,67.91367120239535,67.89760697282097,436.9497033874388,0.0,76.62018585205078
2665,4.0,4.061608186649987,0.061608186649986685,67.91154503452437,67.89760385459586,436.95817175608045,0.0,76.61946868896484
2666,4.0,4.06168275785051,0.061682757850509695,67.90943602255983,67.89760721883215,436.96525602013014,0.0,76.61849594116211
2667,4.0,4.061766235595158,0.06176623559515804,67.90734723343476,67.89760922828968,436.97318640587173,0.0,76.61771392822266
2668,4.0,4.06185143135684,0.0618514313568399,67.90527714196212,67.89760412038142,436.9812800032315,0.0,76.61698532104492
2669,4.0,4.061934311627252,0.06193431162725194,67.90321203651486,67.8976055456111,436.98915362892063,0.0,76.61621856689453
2670,4.0,4.062016771525266,0.062016771525265746,67.90117432719819,67.89760869905395,436.99698731923195,0.0,76.61547470092773
2671,4.0,4.062097396019456,0.062097396019455964,67.89914709545712,67.89761600103907,437.00464664618,0.0,76.61470794677734
2672,4.0,4.062232774847679,0.062232774847679195,67.897144582716,67.89760983269721,437.0175076348612,0.0,76.6150016784668
2673,4.0,4.0623404378313515,0.06234043783135146,67.89515919538802,67.89761163536349,437.0277356183101,0.0,76.61479187011719
2674,4.0,4.062470162674056,0.06247016267405581,67.89319395898801,67.8976103286237,437.040059478367,0.0,76.61502075195312
2675,4.0,4.062588362329305,0.06258836232930509,67.89124905213956,67.89761353992907,437.0512884456157,0.0,76.61505508422852
2676,4.0,4.062690225680962,0.06269022568096183,67.88932372635482,67.8976141900074,437.06096546402307,0.0,76.61480331420898
2677,4.0,4.062812666466787,0.06281266646678674,67.88743323597056,67.8976125842569,437.0725973386764,0.0,76.6149787902832
2678,4.0,4.062913372352638,0.06291337235263761,67.88556463246738,67.8976237478405,437.0821643978323,0.0,76.6147689819336
2679,4.0,4.063039349711792,0.06303934971179181,67.88370991038448,67.89762251538895,437.0941322469519,0.0,76.61505126953125
2680,4.0,4.0631485341836076,0.06314853418360755,67.88188574694348,67.8976139554609,437.10450477177443,0.0,76.61505126953125
2681,4.0,4.063246256315694,0.06324625631569436,67.88008080071069,67.89760825232752,437.11378837432267,0.0,76.6148567199707
2682,4.0,4.063367152521391,0.06336715252139058,67.87830790116719,67.89760154848258,437.1252735138638,0.0,76.6151351928711
2683,4.0,4.06345957067541,0.06345957067540997,67.87655118103011,67.89759504991677,437.13405323849565,0.0,76.61489486694336
2684,4.0,4.063573810899961,0.06357381089996128,67.87482544510735,67.89758658729328,437.14490605982803,0.0,76.6151008605957
2685,4.0,4.063674483438067,0.06367448343806714,67.8731202737531,67.89759429127152,437.15446995094806,0.0,76.61507415771484
2686,4.0,4.063760560677051,0.06376056067705083,67.87144605244903,67.89760368591583,437.16264728865156,0.0,76.61480712890625
2687,4.0,4.063870480310586,0.06387048031058562,67.86978598646462,67.89760535243886,437.17308965383734,0.0,76.61500549316406
2688,4.0,4.063953598244412,0.06395359824441194,67.86815119938814,67.89760875600784,437.1809858575508,0.0,76.61472702026367
2689,4.0,4.0640659124149865,0.06406591241498649,67.86653917137004,67.8976094121837,437.19165570375543,0.0,76.61502456665039
2690,4.0,4.064162322599618,0.06416232259961774,67.86494275532753,67.89759498790833,437.2008146712954,0.0,76.61503982543945
2691,4.0,4.064240518070801,0.06424051807080122,67.86337010453349,67.8976079324583,437.2082432410578,0.0,76.61473846435547
2692,4.0,4.064346966451592,0.0643469664515921,67.861822473875,67.8976129442359,437.21835583723293,0.0,76.61499786376953
2693,4.0,4.064427474466352,0.06442747446635178,67.86028905653313,67.89761183326338,437.22600409863514,0.0,76.61478424072266
2694,4.0,4.064530114244431,0.06453011424443122,67.85878489137562,67.89761753577665,437.23575487755267,0.0,76.61502075195312
2695,4.0,4.064618774737842,0.06461877473784217,67.85729794770243,67.89761344647503,437.2441776244267,0.0,76.6150131225586
2696,4.0,4.064696520578156,0.06469652057815622,67.85583110555861,67.89762008692105,437.25156347925656,0.0,76.61482238769531
2697,4.0,4.064795417774199,0.0647954177741994,67.85439638509125,67.89761467223614,437.26095871288067,0.0,76.61506652832031
2698,4.0,4.064869100799338,0.06486910079933761,67.85298396707712,67.89760867051724,437.2679586002688,0.0,76.61486053466797
2699,4.0,4.064966682962378,0.06496668296237829,67.85159835389693,67.8976034082183,437.2772289057576,0.0,76.6151351928711
2700,4.0,4.0650484796174275,0.06504847961742755,67.85023304821534,67.89760220747105,437.28499958798733,0.0,76.6151351928711
2701,4.0,4.065117149621507,0.06511714962150705,67.84887743753869,67.89759258609948,437.29152323837485,0.0,76.61489868164062
2702,4.0,4.065211071936046,0.06521107193604614,67.84753957694032,67.89760024041512,437.30044585825607,0.0,76.61515808105469
2703,4.0,4.0652765322524855,0.06527653225248553,67.84621736447622,67.8975924651272,437.3066645883178,0.0,76.61489868164062
2704,4.0,4.065364163389044,0.06536416338904427,67.84491029158973,67.89760447373979,437.3149895462909,0.0,76.61507415771484
2705,4.0,4.065449324223028,0.06544932422302807,67.84362974691848,67.89760555626825,437.32307982551936,0.0,76.61523297429085
2706,4.0,4.065562493845002,0.06556249384500212,67.84236189702396,67.89762121931426,437.3338309396069,0.0,76.61593389511108
2707,4.0,4.065672938243345,0.06567293824334541,67.8411180847499,67.8976132781924,437.34432315744954,0.0,76.61661052703857
2708,4.0,4.06578602614288,0.06578602614287998,67.83990052967374,67.89760278026442,437.3550665079053,0.0,76.6173665523529
2709,4.0,4.065897782298087,0.06589778229808729,67.838707373202,67.89760863253228,437.36568334265,0.0,76.61812496185303
2710,4.0,4.06601942559312,0.06601942559311968,67.83753318687901,67.89759610049744,437.3772394556781,0.0,76.61909103393555
2711,4.0,4.06612738580713,0.06612738580713007,67.83637963987142,67.89759862369698,437.38749567600905,0.0,76.61982250213623
