Step,Desired Gap (s),Actual Gap (s),Error (s),Ego Speed (km/h),Target Speed (km/h),Incremental Torque (Nm),Incremental Brake Torque (Nm)
0,4.0,7.4279850973537895,3.4279850973537895,73.52638698667862,67.95947152344773,749.0,0.0
1,4.0,7.361365564502356,3.361365564502356,74.15151370397048,67.9594714070794,734.3437027726847,0.0
2,4.0,7.295429571407141,3.2954295714071407,74.77682709194286,67.9594714070794,719.8377842917372,0.0
3,4.0,7.2279752270551425,3.2279752270551425,75.4248799127801,67.9594714070794,704.9978285342976,0.0
4,4.0,7.161831387111973,3.161831387111973,76.06684044773286,67.9594714070795,690.4461837468003,0.0
5,4.0,7.096756653747069,3.096756653747069,76.70459439380518,67.9594714070794,676.1297424065215,0.0
6,4.0,7.032933345137468,3.032933345137468,77.33584251848578,67.95947140707945,662.0886145124092,0.0
7,4.0,6.970347067373248,2.9703470673732477,77.96037684232859,67.95947140707949,648.3196334042808,0.0
8,4.0,6.908971839684348,2.908971839684348,78.57799083753838,67.95947140707949,634.8170833127228,0.0
9,4.0,6.848777994256129,2.848777994256129,79.1884617205595,67.95947140707942,621.5744373185147,0.0
10,4.0,6.789732751938014,2.789732751938014,79.79184001249197,67.95947140707945,608.5844840085293,0.0
11,4.0,6.731764040771072,2.731764040771072,80.388486805322,67.95947140707953,595.831367551802,0.0
12,4.0,6.674811299797408,2.6748112997974083,80.97863983273348,67.9594714070794,583.301764537596,0.0
13,4.0,6.618815105493337,2.6188151054933373,81.56286169552392,67.9594714070794,570.9826017907004,0.0
14,4.0,6.563677177601639,2.5636771776016394,82.14169888926281,67.9594714070794,558.8522576545269,0.0
15,4.0,6.509635364659935,2.5096353646599354,82.71211514286118,67.9594714070794,546.963058807352,0.0
16,4.0,6.457134133398825,2.4571341333988252,83.26780235346608,67.95947140707943,535.4127879299077,0.0
17,4.0,6.406498863025042,2.4064988630250417,83.80388047037775,67.95947140707943,524.2730284476753,0.0
18,4.0,6.357953418514984,2.3579534185149837,84.31677579621115,67.9594714070794,513.5930306554626,0.0
19,4.0,6.311592355294607,2.311592355294607,84.804232170128,67.95947140707948,503.39359674697977,0.0
20,4.0,6.267487198656094,2.2674871986560943,85.26446362179492,67.95947140707949,493.69046228650694,0.0
21,4.0,6.225644778802857,2.225644778802857,85.6966396681216,67.95947140707952,484.4851299187947,0.0
22,4.0,6.1860290778321,2.1860290778321003,86.10032214093125,67.95947140707946,475.7696757052283,0.0
23,4.0,6.148583154862292,2.1485831548622922,86.47545096025986,67.95947140707959,467.5315726518705,0.0
24,4.0,6.1132434571773,2.1132434571773,86.82232806437482,67.95947140707959,459.75683916117225,0.0
25,4.0,6.079920399297221,2.0799203992972206,87.1414503720434,67.95947140707942,452.4257664275547,0.0
26,4.0,6.048540668096876,2.0485406680968756,87.43357083574114,67.95947140707946,445.5222255634788,0.0
27,4.0,6.019015637566947,2.0190156375669472,87.69943463829074,67.95947140707942,439.02671884689454,0.0
28,4.0,5.991251772107773,1.9912517721077734,87.93997099277352,67.9594714070794,432.9186684458763,0.0
29,4.0,5.965145068545822,1.965145068545822,88.15630156865096,67.9594714070794,427.175193662247,0.0
30,4.0,5.940620507645369,1.9406205076453693,88.34934933766394,67.95947140707942,421.77979026414744,0.0
31,4.0,5.91758501482851,1.9175850148285098,88.52014927846298,67.95947140707942,416.71198184443836,0.0
32,4.0,5.895959021572025,1.8959590215720246,88.66980364598388,67.9594714070794,411.9542633280116,0.0
33,4.0,5.875662575763122,1.8756625757631218,88.79916904476445,67.9594714070794,407.489045250053,0.0
34,4.0,5.856626718646565,1.8566267186465648,88.90947045896858,67.9594714070794,403.30115668441044,0.0
35,4.0,5.838771799459171,1.8387717994591712,89.00146888952438,67.9594714070794,399.37307446318385,0.0
36,4.0,5.822042477667086,1.822042477667086,89.07620887190177,67.9594714070794,395.69262366892514,0.0
37,4.0,5.8063704935700144,1.8063704935700144,89.13457163702164,67.95947140707942,392.24478716756937,0.0
38,4.0,5.791683310398825,1.7916833103988248,89.17754352828565,67.9594714070794,389.0136068699076,0.0
39,4.0,5.777931916433735,1.7779319164337348,89.20601165892376,67.95947140707943,385.9883001975878,0.0
40,4.0,5.765065825654882,1.7650658256548821,89.22076237643051,67.95947140707945,383.1577602262402,0.0
41,4.0,5.753027928950252,1.7530279289502522,89.22258729843416,67.9594714070794,380.5094229512216,0.0
42,4.0,5.741783094933176,1.7417830949331758,89.21220609898045,67.95947140707943,378.0355594674648,0.0
43,4.0,5.731281501897431,1.7312815018974312,89.19032895838247,67.95947140707949,375.72520899960097,0.0
44,4.0,5.721484920837884,1.7214849208378844,89.1576480322597,67.95947140707952,373.56996116650066,0.0
45,4.0,5.712354177761758,1.7123541777617577,89.11477663757834,67.95947140707965,371.56119768975276,0.0
46,4.0,5.703854678443479,1.703854678443479,89.06233176612287,67.95947140707973,369.69130783973145,0.0
47,4.0,5.695965392378965,1.695965392378965,89.00089627716633,67.95947140707948,367.9556649055384,0.0
48,4.0,5.688635959584643,1.6886359595846434,88.93104185713688,67.9594714070794,366.34318969078765,0.0
49,4.0,5.681841253162429,1.6818412531624292,88.85325102275249,67.95947140707942,364.8483542779005,0.0
50,4.0,5.675555510710915,1.6755555107109146,88.76801455622564,67.95947140707945,363.4654909385673,0.0
51,4.0,5.669752175274946,1.6697521752749456,88.67579444387299,67.9594714070796,362.18875714265414,0.0
52,4.0,5.664422622979702,1.6644226229797017,88.57701856694206,67.95947140707968,361.0162556377005,0.0
53,4.0,5.6595268459057655,1.6595268459057655,88.47215362653132,67.95947140707949,359.93918468143454,0.0
54,4.0,5.6550417704447975,1.6550417704447975,88.3615636123904,67.95947140707955,358.95246808002156,0.0
55,4.0,5.650952189530461,1.6509521895304609,88.24563256964528,67.95947140707969,358.0527602788675,0.0
56,4.0,5.647234237516522,1.647234237516522,88.12473594504776,67.95947140707976,357.23481083580094,0.0
57,4.0,5.64387012013667,1.64387012013667,87.99920418606933,67.95947140707966,356.4947050122335,0.0
58,4.0,5.640844675514438,1.6408446755144377,87.86935940527144,67.95947140707949,355.8291071953424,0.0
59,4.0,5.6381523872950225,1.6381523872950225,87.73552798341721,67.95947140707943,355.23680378707104,0.0
60,4.0,5.635776283945589,1.6357762839455887,87.59801366294433,67.95947140707953,354.7140610501956,0.0
61,4.0,5.633691073889877,1.633691073889877,87.45709836621644,67.95947140707946,354.25531483793907,0.0
62,4.0,5.6318784439764675,1.6318784439764675,87.31306455806809,67.95947140707945,353.856536256989,0.0
63,4.0,5.630323064044442,1.6303230640444424,87.16617235810722,67.9594714070794,497.11965574187263,0.0
64,4.0,5.627027766326528,1.6270277663265276,87.04727251654553,67.9594714070794,496.3946902439314,0.0
65,4.0,5.6158249596955265,1.6158249596955265,87.05118022416654,67.95947140707942,493.9300727851112,0.0
66,4.0,5.598056192466,1.5980561924660002,87.15643038833183,67.9594714070794,490.0209439946154,0.0
67,4.0,5.575857564139494,1.5758575641394943,87.33021039502334,67.9594714070794,485.13724576278406,0.0
68,4.0,5.550762875137172,1.5507628751371723,87.54910996864103,67.9594714070794,479.6164141822732,0.0
69,4.0,5.523881291337027,1.5238812913370268,87.79630968969101,67.9594714070794,473.7024657462412,0.0
70,4.0,5.496025535709371,1.4960255357093706,88.0593132438628,67.9594714070794,467.5741995081569,0.0
71,4.0,5.467789482291696,1.4677894822916961,88.32874474672344,67.9594714070794,461.3622677562685,0.0
72,4.0,5.4395993410431425,1.4395993410431425,88.59756827905605,67.9594714070794,455.1604366815867,0.0
73,4.0,5.411794150954112,1.4117941509541119,88.86053327819621,67.9594836146174,449.043294862,0.0
74,4.0,5.384598857972049,1.3845988579720494,89.11373168925795,67.95949218971619,443.0603304059462,0.0
75,4.0,5.358178233175449,1.3581782331754493,89.35435461216882,67.95949597737153,437.2477929506942,0.0
76,4.0,5.332644373100176,1.3326443731001758,89.58037299423366,67.9595051312027,431.63034373413404,0.0
77,4.0,5.308074022532668,1.3080740225326677,89.79038416529119,67.9595056486327,426.22486660928223,0.0
78,4.0,5.284488064899953,1.2844880648999526,89.98350076675712,67.95950317905982,421.0359559300849,0.0
79,4.0,5.261911871305511,1.2619118713055109,90.15921676085836,67.9594969014033,416.06919333930773,0.0
80,4.0,5.240361483709486,1.2403614837094858,90.31730918362592,67.95949144984924,411.32810806818225,0.0
81,4.0,5.219817594393133,1.2198175943931329,90.45780180326932,67.95948678449005,406.8084524185846,0.0
82,4.0,5.200270394403738,1.2002703944037378,90.58086514297497,67.9594870505242,402.50806842091765,0.0
83,4.0,5.181683130732097,1.1816831307320967,90.68680526110698,67.95948122799618,398.4188704131566,0.0
84,4.0,5.164040358704707,1.1640403587047068,90.77600203495177,67.95948221461937,394.5374605671308,0.0
85,4.0,5.147316280117645,1.1473162801176446,90.8489296446296,67.95948501066394,390.8581632779771,0.0
86,4.0,5.131465551179027,1.1314655511790273,90.90607939241474,67.95949753575884,387.3710029114813,0.0
87,4.0,5.116468473642207,1.1164684736422066,90.9480012877113,67.95950458459583,384.07164585338074,0.0
88,4.0,5.102288170140353,1.102288170140353,90.9751975419231,67.95950479023745,380.95197908297297,0.0
89,4.0,5.088914185075119,1.0889141850751187,90.98820599847487,67.95949886290802,378.0097023686214,0.0
90,4.0,5.076303422813051,1.0763034228130506,90.98759960325772,67.95948130278722,375.2353346709664,0.0
91,4.0,5.06442272738515,1.0644227273851499,90.97391454336214,67.95948125154784,372.6215816768282,0.0
92,4.0,5.053243548807033,1.0532435488070329,90.94775770304108,67.95948301277404,370.16216238964245,0.0
93,4.0,5.04271184530817,1.0427118453081698,90.90981208119312,67.95948651705534,367.8451876198926,0.0
94,4.0,5.032835520234893,1.032835520234893,90.86073652572973,67.95948852229526,365.6723961037717,0.0
95,4.0,5.0235530089037805,1.0235530089037805,90.80116682037729,67.95949336631737,363.630243610927,0.0
96,4.0,5.014830455284238,1.0148304552842378,90.73167903593377,67.95949101646632,361.71128181462757,0.0
97,4.0,5.006651826820055,1.0066518268200548,90.65281347749765,67.959498140542,359.9119835525073,0.0
98,4.0,4.99901556293828,0.99901556293828,90.56506493170798,67.95949804133457,358.23200549851686,0.0
99,4.0,4.991864642378531,0.9918646423785313,90.4688828071004,67.95949835991331,356.65880297537217,0.0
100,4.0,4.985201411745121,0.9852014117451207,90.36477179127381,67.95949384664097,355.1928922360218,0.0
101,4.0,4.978997998934132,0.9789979989341324,90.25314899073047,67.95950132749842,353.8281414176044,0.0
102,4.0,4.973242348899373,0.9732423488993733,90.13440418329446,67.959501659932,352.5618984099574,0.0
103,4.0,4.967906125048918,0.967906125048918,90.00896863021536,67.9594890083228,351.38792916285723,0.0
104,4.0,4.96297151817596,0.9629715181759604,89.87721830280455,67.9594936011813,350.3023156508066,0.0
105,4.0,4.958430589240802,0.9584305892408018,89.73952953637915,67.95948775959833,349.3033112850717,0.0
106,4.0,4.954254222814873,0.9542542228148729,89.59626449800325,67.95948358196189,348.3845106713673,0.0
107,4.0,4.950439438773068,0.9504394387730679,89.44776989979943,67.95948613156126,347.5452581821702,0.0
108,4.0,4.946974147343343,0.9469741473433428,89.29435938064152,67.95949378442015,346.78289406763065,0.0
109,4.0,4.943831333406976,0.9438313334069761,89.13637485245863,67.9594913464532,346.09147500163,0.0
110,4.0,4.941008376830696,0.9410083768306956,88.97410388211588,67.95948932241319,345.47042455484825,0.0
111,4.0,4.938479610755213,0.9384796107552127,88.80785284882018,67.95949621365028,344.914096018242,0.0
112,4.0,4.936250396091961,0.9362503960919613,88.63790798226745,67.95949307778334,344.4236687923267,0.0
113,4.0,4.934294821422421,0.9342948214224212,88.46453434315282,67.95949352600442,343.9934423650279,0.0
114,4.0,4.932603125018015,0.9326031250180149,88.28801913029041,67.9594915434432,425.83921344123155,0.0
115,4.0,4.929671799109086,0.9296717991090864,88.135309896574,67.95949063850874,425.1943217412673,0.0
116,4.0,4.922676211969698,0.9226762119696978,88.05608842033605,67.95949515524214,423.65529257060183,0.0
117,4.0,4.912682095402383,0.9126820954023831,88.03093055504793,67.95948846343236,421.4565869257926,0.0
118,4.0,4.900653736397295,0.9006537363972953,88.04215469772666,67.95949693165814,418.81034794467325,0.0
119,4.0,4.8873213499666095,0.8873213499666095,88.07670356083696,67.9594889738539,415.87722292992237,0.0
120,4.0,4.873214987732002,0.8732149877320019,88.1249902572628,67.95948833352652,412.7738232383087,0.0
121,4.0,4.85871679244186,0.8587167924418599,88.18003780562246,67.95949489133329,409.58422027447745,0.0
122,4.0,4.844117369816511,0.8441173698165114,88.23677109394353,67.95949010764174,406.3723472969008,0.0
123,4.0,4.829615341644844,0.8296153416448444,88.29147540154129,67.95949084236744,403.18190109913405,0.0
124,4.0,4.815362182298884,0.8153621822988839,88.34145560117881,67.95949942982008,400.0462060430227,0.0
125,4.0,4.801461539283321,0.8014615392833209,88.38482252054301,67.95949256227797,396.98806457959887,0.0
126,4.0,4.7879797500555545,0.7879797500555545,88.42024948179026,67.95948963847196,394.0220709494903,0.0
127,4.0,4.7749766139639895,0.7749766139639895,88.4468858524597,67.95948871060376,391.161381009346,0.0
128,4.0,4.76244900522383,0.7624490052238304,88.46416466316491,67.95949212510526,388.40530708651096,0.0
129,4.0,4.750449043923057,0.7504490439230569,88.4717384922391,67.95948938300471,385.7653156003408,0.0
130,4.0,4.7389909209279475,0.7389909209279475,88.46954725616796,67.9594949547038,383.24452854141674,0.0
131,4.0,4.728044489406846,0.7280444894068463,88.45761419470578,67.95949051324476,380.83631360677447,0.0
132,4.0,4.717611011434008,0.7176110114340082,88.43609333120949,67.95949092924607,378.54094845275006,0.0
133,4.0,4.707695385604326,0.7076953856043264,88.40514517808572,67.95949628201767,376.3595107702201,0.0
134,4.0,4.698287118769086,0.6982871187690858,88.36503455277058,67.95950089593805,374.2896920664671,0.0
135,4.0,4.689367622704866,0.6893676227048662,88.31612211540723,67.9595002160663,372.3274029323388,0.0
136,4.0,4.680908024071253,0.6809080240712531,88.25866497049344,67.9594912681287,370.46629123294395,0.0
137,4.0,4.672917051197498,0.6729170511974978,88.19304201661676,67.95948823874545,368.70827720071776,0.0
138,4.0,4.665362356512641,0.6653623565126408,88.11956240808684,67.95949089551391,367.04624437004924,0.0
139,4.0,4.658237255058866,0.6582372550588662,88.03856191025751,67.95949146168437,365.47872205021883,0.0
140,4.0,4.6515349656218365,0.6515349656218365,87.95036033355404,67.95949299699903,364.0042183740723,0.0
141,4.0,4.645224528427992,0.6452245284279918,87.85530849469558,67.95949082610508,362.6159221914265,0.0
142,4.0,4.639309048135431,0.6393090481354307,87.75372565576455,67.9594952724314,361.314516527063,0.0
143,4.0,4.633761970675109,0.633761970675109,87.64593129103064,67.95948989912046,360.09415948579226,0.0
144,4.0,4.628578550950772,0.6285785509507722,87.53223513222682,67.9594910532681,358.9538071464382,0.0
145,4.0,4.623744609603623,0.623744609603623,87.41294786154366,67.95949141013853,357.89034005006533,0.0
146,4.0,4.61924226734447,0.61924226734447,87.28835739938056,67.95948753515272,356.8998247530517,0.0
147,4.0,4.615068932685393,0.6150689326853929,87.15874719768338,67.95949394374149,355.9816911280547,0.0
148,4.0,4.611208549736416,0.6112085497364159,87.02440162196962,67.95949109572801,355.13240687927976,0.0
149,4.0,4.607651600635457,0.6076516006354566,86.8856080144236,67.95949598924497,354.3498780770687,0.0
150,4.0,4.604395008605349,0.6043950086053487,86.74261744134094,67.95949106204661,353.63342783044493,0.0
151,4.0,4.6014250015677245,0.6014250015677245,86.59570817311003,67.95949167353781,352.9800262821676,0.0
152,4.0,4.598728967019404,0.5987289670194036,86.44511924951587,67.95948819266185,352.386898681537,0.0
153,4.0,4.5962767210695645,0.5962767210695645,86.29109121009462,67.9594892369241,351.8474045725724,0.0
154,4.0,4.5940845417795035,0.5940845417795035,86.13386996232825,67.95949178956756,351.36512512875896,0.0
155,4.0,4.5921233856288515,0.5921233856288515,85.97369841808438,67.95949469030536,350.9336707756155,0.0
156,4.0,4.590401851521324,0.5904018515213236,85.8107653179749,67.95949724295956,402.6617912072983,0.0
157,4.0,4.587810122505648,0.5878101225056476,85.66564946458607,67.95949944752925,402.0916108238495,0.0
158,4.0,4.582872951340639,0.5828729513406392,85.56514438749686,67.95950107195118,401.00543316754766,0.0
159,4.0,4.576327195324972,0.5763271953249722,85.4957597512401,67.95950246431468,399.56536684410094,0.0
160,4.0,4.568698941559218,0.5686989415592176,85.44705428146412,67.95950327652744,397.8871510156349,0.0
161,4.0,4.560386535117186,0.5603865351171864,85.41132262155357,67.95950385667977,396.05842159838807,0.0
162,4.0,4.55169872923635,0.5516987292363504,85.38294829996212,67.95950420477097,394.14710430460417,0.0
163,4.0,4.542843829247698,0.5428438292476976,85.35781655712876,67.95950449569672,392.19902630710055,0.0
164,4.0,4.533986667557625,0.5339866675576248,85.33294421990425,67.95948828170172,390.2504507352845,0.0
165,4.0,4.525240747361471,0.5252407473614706,85.3062476749953,67.95948142523562,388.3263482921306,0.0
166,4.0,4.516668171982296,0.5166681719822961,85.27619912900333,67.95947941559545,386.4403817087122,0.0
167,4.0,4.508343238533072,0.5083432385330724,85.24175585019857,67.9594821862629,384.608896349883,0.0
168,4.0,4.5003034197959435,0.5003034197959435,85.20225680867885,67.95949088126774,382.84013622771465,0.0
169,4.0,4.492588458518158,0.49258845851815813,85.15722250389663,67.95949883857861,381.1428447466019,0.0
170,4.0,4.485177426719214,0.48517742671921393,85.10642502297884,67.95949449365838,379.5124177508342,0.0
171,4.0,4.47811008715366,0.4781100871536603,85.04975944238696,67.95949767436477,377.9576030464124,0.0
172,4.0,4.471378881510475,0.4713788815104749,84.98723795529486,67.95949658704428,376.4767378049116,0.0
173,4.0,4.464986150733397,0.464986150733397,84.91891440046666,67.95949636740454,375.07033703395444,0.0
174,4.0,4.458914413132895,0.45891441313289505,84.84490875383888,67.95949141004803,373.73455476184404,0.0
175,4.0,4.4531783558444715,0.4531783558444715,84.76540295500693,67.95948985119986,372.4726221583909,0.0
176,4.0,4.44774936659307,0.44774936659306963,84.68057459309645,67.9594910405073,371.2782445230825,0.0
177,4.0,4.442637372478707,0.44263737247870694,84.59062904780323,67.95949564230536,370.1536058179227,0.0
178,4.0,4.437823745071747,0.43782374507174726,84.49577533738214,67.95949410825742,369.09460778839156,0.0
179,4.0,4.433301281067675,0.43330128106767507,84.39624578828432,67.95949300757103,368.09966570749566,0.0
180,4.0,4.429065835006049,0.4290658350060488,84.2922406322854,67.9594926589578,367.1678675739379,0.0
181,4.0,4.425104574342296,0.42510457434229565,84.18399581820167,67.95949087714257,366.2963902279122,0.0
182,4.0,4.421407784354194,0.42140778435419435,84.07171019755465,67.95949092722398,365.4830964305299,0.0
183,4.0,4.41796908734277,0.4179690873427697,83.95561193219943,67.959495957861,364.72658308801647,0.0
184,4.0,4.414774731343183,0.4147747313431829,83.83592210139791,67.95950083074632,364.0238247681074,0.0
185,4.0,4.4118291170493436,0.41182911704934355,83.71282842507931,67.95950175891701,363.3757896234627,0.0
186,4.0,4.409113605302218,0.40911360530221774,83.58653435929921,67.95950129483153,362.778377039095,0.0
187,4.0,4.406624579794789,0.40662457979478894,83.45722899847895,67.95950013461882,362.23079142746064,0.0
188,4.0,4.404361369176474,0.40436136917647403,83.32511254694752,67.95949885838563,361.73288509143134,0.0
189,4.0,4.402315095131309,0.4023150951313088,83.19039450823912,67.95949781419594,361.282704801495,0.0
190,4.0,4.400471245597953,0.4004712455979531,83.05321917664857,67.95949677000714,396.28078627571193,0.0
191,4.0,4.397994631363954,0.39799463136395374,82.92933851425042,67.9594959578609,395.7359311442321,0.0
192,4.0,4.394054266446059,0.3940542664460587,82.83409942824066,67.95949560979838,394.8690508622952,0.0
193,4.0,4.389119778395401,0.3891197783954006,82.75816708239427,67.95949514571521,393.7834634911504,0.0
194,4.0,4.383554580574193,0.38355458057419334,82.69475356739191,67.95949491367367,392.55911997048486,0.0
195,4.0,4.377617643914957,0.3776176439149568,82.63894704219906,67.95949468163212,391.2529939054528,0.0
196,4.0,4.371483998024191,0.37148399802419085,82.58719981582912,67.95949468163212,389.9035918094843,0.0
197,4.0,4.365300216932041,0.36530021693204073,82.5369062914497,67.95949468163212,388.5431599692113,0.0
198,4.0,4.3591482819607394,0.35914828196073945,82.48625810924045,67.95949468163214,387.189734275525,0.0
199,4.0,4.35311460784007,0.3531146078400704,82.43392917608656,67.95949468163215,385.8623259689778,0.0
200,4.0,4.347249819260975,0.3472498192609752,82.3790285090529,67.95949468163217,384.57207248157687,0.0
201,4.0,4.341590876603922,0.34159087660392196,82.32094301170658,67.95949468163218,383.32710509702514,0.0
202,4.0,4.336147035243138,0.3361470352431377,82.2592775451698,67.95949468163221,382.1294599976526,0.0
203,4.0,4.3309309565910485,0.33093095659104854,82.19383665358608,67.95949468163222,380.981922694193,0.0
204,4.0,4.325959094757718,0.3259590947577182,82.12445067806203,67.95949468163224,379.8881130908603,0.0
205,4.0,4.321228879355293,0.3212288793552931,82.05113161370855,67.95949468163221,378.84746570232676,0.0
206,4.0,4.316743192624368,0.3167431926243678,81.97391000645429,67.95949468163231,377.8606146215232,0.0
207,4.0,4.312499767300032,0.31249976730003226,81.89283942228627,67.95949468163225,376.9270610501694,0.0
208,4.0,4.308494250765435,0.3084942507654347,81.80805421462064,67.95949468163238,376.0458474125579,0.0
209,4.0,4.304720747359929,0.30472074735992916,81.71965723231264,67.95949468163232,375.2156766633467,0.0
210,4.0,4.301185537643491,0.3011855376434909,81.62781505022758,67.95949468163234,374.4379305257303,0.0
211,4.0,4.297866696180463,0.2978666961804626,81.5326628033155,67.95949468163234,373.7077854038641,0.0
212,4.0,4.29476680018621,0.2947668001862098,81.43438216320367,67.9594830019955,373.02580828512845,0.0
213,4.0,4.291875377539659,0.2918753775396592,81.33312864778169,67.95947395323716,372.38969530288733,0.0
214,4.0,4.289190532614082,0.28919053261408223,81.22904296085822,67.95948077042705,371.7990294192604,0.0
215,4.0,4.286706725468984,0.2867067254689841,81.12229733200344,67.95948163930785,371.25259184733886,0.0
216,4.0,4.284412020443252,0.2844120204432521,81.01305733300632,67.95948773233741,370.7477567416778,0.0
217,4.0,4.282306634378121,0.28230663437812087,80.90145760501419,67.95948725826318,370.2845718073489,0.0
218,4.0,4.280376109346418,0.28037610934641766,80.78766043483849,67.95948120154645,369.8598563003742,0.0
219,4.0,4.278625411325292,0.27862541132529195,80.67179500598769,67.95948193944095,369.4747027357265,0.0
220,4.0,4.27704122236434,0.2770412223643399,80.55402789846427,67.95948757203406,369.1261811643171,0.0
221,4.0,4.275619304733073,0.2756193047330733,80.43448259806426,67.95949625183381,368.8133592854384,0.0
222,4.0,4.274352216858867,0.27435221685886724,80.3132850663114,67.95949225859981,368.5345999531131,0.0
223,4.0,4.273236960635103,0.27323696063510283,80.19059325263643,67.95948092003152,368.28924358388497,0.0
224,4.0,4.272260520378338,0.2722605203783379,80.06650227284054,67.95948052926444,368.0744267273967,0.0
225,4.0,4.271424594666636,0.2714245946666356,79.94116508992377,67.95948370003852,367.8905230708222,0.0
226,4.0,4.270720893555432,0.27072089355543216,79.81466466708943,67.95948649230955,367.73570882635744,0.0
227,4.0,4.270160741088823,0.27016074108882293,79.6871160280558,67.9594880447627,367.6124752837034,0.0
228,4.0,4.269731374618152,0.2697313746181518,79.55867294290475,67.95947969898188,367.51801466015576,0.0
229,4.0,4.269422101634209,0.2694221016342091,79.42940434236779,67.95947678967431,367.44997460368836,0.0
230,4.0,4.269253157621125,0.269253157621125,79.29942759676555,67.95947551052531,367.4128069208099,0.0
231,4.0,4.269191459783781,0.269191459783781,79.16882851953365,67.95947717127565,367.3992333965942,0.0
232,4.0,4.2692350021090055,0.26923500210900553,79.03773126497369,67.95947107120072,367.40881270814356,0.0
233,4.0,4.2693721576259085,0.2693721576259085,78.90623176712174,67.95947396364241,367.43898692186224,0.0
234,4.0,4.269629340001201,0.26962934000120065,78.77441104079521,67.95947798098047,367.49556704442654,0.0
235,4.0,4.269982504032361,0.26998250403236135,78.64237576767613,67.9594786938257,367.5732631312819,0.0
236,4.0,4.270426512345315,0.2704265123453151,78.510171467739,67.95948497208747,367.67094496013175,0.0
237,4.0,4.270948049671212,0.2709480496712118,78.37790307383334,67.95948267063498,367.785683171829,0.0
238,4.0,4.271562345439896,0.27156234543989566,78.2456460578917,67.95948396408711,367.9208282409395,0.0
239,4.0,4.272260446845092,0.27226044684509176,78.11346985948042,67.95948529662513,368.07441055008263,0.0
240,4.0,4.273038438703393,0.2730384387033933,77.98144081121539,67.95948989205678,368.245568758909,0.0
241,4.0,4.2738801229976175,0.27388012299761755,77.84963636143611,67.95948887097467,368.4307393036383,0.0
242,4.0,4.274797692549084,0.27479769254908426,77.71811044948889,67.95949009753335,368.632604604961,0.0
243,4.0,4.275787003138501,0.27578700313850124,77.58691940409003,67.95948933478175,368.85025293463275,0.0
244,4.0,4.276835285216941,0.2768352852169409,77.45615315309047,67.95948479164458,369.08087499188946,0.0
245,4.0,4.277945601552447,0.27794560155244685,77.3258962580447,67.95948251351298,369.32514458570074,0.0
246,4.0,4.279110510207934,0.27911051020793387,77.1962561488286,67.95948599874994,369.5814244899079,0.0
247,4.0,4.280328120119112,0.2803281201191119,77.06731624811198,67.95948483468105,369.84929867036703,0.0
248,4.0,4.281590844291713,0.28159084429171344,76.93912083316859,67.95948371387567,370.12709798833936,0.0
249,4.0,4.282896477194499,0.28289647719449906,76.8117577420691,67.95947906615729,370.41433722695217,0.0
250,4.0,4.2842393032112795,0.28423930321127955,76.68527464856953,67.9594828493257,370.7097589506439,0.0
251,4.0,4.285609801168243,0.28560980116824286,76.55969029588391,67.95948075604554,371.01126850117583,0.0
252,4.0,4.2870220470257445,0.2870220470257445,76.43508203165761,67.95948349388591,371.32196258982617,0.0
253,4.0,4.288461345756171,0.2884613457561711,76.31143862565276,67.95948324969969,371.63860831052,0.0
254,4.0,4.28992766241245,0.2899276624124498,76.18881328569125,67.95948391505928,371.9611979749013,0.0
255,4.0,4.2914197670672065,0.2914197670672065,76.06724828576054,67.95948169738665,372.2894609989478,0.0
256,4.0,4.2929338439158276,0.29293384391582755,75.94673544181423,67.9594866577694,372.62255790564444,0.0
257,4.0,4.2944685279864485,0.2944685279864485,75.82731238328088,67.9594807382581,372.96018840118103,0.0
258,4.0,4.296023456317944,0.29602345631794424,75.70899245057655,67.95948748562026,373.30227263411007,0.0
259,4.0,4.29759607924605,0.29759607924605014,75.59175705551871,67.95948190349887,373.6482496782934,0.0
260,4.0,4.299189059809026,0.2991890598090263,75.47551498356184,67.95948399562278,373.9987054021481,0.0
261,4.0,4.30081971643005,0.3008197164300501,75.36016768081346,67.95948726544269,374.35744985877335,0.0
262,4.0,4.302495194790619,0.3024951947906187,75.24567517838776,67.95948640700108,401.19819014394284,0.0
263,4.0,4.3035791333638524,0.30357913336385245,75.14308585649812,67.95948330883483,401.43665663005424,0.0
264,4.0,4.303468956956311,0.30346895695631115,75.06232758674567,67.95948052085096,401.41241782039515,0.0
265,4.0,4.3025567163785405,0.30255671637854054,74.99639832657806,67.95948129232713,401.21172489328563,0.0
266,4.0,4.30110393537505,0.30110393537504976,74.94043907672605,67.9594819000137,427.5171041138292,0.0
267,4.0,4.298665904571051,0.2986659045710507,74.90226994426176,67.95947563587978,426.9807373369494,0.0
268,4.0,4.294792042688065,0.2947920426880648,74.88938654858747,67.95948501410719,426.1284877226925,0.0
269,4.0,4.289966677181126,0.289966677181126,74.89296565759831,67.95948035280989,425.066907311166,0.0
270,4.0,4.284533261837398,0.2845332618373977,74.90691912280866,67.95948437273037,423.87155593554576,0.0
271,4.0,4.278736891663227,0.2787368916632271,74.92695526237705,67.95947773580359,422.5963544972282,0.0
272,4.0,4.272759581788754,0.2727595817887538,74.9500202921156,67.959488787531,421.2813463248441,0.0
273,4.0,4.266714298327157,0.2667142983271571,74.97402249081178,67.95949125382536,419.9513839632928,0.0
274,4.0,4.2606919845481315,0.2606919845481315,74.9975015375345,67.95948746886181,418.6264749319072,0.0
275,4.0,4.254748853077616,0.25474885307761586,75.01943785862214,67.95947889506795,417.3189860083937,0.0
276,4.0,4.248922728203934,0.2489227282039339,75.0391169576938,67.95948404271557,416.0372385361837,0.0
277,4.0,4.243232587783853,0.2432325877838526,75.05605628877709,67.95948497215028,414.7854076437658,0.0
278,4.0,4.237694704126856,0.23769470412685578,75.069974366652,67.95948514487431,413.5670732392265,0.0
279,4.0,4.232346502194685,0.23234650219468467,75.08068712137094,67.95948597937243,412.39046881414885,0.0
280,4.0,4.227176014908665,0.22717601490866457,75.08811412852567,67.95948841617017,411.2529616112244,0.0
281,4.0,4.222179501732639,0.22217950173263912,75.0922373488218,67.95948594061626,410.15372871249883,0.0
282,4.0,4.217390275014316,0.21739027501431618,75.09303099800711,67.9594801549835,409.10009883446776,0.0
283,4.0,4.21278040533954,0.21278040533954012,75.09057069243819,67.95948895037321,408.085927506017,0.0
284,4.0,4.208352731406624,0.2083527314066238,75.08491288280325,67.95948957232467,407.11183924077545,0.0
285,4.0,4.204107158573765,0.20410715857376527,75.07613482235851,67.95948699481802,406.1778132175466,0.0
286,4.0,4.200037446656463,0.20003744665646295,75.06432009868055,67.95948511293375,405.2824765957401,0.0
287,4.0,4.1961385127761135,0.1961385127761135,75.04956536186532,67.9594846654782,404.4247111420632,0.0
288,4.0,4.192431108980864,0.19243110898086435,75.03197760861819,67.9594833788671,403.6090823071084,0.0
289,4.0,4.188884829440488,0.18888482944048768,75.01167002101637,67.95948455016797,402.8289008082255,0.0
290,4.0,4.1854719162214336,0.18547191622143355,74.9887088118309,67.95948898781,402.0780599000336,0.0
291,4.0,4.182231750781623,0.18223175078162335,74.96317843963875,67.95948900445828,401.3652235032754,0.0
292,4.0,4.179145388880231,0.17914538888023124,74.93519889871382,67.9594915670534,400.68622388496914,0.0
293,4.0,4.176214192422484,0.17621419242248404,74.90490126458484,67.95949199017184,400.04136066426474,0.0
294,4.0,4.173430483797318,0.1734304837973184,74.8723427969864,67.95948774634357,399.4289447667283,0.0
295,4.0,4.170776757350531,0.17077675735053077,74.83760604685457,67.95947859975834,398.845124948435,0.0
296,4.0,4.168251899581081,0.16825189958108133,74.8008023356546,67.95947414697541,398.2896562391561,0.0
297,4.0,4.165859700497838,0.16585970049783771,74.76200835148319,67.9594750485809,397.7633724408425,0.0
298,4.0,4.163599534827302,0.16359953482730205,74.7213129493193,67.95947444141039,397.26613599332467,0.0
299,4.0,4.1614595938666294,0.16145959386662945,74.67882440074322,67.9594760562157,396.7953489819767,0.0
300,4.0,4.159447380528582,0.1594473805285821,74.63457557180548,67.95947760166375,396.35266204760626,0.0
301,4.0,4.157550823903233,0.15755082390323327,74.58867930758412,67.95948324507192,395.93541959002954,0.0
302,4.0,4.155775633476362,0.15577563347636225,74.5411998983812,67.9594828607744,395.5448776961179,0.0
303,4.0,4.154114362976389,0.15411436297638925,74.49221287832725,67.95948028860109,395.1793981861239,0.0
304,4.0,4.152564575761438,0.15256457576143756,74.44181065658174,67.9594856005433,394.8384449988345,0.0
305,4.0,4.151121670310697,0.15112167031069657,74.39004508785979,67.95948173161204,394.5210057996715,0.0
306,4.0,4.1497795211872495,0.14977952118724946,74.3369953845222,67.95948334434918,394.22573299251314,0.0
307,4.0,4.148544465977022,0.14854446597702164,74.28274102850914,67.95948246943703,393.954020846263,0.0
308,4.0,4.147406619741902,0.1474066197419024,74.22734451219193,67.959487675808,393.7036946745368,0.0
309,4.0,4.146361842225356,0.14636184222535586,74.17087540099543,67.95948529395494,393.47384362089656,0.0
310,4.0,4.145409609700948,0.1454096097009483,74.11340402468713,67.9594884038315,393.2643524655269,0.0
311,4.0,4.1445640923268705,0.1445640923268705,74.05497607807227,67.95948736831869,393.07833864322976,0.0
312,4.0,4.1438143806223335,0.14381438062233354,73.99566684966612,67.95948168418936,392.9134020682316,0.0
313,4.0,4.144353889840996,0.14435388984099617,73.93553965704314,67.95948485840746,393.0320940963374,0.0
314,4.0,4.14375609009419,0.14375609009418966,73.8747685960104,67.9594836886554,392.90057815204,0.0
315,4.0,4.143225481002175,0.14322548100217514,73.8135120021043,67.95948548534774,392.7838441517968,0.0
316,4.0,4.1427716991044905,0.1427716991044905,73.7517361453448,67.95948756171326,392.6840121343062,0.0
317,4.0,4.142385099539453,0.1423850995394531,73.68946419478188,67.95948111323598,392.598960229998,0.0
318,4.0,4.142055249097955,0.14205524909795475,73.62671188377345,67.9594828880304,392.52639313286835,0.0
319,4.0,4.141788932572935,0.14178893257293534,73.5635066464875,67.95948070616912,392.46780349736406,0.0
320,4.0,4.141587380746858,0.1415873807468584,73.49987256805414,67.95948524314561,392.42346209562714,0.0
321,4.0,4.141453330511179,0.1414533305111787,73.43584859803549,67.95948376952812,392.3939710437776,0.0
322,4.0,4.1413790389958285,0.1413790389958285,73.3714713813284,67.95948866987175,392.3776269104005,0.0
323,4.0,4.141371028770465,0.1413710287704646,73.30678739865937,67.95948255738148,392.37586466082047,0.0
324,4.0,4.14141566280178,0.14141566280177997,73.24181626911655,67.95948094555872,392.38568414770987,0.0
325,4.0,4.141525010569412,0.1415250105694117,73.17661498355181,67.95948481900405,392.40974065658884,0.0
326,4.0,4.141690391420108,0.14169039142010842,73.11121053652154,67.95948420495908,392.4461244437421,0.0
327,4.0,4.141909968864115,0.14190996886411522,73.04563882353419,67.95948114460221,392.4944314814236,0.0
328,4.0,4.14217642518439,0.14217642518439,72.97995926430286,67.95948914202506,392.55305187188407,0.0
329,4.0,4.142494327385943,0.14249432738594336,72.91419317716145,67.95948555338973,392.6229903562258,0.0
330,4.0,4.142865040828179,0.14286504082817864,72.84837786182698,67.95948884195344,392.70454731351754,0.0
331,4.0,4.1432778142363675,0.14327781423636754,72.78254644194122,67.95948565594522,392.7953574633191,0.0
332,4.0,4.14373327608123,0.14373327608123,72.71673298196997,67.95948729777263,392.89555906918883,0.0
333,4.0,4.144234184519331,0.14423418451933134,72.65097565794832,67.95948352543697,393.0057589255711,0.0
334,4.0,4.1447932128748946,0.14479321287489455,72.58529654255922,67.95948021527435,393.12874516379503,0.0
335,4.0,4.145395601394086,0.14539560139408625,72.51973295963536,67.95948509917176,393.2612706380172,0.0
336,4.0,4.146038957509923,0.1460389575099228,72.45431879037217,67.95948878151681,393.40280898350125,0.0
337,4.0,4.146721368820435,0.14672136882043496,72.38907769755781,67.95949279420627,393.55293947181394,0.0
338,4.0,4.14743054054101,0.14743054054101012,72.32404869019052,67.95948557812467,393.70895725034046,0.0
339,4.0,4.148168631070344,0.14816863107034361,72.25925325512337,67.95949037679416,393.8713371667938,0.0
340,4.0,4.14892939087887,0.14892939087886958,72.19472523967924,67.95948829577681,394.03870432466954,0.0
341,4.0,4.149713290657759,0.1497132906577594,72.13046895550471,67.95948514851827,394.2111622760253,0.0
342,4.0,4.150528923143513,0.15052892314351318,72.06652306821353,67.95948651069612,394.3906014228911,0.0
343,4.0,4.151364729712752,0.1513647297127516,72.00290408787271,67.95948737792895,394.57447886812355,0.0
344,4.0,4.152235232187497,0.1522352321874969,71.93961746623648,67.95948364654049,394.76598941256754,0.0
345,4.0,4.153121438083359,0.15312143808335943,71.87669898525942,67.9594878580005,394.9609547096573,0.0
346,4.0,4.1540348168630405,0.15403481686304055,71.81415250219888,67.95948902540076,395.16189804118716,0.0
347,4.0,4.154967345623396,0.15496734562339576,71.75200847517984,67.95948822842082,395.3670543684653,0.0
348,4.0,4.1559124589245195,0.15591245892451955,71.69026509245789,67.95948700928702,395.57497929471253,0.0
349,4.0,4.1568938798418325,0.15689387984183245,71.62895820127063,67.9594864034697,395.7908918965214,0.0
350,4.0,4.15788696964311,0.15788696964311022,71.56809703535794,67.95948183855116,396.0093716528025,0.0
351,4.0,4.1589113656194145,0.15891136561941455,71.5076875597687,67.95948345333764,396.2347387675894,0.0
352,4.0,4.159948472226609,0.1599484722266089,71.44775307597858,67.95947796700192,396.46290222117216,0.0
353,4.0,4.1610037122704515,0.16100371227045152,71.38829975317675,67.95947448981941,396.6950550308175,0.0
354,4.0,4.162083585697511,0.1620835856975109,71.32936508585217,67.95946995775105,396.9326271847706,0.0
355,4.0,4.163173999809106,0.16317399980910618,71.27094357502311,67.95947005596443,397.17251828932154,0.0
356,4.0,4.16425954551039,0.16425954551039013,71.21306462820863,67.95946927185759,397.41133834360403,0.0
357,4.0,4.1653491595929415,0.1653491595929415,71.15571672151384,67.95947156508757,397.6510534417653,0.0
358,4.0,4.166453149532977,0.16645314953297685,71.09892477334049,67.95947894966946,397.8939312285731,0.0
359,4.0,4.167564910307036,0.16756491030703557,71.04268289579983,67.95947673311329,398.13851859886597,0.0
360,4.0,4.168682927839084,0.16868292783908423,70.98700686305136,67.95947881930712,398.38448245591667,0.0
361,4.0,4.169807607023079,0.1698076070230794,70.93189946323703,67.95947648880983,398.63191187639563,0.0
362,4.0,4.170935776977555,0.17093577697755524,70.87737158087046,67.95948279414448,398.8801092663803,0.0
363,4.0,4.172070054183135,0.17207005418313503,70.82342784079931,67.95948858329857,399.12965025160787,0.0
364,4.0,4.173208939555179,0.17320893955517924,70.77008355311196,67.95949028883368,399.38020503345757,0.0
365,4.0,4.174348249532688,0.17434824953268802,70.71731387207139,67.95948883117028,399.6308532285095,0.0
366,4.0,4.175497558034678,0.17549755803467804,70.66515036345541,67.9594843182162,399.8837010989473,0.0
367,4.0,4.176638564260567,0.1766385642605668,70.61358337060759,67.95948580583921,400.13472246864285,0.0
368,4.0,4.177795903315976,0.1777959033159764,70.5626233379452,67.95948200936846,400.389337060833,0.0
369,4.0,4.17896910083587,0.1789691008358698,70.51226850412806,67.95948150435851,400.64744051520955,0.0
370,4.0,4.1801391855795424,0.18013918557954245,70.46252990549895,67.95948444105994,400.90485915881754,0.0
371,4.0,4.181314651127491,0.181314651127491,70.41341167745453,67.95948844848009,401.16346157936624,0.0
372,4.0,4.1824834017485735,0.18248340174857347,70.36491997559219,67.9594810300771,401.4205867160044,0.0
373,4.0,4.183652974559244,0.18365297455924434,70.31705209632771,67.95947778463042,401.677892734352,0.0
374,4.0,4.184818923217338,0.18481892321733806,70.26981329239705,67.95947212235801,401.9344014391326,0.0
375,4.0,4.185954796798826,0.18595479679882576,70.22320703843182,67.95947212182689,402.1842936270599,0.0
376,4.0,4.187093366581099,0.18709336658109876,70.17722372682337,67.95947741254234,402.43477897915994,0.0
377,4.0,4.188225003041133,0.18822500304113277,70.13187335385325,67.95947712292559,402.68373900036744,0.0
378,4.0,4.1893526216152175,0.1893526216152175,70.08713590915002,67.95947575585777,402.93181508666606,0.0
379,4.0,4.190492272901801,0.1904922729018006,70.04302432325318,67.95947687417309,403.18253836971434,0.0
380,4.0,4.191629348837785,0.19162934883778515,69.9995268688014,67.95947638118933,403.43269507563093,0.0
381,4.0,4.192761981762638,0.19276198176263826,69.95665775115758,67.95947717131912,403.6818743190986,0.0
382,4.0,4.193887927821597,0.19388792782159658,69.91440461370074,67.9594818709645,403.92958245206944,0.0
383,4.0,4.195009200809377,0.1950092008093769,69.87276267896267,67.95948505795255,404.1762625093811,0.0
384,4.0,4.1961212104264325,0.1961212104264325,69.83174225422472,67.95948454359063,404.42090462513335,0.0
385,4.0,4.197227516662458,0.1972275166624584,69.79134227273084,67.95948680148918,404.664291997059,0.0
386,4.0,4.198331529747469,0.1983315297474686,69.75154467387759,67.95948605450141,404.90717487576126,0.0
387,4.0,4.199411544392248,0.19941154439224817,69.71236259506026,67.95948878990875,405.14477809761274,0.0
388,4.0,4.200490241805583,0.20049024180558295,69.67378484348637,67.95948808675901,405.38209152854637,0.0
389,4.0,4.201556895741452,0.20155689574145175,69.63581219162926,67.95948989953455,405.6167553944375,0.0
390,4.0,4.2026024062214065,0.20260240622140646,69.59843770483205,67.95948773947323,405.84676770002756,0.0
391,4.0,4.203678977270533,0.20367897727053297,69.56165896681233,67.95947480052035,406.08361333083536,0.0
392,4.0,4.204756586493523,0.2047565864935228,69.52546978367238,67.95947428100695,406.3206873598931,0.0
393,4.0,4.205815161485446,0.20581516148544576,69.48986831956331,67.95947355422739,406.5535738581161,0.0
394,4.0,4.206877482115777,0.20687748211577706,69.45486275430582,67.95947279890939,406.787284396789,0.0
395,4.0,4.207929457678052,0.20792945767805193,69.42043715994818,67.95947158079072,407.01871902048947,0.0
396,4.0,4.208968807158355,0.20896880715835486,69.38660234905538,67.95947373346591,407.2473759061561,0.0
397,4.0,4.210002026851102,0.21000202685110203,69.35334842229142,67.9594753135928,407.4746842385605,0.0
398,4.0,4.211009081554038,0.21100908155403797,69.3206785025835,67.95947502096598,407.6962362732064,0.0
399,4.0,4.210709901536087,0.21070990153608715,69.2885898328784,67.95948039075432,407.6304166692572,0.0
400,4.0,4.211694594686873,0.21169459468687268,69.25693785226913,67.95947923847045,407.84704916243004,0.0
401,4.0,4.212677602397875,0.21267760239787492,69.22565725823729,67.9594785234393,408.0633108588505,0.0
402,4.0,4.213659778943336,0.21365977894333632,69.19477909818163,67.95948117645133,408.279389698852,0.0
403,4.0,4.214638649190578,0.21463864919057762,69.16435713146859,67.959473216532,408.4947411532451,0.0
404,4.0,4.215610999890427,0.2156109998904272,69.13443002344233,67.95947726456363,408.70865830721203,0.0
405,4.0,4.216566754319707,0.2165667543197074,69.10500040913529,67.9594756010859,408.9189242816537,0.0
406,4.0,4.2175198332581125,0.21751983325811253,69.07608096602802,67.95947920152648,409.1286016481028,0.0
407,4.0,4.218462742497071,0.21846274249707065,69.04768164595217,67.95947755254261,409.3360416806736,0.0
408,4.0,4.2193926864982805,0.21939268649828048,69.01979798923692,67.95946093048117,409.54062936093976,0.0
409,4.0,4.220314698339543,0.22031469833954276,68.99243701057394,67.95946454076403,409.74347196601747,0.0
410,4.0,4.221217451904962,0.22121745190496167,68.965594565835,67.95946102401791,409.9420777504096,0.0
411,4.0,4.222114254551456,0.22211425455145584,68.93927222220002,67.95946668615949,410.13937433263834,0.0
412,4.0,4.223004791183887,0.22300479118388683,68.91345110246809,67.95947530836332,410.3352923917732,0.0
413,4.0,4.223879177276161,0.22387917727616102,68.88814323857183,67.95948795093028,410.5276573320735,0.0
414,4.0,4.2247493834281995,0.2247493834281995,68.86333412115049,67.95943177397375,410.71910268552193,0.0
415,4.0,4.22561398079583,0.2256139807958304,68.83901983375321,67.95941969160931,410.90931410640076,0.0
416,4.0,4.226450640832985,0.22645064083298472,68.8151996109215,67.95942640833925,411.0933793145747,0.0
417,4.0,4.22728545038599,0.22728545038599002,68.7918574961118,67.95943599278758,411.2770374162359,0.0
418,4.0,4.228106882341521,0.2281068823415211,68.76900039655197,67.95944444779745,411.45775244645273,0.0
419,4.0,4.228902651167519,0.22890265116751873,68.74661320295485,67.95929015088721,411.6328215881722,0.0
420,4.0,4.228665765040894,0.2286657650408941,68.7246933212869,67.95925725068959,411.58070664031476,0.0
421,4.0,4.229445009532475,0.22944500953247537,68.70313881586772,67.95927991742523,411.75214042846267,0.0
422,4.0,4.2302344993995655,0.23023449939956553,68.68186429567169,67.95931797280993,411.9258281992225,0.0
423,4.0,4.230996040397618,0.2309960403976179,68.66092742209625,67.95937161084576,412.093367218794,0.0
424,4.0,4.231762287250707,0.23176228725070658,68.64035965320775,67.95914539964784,412.26194152647355,0.0
425,4.0,4.232519940557036,0.23251994055703573,68.62016172190106,67.95910112366869,412.42862525386596,0.0
426,4.0,4.233258828591347,0.23325882859134683,68.60038257096205,67.95911934595686,412.5911806214144,0.0
427,4.0,4.233990192052178,0.23399019205217808,68.58099654826563,67.959190889813,412.7520805827973,0.0
428,4.0,4.234709985256602,0.23470998525660214,68.56200723248928,67.95928705155826,412.9104350877706,0.0
429,4.0,4.235427730449469,0.2354277304494694,68.54344538547083,67.95939136333965,413.0683390302014,0.0
430,4.0,4.236114791146958,0.23611479114695832,68.52527961539707,67.95898862791653,413.21949238364897,0.0
431,4.0,4.23680859865577,0.2368085986557702,68.5075017064344,67.95892592402512,413.3721300355876,0.0
432,4.0,4.237479823957974,0.2374798239579743,68.4901302607636,67.95896259878087,413.5197996020725,0.0
433,4.0,4.238157632379535,0.2381576323795347,68.47315372518413,67.95906756051257,413.6689174548158,0.0
434,4.0,4.238835394272664,0.2388353942726642,68.45655432551591,67.95919803667871,413.8180250713043,0.0
435,4.0,4.239491174518598,0.23949117451859792,68.44033290866784,67.95865810097958,413.9622967254097,0.0
436,4.0,4.240135777800472,0.24013577780047157,68.42450415741865,67.9585934239246,414.10410944742193,0.0
437,4.0,4.2407652336414525,0.24076523364145253,68.40905409709315,67.95869019703434,414.24258973243775,0.0
438,4.0,4.241388969426523,0.24138896942652277,68.3939590773207,67.95888011295439,414.3798116051532,0.0
439,4.0,4.242002325659632,0.24200232565963198,68.37922195808625,67.95910103011504,414.5147499764372,0.0
440,4.0,4.24257261452988,0.24257261452988033,68.36485291727713,67.95838888142423,414.64021352789183,0.0
441,4.0,4.2431424316947455,0.24314243169474548,68.35083355113353,67.95828654428006,414.76557330416216,0.0
442,4.0,4.243700755240842,0.2437007552408419,68.33715189214482,67.95839963533255,414.88840448430335,0.0
443,4.0,4.244246285482376,0.24424628548237592,68.32378979036422,67.95864424323152,415.00842113744085,0.0
444,4.0,4.239621356340728,0.23962135634072812,68.3107776197747,67.95892678484557,413.99093672627833,0.0
445,4.0,4.235487678958507,0.2354876789585072,68.2976138307393,67.95921068227638,413.08152770218976,0.0
446,4.0,4.236112473456183,0.23611247345618303,68.28350194585641,67.95824842767954,413.21898249167845,0.0
447,4.0,4.236809826772631,0.23680982677263085,68.2683851456237,67.95807554339291,413.37240022129697,0.0
448,4.0,4.237569608394214,0.23756960839421382,68.25272789213967,67.95816417441596,413.5395521780452,0.0
449,4.0,4.238357124017365,0.23835712401736497,68.23683568989928,67.95842487752132,413.71280561513845,0.0
450,4.0,4.239146175418653,0.2391461754186528,68.22091799534483,67.95876202236647,413.8863969234218,0.0
451,4.0,4.239943282026561,0.23994328202656057,68.20513130830926,67.95755327610439,414.0617603771615,0.0
452,4.0,4.240743020810242,0.24074302081024168,68.18960008582945,67.9574518776173,414.23770290957134,0.0
453,4.0,4.241531287505095,0.24153128750509456,68.17436352748946,67.95766827804356,414.41112158243897,0.0
454,4.0,4.242294224202014,0.24229422420201363,68.15947687801378,67.95808940753783,414.5789676557612,0.0
455,4.0,4.243065768370173,0.24306576837017335,68.14496467387912,67.95859368578948,414.7487073727563,0.0
456,4.0,4.243804940658925,0.24380494065892488,68.13085690715972,67.95716828114446,414.9113252762817,0.0
457,4.0,4.235191127998811,0.23519112799881103,68.11715722703593,67.95703568857567,413.01628649105663,0.0
458,4.0,4.2359545777906105,0.23595457779061046,68.10302757552488,67.95730796662205,413.1842454452525,0.0
459,4.0,4.236811144260944,0.23681114426094396,68.08781242369444,67.95782236919932,413.37269006872583,0.0
460,4.0,4.237700901136863,0.23770090113686315,68.07201087134004,67.95843212563356,413.56843658142805,0.0
461,4.0,4.23862871573061,0.23862871573061017,68.05598457188323,67.95899741439298,413.7725557920524,0.0
462,4.0,4.2395734766350825,0.23957347663508255,68.03997007033631,67.95718383026362,413.9804031910363,0.0
463,4.0,4.240511641340571,0.24051164134057057,68.02413085844309,67.95684914374543,414.1867994262437,0.0
464,4.0,4.241425347126852,0.24142534712685215,68.00860422391116,67.95699456147226,414.3878146992256,0.0
465,4.0,4.242350878267814,0.2423508782678141,67.99342361108567,67.95746213983726,414.59143155023725,0.0
466,4.0,4.243264548619107,0.2432645486191074,67.97866820452792,67.95807639016665,414.79243902752177,0.0
467,4.0,4.244145816837603,0.2441458168376034,67.96436926544932,67.95609634929639,414.9863180355909,0.0
468,4.0,4.23503193197783,0.23503193197783023,67.95055207524763,67.95593693056779,412.9812633664408,0.0
469,4.0,4.235916113856722,0.23591611385672184,67.93632302376024,67.95635711974634,413.175783379797,0.0
470,4.0,4.236903422792592,0.2369034227925919,67.9209550835669,67.95713192068413,413.3929913456884,0.0
471,4.0,4.237943173962976,0.23794317396297604,67.90503117038197,67.95801444352337,413.6217366031729,0.0
472,4.0,4.238994300155335,0.23899430015533518,67.88890333168641,67.95884274114277,413.8529843654919,0.0
473,4.0,4.240062983358028,0.2400629833580279,67.87282936657394,67.9567238530873,414.08809467008433,0.0
474,4.0,4.241130405534454,0.24113040553445408,67.85700285234361,67.95635884710873,414.32292754889806,0.0
475,4.0,4.242187931952608,0.2421879319526079,67.84153517067924,67.95651008620779,414.5555833608919,0.0
476,4.0,4.2432290950245175,0.2432290950245175,67.82650626748247,67.95701742132403,414.784639236712,0.0
477,4.0,4.2442430968839355,0.24424309688393553,67.81195388798521,67.95770643333569,415.00771964578394,0.0
478,4.0,4.234735479795571,0.23473547979557097,67.79791804715575,67.95562077042786,412.91604388634374,0.0
479,4.0,4.235762705265342,0.23576270526534238,67.78350534875696,67.955510181723,413.14203348969346,0.0
480,4.0,4.236870838349769,0.23687083834976885,67.76794724548678,67.95602714753483,413.3858227682673,0.0
481,4.0,4.238037191109251,0.23803719110925137,67.75181740950285,67.956907012536,413.6424203753535,0.0
482,4.0,4.239223404522269,0.23922340452226898,67.73552164670839,67.95789011676452,413.90338732621734,0.0
483,4.0,4.240396025942174,0.24039602594217424,67.71933952450922,67.95593598299045,414.1613640385965,0.0
484,4.0,4.241583589797675,0.24158358979767502,67.70343858679907,67.95585230256745,414.4226280868067,0.0
485,4.0,4.242756360528204,0.2427563605282037,67.68795774644356,67.95632607393388,414.680637647523,0.0
486,4.0,4.243909112693409,0.24390911269340876,67.67297172779217,67.957097427727,414.9342431238681,0.0
487,4.0,4.2354956296849,0.2354956296849,67.65855406580006,67.95797880095964,413.0832768619962,0.0
488,4.0,4.236649598864341,0.23664959886434112,67.64386769032495,67.95876447748283,413.3371500814732,0.0
489,4.0,4.2378752644959325,0.23787526449593255,67.62824187083545,67.95664436037693,413.60679652042336,0.0
490,4.0,4.239135460876186,0.2391354608761862,67.61223236422795,67.95627765791248,413.8840397240792,0.0
491,4.0,4.240415192121832,0.24041519212183182,67.59618774681427,67.95645959297299,414.1655805981212,0.0
492,4.0,4.241689233244539,0.24168923324453928,67.580356784085,67.95700556202137,414.44586964511683,0.0
493,4.0,4.242952939427555,0.24295293942755514,67.56490259607281,67.95774239826972,414.72388500538034,0.0
494,4.0,4.244188905210997,0.24418890521099712,67.54994118434236,67.95572731267936,414.9957974777376,0.0
495,4.0,4.235844631763205,0.23584463176320458,67.53554176706527,67.95563497334709,413.16005731922326,0.0
496,4.0,4.2370800544241956,0.23708005442419555,67.52091252740284,67.95616364048581,413.4318503046413,0.0
497,4.0,4.23838630449431,0.23838630449430998,67.50536305393426,67.95702041655733,413.71922532006647,0.0
498,4.0,4.2397228058628045,0.23972280586280448,67.48944384249423,67.9579952894886,414.0132556211353,0.0
499,4.0,4.241074764346402,0.2410747643464024,67.47353949716545,67.958859041801,414.3106864875268,0.0
500,4.0,4.242421025551659,0.2424210255516588,67.45788943680083,67.95677018946887,414.6068639526832,0.0
501,4.0,4.243748549827048,0.24374854982704797,67.4426304036294,67.95641160745774,414.8989192932688,0.0
502,4.0,4.245066323123444,0.245066323123444,67.42790297149472,67.95656064945746,415.18882941847596,0.0
503,4.0,4.246356632795131,0.24635663279513142,67.4138058288823,67.95705637663823,415.4726975462472,0.0
504,4.0,4.238036100267319,0.23803610026731903,67.40035552761155,67.95773849337624,413.6421803901285,0.0
505,4.0,4.24036181677296,0.24036181677296042,67.38668066095734,67.955653842335,414.1538380213696,0.0
506,4.0,4.241689948003653,0.2416899480036534,67.37226517675533,67.95553014648604,414.44602689212206,0.0
507,4.0,4.243050578451633,0.24305057845163258,67.35763851304061,67.95602900758384,414.74536559067747,0.0
508,4.0,4.244421416953608,0.24442141695360764,67.34319914485697,67.95688593726348,415.046950061112,0.0
509,4.0,4.245775144170559,0.24577514417055912,67.32914607481067,67.95789803655583,415.3447700488413,0.0
510,4.0,4.247100855601759,0.24710085560175887,67.3155421642038,67.95602457432136,415.6364265637053,0.0
511,4.0,4.248418053567384,0.24841805356738433,67.30243334487886,67.95598599710043,415.9262101161429,0.0
512,4.0,4.24969537245465,0.24969537245465023,67.29002912779488,67.95646497321184,416.2072202713414,0.0
513,4.0,4.241340674576905,0.24134067457690467,67.27824314598922,67.95722194435575,414.3691867382374,0.0
514,4.0,4.242594581683197,0.24259458168319714,67.26628774870217,67.95807739444099,414.64504630162173,0.0
515,4.0,4.243935288315092,0.24393528831509226,67.25342156614515,67.9588307877014,414.94000176063867,0.0
516,4.0,4.245289755450462,0.24528975545046183,67.24029339734365,67.95669661619398,415.23798453041996,0.0
517,4.0,4.246657267061684,0.24665726706168378,67.22717932020018,67.95630013740514,415.53883708488877,0.0
518,4.0,4.2480284136388216,0.24802841363882155,67.21425519553239,67.95645589676714,415.8404893318591,0.0
519,4.0,4.249359901645039,0.24935990164503874,67.20180944591016,67.95698236738085,416.1334166932269,0.0
520,4.0,4.250689468558481,0.2506894685584813,67.18977218403404,67.9577209562652,416.42592141418424,0.0
521,4.0,4.242373975023158,0.24237397502315794,67.17846903268445,67.95571546959697,414.5965128364131,0.0
522,4.0,4.243686231797254,0.24368623179725368,67.16689222298167,67.95563921012149,414.8852093267142,0.0
523,4.0,4.2450663663833765,0.24506636638337653,67.15442026420854,67.95617689241392,415.1888389356612,0.0
524,4.0,4.246478888093606,0.2464788880936064,67.14165575255089,67.95706509461183,415.49959371191176,0.0
525,4.0,4.247897595000395,0.24789759500039477,67.12889230449939,67.95804853491386,415.8117092314052,0.0
526,4.0,4.249321824541622,0.24932182454162177,67.11638787341485,67.95891566813319,416.1250397304751,0.0
527,4.0,4.250707114933071,0.2507071149330713,67.10437710415137,67.95682462826143,416.42980361659403,0.0
528,4.0,4.252092683678499,0.2520926836784989,67.09281707986892,67.95641403963414,416.7346287405881,0.0
529,4.0,4.253430676346957,0.25343067634695693,67.08194791898673,67.95655508612114,417.02898712764886,0.0
530,4.0,4.2551951848077865,0.25519518480778647,67.07167926056529,67.95703711961166,417.41717898903136,0.0
531,4.0,4.256476428793749,0.2564764287937491,67.06212402825642,67.9577011321563,417.69905266594316,0.0
532,4.0,4.257701700316841,0.2577017003168409,67.0533462909455,67.9556405631887,417.96861240102334,0.0
533,4.0,4.258888546451877,0.2588885464518773,67.04527151460232,67.95553306237895,418.2297185507313,0.0
534,4.0,4.260031582136725,0.26003158213672517,67.03792953799814,67.95604789945004,418.48118640139785,0.0
535,4.0,4.261150214487676,0.2611502144876763,67.03125999526179,67.95690795273141,418.7272855186071,0.0
536,4.0,4.2622355199197175,0.2622355199197175,67.02520844381253,67.95791895581853,418.9660527136562,0.0
537,4.0,4.263275687780033,0.2632756877800331,67.01982645729414,67.95884432895167,419.19488964292566,0.0
538,4.0,4.26426199381101,0.2642619938110098,67.01514742620301,67.9567823600464,419.41187696974055,0.0
539,4.0,4.255607290368637,0.25560729036863705,67.01096452491682,67.95642921146967,417.50784221241855,0.0
540,4.0,4.2566026765211715,0.2566026765211715,67.00642725022722,67.95658785965972,417.72682716597615,0.0
541,4.0,4.257665770241295,0.257665770241295,67.00096045528981,67.95707113188124,417.9607077844033,0.0
542,4.0,4.25874801856311,0.2587480185631099,66.99512381925302,67.95774864818597,418.19880241520264,0.0
543,4.0,4.2693964334438395,0.26939643344383946,66.98908849975122,67.95563053587132,420.54145368896314,0.0
544,4.0,4.270456750998136,0.27045675099813593,66.98394313857453,67.95548589201994,420.7747235509084,0.0
545,4.0,4.2713932356279445,0.2713932356279445,66.98058596519972,67.95600284234798,420.98075016946626,0.0
546,4.0,4.2722532110557205,0.27225321105572053,66.9784775331768,67.9568714586987,421.169944763577,0.0
547,4.0,4.263395845052829,0.26339584505282865,66.97752767287895,67.95786526987928,419.2213242429408,0.0
548,4.0,4.264170172356725,0.26417017235672535,66.97669932100837,67.95599368573204,419.3916762497981,0.0
549,4.0,4.265017575104019,0.2650175751040189,66.97495276703316,67.95593467825188,419.57810485420265,0.0
550,4.0,4.265889885317146,0.2658898853171463,66.97278790000223,67.95640760370023,419.7700131010907,0.0
551,4.0,4.266781348044338,0.2667813480443382,66.9704059806494,67.95718651538668,419.9661349010729,0.0
552,4.0,4.267657419191949,0.2676574191919494,66.96817989859177,67.95804985642673,420.1588705535474,0.0
553,4.0,4.2685396377039435,0.2685396377039435,66.96614985109095,67.95879360173001,420.3529586261861,0.0
554,4.0,4.2795662510843595,0.2795662510843595,66.96448451726079,67.95669839157135,422.77881356987757,0.0
555,4.0,4.280350724021674,0.28035072402167405,66.96384958500236,67.95630821760597,422.95139761608675,0.0
556,4.0,4.271351429805738,0.2713514298057378,66.96533490366056,67.95648490487729,420.9715528885808,0.0
557,4.0,4.271960129472787,0.27196012947278714,66.96736339843557,67.95700873078896,421.1054668153316,0.0
558,4.0,4.27258673556478,0.2725867355647802,66.9690477435626,67.95772556557,421.2433201555701,0.0
559,4.0,4.273232385789942,0.27323238578994236,66.97039557205778,67.95573007333465,421.38536320510576,0.0
560,4.0,4.273883620817099,0.2738836208170987,66.97180911137106,67.95563594617742,421.5286349110802,0.0
561,4.0,4.274523999322102,0.2745239993221018,66.9733091904096,67.95617787501297,421.66951818218087,0.0
562,4.0,4.275140910910455,0.275140910910455,66.97506041196553,67.95704319642212,421.80523873161854,0.0
563,4.0,4.2757643070556455,0.2757643070556455,66.97697653328359,67.95801932077474,421.94238588356046,0.0
564,4.0,4.2870522781755795,0.28705227817557954,66.97910686396075,67.95889779538497,424.425739529946,0.0
565,4.0,4.277940819062482,0.2779408190624819,66.98245341641902,67.95682757828969,422.4212185250645,0.0
566,4.0,4.2783646310426064,0.27836463104260645,66.98712773532522,67.95647171297568,422.5144571606919,0.0
567,4.0,4.278795556314699,0.2787955563146989,66.9915858993136,67.95660304456851,422.60926072055224,0.0
568,4.0,4.279233545946969,0.27923354594696903,66.99599283795159,67.9570722871096,422.7056184396517,0.0
569,4.0,4.279657274786826,0.27965727478682556,67.00064820730088,67.95772750587773,422.7988387844201,0.0
570,4.0,4.280072952330089,0.2800729523300891,67.00533384603784,67.95564036120024,422.8902878439381,0.0
571,4.0,4.280458445714675,0.28045844571467526,67.01022842585523,67.95552421863344,422.97509638854706,0.0
572,4.0,4.280845027623961,0.28084502762396113,67.01529235012515,67.95602474729708,423.06014440858996,0.0
573,4.0,4.281256622607593,0.281256622607593,67.02060286408205,67.95690943059935,423.150695304989,0.0
574,4.0,4.281595975858783,0.2815959758587834,67.02609719372106,67.95791608319838,423.22535302025085,0.0
575,4.0,4.281910966773005,0.28191096677300465,67.0319058240778,67.95603646029426,423.29465102137954,0.0
576,4.0,4.282216876828001,0.28221687682800134,67.03777298018882,67.95596871809211,423.3619512334788,0.0
577,4.0,4.282507145258909,0.28250714525890874,67.04402326391525,67.9564358798343,423.42581028827846,0.0
578,4.0,4.282780600410838,0.2827806004108382,67.05042509935257,67.95721179737646,423.4859704217029,0.0
579,4.0,4.28303600677389,0.28303600677388996,67.05696360865788,67.95806112430702,423.54215982157433,0.0
580,4.0,4.2832851195635655,0.2832851195635655,67.06365077467146,67.95881051600058,423.5969646353029,0.0
581,4.0,4.283490057085354,0.2834900570853538,67.07065695644842,67.95667556340234,423.64205089009636,0.0
582,4.0,4.283755552220037,0.283755552220037,67.07770323744491,67.95626379883454,423.7004598197267,0.0
583,4.0,4.283942842526166,0.28394284252616586,67.08483864273109,67.95642977149541,423.74166368707506,0.0
584,4.0,4.2841031717053735,0.28410317170537347,67.09239447670865,67.95698323473879,423.7769361065007,0.0
585,4.0,4.284270157622866,0.2842701576228661,67.09998632617656,67.95772065981107,423.8136730083491,0.0
586,4.0,4.284420470163248,0.2844204701632478,67.10758431994114,67.95574950305881,423.8467417672331,0.0
587,4.0,4.2845518498128605,0.2845518498128605,67.11533251677915,67.955684062285,423.8756452901479,0.0
588,4.0,4.284669681323392,0.28466968132339243,67.12328326710903,67.95622433108016,423.9015682224649,0.0
589,4.0,4.284761791502434,0.28476179150243386,67.13129763259187,67.9570887194949,423.921832461854,0.0
590,4.0,4.289191432729034,0.2891914327290337,67.13941199815862,67.95803971945115,424.896353531706,0.0
591,4.0,4.2849492965986125,0.28494929659861246,67.14788734774571,67.95889430087061,423.9630835830133,0.0
592,4.0,4.284973581017836,0.28497358101783643,67.1568590451669,67.95681220017063,423.9684261552426,0.0
593,4.0,4.2849912678403985,0.2849912678403985,67.16570205232966,67.95642816166001,423.9723172562062,0.0
594,4.0,4.285029955973089,0.2850299559730889,67.17428756695305,67.95656605479154,423.9808286453981,0.0
595,4.0,4.2850709523072315,0.28507095230723145,67.18285516549344,67.95704593917293,423.98984783890944,0.0
596,4.0,4.285087881329951,0.2850878813299511,67.19139537474935,67.9577211397745,423.9935722239078,0.0
597,4.0,4.285106815849909,0.28510681584990927,67.19991648450166,67.95564399212246,423.99773781829856,0.0
598,4.0,4.285127561384991,0.28512756138499107,67.20849484276289,67.95551520330888,424.00230183601656,0.0
599,4.0,4.285171227750484,0.2851712277504843,67.21700868878837,67.95604935080992,424.0119084364251,0.0
600,4.0,4.2851618094147845,0.28516180941478453,67.22558186713054,67.95695111769768,424.0098364025711,0.0
601,4.0,4.285171265535841,0.2851712655358414,67.23404608997025,67.95794520884122,424.01191674920364,0.0
602,4.0,4.285151406618446,0.2851514066184464,67.24262777702003,67.95886626342842,424.0075477873767,0.0
603,4.0,4.2851403371824865,0.28514033718248655,67.25125988156927,67.95679508351321,424.00511251146554,0.0
604,4.0,4.285120347892931,0.2851203478929314,67.25967230041677,67.95644165210567,424.0007148677634,0.0
605,4.0,4.285083641860798,0.2850836418607976,67.26824646901467,67.95656885076204,423.992639540694,0.0
606,4.0,4.2850541223618235,0.2850541223618235,67.27673038734436,67.9570402248527,423.98614525091966,0.0
607,4.0,4.284988777474193,0.2849887774741928,67.28538837952061,67.95769770821235,423.9717693756409,0.0
608,4.0,4.284979629608515,0.2849796296085154,67.29387649509788,67.95558790834804,423.9697568451919,0.0
609,4.0,4.284930557042007,0.2849305570420073,67.30245155326898,67.95547445866077,423.95896088056014,0.0
610,4.0,4.284860374559507,0.2848603745595071,67.31092287193019,67.95600750880345,423.9435207344101,0.0
611,4.0,4.284784792786068,0.28478479278606805,67.31944995164459,67.95689146097664,423.9268927442535,0.0
612,4.0,4.284709777027241,0.2847097770272411,67.32778614820872,67.95788898749127,423.9103892773116,0.0
613,4.0,4.284653871655655,0.2846538716556548,67.33633332381781,67.95602786944632,423.8980900955626,0.0
614,4.0,4.2845746831214075,0.28457468312140755,67.34477632407106,67.95597320969264,423.8806686180282,0.0
615,4.0,4.284490278753909,0.28449027875390875,67.3531361589709,67.95645367176886,423.8620996571785,0.0
616,4.0,4.284412692287739,0.2844126922877388,67.36140715901108,67.95720862277962,423.8450306346211,0.0
617,4.0,4.284313228156445,0.2843132281564449,67.36974641451971,67.95805212581314,423.8231485257364,0.0
618,4.0,4.284211269581467,0.28421126958146736,67.37808992719202,67.95880460328027,423.8007176392414,0.0
619,4.0,4.284118414492741,0.2841184144927409,67.38633111493961,67.95667493348955,423.7802895197216,0.0
620,4.0,4.284014334985754,0.2840143349857538,67.39446343763815,67.95627444403972,423.7573920281844,0.0
621,4.0,4.283920438153274,0.28392043815327384,67.40263729998351,67.95642492103659,423.73673472503884,0.0
622,4.0,4.283799848926084,0.28379984892608423,67.4108332401325,67.95697677622415,423.7102050950571,0.0
623,4.0,4.28369238310045,0.2836923831004503,67.41889442899553,67.95772201700882,423.68656261341766,0.0
624,4.0,4.283578957497698,0.28357895749769835,67.42682982614724,67.95574408022037,423.6616089808122,0.0
625,4.0,4.277664677446525,0.27766467744652523,67.43480310133879,67.95567245245425,422.36046736955416,0.0
626,4.0,4.283366393894048,0.28336639389404805,67.44220740633894,67.9562177287645,423.61484498800917,0.0
627,4.0,4.283321720835538,0.28332172083553786,67.44906307087243,67.95709979539208,423.6050169151369,0.0
628,4.0,4.28326098991788,0.2832609899178804,67.45624831686312,67.95805535187678,423.59165611325227,0.0
629,4.0,4.283171115342761,0.2831711153427614,67.4635299959185,67.95891328837732,423.5718837067261,0.0
630,4.0,4.2830719170131575,0.2830719170131575,67.47090194453061,67.95685444028182,423.55006007421326,0.0
631,4.0,4.282942126583801,0.2829421265838006,67.47841032435183,67.956466165224,423.52150617975474,0.0
632,4.0,4.282814344437092,0.2828143444370923,67.4859263929882,67.95658617165104,423.49339410747893,0.0
633,4.0,4.2827054510730305,0.28270545107303047,67.49345707327308,67.95706456751873,423.46943756738534,0.0
634,4.0,4.282550098855984,0.28255009885598437,67.50082954979185,67.9577364750968,423.4352600796352,0.0
635,4.0,4.2824065185530165,0.28240651855301646,67.50822743542015,67.95565007482557,423.40367241298225,0.0
636,4.0,4.282266081086343,0.2822660810863429,67.51565283149534,67.95551746011299,423.37277617031407,0.0
637,4.0,4.282137348544587,0.2821373485445866,67.52292140466595,67.95602881164973,423.3444550111277,0.0
638,4.0,4.28197633832313,0.28197633832312974,67.53008208467635,67.9569247611822,423.3090327624072,0.0
639,4.0,4.281842970902818,0.28184297090281785,67.53726753437631,67.95791603991526,423.27969192993856,0.0
640,4.0,4.2816967135332336,0.28169671353323356,67.54442203462128,67.95602143962005,423.24751530863,0.0
641,4.0,4.281541873667916,0.2815418736679156,67.55143739267186,67.95596846154402,423.2134505382601,0.0
642,4.0,4.281399168041792,0.28139916804179244,67.55838447535587,67.95644344136099,423.18205530051296,0.0
643,4.0,4.281294929542249,0.28129492954224933,67.56515232122088,67.95720299832695,423.15912283061346,0.0
644,4.0,4.281147886460942,0.2811478864609418,67.5719445300253,67.95807665932342,423.1267733527258,0.0
645,4.0,4.281009591036247,0.2810095910362467,67.57877108928808,67.95883279047358,423.0963483592929,0.0
646,4.0,4.280852186475463,0.28085218647546295,67.58537678062065,67.95671177815908,423.0617193559205,0.0
647,4.0,4.28071536366779,0.28071536366778993,67.59208966262587,67.95631476491569,423.0316183382324,0.0
648,4.0,4.280595811227951,0.2805958112279514,67.59844321978703,67.95647677974462,423.0053168014679,0.0
649,4.0,4.280428582255361,0.28042858225536094,67.60490125256005,67.95700148821989,422.96852642749803,0.0
650,4.0,4.280278550364708,0.2802785503647076,67.61132717145615,67.95772308666571,422.9355194115543,0.0
651,4.0,4.270596386539837,0.27059638653983686,67.61759693391274,67.95571391190742,420.80544337008274,0.0
652,4.0,4.280030875935178,0.2800308759351777,67.62294657439826,67.95563262660781,422.8810310370577,0.0
653,4.0,4.280027378752375,0.2800273787523748,67.62739335382612,67.95617150491498,422.88026165684107,0.0
654,4.0,4.279939306769183,0.2799393067691831,67.63247374724544,67.95707077217222,422.8608858205389,0.0
655,4.0,4.279857363687591,0.27985736368759095,67.6377825750129,67.95803009268676,422.8428583425886,0.0
656,4.0,4.279705576234278,0.27970557623427794,67.64335481735006,67.95889895560228,422.80946510285975,0.0
657,4.0,4.279592755058174,0.27959275505817427,67.64896552210848,67.95683296285497,422.78464444411696,0.0
658,4.0,4.279451144257739,0.279451144257739,67.65453305893188,67.95647606304475,422.7534900680212,0.0
659,4.0,4.279332989462941,0.27933298946294105,67.66016895141028,67.95660061187814,422.7274960131657,0.0
660,4.0,4.2791966917081625,0.2791966917081625,67.66575949671339,67.95707947659842,422.69751050711443,0.0
661,4.0,4.279046753209099,0.2790467532090988,67.67140177703625,67.95772904614009,422.6645240373204,0.0
662,4.0,4.278900720891148,0.2789007208911478,67.67698448399479,67.95583015578548,422.6323969273712,0.0
663,4.0,4.278770788131963,0.278770788131963,67.68235157054497,67.95574787987147,422.6038117203505,0.0
664,4.0,4.27861682145598,0.2786168214559801,67.68786098259865,67.95627341743392,422.56993905163426,0.0
665,4.0,4.278466321940534,0.27846632194053367,67.69327240163028,67.95712878437857,422.53682915823606,0.0
666,4.0,4.278334307363734,0.27833430736373366,67.69853414107851,67.95808459117075,422.50778595134005,0.0
667,4.0,4.278207695274169,0.278207695274169,67.70379577358446,67.9589421007707,422.4799312916358,0.0
668,4.0,4.278074997413413,0.27807499741341335,67.70894779013597,67.95732814957483,422.45073776226957,0.0
669,4.0,4.277924546070554,0.2779245460705537,67.71391912612887,67.95705923725922,422.41763846684046,0.0
670,4.0,4.277767701800133,0.27776770180013344,67.71891225873847,67.95718083630078,422.38313272734797,0.0
671,4.0,4.277640169636166,0.27764016963616633,67.72390483562833,67.95754486624581,422.35507565127523,0.0
672,4.0,4.27751548337711,0.2775154833771101,67.72874409440615,67.95806098421609,422.32764467428285,0.0
673,4.0,4.277394306406539,0.2773943064065394,67.7334612447083,67.95670266416745,422.3009857407573,0.0
674,4.0,4.2772833500522625,0.27728335005226246,67.73813358897651,67.9566659460759,422.2765753428164,0.0
675,4.0,4.277111751773725,0.2771117517737247,67.74273919655245,67.95707632520524,422.2388237215381,0.0
676,4.0,4.276999765809857,0.2769997658098573,67.74736658980216,67.9577075699068,422.2141868094873,0.0
677,4.0,4.276877326982275,0.27687732698227485,67.75183390092586,67.95841912513694,422.18725026741913,0.0
678,4.0,4.276659015676256,0.2766590156762563,67.75626583878999,67.95751408290923,422.13922178009506,0.0
679,4.0,4.276492488746786,0.27649248874678634,67.76059587683895,67.9575815357606,422.10258585561166,0.0
680,4.0,4.2764001928290405,0.2764001928290405,67.7648856988018,67.95787849893095,422.08228075370755,0.0
681,4.0,4.276282555916309,0.2762825559163087,67.76892749264154,67.95831147595688,422.05640063290656,0.0
682,4.0,4.276176905724849,0.2761769057248493,67.7729853683571,67.95876299139047,422.0331575907855,0.0
683,4.0,4.276062265376147,0.2760622653761473,67.77703399383203,67.95913106821929,422.00793671407104,0.0
684,4.0,4.275921764509176,0.27592176450917627,67.78101262554007,67.95824696128587,421.97702652333743,0.0
685,4.0,4.275835112035367,0.2758351120353666,67.78486893232929,67.95809641045494,421.9579629790993,0.0
686,4.0,4.281737245599978,0.28173724559997826,67.78873945497533,67.9581608837746,423.2564323633139,0.0
687,4.0,4.285052837778903,0.28505283777890256,67.79299144414694,67.95837884311034,423.9858626426772,0.0
688,4.0,4.284819550280767,0.28481955028076733,67.79847214174727,67.95869433312785,423.93453939308745,0.0
689,4.0,4.284505884492662,0.28450588449266156,67.8051377098228,67.95813089831374,423.86553291970415,0.0
690,4.0,4.2745844401106305,0.27458444011063055,67.8124115652613,67.95820222352783,421.68281515565735,0.0
691,4.0,4.274230809738561,0.27423080973856084,67.81932896204857,67.95844865411507,421.60501647380204,0.0
692,4.0,4.2739778735545855,0.27397787355458547,67.8249437950971,67.95876466518693,421.54937051332746,0.0
693,4.0,4.273779088186576,0.2737790881865756,67.8296437150437,67.95910325553426,421.5056377323653,0.0
694,4.0,4.273656524401646,0.27365652440164556,67.83355839912763,67.95870694752446,421.4786736996807,0.0
695,4.0,4.283004627469619,0.2830046274696194,67.83703211421371,67.95871615912776,423.53525637463497,0.0
696,4.0,4.282820585016571,0.28282058501657126,67.84100603676148,67.95881574475375,423.49476703496435,0.0
697,4.0,4.2825757874403525,0.2825757874403525,67.84629766771818,67.95897149187917,423.4409115681962,0.0
698,4.0,4.282237712627445,0.28223771262744535,67.85231664393602,67.95915697759713,423.3665351093566,0.0
699,4.0,4.281931900539357,0.281931900539357,67.85883233723352,67.95929922948106,423.2992564499772,0.0
700,4.0,4.28154350072546,0.2815435007254603,67.86553060767648,67.95898913880282,423.2138084909199,0.0
701,4.0,4.281171379772048,0.2811713797720481,67.8725686547435,67.95895987148386,423.1319418811692,0.0
702,4.0,4.28081983214772,0.2808198321477198,67.87947217619175,67.95899395462202,423.054601403817,0.0
703,4.0,4.280448410735776,0.28044841073577587,67.88627654947172,67.95910196634344,422.97288869318936,0.0
704,4.0,4.2895396462963244,0.28953964629632445,67.89293783180476,67.95921697091946,424.97296051651006,0.0
705,4.0,4.289133633553494,0.28913363355349375,67.90035813616765,67.95907124976515,424.8836377130873,0.0
706,4.0,4.288634716472763,0.28863471647276295,67.90916391729534,67.9590889246794,424.7738759553265,0.0
707,4.0,4.278460927268768,0.27846092726876837,67.91878176862767,67.95916334501001,422.5356423304477,0.0
708,4.0,4.277943996095443,0.27794399609544307,67.92794877308087,67.9592641219633,422.4219174723161,0.0
709,4.0,4.277464108754543,0.2774641087545433,67.93581208314603,67.95936300361092,422.3163422573182,0.0
710,4.0,4.277045542063786,0.27704554206378607,67.9427493954838,67.95943410562361,422.2242575853516,0.0
711,4.0,4.276646644066221,0.2766466440662212,67.94888395344773,67.95936370334185,422.13650002588736,0.0
712,4.0,4.280788109910106,0.28078810991010617,67.95443604380571,67.95935958987889,423.04762251154204,0.0
713,4.0,4.285474400570881,0.28547440057088114,67.9599720951731,67.95936110021984,424.07860645691255,0.0
714,4.0,4.285046385202195,0.28504638520219494,67.966330132275,67.95936781310513,423.9844430758016,0.0
715,4.0,4.284542026784865,0.28454202678486507,67.97356870338955,67.95939519345674,423.873484223989,0.0
716,4.0,4.284021707977739,0.28402170797773874,67.98145062552688,67.95937553426957,423.7590140864212,0.0
717,4.0,4.283517131649913,0.283517131649913,67.98956729467673,67.95937881852554,423.64800729429953,0.0
718,4.0,4.283007606510155,0.28300760651015544,67.99780191881099,67.9593900219812,423.53591176355286,0.0
719,4.0,4.282456420661244,0.2824564206612443,68.00604228918219,67.95943715273694,423.4146508767924,0.0
720,4.0,4.281912493099585,0.2819124930995853,68.01417911130947,67.95946887786529,423.2949868132274,0.0
721,4.0,4.290786677341434,0.29078667734143426,68.02207325006967,67.95949129350826,425.2473073464342,0.0
722,4.0,4.2901788768566504,0.29017887685665045,68.030618714377,67.95949129244846,425.1135912397817,0.0
723,4.0,4.2894704371903245,0.2894704371903245,68.04038239632423,67.95948538562703,424.95773451319,0.0
724,4.0,4.288781964476565,0.28878196447656457,68.05087095409192,67.95947912727148,424.80627051616284,0.0
725,4.0,4.288069872193255,0.28806987219325464,68.0617601938934,67.9594678538488,424.64961021383465,0.0
726,4.0,4.287347678130226,0.2873476781302262,68.07277300314757,67.95947410186359,424.4907275199684,0.0
727,4.0,4.286607207471047,0.2866072074710466,68.08366252960636,67.95947844838233,424.3278239749489,0.0
728,4.0,4.285843928160478,0.2858439281604781,68.09443837211978,67.95948619096016,424.1599025266238,0.0
729,4.0,4.285092937883458,0.2850929378834577,68.10492699379209,67.95949256239008,423.9946846656793,0.0
730,4.0,4.293759503452515,0.2937595034525149,68.11521429661195,67.95949731975635,425.9013290908719,0.0
731,4.0,4.2929872315951805,0.2929872315951805,68.12590162395088,67.95950801699036,425.7314292822583,0.0
732,4.0,4.292133121695861,0.29213312169586114,68.1377263296646,67.95951224611635,425.54352510440805,0.0
733,4.0,4.291213242803461,0.29121324280346084,68.15017740038056,67.9595094969436,425.34115174808,0.0
734,4.0,4.290277708115315,0.2902777081153154,68.16294976457685,67.95950465229971,425.135334116688,0.0
735,4.0,4.2893408868071985,0.2893408868071985,68.17558786814786,67.95949839982033,424.9292334289023,0.0
736,4.0,4.288388074045016,0.28838807404501576,68.18811429586374,67.95949004556859,424.7196146212221,0.0
737,4.0,4.287459215941928,0.2874592159419276,68.20037294649852,67.95948042184845,424.5152658385427,0.0
738,4.0,4.293338014752694,0.2933380147526936,68.21221424739105,67.95946990944658,425.8086015769112,0.0
739,4.0,4.295016500794822,0.295016500794822,68.22421789703569,67.95946657745773,426.17786850617944,0.0
740,4.0,4.294017670402181,0.2940176704021811,68.23718454532624,67.95947137329799,425.95812581979845,0.0
741,4.0,4.292968595864993,0.292968595864993,68.25075653178186,67.95947926950586,425.72732942161707,0.0
742,4.0,4.291893539980218,0.29189353998021783,68.26457661145645,67.9594885024375,425.49081712696653,0.0
743,4.0,4.290806537834767,0.29080653783476684,68.27841948426884,67.95949008448565,425.2516766549673,0.0
744,4.0,4.2897279554149,0.28972795541490015,68.29200547626658,67.95949435408214,425.0143885225966,0.0
745,4.0,4.288644320742266,0.2886443207422662,68.30527970084074,67.95949765036714,424.77598889461717,0.0
746,4.0,4.287606849412481,0.28760684941248105,68.31820581879848,67.95949732484138,424.54774520206445,0.0
747,4.0,4.295951064091314,0.2959510640913141,68.3305707469336,67.95950115358744,426.3834724314077,0.0
748,4.0,4.294921710507431,0.2949217105074311,68.3433277528625,67.95949691429816,426.15701464295347,0.0
749,4.0,4.2938060381420655,0.2938060381420655,68.35696398420455,67.95949065234736,425.91156672257307,0.0
750,4.0,4.29264475755926,0.2926447575592599,68.37111477997485,67.95948641830657,425.6560849943558,0.0
751,4.0,4.2914630723870415,0.2914630723870415,68.38537858151498,67.95948378559999,425.39611425646774,0.0
752,4.0,4.290291233330217,0.2902912333302172,68.39955548296729,67.95948097785454,425.1383096639664,0.0
753,4.0,4.289113834258171,0.2891138342581714,68.41334254206342,67.95948265318361,424.8792818681163,0.0
754,4.0,4.287960481378448,0.2879604813784482,68.42683271021194,67.9594795614603,424.6255442345772,0.0
755,4.0,4.2868246498152764,0.28682464981527644,68.43982055246813,67.9594871178898,424.37566129067943,0.0
756,4.0,4.295089369366911,0.2950893693669112,68.45220611970223,67.9594922504337,426.1938995920391,0.0
757,4.0,4.293972907690559,0.2939729076905593,68.4649051984031,67.95949340638413,425.94827802324164,0.0
758,4.0,4.2927603527426,0.2927603527425999,68.4785570687307,67.95949357715318,425.6815159346906,0.0
759,4.0,4.291516707250142,0.29151670725014167,68.49264155556149,67.95949530130915,425.4079139263498,0.0
760,4.0,4.2902604906034,0.29026049060339965,68.50684811788227,67.95949969113722,425.13154626406657,0.0
761,4.0,4.289013667478707,0.2890136674787067,68.52083608662555,67.95949817509434,424.85724517663414,0.0
762,4.0,4.287746349837707,0.28774634983770664,68.53454202704144,67.95949261777156,424.5784352956141,0.0
763,4.0,4.286528828314708,0.28652882831470805,68.54786743011991,67.95948978520926,424.3105805605544,0.0
764,4.0,4.28530959250281,0.2853095925028102,68.5605688764057,67.9594873133364,424.04234868193686,0.0
765,4.0,4.293582489572772,0.29358248957277233,68.57289461139283,67.95949376630836,425.8623860373285,0.0
766,4.0,4.292380041142907,0.2923800411429074,68.58528574159392,67.95949365202162,425.59784738275823,0.0
767,4.0,4.291092518593441,0.291092518593441,68.59876570977521,67.9594918213408,425.3145924218756,0.0
768,4.0,4.289801125291818,0.28980112529181756,68.61260759736102,67.95949284083876,425.03048589551844,0.0
769,4.0,4.288487980223759,0.288487980223759,68.62649628381685,67.95949128648316,424.74159398054553,0.0
770,4.0,4.287131764810739,0.28713176481073877,68.64020957278078,67.95948908583446,424.4432265896811,0.0
771,4.0,4.285837199388837,0.2858371993888369,68.65369157489454,67.9594859537415,424.1584221968627,0.0
772,4.0,4.284563386940223,0.2845633869402233,68.66652740096691,67.95948477716976,423.8781834581677,0.0
773,4.0,4.283294194339977,0.2832941943399767,68.67892366937457,67.9594799168627,423.59896108611343,0.0
774,4.0,4.282053923392631,0.28205392339263113,68.69074026258897,67.95947728743286,423.3261014776974,0.0
775,4.0,4.280858540359137,0.28085854035913727,68.7019792448387,67.95946192677124,423.06311721032876,0.0
776,4.0,4.27969799564817,0.2796979956481698,68.71248946998566,67.95945657143778,422.8077973739159,0.0
777,4.0,4.287909776552929,0.2879097765529286,68.72245393664167,67.95944401569706,424.61438917296283,0.0
778,4.0,4.286765465980422,0.2867654659804222,68.73257531767436,67.95945033370414,424.36264084701145,0.0
779,4.0,4.285581060500885,0.28558106050088483,68.74360568089644,67.95945843412674,424.10207164151325,0.0
780,4.0,4.2842826101957465,0.2842826101957465,68.75500186190659,67.95946494254319,423.8164125743828,0.0
781,4.0,4.28305924297229,0.28305924297229,68.76657557841247,67.95946848782884,423.5472717852224,0.0
782,4.0,4.281765218712788,0.28176521871278837,68.77775778511239,67.95947113946914,423.262586448132,0.0
783,4.0,4.2805478072674985,0.2805478072674985,68.78875984853045,67.95947732420785,422.99475593016825,0.0
784,4.0,4.279322427729099,0.2793224277290989,68.79918906446335,67.95948176329047,422.72517243172035,0.0
785,4.0,4.278134644328951,0.27813464432895074,68.80915598364564,67.95947861412495,422.4638600836878,0.0
786,4.0,4.276973934242416,0.2769739342424158,68.8185069821255,67.9594727610366,422.2085038646501,0.0
787,4.0,4.2758207625672,0.2758207625672,68.82726476531262,67.95947224034488,421.95480609610263,0.0
788,4.0,4.274726577735759,0.27472657773575904,68.83544364141638,67.95947233746125,421.71408543318563,0.0
789,4.0,4.273639665640103,0.2736396656401032,68.8430002260916,67.95946103607989,421.47496477214133,0.0
790,4.0,4.27260882683548,0.27260882683548004,68.84995518227466,67.95945554404757,421.2481802351242,0.0
791,4.0,4.271638899629879,0.2716388996298793,68.85626919241315,67.9594551487223,421.03479624989205,0.0
792,4.0,4.270635665870091,0.270635665870091,68.86197352943381,67.95945985080547,420.8140848227386,0.0
793,4.0,4.2697345017168455,0.26973450171684554,68.86718247211796,67.9594668251685,420.6158287090246,0.0
794,4.0,4.27813198710082,0.2781319871008199,68.87176617007567,67.95947139560863,422.46327549349894,0.0
795,4.0,4.277169779649086,0.2771697796490864,68.8766457320802,67.95947733212479,422.2515898541176,0.0
796,4.0,4.276211338993365,0.2762113389933649,68.88254270570948,67.9594806299403,422.04073290985883,0.0
797,4.0,4.275217195565208,0.2752171955652081,68.88886594101133,67.95948185466618,421.82202135566433,0.0
798,4.0,4.274114094189861,0.2741140941898612,68.89532242964499,67.95948336220981,421.579339053088,0.0
799,4.0,4.273073529120367,0.2730735291203672,68.90176112311127,67.95948251383645,421.3504147377993,0.0
800,4.0,4.272055326127897,0.27205532612789707,68.90789810667437,67.95947210035291,421.1264100794559,0.0
801,4.0,4.2710664406720795,0.2710664406720795,68.91366746405554,67.95945711640236,420.90885527917607,0.0
802,4.0,4.270069396916209,0.2700693969162087,68.91899629422198,67.95945212175313,420.68950565288446,0.0
803,4.0,4.269067039661789,0.26906703966178913,68.92387256881905,67.95945212175285,420.46898705691217,0.0
804,4.0,4.268129218703703,0.2681292187037032,68.92826472724074,67.95945212175292,420.26266644613327,0.0
805,4.0,4.267225107140188,0.2672251071401881,68.93211427542859,67.9594521217529,420.06376190215997,0.0
806,4.0,4.266370190039548,0.26637019003954787,68.93543210512512,67.95945447768611,419.87568014001914,0.0
807,4.0,4.265582255811579,0.26558225581157924,68.9382264855592,67.9594568336194,419.70233460986606,0.0
808,4.0,4.2647482171890925,0.26474821718909247,68.94052020763107,67.95946512048513,419.518846112919,0.0
809,4.0,4.26390094410223,0.26390094410222975,68.94235729047222,67.95946774302897,419.3324460338092,0.0
810,4.0,4.263112191770305,0.263112191770305,68.94368840233531,67.95947241817805,419.1589205207858,0.0
811,4.0,4.262363444908313,0.2623634449083134,68.94452836294343,67.95947596565901,418.99419621114765,0.0
812,4.0,4.261653992866567,0.26165399286656665,68.94489483150194,67.9594757911428,418.83811676196336,0.0
813,4.0,4.256297832706743,0.25629783270674267,68.94479812187164,67.95947495573893,417.6597615268021,0.0
814,4.0,4.255685574849504,0.2556855748495037,68.94384463336382,67.95947567366746,417.5250647982095,0.0
815,4.0,4.2551345394395845,0.25513453943958453,68.94170430761986,67.95946837895984,417.40383700802727,0.0
816,4.0,4.254661701806994,0.2546617018069943,68.93867441353247,67.9594673488056,417.29981272885743,0.0
817,4.0,4.254238773482615,0.2542387734826148,68.93492590497853,67.95946480925721,417.20676849749395,0.0
818,4.0,4.253855730849777,0.25385573084977686,68.93061022889322,67.95946061911482,417.1224991182696,0.0
819,4.0,4.253505121742866,0.2535051217428661,68.92583136331451,67.95946448484035,417.04536511474925,0.0
820,4.0,4.253163519901433,0.2531635199014328,68.92066358498926,67.95946114121928,416.9702127096339,0.0
821,4.0,4.252863335413753,0.2528633354137533,68.91516409539204,67.9594776338976,416.90417212234445,0.0
822,4.0,4.252583399621215,0.2525833996212148,68.90937769674048,67.95947998999483,416.842586247986,0.0
823,4.0,4.252320200881044,0.25232020088104434,68.90333911374466,67.95947998999489,416.78468252514847,0.0
824,4.0,4.252073239180889,0.25207323918088864,68.89707383228918,67.9594788310512,416.7303509511142,0.0
825,4.0,4.251821186024797,0.251821186024797,68.89060447296592,67.95947635482399,416.67489925677404,0.0
826,4.0,4.251599662554593,0.2515996625545931,68.88394575455924,67.95947312403334,416.6261640933292,0.0
827,4.0,4.25138815314554,0.2513881531455402,68.87712006536529,67.95946945746671,416.5796320233375,0.0
828,4.0,4.251186418721674,0.2511864187216739,68.87013776252186,67.95946903786248,416.53525045008695,0.0
829,4.0,4.250993778603108,0.25099377860310756,68.86299939923438,67.95946711232257,416.49286962400237,0.0
830,4.0,4.25079074438184,0.25079074438184,68.8557186119156,67.95946800392925,416.4482020953235,0.0
831,4.0,4.250613488169065,0.2506134881690647,68.84828855970972,67.95946242527626,416.4092057285129,0.0
832,4.0,4.2504426905969925,0.25044269059699253,68.84072581964189,67.95945964250078,416.37163026265705,0.0
833,4.0,4.2502773466884545,0.25027734668845447,68.8330418391546,67.95946228500637,416.33525460277866,0.0
834,4.0,4.250117223267545,0.25011722326754526,68.82525171880805,67.95946837209374,416.3000274501786,0.0
835,4.0,4.250018763041896,0.2500187630418962,68.81733498405785,67.9594752008684,416.2783662005358,0.0
836,4.0,4.249981729077581,0.24998172907758143,68.80932004142517,67.95947925341943,416.27021872838657,0.0
837,4.0,4.249971106035168,0.2499711060351677,68.80121184090088,67.9594835897138,416.26788165905555,0.0
838,4.0,4.24994810576047,0.24994810576047044,68.79303898013364,67.95948482756388,416.26282159862217,0.0
839,4.0,4.249929768802103,0.24992976880210271,68.78481802167533,67.95948070807528,416.25878746778125,0.0
840,4.0,4.249917093397603,0.24991709339760337,68.77655707247416,67.95947687843994,416.2559988787914,0.0
841,4.0,4.249909799395504,0.24990979939550417,68.76826554536105,67.95946889994728,416.2543941983296,0.0
842,4.0,4.249927021161743,0.24992702116174303,68.75994248695281,67.95946299626436,416.2581829869021,0.0
843,4.0,4.249931781114226,0.24993178111422587,68.75159651507006,67.95946024333651,416.25923017644834,0.0
844,4.0,4.249942717362849,0.249942717362849,68.7432298269266,67.95946032603024,416.2616361511454,0.0
845,4.0,4.249959680373738,0.24995968037373828,68.73484810888286,67.95946995924805,416.26536801354104,0.0
846,4.0,4.249982417967591,0.24998241796759135,68.72646839991236,67.95947412729765,416.2703702841887,0.0
847,4.0,4.250031132120538,0.2500311321205384,68.7180775227206,67.95947466237604,416.28108739783704,0.0
848,4.0,4.250066394813054,0.2500663948130537,68.70968781213641,67.95947629690819,416.2888451901904,0.0
849,4.0,4.250107226223688,0.25010722622368764,68.7012954668183,67.9594745646907,416.29782810052984,0.0
850,4.0,4.250153025882791,0.2501530258827911,68.6929102248929,67.95947100658437,416.3079040255326,0.0
851,4.0,4.250203483001701,0.2502034830017008,68.68453390685364,67.9594738534748,416.31900459169276,0.0
852,4.0,4.2502770968078245,0.2502770968078245,68.67617134843687,67.95946938824535,416.33519962903995,0.0
853,4.0,4.250334879191129,0.2503348791911293,68.66783221659377,67.95946759722088,416.347911753367,0.0
854,4.0,4.250394890997407,0.2503948909974074,68.65951222465023,67.95946129424121,416.36111435074815,0.0
855,4.0,4.250457863643029,0.250457863643029,68.65120603327578,67.95946341958494,416.37496833278493,0.0
856,4.0,4.250521748063893,0.2505217480638926,68.64293382664253,67.95947196973583,416.38902290537493,0.0
857,4.0,4.250606062910514,0.25060606291051357,68.63468413651097,67.95947948202455,416.40757217163156,0.0
858,4.0,4.250674096160687,0.2506740961606866,68.62646179183334,67.95947786366771,416.4225394866696,0.0
859,4.0,4.250742949408717,0.2507429494087168,68.61825878050021,67.959477266436,416.43768720123626,0.0
860,4.0,4.250810840883099,0.2508108408830987,68.6100877116617,67.95946781476596,416.45262332560026,0.0
861,4.0,4.2508790716103215,0.2508790716103215,68.60194050430843,67.95946701270618,416.4676340855893,0.0
862,4.0,4.250965495887409,0.25096549588740924,68.59382304036207,67.9594645900377,416.4866474265486,0.0
863,4.0,4.251031895380116,0.25103189538011605,68.58574793174932,67.95946663616661,416.5012553149441,0.0
864,4.0,4.251095621762855,0.2510956217628548,68.5777194278133,67.95946105114449,416.5152751191466,0.0
865,4.0,4.251158231325803,0.25115823132580317,68.56972210005947,67.9594643283584,416.52904922299524,0.0
866,4.0,4.251219260148037,0.2512192601480372,68.561750501331,67.95946726820756,416.54247556388674,0.0
867,4.0,4.251296141917052,0.2512961419170523,68.55380130138543,67.95947305239521,416.55938955307005,0.0
868,4.0,4.251353586111078,0.25135358611107783,68.54587829508185,67.95947825514224,416.57202727575566,0.0
869,4.0,4.251408831373904,0.2514088313739036,68.53798126176358,67.95947417735361,416.58418123357734,0.0
870,4.0,4.251461773834198,0.25146177383419843,68.53011186248615,67.95947575944973,416.5958285748422,0.0
871,4.0,4.251511470508276,0.2515114705082757,68.52227882139596,67.9594799386837,416.60676184313917,0.0
872,4.0,4.2516901786315575,0.2516901786315575,68.51446325319279,67.9594797869966,416.6460776302612,0.0
873,4.0,4.251869691381764,0.2518696913817644,68.50668059565481,67.95947541524954,416.6855704353067,0.0
874,4.0,4.252031415211252,0.2520314152112517,68.49894939897744,67.95947413440237,416.7211496777939,0.0
875,4.0,4.252209846890167,0.25220984689016657,68.49128878095301,67.95946785412845,416.76040464715516,0.0
876,4.0,4.252369466973031,0.25236946697303075,68.48370247056444,67.95945682474893,416.7955210653853,0.0
877,4.0,4.252546912820228,0.252546912820228,68.47618814898152,67.95945635018985,416.8345591517687,0.0
878,4.0,4.2527241816588495,0.25272418165884947,68.46876772198947,67.9594573135461,416.8735582962654,0.0
879,4.0,4.252883346636987,0.2528833466369873,68.46143268159783,67.95945866260342,416.9085745914557,0.0
880,4.0,4.2530610497651224,0.25306104976512245,68.45418405871521,67.95946925492642,416.9476692796454,0.0
881,4.0,4.253220802557808,0.25322080255780843,68.44702472845233,67.95947084803649,416.9828148940363,0.0
882,4.0,4.253400103792585,0.25340010379258526,68.43994206081736,67.95947785407826,417.0222611656872,0.0
883,4.0,4.253577356503754,0.25357735650375357,68.43295106156884,67.95947928463701,417.06125676214424,0.0
884,4.0,4.253737286392833,0.2537372863928331,68.42604559521664,67.95947864861031,417.09644133774174,0.0
885,4.0,4.253913414994214,0.25391341499421394,68.41924813730913,67.95947340879657,417.13518963004555,0.0
886,4.0,4.254071988825104,0.2540719888251042,68.41253340458708,67.95947236457019,417.1700758728414,0.0
887,4.0,4.25424670551227,0.25424670551227013,68.405921145988,67.9594671380025,417.2085135440179,0.0
888,4.0,4.254420938636004,0.2544209386360041,68.39940758646895,67.95946588177796,417.24684483123934,0.0
889,4.0,4.254576211695058,0.25457621169505806,68.3929734002464,67.95946267636248,417.2810049042312,0.0
890,4.0,4.254748112665291,0.2547481126652906,68.38663392203912,67.95946716627601,417.31882311768237,0.0
891,4.0,4.254900226038064,0.25490022603806395,68.38037412276576,67.95946877706862,417.3522880596925,0.0
892,4.0,4.255067274031294,0.25506727403129403,68.3742039859497,67.95947108118415,417.38903861820313,0.0
893,4.0,4.2552330141020995,0.25523301410209953,68.3681263483046,67.95946931098797,417.42550143378037,0.0
894,4.0,4.255376189046219,0.2553761890462187,68.36214706019534,67.95946869123432,417.4569999214866,0.0
895,4.0,4.255534398168117,0.25553439816811707,68.3562493891929,67.95947490094866,417.49180592830425,0.0
896,4.0,4.255669128328984,0.25566912832898403,68.35043882539968,67.95946937372601,417.52144656369495,0.0
897,4.0,4.255819387004387,0.25581938700438744,68.34470839470606,67.95946734279907,417.5545034722837,0.0
898,4.0,4.2559655025398895,0.2559655025398895,68.33905780293048,67.95946395944561,417.5866488900942,0.0
899,4.0,4.260831294121109,0.2608312941211093,68.33348854091352,67.95946350387075,418.65712303796255,0.0
900,4.0,4.260943504268605,0.2609435042686048,68.32841144422628,67.95946895683488,418.6818092704116,0.0
901,4.0,4.260988479533017,0.26098847953301707,68.32417944051335,67.95945139046137,418.69170382858226,0.0
902,4.0,4.26102005936367,0.2610200593636698,68.32052991846712,67.95944722058003,418.6986513913259,0.0
903,4.0,4.261030085524813,0.2610300855248129,68.31727899597102,67.95944714517805,418.70085714677737,0.0
904,4.0,4.261009689858134,0.2610096898581338,68.31429001626593,67.95945046645899,418.69637010010797,0.0
905,4.0,4.260907677828237,0.26090767782823665,68.31147861918853,67.95945121977492,418.6739274535306,0.0
906,4.0,4.260747995397349,0.26074799539734883,68.30877702010802,67.95945567683385,418.63879731873527,0.0
907,4.0,4.260629158983121,0.26062915898312067,68.3061206211221,67.95943627214136,418.61265330760506,0.0
908,4.0,4.260534317603379,0.260534317603379,68.30346860505313,67.95945051168928,418.5917882040619,0.0
909,4.0,4.2604101534590075,0.26041015345900753,68.30079499409811,67.95946749099006,418.5644720923002,0.0
910,4.0,4.260293333438136,0.26029333343813565,68.29808568969418,67.95948296231754,418.5387716877084,0.0
911,4.0,4.260184707283047,0.260184707283047,68.29533030418249,67.95949710781419,418.5148739335889,0.0
912,4.0,4.2600855495963454,0.26008554959634544,68.29251889382795,67.95949464296291,418.49305924251456,0.0
913,4.0,4.260013513973134,0.2600135139731341,68.2896537750283,67.95949978867621,418.47721140540807,0.0
914,4.0,4.259931632964135,0.25993163296413524,68.28672555489943,67.95947881799857,418.4591975834283,0.0
915,4.0,4.259856552102651,0.2598565521026508,68.28376236587182,67.95946358060066,418.44267979390173,0.0
916,4.0,4.259789822502824,0.2597898225028237,68.28074822284175,67.95945098746938,418.4279992819398,0.0
917,4.0,4.259729854985795,0.25972985498579515,68.27767637459806,67.95944470615356,418.4148064281935,0.0
918,4.0,4.259695961732044,0.259695961732044,68.2745540470056,67.95943666811054,418.40734991236826,0.0
919,4.0,4.259669738456102,0.2596697384561022,68.27139095033488,67.95944620065823,418.40158079166105,0.0
920,4.0,4.261413250646076,0.26141325064607557,68.26819746924942,67.95945535094732,418.7851534734552,0.0
921,4.0,4.261369471155605,0.2613694711556054,68.26512570650733,67.95946420653708,418.77552198555173,0.0
922,4.0,4.261331450427827,0.2613314504278268,68.26230504821957,67.95947534112251,418.7671574254405,0.0
923,4.0,4.261267129985486,0.2612671299854856,68.25965143113304,67.9594767403707,418.7530069281254,0.0
924,4.0,4.261199361376127,0.26119936137612676,68.25709788507442,67.95948122201031,418.7380978340664,0.0
925,4.0,4.261130452110009,0.2611304521100086,68.25459596565622,67.95948052439887,418.7229377955204,0.0
926,4.0,4.261062807060183,0.26106280706018303,68.25211823165985,67.95949040063988,418.7080558845588,0.0
927,4.0,4.2610166526658055,0.26101665266580554,68.24963863355032,67.95950065601816,418.6979019177958,0.0
928,4.0,4.26101103962505,0.2610110396250498,68.24715261782761,67.9595097675575,418.6966670488295,0.0
929,4.0,4.260880784897308,0.26088078489730826,68.24464370408147,67.95951433236876,418.66801100872635,0.0
930,4.0,4.26071702180383,0.2607170218038304,68.24211775130092,67.95951747277424,418.6319831281612,0.0
931,4.0,4.260669790531087,0.26066979053108685,68.2395495319157,67.95951037921905,418.62159224815764,0.0
932,4.0,4.260556365954289,0.2605563659542893,68.23691648602203,67.95950143304935,418.5966388412622,0.0
933,4.0,4.260411517744859,0.26041151774485893,68.23424746767087,67.95948651130354,418.5647722351875,0.0
934,4.0,4.260271465391466,0.2602714653914662,68.2315127406321,67.9594794549062,418.53396071744106,0.0
935,4.0,4.260117174436274,0.2601171744362736,68.22871252749955,67.95947040591452,418.5000167072987,0.0
936,4.0,4.260099492557626,0.2600994925576261,68.22583174043704,67.95946827258521,418.49612669399625,0.0
937,4.0,4.260051789868167,0.2600517898681671,68.22287239717369,67.95947093964325,418.48563210231526,0.0
938,4.0,4.26006308760144,0.2600630876014396,68.21987884340123,67.95947051887288,418.4881176036352,0.0
939,4.0,4.26005686033508,0.26005686033508013,68.21685324222678,67.95947927346556,418.4867476050361,0.0
940,4.0,4.260052884253074,0.26005288425307427,68.21380125620298,67.95948666529644,418.4858728669948,0.0
941,4.0,4.260161271800064,0.2601612718000643,68.21072474891187,67.95949419766488,418.5097181273326,0.0
942,4.0,4.26021618015461,0.2602161801546101,68.20764393898578,67.95948556244836,418.52179796533267,0.0
943,4.0,4.260234441464014,0.2602344414640143,68.2045857979415,67.95947277034601,418.5258154534016,0.0
944,4.0,4.260289757701655,0.2602897577016554,68.2015356602783,67.95945629696274,418.53798502568264,0.0
945,4.0,4.260421846341606,0.2604218463416057,68.19850089179671,67.95945295654367,418.5670445264717,0.0
946,4.0,4.26042573216771,0.26042573216771014,68.19548769838129,67.95945183647626,418.56789940821466,0.0
947,4.0,4.260486138913995,0.2604861389139952,68.19250461090921,67.95945017510378,418.5811888923974,0.0
948,4.0,4.2606214862508756,0.26062148625087556,68.1895438136902,67.95946649711964,418.61096530651105,0.0
949,4.0,4.26062740744089,0.2606274074408903,68.18661745481722,67.95948793261564,418.6122679683143,0.0
950,4.0,4.260690835263747,0.26069083526374737,68.18372488426103,67.95949608155733,418.6262220893429,0.0
951,4.0,4.26081115214052,0.2608111521405201,68.18086643081632,67.95950258505059,418.6526918022329,0.0
952,4.0,4.260841582526681,0.2608415825266812,68.178033110578,67.95950528980538,418.6593864871883,0.0
953,4.0,4.260778612032224,0.2607786120322242,68.1752455221266,67.95951023673346,418.6455329784078,0.0
954,4.0,4.260791700832198,0.2607917008321978,68.17247696087222,67.95950221967857,418.648412514402,0.0
955,4.0,4.260732412085033,0.2607324120850327,68.16971576450929,67.95949861874743,418.6353689900257,0.0
956,4.0,4.260749536997148,0.26074953699714776,68.16695997210475,67.95948870960324,418.639136470691,0.0
957,4.0,4.260714656451727,0.26071465645172687,68.16418529008277,67.95948131267556,418.63146275069846,0.0
958,4.0,4.260718584779868,0.26071858477986787,68.16141822563725,67.95947502462914,418.6323269828895,0.0
959,4.0,4.260723714147505,0.26072371414750517,68.15865129214804,67.95947400261709,418.63345544376966,0.0
960,4.0,4.26071178404668,0.2607117840466797,68.15587684075098,67.95947903364595,418.63083082158806,0.0
961,4.0,4.260867424323614,0.26086742432361376,68.15309395802088,67.9594801264406,418.66507168251354,0.0
962,4.0,4.261024225440214,0.261024225440214,68.1503249413876,67.95948668897849,418.6995679281656,0.0
963,4.0,4.261163714433548,0.2611637144335477,68.14758484013625,67.95949259621591,418.730255506699,0.0
964,4.0,4.261301663650966,0.26130166365096574,68.14489210060806,67.9594968093237,418.76060433453097,0.0
965,4.0,4.261325215104324,0.26132521510432394,68.1422660436957,67.95949818319242,418.7657856542698,0.0
966,4.0,4.261476025535351,0.26147602553535076,68.13968374388091,67.95949716370616,418.7989639490957,0.0
967,4.0,4.26162548167237,0.26162548167237,68.13715228211748,67.95949939468242,418.83184429923995,0.0
968,4.0,4.261754549663454,0.26175454966345413,68.13468916367638,67.95949584675678,418.86023925727847,0.0
969,4.0,4.261901775095335,0.2619017750953354,68.13229359301123,67.95948991161453,418.8926288522923,0.0
970,4.0,4.262026264429609,0.2620262644296094,68.12996841575671,67.95948689716622,418.9200165058326,0.0
971,4.0,4.262094162441238,0.2620941624412376,68.12770699185864,67.95948212026246,418.9349540683908,0.0
972,4.0,4.2622321290237855,0.26223212902378545,68.12551783789489,67.95948743643478,418.96530671655137,0.0
973,4.0,4.262348586367919,0.2623485863679189,68.12339551438838,67.9594906682494,418.99092733226075,0.0
974,4.0,4.262428560893034,0.2624285608930341,68.12133120617584,67.95948794562091,419.0085217277861,0.0
975,4.0,4.262375442211648,0.2623754422116482,68.11933844144052,67.9594842572427,418.9968356178812,0.0
976,4.0,4.262375511679448,0.2623755116794477,68.11738486517011,67.95948622699068,418.9968509007971,0.0
977,4.0,4.262376323825224,0.26237632382522413,68.1154548613027,67.95948324028511,418.9970295728679,0.0
978,4.0,4.26237742852989,0.26237742852988966,68.11354273625761,67.95948760634332,418.99727260789433,0.0
979,4.0,4.2624344763440165,0.2624344763440165,68.11163878556965,67.95948591515781,419.0098231270022,0.0
980,4.0,4.262492500034384,0.2624925000343836,68.10973540147769,67.95947920880118,419.022588338883,0.0
981,4.0,4.2626070689213424,0.26260706892134245,68.10785000225634,67.95947877129576,419.04779349401394,0.0
982,4.0,4.2627383780815995,0.2627383780815995,68.1059968546507,67.95948730200904,419.0766815092705,0.0
983,4.0,4.262867472680648,0.26286747268064836,68.10419208741513,67.95949245679563,419.1050823210612,0.0
984,4.0,4.26295299732947,0.26295299732947,68.10244240745739,67.95949360141216,419.123897743802,0.0
985,4.0,4.263072045575838,0.2630720455758384,68.10074356143163,67.95949651036521,419.150088358003,0.0
986,4.0,4.263167084173573,0.26316708417357315,68.0990868789301,67.95950284994687,419.17099684950466,0.0
987,4.0,4.263275104141026,0.26327510414102573,68.09749027899795,67.95949844961602,419.1947612423442,0.0
988,4.0,4.263356620714764,0.26335662071476396,68.09595631311127,67.9594948317731,419.2126948885666,0.0
989,4.0,4.263449928717288,0.26344992871728756,68.09447887907821,67.95949584114594,419.2332226491218,0.0
990,4.0,4.263461121592596,0.26346112159259594,68.09305677713834,67.95948931729612,419.2356850816896,0.0
991,4.0,4.263410138802557,0.26341013880255737,68.09168713666767,67.95948619460675,419.2244688678811,0.0
992,4.0,4.263370770823532,0.2633707708235322,68.09034455840921,67.95948024895343,419.21580791249556,0.0
993,4.0,4.263438148039348,0.26343814803934773,68.08899792170568,67.95947939714239,419.230630899975,0.0
994,4.0,4.263500914195854,0.26350091419585375,68.08766054487127,67.95947660526556,419.2444394544063,0.0
995,4.0,4.26353770343668,0.2635377034366799,68.08633863868708,67.95948327193571,419.25253308738803,0.0
996,4.0,4.263457158148413,0.2634571581484133,68.08504806764387,67.95948122293932,419.2348131239694,0.0
997,4.0,4.263389174763016,0.2633891747630157,68.08376943607432,67.95948794118952,419.2198567791819,0.0
998,4.0,4.263368573557719,0.26336857355771937,68.08246208707277,67.9594957094972,419.2153245140167,0.0
999,4.0,4.263378329609506,0.26337832960950625,68.08111447202678,67.95949792983481,419.2174708454098,0.0
1000,4.0,4.263359016602202,0.26335901660220173,68.079747882397,67.95949861817802,419.21322198380284,0.0
1001,4.0,4.263421603431073,0.26342160343107324,68.0783683850177,67.95949931580552,419.22699108615456,0.0
1002,4.0,4.263545902524664,0.2635459025246636,68.07703427679843,67.95950261124821,419.25433688674445,0.0
1003,4.0,4.263639982326824,0.26363998232682384,68.07571893001713,67.95949551954317,419.27503444321974,0.0
1004,4.0,4.263613861520887,0.26361386152088695,68.074403118313,67.95948985098978,419.2692878659136,0.0
1005,4.0,4.263574991759684,0.26357499175968435,68.07312335163608,67.95948643977728,419.26073651844905,0.0
1006,4.0,4.26174691019239,0.2617469101923904,68.07186166672913,67.9594808937294,418.85855857364436,0.0
1007,4.0,4.261697489293479,0.26169748929347936,68.0704580168715,67.95948381178134,418.8476859758839,0.0
1008,4.0,4.261639737425547,0.261639737425547,68.06876012449473,67.95948447378497,418.8349805649388,0.0
1009,4.0,4.261659978466274,0.2616599784662741,68.06685219632675,67.95948860566986,418.8394335938988,0.0
1010,4.0,4.261759235990588,0.2617592359905876,68.06480872204361,67.95948830662547,418.86127024924775,0.0
1011,4.0,4.2618000681540975,0.2618000681540975,68.06267553369968,67.95949006432916,418.87025332521995,0.0
1012,4.0,4.261876803340782,0.26187680334078234,68.0604757303608,67.95949137073544,418.8871350662906,0.0
1013,4.0,4.26195014721084,0.26195014721083965,68.05826330061466,67.95949062078861,418.9032707177032,0.0
1014,4.0,4.262020028976924,0.26202002897692367,68.05604863387562,67.9594949069983,418.9186447062417,0.0
1015,4.0,4.262124432221806,0.2621244322218059,68.05384266788744,67.95949456956842,418.9416134201158,0.0
1016,4.0,4.262299378679625,0.26229937867962505,68.05166156211327,67.95949419886455,418.980101640836,0.0
1017,4.0,4.262456320175191,0.2624563201751906,68.04952805557734,67.95949452763845,419.0146287698604,0.0
1018,4.0,4.262517649690569,0.2625176496905688,68.04745032413585,67.95949419672425,419.0281212632436,0.0
1019,4.0,4.262594759939868,0.26259475993986836,68.04544130049094,67.95949536702798,419.0450855180895,0.0
1020,4.0,4.262670728402773,0.2626707284027727,68.04348520837567,67.95949491021045,419.06179857992845,0.0
1021,4.0,4.262707179120963,0.2627071791209632,68.04157604770701,67.95949285459804,419.06981773793035,0.0
1022,4.0,4.262762763433541,0.26276276343354077,68.03970945335016,67.95948664105674,419.0820462866974,0.0
1023,4.0,4.2628203676787555,0.2628203676787555,68.03787670989321,67.95948788200415,419.0947192206446,0.0
1024,4.0,4.26276758119616,0.26276758119615984,68.03608396840134,67.9594915354674,419.08310619447354,0.0
1025,4.0,4.262715648352685,0.26271564835268535,68.03431460695107,67.95948517807564,419.07168096890916,0.0
1026,4.0,4.262649355383807,0.2626493553838074,68.03255048516458,67.9594814584418,419.05709651575603,0.0
1027,4.0,4.262582534108571,0.2625825341085708,68.03077593842896,67.95948502975722,419.042395835204,0.0
1028,4.0,4.262540283406723,0.2625402834067234,68.02898619332407,67.95949000241097,419.0331006807976,0.0
1029,4.0,4.262502346781812,0.2625023467818117,68.02717541113478,67.95949115258811,419.024754623317,0.0
1030,4.0,4.262467948651341,0.2624679486513406,68.02533863197077,67.95949060250511,419.01718703461336,0.0
1031,4.0,4.26241797610807,0.26241797610807005,68.02347128011101,67.95949563393657,419.00619307509385,0.0
1032,4.0,4.2623695402829345,0.26236954028293447,68.02157936053982,67.95949098585508,418.995537193564,0.0
1033,4.0,4.262415024444275,0.2624150244442749,68.01966423380887,67.95949366715386,419.0055437090589,0.0
1034,4.0,4.262498646112663,0.2624986461126628,68.01772533464182,67.95948867194393,419.02394047610426,0.0
1035,4.0,4.262582332799602,0.2625823327996022,68.01579352841823,67.95948894608964,419.0423515472309,0.0
1036,4.0,4.262665453227813,0.26266545322781276,68.01387767916115,67.95948980094373,419.06063804143724,0.0
1037,4.0,4.2627465065792824,0.26274650657928245,68.01198844153024,67.95949362787337,419.07846977876056,0.0
1038,4.0,4.262825560496382,0.26282556049638206,68.0101279536279,67.95949121967486,419.09586164052246,0.0
1039,4.0,4.262902995320378,0.26290299532037764,68.00830222405284,67.95948965720297,419.11289730180147,0.0
1040,4.0,4.262977436282374,0.262977436282374,68.00651868380805,67.95949953942083,419.12927431344065,0.0
1041,4.0,4.263048981905962,0.26304898190596226,68.00477011784426,67.95949321297955,419.14501435063005,0.0
1042,4.0,4.263117833573063,0.2631178335730633,68.00306780448324,67.95949157104951,419.16016171739227,0.0
1043,4.0,4.263277281456028,0.2632772814560278,68.00140144315193,67.95949361123789,419.19524025164446,0.0
1044,4.0,4.2633819771976915,0.2633819771976915,67.9997709936529,67.95949516331596,419.21827331481046,0.0
1045,4.0,4.2634275469168665,0.26342754691686654,67.9982050813698,67.9594946569272,419.22829865302896,0.0
1046,4.0,4.263525914219115,0.2635259142191151,67.99669743844045,67.95949682981725,419.24993945952366,0.0
1047,4.0,4.263698537530537,0.2636985375305372,67.99523282949586,67.95949694089937,419.2879165880365,0.0
1048,4.0,4.263759478155619,0.2637594781556194,67.99383745301948,67.95948640639826,419.3013235255546,0.0
1049,4.0,4.263819156442751,0.263819156442751,67.99250572694369,67.95948330859588,419.31445274872357,0.0
1050,4.0,4.263875867006907,0.2638758670069068,67.9912229714245,67.95948015451248,419.32692907283786,0.0
1051,4.0,4.263856317571029,0.2638563175710287,67.98998229344487,67.95948102651613,419.32262819694466,0.0
1052,4.0,4.263781189545442,0.2637811895454423,67.98877593128095,67.95948353523468,419.3061000313157,0.0
1053,4.0,4.263761847657942,0.26376184765794175,67.98758343858105,67.95948326794756,419.30184481606557,0.0
1054,4.0,4.263705199367315,0.2637051993673154,67.98638832533027,67.9594875442298,419.2893821921278,0.0
1055,4.0,4.263725058466306,0.26372505846630556,67.98519236808198,67.95949553401451,419.2937511939056,0.0
1056,4.0,4.263654695555053,0.2636546955550534,67.9839743231083,67.95950053735363,419.2782713534301,0.0
1057,4.0,4.263639934598953,0.2636399345989533,67.98275221395622,67.95950098733152,419.2750239430881,0.0
1058,4.0,4.263757178794413,0.26375717879441307,67.98150767814059,67.95949240665814,419.30081766608924,0.0
1059,4.0,4.263783593243561,0.26378359324356104,67.98026199599904,67.95949380528299,419.3066288449018,0.0
1060,4.0,4.263754647578045,0.263754647578045,67.97903094243344,67.95949588252797,419.3002607984883,0.0
1061,4.0,4.263796920604247,0.2637969206042472,67.97780298997685,67.95948695576092,419.3095608642528,0.0
1062,4.0,4.263988119591276,0.2639881195912759,67.97658740000618,67.95948680321278,419.3516246413991,0.0
1063,4.0,4.264051291099058,0.264051291099058,67.97538387530886,67.95948483272775,419.36552237311116,0.0
1064,4.0,4.264112058773024,0.2641120587730237,67.97423480866469,67.95948196829117,419.3788912613836,0.0
1065,4.0,4.264169161109351,0.2641691611093506,67.97312165841709,67.95948258568275,419.39145377537557,0.0
1066,4.0,4.26431482286399,0.26431482286399,67.97204611682857,67.95948740149815,419.42349936139624,0.0
1067,4.0,4.264405393095026,0.26440539309502586,67.97100824710627,67.95948589782301,419.4434248122241,0.0
1068,4.0,4.264437725612783,0.2644377256127832,67.97002594977346,67.95949169407002,419.45053796613075,0.0
1069,4.0,4.264540713667639,0.264540713667639,67.9690864989355,67.95949436450286,419.47319533819905,0.0
1070,4.0,4.264715671326625,0.2647156713266252,67.96819153632143,67.959498241304,419.511686023176,0.0
1071,4.0,4.2647408812968,0.26474088129679973,67.96734538463637,67.959495211844,419.51723221661445,0.0
1072,4.0,4.264801374723883,0.2648013747238833,67.96656163543221,67.95949095903092,419.5305407705728,0.0
1073,4.0,4.264876811783059,0.26487681178305866,67.96582956442829,67.95948986452267,419.5471369235914,0.0
1074,4.0,4.264841751727481,0.2648417517274808,67.96513570133533,67.95948779848325,419.53942371136424,0.0
1075,4.0,4.264769518348082,0.26476951834808204,67.96447715599948,67.95948860799695,419.5235323678965,0.0
1076,4.0,4.26479194496348,0.2647919449634797,67.96382673552178,67.95948291165571,419.528466223284,0.0
1077,4.0,4.264724268299585,0.2647242682995854,67.96317604686752,67.9594828875002,419.51357735722723,0.0
1078,4.0,4.264677512058298,0.2646775120582978,67.96252684245947,67.95948160718937,419.503290984144,0.0
1079,4.0,4.26472666555483,0.2647266655548304,67.96186589852036,67.95948851538138,419.51410475338116,0.0
1080,4.0,4.26466935521121,0.26466935521121027,67.96118199894765,67.95949190142095,419.5014964777847,0.0
1081,4.0,4.264617070537922,0.2646170705379216,67.9605017175699,67.95946146534361,419.48999384966123,0.0
1082,4.0,4.264664131634768,0.26466413163476776,67.95980328761185,67.95946089553134,419.5003472909674,0.0
1083,4.0,4.264662563974787,0.26466256397478727,67.95909407191041,67.95947048030283,419.5000024057717,0.0
1084,4.0,4.264628798619983,0.2646287986199827,67.95838592743885,67.9594842257925,419.4925740277147,0.0
1085,4.0,4.264655981114239,0.26465598111423905,67.95767261278178,67.95947268156273,419.4985541764511,0.0
1086,4.0,4.264725223226802,0.2647252232268018,67.95695566539648,67.95946468832415,419.5137874412149,0.0
1087,4.0,4.264732281467491,0.2647322814674906,67.95624747441775,67.95935223349915,419.51534025416646,0.0
1088,4.0,4.264714680301862,0.2647146803018616,67.95554258286793,67.95933320793095,419.51146799772806,0.0
1089,4.0,4.264837077970047,0.2648370779700473,67.95483846131134,67.95934268521711,419.5383954847289,0.0
1090,4.0,4.2649165575658365,0.26491655756583654,67.95415167196268,67.95938029884519,419.5558809958025,0.0
1091,4.0,4.264970314512595,0.26497031451259456,67.95349479346713,67.95942388676029,419.56770752408926,0.0
1092,4.0,4.26496719470166,0.26496719470165964,67.95287153517575,67.95921812271378,419.56702116568357,0.0
1093,4.0,4.2650212969751,0.2650212969750996,67.9522735765663,67.95917569613039,419.57892366584036,0.0
1094,4.0,4.265022543493911,0.2650225434939113,67.95169023543755,67.95919508946183,419.57919789997896,0.0
1095,4.0,4.265006127317276,0.26500612731727635,67.95112748875471,67.95926342958391,419.5755863411193,0.0
1096,4.0,4.265139037517581,0.2651390375175806,67.9505812608853,67.959345741307,419.60482658518623,0.0
1097,4.0,4.265173592390197,0.2651735923901972,67.95004362930024,67.95899230736299,419.6124286571619,0.0
1098,4.0,4.26512563781719,0.26512563781718956,67.94955189240643,67.95893928460855,419.6018786511002,0.0
1099,4.0,4.265201096315383,0.2652010963153826,67.94905809836091,67.95900090568571,419.6184795207027,0.0
1100,4.0,4.265322471660409,0.2653224716604088,67.94858624677798,67.9590986078682,419.64518209660844,0.0
1101,4.0,4.265268677886437,0.2652686778864366,67.94814245649047,67.95921736533927,419.63334746633456,0.0
1102,4.0,4.265216392476154,0.26521639247615436,67.94772614170806,67.95872499419636,419.62184467607244,0.0
1103,4.0,4.265351159627038,0.2653511596270377,67.94731144764634,67.95866193366889,419.65149344926675,0.0
1104,4.0,4.265358229812709,0.2653582298127093,67.94690905189681,67.95874269803483,419.6530488901145,0.0
1105,4.0,4.265309865843589,0.26530986584358907,67.94653329166958,67.95890447735881,419.6424088169081,0.0
1106,4.0,4.265373211367456,0.2653732113674563,67.94616813564738,67.95912362959868,419.6563448321589,0.0
1107,4.0,4.265449492587489,0.2654494925874893,67.94580942491758,67.95930555075772,419.6731267005661,0.0
1108,4.0,4.265407196958049,0.2654071969580487,67.94546577921994,67.9585584501757,419.66382166208916,0.0
1109,4.0,4.265412442738357,0.2654124427383566,67.94513752769045,67.9584124839297,419.66497573375693,0.0
1110,4.0,4.2654781357447185,0.26547813574471846,67.94482515547945,67.95846032127723,419.67942819515656,0.0
1111,4.0,4.265478192256137,0.2654781922561371,67.94451517873736,67.9586413107267,419.67944062766867,0.0
1112,4.0,4.275544375138156,0.2755443751381561,67.94422312319429,67.95889338179576,421.89400086171287,0.0
1113,4.0,4.275609337922007,0.27560933792200704,67.94482746515976,67.95795594568132,421.90829267416007,0.0
1114,4.0,4.275410350196168,0.275410350196168,67.94705893102395,67.95786141936141,421.8645153744755,0.0
1115,4.0,4.275161185778646,0.27516118577864557,67.95038128003588,67.95804104528011,421.80969920262055,0.0
1116,4.0,4.27482956237894,0.2748295623789403,67.9543888673955,67.95837019386194,421.7367420546854,0.0
1117,4.0,4.274524666411691,0.2745246664116907,67.95881208044591,67.95878152157644,421.6696649418905,0.0
1118,4.0,4.27416393399154,0.2741639339915398,67.96344764004157,67.95758244979616,421.59030380945734,0.0
1119,4.0,4.273812143188538,0.27381214318853786,67.96817072563299,67.95745460461842,421.51290983279694,0.0
1120,4.0,4.273431129720033,0.27343112972003336,67.97289142840229,67.95766521267902,421.42908686972595,0.0
1121,4.0,4.273043040952872,0.2730430409528717,67.97753792189805,67.95807226412438,421.3437073409504,0.0
1122,4.0,4.272703084624848,0.2727030846248484,67.98206667328598,67.9585406550123,421.26891694878526,0.0
1123,4.0,4.272356560341135,0.27235656034113465,67.98645556689536,67.95705974883661,421.19268160636824,0.0
1124,4.0,4.27212041964052,0.2721204196405198,67.99067881114476,67.95690638629692,421.14073065223295,0.0
1125,4.0,4.282124573424089,0.28212457342408914,67.99472267389142,67.95717471937488,423.3416444846182,0.0
1126,4.0,4.281705050091635,0.2817050500916354,67.9995146743759,67.95768827701963,423.2493493514784,0.0
1127,4.0,4.28120731944479,0.28120731944478994,68.00580607363119,67.95831376811019,423.13984860917236,0.0
1128,4.0,4.280685317114268,0.28068531711426825,68.01299736403311,67.95656912390842,423.0250080964576,0.0
1129,4.0,4.280076717650604,0.28007671765060405,68.02071455975613,67.95640948335672,422.8911162144515,0.0
1130,4.0,4.279498312014126,0.2794983120141259,68.0286611619783,67.95675204298952,422.76386697442626,0.0
1131,4.0,4.27888707218808,0.2788870721880796,68.03666602063456,67.95737954526938,422.62939421269607,0.0
1132,4.0,4.278287199055129,0.27828719905512944,68.04460432885627,67.958111734184,422.49742212344705,0.0
1133,4.0,4.277662513289147,0.2776625132891466,68.0523858130469,67.95879688121438,422.35999125493083,0.0
1134,4.0,4.277087107533886,0.27708710753388566,68.05995370357233,67.95681151279346,422.23340198877344,0.0
1135,4.0,4.276497286765207,0.27649728676520713,68.06725893799806,67.95644544010868,422.10364141966414,0.0
1136,4.0,4.286336106219459,0.2863361062194594,68.07428529563703,67.95660621418644,424.2681816995996,0.0
1137,4.0,4.285717977437327,0.28571797743732663,68.08193240194353,67.9570829959598,424.1321933675304,0.0
1138,4.0,4.285009741015555,0.2850097410155552,68.09095084586342,67.9577348359648,423.9763813547407,0.0
1139,4.0,4.284261168368048,0.28426116836804827,68.10075917822392,67.95571440378781,423.81169537228914,0.0
1140,4.0,4.283503116321643,0.2835031163216426,68.11095370176135,67.95557034001094,423.6449239220799,0.0
1141,4.0,4.282691460187566,0.2826914601875661,68.12127957540034,67.95603960894405,423.4663595725831,0.0
1142,4.0,4.281918341988063,0.28191834198806287,68.1315566243843,67.9568760461304,423.29627356869236,0.0
1143,4.0,4.281158854175058,0.28115885417505826,68.14164689864184,67.95780559763898,423.1291862498313,0.0
1144,4.0,4.289806525730024,0.2898065257300244,68.15147966703465,67.95586389783577,425.03167399192387,0.0
1145,4.0,4.289017341573688,0.28901734157368786,68.16182505603334,67.95576467251462,424.85805347752984,0.0
1146,4.0,4.288168860335101,0.2881688603351007,68.1733295839491,67.95620829568773,424.67138760504065,0.0
1147,4.0,4.287228782090499,0.28722878209049885,68.18545900113111,67.9569370209838,424.4645703912282,0.0
1148,4.0,4.286329043703366,0.28632904370336565,68.19784199154503,67.95778357758726,424.2666279460589,0.0
1149,4.0,4.285387687308236,0.28538768730823616,68.21021864739208,67.95580459533022,424.05952953913044,0.0
1150,4.0,4.284496730582777,0.28449673058277725,68.22243807067917,67.95568341189535,423.8635190595295,0.0
1151,4.0,4.28358506431946,0.2835850643194604,68.2343616978336,67.95612813601355,423.6629524815998,0.0
1152,4.0,4.291999112565347,0.29199911256534694,68.24594610685416,67.95689776473202,425.51404309569483,0.0
1153,4.0,4.290959052738376,0.2909590527383763,68.25794882383124,67.95777998915796,425.2852299337613,0.0
1154,4.0,4.289874801927441,0.2898748019274411,68.27101056056355,67.95588951913008,425.04669475535553,0.0
1155,4.0,4.288747866966962,0.2887478669669621,68.28458239067508,67.95579603081157,424.79876906405013,0.0
1156,4.0,4.287610334817308,0.287610334817308,68.29829092384614,67.95625191906517,424.54851199112625,0.0
1157,4.0,4.286456541676871,0.28645654167687074,68.31187001114093,67.95701738133025,424.29467750023,0.0
1158,4.0,4.285355902290608,0.2853559022906076,68.32515932276277,67.957905128152,424.0525368352521,0.0
1159,4.0,4.28424646511962,0.2842464651196197,68.33804646400228,67.95868627476679,423.8084606576348,0.0
1160,4.0,4.283164157715465,0.2831641577154649,68.3504664635504,67.95666691337097,423.5703530287207,0.0
1161,4.0,4.291465007424947,0.2914650074249474,68.36236317450758,67.9562952875396,425.3965399648069,0.0
1162,4.0,4.290397475444163,0.2903974754441627,68.37452303762251,67.95646356290669,425.16168292903427,0.0
1163,4.0,4.289242423627693,0.2892424236276927,68.38764051242265,67.95696379673466,424.90757152941086,0.0
1164,4.0,4.2880320249029,0.2880320249028996,68.4011852454226,67.95764344487606,424.64128380995635,0.0
1165,4.0,4.286840920512685,0.2868409205126854,68.41480251197112,67.95571557786009,424.37924084410923,0.0
1166,4.0,4.28564518979684,0.28564518979684017,68.42823625220109,67.95560054984922,424.1161800866233,0.0
1167,4.0,4.2844437588012685,0.2844437588012685,68.44132301353255,67.95608922924787,423.85186526759753,0.0
1168,4.0,4.283243539895266,0.28324353989526596,68.45395649245388,67.95691423522571,423.58781710827697,0.0
1169,4.0,4.291477684721185,0.29147768472118507,68.46606315147231,67.95785587316962,425.3993289699792,0.0
1170,4.0,4.2902912710661925,0.29029127106619246,68.47841642561183,67.95602051991332,425.13831796588084,0.0
1171,4.0,4.289029840692297,0.2890298406922973,68.49168644478841,67.95593977311073,424.8608032836239,0.0
1172,4.0,4.2877232637367975,0.28772326373679746,68.50534277445561,67.95637232372219,424.57335635341394,0.0
1173,4.0,4.286413453424864,0.28641345342486435,68.51900024498657,67.95708692315678,424.28519808478865,0.0
1174,4.0,4.2851189632333,0.2851189632333,68.53243947491592,67.95788031581786,424.0004102426445,0.0
1175,4.0,4.283935060475894,0.2839350604758941,68.54547736080353,67.95594957404747,423.7399516360152,0.0
1176,4.0,4.282762691207559,0.2827626912075587,68.55803761307727,67.95579339076144,423.4820303969814,0.0
1177,4.0,4.290902482087972,0.2909024820879722,68.5700411009992,67.95620479963667,425.2727843906723,0.0
1178,4.0,4.2897159159245675,0.28971591592456747,68.5822383471347,67.95696336530966,425.01173983472324,0.0
1179,4.0,4.288460177964126,0.2884601779641258,68.59529552273597,67.95781714112952,424.73547748342605,0.0
1180,4.0,4.287152541756922,0.28715254175692184,68.60873472201088,67.955978224098,424.4477975178412,0.0
1181,4.0,4.285811473141115,0.28581147314111544,68.62214385948911,67.95589356957142,424.15276242236376,0.0
1182,4.0,4.2844475417135355,0.2844475417135355,68.6352717635404,67.95635003353165,423.85269750829616,0.0
1183,4.0,4.283182829890036,0.28318282989003585,68.64796202024476,67.95710036208663,423.57446090712625,0.0
1184,4.0,4.281940669797286,0.2819406697972857,68.66014541627042,67.9579460715353,423.3011856867212,0.0
1185,4.0,4.2900948593573585,0.29009485935735846,68.67171248504636,67.95605249139098,425.09510738993725,0.0
1186,4.0,4.2887861350677525,0.2887861350677525,68.68344917265229,67.95591960635653,424.8071880462239,0.0
1187,4.0,4.28744143439991,0.2874414343999101,68.69596719380449,67.95635778563506,424.51135389929857,0.0
1188,4.0,4.286121617713748,0.2861216177137482,68.7087628614321,67.95709299103653,424.22099422834293,0.0
1189,4.0,4.284791645943186,0.2847916459431863,68.72157444065637,67.95793340315,423.9284004388193,0.0
1190,4.0,4.283433876395609,0.283433876395609,68.73405475213865,67.95869192754452,423.6296911383523,0.0
1191,4.0,4.282152099441032,0.28215209944103226,68.74601208415555,67.95669568600675,423.34770020834543,0.0
1192,4.0,4.280878520962281,0.28087852096228083,68.7574699646816,67.95633672422392,423.0675129430201,0.0
1193,4.0,4.2796138782333895,0.27961387823338946,68.7683061295482,67.95650652515641,422.78929154266405,0.0
1194,4.0,4.287734150702436,0.2877341507024358,68.77835029264435,67.95700820616828,424.57575148585425,0.0
1195,4.0,4.286510931444358,0.2865109314443579,68.78858376601313,67.95768892710208,424.3066432490771,0.0
1196,4.0,4.28522851839115,0.2852285183911496,68.79959712171646,67.95572330416184,424.0245123773713,0.0
1197,4.0,4.274008266790556,0.2740082667905561,68.8109216753176,67.95561160810497,421.55605702524076,0.0
1198,4.0,4.2727310465835595,0.2727310465835595,68.82129852686049,67.95608381877784,421.2750685797015,0.0
1199,4.0,4.271593883788003,0.271593883788003,68.82972933994128,67.9569032376628,421.02489276467907,0.0
1200,4.0,4.2705270787404555,0.27052707874045545,68.83667689009962,67.95784475209291,420.7901956542186,0.0
1201,4.0,4.269565151271507,0.2695651512715074,68.84230592710021,67.95600688712618,420.57857161105005,0.0
1202,4.0,4.277940317468875,0.27794031746887526,68.84695301434375,67.95590947540732,422.421108174471,0.0
1203,4.0,4.277005983841579,0.2770059838415788,68.85148929617759,67.95633522094641,422.21555477646575,0.0
1204,4.0,4.2760210629896935,0.27602106298969353,68.85674794214202,67.95704969986673,421.998872189051,0.0
1205,4.0,4.275026026577822,0.27502602657782216,68.86225326514194,67.95785274903406,421.7799641784393,0.0
1206,4.0,4.2740695269027595,0.27406952690275954,68.86774045474121,67.95590166455506,421.5695342499255,0.0
1207,4.0,4.273049510793972,0.2730495107939719,68.87311616156809,67.95574893885733,421.3451307059922,0.0
1208,4.0,4.272097907915075,0.27209790791507515,68.87799213829884,67.95617128510604,421.1357780726349,0.0
1209,4.0,4.271149109440189,0.2711491094401888,68.88252161839306,67.95691316864979,420.9270424081599,0.0
1210,4.0,4.269385508323417,0.2693855083234169,68.886526606153,67.957799118037,420.53905016247006,0.0
1211,4.0,4.268491087130961,0.26849108713096115,68.8898534468043,67.95594944088998,420.3422775001298,0.0
1212,4.0,4.2676541117536,0.26765411175360043,68.89260701576401,67.95587594084441,420.15814291711047,0.0
1213,4.0,4.266817882460428,0.2668178824604279,68.8947617322905,67.9563451153816,419.9741724726125,0.0
1214,4.0,4.266055193210042,0.26605519321004234,68.89612899080463,67.95712655420134,419.8063808375277,0.0
1215,4.0,4.265298749018808,0.26529874901880834,68.89705859985936,67.95798532849429,419.6399631154562,0.0
1216,4.0,4.264614549059897,0.264614549059897,68.89736519113869,67.9587419845799,419.48943912449573,0.0
1217,4.0,4.263949467013342,0.263949467013342,68.8972361549644,67.95673698200989,419.34312107425365,0.0
1218,4.0,4.263312990644675,0.2633129906446747,68.89657876331727,67.9563581250093,419.20309627314685,0.0
1219,4.0,4.272013252749672,0.27201325274967214,68.89544090158832,67.95649332898226,421.11715393624627,0.0
1220,4.0,4.261197015486823,0.2611970154868226,68.8945925407209,67.95697613070793,418.73758173841935,0.0
1221,4.0,4.260545365483852,0.26054536548385165,68.89394588961356,67.9576305957553,418.59421873776574,0.0
1222,4.0,4.259996516331605,0.25999651633160514,68.89225327484974,67.95570615499668,418.4734719242715,0.0
1223,4.0,4.259480635543011,0.25948063554301104,68.8897468184333,67.95560172662478,418.3599781507808,0.0
1224,4.0,4.259004839166253,0.25900483916625294,68.88649649032835,67.95608475300234,418.25530294789405,0.0
1225,4.0,4.258571712074891,0.2585717120748914,68.88269532763569,67.95691222992943,418.1600149877945,0.0
1226,4.0,4.2581693920687975,0.2581693920687975,68.87840433740682,67.95782692979586,418.07150458645384,0.0
1227,4.0,4.267088952002772,0.26708895200277194,68.87373872721346,67.9560116347753,420.0338077719282,0.0
1228,4.0,4.257425377881102,0.257425377881102,68.86942581925422,67.95592142633083,417.9078214651608,0.0
1229,4.0,4.257011086230253,0.2570110862302526,68.86552060749753,67.95636112323106,417.8166773019739,0.0
1230,4.0,4.2566487629534,0.2566487629534002,68.86087589063303,67.95706920579983,417.7369661810664,0.0
1231,4.0,4.256315203703701,0.25631520370370087,68.85557842340347,67.95787922459776,417.66358314613257,0.0
1232,4.0,4.256039639497855,0.256039639497855,68.8497690682912,67.95592313677228,417.60295902084647,0.0
1233,4.0,4.255767624075838,0.25576762407583775,68.8437079398831,67.95577313676401,417.5431156280027,0.0
1234,4.0,4.2555013999306,0.2555013999306004,68.83726776652374,67.95617065509903,417.48454631605046,0.0
1235,4.0,4.264599005225335,0.2645990052253353,68.83049500621344,67.95692156706129,419.48601948089214,0.0
1236,4.0,4.264341516561136,0.264341516561136,68.82439384693639,67.9577717716277,419.4293719747683,0.0
1237,4.0,4.25470140935366,0.25470140935366015,68.81961147323177,67.95592554578243,417.3085483891236,0.0
1238,4.0,4.254366569166961,0.25436656916696077,68.81483343323232,67.95586872169082,417.2348835480497,0.0
1239,4.0,4.254095668522391,0.25409566852239074,68.80902929555371,67.9563305238499,417.1752854062443,0.0
1240,4.0,4.25388301972936,0.25388301972935956,68.80253061969486,67.95710259683679,417.1285026717775,0.0
1241,4.0,4.253699546523952,0.25369954652395243,68.79551221452364,67.95793209805746,417.08813856658793,0.0
1242,4.0,4.253552557676746,0.25355255767674567,68.78807025720353,67.95606271596999,417.05580102020247,0.0
1243,4.0,4.2534181806926235,0.25341818069262345,68.78038187044153,67.95593803665278,417.0262380836956,0.0
1244,4.0,4.262630168789131,0.2626301687891308,68.77245287057308,67.95636522412705,419.05287546492724,0.0
1245,4.0,4.253200651704052,0.25320065170405215,68.76507089145805,67.95710536557968,416.9783817062099,0.0
1246,4.0,4.25304133681956,0.2530413368195603,68.758324801908,67.95794100024106,416.9433324316217,0.0
1247,4.0,4.252902448569962,0.25290244856996225,68.75103532961889,67.95870781866778,416.9127770167101,0.0
1248,4.0,4.252805909614693,0.2528059096146933,68.74321149297609,67.95670770292037,416.89153844655095,0.0
1249,4.0,4.252737147532526,0.2527371475325264,68.73510829028918,67.9563645605942,416.87641078847423,0.0
1250,4.0,4.252687780791746,0.2526877807917458,68.7267662583464,67.95653584931605,416.8655501055025,0.0
1251,4.0,4.252648640015121,0.25264864001512066,68.71831772567695,67.95703908582341,416.85693913464496,0.0
1252,4.0,4.261992544564224,0.26199254456422416,68.70967700618004,67.95770900961115,418.91259813544775,0.0
1253,4.0,4.252620305186877,0.25262030518687695,68.70180278628646,67.95575617180454,416.85070547243134,0.0
1254,4.0,4.252518335487174,0.2525183354871743,68.6945042324871,67.9556182698723,416.82827213849674,0.0
1255,4.0,4.2524662042009975,0.2524662042009975,68.68659923333004,67.95608801902506,416.8168032555379,0.0
1256,4.0,4.2524599291119305,0.2524599291119305,68.67837982917827,67.95690652564055,416.8154227359431,0.0
1257,4.0,4.252457296753696,0.252457296753696,68.66993950088111,67.95783251552133,416.81484361713154,0.0
1258,4.0,4.2524770824143285,0.25247708241432854,68.66122681110133,67.95598258667968,416.8191964624707,0.0
1259,4.0,4.252506417858478,0.25250641785847794,68.65244883821119,67.95591657010478,416.8256502601836,0.0
1260,4.0,4.261910819196866,0.2619108191968662,68.64354701429363,67.95634292776171,418.894618554629,0.0
1261,4.0,4.252584760126299,0.2525847601262994,68.6354099137716,67.95707138142087,416.8428855591043,0.0
1262,4.0,4.25256780600365,0.2525678060036496,68.62796327502353,67.95786899012455,416.83915565212135,0.0
1263,4.0,4.252575911184156,0.2525759111841559,68.61999815393536,67.95592986915504,416.84093879183274,0.0
1264,4.0,4.252604898703037,0.25260489870303715,68.61164911848978,67.95577985480632,416.84731604598664,0.0
1265,4.0,4.252641522786084,0.2526415227860843,68.60300383499042,67.95620518164483,416.85537334425703,0.0
1266,4.0,4.252740972689213,0.2527409726892129,68.59410037975454,67.95694669273242,416.8772523229453,0.0
1267,4.0,4.2528347798929875,0.2528347798929875,68.58537714115316,67.95781040257295,416.8978899077757,0.0
1268,4.0,4.26229345654141,0.2622934565414097,68.57654021056075,67.95593730057034,418.97879877042857,0.0
1269,4.0,4.252980186468965,0.2529801864689647,68.56841741529956,67.9558336762101,416.92987935449065,0.0
1270,4.0,4.253009208637769,0.2530092086377689,68.5609223681086,67.95629114825725,416.93626423162755,0.0
1271,4.0,4.253069350215478,0.25306935021547794,68.55298592064203,67.95704796833323,416.94949537872355,0.0
1272,4.0,4.253160272427455,0.2531602724274551,68.54477440295216,67.95791658794316,416.96949826535854,0.0
1273,4.0,4.25324367203538,0.2532436720353797,68.53636490405721,67.95869250345258,416.98784617910195,0.0
1274,4.0,4.253365667070371,0.253365667070371,68.52771388556968,67.95671110555635,417.01468508680006,0.0
1275,4.0,4.253481921877701,0.25348192187770113,68.51908782930472,67.95637485482509,417.0402611444127,0.0
1276,4.0,4.253619550635391,0.2536195506353911,68.51034640537027,67.95653811279378,417.0705394711045,0.0
1277,4.0,4.2631325730326814,0.26313257303268145,68.50168343858958,67.95700549506215,419.16340439850836,0.0
1278,4.0,4.253862785634717,0.2538627856347171,68.49386849010729,67.95765699897721,417.1240511709562,0.0
1279,4.0,4.2539013457746755,0.2539013457746755,68.48676532278799,67.95572993551995,417.132534401747,0.0
1280,4.0,4.2540030668590925,0.25400306685909246,68.47910127395866,67.955615922044,417.1549130403188,0.0
1281,4.0,4.254106089811713,0.2541060898117129,68.47128095423196,67.95611327952435,417.1775780898953,0.0
1282,4.0,4.254238667302565,0.25423866730256517,68.46323697852141,67.95692513525792,417.20674513788276,0.0
1283,4.0,4.254376001499303,0.2543760014993026,68.45509396706416,67.95786444256426,417.236958661165,0.0
1284,4.0,4.254527772730909,0.254527772730909,68.44681807034996,67.95603924336001,417.2703483321184,0.0
1285,4.0,4.2640433548645476,0.26404335486454755,68.43866133195232,67.95595245406919,419.36377640151886,0.0
1286,4.0,4.254789263385763,0.2547892633857627,68.43124277726128,67.95635954442841,417.3278762761862,0.0
1287,4.0,4.254856881273016,0.25485688127301565,68.4246334303956,67.95703970427404,417.3427522113819,0.0
1288,4.0,4.2549670442529095,0.2549670442529095,68.41755385761178,67.95783562304445,417.3669880669585,0.0
1289,4.0,4.255099936629851,0.2550999366298514,68.41023287407062,67.95593027235242,417.39622438988573,0.0
1290,4.0,4.255253252459453,0.2552532524594531,68.40263406506305,67.9557886956426,417.4299538723981,0.0
1291,4.0,4.255387959741031,0.25538795974103135,68.39504383940891,67.95621680783786,417.4595894743453,0.0
1292,4.0,4.255548180115211,0.25554818011521085,68.38733049571663,67.95694875222244,417.4948379566648,0.0
1293,4.0,4.2650960724748845,0.26509607247488454,68.37966284605812,67.95780344506625,419.595374275793,0.0
1294,4.0,4.255813359255624,0.2558133592556242,68.37285371011245,67.95595243419446,417.55317736755575,0.0
1295,4.0,4.2558939812143795,0.25589398121437945,68.36672589826931,67.95586894872461,417.5709141984819,0.0
1296,4.0,4.255995502304032,0.2559955023040317,68.36023223106346,67.95633258172819,417.5932488382054,0.0
1297,4.0,4.2561298965289005,0.2561298965289005,68.35334906846481,67.9571079370816,417.6228155676765,0.0
1298,4.0,4.256279877732005,0.25627987773200456,68.34630155045183,67.9579648346732,417.6558114323594,0.0
1299,4.0,4.25645316773728,0.25645316773727966,68.33919970691294,67.95609081845603,417.69393523351994,0.0
1300,4.0,4.256622517071648,0.25662251707164785,68.33215847545695,67.95596851659981,417.73119208708096,0.0
1301,4.0,4.256769293436195,0.2567692934361947,68.32508411346306,67.95637079189217,417.76348288728127,0.0
1302,4.0,4.256949623193239,0.2569496231932389,68.31788916877154,67.95709377015605,417.80315543383097,0.0
1303,4.0,4.257140249601106,0.2571402496011057,68.31083828590647,67.9579137358503,417.8450932435617,0.0
1304,4.0,4.257304798766716,0.2573047987667163,68.30393973818747,67.95867997051347,417.881294059996,0.0
1305,4.0,4.257500741001581,0.25750074100158127,68.29694928994377,67.9569003268272,417.9244013516663,0.0
1306,4.0,4.2576581274426,0.25765812744259975,68.2902065627969,67.95661931958729,417.95902636869033,0.0
1307,4.0,4.257850580891885,0.2578505808918852,68.28339301616349,67.95677817897523,418.0013661275331,0.0
1308,4.0,4.25801597232344,0.25801597232343987,68.27679107915688,67.95725840044209,418.03775224247516,0.0
1309,4.0,4.25820685617999,0.2582068561799904,68.27019012240032,67.9578709884707,418.0797466909163,0.0
1310,4.0,4.267777364151275,0.26777736415127507,68.26379585727032,67.95636779135195,420.1852584445989,0.0
1311,4.0,4.258489007468966,0.25848900746896586,68.2582059496091,67.95632880585592,418.1418199744909,0.0
1312,4.0,4.258563726453191,0.2585637264531906,68.25350732236276,67.95674272740136,418.15825815102033,0.0
1313,4.0,4.258680657731328,0.2586806577313281,68.2482825232408,67.95741606224442,418.18398303221056,0.0
1314,4.0,4.258812784748105,0.25881278474810543,68.24288011525657,67.95816494614726,418.2130509759016,0.0
1315,4.0,4.258948528430161,0.25894852843016114,68.23730744035038,67.95706735515711,418.2429145859538,0.0
1316,4.0,4.259100727219837,0.25910072721983735,68.23161519212302,67.95711018832169,418.2763983196826,0.0
1317,4.0,4.259270037265929,0.2592700372659289,68.22586689506161,67.95744839993799,418.31364652982273,0.0
1318,4.0,4.2594262526141256,0.25942625261412555,68.22022158113539,67.95794579080241,418.348013906426,0.0
1319,4.0,4.259751174998203,0.2597511749982031,68.21455074078658,67.9584640322563,418.41949683092304,0.0
1320,4.0,4.259913631159511,0.2599136311595114,68.20892575607765,67.95754594396308,418.45523718641084,0.0
1321,4.0,4.260070070729076,0.26007007072907573,68.20346731207783,67.95752521044555,418.489653891715,0.0
1322,4.0,4.260247029960951,0.2602470299609507,68.19802792107726,67.95778304491351,418.52858492272753,0.0
1323,4.0,4.2603981590946,0.26039815909460007,68.19278867164195,67.95818055202295,418.5618333321304,0.0
1324,4.0,4.260564362256285,0.260564362256285,68.18752007041527,67.95863769250107,418.5983980277011,0.0
1325,4.0,4.260726474472546,0.2607264744725457,68.18238624013532,67.95799227652289,418.63406271527845,0.0
1326,4.0,4.2608785644097456,0.26087856440974555,68.17736763928494,67.95804760456387,418.66752250146243,0.0
1327,4.0,4.251587728742703,0.2515877287427033,68.17238143376906,67.95827311118829,416.6235386547131,0.0
1328,4.0,4.251782340527897,0.25178234052789694,68.16669554617245,67.95860903686473,416.66635324745573,0.0
1329,4.0,4.252095725651798,0.25209572565179794,68.1594663036932,67.95894688934958,416.73529797471394,0.0
1330,4.0,4.252452904178934,0.2524529041789343,68.15148762568674,67.95922848882194,416.81387725068396,0.0
1331,4.0,4.262244962422376,0.2622449624223764,68.14293503676366,67.95873291308918,418.9681300642412,0.0
1332,4.0,4.262599354286879,0.26259935428687875,68.13489236500185,67.95866745999817,419.04609627443176,0.0
1333,4.0,4.262907887014622,0.262907887014622,68.12799289760214,67.9587093121791,419.11397347453527,0.0
1334,4.0,4.263142145254081,0.263142145254081,68.12235153178547,67.95882702624435,419.16551028721625,0.0
1335,4.0,4.253879913611547,0.2538799136115468,68.117315950183,67.95898428844963,417.12781932585875,0.0
1336,4.0,4.254093835122641,0.2540938351226414,68.11194522846688,67.95866966912354,417.17488205829954,0.0
1337,4.0,4.254408793935928,0.2544087939359283,68.10535291413122,67.9586945718802,417.2441729972227,0.0
1338,4.0,4.25474983845915,0.25474983845914956,68.0982547997417,67.95883100284955,417.31920279233134,0.0
1339,4.0,4.255123419551399,0.25512341955139917,68.09070171550066,67.95901342896778,417.40139063262626,0.0
1340,4.0,4.255526082959704,0.2555260829597037,68.08282848295542,67.95921366705328,417.48997658245327,0.0
1341,4.0,4.255936874393964,0.2559368743939636,68.0749457170414,67.95908790112476,417.58035069799047,0.0
1342,4.0,4.256350718715004,0.25635071871500426,68.06705840177678,67.95914273993473,417.6713964486194,0.0
1343,4.0,4.256759461451365,0.25675946145136486,68.05925700965756,67.95921314431324,417.76131985061875,0.0
1344,4.0,4.247701484357661,0.24770148435766082,68.051550813144,67.95929070129318,415.76856489000386,0.0
1345,4.0,4.248164376543815,0.24816437654381485,68.04321678407224,67.95935780102859,415.87040117095773,0.0
1346,4.0,4.248707153223775,0.24870715322377457,68.0336569388555,67.95924558705894,415.9898120405489,0.0
1347,4.0,4.249299396839099,0.24929939683909907,68.02320989175621,67.95923727485561,416.12010563592025,0.0
1348,4.0,4.259424658904696,0.25942465890469624,68.01233138472269,67.95926554723883,418.34766329035165,0.0
1349,4.0,4.2600352354871704,0.26003523548717045,68.00206849758922,67.95931317719861,418.481990138496,0.0
1350,4.0,4.2605503673325655,0.26055036733256554,67.99341029819844,67.95936793054673,418.5953191444829,0.0
1351,4.0,4.260998059054611,0.2609980590546108,67.9858503511231,67.95941260888833,418.69381132333285,0.0
1352,4.0,4.25193002661043,0.25193002661043007,67.97901130896993,67.95940246448107,416.6988441856131,0.0
1353,4.0,4.252350434784808,0.252350434784808,67.97215124914771,67.95942574092254,416.79133398397624,0.0
1354,4.0,4.252839399955942,0.25283939995594196,67.9642492472909,67.95943704577446,416.8989063216257,0.0
1355,4.0,4.253375508653909,0.25337550865390934,67.95567192472207,67.95945498024285,417.01685023517854,0.0
1356,4.0,4.253937230560109,0.2539372305601093,67.94691605157912,67.95946483730604,417.14042905454255,0.0
1357,4.0,4.254501492893247,0.2545014928932474,67.93804526207809,67.95947306015535,417.26456676783295,0.0
1358,4.0,4.25507212937469,0.2550721293746898,67.92912630188276,67.9594681219599,417.39010679375025,0.0
1359,4.0,4.255677638059634,0.25567763805963395,67.92026549256235,67.959466877706,417.52331870443794,0.0
1360,4.0,4.246737373838294,0.24673737383829408,67.91187521914965,67.95947024522718,415.5564605757432,0.0
1361,4.0,4.247352214058582,0.24735221405858177,67.9026677169782,67.95946934702728,415.6917254242065,0.0
1362,4.0,4.248048943787573,0.24804894378757325,67.89227876314874,67.95946924029057,415.84500596458463,0.0
1363,4.0,4.248803375819759,0.24880337581975898,67.88113303385676,67.95947381400941,416.0109810116655,0.0
1364,4.0,4.249585872256067,0.2495858722560671,67.86963959005455,67.95947774211542,416.18313022765324,0.0
1365,4.0,4.250370570897899,0.25037057089789894,67.85815358745798,67.95947503209588,416.3557639288562,0.0
1366,4.0,4.251186591741705,0.2511865917417051,67.84653374105703,67.959479978897,416.5352885144936,0.0
1367,4.0,4.2519760028611016,0.25197600286110156,67.83539294076166,67.95948663872001,416.7089589607608,0.0
1368,4.0,4.252763908335349,0.252763908335349,67.82442883084528,67.95948484616507,416.8822981650952,0.0
1369,4.0,4.244020330507851,0.2440203305078512,67.81375129325079,67.95948785228872,414.9587110430457,0.0
1370,4.0,4.244832422073281,0.24483242207328093,67.8026006809613,67.95948343960127,415.13737118744024,0.0
1371,4.0,4.24572997620176,0.24572997620176018,67.79033689371742,67.95948472316987,415.3348330957057,0.0
1372,4.0,4.246653486660103,0.24665348666010267,67.77755902035118,67.95948947074893,415.53800539654105,0.0
1373,4.0,4.247620659055722,0.2476206590557224,67.76433666138304,67.95949812340918,415.75078332357737,0.0
1374,4.0,4.248589140050399,0.24858914005039878,67.75129965798914,67.95948969041567,415.96384914240616,0.0
1375,4.0,4.2495565064585685,0.24955650645856853,67.73845723489009,67.95948489844935,416.1766697522035,0.0
1376,4.0,4.250519637444944,0.25051963744494365,67.72588764911531,67.9594840180573,416.38855856920605,0.0
1377,4.0,4.241937776192196,0.24193777619219592,67.71370532768444,67.95948043482576,414.50054909360153,0.0
1378,4.0,4.242931141424172,0.24293114142417238,67.70107680410297,67.95948402024689,414.7190894446364,0.0
1379,4.0,4.243981817653907,0.24398181765390703,67.68753521888654,67.95948257963693,414.950238215178,0.0
1380,4.0,4.245098076587613,0.24509807658761318,67.6732292071842,67.9594775096916,415.19581518059334,0.0
1381,4.0,4.2462089088968025,0.24620890889680247,67.65901981248695,67.95947624350451,415.44019828861497,0.0
1382,4.0,4.247326323692941,0.24732632369294105,67.64487084053216,67.95947880392744,415.68602954376547,0.0
1383,4.0,4.24843422103547,0.24843422103547042,67.63101294652219,67.95947480390308,415.92976695912193,0.0
1384,4.0,4.2495393901134335,0.2495393901134335,67.61745250469075,67.95947250301622,416.17290415627383,0.0
1385,4.0,4.241058677161874,0.2410586771618739,67.60450983654091,67.95947156328958,414.3071473069307,0.0
1386,4.0,4.242167108490805,0.24216710849080503,67.59111769566887,67.95947536219761,414.5510021992955,0.0
1387,4.0,4.243351409295537,0.24335140929553667,67.57678943976511,67.95948205578617,414.8115483763365,0.0
1388,4.0,4.244563951903764,0.24456395190376412,67.562141779918,67.95948000553994,415.0783077501465,0.0
1389,4.0,4.245791300329638,0.24579130032963814,67.54741612669989,67.95948315042358,415.3483244038388,0.0
1390,4.0,4.247024296412982,0.24702429641298185,67.53282784815153,67.95948340802782,415.6195835421744,0.0
1391,4.0,4.248242768361288,0.24824276836128778,67.51865222161301,67.95949058394933,415.8876473708017,0.0
1392,4.0,4.249440730588166,0.24944073058816585,67.50497979173535,67.95948732549722,416.1511990607149,0.0
1393,4.0,4.241039199486121,0.24103919948612074,67.4919080735326,67.95949101312223,414.302862218265,0.0
1394,4.0,4.242245513927314,0.24224551392731364,67.47843696516638,67.95949215778829,414.5682513953274,0.0
1395,4.0,4.243510160065606,0.24351016006560577,67.46421530866652,67.95949040399557,414.8464735457517,0.0
1396,4.0,4.244813787008298,0.24481378700829826,67.44959958301935,67.95948368048684,415.133271473144,0.0
1397,4.0,4.2461331480843985,0.24613314808439846,67.43491274647407,67.95947476838823,415.42353090988604,0.0
1398,4.0,4.247435997590873,0.2474359975908733,67.42065171340248,67.9594718684895,415.7101578013105,0.0
1399,4.0,4.248715847787496,0.248715847787496,67.40680734264839,67.95947886250269,415.9917248445675,0.0
1400,4.0,4.249965804623189,0.24996580462318896,67.39350834836604,67.95947642931228,416.26671534841995,0.0
1401,4.0,4.251201259861203,0.2512012598612028,67.38075875005732,67.9594784196029,416.538515500783,0.0
1402,4.0,4.25239533410968,0.2523953341096803,67.36875488763896,67.95947515516856,416.80121183544804,0.0
1403,4.0,4.243772613400546,0.24377261340054623,67.35743168520978,67.95947998745017,414.9042132794385,0.0
1404,4.0,4.244953403093281,0.24495340309328117,67.34592626429334,67.95947853073166,415.1639870118402,0.0
1405,4.0,4.246195662104082,0.24619566210408195,67.33361727812685,67.95947365830287,415.4372839942164,0.0
1406,4.0,4.247456208053169,0.24745620805316904,67.32106555770912,67.95948153913443,415.7146041030155,0.0
1407,4.0,4.248733681353701,0.2487336813537011,67.308474933966,67.95948004002572,415.9956482291326,0.0
1408,4.0,4.249995833084955,0.249995833084955,67.2961993136929,67.95948545163733,416.27332161000845,0.0
1409,4.0,4.251248509853589,0.25124850985358904,67.28424770683287,67.959486856824,416.54891049910793,0.0
1410,4.0,4.252463637157924,0.2524636371579243,67.2729625543752,67.95948819067333,416.81623850606167,0.0
1411,4.0,4.253655947150803,0.2536559471508033,67.26227064692334,67.95948879479263,417.07854670449507,0.0
1412,4.0,4.254814419518929,0.2548144195189286,67.25222285286314,67.95947967601535,417.33341062548266,0.0
1413,4.0,4.255941974514364,0.2559419745143643,67.24286826345427,67.95947571829153,417.5814727244785,0.0
1414,4.0,4.247417132628598,0.24741713262859832,67.23425237014281,67.95947412514671,415.70600750961,0.0
1415,4.0,4.24852796318248,0.24852796318247972,67.22535465251757,67.95946812010567,415.9503902314639,0.0
1416,4.0,4.249695211631415,0.24969521163141462,67.21562920654117,67.95947482154789,416.2071848902296,0.0
1417,4.0,4.250896757482255,0.2508967574822547,67.20564207187937,67.95946896310262,416.47152497741445,0.0
1418,4.0,4.252116308921376,0.2521163089213756,67.19551582536455,67.95947337702728,416.73982629402104,0.0
1419,4.0,4.253321258192992,0.253321258192992,67.18568557149268,67.95948066014606,417.00491513377665,0.0
1420,4.0,4.254507256896131,0.2545072568961313,67.17629688288682,67.95947990244485,417.2658348484673,0.0
1421,4.0,4.255670039602315,0.2556700396023146,67.1673621312338,67.9594824092993,417.5216470438276,0.0
1422,4.0,4.25680042931387,0.2568004293138699,67.15904050319054,67.95948269034895,417.7703327803698,0.0
1423,4.0,4.2578989058972185,0.25789890589721853,67.15127980811832,67.95948208441744,418.0119976287065,0.0
1424,4.0,4.258957479043137,0.25895747904313726,67.14417396913579,67.95947593886758,418.2448837208086,0.0
1425,4.0,4.259982625387364,0.25998262538736405,67.13758234751167,67.95948113683716,418.4704159165385,0.0
1426,4.0,4.260972796507102,0.2609727965071018,67.13171735500855,67.95947791046122,418.68825356288085,0.0
1427,4.0,4.261921707555933,0.261921707555933,67.12644371706342,67.95947455541723,418.8970139936237,0.0
1428,4.0,4.262840681765822,0.2628406817658222,67.12180971103548,67.95946938458054,419.09918831979934,0.0
1429,4.0,4.26373090647935,0.26373090647935005,67.1176842099661,67.95947635649308,419.29503775677546,0.0
1430,4.0,4.264584093442948,0.26458409344294775,67.11420771442525,67.95947705219085,419.48273888876696,0.0
1431,4.0,4.265409704567359,0.26540970456735913,67.11119223678197,67.95947567331619,419.6643733361375,0.0
1432,4.0,4.266200095678399,0.266200095678399,67.10873274884406,67.95947965345124,419.8382593805662,0.0
1433,4.0,4.257257721291712,0.25725772129171176,67.1068458222766,67.95948664780902,417.87093701549503,0.0
1434,4.0,4.258040133423482,0.2580401334234823,67.10456446614205,67.95948218013531,418.0430676844845,0.0
1435,4.0,4.2588942337552975,0.2588942337552975,67.10114663394126,67.95947872485941,418.2309697574839,0.0
1436,4.0,4.259772796717395,0.25977279671739506,67.09729961488658,67.95948676035283,418.42425360914535,0.0
1437,4.0,4.260683485352888,0.2606834853528879,67.09322548851966,67.95948129425558,418.6246051089538,0.0
1438,4.0,4.261589723073788,0.26158972307378825,67.08911924790489,67.95948130140805,418.82397740755187,0.0
1439,4.0,4.262487986033253,0.2624879860332534,67.0852284607655,67.95948385190265,419.0215952586342,0.0
1440,4.0,4.263363038886757,0.26336303888675694,67.0816739087053,67.95948431462153,419.214106886405,0.0
1441,4.0,4.264221020189067,0.26422102018906735,67.07845900193216,67.95948716705918,419.4028627729133,0.0
1442,4.0,4.2650608670818135,0.26506086708181353,67.07566018212634,67.95948697061594,419.58762908931743,0.0
1443,4.0,4.265870631697543,0.26587063169754277,67.07329038255386,67.95948592576245,419.7657773047779,0.0
1444,4.0,4.266655952216217,0.2666559522162171,67.07134919038721,67.9594850061962,419.9385478188862,0.0
1445,4.0,4.26740497810658,0.2674049781065797,67.06988742780864,67.95948376053269,420.103333514766,0.0
1446,4.0,4.268128793241467,0.2681287932414671,67.06888829422502,67.95948675774845,420.26257284444125,0.0
1447,4.0,4.2688237049795905,0.2688237049795905,67.06831706298732,67.95948770168984,420.4154534268284,0.0
1448,4.0,4.269489879722266,0.2694898797222658,67.0681789409116,67.95949540832875,420.56201187021696,0.0
1449,4.0,4.270135101209134,0.2701351012091342,67.06844714501649,67.95948930694817,420.70396059732803,0.0
1450,4.0,4.270764335708064,0.2707643357080638,67.06911987322184,67.95948157792016,420.84239218709257,0.0
1451,4.0,4.271364791714186,0.2713647917141859,67.07018722044555,67.95947687272488,420.9744925084394,0.0
1452,4.0,4.271942952051899,0.2719429520518988,67.0716364655039,67.95947706377156,421.10168778273624,0.0
1453,4.0,4.272497821146519,0.2724978211465192,67.07344453436886,67.95947963928388,421.2237589835527,0.0
1454,4.0,4.27302801358952,0.2730280135895198,67.07560413946086,67.95947548503175,421.34040132101285,0.0
1455,4.0,4.276889152212578,0.27688915221257826,67.07811206577297,67.95947635425277,422.1898518180857,0.0
1456,4.0,4.277347743911899,0.277347743911899,67.08122682763842,67.9594751009147,422.2907419919362,0.0
1457,4.0,4.277753412122947,0.277753412122947,67.08519374257793,67.95947674192249,422.3799889983668,0.0
1458,4.0,4.278107405664456,0.27810740566445613,67.08981879200054,67.95947928457944,422.4578675774988,0.0
1459,4.0,4.278429314562906,0.2784293145629064,67.09494422218917,67.9594720455376,422.52868753515787,0.0
1460,4.0,4.278722139177435,0.27872213917743505,67.10047624317855,67.95946720157711,422.5931089503542,0.0
1461,4.0,4.278983676448201,0.27898367644820077,67.10634011472112,67.95946968800438,422.65064714992263,0.0
1462,4.0,4.2792323889247275,0.27923238892472746,67.11248423257804,67.95947160491816,422.70536389475853,0.0
1463,4.0,4.2794529880816015,0.27945298808160146,67.1188639876055,67.95947780542451,422.7538957092708,0.0
1464,4.0,4.279659696978204,0.2796596969782037,67.12543206979791,67.95947326513608,422.7993716665233,0.0
1465,4.0,4.279850336369893,0.2798503363698934,67.13217817745021,67.95947678235662,422.84131233269505,0.0
1466,4.0,4.280024026210665,0.2800240262106648,67.13908688917643,67.95947407686326,422.8795240976648,0.0
1467,4.0,4.28018262257911,0.28018262257911,67.1461524112103,67.9594756656532,422.9144152987227,0.0
1468,4.0,4.280330294157369,0.2803302941573689,67.15333907660018,67.95947117230038,422.9469030459397,0.0
1469,4.0,4.280458345186195,0.2804583451861946,67.16065503360429,67.9594746479257,422.97507427228135,0.0
1470,4.0,4.280580070172596,0.28058007017259623,67.16806821279337,67.95947331778915,423.0018537692897,0.0
1471,4.0,4.280686090143414,0.28068609014341384,67.17557503912288,67.95947624511898,423.02517816286957,0.0
1472,4.0,4.280783866574677,0.28078386657467735,67.1831571340038,67.95947505732683,423.0466889777475,0.0
1473,4.0,4.280869611753607,0.2808696117536069,67.19082907489393,67.95946956013536,423.06555291711203,0.0
1474,4.0,4.2809439811067165,0.2809439811067165,67.19857501890121,67.95948083451034,423.0819141747961,0.0
1475,4.0,4.281010550144379,0.28101055014437915,67.20639182277108,67.95948915241321,423.0965593630819,0.0
1476,4.0,4.281063170965191,0.28106317096519096,67.21427179587947,67.95949218966526,423.1081359436605,0.0
1477,4.0,4.281110983892418,0.2811109838924182,67.2222030105524,67.95948457659202,423.1186547876505,0.0
1478,4.0,4.281157518266979,0.281157518266979,67.23018459979897,67.95947948994873,423.1288923500539,0.0
1479,4.0,4.281195322695957,0.2811953226959574,67.23820047609843,67.95947900977397,423.13720932442914,0.0
1480,4.0,4.281226307381446,0.28122630738144583,67.24623992980386,67.95947426731236,423.1440259552366,0.0
1481,4.0,4.2812449501304455,0.2812449501304455,67.25433040496347,67.95947543912233,423.14812736001653,0.0
1482,4.0,4.281251940191999,0.28125194019199906,67.26244189601942,67.95947830404528,423.14966517355833,0.0
1483,4.0,4.281250462692554,0.2812504626925536,67.2705837639456,67.95947821543557,423.1493401236803,0.0
1484,4.0,4.2812393608839265,0.28123936088392654,67.27875017741944,67.95947040244592,423.14689772578237,0.0
1485,4.0,4.281220567772462,0.2812205677724622,67.28693326506253,67.95946670749515,423.1427632412602,0.0
1486,4.0,4.281189685142284,0.2811896851422837,67.29512682413399,67.95946612523018,423.1359690626209,0.0
1487,4.0,4.281157654744834,0.2811576547448338,67.30331288321172,67.95946608299788,423.12892237518196,0.0
1488,4.0,4.281121111268163,0.2811211112681633,67.31149464041255,67.95946867458169,423.12088281031447,0.0
1489,4.0,4.281072885015112,0.28107288501511185,67.3196806105144,67.95947954786192,423.11027303464317,0.0
1490,4.0,4.281023442441909,0.28102344244190913,67.32785541953552,67.95948083353132,423.0993956685386,0.0
1491,4.0,4.280965114796758,0.280965114796758,67.3360258166738,67.95948448043801,423.08656358660534,0.0
1492,4.0,4.280901881963461,0.28090188196346144,67.34419019484882,67.95949130818993,423.0726523632801,0.0
1493,4.0,4.280831788297079,0.2808317882970792,67.3523151909366,67.95949794795231,423.057231756676,0.0
1494,4.0,4.280758882746317,0.28075888274631744,67.36040129044609,67.95949272756468,423.0411925355084,0.0
1495,4.0,4.280685445610764,0.28068544561076436,67.36847036647283,67.9594909422874,423.02503636568673,0.0
1496,4.0,4.280600938781535,0.2806009387815349,67.37651504928027,67.95948598496872,423.00644486325626,0.0
1497,4.0,4.280517793526045,0.28051779352604456,67.38453219915556,67.95948405136882,422.9881529070484,0.0
1498,4.0,4.2804286673721545,0.28042866737215455,67.39251549372078,67.95947518973419,422.9685451531926,0.0
1499,4.0,4.280346627070688,0.2803466270706876,67.40047096080069,67.9594749788992,422.9504962868699,0.0
1500,4.0,4.280262433337732,0.2802624333377324,67.40838043584364,67.95947339845596,422.93197366561975,0.0
1501,4.0,4.280172256130137,0.28017225613013697,67.41624008451821,67.95947702648306,422.91213467994874,0.0
1502,4.0,4.280077926798124,0.28007792679812393,67.42405638160542,67.95947982063811,422.8913822269059,0.0
1503,4.0,4.2799793051356465,0.2799793051356465,67.43183155595834,67.9594866510764,422.8696854611608,0.0
1504,4.0,4.2798756849338995,0.27987568493389947,67.43956712996666,67.9594797503352,422.84688901677646,0.0
1505,4.0,4.279767749072732,0.2797677490727324,67.44726199236518,67.95947751765296,422.8231431273197,0.0
1506,4.0,4.2796536163880265,0.27965361638802655,67.45490088945873,67.95947570132026,422.7980339366844,0.0
1507,4.0,4.279536903339958,0.27953690333995773,67.46250064652475,67.95947787598494,422.7723570661093,0.0
1508,4.0,4.279427288232392,0.2794272882323918,67.47003062861282,67.95947742019833,422.7482417424448,0.0
1509,4.0,4.279303581792835,0.2793035817928349,67.47748474295038,67.9594759042848,422.7210263257423,0.0
1510,4.0,4.279182886713135,0.2791828867131354,67.48490142526745,67.9594745831987,422.6944734082084,0.0
1511,4.0,4.279061739599705,0.2790617395997046,67.49226467854135,67.95946977150705,422.66782104325364,0.0
1512,4.0,4.2789318588822045,0.2789318588822045,67.49956713595792,67.95947871391839,422.6392472854036,0.0
1513,4.0,4.2788080153112915,0.2788080153112915,67.50681651220383,67.95947648314258,422.61200169980276,0.0
1514,4.0,4.2786763748077625,0.27867637480776253,67.51399676043354,67.9594802056329,422.58304078902637,0.0
1515,4.0,4.278548008831741,0.27854800883174136,67.52112256438961,67.9594814885876,422.5548002743017,0.0
1516,4.0,4.278419657100033,0.2784196571000326,67.5281715356967,67.95948534620148,422.5265628933258,0.0
1517,4.0,4.278290158452973,0.27829015845297267,67.53513952756445,67.9594836436145,422.4980731909726,0.0
1518,4.0,4.278157654102563,0.27815765410256343,67.54204946411367,67.95948055575599,422.46892223388255,0.0
1519,4.0,4.27802485105575,0.2780248510557497,67.5488971328412,67.95948314340214,422.4397055635835,0.0
1520,4.0,4.277892042881607,0.2778920428816072,67.55567147298366,67.95947782764661,422.41048776527214,0.0
1521,4.0,4.277756388625012,0.2777563886250123,67.56237882376008,67.95947952727833,422.38064382882123,0.0
1522,4.0,4.277624159684793,0.2776241596847928,67.56902286264742,67.95948328452005,422.35155346197297,0.0
1523,4.0,4.277487574080111,0.27748757408011127,67.57559808694283,67.9594818885481,422.32150462894305,0.0
1524,4.0,4.277352936036258,0.2773529360362579,67.58211085360685,67.95948366638356,422.29188425929533,0.0
1525,4.0,4.27722759991569,0.27722759991569035,67.58852841282925,67.95948341020052,422.2643103127705,0.0
1526,4.0,4.27710459197631,0.2771045919763102,67.59487744586227,67.95948315370565,422.23724856610687,0.0
1527,4.0,4.276978377148353,0.27697837714835316,67.60116836137414,67.9594806540293,422.2094813039563,0.0
1528,4.0,4.276851924368563,0.27685192436856276,67.60738634602076,67.95947784617019,422.18166169240243,0.0
1529,4.0,4.276718006000899,0.27671800600089913,67.61353648403333,67.95948118055045,422.1521996515164,0.0
1530,4.0,4.276582205795786,0.2765822057957861,67.6196332712247,67.95948560144312,422.12232360639155,0.0
1531,4.0,4.276444507173278,0.2764445071732782,67.62564485983279,67.95948259739197,422.0920299094398,0.0
1532,4.0,4.2763081859590395,0.2763081859590395,67.631596514559,67.9594852876238,422.0620392423073,0.0
1533,4.0,4.276173506577206,0.27617350657720596,67.63747761845595,67.95947742359583,422.03240977830393,0.0
1534,4.0,4.276036859203619,0.27603685920361887,67.64329387688619,67.95948652971228,422.0023473561148,0.0
1535,4.0,4.275902175357333,0.2759021753573334,67.64902163148987,67.95947929059122,421.972716909932,0.0
1536,4.0,4.275768951047541,0.2757689510475414,67.65466884056117,67.9594803934255,421.94340756177775,0.0
1537,4.0,4.275635376784986,0.27563537678498573,67.6602512776411,67.95947826223477,421.9140212240155,0.0
1538,4.0,4.275502089067559,0.275502089067559,67.66576528856373,67.9594791187318,421.8846979261817,0.0
1539,4.0,4.275366974181894,0.27536697418189426,67.67121220101404,67.95948257299914,421.8549726513354,0.0
1540,4.0,4.271900188342557,0.27190018834255714,67.67658596846246,67.95947860482615,421.09227976668126,0.0
1541,4.0,4.27178808030428,0.2717880803042796,67.68159880675924,67.9594779664628,421.0676159982602,0.0
1542,4.0,4.271708984509492,0.271708984509492,67.6859987492742,67.95948549384214,421.0502149234069,0.0
1543,4.0,4.2716525061294295,0.2716525061294295,67.68997665413053,67.95948316985839,421.03778967979315,0.0
1544,4.0,4.271617370148058,0.271617370148058,67.69366717848406,67.95948812047816,421.0300597638914,0.0
1545,4.0,4.271588182576948,0.2715881825769477,67.69715438432512,67.95948862926936,421.0236384982472,0.0
1546,4.0,4.271572460284229,0.2715724602842293,67.70049352884017,67.9594837282198,421.02017959384915,0.0
1547,4.0,4.271565871437422,0.2715658714374216,67.70373173767781,67.95948285287753,421.01873004755146,0.0
1548,4.0,4.27156188703893,0.2715618870389296,67.70689773033314,67.95947434285348,421.01785347988323,0.0
1549,4.0,4.271564037898657,0.27156403789865724,67.70999782262521,67.95947620395471,421.01832666902334,0.0
1550,4.0,4.27155740411521,0.27155740411521023,67.71308325024113,67.95947547167691,421.016867236665,0.0
1551,4.0,4.271539891104994,0.271539891104994,67.71614182572841,67.95947087308897,421.0130143744174,0.0
1552,4.0,4.2715235655243085,0.27152356552430845,67.71919365743094,67.95947097247702,421.0094227466666,0.0
1553,4.0,4.2715071474500625,0.27150714745006255,67.72222929637384,67.95947448079366,421.00581077033246,0.0
1554,4.0,4.27149376007412,0.2714937600741196,67.72525548657418,67.9594764209168,421.002865547625,0.0
1555,4.0,4.271470455436759,0.2714704554367593,67.7282773881729,67.95946926197433,420.9977385274057,0.0
1556,4.0,4.271447225619677,0.27144722561967694,67.73128688366926,67.95947653389177,420.9926279676476,0.0
1557,4.0,4.271426269065435,0.27142626906543477,67.73429171042882,67.95947980008769,420.9880175257143,0.0
1558,4.0,4.271400366400105,0.2714003664001048,67.73729060780826,67.95948629006881,420.9823189393417,0.0
1559,4.0,4.271378526256521,0.27137852625652137,67.74028137780859,67.95948503977684,420.9775141077534,0.0
1560,4.0,4.271347711392503,0.2713477113925027,67.74326340602218,67.95948880807897,420.9707348376693,0.0
1561,4.0,4.271314134087531,0.2713141340875307,67.74623302654537,67.95948713444744,420.96334783057546,0.0
1562,4.0,4.271284961329658,0.2712849613296582,67.74919579038382,67.95948503703188,420.9569298238435,0.0
1563,4.0,4.271252705215554,0.271252705215554,67.75214659113469,67.95948021714976,420.9498334787406,0.0
1564,4.0,4.271224712781497,0.27122471278149707,67.75508170919466,67.95948745311081,420.9436751432481,0.0
1565,4.0,4.2711896961545675,0.27118969615456745,67.7580005918895,67.95949106922684,420.93597148532353,0.0
1566,4.0,4.271146643601064,0.2711466436010639,67.76091377792389,67.95948602661929,420.92649992355274,0.0
1567,4.0,4.271108294387544,0.2711082943875436,67.76380686043831,67.95948503997047,420.9180630965783,0.0
1568,4.0,4.271074277983573,0.27107427798357264,67.7666575741958,67.95948764126135,420.9105794877047,0.0
1569,4.0,4.271041151791758,0.27104115179175814,67.76949099282419,67.95948152267827,420.9032917255055,0.0
1570,4.0,4.271005536186986,0.2710055361869861,67.77231894208037,67.95948940552273,420.8954562924556,0.0
1571,4.0,4.270967849620086,0.270967849620086,67.7751259440835,67.95949143432455,420.8871652477376,0.0
1572,4.0,4.2709373530655,0.2709373530655004,67.7779217870667,67.95948991211498,420.8804560057287,0.0
1573,4.0,4.270906748610479,0.2709067486104786,67.78069526647803,67.95948939979925,420.8737230256239,0.0
1574,4.0,4.270879005588751,0.27087900558875067,67.78344748766915,67.95948469383512,420.86761956084376,0.0
1575,4.0,4.270852476504754,0.2708524765047544,67.78618610433442,67.95948083527992,420.8617831623646,0.0
1576,4.0,4.27080309757549,0.2708030975754898,67.78892006772062,67.95947507462127,420.8509197979264,0.0
1577,4.0,4.270758472220365,0.27075847222036487,67.79162848001414,67.95947761625742,420.8411022197989,0.0
1578,4.0,4.270708534337689,0.2707085343376887,67.79432400931141,67.95948208802322,420.83011588561016,0.0
1579,4.0,4.270665877370735,0.27066587737073533,67.7970045054202,67.95948054756452,420.8207313528804,0.0
1580,4.0,4.270628527849968,0.2706285278499676,67.79965385354282,67.95948235674915,420.8125144583115,0.0
1581,4.0,4.270583533071796,0.27058353307179583,67.80229117712436,67.95948821187115,420.8026156071137,0.0
1582,4.0,4.270532138085265,0.2705321380852652,67.8049015454224,67.95948392470697,420.791308710077,0.0
1583,4.0,4.27048397693305,0.2704839769330496,67.80749117899968,67.95949042378251,420.78071325658954,0.0
1584,4.0,4.270436834287112,0.2704368342871124,67.81005826655239,67.95948490452348,420.77034187448334,0.0
1585,4.0,4.2703849010171115,0.27038490101711155,67.81260661714859,67.95948496229613,420.75891655508315,0.0
1586,4.0,4.270336541824546,0.2703365418245456,67.81511917477876,67.959480980149,420.74827753271865,0.0
1587,4.0,4.270292537988916,0.27029253798891606,67.81761568339962,67.95948067099994,420.73859668888014,0.0
1588,4.0,4.270235317047635,0.2702353170476348,67.82009060908082,67.95948132031283,420.7260080817983,0.0
1589,4.0,4.270175057020718,0.270175057020718,67.82253507828723,67.95948551085624,420.71275087587657,0.0
1590,4.0,4.270131987967373,0.2701319879673729,67.82493811708996,67.95948019246843,420.70327568414064,0.0
1591,4.0,4.270080998832977,0.2700809988329773,67.82731424581769,67.95948317720875,420.6920580745736,0.0
1592,4.0,4.270038275083263,0.2700382750832633,67.82966365895582,67.95948740161754,420.6826588496365,0.0
1593,4.0,4.269997490228976,0.2699974902289757,67.83198392641562,67.95948652790263,420.6736861816932,0.0
1594,4.0,4.2699558993995,0.26995589939950015,67.83428648863004,67.95948368923807,420.66453619920856,0.0
1595,4.0,4.269917766814047,0.26991776681404733,67.83656631625064,67.95948424409386,420.65614703040893,0.0
1596,4.0,4.269876197127489,0.26987619712748856,67.83882199482113,67.95948383237607,420.647001699366,0.0
1597,4.0,4.269840070994409,0.2698400709944089,67.8410619854562,67.95949004977965,420.63905395008845,0.0
1598,4.0,4.269803324799419,0.26980332479941893,67.84326683820811,67.95949034703699,420.6309697871907,0.0
1599,4.0,4.26975856451483,0.26975856451482993,67.84546720180983,67.95948196893514,420.6211225245811,0.0
1600,4.0,4.269705795543398,0.26970579554339835,67.84764370449889,67.95948251923899,420.60951335086617,0.0
1601,4.0,4.269643474789758,0.26964347478975803,67.84978871522135,67.9594775208865,420.5958027850653,0.0
1602,4.0,4.269594866554516,0.2695948665545158,67.8518959915525,67.95948115548747,420.585108973312,0.0
1603,4.0,4.2695434133053425,0.2695434133053425,67.85399706672501,67.95947785719837,420.5737892584939,0.0
1604,4.0,4.26949377013505,0.2694937701350497,67.85606942451732,67.95948066771712,420.56286776102945,0.0
1605,4.0,4.269446969394022,0.26944696939402224,67.85812560222347,67.95948227490426,420.5525715980034,0.0
1606,4.0,4.269402175024502,0.2694021750245019,67.86014350148041,67.95947935054018,420.5427168367089,0.0
1607,4.0,4.269344384988111,0.269344384988111,67.86214284779808,67.95948106055859,420.5300030287029,0.0
1608,4.0,4.269293187706687,0.26929318770668687,67.86411143407267,67.9594796736731,420.51873962678957,0.0
1609,4.0,4.269241528151769,0.2692415281517686,67.86605846571553,67.95947580080067,420.50737452470753,0.0
1610,4.0,4.269192555747413,0.26919255574741285,67.8679724766756,67.95947210950598,420.49660059574927,0.0
1611,4.0,4.269139351018407,0.26913935101840725,67.8698669629244,67.95947524612441,420.48489555536804,0.0
1612,4.0,4.269095960129859,0.26909596012985926,67.87171806078526,67.95948256747604,420.4753495598875,0.0
1613,4.0,4.269052627227673,0.26905262722767276,67.87355862379582,67.95948664249462,420.46581632140646,0.0
1614,4.0,4.268996904309923,0.2689969043099234,67.87537103805214,67.95947951008992,420.4535572795016,0.0
1615,4.0,4.268951526062772,0.2689515260627724,67.87716377905605,67.95948891037101,420.44357406512836,0.0
1616,4.0,4.268902786326196,0.2689027863261959,67.87891993351893,67.95948742326418,420.43285132308154,0.0
1617,4.0,4.2688529362151275,0.2688529362151275,67.88065839755006,67.95948864792274,420.4218842986465,0.0
1618,4.0,4.268797109980088,0.2687971099800883,67.88236646975221,67.95948791573109,420.4096025269379,0.0
1619,4.0,4.2687542487921375,0.2687542487921375,67.88402604609286,67.95948247883196,420.4001730655887,0.0
1620,4.0,4.2687145156283215,0.2687145156283215,67.88565521319933,67.9594799005471,420.3914317695492,0.0
1621,4.0,4.268677806633203,0.2686778066332032,67.88727170398607,67.95947059795571,420.3833557906231,0.0
1622,4.0,4.268639636864893,0.2686396368648927,67.88885676309043,67.95946884637937,420.3749584415948,0.0
1623,4.0,4.26860109979961,0.2686010997996098,67.8904251719122,67.95947191633773,420.36648028723255,0.0
1624,4.0,4.268568818452554,0.26856881845255387,67.8919648900229,67.95947298103246,420.35937839088024,0.0
1625,4.0,4.268534402820869,0.26853440282086893,67.89349675429968,67.95947470657828,420.35180695190957,0.0
1626,4.0,4.268503197798185,0.2685031977981849,67.89500009603046,67.95947645739132,420.3449418469191,0.0
1627,4.0,4.268454668142193,0.2684546681421933,67.89648304352197,67.95947650702405,420.3342653226009,0.0
1628,4.0,4.268410547785792,0.2684105477857921,67.89792805899255,67.95948161895508,420.32455884419267,0.0
1629,4.0,4.268372620791819,0.2683726207918191,67.89938075610698,67.95947974420454,420.3162149055186,0.0
1630,4.0,4.268338251470096,0.26833825147009627,67.900796187839,67.9594747008248,420.3086536547396,0.0
1631,4.0,4.268295419321898,0.26829541932189827,67.90220470671359,67.95947231095477,420.29923058213603,0.0
1632,4.0,4.268248909160556,0.26824890916055644,67.9035816785895,67.95947178954476,420.2889983466408,0.0
1633,4.0,4.268206886543492,0.2682068865434921,67.90495163575879,67.95947408018867,420.2797533708867,0.0
1634,4.0,4.268161509296068,0.26816150929606763,67.9062913363604,67.95948143685642,420.26977037645327,0.0
1635,4.0,4.2681084667074956,0.26810846670749555,67.90760501674114,67.95948226554148,420.2581010069674,0.0
1636,4.0,4.268072375577309,0.2680723755773089,67.90888068316576,67.95948889397114,420.2501609583264,0.0
1637,4.0,4.268030134994799,0.2680301349947989,67.91015125338087,67.95948729783184,420.24086803017417,0.0
1638,4.0,4.267997124467518,0.26799712446751833,67.91139081746701,67.95948770797334,420.2336057141724,0.0
1639,4.0,4.2679610817638105,0.2679610817638105,67.91260786046936,67.95948291297016,420.2256763193567,0.0
1640,4.0,4.2679260762063125,0.2679260762063125,67.9138084203289,67.95947622646915,420.2179750967071,0.0
1641,4.0,4.267894811662295,0.2678948116622948,67.91498808183138,67.95948811578245,420.2110968970232,0.0
1642,4.0,4.267859619098844,0.2678596190988438,67.91615304274397,67.95948582396186,420.203354533064,0.0
1643,4.0,4.267816672026033,0.2678166720260329,67.91728697322027,67.95948041963013,420.19390617704556,0.0
1644,4.0,4.267765525554605,0.267765525554605,67.91841626552653,67.9594779265148,420.1826539533314,0.0
1645,4.0,4.267715782031748,0.26771578203174773,67.91951038591436,67.95947672667135,420.1717103783028,0.0
1646,4.0,4.267665407786274,0.2676654077862741,67.920595262478,67.9594712310531,420.1606280442986,0.0
1647,4.0,4.267622187500294,0.26762218750029376,67.92164353556596,67.9594690235841,420.15111958138294,0.0
1648,4.0,4.26756462755513,0.2675646275551298,67.9226736339682,67.95946964560369,420.13845639344686,0.0
1649,4.0,4.267519186149026,0.26751918614902603,67.92365538484903,67.95946739901584,420.12845928410405,0.0
1650,4.0,4.2674805803855635,0.26748058038556355,67.92463148310503,67.95946858821212,420.1199660161423,0.0
1651,4.0,4.267452501825248,0.2674525018252476,67.92557559683084,67.95946134804757,420.1137887328728,0.0
1652,4.0,4.267425864850808,0.2674258648508081,67.92650321277209,67.95947123358648,420.10792859849613,0.0
1653,4.0,4.267398126551292,0.26739812655129214,67.92741578767132,67.95947384229954,420.1018261726026,0.0
1654,4.0,4.267373142197789,0.26737314219778874,67.92830424791164,67.95947983135139,420.09632961483186,0.0
1655,4.0,4.26735044526286,0.2673504452628599,67.92918285623244,67.95948675256143,420.09133628914753,0.0
1656,4.0,4.2673116660256225,0.2673116660256225,67.93003348027112,67.95949552572203,420.0828048569553,0.0
1657,4.0,4.267270136308292,0.26727013630829166,67.93086997727698,67.95950181652456,420.07366831914254,0.0
1658,4.0,4.267223921867888,0.26722392186788824,67.93169176271712,67.95950083174613,420.0635011422538,0.0
1659,4.0,4.267170965338475,0.26717096533847506,67.93249458155981,67.95948867147064,420.0518507057829,0.0
1660,4.0,4.267139504780182,0.26713950478018234,67.93325450362697,67.95947594431351,420.0449293829585,0.0
1661,4.0,4.267101755384871,0.26710175538487135,67.93401157144649,67.95947042294166,420.03662451599007,0.0
1662,4.0,4.267066986041943,0.267066986041943,67.93474051818168,67.95947128650575,420.02897526054585,0.0
1663,4.0,4.267030625815912,0.2670306258159121,67.93545618475876,67.95947246158595,420.020976010819,0.0
1664,4.0,4.2669928374355415,0.2669928374355415,67.9361495439724,67.95946966790441,420.0126625671375,0.0
1665,4.0,4.266960643021268,0.2669606430212683,67.93681821915455,67.95947464848366,420.0055797959974,0.0
1666,4.0,4.266930236403411,0.26693023640341096,67.93745843937405,67.95947183162319,419.9988903400688,0.0
1667,4.0,4.266903500360029,0.2669035003600291,67.93809172098938,67.9594746484836,419.9930084105248,0.0
1668,4.0,4.266861619800517,0.26686161980051715,67.93870705820088,67.95948038844301,419.9837946874322,0.0
1669,4.0,4.266830650291292,0.2668306502912916,67.93927974144809,67.95947881571588,419.97698139540256,0.0
1670,4.0,4.266807340654893,0.26680734065489276,67.93985797547758,67.95947864903233,419.97185327539484,0.0
1671,4.0,4.266783369363702,0.2667833693637016,67.94041960737215,67.95947910256982,419.9665795913328,0.0
1672,4.0,4.2667608011006015,0.2667608011006015,67.94095649078264,67.95948039469789,419.9616145734508,0.0
1673,4.0,4.266744561360532,0.2667445613605324,67.94147377652484,67.95947876959804,419.9580418306356,0.0
1674,4.0,4.266731220880402,0.266731220880402,67.9419714528334,67.95947200312834,419.95510692500693,0.0
1675,4.0,4.266723783034675,0.26672378303467514,67.94245278877793,67.95948309077752,419.95347059894704,0.0
1676,4.0,4.266705320033917,0.26670532003391667,67.94292985027383,67.95948375428011,419.94940873878016,0.0
1677,4.0,4.26669896108917,0.2666989610891699,67.94339280328121,67.95947817896766,419.94800977093587,0.0
1678,4.0,4.266674693451845,0.26667469345184536,67.94385367721789,67.95947214584572,419.94267089072446,0.0
1679,4.0,4.266643441559502,0.26664344155950204,67.94429904234777,67.95947664313896,419.9357954744089,0.0
1680,4.0,4.2666206102754085,0.2666206102754085,67.94474067492712,67.95948136420814,419.93077259190835,0.0
1681,4.0,4.266590091386831,0.2665900913868313,67.9451727698051,67.95947677309066,419.9240584364214,0.0
1682,4.0,4.266564252216223,0.2665642522162228,67.94558908751918,67.95948109454721,419.9183738188875,0.0
1683,4.0,4.2665406690087195,0.26654066900871953,67.94598718645442,67.95948046390178,419.9131855132368,0.0
1684,4.0,4.266503322151416,0.2665033221514159,67.9463743410534,67.95948385547845,419.90496920463,0.0
1685,4.0,4.266482036770999,0.2664820367709986,67.94673746487265,67.95948525709443,419.9002864209382,0.0
1686,4.0,4.26646128061219,0.26646128061219,67.94709377340439,67.95949202900083,419.8957200660003,0.0
1687,4.0,4.26643976507616,0.26643976507615985,67.94743803810287,67.95948716285749,419.8909866480737,0.0
1688,4.0,4.26641964372236,0.2664196437223598,67.94775849285293,67.95948987048169,419.8865599502377,0.0
1689,4.0,4.266397825072192,0.26639782507219234,67.9480802315063,67.9594878516161,419.88175984720084,0.0
1690,4.0,4.266378742396351,0.26637874239635106,67.94838414995034,67.95948906969979,419.8775616585158,0.0
1691,4.0,4.266350200609275,0.26635020060927506,67.94867777863665,67.95948930101045,419.87128246535906,0.0
1692,4.0,4.266335391631663,0.26633539163166287,67.94894260700474,67.95948397992574,419.86802449028437,0.0
1693,4.0,4.266318878992014,0.26631887899201434,67.94920560103672,67.95948591610247,419.8643917095617,0.0
1694,4.0,4.266297997784976,0.2662979977849762,67.94946092112619,67.95948100764997,419.8597978440133,0.0
1695,4.0,4.266292463166473,0.26629246316647315,67.94970518953845,67.95947561918581,419.85858022794264,0.0
1696,4.0,4.266289466136961,0.2662894661369606,67.94993640290515,67.95947668217273,419.8579208814499,0.0
1697,4.0,4.266283512581142,0.2662835125811416,67.95016159342467,67.95947906077657,419.8566110991697,0.0
1698,4.0,4.26627271502407,0.26627271502407,67.95038829136104,67.9594855469383,419.85423563661396,0.0
1699,4.0,4.2662612812899345,0.26626128128993454,67.95059615250617,67.95948222397699,419.85172021510414,0.0
1700,4.0,4.26625114284834,0.26625114284833984,67.9508123546453,67.95948749953835,419.8494897579533,0.0
1701,4.0,4.266239833764294,0.2662398337642937,67.95101501362666,67.95948335968133,419.8470017594631,0.0
1702,4.0,4.266223922663063,0.2662239226630634,67.9512137176847,67.9594890101624,419.8435013171925,0.0
1703,4.0,4.266213802848341,0.2662138028483412,67.95140226506335,67.95948851273057,419.8412749579536,0.0
1704,4.0,4.266194057713256,0.266194057713256,67.95159122180323,67.95949796360303,419.83693102823486,0.0
1705,4.0,4.2661842532848615,0.2661842532848615,67.95176670038711,67.95949342468667,419.8347740539881,0.0
1706,4.0,4.266173498447762,0.2661734984477624,67.95193800382373,67.95948142483972,419.83240798982627,0.0
1707,4.0,4.26616107655561,0.26616107655561017,67.95210688995837,67.95947610365774,419.8296751735528,0.0
1708,4.0,4.266142016274544,0.2661420162745438,67.9522591913765,67.95946757500103,419.8254819117182,0.0
1709,4.0,4.266130687880436,0.2661306878804357,67.95238812868537,67.95946447100265,419.8229896650144,0.0
1710,4.0,4.266123004735648,0.26612300473564776,67.95253304208967,67.95947323481495,419.8212993731611,0.0
1711,4.0,4.2661162190989605,0.26611621909896055,67.95266687915672,67.95947715439546,419.8198065330899,0.0
1712,4.0,4.2661067715382615,0.26610677153826146,67.95279483108177,67.95948407261656,419.81772806973606,0.0
1713,4.0,4.266100100181525,0.2661001001815251,67.95292362967857,67.95949044323883,419.8162603712541,0.0
1714,4.0,4.2660895909907826,0.26608959099078255,67.95304274030029,67.95949536892611,419.81394834929074,0.0
1715,4.0,4.266081779758099,0.26608177975809877,67.95316394381794,67.95948450804346,419.8122298781003,0.0
1716,4.0,4.266076941477038,0.26607694147703764,67.95326676422962,67.95947897588671,419.81116545626685,0.0
1717,4.0,4.266059144089491,0.26605914408949083,67.95336676629954,67.95948408666918,419.80725003100656,0.0
1718,4.0,4.266051922792938,0.2660519227929381,67.95345604044313,67.95948517790767,419.805661345765,0.0
1719,4.0,4.266045761590711,0.2660457615907106,67.95355096255535,67.9594770108262,419.8043058812749,0.0
1720,4.0,4.266055357277727,0.2660553572777271,67.95363632814825,67.95948252536725,419.80641693241853,0.0
1721,4.0,4.2660604469681305,0.26606044696813047,67.95371942951348,67.95949138141619,419.8075366643073,0.0
1722,4.0,4.266059487413267,0.26605948741326735,67.95380231547328,67.95948858352615,419.8073255622374,0.0
1723,4.0,4.266059394101586,0.2660593941015863,67.9538874986632,67.95948383288801,419.80730503366755,0.0
1724,4.0,4.266058977292192,0.2660589772921922,67.9539746157365,67.95947662372711,419.80721333560086,0.0
1725,4.0,4.2660656734808935,0.2660656734808935,67.95405466048456,67.95947483740494,419.80868649711516,0.0
1726,4.0,4.266050700348931,0.26605070034893075,67.95413865042408,67.95947429638738,419.8053924080834,0.0
1727,4.0,4.266045733473888,0.26604573347388794,67.95421132988285,67.95947395494201,419.80429969557395,0.0
1728,4.0,4.266040327517231,0.2660403275172314,67.95430066106634,67.95947131041102,419.8031103851095,0.0
1729,4.0,4.266033722397791,0.26603372239779066,67.95437368373588,67.95947091910234,419.80165725883256,0.0
1730,4.0,4.266030141107044,0.26603014110704404,67.95445970295023,67.9594665748834,419.8008693748683,0.0
1731,4.0,4.266017582991573,0.26601758299157297,67.9545309786868,67.95948008702261,419.7981065894646,0.0
1732,4.0,4.266018171762601,0.26601817176260134,67.95459242107964,67.95947545541821,419.79823611909086,0.0
1733,4.0,4.266011160499252,0.2660111604992519,67.95465581845032,67.95948353986059,419.796693641154,0.0
1734,4.0,4.266005515948428,0.2660055159484278,67.95471997922701,67.95948089322229,419.79545183997266,0.0
1735,4.0,4.265995106131046,0.2659951061310464,67.95478278827709,67.95948652850655,419.7931616801487,0.0
1736,4.0,4.2659899991196255,0.2659899991196255,67.95484160592099,67.95948378721755,419.79203813763615,0.0
1737,4.0,4.265991559487115,0.26599155948711495,67.95488757167013,67.95948426265656,419.79238141848384,0.0
1738,4.0,4.265980177383969,0.26598017738396873,67.95494011601494,67.95948021320326,419.78987735579165,0.0
1739,4.0,4.265977999482385,0.2659779994823852,67.95498124726127,67.95948261400436,419.78939821744325,0.0
1740,4.0,4.265975058459992,0.2659750584599916,67.95502165802294,67.95948465836541,419.78875119251666,0.0
1741,4.0,4.265972656235947,0.265972656235947,67.95506636271813,67.95948648708254,419.78822270322684,0.0
1742,4.0,4.265962261734794,0.26596226173479387,67.9551160523865,67.95948967357468,419.7859359129732,0.0
1743,4.0,4.2659529648294034,0.26595296482940345,67.95513538121622,67.95948781233476,419.7838905937873,0.0
1744,4.0,4.265950861744742,0.26595086174474236,67.9551688826342,67.95948699998519,419.78342791516184,0.0
1745,4.0,4.265949266503738,0.2659492665037382,67.95520073268295,67.95948182312745,419.7830769621409,0.0
1746,4.0,4.265951802350607,0.26595180235060667,67.95523759804573,67.95948385479966,419.783634848452,0.0
1747,4.0,4.265963337771503,0.2659633377715034,67.95525987061927,67.95948179066198,419.78617264104923,0.0
1748,4.0,4.265969887308616,0.26596988730861604,67.95528430607298,67.95947743079353,419.787613539214,0.0
1749,4.0,4.265971534372314,0.2659715343723139,67.95530957578698,67.95947821395494,419.78797589322755,0.0
1750,4.0,4.265980220590187,0.2659802205901869,67.95533860468471,67.9594780608055,419.78988686115963,0.0
1751,4.0,4.265972773573589,0.26597277357358884,67.95537353431938,67.9594768027435,419.78824851750807,0.0
1752,4.0,4.265976263317948,0.2659762633179481,67.95540164248858,67.95947835718196,419.7890162612671,0.0
1753,4.0,4.26597065950762,0.26597065950762033,67.95543296403517,67.95948359888337,419.78778342299495,0.0
1754,4.0,4.265965080859583,0.2659650808595826,67.95546388483676,67.9594781940343,419.78655612042667,0.0
1755,4.0,4.265964185980401,0.26596418598040117,67.95550208263734,67.95947716690398,419.78635924700677,0.0
1756,4.0,4.265952770718078,0.2659527707180782,67.95552930306096,67.95948230556903,419.7838478892957,0.0
1757,4.0,4.265954305789742,0.2659543057897418,67.95555203100179,67.95948045459615,419.7841856050617,0.0
1758,4.0,4.265950414287708,0.26595041428770827,67.95558444536283,67.95948668977927,419.78332947461433,0.0
1759,4.0,4.265947837683636,0.26594783768363595,67.95560818691978,67.95948577834564,419.7827626217184,0.0
1760,4.0,4.265945420346736,0.2659454203467364,67.95564186579276,67.95948219075349,419.7822308076005,0.0
1761,4.0,4.265943940182909,0.26594394018290934,67.95566826130589,67.95948037240792,419.78190517155855,0.0
1762,4.0,4.265942516943905,0.26594251694390536,67.9556921404366,67.95948496379607,419.78159205897765,0.0
1763,4.0,4.265936187299573,0.26593618729957313,67.95571731942856,67.95948849790216,419.7801995372246,0.0
1764,4.0,4.265932798583499,0.26593279858349916,67.95573508515434,67.95948381414388,419.7794540196883,0.0
1765,4.0,4.265929246574553,0.26592924657455264,67.95574740412667,67.95948717612418,419.77867257772004,0.0
1766,4.0,4.265926643251345,0.26592664325134496,67.95576473071344,67.95948365661685,419.77809984661434,0.0
1767,4.0,4.265931293235473,0.2659312932354734,67.95577033237397,67.95948456371326,419.7791228431226,0.0
1768,4.0,4.265922276787246,0.2659222767872462,67.95578519511047,67.95948592372987,419.7771392245126,0.0
1769,4.0,4.265930880479239,0.26593088047923885,67.95577207872262,67.95947688513023,419.779032036751,0.0
1770,4.0,4.26594037385778,0.2659403738577799,67.95578342020661,67.95947490492894,419.78112058003006,0.0
1771,4.0,4.265950997113917,0.2659509971139169,67.95579768764328,67.95947808321144,419.7834576963802,0.0
1772,4.0,4.265962560010281,0.26596256001028085,67.9558082538913,67.95947329770097,419.78600153358025,0.0
1773,4.0,4.26596065384649,0.2659606538464896,67.95582252274075,67.95946740038501,419.7855821775462,0.0
1774,4.0,4.265959591192003,0.2659595911920034,67.95584106019123,67.95947090555416,419.7853483935592,0.0
1775,4.0,4.265949220294738,0.265949220294738,67.95587106074048,67.95947208623825,419.7830667961608,0.0
1776,4.0,4.265952036744674,0.2659520367446744,67.95588716488298,67.95948248194101,419.7836864151468,0.0
1777,4.0,4.265954107003226,0.26595410700322564,67.95590679335756,67.95948801514338,419.7841418720281,0.0
1778,4.0,4.265942538481659,0.26594253848165916,67.95593575212978,67.95948010553819,419.7815967972835,0.0
1779,4.0,4.265941546051785,0.2659415460517849,67.95595125961852,67.95948436305336,419.78137846271113,0.0
1780,4.0,4.2659400598352395,0.2659400598352395,67.95597372768333,67.95948801186644,419.78105149507115,0.0
1781,4.0,4.265932777239698,0.26593277723969777,67.9559865231122,67.95949030636085,419.779449324052,0.0
1782,4.0,4.265936924446144,0.2659369244461436,67.95599691452483,67.95948630196303,419.78036170947007,0.0
1783,4.0,4.265930869273424,0.2659308692734239,67.956015709682,67.95948803580677,419.77902957147177,0.0
1784,4.0,4.265929827167682,0.26592982716768176,67.95603311516797,67.95948533826709,419.7788003082085,0.0
1785,4.0,4.265928513310109,0.2659285133101088,67.95605364245405,67.95948172041926,419.7785112595424,0.0
1786,4.0,4.265917334237896,0.265917334237896,67.95607317865206,67.95948285007246,419.7760518636556,0.0
1787,4.0,4.265919448720484,0.2659194487204841,67.95606605347656,67.9594821016374,419.776517049825,0.0
1788,4.0,4.2659137769493745,0.26591377694937446,67.9560783388118,67.95948579041638,419.77526926018083,0.0
1789,4.0,4.265912738841757,0.2659127388417568,67.95609487588767,67.95948235197542,419.77504087650493,0.0
1790,4.0,4.26591067262081,0.2659106726208096,67.95609962266848,67.95948252529652,419.7745863078965,0.0
1791,4.0,4.26591236111893,0.2659123611189296,67.95610411224209,67.9594865073753,419.77495777748294,0.0
1792,4.0,4.265906917744174,0.2659069177441742,67.95611034486464,67.95948745858624,419.7737602350368,0.0
1793,4.0,4.265904444773852,0.26590444477385233,67.95609984142652,67.959493853402,419.77321618156594,0.0
1794,4.0,4.265907428665737,0.265907428665737,67.9560973770241,67.95949043128363,419.7738726377806,0.0
1795,4.0,4.265915705294183,0.26591570529418274,67.95609912773915,67.9594828755951,419.7756934960386,0.0
1796,4.0,4.265920183873238,0.2659201838732379,67.95610987394275,67.95947922681154,419.7766787834308,0.0
1797,4.0,4.265932967289401,0.26593296728940086,67.95611387341293,67.95947708839321,419.77949113498664,0.0
1798,4.0,4.265939001442494,0.2659390014424936,67.95611915456563,67.9594803189327,419.78081864866704,0.0
1799,4.0,4.265943644995016,0.26594364499501566,67.95612566307763,67.95947734564287,419.78184023022186,0.0
1800,4.0,4.265934605196283,0.265934605196283,67.95613606968983,67.95947660669377,419.7798514745007,0.0
1801,4.0,4.265931956000681,0.2659319560006814,67.95612998319905,67.95947326691153,419.7792686514683,0.0
1802,4.0,4.265935872858572,0.2659358728585719,67.95614484871548,67.95947947690398,419.7801303602042,0.0
1803,4.0,4.265930539963853,0.2659305399638532,67.9561557598243,67.95947511908051,419.7789571233661,0.0
1804,4.0,4.265929226076845,0.2659292260768451,67.95616864199648,67.95947085261959,419.77866806822436,0.0
1805,4.0,4.265931887646383,0.2659318876463832,67.95618579856894,67.95946990790979,419.77925361352277,0.0
1806,4.0,4.2659262134187035,0.2659262134187035,67.95619731835835,67.95947660701383,419.77800528343323,0.0
1807,4.0,4.265926670061438,0.2659266700614378,67.95621257850517,67.95947485476985,419.77810574483476,0.0
1808,4.0,4.265922535499141,0.2659225354991408,67.95623015396309,67.95947752750504,419.7771961411294,0.0
1809,4.0,4.265917334915689,0.2659173349156889,67.9562325190563,67.95947992232628,419.77605201277004,0.0
1810,4.0,4.265913295133415,0.2659132951334149,67.9562437558918,67.95947926161051,419.77516326066973,0.0
1811,4.0,4.265910530745582,0.2659105307455816,67.95625881978532,67.95947804861373,419.7745550953464,0.0
1812,4.0,4.26591405714031,0.2659140571403098,67.95625415161103,67.95948254987316,419.7753309021866,0.0
1813,4.0,4.265899372888019,0.26589937288801924,67.95625628885072,67.95947887235593,419.7721003666827,0.0
1814,4.0,4.265900409429321,0.2659004094293209,67.95623977663534,67.95946845415818,419.7723284057691,0.0
1815,4.0,4.265900844262937,0.26590084426293714,67.95623606891968,67.9594664671818,419.7724240691647,0.0
1816,4.0,4.265900667915198,0.26590066791519806,67.95623243969975,67.95947469303212,419.77238527266206,0.0
1817,4.0,4.2659111624644686,0.26591116246446855,67.95622944113482,67.95947435449179,419.77469407350156,0.0
1818,4.0,4.265918566964641,0.26591856696464067,67.95623381737245,67.95947611567497,419.77632306353945,0.0
1819,4.0,4.265929421462429,0.26592942146242926,67.95622186563185,67.95946991319609,419.7787110530529,0.0
1820,4.0,4.265937649801614,0.2659376498016144,67.95622599494286,67.95948443805871,419.78052128767365,0.0
1821,4.0,4.265945765999162,0.2659457659991622,67.95622547225723,67.95948042938878,419.7823068511342,0.0
1822,4.0,4.265948432810189,0.2659484328101893,67.95623771644209,67.95948321845422,419.7828935495602,0.0
1823,4.0,4.2659448899786145,0.26594488997861454,67.95623942720775,67.95948767906212,419.78211412661375,0.0
1824,4.0,4.265943778977337,0.2659437789773369,67.95625390619807,67.95948849190323,419.78186970633266,0.0
1825,4.0,4.265941409040656,0.2659414090406562,67.95626912479615,67.95948610732674,419.7813483202629,0.0
1826,4.0,4.265943209964914,0.26594320996491394,67.95629194330641,67.95948299600572,419.7817445235996,0.0
1827,4.0,4.265934993460787,0.2659349934607871,67.9563133792186,67.95947594269717,419.7799368926917,0.0
1828,4.0,4.2659325301403745,0.26593253014037455,67.95630755105135,67.95947791121273,419.7793949622009,0.0
1829,4.0,4.2659314607982965,0.26593146079829655,67.9563245856755,67.95948461790874,419.77915970694374,0.0
1830,4.0,4.265929827107344,0.26592982710734425,67.95634739118952,67.95947831148489,419.77880029493423,0.0
1831,4.0,4.265927738237337,0.2659277382373366,67.95635169407171,67.95947635596784,419.77834074353257,0.0
1832,4.0,4.265931931913336,0.265931931913336,67.95636858809256,67.95947819569882,419.7792633522524,0.0
1833,4.0,4.265927404612781,0.2659274046127811,67.95638598159825,67.95947943960978,419.77826734613035,0.0
1834,4.0,4.2659202533491545,0.2659202533491545,67.95639688684341,67.95948039382029,419.7766940681325,0.0
1835,4.0,4.265919836395566,0.2659198363955664,67.9564035289428,67.95948100084517,419.7766023383431,0.0
1836,4.0,4.265919630978259,0.2659196309782592,67.95641002046959,67.95948307085779,419.7765571465355,0.0
1837,4.0,4.265914267499046,0.26591426749904556,67.95641176150987,67.95947890355113,419.77537718110847,0.0
1838,4.0,4.26590946638334,0.2659094663833397,67.95640776326324,67.95947891549444,419.7743209356532,0.0
1839,4.0,4.265907645231667,0.26590764523166666,67.9564174590814,67.9594808532774,419.77392028228513,0.0
1840,4.0,4.265908458936905,0.26590845893690496,67.95642381199973,67.95948618608689,419.77409929743754,0.0
1841,4.0,4.265898313273696,0.26589831327369584,67.95642125323525,67.95949055038838,419.77186725153155,0.0
1842,4.0,4.265904129937614,0.26590412993761436,67.95641229288398,67.95948771989592,419.77314691759364,0.0
1843,4.0,4.265898579799358,0.2658985797993578,67.95642022667076,67.95948955038376,419.7719258871772,0.0
1844,4.0,4.265900800271268,0.26590080027126817,67.95641060805961,67.9594834706374,419.7724143909975,0.0
1845,4.0,4.265897966153479,0.2658979661534788,67.9564106867605,67.95948188790035,419.7717908850838,0.0
1846,4.0,4.2659096846413425,0.26590968464134246,67.95640428638939,67.95948173897838,419.7743689524138,0.0
1847,4.0,4.265917186532005,0.2659171865320049,67.956400672454,67.9594857932246,419.7760193683595,0.0
1848,4.0,4.265920655552876,0.26592065555287636,67.95639691813902,67.95948403984173,419.77678255295126,0.0
1849,4.0,4.265930013001538,0.2659300130015376,67.95639593719743,67.95948417568663,419.77884119165674,0.0
1850,4.0,4.265937964935107,0.265937964935107,67.95639803091285,67.95948769666846,419.780590617042,0.0
1851,4.0,4.265926065321521,0.26592606532152097,67.9564073165657,67.95948394681682,419.77797270205303,0.0
1852,4.0,4.265928104950877,0.26592810495087704,67.95640057885205,67.95948437857007,419.7784214205114,0.0
1853,4.0,4.265922472872653,0.2659224728726528,67.95641303710006,67.9594744044884,419.7771823633021,0.0
1854,4.0,4.265922119730381,0.26592211973038093,67.9564186626791,67.95947006035865,419.7771046720023,0.0
1855,4.0,4.265923052004089,0.26592305200408894,67.95642956519616,67.9594692302371,419.777309772218,0.0
1856,4.0,4.265921418415981,0.2659214184159806,67.95643627309148,67.95947489656888,419.7769503828342,0.0
1857,4.0,4.265925118096394,0.2659251180963942,67.9564481595934,67.95947563727347,419.77776431252516,0.0
1858,4.0,4.265916048758275,0.26591604875827457,67.95645742789095,67.9594713720788,419.77576905813885,0.0
1859,4.0,4.2659149149788345,0.26591491497883446,67.95646261224039,67.95947155557525,419.775519626662,0.0
1860,4.0,4.265913502780263,0.26591350278026304,67.95647223183975,67.95946837742186,419.7752089429763,0.0
1861,4.0,4.265906560570849,0.2659065605708486,67.95647980700245,67.95947459558217,419.7736816569051,0.0
1862,4.0,4.26590788291744,0.26590788291743994,67.9564743349584,67.9594839092608,419.7739725731552,0.0
1863,4.0,4.2659027730189045,0.2659027730189045,67.95648078877969,67.95948342536629,419.7728483954774,0.0
1864,4.0,4.2659054705168025,0.26590547051680247,67.9564722227233,67.95948357252047,419.773441845015,0.0
1865,4.0,4.265895540791113,0.26589554079111277,67.9564690409779,67.95947972032782,419.77125730536324,0.0
1866,4.0,4.265894768675286,0.2658947686752864,67.95645116061009,67.95947758847305,419.77108743988146,0.0
1867,4.0,4.265899828253149,0.26589982825314884,67.95644983426781,67.95946851727487,419.7722005470112,0.0
1868,4.0,4.265898173425848,0.2658981734258479,67.95644601564777,67.9594749586707,419.771836485005,0.0
1869,4.0,4.2659052497473,0.26590524974730023,67.95644515697215,67.95947076775117,419.7733932757245,0.0
1870,4.0,4.265917210790519,0.2659172107905192,67.95643730700121,67.95947025487168,419.7760247052327,0.0
1871,4.0,4.2659223984692405,0.2659223984692405,67.95643353762533,67.95947415079911,419.7771659945514,0.0
1872,4.0,4.265936898560562,0.2659368985605619,67.95643030947195,67.95947350081009,419.7803560146421,0.0
1873,4.0,4.265941628560526,0.26594162856052606,67.95643383094206,67.95947724543483,419.7813966146342,0.0
1874,4.0,4.265932911642428,0.2659329116424276,67.95644875232695,67.9594774904249,419.77947889265255,0.0
1875,4.0,4.265934994144713,0.2659349941447129,67.95643730763398,67.95947926757788,419.7799370431553,0.0
1876,4.0,4.265935357973443,0.2659353579734427,67.95645324145238,67.95947299925588,419.7800170854759,0.0
1877,4.0,4.265936974258624,0.26593697425862395,67.956469343618,67.95947625868429,419.78037266821576,0.0
1878,4.0,4.265931719458567,0.26593171945856664,67.95649027829694,67.95947703655794,419.77921661220313,0.0
1879,4.0,4.265934311313831,0.2659343113138313,67.95650130200231,67.95947624941014,419.7797868203613,0.0
1880,4.0,4.265929211818884,0.26592921181888407,67.95651332429901,67.95948061487675,419.7786649314729,0.0
1881,4.0,4.26592812727364,0.26592812727364024,67.95652738196743,67.9594822983332,419.77842633151926,0.0
1882,4.0,4.26593230900993,0.2659323090099299,67.95653963720693,67.95948142244539,419.77934631350297,0.0
1883,4.0,4.265917120197103,0.2659171201971029,67.95654916236698,67.95948184620805,419.77600477468104,0.0
1884,4.0,4.265915861803824,0.2659158618038244,67.95654299913758,67.9594812649971,419.77572792815977,0.0
1885,4.0,4.26591324019886,0.2659132401988602,67.95655800187936,67.95947600670398,419.77515117506766,0.0
1886,4.0,4.265912860172377,0.26591286017237703,67.95656355274862,67.95947056275283,419.77506756924134,0.0
1887,4.0,4.265916845865945,0.2659168458659451,67.95657872977996,67.95947177476408,419.7759444218263,0.0
1888,4.0,4.265909683597129,0.26590968359712885,67.95658860348135,67.95947610156082,419.77436872268675,0.0
1889,4.0,4.265909446105906,0.2659094461059057,67.95659238675279,67.95947038949492,419.77431647461765,0.0
1890,4.0,4.265900656783891,0.26590065678389063,67.95660162112124,67.95947398067293,419.7723828237743,0.0
1891,4.0,4.2659006795293655,0.26590067952936547,67.95660085637795,67.95947160323529,419.77238782777874,0.0
1892,4.0,4.265903459806488,0.2659034598064878,67.95661048811547,67.9594751551692,419.77299948874565,0.0
1893,4.0,4.265890870396147,0.2658908703961469,67.95659937550397,67.95947471432704,419.7702298184707,0.0
1894,4.0,4.265890664257061,0.26589066425706065,67.9565769054555,67.95948020278506,419.77018446787173,0.0
1895,4.0,4.265891068055791,0.2658910680557911,67.95657127766249,67.95949038669177,419.77027330359243,0.0
1896,4.0,4.265902905262007,0.2659029052620072,67.95656540005648,67.95948676867845,419.77287748896,0.0
1897,4.0,4.2659162540889985,0.26591625408899855,67.95655878150544,67.9594902197887,419.77581423089805,0.0
1898,4.0,4.2659232298338035,0.26592322983380345,67.95655469602423,67.95948103960966,419.7773488947551,0.0
1899,4.0,4.26593489309583,0.26593489309582985,67.95655319904935,67.9594825661856,419.77991481240093,0.0
1900,4.0,4.265941860205108,0.2659418602051078,67.95654844635983,67.95948024449234,419.7814475764421,0.0
1901,4.0,4.265933001855013,0.26593300185501256,67.95655918258942,67.9594754479847,419.7794987394211,0.0
1902,4.0,4.265935935346179,0.265935935346179,67.95656073997012,67.95947796138908,419.7801441074777,0.0
1903,4.0,4.265931944937257,0.2659319449372566,67.95657440975192,67.95948257544714,419.7792662175148,0.0
1904,4.0,4.265927613638585,0.26592761363858486,67.95658868114923,67.95947594431382,419.77831333180706,0.0
1905,4.0,4.265923242407454,0.265923242407454,67.95660358870374,67.95947893604925,419.7773516609583,0.0
1906,4.0,4.265923320414085,0.2659233204140854,67.95660556526164,67.95948042381485,419.7773688224172,0.0
1907,4.0,4.265926225742023,0.26592622574202274,67.9566124000711,67.95948071795543,419.77800799456344,0.0
1908,4.0,4.265914151593588,0.2659141515935879,67.95662285710324,67.95947956449604,419.77535168190775,0.0
1909,4.0,4.265914107631505,0.265914107631505,67.95662194781622,67.95947498545961,419.7753420102495,0.0
1910,4.0,4.265912985208423,0.26591298520842344,67.95663982818115,67.95947687731687,419.77509507717156,0.0
1911,4.0,4.265913173852459,0.26591317385245894,67.9566384326629,67.95948084830151,419.77513657885936,0.0
1912,4.0,4.265915731320336,0.2659157313203364,67.95664758970914,67.9594813137798,419.7756992217924,0.0
1913,4.0,4.265903715040889,0.2659037150408894,67.95665712500262,67.95947897977702,419.77305564031406,0.0
1914,4.0,4.265904164028937,0.265904164028937,67.95664997253841,67.95948004818888,419.7731544176845,0.0
1915,4.0,4.265904093557036,0.2659040935570358,67.95665270478209,67.95948246248733,419.77313891386626,0.0
1916,4.0,4.265901003377128,0.2659010033771283,67.95664559546451,67.95947718920446,419.7724590742866,0.0
1917,4.0,4.265896598099543,0.2658965980995429,67.95664494937857,67.95947603931431,419.7714899132178,0.0
1918,4.0,4.265895476925933,0.26589547692593296,67.95663061759173,67.95947176420165,419.7712432550236,0.0
1919,4.0,4.265894303462518,0.26589430346251763,67.9566235572524,67.95947729561549,419.7709850930722,0.0
1920,4.0,4.265897191392192,0.2658971913921917,67.95662905963835,67.95947069294839,419.7716204376005,0.0
1921,4.0,4.2659054131423755,0.2659054131423755,67.95663007393391,67.95947324110617,419.77342922264097,0.0
1922,4.0,4.26591745206615,0.2659174520661498,67.95662178760138,67.95947673745069,419.77607778587134,0.0
1923,4.0,4.265923945936631,0.26592394593663116,67.95662457352421,67.95947556209381,419.7775064373772,0.0
1924,4.0,4.265926814734802,0.26592681473480173,67.95662716142893,67.95947555142286,419.77813757297474,0.0
1925,4.0,4.26592719116609,0.26592719116608965,67.95662116484259,67.95947517775333,419.7782203878581,0.0
1926,4.0,4.265926650462889,0.2659266504628892,67.95663299750566,67.95947504335508,419.778101433154,0.0
1927,4.0,4.265928070060292,0.2659280700602924,67.95663935605911,67.95947455724549,419.77841374458274,0.0
1928,4.0,4.265925392495101,0.2659253924951006,67.95664981785261,67.95947909875302,419.77782468024054,0.0
1929,4.0,4.265915272759799,0.2659152727597993,67.95665328503597,67.95947329714602,419.77559833847425,0.0
1930,4.0,4.26591917780982,0.26591917780982044,67.95664580372741,67.95947655130065,419.7764574494789,0.0
1931,4.0,4.265918850885868,0.26591885088586764,67.95665101166877,67.9594770788903,419.7763855262093,0.0
1932,4.0,4.265921513355706,0.265921513355706,67.95666010560751,67.95947616109305,419.7769712695738,0.0
1933,4.0,4.265917395898232,0.2659173958982324,67.95667418982198,67.95947160230662,419.7760654289296,0.0
1934,4.0,4.265909372189597,0.2659093721895971,67.95667324000041,67.95948094032218,419.77430021302985,0.0
1935,4.0,4.265905855813758,0.2659058558137577,67.95666809124894,67.95948135691017,419.7735266103452,0.0
1936,4.0,4.265906370208419,0.2659063702084188,67.95667277374584,67.95947568593888,419.7736397771706,0.0
1937,4.0,4.26590422049076,0.2659042204907598,67.95667482689976,67.95948460370107,419.77316683928564,0.0
1938,4.0,4.265901261706178,0.265901261706178,67.95667045328686,67.95948561925243,419.77251590667765,0.0
1939,4.0,4.265899531571166,0.26589953157116586,67.9566690416323,67.95948546781013,419.772135276975,0.0
1940,4.0,4.265901448008081,0.2659014480080808,67.95666426623178,67.95948768765356,419.7725568930963,0.0
1941,4.0,4.265893983117118,0.26589398311711765,67.95665441429514,67.95948437512776,419.7709146170844,0.0
1942,4.0,4.265898149541073,0.2658981495410728,67.95663954997626,67.95947847362265,419.7718312303545,0.0
1943,4.0,4.265908065240192,0.2659080652401924,67.95663933314242,67.9594834113764,419.7740126841608,0.0
1944,4.0,4.26591968130793,0.2659196813079303,67.95663456372374,67.95948114714824,419.77656821906317,0.0
1945,4.0,4.265929635655564,0.2659296356555636,67.95663695043525,67.95948293591236,419.77875817554246,0.0
1946,4.0,4.265937228132717,0.26593722813271725,67.95664476986413,67.95947949817315,419.78042852051624,0.0
1947,4.0,4.265927321341781,0.2659273213417812,67.9566448448009,67.95947162312261,419.7782490265103,0.0
1948,4.0,4.265926908877071,0.2659269088770708,67.95663210015142,67.95947681525575,419.778158284274,0.0
1949,4.0,4.265924555346941,0.2659245553469409,67.95663740002941,67.95946963513072,419.77764050764546,0.0
1950,4.0,4.2659258927339865,0.2659258927339865,67.95664828741381,67.95947241842673,419.7779347327955,0.0
1951,4.0,4.265921984340079,0.2659219843400793,67.95665904119409,67.95947496656186,419.7770748861359,0.0
1952,4.0,4.265920037745981,0.26592003774598094,67.95666429697711,67.95947660450743,419.77664663543425,0.0
1953,4.0,4.265918943636387,0.2659189436363869,67.9566752878606,67.95947760483719,419.77640593132355,0.0
1954,4.0,4.265914005727968,0.26591400572796786,67.95667668826279,67.959479173866,419.7753195914714,0.0
1955,4.0,4.265916389062657,0.2659163890626566,67.95668379042667,67.95947910324912,419.7758439251029,0.0
1956,4.0,4.265909813559476,0.2659098135594764,67.95668552423392,67.9594762744468,419.77439731440325,0.0
1957,4.0,4.265905941344471,0.2659059413444709,67.95668926330244,67.95947502942987,419.773545427102,0.0
1958,4.0,4.265908368035803,0.2659083680358032,67.95668923634759,67.95947719612118,419.77407929919514,0.0
1959,4.0,4.265904769293532,0.2659047692935319,67.95668861894687,67.95948010318905,419.77328757589544,0.0
1960,4.0,4.265896887328442,0.2658968873284424,67.95668541114338,67.95948225620248,419.77155354357575,0.0
1961,4.0,4.26589883712561,0.2658988371256097,67.9566736658363,67.95947713503394,419.7719824989525,0.0
1962,4.0,4.26589764055883,0.2658976405588298,67.95666697355593,67.9594776415997,419.771719254261,0.0
1963,4.0,4.265899395512484,0.2658993955124842,67.95666477061607,67.95947447915727,419.7721053440649,0.0
1964,4.0,4.265898614478301,0.2658986144783011,67.95666433573408,67.95946890393543,419.77193351654466,0.0
1965,4.0,4.265897384863359,0.2658973848633588,67.95665816991503,67.959472928753,419.77166300125737,0.0
1966,4.0,4.265907295204424,0.2659072952044239,67.95665481916885,67.95947770491291,419.7738432762917,0.0
1967,4.0,4.265907223572905,0.2659072235729054,67.95664952182393,67.95948520600655,419.77382751735763,0.0
1968,4.0,4.2659163020072,0.2659163020072004,67.95664654662943,67.9594795329911,419.7758247729025,0.0
1969,4.0,4.265910950926526,0.26591095092652584,67.95663405666612,67.95948208788495,419.77464753515414,0.0
1970,4.0,4.2659153352706145,0.2659153352706145,67.95661748143819,67.95948829581727,419.77561209085366,0.0
1971,4.0,4.265916937371196,0.2659169373711956,67.95661992670863,67.9594903810967,419.7759645529815,0.0
1972,4.0,4.265918357551975,0.2659183575519748,67.95662526998285,67.95948729213804,419.77627699275297,0.0
1973,4.0,4.2659147636662125,0.2659147636662125,67.95662598357268,67.95948380518968,419.77548633788524,0.0
1974,4.0,4.265915088003412,0.26591508800341224,67.956623231249,67.95947591662818,419.7755576920692,0.0
1975,4.0,4.265922696937696,0.26592269693769577,67.95662756935288,67.95947848952983,419.77723165761154,0.0
1976,4.0,4.265923068347513,0.26592306834751334,67.95662728637404,67.9594787709667,419.7773133677714,0.0
1977,4.0,4.265925683506659,0.26592568350665857,67.95661298990863,67.95947876244598,419.77788870278334,0.0
1978,4.0,4.265922843184491,0.2659228431844909,67.9566284588371,67.95947519903075,419.77726383190645,0.0
1979,4.0,4.265923956987031,0.26592395698703086,67.95663807913775,67.95947852756308,419.77750886846525,0.0
1980,4.0,4.265921637559977,0.2659216375599769,67.95664444536307,67.95947350435539,419.7769985945134,0.0
1981,4.0,4.265921124518616,0.2659211245186164,67.95665503258459,67.95947471146457,419.77688572541405,0.0
1982,4.0,4.265922245195228,0.26592224519522834,67.95666534818048,67.95947692995934,419.7771322742687,0.0
1983,4.0,4.265910859044612,0.2659108590446122,67.95666645506208,67.9594746362419,419.77462732113315,0.0
1984,4.0,4.265910568076135,0.26591056807613533,67.95664694607869,67.95947686015101,419.77456330806825,0.0
1985,4.0,4.265907730287676,0.265907730287676,67.95666237472217,67.95948293295652,419.7739389946072,0.0
1986,4.0,4.265909424956442,0.2659094249564422,67.95666274174897,67.95948128688754,419.77431182173575,0.0
1987,4.0,4.265908810277749,0.2659088102777494,67.95666770485258,67.95947504457145,419.7741765924233,0.0
1988,4.0,4.265905714088518,0.26590571408851815,67.95666873934577,67.95947179705009,419.7734954307924,0.0
1989,4.0,4.265907584497992,0.2659075844979917,67.95666791640117,67.9594770965481,419.7739069208766,0.0
1990,4.0,4.265899900404829,0.265899900404829,67.9566673283986,67.95947566736614,419.7722164203808,0.0
1991,4.0,4.265898605724665,0.26589860572466506,67.95666019964108,67.95947746480113,419.7719315907447,0.0
1992,4.0,4.265907378090555,0.26590737809055476,67.9566524927708,67.9594668706068,419.77386151124045,0.0
1993,4.0,4.265919529995028,0.26591952999502766,67.95664301018456,67.95946727310384,419.7765349302245,0.0
1994,4.0,4.265926282142162,0.2659262821421624,67.95664027329586,67.95948358021201,419.77802040259417,0.0
1995,4.0,4.265934296731685,0.2659342967316851,67.95664197204442,67.95948560381778,419.7797836122892,0.0
1996,4.0,4.265941758781891,0.2659417587818913,67.95665388116174,67.95948509254002,419.78142526333454,0.0
1997,4.0,4.265941508106279,0.2659415081062786,67.95665706963685,67.95948624033974,419.78137011469977,0.0
1998,4.0,4.265932209320167,0.2659322093201668,67.95667763908092,67.95949027159415,419.7793243817552,0.0
1999,4.0,4.26592877462809,0.2659287746280903,67.95667883474808,67.95948782719067,419.7785687494984,0.0
2000,4.0,4.265929628560846,0.2659296285608459,67.95669018036881,67.95948225733122,419.7787566147046,0.0
2001,4.0,4.265930153987041,0.2659301539870409,67.9567075639296,67.9594817178728,419.77887220846753,0.0
2002,4.0,4.265927699420776,0.265927699420776,67.95672171658113,67.95948537756138,419.77833220388925,0.0
2003,4.0,4.265928575904432,0.2659285759044323,67.95673431256155,67.95948137421789,419.7785250302936,0.0
2004,4.0,4.265919169335219,0.265919169335219,67.95674975840643,67.95947793396482,419.7764555850667,0.0
2005,4.0,4.265916195835064,0.26591619583506443,67.95674642408659,67.9594790381471,419.7758014150327,0.0
2006,4.0,4.265915690202387,0.26591569020238737,67.95675930772538,67.95947922461039,419.7756901758437,0.0
2007,4.0,4.265914918155503,0.26591491815550317,67.95676677773818,67.95947805295476,419.77552032552916,0.0
2008,4.0,4.265911292780839,0.2659112927808387,67.95677302310435,67.95947852434965,419.774722743103,0.0
2009,4.0,4.265909713808029,0.2659097138080293,67.95677242267335,67.95948054127511,419.7743753690849,0.0
2010,4.0,4.265907422738918,0.265907422738918,67.95678155646881,67.95948350069881,419.77387133388044,0.0
2011,4.0,4.265909046786459,0.2659090467864589,67.9567830484585,67.95948372702073,419.77422862433946,0.0
2012,4.0,4.26589859902504,0.2658985990250402,67.95679174150584,67.9594800519354,419.7719301168273,0.0
2013,4.0,4.265895975281515,0.26589597528151465,67.95677881144833,67.95948137266149,419.7713528932517,0.0
2014,4.0,4.265894312303738,0.26589431230373783,67.95678276847131,67.9594752711915,419.7709870381408,0.0
2015,4.0,4.265895905025036,0.2658959050250358,67.95677993065144,67.95947023069019,419.77133743682634,0.0
2016,4.0,4.2658996313412425,0.2658996313412425,67.95677690607894,67.95946865400431,419.7721572263918,0.0
2017,4.0,4.265908243458774,0.2659082434587736,67.95677009184696,67.95947390665262,419.7740518922487,0.0
2018,4.0,4.265920152958564,0.2659201529585644,67.95676708608275,67.9594851078686,419.77667198220263,0.0
2019,4.0,4.265920184926726,0.26592018492672587,67.95676335761097,67.95948316195165,419.77667901519817,0.0
2020,4.0,4.265921464427734,0.2659214644277341,67.95674136536307,67.95947805910384,419.77696050542,0.0
2021,4.0,4.2659212200160015,0.2659212200160015,67.95674686848392,67.9594841230736,419.7769067348388,0.0
2022,4.0,4.265921328197724,0.26592132819772374,67.95674675473995,67.95948529996386,419.7769305348177,0.0
2023,4.0,4.265920493529027,0.2659204935290269,67.95675844152929,67.95948146198519,419.7767469077044,0.0
2024,4.0,4.265918833871623,0.2659188338716234,67.95675751680493,67.95948453311927,419.77638178307564,0.0
2025,4.0,4.265920164025724,0.26592016402572405,67.95676530017415,67.95949136351318,419.77667441697776,0.0
2026,4.0,4.2659113261053525,0.2659113261053525,67.95677088262818,67.95948327674691,419.774730074496,0.0
2027,4.0,4.265908724142769,0.26590872414276934,67.95676404406714,67.95948386994905,419.7741576427277,0.0
2028,4.0,4.265909397528337,0.2659093975283371,67.95677585145971,67.95948441615327,419.7743057875526,0.0
2029,4.0,4.265907932394049,0.2659079323940494,67.95677665678214,67.95948355448114,419.7739834580093,0.0
2030,4.0,4.265903162420162,0.26590316242016243,67.95677538207113,67.95948643437352,419.7729340637542,0.0
2031,4.0,4.265903075902493,0.26590307590249296,67.95677676031666,67.95949009976204,419.7729150298669,0.0
2032,4.0,4.265900879722906,0.2659008797229063,67.95677633444511,67.9594947991973,419.7724318703579,0.0
2033,4.0,4.265904552202759,0.265904552202759,67.95677577711686,67.95948778718176,419.7732398159255,0.0
2034,4.0,4.26591643731393,0.2659164373139298,67.95676994063217,67.9594840975421,419.7758545403831,0.0
2035,4.0,4.265916596005844,0.2659165960058436,67.95676741264325,67.9594798920813,419.77588945260413,0.0
2036,4.0,4.265930383702697,0.26593038370269717,67.95675380223402,67.95948263131085,419.7789227459119,0.0
2037,4.0,4.265928688945925,0.2659286889459249,67.95675504625095,67.95948410674477,419.77854989942205,0.0
2038,4.0,4.265923543255291,0.26592354325529133,67.95675975674187,67.95948446995605,419.77741784748264,0.0
2039,4.0,4.2659175734885135,0.2659175734885135,67.95677115647987,67.95948106808726,419.77610449879154,0.0
2040,4.0,4.265913160290973,0.2659131602909728,67.95676741747309,67.95947171412075,419.7751335953326,0.0
2041,4.0,4.265918584772819,0.2659185847728187,67.95678080027976,67.95946388629754,419.7763269813387,0.0
2042,4.0,4.26592059301511,0.2659205930151103,67.95678743923143,67.95946731586999,419.7767687946428,0.0
2043,4.0,4.265910276478788,0.2659102764787882,67.95678438415965,67.9594705392136,419.7744991566519,0.0
2044,4.0,4.265910760231164,0.2659107602311641,67.95677667789063,67.95947682139135,419.7746055821746,0.0
2045,4.0,4.265905618843873,0.2659056188438731,67.95678453909932,67.95948801236233,419.7734744769706,0.0
2046,4.0,4.265913774417663,0.26591377441766273,67.9567833880764,67.95949067983835,419.7752687032043,0.0
2047,4.0,4.265912636802169,0.26591263680216937,67.95678541440455,67.95948646842643,419.77501842779577,0.0
2048,4.0,4.265920560727737,0.2659205607277366,67.95678473436064,67.95948185169605,419.7767616914206,0.0
2049,4.0,4.265928209906752,0.26592820990675214,67.95679165027506,67.95948645161018,419.778444510804,0.0
2050,4.0,4.265929532361326,0.26592953236132644,67.95679955627098,67.95949650155634,419.7787354508103,0.0
2051,4.0,4.265938486913369,0.2659384869133694,67.95680499262899,67.95948959871419,419.7807054522598,0.0
2052,4.0,4.265934817683382,0.265934817683382,67.95681193661326,67.95948682390016,419.77989822166256,0.0
2053,4.0,4.2659274981064055,0.2659274981064055,67.95683196222583,67.95948343992256,419.77828791472774,0.0
2054,4.0,4.265924806747071,0.265924806747071,67.95684586309501,67.9594844340414,419.7776958156742,0.0
2055,4.0,4.265920991292597,0.26592099129259683,67.95685513651785,67.95948247270138,419.77685641568985,0.0
2056,4.0,4.2659199899669575,0.26591998996695754,67.95686786859706,67.95947105841151,419.7766361240492,0.0
2057,4.0,4.265919683794944,0.2659196837949436,67.9568727459723,67.95947002998446,419.77656876620614,0.0
2058,4.0,4.265919781788971,0.2659197817889707,67.95688084255279,67.95947561949755,419.7765903248921,0.0
2059,4.0,4.265910552300907,0.2659105523009071,67.95688622456291,67.95947837672365,419.7745598375181,0.0
2060,4.0,4.265909079921278,0.2659090799212782,67.9568839261205,67.95948174917477,419.77423591399975,0.0
2061,4.0,4.2659157609042975,0.26591576090429747,67.9568805116924,67.95948119954419,419.775705730264,0.0
2062,4.0,4.265914259475678,0.2659142594756778,67.95688511444418,67.95948332725936,419.7753754159677,0.0
2063,4.0,4.265903847018819,0.2659038470188193,67.95689002609417,67.9594798966965,419.7730846754588,0.0
2064,4.0,4.265902759020337,0.2659027590203369,67.9568816043626,67.95948292660756,419.77284531579267,0.0
2065,4.0,4.26590143708932,0.2659014370893198,67.95687690923029,67.95948064213559,419.7725544909689,0.0
2066,4.0,4.26589922093808,0.2658992209380804,67.95688002079359,67.95948033993852,419.77206693769625,0.0
2067,4.0,4.265902690774121,0.2659026907741211,67.95686337617818,67.95947829316096,419.7728303016252,0.0
2068,4.0,4.2658997079864065,0.2658997079864065,67.95685938507044,67.95948414719187,419.77217408832803,0.0
2069,4.0,4.265893886846119,0.26589388684611936,67.95686197888264,67.95948264677973,419.77089343746485,0.0
2070,4.0,4.265899819951923,0.26589981995192336,67.95685116297273,67.95948477263431,419.7721987207417,0.0
2071,4.0,4.265918079360379,0.2659180793603788,67.95684357824926,67.95948356571414,419.7762157906019,0.0
2072,4.0,4.265914124307386,0.26591412430738615,67.9568357602049,67.95948555490907,419.7753456789435,0.0
2073,4.0,4.265920232288012,0.2659202322880123,67.95681572016949,67.95948519788709,419.77668943468126,0.0
2074,4.0,4.26593068539672,0.2659306853967198,67.95681659954289,67.95948112398571,419.7789891185969,0.0
2075,4.0,4.26592785074376,0.26592785074376035,67.9568231254548,67.95948723036943,419.7783654949458,0.0
2076,4.0,4.265931752220837,0.26593175222083687,67.95683401016049,67.9594931581351,419.7792238199026,0.0
2077,4.0,4.265930461089994,0.26593046108999374,67.95684431682481,67.95948622644033,419.7789397711171,0.0
2078,4.0,4.2659172285171065,0.26591722851710653,67.9568549191274,67.95948489285493,419.77602860508193,0.0
2079,4.0,4.265916376949481,0.2659163769494812,67.95684494423708,67.95947877491794,419.77584126020434,0.0
2080,4.0,4.265912627397954,0.2659126273979542,67.95685517984242,67.9594753056504,419.7750163588684,0.0
2081,4.0,4.265919941975982,0.2659199419759819,67.956862999477,67.95947865364097,419.7766255660345,0.0
2082,4.0,4.265915761213477,0.2659157612134768,67.95687366593019,67.95948057980976,419.7757057982834,0.0
2083,4.0,4.2659118972465615,0.2659118972465615,67.95687928578313,67.9594826696396,419.774855725562,0.0
2084,4.0,4.26590860128139,0.2659086012813896,67.95688833173884,67.9594821386998,419.7741306132242,0.0
2085,4.0,4.265895321730188,0.2658953217301878,67.95688740928485,67.95947998150216,419.7712091119598,0.0
2086,4.0,4.265904811537835,0.2659048115378351,67.95687385626779,67.95947710739826,419.7732968696422,0.0
2087,4.0,4.26590302784751,0.26590302784750985,67.95687168823255,67.95947710739847,419.77290445777066,0.0
2088,4.0,4.2659018274493326,0.26590182744933255,67.95686747147032,67.95947832336209,419.77264037017164,0.0
2089,4.0,4.265899638983701,0.2658996389837007,67.95687255641178,67.95947981568779,419.77215890773266,0.0
2090,4.0,4.265897254754602,0.26589725475460213,67.95686788299717,67.95948125275001,419.771634377331,0.0
2091,4.0,4.26589841281641,0.26589841281641036,67.95686311650178,67.95947678332145,419.7718891509288,0.0
2092,4.0,4.265897644619081,0.2658976446190806,67.95685120985291,67.95947422248321,419.77172014751625,0.0
2093,4.0,4.26589591867261,0.2658959186726104,67.95684892673779,67.95948351801924,419.7713404392928,0.0
2094,4.0,4.265886998545329,0.26588699854532916,67.95684294202108,67.95947744734974,419.76937801129094,0.0
2095,4.0,4.265888926267527,0.265888926267527,67.95683315789418,67.95947751397426,419.76980211017445,0.0
2096,4.0,4.265907706663846,0.265907706663846,67.95681888339163,67.95947592076163,419.77393379736463,0.0
2097,4.0,4.265916888632919,0.26591688863291907,67.95681328001238,67.95947562158806,419.7759538305607,0.0
2098,4.0,4.265920433873335,0.26592043387333497,67.95680893756669,67.95947793652918,419.7767337834522,0.0
2099,4.0,4.2659305112045685,0.26593051120456845,67.95680669882145,67.95947344028534,419.77895079632356,0.0
2100,4.0,4.265933982810591,0.26593398281059066,67.95680753061151,67.95947027395326,419.7797145496484,0.0
2101,4.0,4.2659417590648205,0.26594175906482054,67.95681161734493,67.9594727291402,419.781425325579,0.0
2102,4.0,4.265932600204576,0.2659326002045761,67.95682714128426,67.95947224330425,419.77941037632525,0.0
2103,4.0,4.265928296293812,0.2659282962938123,67.95681562538036,67.9594712194348,419.77846351595724,0.0
2104,4.0,4.265929218363675,0.26592921836367456,67.95682950714983,67.95947349802401,419.77866637132695,0.0
2105,4.0,4.265926442799834,0.2659264427998336,67.95684635900683,67.95947399552897,419.77805574728194,0.0
2106,4.0,4.265924984889403,0.26592498488940297,67.9568663645356,67.95947027760523,419.7777350069872,0.0
2107,4.0,4.265924088383144,0.2659240883831444,67.95688064602649,67.95946704126034,419.7775377756103,0.0
2108,4.0,4.26592224701339,0.26592224701338996,67.95688664007527,67.95947581746339,419.77713267426435,0.0
2109,4.0,4.265911336000578,0.2659113360005776,67.95690190823967,67.95947483781819,419.77473225144564,0.0
2110,4.0,4.265908214735424,0.2659082147354237,67.9569001231444,67.9594760667337,419.7740455731118,0.0
2111,4.0,4.265914240260841,0.265914240260841,67.95690715026551,67.95948229682767,419.77537118870356,0.0
2112,4.0,4.265913702015311,0.26591370201531106,67.95691411502112,67.95947526076554,419.775252774687,0.0
2113,4.0,4.265907253747377,0.2659072537473772,67.9569154319087,67.95948060361725,419.77383415574155,0.0
2114,4.0,4.26590560747869,0.26590560747868963,67.95691670837581,67.95948426188036,419.7734719766303,0.0
2115,4.0,4.265904042046444,0.2659040420464436,67.95691750190575,67.95948582443016,419.77312758153613,0.0
2116,4.0,4.265898609715794,0.26589860971579427,67.95692034041244,67.95948627628474,419.7719324687933,0.0
2117,4.0,4.2658963961081655,0.2658963961081655,67.95690087685598,67.95948518711613,419.77144547511494,0.0
2118,4.0,4.265891151313176,0.2658911513131761,67.9569087759381,67.95948286485246,419.7702916202173,0.0
2119,4.0,4.265896693116942,0.2658966931169422,67.95689936465672,67.95948481500427,419.77151081704585,0.0
2120,4.0,4.265902056349599,0.2659020563495993,67.95689279808235,67.95948254390352,419.77269072823043,0.0
2121,4.0,4.265922411682683,0.26592241168268327,67.95688401686475,67.95949105164097,419.7771689015089,0.0
2122,4.0,4.265927232165573,0.26592723216557257,67.95688448683225,67.95948992139131,419.77822940774456,0.0
2123,4.0,4.2659275832912025,0.2659275832912025,67.95688211255525,67.95948357915361,419.7783066553831,0.0
2124,4.0,4.265926452773898,0.2659264527738978,67.956869539386,67.95948440375096,419.7780579415761,0.0
2125,4.0,4.265924605479781,0.26592460547978103,67.9568796518161,67.95949261148778,419.7776515368704,0.0
2126,4.0,4.265932166872289,0.2659321668722887,67.95688635640244,67.95948944478003,419.7793150432221,0.0
2127,4.0,4.265923633508963,0.2659236335089634,67.95689191626296,67.95948507427894,419.7774377032905,0.0
2128,4.0,4.265921492612426,0.26592149261242604,67.95690187702958,67.9594811673785,419.7769667060523,0.0
2129,4.0,4.265921155659425,0.2659211556594254,67.95690885435897,67.95948668740151,419.77689257639213,0.0
2130,4.0,4.265917279841913,0.26591727984191316,67.95691426061704,67.95948314809495,419.77603989653943,0.0
2131,4.0,4.265923394372946,0.26592339437294576,67.95691986982791,67.95947847752815,419.7773850933666,0.0
2132,4.0,4.265909913806484,0.26590991380648443,67.95692536891606,67.95947967078237,419.7744193687451,0.0
2133,4.0,4.2659065008253485,0.2659065008253485,67.95692501171922,67.95948265689687,419.7736685128952,0.0
2134,4.0,4.26590783869916,0.26590783869916024,67.95693267208189,67.95948673031216,419.7739628451338,0.0
2135,4.0,4.265908109081658,0.26590810908165796,67.95693158404741,67.9594814540064,419.7740223292833,0.0
2136,4.0,4.265902396101079,0.2659023961010787,67.95693889339569,67.9594879278209,419.77276547355586,0.0
2137,4.0,4.265897863740632,0.26589786374063173,67.95691451823106,67.95949261268603,419.7717683542575,0.0
2138,4.0,4.265897312304364,0.2658973123043644,67.95691686429947,67.95948629556602,419.77164703827873,0.0
2139,4.0,4.265898527267862,0.26589852726786223,67.95690394806324,67.9594838638841,419.77191433024825,0.0
2140,4.0,4.265896616256606,0.2658966162566063,67.95690219867879,67.95948186428184,419.77149390777197,0.0
2141,4.0,4.265903832088781,0.26590383208878077,67.95689348315972,67.9594809996425,419.77308139085034,0.0
2142,4.0,4.265897385316707,0.26589738531670726,67.95688994734283,67.9594782529288,419.77166310099415,0.0
2143,4.0,4.2658922177175045,0.2658922177175045,67.95689178780574,67.9594803361938,419.77052622916955,0.0
2144,4.0,4.265903044279012,0.26590304427901224,67.95688027934892,67.95947277359278,419.7729080727012,0.0
2145,4.0,4.265914959017539,0.2659149590175387,67.95686753216536,67.95946919209511,419.77552931517704,0.0
2146,4.0,4.265921909359941,0.26592190935994076,67.95686304603947,67.95946647664267,419.7770583905055,0.0
2147,4.0,4.265924891503651,0.2659248915036514,67.95684129369903,67.95946705952905,419.7777144621218,0.0
2148,4.0,4.265934841775704,0.2659348417757039,67.9568469640527,67.95947604090517,419.7799035219734,0.0
2149,4.0,4.265944273970068,0.26594427397006815,67.95684479142194,67.95947558089584,419.7819786047335,0.0
2150,4.0,4.265942490385224,0.2659424903852239,67.95685388890452,67.95947701661363,419.7815862160678,0.0
2151,4.0,4.265945835222609,0.26594583522260873,67.9568746468587,67.95948000336219,419.7823220802925,0.0
2152,4.0,4.265937017507397,0.2659370175073974,67.95688634603775,67.95947717847366,419.78038218294597,0.0
2153,4.0,4.265937734997099,0.26593773499709883,67.95690066994938,67.9594800508124,419.7805400306803,0.0
2154,4.0,4.265928424477799,0.2659284244777993,67.95692343885909,67.95948385816976,419.7784917164344,0.0
2155,4.0,4.265925806407249,0.2659258064072487,67.95693295307014,67.95948569656737,419.7779157409133,0.0
2156,4.0,4.265932515537176,0.2659325155371759,67.95696128224165,67.95948900267773,419.7793917494972,0.0
2157,4.0,4.265923276562898,0.2659232765628978,67.95697647316204,67.95948612373952,419.77735917515605,0.0
2158,4.0,4.265914180441538,0.2659141804415377,67.95699260768706,67.95948867725147,419.7753580284568,0.0
2159,4.0,4.265913926630751,0.2659139266307511,67.95699343173266,67.95949143032381,419.7753021900838,0.0
2160,4.0,4.265913372013329,0.2659133720133289,67.95700226691736,67.95948826568629,419.77518017425086,0.0
2161,4.0,4.26591914215059,0.2659191421505902,67.95700692384428,67.95948215357117,419.7764496044484,0.0
2162,4.0,4.265913085297181,0.26591308529718116,67.95701649203144,67.95948161072795,419.7751170966984,0.0
2163,4.0,4.2659053624131715,0.26590536241317153,67.95701718908632,67.95948529455515,419.7734180622163,0.0
2164,4.0,4.265905939260427,0.2659059392604268,67.95701765743034,67.95947923414191,419.7735449686125,0.0
2165,4.0,4.265905650881518,0.26590565088151763,67.95701581293346,67.9594748091283,419.77348152525246,0.0
2166,4.0,4.265905093360984,0.2659050933609839,67.95702469438555,67.95947994056822,419.773358870735,0.0
2167,4.0,4.265897321034593,0.2658973210345934,67.95701974062597,67.959483809941,419.7716489589291,0.0
2168,4.0,4.2658979059565105,0.2658979059565105,67.95701686110793,67.95948678849906,419.7717776417509,0.0
2169,4.0,4.26589592602057,0.26589592602057,67.95701620976492,67.95948931140177,419.77134205584395,0.0
2170,4.0,4.265888554360102,0.26588855436010217,67.95700487323896,67.95948646855533,419.76972029054104,0.0
2171,4.0,4.265892296393169,0.2658922963931687,67.95699033076745,67.95948579454482,419.7705435378157,0.0
2172,4.0,4.265888091652142,0.2658880916521422,67.95698005194683,67.95948151043535,419.7696184947899,0.0
2173,4.0,4.265888937037038,0.26588893703703764,67.9569665846941,67.95948363971206,419.76980447946687,0.0
2174,4.0,4.265894778648396,0.26589477864839584,67.95695722615952,67.95948167301633,419.7710896339657,0.0
2175,4.0,4.265903354991399,0.2659033549913987,67.95694937183991,67.95948022775436,419.7729764294263,0.0
2176,4.0,4.26592216482179,0.26592216482178976,67.95693945680259,67.95948166521471,419.77711459211235,0.0
2177,4.0,4.265916655312046,0.2659166553120462,67.95693708637083,67.95948635974352,419.77590249996877,0.0
2178,4.0,4.265927629353765,0.2659276293537651,67.95691679006421,67.95948143722163,419.7783167891469,0.0
2179,4.0,4.2659300511974925,0.26593005119749247,67.95692327861634,67.95947931621225,419.77884959476694,0.0
2180,4.0,4.265926139832477,0.2659261398324766,67.95693407996833,67.95947984544296,419.77798909446346,0.0
2181,4.0,4.265932035034159,0.26593203503415896,67.95694318308873,67.95947880732899,419.77928603883356,0.0
2182,4.0,4.265925964702522,0.2659259647025216,67.9569561850767,67.95947903934051,419.77795056587337,0.0
2183,4.0,4.265926295682181,0.2659262956821813,67.9569680145626,67.95947678709591,419.7780233813985,0.0
2184,4.0,4.2659144028255405,0.26591440282554046,67.95697659058769,67.95947793611484,419.7754069529375,0.0
2185,4.0,4.265913623683442,0.26591362368344207,67.95696485835651,67.9594775220105,419.77523554167584,0.0
2186,4.0,4.265917118278358,0.26591711827835773,67.95698222468906,67.95947929633981,419.77600435255727,0.0
2187,4.0,4.265912474439955,0.265912474439955,67.95698799489882,67.9594799455499,419.77498270810867,0.0
2188,4.0,4.265909837348675,0.26590983734867457,67.95699338575994,67.95947642121443,419.77440254802696,0.0
2189,4.0,4.265908670379682,0.265908670379682,67.95699386774037,67.95947441615857,419.77414581484857,0.0
2190,4.0,4.265909594672604,0.2659095946726042,67.95700087327447,67.95947737946781,419.77434915929143,0.0
2191,4.0,4.265904715867301,0.26590471586730136,67.95700093012495,67.95948154899284,419.7732758221248,0.0
2192,4.0,4.265897493591019,0.26589749359101944,67.95698318982339,67.95948095529177,419.7716869213428,0.0
2193,4.0,4.265897255187972,0.2658972551879719,67.9569885972689,67.95948605627981,419.77163447267236,0.0
2194,4.0,4.26589725023932,0.26589725023931976,67.95698465206318,67.95948656593511,419.7716333839689,0.0
2195,4.0,4.265897288376024,0.2658972883760242,67.95698645895789,67.9594944225911,419.77164177404387,0.0
2196,4.0,4.265898758171063,0.2658987581710628,67.95698316489165,67.95949500266846,419.77196512895233,0.0
2197,4.0,4.265891968161964,0.2658919681619638,67.9569698057103,67.95948838950777,419.77047132695054,0.0
2198,4.0,4.265891878479874,0.2658918784798736,67.95696238147625,67.95947134293307,419.7704515968907,0.0
2199,4.0,4.265882809890322,0.2658828098903223,67.95695795723474,67.9594658524508,419.76845650718946,0.0
2200,4.0,4.265881405451455,0.2658814054514549,67.95693043215769,67.95946248002058,419.7681475306386,0.0
2201,4.0,4.265898147304516,0.2658981473045161,67.95692287790415,67.95946901672315,419.7718307383121,0.0
2202,4.0,4.265904307443367,0.2659043074433667,67.9569116644537,67.9594714553231,419.7731859688592,0.0
2203,4.0,4.265913191868831,0.26591319186883133,67.95690051203381,67.95948174059363,419.77514054246143,0.0
2204,4.0,4.2659222260920036,0.26592222609200356,67.95689985020661,67.9594811371325,419.77712807155933,0.0
2205,4.0,4.265934860447777,0.2659348604477767,67.95689580974965,67.95948396176843,419.77990762982944,0.0
2206,4.0,4.265937652484926,0.26593765248492574,67.95689906697747,67.95948255264675,419.7805218780022,0.0
2207,4.0,4.265930530169463,0.265930530169463,67.95688486486027,67.9594933291523,419.77895496860043,0.0
2208,4.0,4.265928325556528,0.2659283255565281,67.95689362741385,67.95949548275074,419.7784699537548,0.0
2209,4.0,4.265929616164907,0.2659296161649074,67.95690002868828,67.95950019683909,419.7787538875982,0.0
2210,4.0,4.2659301411614985,0.2659301411614985,67.9569170166661,67.95949340898542,419.77886938684827,0.0
2211,4.0,4.265934404518792,0.26593440451879236,67.95692636168226,67.95949415791932,419.7798073254529,0.0
2212,4.0,4.265923935862224,0.26592393586222407,67.95693941190639,67.95947996196058,419.77750422100786,0.0
2213,4.0,4.265923441051905,0.26592344105190513,67.95694568471934,67.95947796500072,419.7773953627377,0.0
2214,4.0,4.265916179692778,0.2659161796927778,67.95695512554072,67.95946843766234,419.7757978637297,0.0
2215,4.0,4.265914134359608,0.2659141343596083,67.95696275920602,67.95946841339457,419.7753478904324,0.0
2216,4.0,4.265920373769896,0.2659203737698963,67.95696798860683,67.9594721556167,419.77672056069576,0.0
2217,4.0,4.2659087938314,0.2659087938314002,67.95696815935668,67.9594710912992,419.77417297422664,0.0
2218,4.0,4.265907489392522,0.2659074893925224,67.95696720963325,67.95947646500949,419.7738859976735,0.0
2219,4.0,4.265907241487014,0.26590724148701383,67.95696632999419,67.9594783872001,419.77383145846164,0.0
2220,4.0,4.265905547982767,0.2659055479827668,67.95696916376177,67.95948164012245,419.7734588875273,0.0
2221,4.0,4.2659119172806435,0.26591191728064345,67.95697071441394,67.95948195347962,419.77486013306014,0.0
2222,4.0,4.265898682131891,0.2658986821318914,67.95697230410384,67.95947691089985,419.7719484003347,0.0
2223,4.0,4.265894263962681,0.26589426396268134,67.95696542525516,67.9594775239711,419.7709764031085,0.0
2224,4.0,4.265895922485945,0.26589592248594496,67.9569631487388,67.95947780000849,419.7713412782265,0.0
2225,4.0,4.265893139129868,0.2658931391298678,67.95695759030582,67.95947263427905,419.7707289398895,0.0
2226,4.0,4.265890320794757,0.2658903207947567,67.95694936985585,67.95948023723926,419.7701089061651,0.0
2227,4.0,4.265890487779587,0.2658904877795871,67.95694510011785,67.95947534328316,419.7701456428278,0.0
2228,4.0,4.265889326446375,0.2658893264463753,67.95694106585618,67.95948027149362,419.7698901495212,0.0
2229,4.0,4.265896563423676,0.2658965634236763,67.95693201340866,67.95947215110981,419.7714822845274,0.0
2230,4.0,4.265907014345477,0.26590701434547714,67.95692487927998,67.95947082828464,419.77378148732356,0.0
2231,4.0,4.265907237105861,0.2659072371058606,67.95691650181796,67.9594648248938,419.7738304946079,0.0
2232,4.0,4.265918059889625,0.2659180598896249,67.95690183430348,67.95947815147605,419.77621150703607,0.0
2233,4.0,4.26592794987659,0.2659279498765903,67.95690041685555,67.95947326172193,419.77838730416846,0.0
2234,4.0,4.265932580771412,0.2659325807714117,67.95690712617294,67.95947794974666,419.77940610102917,0.0
2235,4.0,4.265931804613119,0.2659318046131194,67.95691466167824,67.95947835771626,419.77923534620487,0.0
2236,4.0,4.265931495404846,0.2659314954048462,67.9569195874114,67.95947785821218,419.7791673203848,0.0
2237,4.0,4.265924365298642,0.26592436529864205,67.95693015649915,67.9594823534395,419.77759869701987,0.0
2238,4.0,4.26592755830824,0.2659275583082401,67.95693079866484,67.95949058587692,419.77830115913144,0.0
2239,4.0,4.265925354163431,0.2659253541634312,67.95694337660295,67.9594923456493,419.7778162472735,0.0
2240,4.0,4.265915445044149,0.26591544504414877,67.95694992775968,67.9594886813133,419.77563624103135,0.0
2241,4.0,4.265913302854661,0.26591330285466075,67.95694864190422,67.95948663964303,419.775164959344,0.0
2242,4.0,4.265914512698234,0.26591451269823363,67.95696156101543,67.9594911770028,419.77543112493004,0.0
2243,4.0,4.265913611141792,0.2659136111417917,67.95697270379296,67.95948711541395,419.77523278251283,0.0
2244,4.0,4.265913241567372,0.2659132415673717,67.95697859119791,67.9594858588195,419.7751514761404,0.0
2245,4.0,4.26590596959772,0.2659059695977204,67.9569849819015,67.95948746424664,419.77355164281715,0.0
2246,4.0,4.265904381833958,0.26590438183395815,67.95698774081637,67.95947928807851,419.77320233478946,0.0
2247,4.0,4.2659040913163055,0.26590409131630555,67.95698914961373,67.95948077053598,419.77313842090587,0.0
2248,4.0,4.265895872193928,0.2658958721939282,67.95699453261294,67.95948526545163,419.7713302139828,0.0
2249,4.0,4.265897997612294,0.26589799761229393,67.95698964715791,67.95948463641061,419.7717978060233,0.0
2250,4.0,4.26589788654929,0.2658978865492898,67.95698497796202,67.95948226572733,419.7717733721624,0.0
2251,4.0,4.265891976693906,0.2658919766939061,67.95698254673516,67.95948427201085,419.770473203978,0.0
2252,4.0,4.265892126255625,0.26589212625562464,67.95697694493545,67.95948054826647,419.77050610755606,0.0
2253,4.0,4.265892639752387,0.2658926397523871,67.95696554553984,67.95948219600896,419.7706190768438,0.0
2254,4.0,4.2658914206415455,0.2658914206415455,67.95695599322968,67.95948093149498,419.7703508724586,0.0
2255,4.0,4.265900969847374,0.2659009698473742,67.95693907939737,67.9594833070645,419.7724516977409,0.0
2256,4.0,4.265912824109526,0.26591282410952566,67.9569272954453,67.95948021051939,419.7750596354142,0.0
2257,4.0,4.265923333463069,0.2659233334630686,67.95692405934479,67.95947700392941,419.7773716931937,0.0
2258,4.0,4.265926344233533,0.2659263442335327,67.95692760461526,67.95947513764689,419.7780340626958,0.0
2259,4.0,4.265926382632989,0.26592638263298873,67.95692699290545,67.95947972277249,419.77804251057614,0.0
2260,4.0,4.265925894082749,0.26592589408274936,67.95693477559406,67.95947649305971,419.77793502952346,0.0
2261,4.0,4.265917148829094,0.2659171488290939,67.95694210140813,67.95947274500176,419.77601107371925,0.0
2262,4.0,4.265915860112145,0.26591586011214474,67.95693687720333,67.95947656237318,419.77572755599044,0.0
2263,4.0,4.265915579111665,0.26591557911166497,67.95694457281789,67.95948697711394,419.7756657358849,0.0
2264,4.0,4.265915177091564,0.2659151770915642,67.95695097708439,67.95948021099748,419.77557729146275,0.0
2265,4.0,4.265908411182788,0.26590841118278785,67.95695252528826,67.95948673475243,419.77408879153194,0.0
2266,4.0,4.265908394943737,0.26590839494373686,67.95694956475732,67.95948548634209,419.77408521894074,0.0
2267,4.0,4.265907690072014,0.2659076900720141,67.95695435508878,67.95948129400426,419.7739301471617,0.0
2268,4.0,4.265907780498668,0.2659077804986678,67.95695935301687,67.95947882243999,419.7739500410255,0.0
2269,4.0,4.26589988917158,0.26589988917158003,67.95695951408443,67.95948290386166,419.7722139490662,0.0
2270,4.0,4.265898801077481,0.26589880107748076,67.95694787465577,67.9594918510166,419.7719745683644,0.0
2271,4.0,4.265901558013213,0.2659015580132129,67.95693614821633,67.95948369705509,419.7725810942255,0.0
2272,4.0,4.265901813227603,0.265901813227603,67.95693530181198,67.95948200842702,419.7726372413913,0.0
2273,4.0,4.265896469022036,0.265896469022036,67.9569367364853,67.95948395976468,419.77146151616654,0.0
2274,4.0,4.2658967686074964,0.26589676860749645,67.95693196400457,67.95948615565314,419.7715274249678,0.0
2275,4.0,4.265896886293602,0.26589688629360175,67.9569236507687,67.95948602597359,419.771553315911,0.0
2276,4.0,4.265897642611054,0.265897642611054,67.9569116024235,67.95948475793419,419.77171970575046,0.0
2277,4.0,4.26590716034521,0.26590716034521034,67.95688231317082,67.95948705208363,419.77381360726486,0.0
2278,4.0,4.2659178089252725,0.2659178089252725,67.95688007848783,67.95948526006858,419.77615629487855,0.0
2279,4.0,4.2659269989698405,0.2659269989698405,67.95687532484115,67.9594907163789,419.7781781046835,0.0
2280,4.0,4.26592810926537,0.2659281092653698,67.95687051449889,67.95948656461096,419.7784223696999,0.0
2281,4.0,4.26592317316896,0.26592317316895997,67.95687832468201,67.9594839120861,419.7773364284898,0.0
2282,4.0,4.265922479008656,0.2659224790086556,67.95687650592573,67.95947948444253,419.7771837132228,0.0
2283,4.0,4.265923874501669,0.2659238745016692,67.95688646760259,67.95947837856878,419.7774907216858,0.0
2284,4.0,4.265912517663075,0.2659125176630752,67.95688710812726,67.95947342878745,419.7749922171951,0.0
2285,4.0,4.265911428443157,0.2659114284431574,67.95687226742848,67.95947413871147,419.7747525888132,0.0
2286,4.0,4.2659098577119385,0.26590985771193854,67.95687797418756,67.95946962764901,419.7744070279451,0.0
2287,4.0,4.265910640962849,0.2659106409628489,67.95688481215883,67.95947028777017,419.7745793431454,0.0
2288,4.0,4.265910971669335,0.2659109716693351,67.95689242081693,67.95947516297315,419.77465209857235,0.0
2289,4.0,4.265909861472616,0.26590986147261564,67.95689722961015,67.95948142870033,419.77440785529404,0.0
2290,4.0,4.26590124383996,0.26590124383996017,67.95690151633055,67.95948279803333,419.77251197610985,0.0
2291,4.0,4.265900139166225,0.26590013916622457,67.95688893379774,67.95948270795678,419.77226894788805,0.0
2292,4.0,4.265901640385656,0.265901640385656,67.95689338844068,67.95948504723448,419.772599216163,0.0
2293,4.0,4.265903412084406,0.2659034120844064,67.95689272947126,67.95948609584318,419.77298898988806,0.0
2294,4.0,4.265912074000076,0.26591207400007644,67.95688492051528,67.9594815131132,419.77489461133547,0.0
2295,4.0,4.265921816775782,0.26592181677578175,67.95688625060738,67.95947279144443,419.7770380219906,0.0
2296,4.0,4.265927284748998,0.2659272847489982,67.9568836491701,67.95947127854524,419.77824097609823,0.0
2297,4.0,4.265933546484791,0.2659335464847912,67.95688932782323,67.95947378177266,419.7796185579727,0.0
2298,4.0,4.265931706164873,0.2659317061648734,67.95689450033709,67.95947449209021,419.77921368759075,0.0
2299,4.0,4.265932053392837,0.2659320533928371,67.95690345536991,67.95947135972817,419.77929007774276,0.0
2300,4.0,4.265921641506664,0.2659216415066643,67.95691399157573,67.95947836753771,419.7769994627847,0.0
2301,4.0,4.265918931045814,0.2659189310458139,67.956901638283,67.95947275731056,419.77640316139764,0.0
2302,4.0,4.265920021635567,0.2659200216355666,67.95691887153707,67.95947628861094,419.7766430911432,0.0
2303,4.0,4.265921770122371,0.26592177012237084,67.9569183811297,67.9594815664599,419.77702775824014,0.0
2304,4.0,4.265919143940111,0.26591914394011074,67.9569312437884,67.95947658102696,419.77644999814294,0.0
2305,4.0,4.265918762948676,0.2659187629486759,67.95693892266503,67.95948039951595,419.77636618002725,0.0
2306,4.0,4.265919557619303,0.26591955761930297,67.95694799310336,67.95948327712429,419.7765410075652,0.0
2307,4.0,4.265914462045977,0.265914462045977,67.95695431987119,67.95947849400866,419.77541998143346,0.0
2308,4.0,4.265912520242107,0.2659125202421073,67.95695306104915,67.9594801132975,419.77499278458214,0.0
2309,4.0,4.265909549669099,0.2659095496690993,67.95695692348534,67.95947516117462,419.7743392585204,0.0
2310,4.0,4.265900024807887,0.26590002480788666,67.95696701104856,67.95947576382012,419.7722437890536,0.0
2311,4.0,4.265901297988833,0.2659012979888331,67.9569547770008,67.95947569429012,419.7725238888618,0.0
2312,4.0,4.265900015104605,0.2659000151046049,67.95695207548737,67.95947454831368,419.77224165433165,0.0
2313,4.0,4.265892195099695,0.26589219509969464,67.95694707631394,67.9594715522394,419.7705212532514,0.0
2314,4.0,4.265892569944677,0.26589256994467725,67.95693909289923,67.95946883123021,419.7706037191476,0.0
2315,4.0,4.265894662690621,0.2658946626906209,67.95693271592833,67.95946985801406,419.7710641232552,0.0
2316,4.0,4.265896372785212,0.26589637278521217,67.95693102629313,67.95947648189957,419.7714403440653,0.0
2317,4.0,4.2658946655416505,0.26589466554165053,67.95693327411686,67.95947571941132,419.77106475048174,0.0
2318,4.0,4.265894841979641,0.265894841979641,67.95692885379228,67.95947648046416,419.77110356683966,0.0
2319,4.0,4.265907919227897,0.2659079192278968,67.95690483064766,67.95947148309715,419.7739805614559,0.0
2320,4.0,4.265917968792915,0.2659179687929152,67.95690006627605,67.95947851946833,419.77619146575995,0.0
2321,4.0,4.265928213078771,0.26592821307877124,67.95689541920183,67.95947905391637,419.7784452086483,0.0
2322,4.0,4.265939934461698,0.2659399344616977,67.956892190625,67.95948088684318,419.7810239128921,0.0
2323,4.0,4.26594811907596,0.2659481190759596,67.95689299118324,67.95947722636917,419.7828245280297,0.0
2324,4.0,4.265939047450413,0.26593904745041286,67.9569055160153,67.95948089080967,419.7808287704094,0.0
2325,4.0,4.265938853805745,0.26593885380574456,67.95691021039751,67.95947627281801,419.7807861685824,0.0
2326,4.0,4.265939849513491,0.26593984951349103,67.95691929745291,67.95948149411882,419.7810052242866,0.0
2327,4.0,4.2659392535151675,0.26593925351516745,67.95693120617679,67.9594756076353,419.7808741046554,0.0
2328,4.0,4.265931874492512,0.2659318744925123,67.95694252133634,67.95947278727026,419.77925071967127,0.0
2329,4.0,4.265929453073377,0.2659294530733769,67.95695373167284,67.95947656237317,419.77871800746146,0.0
2330,4.0,4.265933075081432,0.26593307508143216,67.95697490304694,67.95947622252682,419.77951484923364,0.0
2331,4.0,4.26593573567942,0.2659357356794203,67.95698402657204,67.95947403657671,419.780100180791,0.0
2332,4.0,4.265943595033136,0.2659435950331357,67.95699081319285,67.95923114778041,419.7818292386084,0.0
2333,4.0,4.265954464362025,0.2659544643620251,67.95701725359373,67.95917542251536,419.78422049096406,0.0
2334,4.0,4.265970038594362,0.26597003859436175,67.95703312812088,67.95826028406844,419.7876468220781,0.0
2335,4.0,4.265971749444551,0.26597174944455126,67.95705738103804,67.9580826238101,419.7880232091198,0.0
2336,4.0,4.26597299234487,0.26597299234486993,67.95706977334652,67.95818834938034,419.7882966471899,0.0
2337,4.0,4.265975493334531,0.26597549333453063,67.9570943159803,67.95844862444228,419.78884686491523,0.0
2338,4.0,4.265990126690029,0.26599012669002864,67.95713161661361,67.95880336492503,419.7920662031248,0.0
2339,4.0,4.265991930257785,0.2659919302577851,67.95716726902792,67.9591246886301,419.7924629880312,0.0
2340,4.0,4.265995611956995,0.2659956119569946,67.95720519439644,67.95755996897454,419.7932729618573,0.0
2341,4.0,4.265983080517055,0.26598308051705466,67.95725030051717,67.95724640697458,419.79051604507055,0.0
2342,4.0,4.265975502063805,0.2659755020638048,67.95730020394976,67.95734552423015,419.7888487853556,0.0
2343,4.0,4.265987247542711,0.26598724754271075,67.95733843957154,67.95770905355775,419.7914327907149,0.0
2344,4.0,4.26597941700805,0.26597941700805006,67.95738592045002,67.95822220045484,419.78971007308957,0.0
2345,4.0,4.265953077484,0.2659530774840002,67.95742564939204,67.9563150567286,419.7839153777986,0.0
2346,4.0,4.2659489028879785,0.26594890288797846,67.9574470828547,67.9561009618021,419.78299696667386,0.0
2347,4.0,4.265917047324961,0.2659170473249608,67.95749098517945,67.95644683825805,419.77598874281,0.0
2348,4.0,4.265905454587434,0.2659054545874344,67.95752113907523,67.95711839600303,419.7734383405542,0.0
2349,4.0,4.265875863091064,0.2658758630910638,67.95754185166066,67.95790769355663,419.76692821135265,0.0
2350,4.0,4.265847378699968,0.2658473786999682,67.957557804744,67.95600059055748,419.76066164531164,0.0
2351,4.0,4.265810941971365,0.265810941971365,67.9575587957073,67.95587029900457,419.75264556501895,0.0
2352,4.0,4.265752782086339,0.2657527820863388,67.95753885273733,67.95628565022291,419.73985039031317,0.0
2353,4.0,4.26570936878289,0.26570936878288975,67.95748358082824,67.95701242061708,419.7302994635544,0.0
2354,4.0,4.265657005442712,0.2656570054427121,67.95742923928778,67.95783724308639,419.7187795287153,0.0
2355,4.0,4.265587091530753,0.2655870915307528,67.95735831324497,67.95599083203224,419.70339846808423,0.0
2356,4.0,4.26552886700597,0.2655288670059699,67.95724925005689,67.95587189010377,419.690589072632,0.0
2357,4.0,4.2654491193785455,0.26544911937854554,67.95711605905679,67.95630673690167,419.67304459459865,0.0
2358,4.0,4.265363905566413,0.26536390556641276,67.95694760578785,67.9570567001507,419.6542975559294,0.0
2359,4.0,4.265269973027231,0.2652699730272312,67.95673131477571,67.95789763181179,419.6336323973095,0.0
2360,4.0,4.265168820390266,0.265168820390266,67.95646906228676,67.95692088156723,419.6113788171772,0.0
2361,4.0,4.265071943511098,0.2650719435110984,67.95617086943464,67.9570582741061,419.5900659037603,0.0
2362,4.0,4.264965069357151,0.26496506935715125,67.95581943902708,67.95750014264043,419.56655358989195,0.0
2363,4.0,4.264850725385211,0.2648507253852106,67.9554066927317,67.95805392961734,419.541397916065,0.0
2364,4.0,4.2647437008991815,0.26474370089918153,67.95494813688686,67.95860213024646,419.5178525291386,0.0
2365,4.0,4.264619824344649,0.26461982434464915,67.95442318659003,67.95859981026916,419.4905996871415,0.0
2366,4.0,4.26449668045121,0.26449668045121033,67.95384144694717,67.95881539772309,419.463508030585,0.0
2367,4.0,4.264363039866086,0.2643630398660859,67.9531757496656,67.95905537517079,419.4341071018576,0.0
2368,4.0,4.264246412524304,0.2642464125243036,67.95245144919299,67.95924016444089,419.4084490866655,0.0
2369,4.0,4.264133428138761,0.26413342813876106,67.95166905623357,67.95936499428961,419.38359252184614,0.0
2370,4.0,4.264024763463626,0.2640247634636257,67.95080490094661,67.95942224303116,419.3596862933164,0.0
2371,4.0,4.263888190326513,0.26388819032651334,67.94988945969179,67.95948477709166,419.32964020315165,0.0
2372,4.0,4.263783851963859,0.2637838519638587,67.9488982889602,67.95948243649971,419.3066857633676,0.0
2373,4.0,4.263672042474123,0.26367204247412257,67.94783287846731,67.9594778956481,419.2820876756257,0.0
2374,4.0,4.263570244163437,0.26357024416343666,67.94669161374463,67.95945537159551,419.25969204727477,0.0
2375,4.0,4.263476968821952,0.26347696882195226,67.94549177233709,67.95942401029242,419.2391714721482,0.0
2376,4.0,4.263393688275488,0.2633936882754879,67.9442292283464,67.95948315140478,419.22084975192604,0.0
2377,4.0,4.263324125898544,0.2633241258985439,67.9429026301741,67.95951637104861,419.20554602899836,0.0
2378,4.0,4.263280493018055,0.2632804930180548,67.94151709726815,67.959542461712,419.19594679529075,0.0
2379,4.0,4.2632197400764715,0.26321974007647153,67.94010801187207,67.95954778241588,419.18258114814245,0.0
2380,4.0,4.263145797331156,0.2631457973311564,67.93865782065694,67.95955062530248,419.1663137441731,0.0
2381,4.0,4.26310104284729,0.26310104284728997,67.93713543589104,67.95954365717076,419.1564677577225,0.0
2382,4.0,4.263066009731696,0.2630660097316957,67.93559984107084,67.95952824393932,419.14876047229177,0.0
2383,4.0,4.263063539855586,0.26306353985558584,67.93402851507479,67.95950730387358,419.1482170995476,0.0
2384,4.0,4.26307198372711,0.2630719837271096,67.93243145843445,67.95949150136283,419.15007475128283,0.0
2385,4.0,4.263088468696221,0.26308846869622116,67.93080935929882,67.95947434259463,419.15370144448735,0.0
2386,4.0,4.263116414650318,0.26311641465031776,67.9291850460679,67.95945732350943,419.1598495543886,0.0
2387,4.0,4.263150322823662,0.2631503228236616,67.92754950814246,67.95945615319519,419.1673093525242,0.0
2388,4.0,4.263177095784839,0.2631770957848394,67.92591171648903,67.9594540966047,419.17319940398335,0.0
2389,4.0,4.263229487229877,0.2632294872298768,67.924271653661,67.95945999581551,419.1847255218916,0.0
2390,4.0,4.263289918526681,0.2632899185266808,67.92265171562619,67.95947382153473,419.1980204071885,0.0
2391,4.0,4.263360641812838,0.263360641812838,67.92105468488245,67.95948241398071,419.2135795301431,0.0
2392,4.0,4.26342076169322,0.2634207616932196,67.91947845658862,67.95948609259283,419.226805903827,0.0
2393,4.0,4.263538587728367,0.2635385877283669,67.91792355290856,67.95949452427354,419.2527276315594,0.0
2394,4.0,4.263675766404909,0.2636757664049094,67.916408323818,67.95949498126845,419.2829069403988,0.0
2395,4.0,4.263787070939149,0.26378707093914944,67.9149445910572,67.95949658518333,419.3073939379316,0.0
2396,4.0,4.263916671583847,0.26391667158384724,67.91353092066532,67.95949711192814,419.3359060797651,0.0
2397,4.0,4.264031445074745,0.2640314450747452,67.91217956986173,67.95949330931721,419.36115624776266,0.0
2398,4.0,4.264157887386245,0.26415788738624535,67.9108743337808,67.95949109332174,419.3889735562927,0.0
2399,4.0,4.264294777354271,0.2642947773542712,67.9096475480441,67.95946469301289,419.41908934925834,0.0
2400,4.0,4.264441695750801,0.2644416957508007,67.90848656807,67.95945188205162,419.45141139649485,0.0
2401,4.0,4.264609024216017,0.26460902421601684,67.9073999744738,67.95943960527917,419.4882236588424,0.0
2402,4.0,4.264779882736123,0.2647798827361232,67.90638606154043,67.95943490235044,419.5258125332658,0.0
2403,4.0,4.264933667758664,0.26493366775866356,67.9054573128597,67.95943937319464,419.5596452382247,0.0
2404,4.0,4.265104097090818,0.26510409709081806,67.90461781915754,67.95945223155297,419.59713969129865,0.0
2405,4.0,4.265280708176094,0.2652807081760944,67.90386672070295,67.95946305110508,419.63599413005943,0.0
2406,4.0,4.265459067264525,0.2654590672645254,67.903210200821,67.959481032889,419.67523312951425,0.0
2407,4.0,4.265622144690341,0.26562214469034107,67.9026489036821,67.95948284585748,419.7111101631937,0.0
2408,4.0,4.26580328461363,0.26580328461362956,67.9021671351851,67.95948807206351,419.7509609463172,0.0
2409,4.0,4.265986403672375,0.26598640367237536,67.90178911060254,67.95948467974681,419.7912471392413,0.0
2410,4.0,4.266157152494098,0.266157152494098,67.90151143574371,67.9594734868948,419.8288118800203,0.0
2411,4.0,4.266327240366811,0.2663272403668113,67.90134730754369,67.95946874831748,419.8662312120172,0.0
2412,4.0,4.266500112764659,0.2665001127646587,67.90127406543237,67.95946482552408,419.9042631395437,0.0
2413,4.0,4.266667879687459,0.26666787968745886,67.90130139141839,67.95947838660229,419.9411718625597,0.0
2414,4.0,4.2668387587836545,0.2668387587836545,67.90140792980209,67.95948318248585,419.9787652637227,0.0
2415,4.0,4.267011939357666,0.26701193935766643,67.9016065715528,67.95949841145314,420.01686499000533,0.0
2416,4.0,4.26719432182574,0.2671943218257402,67.90189048608086,67.95950071004773,420.0569891329816,0.0
2417,4.0,4.267370792433256,0.26737079243325557,67.90226200930816,67.95950745049302,420.09581266663497,0.0
2418,4.0,4.267553916570711,0.26755391657071126,67.9026820981448,67.95951206554962,420.13609997687524,0.0
2419,4.0,4.301885558808615,0.3018855588086149,67.90316604213291,67.95951843738567,427.68906126921405,0.0
2420,4.0,4.301694918571098,0.30169491857109776,67.9066773002611,67.95950785111306,427.64712041696026,0.0
2421,4.0,4.301154525734611,0.3011545257346109,67.91587144370095,67.95948729050674,427.52823399293317,0.0
2422,4.0,4.300406675640204,0.30040667564020396,67.92862481295748,67.95947860331094,427.36370697216364,0.0
2423,4.0,4.299506870101833,0.2995068701018333,67.94356264981865,67.95947576339377,427.1657497537221,0.0
2424,4.0,4.298505345790196,0.29850534579019605,67.95997691791143,67.95947085483814,426.9454144051619,0.0
2425,4.0,4.29745656313713,0.2974565631371302,67.97692746268353,67.95946896957447,426.7146822214874,0.0
2426,4.0,4.2963798569966585,0.2963798569966585,67.9942299069929,67.95947237728592,426.4778068705836,0.0
2427,4.0,4.295307525206823,0.29530752520682313,68.01135826241573,67.95948613477185,426.24189387681986,0.0
2428,4.0,4.294243168344003,0.29424316834400344,68.02820094108696,67.95949441028345,426.00773536699955,0.0
2429,4.0,4.293171335143117,0.2931713351431169,68.0445523037282,67.95950140813021,425.7719320628045,0.0
2430,4.0,4.292115041070225,0.29211504107022535,68.06032627184955,67.9594967343729,425.5395473667684,0.0
2431,4.0,4.291108486529958,0.291108486529958,68.07542292548683,67.95949574965186,425.31810536790954,0.0
2432,4.0,4.279819337145536,0.2798193371455362,68.08983261376665,67.95949634310946,422.8344925033367,0.0
2433,4.0,4.27892876526101,0.27892876526100974,68.10268605420124,67.95949566571309,422.6385666887409,0.0
2434,4.0,4.278167729213976,0.27816772921397614,68.11310695070046,67.95948695707654,422.4711387583935,0.0
2435,4.0,4.277505974505605,0.27750597450560477,68.12166256052163,67.95948593391375,422.32555272255183,0.0
2436,4.0,4.2769452173481035,0.2769452173481035,68.12896255463002,67.95948313778368,422.20218614790156,0.0
2437,4.0,4.276419685427303,0.2764196854273031,68.1352086771767,67.95948070849218,422.08656912532547,0.0
2438,4.0,4.2759569748782305,0.27595697487823045,68.14054152986334,67.95948612823119,421.9847728045295,0.0
2439,4.0,4.275520533899107,0.27552053389910736,68.1452894115268,67.95949496048053,421.8887557891224,0.0
2440,4.0,4.275131718151694,0.2751317181516937,68.14950874482037,67.95949728234918,421.8032163246914,0.0
2441,4.0,4.264621135880488,0.2646211358804882,68.15340887063456,67.9594987198899,419.4908882250262,0.0
2442,4.0,4.264335543416873,0.26433554341687326,68.15600235915598,67.95950098420977,419.42805788303093,0.0
2443,4.0,4.264142045932366,0.264142045932366,68.15677014004277,67.95950419080853,419.38548843643935,0.0
2444,4.0,4.26400846355219,0.26400846355219,68.15644295388616,67.95949331347352,419.3561003128006,0.0
2445,4.0,4.263933074454701,0.2639330744547008,68.15535545924043,67.95949479233626,419.339514711353,0.0
2446,4.0,4.263907863616802,0.26390786361680174,68.15366214069076,67.95949637864727,419.3339683270152,0.0
2447,4.0,4.263887431675424,0.26388743167542383,68.15170642024466,67.95949888492534,419.3294732999121,0.0
2448,4.0,4.263879664815734,0.2638796648157342,68.14968553923956,67.959499842487,419.32776459078036,0.0
2449,4.0,4.263926592181471,0.26392659218147063,68.14746444285639,67.95949464104835,419.33808861124237,0.0
2450,4.0,4.263962502231642,0.2639625022316423,68.14543396358252,67.95948649231035,419.34598882228016,0.0
2451,4.0,4.253876966424037,0.2538769664240368,68.1433801380224,67.95948553359908,417.127170944607,0.0
2452,4.0,4.253963902135768,0.2539639021357676,68.14048064039977,67.95948287040636,417.14629680118776,0.0
2453,4.0,4.254137427733556,0.2541374277335562,68.13615906249527,67.95948373496587,417.1844724327012,0.0
2454,4.0,4.254380795998056,0.2543807959980562,68.13077633423056,67.95948806326852,417.23801345089123,0.0
2455,4.0,4.254646793000505,0.2546467930005054,68.12490318417453,67.95948525318983,417.2965327914301,0.0
2456,4.0,4.254905999302192,0.25490599930219204,68.11871163261374,67.95948543247718,417.3535581778011,0.0
2457,4.0,4.255188850532839,0.25518885053283924,68.11232711739315,67.95948868650538,417.4157854485435,0.0
2458,4.0,4.255472337628412,0.2554723376284116,68.10606155224305,67.95949013286125,417.4781526095694,0.0
2459,4.0,4.255750818298388,0.2557508182983881,68.09981037884333,67.95949008677928,417.53941835696423,0.0
2460,4.0,4.256045302758173,0.2560453027581726,68.09370368015075,67.95949293350155,417.6042049381168,0.0
2461,4.0,4.256321019467118,0.2563210194671184,68.08771656161026,67.95950095317843,417.6648626140849,0.0
2462,4.0,4.256581064217395,0.2565810642173947,68.08194055479458,67.95948955142397,417.7220724591457,0.0
2463,4.0,4.256857545420655,0.2568575454206554,68.07630565844023,67.95948911669136,417.78289832386304,0.0
2464,4.0,4.257143799415826,0.2571437994158261,68.0708232982312,67.95949051985153,417.8458742028006,0.0
2465,4.0,4.25738766438912,0.2573876643891202,68.0654968154118,67.95948858773667,417.89952449692527,0.0
2466,4.0,4.257630995041666,0.25763099504166576,68.06027624857046,67.9594923477693,417.9530572404853,0.0
2467,4.0,4.257850469301583,0.25785046930158284,68.05520052473959,67.95949450873533,418.00134157766706,0.0
2468,4.0,4.258098301421124,0.258098301421124,68.05026393839843,67.9594988161951,418.0558646439661,0.0
2469,4.0,4.258354632468591,0.25835463246859103,68.04547107688477,67.95950224776001,418.11225747440886,0.0
2470,4.0,4.258612309241727,0.25861230924172673,68.04079917991089,67.95949447400147,418.1689463644987,0.0
2471,4.0,4.25886449379543,0.2588644937954303,68.03623977157004,67.95949135277245,418.2244269663135,0.0
2472,4.0,4.264372078562955,0.2643720785629551,68.03179909587239,67.95948804652751,419.43609561516894,0.0
2473,4.0,4.264551511231487,0.26455151123148735,68.02795985241197,67.95948799923559,419.475570802246,0.0
2474,4.0,4.264705488896375,0.26470548889637513,68.02507863808714,67.95948163017484,419.5094458885213,0.0
2475,4.0,4.264841449622162,0.2648414496221623,68.02293619990361,67.95948680251082,419.5393572481945,0.0
2476,4.0,4.264945384055654,0.26494538405565393,68.0212805298695,67.95948657617211,419.56222282356265,0.0
2477,4.0,4.264987010226658,0.26498701022665827,68.01998976593795,67.95948741778022,419.5713805811836,0.0
2478,4.0,4.26498067984924,0.26498067984923956,68.01892913859372,67.95949535329032,419.56998789815145,0.0
2479,4.0,4.264986533439073,0.26498653343907286,68.01805012409724,67.959493920403,419.57127568791475,0.0
2480,4.0,4.264983842955047,0.26498384295504707,68.0173347406452,67.9594961191828,419.57068378142907,0.0
2481,4.0,4.264992667868224,0.2649926678682242,68.0166908909368,67.9594930515823,419.572625262328,0.0
2482,4.0,4.264990020983547,0.2649900209835474,68.01612051355998,67.95948818409776,419.5720429476991,0.0
2483,4.0,4.264979830770314,0.2649798307703142,68.01557785951596,67.95948701173859,419.5698011007878,0.0
2484,4.0,4.264967459841104,0.26496745984110426,68.01506273472451,67.95949052191457,419.5670794963616,0.0
2485,4.0,4.264956020975296,0.2649560209752959,68.01456333249398,67.95949364336157,419.5645629458838,0.0
2486,4.0,4.264948585090954,0.26494858509095387,68.0140725399841,67.9594884132821,419.56292705132853,0.0
2487,4.0,4.2649402476659155,0.2649402476659155,68.01359612275485,67.95948676850746,419.5610928178201,0.0
2488,4.0,4.264926281588995,0.2649262815889948,68.01310964533185,67.95948880686353,419.55802028089755,0.0
2489,4.0,4.264930562369113,0.2649305623691127,68.0126139296432,67.9594905513651,419.5589620525235,0.0
2490,4.0,4.2649565437810155,0.2649565437810155,68.01211749950977,67.95948896403239,419.5646779631421,0.0
2491,4.0,4.26497148586729,0.2649714858672896,68.01162323845978,67.95949355400086,419.56796522212244,0.0
2492,4.0,4.2649973020005705,0.2649973020005705,68.01112945471502,67.9594891675525,419.57364477144426,0.0
2493,4.0,4.2650110268937755,0.26501102689377554,68.01065300148004,67.95949147800364,419.5766642479494,0.0
2494,4.0,4.265026255845027,0.2650262558450267,68.01018154657693,67.95948536799291,419.58001461722466,0.0
2495,4.0,4.265017087552782,0.2650170875527822,68.00971918434975,67.95949678279678,419.57799759293084,0.0
2496,4.0,4.264995025986699,0.2649950259866989,68.00925634081925,67.95949432120874,419.5731440483925,0.0
2497,4.0,4.264986069883354,0.2649860698833537,68.00879380960606,67.95949354348086,419.5711737056566,0.0
2498,4.0,4.264970905428992,0.26497090542899215,68.00832401580463,67.95949199618302,419.56783752569703,0.0
2499,4.0,4.264956403942636,0.2649564039426364,68.00784847706414,67.95948843013686,419.56464719869876,0.0
2500,4.0,4.264947848099663,0.26494784809966276,68.00737311639637,67.95948581100551,419.56276491324456,0.0
2501,4.0,4.2649402967553875,0.26494029675538755,68.0068897864027,67.95948948479023,419.56110361750405,0.0
2502,4.0,4.264933236032249,0.26493323603224894,68.00639541154911,67.95949676841182,419.55955025841354,0.0
2503,4.0,4.2649198336559975,0.26491983365599747,68.00589911631421,67.95949334194032,419.5566017356382,0.0
2504,4.0,4.2649070767531105,0.26490707675311054,68.00539413565582,67.95949742325045,419.5537952170031,0.0
2505,4.0,4.2649014610009965,0.26490146100099654,68.00487993404096,67.95950005108367,419.552559751538,0.0
2506,4.0,4.264895002478244,0.2648950024782444,68.00436628921986,67.95949410129359,419.55113887653255,0.0
2507,4.0,4.264889488544231,0.264889488544231,68.00384241132166,67.95948193687491,419.5499258110496,0.0
2508,4.0,4.264878183268727,0.2648781832687268,68.0033174947697,67.95947852020785,419.54743865043866,0.0
2509,4.0,4.264867891505507,0.2648678915055074,68.00277319509816,67.95948555638331,419.5451744625304,0.0
2510,4.0,4.264863178112235,0.26486317811223525,68.00223654737454,67.95949203422659,419.5441375160105,0.0
2511,4.0,4.2648849324918965,0.2648849324918965,68.00169004097677,67.95949026826706,419.548923479536,0.0
2512,4.0,4.2649495085587565,0.26494950855875654,68.00114019201263,67.95949242065923,419.5631302142452,0.0
2513,4.0,4.265021519077285,0.2650215190772851,68.0005974021941,67.95949888381149,419.57897252832146,0.0
2514,4.0,4.265078948993485,0.2650789489934846,68.00005526661822,67.95949643443936,419.59160710988533,0.0
2515,4.0,4.265109752880766,0.26510975288076644,67.99956093023066,67.95949165044726,419.59838396508735,0.0
2516,4.0,4.26514074999025,0.26514074999025006,67.99907317985227,67.95948760823457,419.6052033291737,0.0
2517,4.0,4.265169219876079,0.26516921987607933,67.99861928793143,67.95949540273037,419.61146670405617,0.0
2518,4.0,4.265225012638842,0.265225012638842,67.9981805717074,67.95949038500316,419.623741111864,0.0
2519,4.0,4.265232357082869,0.2652323570828692,67.99776404821536,67.95949363275219,419.62535688954995,0.0
2520,4.0,4.265224750274917,0.26522475027491677,67.99737338022479,67.9594976330855,419.6236833918004,0.0
2521,4.0,4.265255223449587,0.26525522344958663,67.99699060296398,67.95949579714393,419.63038749022775,0.0
2522,4.0,4.2652791533522585,0.2652791533522585,67.99661555235431,67.9594955295369,419.63565206881555,0.0
2523,4.0,4.265306059009821,0.26530605900982085,67.99626068058218,67.95949647425601,419.6415713134793,0.0
2524,4.0,4.26532149963047,0.2653214996304696,67.99591472197586,67.95949456238192,419.64496825002203,0.0
2525,4.0,4.265342175400645,0.26534217540064464,67.99558189971742,67.95948809825713,419.64951691946055,0.0
2526,4.0,4.265368931304405,0.26536893130440475,67.99526806252972,67.9594924735164,419.6554032182878,0.0
2527,4.0,4.265387761963816,0.2653877619638161,67.99495822095406,67.95949115048472,419.6595459633583,0.0
2528,4.0,4.265382716598767,0.2653827165987668,67.9946619541976,67.95949144322465,419.65843598304747,0.0
2529,4.0,4.265385242869107,0.26538524286910725,67.99437055264318,67.95949647251243,419.65899176252236,0.0
2530,4.0,4.265402270353864,0.26540227035386366,67.99409589952865,67.95950368029249,419.6627378091688,0.0
2531,4.0,4.265410942087743,0.2654109420877431,67.99382888115063,67.95949946231441,419.6646455906223,0.0
2532,4.0,4.265404836917658,0.26540483691765804,67.99355594790693,67.95949474558367,419.6633024532036,0.0
2533,4.0,4.265420939784073,0.26542093978407344,67.99329603825807,67.95949263710301,419.66684508381496,0.0
2534,4.0,4.265431048976225,0.26543104897622527,67.99303508514531,67.95949159127636,419.6690691060884,0.0
2535,4.0,4.265414239804329,0.2654142398043291,67.99278145800147,67.95949012773717,419.66537108827123,0.0
2536,4.0,4.265437823665647,0.26543782366564717,67.99250532875934,67.95948786982346,419.6705595377612,0.0
2537,4.0,4.265452662080981,0.26545266208098095,67.99226236114579,67.95948825061176,419.67382398913463,0.0
2538,4.0,4.2654678856001125,0.2654678856001125,67.99202291529271,67.9594782325051,419.6771731633436,0.0
2539,4.0,4.265512948598441,0.2655129485984409,67.99178754198506,67.95948460152778,419.68708702297585,0.0
2540,4.0,4.265546449811948,0.2655464498119482,67.99155295381249,67.95948394982355,419.6944572899475,0.0
2541,4.0,4.265583434754132,0.2655834347541317,67.99133688815795,67.9594913143082,419.7025939772279,0.0
2542,4.0,4.265624639530384,0.26562463953038407,67.99113727036375,67.95949587141895,419.7116590280034,0.0
2543,4.0,4.265654735785727,0.26565473578572707,67.99095374615881,67.9594946820233,419.7182802041789,0.0
2544,4.0,4.265684941871818,0.2656849418718181,67.99079422908338,67.95950427805535,419.7249255431189,0.0
2545,4.0,4.265706804530729,0.2657068045307289,67.99065180173871,67.95950488970398,419.7297353280793,0.0
2546,4.0,4.265696458021928,0.2656964580219281,67.99052053082839,67.95949982171591,419.7274590961431,0.0
2547,4.0,4.265692400217491,0.26569240021749074,67.99040492222689,67.95949987252364,419.72656637916685,0.0
2548,4.0,4.2656989027367365,0.26569890273673646,67.99030127944135,67.95949252136843,419.7279969334009,0.0
2549,4.0,4.265701083678592,0.265701083678592,67.99019569142466,67.95949063994726,419.72847674060915,0.0
2550,4.0,4.265667628609218,0.26566762860921767,67.99009792626494,67.95948773817084,419.7211166253468,0.0
2551,4.0,4.265680931229573,0.26568093122957315,67.9899824794784,67.95948696216655,419.724043201825,0.0
2552,4.0,4.265687478880441,0.26568747888044086,67.98987811771491,67.95949289931609,419.7254836850159,0.0
2553,4.0,4.265693334382242,0.26569333438224163,67.98977834948482,67.95949735591665,419.72677189541207,0.0
2554,4.0,4.265699675872888,0.265699675872888,67.98968371302331,67.95949695441782,419.7281670233543,0.0
2555,4.0,4.265699834347833,0.2656998343478332,67.98958460572968,67.95949182613575,419.7282018878422,0.0
2556,4.0,4.265683434580294,0.26568343458029364,67.9894918640294,67.95949694473217,419.7245939389835,0.0
2557,4.0,4.265686025153422,0.2656860251534221,67.98937974706364,67.95950084637715,419.72516386507175,0.0
2558,4.0,4.260420598103036,0.2604205981030363,67.98929190308405,67.95949728885371,418.5667699139869,0.0
2559,4.0,4.260446734796639,0.2604467347966386,67.98872809430318,67.95949025719166,418.5725199865794,0.0
2560,4.0,4.260528325978248,0.2605283259782478,67.98732222690784,67.95948505983368,418.5904700465334,0.0
2561,4.0,4.2606339775535025,0.2606339775535025,67.98535349863852,67.95948536367266,418.6137133930894,0.0
2562,4.0,4.26077567519864,0.26077567519863987,67.98302124604197,67.95949416248015,418.64488687501967,0.0
2563,4.0,4.260945280159501,0.26094528015950136,67.98049368536009,67.95948322277498,418.6821999664092,0.0
2564,4.0,4.261150552596684,0.26115055259668374,67.97784771277915,67.95949056626168,418.72735990258934,0.0
2565,4.0,4.261307709953386,0.26130770995338626,67.97516021339888,67.95949394401978,418.7619345210639,0.0
2566,4.0,4.261506890678291,0.2615068906782909,67.97244512082952,67.95949835567872,418.80575428054294,0.0
2567,4.0,4.261705977299953,0.26170597729995304,67.96978938325336,67.95950440502,418.84955333730863,0.0
2568,4.0,4.261896950864542,0.2618969508645419,67.967193193781,67.9594997929619,418.8915675215182,0.0
2569,4.0,4.2620949864050415,0.2620949864050415,67.96467070112273,67.95949671104786,418.93513534042813,0.0
2570,4.0,4.262241160085067,0.26224116008506737,67.96223594156997,67.95949011542818,418.96729355003384,0.0
2571,4.0,4.2623583378714205,0.2623583378714205,67.95989153477761,67.95948554747056,418.9930726630315,0.0
2572,4.0,4.262495893295335,0.26249589329533496,67.9576194603333,67.95948282908472,419.0233348562927,0.0
2573,4.0,4.262632307537424,0.26263230753742395,67.9554502949226,67.9594903633453,419.05334598955227,0.0
2574,4.0,4.262759315590208,0.26275931559020815,67.95334986838105,67.95949085365481,419.0812877611648,0.0
2575,4.0,4.262926252057662,0.26292625205766207,67.95132021990099,67.95949253099035,419.11801378400463,0.0
2576,4.0,4.263092569377854,0.26309256937785364,67.94937791132726,67.95949543834014,419.15460359444677,0.0
2577,4.0,4.263248347622624,0.26324834762262395,67.94751514168037,67.95949876028719,419.18887480829625,0.0
2578,4.0,4.263373334239671,0.26337333423967113,67.94573898358202,67.95950009215824,419.2163718640466,0.0
2579,4.0,4.263513391621995,0.26351339162199494,67.94403688578387,67.95950111046739,419.24718448815787,0.0
2580,4.0,4.263656993936054,0.2636569939360536,67.94243427299355,67.95949517558432,419.27877699725076,0.0
2581,4.0,4.263796174337342,0.26379617433734204,67.94090552477634,67.95948804813798,419.30939668553424,0.0
2582,4.0,4.263923401788374,0.26392340178837426,67.93946084401503,67.9594875912442,419.3373867247613,0.0
2583,4.0,4.2640180393639175,0.26401803936391754,67.93808662138454,67.95948451537838,419.3582069913808,0.0
2584,4.0,4.264136540620343,0.26413654062034286,67.936779516206,67.95948888734786,419.3842772677944,0.0
2585,4.0,4.264256287238556,0.2642562872385561,67.93555891886282,67.959492512382,419.4106215238013,0.0
2586,4.0,4.264378539720434,0.26437853972043435,67.93439830173654,67.9594929347482,419.43751706981453,0.0
2587,4.0,4.264498831285357,0.2644988312853567,67.93330763190018,67.95948889961052,419.46398121409743,0.0
2588,4.0,4.264629042082723,0.2646290420827233,67.93228805386997,67.95948712729502,419.49262758951807,0.0
2589,4.0,4.264751427125901,0.2647514271259013,67.93134408447827,67.95948924644617,419.5195522990172,0.0
2590,4.0,4.264874727988798,0.26487472798879796,67.93046044727289,67.95949186182092,419.54667848885447,0.0
2591,4.0,4.264991788090435,0.2649917880904349,67.92964808504976,67.9594891046393,419.57243171121456,0.0
2592,4.0,4.265080666584536,0.2650806665845362,67.92890788640683,67.9594927207771,419.59198497991684,0.0
2593,4.0,4.265190059661028,0.2651900596610277,67.92822093204566,67.95949592013335,419.61605145674497,0.0
2594,4.0,4.265300679158941,0.2653006791589414,67.92761268169585,67.95949505230543,419.64038774628597,0.0
2595,4.0,4.265365783872052,0.2653657838720518,67.92706041844886,67.95949555800193,419.65471078317023,0.0
2596,4.0,4.265410512801015,0.26541051280101513,67.92657991718814,67.95949655642629,419.66455114754217,0.0
2597,4.0,4.265476009245559,0.2654760092455586,67.92612125178316,67.95949712714982,419.6789603653417,0.0
2598,4.0,4.265537667652297,0.26553766765229714,67.92572532824538,67.9594883701793,419.6925252148242,0.0
2599,4.0,4.26559592463411,0.26559592463410997,67.92537875123996,67.95948549728011,419.705341750823,0.0
2600,4.0,4.265678732550791,0.265678732550791,67.92506137524181,67.95948394982379,419.7235594924928,0.0
2601,4.0,4.265755966407765,0.2657559664077649,67.92478447870148,67.95948825938758,419.7405509410271,0.0
2602,4.0,4.265842043731553,0.26584204373155274,67.92454383870793,67.95948578294076,419.75948795226043,0.0
2603,4.0,4.265919716444805,0.26591971644480505,67.92435977007854,67.95949282223745,419.77657594917594,0.0
2604,4.0,4.265968970897089,0.26596897089708893,67.92420970010832,67.95947427298292,419.7874119286784,0.0
2605,4.0,4.266005465789686,0.26600546578968576,67.92409700725926,67.95947088680451,419.79544080504974,0.0
2606,4.0,4.266037651481901,0.26603765148190117,67.9240303936832,67.95947313030138,419.80252165733714,0.0
2607,4.0,4.266066509922837,0.26606650992283676,67.92399100450737,67.9594731274623,419.80887051434297,0.0
2608,4.0,4.266062014199142,0.2660620141991421,67.92398693614342,67.95947407885406,419.80788145513014,0.0
2609,4.0,4.266086156894319,0.26608615689431936,67.9239711254222,67.95940786266104,419.81319284806915,0.0
2610,4.0,4.266123438612637,0.2661234386126372,67.92399881550276,67.95940121101529,419.8213948260991,0.0
2611,4.0,4.266155298657206,0.266155298657206,67.92404200802488,67.95940151192987,419.8284040359042,0.0
2612,4.0,4.266184374857272,0.2661843748572723,67.92410055176997,67.95940923790752,419.8348007999188,0.0
2613,4.0,4.2661964227634135,0.2661964227634135,67.92417912791409,67.95943122965245,419.8374513392699,0.0
2614,4.0,4.266234402134055,0.2662344021340548,67.9242665253878,67.95931157916881,419.845806800811,0.0
2615,4.0,4.266291770141574,0.26629177014157435,67.92436712489894,67.9592989905245,419.8584277624653,0.0
2616,4.0,4.266309768389267,0.26630976838926657,67.92448937575138,67.95932637792482,419.8623873769576,0.0
2617,4.0,4.266295133915665,0.26629513391566473,67.92464190068752,67.95935807629144,419.8591677927652,0.0
2618,4.0,4.266299510501238,0.2662995105012378,67.92479432617742,67.95940424349978,419.8601306415913,0.0
2619,4.0,4.26633806900509,0.26633806900508983,67.92496262477745,67.95921723745376,419.86861351243874,0.0
2620,4.0,4.266391152769261,0.26639115276926084,67.92514429720616,67.9591891461114,419.8802919405564,0.0
2621,4.0,4.266369389150603,0.2663693891506034,67.92534272893893,67.95921654197151,419.87550394445174,0.0
2622,4.0,4.2663910071430635,0.2663910071430635,67.92552965991351,67.95926594404696,419.88025990279294,0.0
2623,4.0,4.266411092009921,0.2664110920099212,67.92574743564035,67.95934294827353,419.8846785735016,0.0
2624,4.0,4.266447796653302,0.26644779665330187,67.9259806434261,67.95940218878032,419.89275359504535,0.0
2625,4.0,4.2664701840809744,0.26647018408097445,67.92621647479176,67.95913460976914,419.8976788291333,0.0
2626,4.0,4.266471379918348,0.2664713799183476,67.92647747138031,67.95909469960642,419.8979419133554,0.0
2627,4.0,4.266490373669424,0.2664903736694244,67.92673514165875,67.95914353250924,419.90212053859227,0.0
2628,4.0,4.266504731782999,0.26650473178299894,67.92700867568247,67.95923036616819,419.90527932357867,0.0
2629,4.0,4.266524482362812,0.26652448236281234,67.92729935473709,67.95930627517185,419.90962445113763,0.0
2630,4.0,4.266539429541544,0.2665394295415444,67.92759569363716,67.95895778847763,419.9129128304587,0.0
2631,4.0,4.266554865417704,0.2665548654177039,67.92790356231185,67.95892104494115,419.9163087232138,0.0
2632,4.0,4.266549277154159,0.26654927715415866,67.92821784503802,67.95896909566322,419.9150793052338,0.0
2633,4.0,4.266551566790099,0.26655156679009906,67.92853867138149,67.95907590614009,419.9155830251407,0.0
2634,4.0,4.2665671887612895,0.2665671887612895,67.92886610399465,67.95921140454101,419.9190198588026,0.0
2635,4.0,4.266574283307122,0.2665742833071221,67.92920055265606,67.95875690342564,419.92058065888574,0.0
2636,4.0,4.2665533594269505,0.26655335942695046,67.92954334484914,67.95872032821877,419.915977405248,0.0
2637,4.0,4.266551828818539,0.2665518288185389,67.92986705688413,67.95882387458158,419.91564067139745,0.0
2638,4.0,4.27607409855818,0.27607409855817977,67.93020727333091,67.95898585340854,422.0105400141184,0.0
2639,4.0,4.276045047704195,0.27604504770419513,67.93138551467808,67.9591734973612,422.0041488262418,0.0
2640,4.0,4.27590626798238,0.27590626798238027,67.9341033785538,67.95933427385646,421.97361728744255,0.0
2641,4.0,4.275691730427886,0.2756917304278863,67.93782851549389,67.95871802312173,421.92641902545387,0.0
2642,4.0,4.275423698893926,0.2754236988939258,67.94220124750933,67.95859350414501,421.86745208798254,0.0
2643,4.0,4.275165185701538,0.27516518570153803,67.94694905534567,67.95864498673863,421.8105791856572,0.0
2644,4.0,4.274891661493637,0.274891661493637,67.95193142764323,67.95879380917256,421.750403859919,0.0
2645,4.0,4.274571852000424,0.2745718520004239,67.95701175474514,67.95899074736631,421.6800457714121,0.0
2646,4.0,4.274223142551683,0.27422314255168256,67.96211178732439,67.9582889181886,421.603329692689,0.0
2647,4.0,4.273905784725353,0.2739057847253532,67.9671350015814,67.95822918845737,421.53351097089654,0.0
2648,4.0,4.273595718730314,0.27359571873031374,67.97209600588751,67.95836688504652,421.46529645198785,0.0
2649,4.0,4.2732935497421645,0.27329354974216447,67.97691845110064,67.9586530546916,421.398819274595,0.0
2650,4.0,4.2729848972139575,0.27298489721395747,67.98161413256673,67.95896232018819,421.33091571838946,0.0
2651,4.0,4.27267008622414,0.2726700862241396,67.98613849851081,67.95814739191161,421.2616573006295,0.0
2652,4.0,4.272389543502205,0.27238954350220457,67.99048863977215,67.95808135936562,421.1999379018038,0.0
2653,4.0,4.272108075394686,0.2721080753946863,67.9946981750639,67.95822086627373,421.1380149181498,0.0
2654,4.0,4.27185329710496,0.2718532971049603,67.99873416933886,67.95850590535346,421.0819636944101,0.0
2655,4.0,4.281504276131953,0.28150427613195284,68.0026275703066,67.95884297922652,423.20517908034844,0.0
2656,4.0,4.2812031063960365,0.2812031063960365,68.00721683193325,67.95785904481954,423.13892173844687,0.0
2657,4.0,4.280780664927195,0.2807806649271951,68.01328038420658,67.95775030010955,423.04598461530173,0.0
2658,4.0,4.280287428448918,0.28028742844891763,68.02023654606067,67.95791907291206,422.9374725900807,0.0
2659,4.0,4.279756903772118,0.27975690377211837,68.02769816736742,67.95828896196346,422.8207571611849,0.0
2660,4.0,4.279224007550778,0.2792240075507779,68.03543602279564,67.95870236170026,422.70351999249,0.0
2661,4.0,4.278661734370925,0.27866173437092456,68.04324739823707,67.9575705909139,422.5798198929223,0.0
2662,4.0,4.278117732954007,0.27811773295400677,68.05097321689509,67.95746373056207,422.46013958120034,0.0
2663,4.0,4.2776069134538925,0.27760691345389255,68.05859482978718,67.95770125979483,422.3477592911752,0.0
2664,4.0,4.277065803843786,0.27706580384378565,68.06602643512818,67.95813658325295,422.22871517695165,0.0
2665,4.0,4.2765196311338585,0.27651963113385847,68.0732389602741,67.95861796969709,422.10855718076766,0.0
2666,4.0,4.275995637041132,0.27599563704113184,68.08020820112138,67.95907819195513,421.9932784803678,0.0
2667,4.0,4.275471342491778,0.2754713424917776,68.08691241875951,67.95770470025496,421.87793367950985,0.0
2668,4.0,4.284743533145365,0.28474353314536494,68.09333270989231,67.95743867903217,423.9178156232991,0.0
2669,4.0,4.2842114408060255,0.28421144080602545,68.10032865171773,67.9575195926024,423.8007553086444,0.0
2670,4.0,4.283590675019286,0.28359067501928603,68.10861613054051,67.95785045976587,423.66418683556174,0.0
2671,4.0,4.28290483618829,0.28290483618829043,68.11766109476382,67.9583125840105,423.5133022927427,0.0
2672,4.0,4.282204029847981,0.2822040298479811,68.12708577985882,67.95675598776893,423.35912489787466,0.0
2673,4.0,4.281481265566456,0.28148126556645625,68.13665510718667,67.95663609403451,423.2001167559392,0.0
2674,4.0,4.280730982200856,0.2807309822008559,68.14618975209008,67.95697487038859,423.0350544155071,0.0
2675,4.0,4.279998313288232,0.27999831328823177,68.15555954492477,67.9575591867786,422.87386725472976,0.0
2676,4.0,4.279287970854094,0.27928797085409407,68.16468000114435,67.9582568712099,422.71759191921944,0.0
2677,4.0,4.278589844341096,0.2785898443410959,68.17349690321056,67.9565756506716,422.56400408635983,0.0
2678,4.0,4.287530758130126,0.2875307581301261,68.1819857307486,67.95646761002699,424.5310051199465,0.0
2679,4.0,4.286793242467326,0.2867932424673256,68.19097971213846,67.95680401483621,424.3687516741304,0.0
2680,4.0,4.285952042159899,0.28595204215989867,68.20116533990995,67.95741527493082,424.1836876064965,0.0
2681,4.0,4.285064692712909,0.2850646927129086,68.2120012538091,67.9581153235734,423.9884707281587,0.0
2682,4.0,4.284218328632555,0.28421832863255503,68.22310495788125,67.9562554585218,423.8022706304809,0.0
2683,4.0,4.283320707720494,0.28332070772049356,68.23421582477066,67.95612252612797,423.60479402982736,0.0
2684,4.0,4.282394312758397,0.282394312758397,68.24520786045997,67.95649793349972,423.4009871381661,0.0
2685,4.0,4.28147140444035,0.28147140444035035,68.25593496599186,67.95718836464548,423.19794730819586,0.0
2686,4.0,4.280586712849248,0.28058671284924763,68.266316679851,67.95798234386551,423.00331515815327,0.0
2687,4.0,4.289547325529452,0.28954732552945206,68.27630158398777,67.95617213246709,424.97464994779824,0.0
2688,4.0,4.2886571684575605,0.2886571684575605,68.28670746121708,67.95608179701917,424.7788153919821,0.0
2689,4.0,4.287665285706299,0.2876652857062991,68.29824295614476,67.9564972449496,424.5606011867046,0.0
2690,4.0,4.286614053469382,0.28661405346938196,68.31037325079082,67.95721126103177,424.3293300945828,0.0
2691,4.0,4.285586488894472,0.2855864888944719,68.32270757475104,67.95800999115234,424.1032658881026,0.0
2692,4.0,4.2845343730053,0.28453437300530027,68.3349900567593,67.95876598559732,423.87180039248483,0.0
2693,4.0,4.283494245016848,0.28349424501684783,68.34702437606917,67.95682897446585,423.6429722350253,0.0
2694,4.0,4.282471111652515,0.28247111165251493,68.3587082845711,67.95648777604018,423.41788289487204,0.0
2695,4.0,4.2814526618538835,0.2814526618538835,68.36995532180407,67.95663805443397,423.1938239391731,0.0
2696,4.0,4.280442247648608,0.28044224764860815,68.38073645408909,67.95712571186111,422.97153281401256,0.0
2697,4.0,4.28966720463299,0.2896672046329902,68.39097482597279,67.95777097766444,425.00102335057665,0.0
2698,4.0,4.288686567283856,0.28868656728385567,68.40158420043451,67.95591891043318,424.78528313376705,0.0
2699,4.0,4.287596919288866,0.2875969192888661,68.41328793769837,67.95581319141549,424.54556057486934,0.0
2700,4.0,4.286498349213456,0.2864983492134563,68.4255533326138,67.95626756015504,424.3038751582792,0.0
2701,4.0,4.2853824782524885,0.2853824782524885,68.43797793540011,67.95704897622375,424.0583835468663,0.0
2702,4.0,4.284254342055502,0.28425434205550193,68.45029424743343,67.95793581525814,423.81019358352927,0.0
2703,4.0,4.283151364294754,0.2831513642947536,68.46224857652965,67.95620268246647,423.56753847616466,0.0
2704,4.0,4.282016591364522,0.2820165913645223,68.47391372155181,67.95612347814138,423.3178884315138,0.0
2705,4.0,4.280945023990555,0.2809450239905553,68.48510040197424,67.95653326041828,423.08214360924103,0.0
2706,4.0,4.290083439374678,0.29008343937467806,68.49570846501238,67.95720893058203,425.09259499374804,0.0
2707,4.0,4.288993045985854,0.28899304598585385,68.50661011554776,67.95798042211968,424.8527084482067,0.0
2708,4.0,4.287806233531257,0.2878062335312572,68.51870834686166,67.95617518034703,424.59160970819545,0.0
2709,4.0,4.2866136610574825,0.28661366105748254,68.53123354000424,67.95602958751887,424.329243763965,0.0
2710,4.0,4.285386911957399,0.2853869119573993,68.54384408071054,67.95640288757609,424.05935896194666,0.0
2711,4.0,4.284156412113808,0.28415641211380827,68.55636659703505,67.957097838409,423.78864899635664,0.0
2712,4.0,4.282960385320554,0.28296038532055423,68.56852957576007,67.95790266836573,423.52552310184075,0.0
2713,4.0,4.281777850727015,0.281777850727015,68.5801613146964,67.95616385486849,423.2653654912621,0.0
2714,4.0,4.280601795317979,0.28060179531797935,68.59137083118482,67.95610801005536,423.0066333012743,0.0
2715,4.0,4.289657501936609,0.2896575019366088,68.60194977846524,67.95653319997888,424.99888875737275,0.0
2716,4.0,4.2884856028388,0.28848560283879987,68.61280217223144,67.9572476763689,424.7410709558548,0.0
2717,4.0,4.2872768105265235,0.28727681052652354,68.62474031703105,67.95805273790062,424.47513664715405,0.0
2718,4.0,4.2860174533268,0.2860174533268003,68.63702394096592,67.95876625927556,424.19807806321495,0.0
2719,4.0,4.284759151777023,0.28475915177702316,68.64948316477572,67.9569132191167,423.921251722264,0.0
2720,4.0,4.283478391216552,0.28347839121655216,68.66168193641357,67.95657670147276,423.6394843989604,0.0
2721,4.0,4.282253209458601,0.28225320945860144,68.67358977836793,67.95672331106157,423.3699444122112,0.0
2722,4.0,4.281019720733318,0.28101972073331805,68.68491875315418,67.95719783749102,423.0985768926489,0.0
2723,4.0,4.270428087199864,0.2704280871998641,68.69579563363857,67.95780989569843,420.76841751528906,0.0
2724,4.0,4.269296114742572,0.26929611474257165,68.70514791572482,67.95601550504297,420.5193835746847,0.0
2725,4.0,4.278424453100663,0.278424453100663,68.71234784423879,67.95590793501573,422.5276180134648,0.0
2726,4.0,4.277480119722764,0.2774801197227639,68.71875939293793,67.95635741628175,422.319864670327,0.0
2727,4.0,4.276486676667865,0.2764866766678651,68.72558676988687,67.95712290144,422.10130719824923,0.0
2728,4.0,4.275515881346674,0.27551588134667426,68.73238969461619,67.95796864563206,421.88773222758726,0.0
2729,4.0,4.274544440930908,0.27454444093090835,68.73904665200327,67.95626830558277,421.67401533611877,0.0
2730,4.0,4.273557477740034,0.2735574777400336,68.74532027533182,67.95619175945555,421.4568834341263,0.0
2731,4.0,4.2726171606826195,0.27261716068261954,68.75127650092594,67.95657912771638,421.25001368149526,0.0
2732,4.0,4.271684900823003,0.27168490082300334,68.75673152930815,67.95723711655525,421.0449165123797,0.0
2733,4.0,4.270811586449815,0.27081158644981507,68.76168403228792,67.95798138242215,420.8527873502783,0.0
2734,4.0,4.280057875526265,0.28005787552626504,68.76617802240425,67.95617891339775,422.88697094709727,0.0
2735,4.0,4.279165767593914,0.27916576759391365,68.77093561208488,67.95603179935283,422.69070720198,0.0
2736,4.0,4.278203495418869,0.278203495418869,68.77695140815202,67.9564113395109,422.47900732347017,0.0
2737,4.0,4.2772239735028235,0.27722397350282346,68.78342439838849,67.95711769569229,422.26351250194017,0.0
2738,4.0,4.276198801888978,0.2761988018889783,68.79006446903271,67.9579203556595,422.03797474689424,0.0
2739,4.0,4.275168716758829,0.27516871675882904,68.79675868612232,67.95621243158016,421.8113560182614,0.0
2740,4.0,4.264358110282611,0.26435811028261114,68.80314466806493,67.95615003596843,419.43302259349343,0.0
2741,4.0,4.263435416961893,0.2634354169618929,68.80817368703421,67.95658222741851,419.23003006293544,0.0
2742,4.0,4.262621693820664,0.26262169382066425,68.8112121604751,67.95727089599261,419.05101097186514,0.0
2743,4.0,4.27200248983712,0.27200248983711983,68.81293481410137,67.95805602753732,421.1147860954854,0.0
2744,4.0,4.271307605363616,0.2713076053636163,68.81414722192686,67.95628914725961,420.9619115113146,0.0
2745,4.0,4.270551833037354,0.270551833037354,68.81604455084108,67.95617766471048,420.7956415995369,0.0
2746,4.0,4.269779001578437,0.2697790015784367,68.818301376311,67.95655256303569,420.6256186785751,0.0
2747,4.0,4.269028450723531,0.269028450723531,68.82059591276156,67.95724528493069,420.46049749049587,0.0
2748,4.0,4.268247617936595,0.2682476179365949,68.82277827128691,67.95804001939014,420.28871427736993,0.0
2749,4.0,4.267515156689306,0.26751515668930637,68.82470142051757,67.95873956179757,420.1275728029665,0.0
2750,4.0,4.266782452919037,0.2667824529190366,68.82631171129435,67.95687868099634,419.9663779735071,0.0
2751,4.0,4.266080417728426,0.2660804177284257,68.82750823300216,67.95656957612952,419.8119302315727,0.0
2752,4.0,4.255763068208609,0.2557630682086094,68.8284008845938,67.95670215517988,417.5421133372131,0.0
2753,4.0,4.265274031638833,0.2652740316388327,68.82803761977645,67.95717325452101,419.63452529186225,0.0
2754,4.0,4.264741742794822,0.264741742794822,68.82646756685621,67.9578131251622,419.5174217461799,0.0
2755,4.0,4.2641852184862445,0.26418521848624454,68.82523811802706,67.9560177082982,419.3949863982928,0.0
2756,4.0,4.263609249508768,0.2636092495087681,68.82395926605697,67.9559128003365,419.268273223248,0.0
2757,4.0,4.2630707748040155,0.26307077480401553,68.82256843822466,67.95636758562821,419.14980878820245,0.0
2758,4.0,4.262534867153039,0.26253486715303875,68.82090666392837,67.95712707762188,419.03190910498756,0.0
2759,4.0,4.262042886041336,0.2620428860413364,68.8190350243833,67.95799515851702,418.92367326041307,0.0
2760,4.0,4.261545893484007,0.2615458934840067,68.81688013776915,67.95627947719487,418.8143348978005,0.0
2761,4.0,4.261087537075721,0.26108753707572063,68.81445933508508,67.95616221593977,418.7134964879776,0.0
2762,4.0,4.27079845601571,0.27079845601570973,68.81174784127336,67.95653989078153,420.8498986547752,0.0
2763,4.0,4.260774659815972,0.26077465981597214,68.80961301420632,67.95720911547456,418.6446634908329,0.0
2764,4.0,4.260248718103442,0.2602487181034423,68.80799158911486,67.95797071432837,418.5289563140763,0.0
2765,4.0,4.2597892385656095,0.25978923856560954,68.8055864280528,67.95617342960765,418.4278708157531,0.0
2766,4.0,4.259365181770063,0.25936518177006285,68.80268371417603,67.95605202932192,418.3345783207329,0.0
2767,4.0,4.25894568370102,0.25894568370102,68.79912576772006,67.9564484425735,418.2422887455434,0.0
2768,4.0,4.258565215058414,0.2585652150584137,68.79527400612483,67.95713918995983,418.15858564417005,0.0
2769,4.0,4.25819333147596,0.2581933314759599,68.79101679686661,67.95793714880236,418.0767712560302,0.0
2770,4.0,4.2579063880331836,0.25790638803318355,68.78636146912231,67.9561766797554,418.01364369861943,0.0
2771,4.0,4.267718988448793,0.2677189884487934,68.78143501578377,67.95611378124664,420.1724157900536,0.0
2772,4.0,4.2576539158220505,0.25765391582205055,68.77702619115409,67.95654724246012,417.9580998121702,0.0
2773,4.0,4.257300508695961,0.2573005086959608,68.77326143574572,67.95726314998322,417.8803502444304,0.0
2774,4.0,4.256992004891033,0.2569920048910328,68.7687971788068,67.95806546893374,417.81247940734625,0.0
2775,4.0,4.256704535389809,0.256704535389809,68.76373236803492,67.95877988288663,417.749236117077,0.0
2776,4.0,4.25646720268203,0.25646720268203005,68.75823465312276,67.95689511252085,417.6970229213656,0.0
2777,4.0,4.256241520401396,0.2562415204013959,68.75238357791876,67.95656870522863,417.64737281962607,0.0
2778,4.0,4.2560731239059475,0.2560731239059475,68.74624302847475,67.95671156959851,417.61032559062744,0.0
2779,4.0,4.255872784405016,0.2558727844050157,68.73982211783313,67.95716599793995,417.56625090042246,0.0
2780,4.0,4.255727654702626,0.2557276547026257,68.73335760134971,67.95778371402263,417.5343223658967,0.0
2781,4.0,4.2555770176619685,0.2555770176619685,68.72656923158893,67.9559776906528,417.5011822169521,0.0
2782,4.0,4.255452862311357,0.25545286231135744,68.71970681486516,67.9558790633409,417.47386803981766,0.0
2783,4.0,4.255336827565165,0.2553368275651646,68.71267525334689,67.95634874684568,417.44834039565524,0.0
2784,4.0,4.2552330864060135,0.2552330864060135,68.70564843661647,67.95711429921737,417.425517340642,0.0
2785,4.0,4.255132269399282,0.25513226939928213,68.69842823011425,67.95796963880989,417.4033375991611,0.0
2786,4.0,4.255060760321771,0.25506076032177116,68.69115754645628,67.95624329805884,417.3876056021087,0.0
2787,4.0,4.254969778695522,0.2549697786955223,68.68380557643967,67.95616246921237,417.3675896443339,0.0
2788,4.0,4.254891072755442,0.2548910727554423,68.67638990576039,67.95654757240854,417.35027433751634,0.0
2789,4.0,4.254812390239192,0.25481239023919233,68.66901796244025,67.95721310783509,417.33296418394133,0.0
2790,4.0,4.254749954745684,0.25474995474568374,68.66158908190172,67.95796139323963,417.31922837536945,0.0
2791,4.0,4.254729283529669,0.2547292835296693,68.65397464148143,67.95617367195483,417.31468070784626,0.0
2792,4.0,4.254692112493676,0.25469211249367607,68.64643707736307,67.95605147053287,417.3065030799278,0.0
2793,4.0,4.254697684202581,0.254697684202581,68.63871527279134,67.9564467945262,417.30772885588686,0.0
2794,4.0,4.254672954837341,0.254672954837341,68.63112802426785,67.95714907424373,417.30228839553405,0.0
2795,4.0,4.254671957961313,0.25467195796131303,68.62348632757757,67.95794690720979,417.3020690828079,0.0
2796,4.0,4.254681877007415,0.25468187700741485,68.61572870095054,67.95622981516831,417.3042512729503,0.0
2797,4.0,4.254636035127899,0.25463603512789934,68.6081174080097,67.9561653499086,417.29416605945687,0.0
2798,4.0,4.254660330298112,0.25466033029811186,68.60045153740917,67.95658004946671,417.2995109969036,0.0
2799,4.0,4.264853053033396,0.2648530530333959,68.59260572896616,67.95728314005633,419.5419099986661,0.0
2800,4.0,4.254653911375959,0.25465391137595894,68.58586216641143,67.95808052043053,417.29809883402993,0.0
2801,4.0,4.2545293812454315,0.25452938124543145,68.57979051046904,67.95880287773328,417.2707022053139,0.0
2802,4.0,4.2545138086079834,0.25451380860798345,68.57317963687069,67.95689992400442,417.26727622507536,0.0
2803,4.0,4.254514167321512,0.25451416732151166,68.56609559570859,67.95654913548796,417.26735514205154,0.0
2804,4.0,4.254534631560947,0.25453463156094713,68.55877714074326,67.95667638284161,417.2718572747273,0.0
2805,4.0,4.254590500892301,0.2545905008923013,68.55129419104915,67.95713163959199,417.28414852762523,0.0
2806,4.0,4.254647136475062,0.25464713647506176,68.54362802289526,67.95775611687772,417.2966083558325,0.0
2807,4.0,4.254687670286152,0.2546876702861516,68.53600598183752,67.95597525138366,417.3055257942723,0.0
2808,4.0,4.254759928103579,0.25475992810357884,68.52823422430394,67.95589992616424,417.3214225141063,0.0
2809,4.0,4.2547963366710695,0.2547963366710695,68.5204698258391,67.956369027136,417.3294323989542,0.0
2810,4.0,4.2548567984474595,0.25485679844745945,68.5127246228933,67.95713368500645,417.34273398976,0.0
2811,4.0,4.254949466580074,0.254949466580074,68.50498160261657,67.95798032670947,417.3631209789352,0.0
2812,4.0,4.255021471783555,0.2550214717835546,68.49728571906869,67.9562808709993,417.37896212370094,0.0
2813,4.0,4.2551573675145375,0.25515736751453755,68.48948334743116,67.95618788488902,417.4088591845172,0.0
2814,4.0,4.255245652298336,0.25524565229833573,68.48169291727844,67.9565803258713,417.4282818369528,0.0
2815,4.0,4.255319101234396,0.25531910123439605,68.47405601775633,67.95721823265647,417.44444060288606,0.0
2816,4.0,4.25545554301618,0.25545554301618,68.46642928786244,67.95796110133566,417.4744577948785,0.0
2817,4.0,4.255544100884875,0.2555441008848751,68.45882951592444,67.95618752697533,417.49394052599143,0.0
2818,4.0,4.255613628540489,0.2556136285404893,68.45135108575211,67.95605193417447,417.50923661022654,0.0
2819,4.0,4.255721934120325,0.2557219341203254,68.4438557540966,67.95644436770851,417.53306383779045,0.0
2820,4.0,4.255836427316512,0.25583642731651235,68.43635798261347,67.95712895804772,417.5582523409516,0.0
2821,4.0,4.255957447360303,0.255957447360303,68.42897368075349,67.95791943047044,417.5848767505855,0.0
2822,4.0,4.2560829418317105,0.25608294183171054,68.42162374170185,67.95620679729201,417.61248553429516,0.0
2823,4.0,4.2561564453068765,0.25615644530687653,68.41426236208602,67.95613450344378,417.6286562988317,0.0
2824,4.0,4.256309445594916,0.2563094455949164,68.40710694893546,67.95656294692795,417.66231636220044,0.0
2825,4.0,4.256431954679408,0.2564319546794076,68.3999258148946,67.95727752528067,417.6892683607885,0.0
2826,4.0,4.256510893505146,0.2565108935051459,68.39283579907115,67.95806963606118,417.7066349024509,0.0
2827,4.0,4.256610141575979,0.2566101415759787,68.38574687445096,67.95629536670315,417.7284694780341,0.0
2828,4.0,4.25676106562735,0.2567610656273498,68.3787412293647,67.95616665705268,417.76167276933575,0.0
2829,4.0,4.256852404628314,0.25685240462831427,68.3717765533828,67.95655159253063,417.7817673495479,0.0
2830,4.0,4.256992095110253,0.25699209511025334,68.364905026999,67.95722522218584,417.8124992555745,0.0
2831,4.0,4.257117294095396,0.2571172940953961,68.35800262928622,67.95801491591608,417.8400430323059,0.0
2832,4.0,4.257274153357968,0.2572741533579679,68.35125038098812,67.95874829297547,417.87455207007173,0.0
2833,4.0,4.257383838730018,0.2573838387300178,68.34455131361625,67.95691053558363,417.89868285192273,0.0
2834,4.0,4.257517194381239,0.2575171943812391,68.33791697925666,67.9565965369677,417.9280210951914,0.0
2835,4.0,4.257667296819869,0.2576672968198688,68.33132716041695,67.95674507399754,417.96104363168996,0.0
2836,4.0,4.257786072959206,0.2577860729592061,68.32481958964831,67.95721284085484,417.98717438234416,0.0
2837,4.0,4.2579224778181395,0.2579224778181395,68.31839589882047,67.95783454909999,418.0171834513095,0.0
2838,4.0,4.258056696420173,0.2580566964201729,68.31209195093643,67.9560180437025,418.0467115437569,0.0
2839,4.0,4.258169511924472,0.25816951192447224,68.30572607622346,67.95590998800789,418.0715309547027,0.0
2840,4.0,4.2583224226896155,0.25832242268961547,68.29955291536159,67.95635119674459,418.10517132303426,0.0
2841,4.0,4.258478556008334,0.2584785560083338,68.29335310701326,67.95709100982457,418.1395206531523,0.0
2842,4.0,4.258589889155436,0.2585898891554361,68.28724531921137,67.95795403183435,418.16401394551485,0.0
2843,4.0,4.258709589697168,0.25870958969716806,68.28132212949873,67.95625266007137,418.19034806469585,0.0
2844,4.0,4.258871213652457,0.2588712136524567,68.2753567762525,67.95617630281943,418.22590533485936,0.0
2845,4.0,4.259007955129713,0.25900795512971264,68.26951423162271,67.95658772347721,418.25598845985564,0.0
2846,4.0,4.259037153279806,0.2590371532798059,68.26369485721067,67.95725637477302,418.2624120528762,0.0
2847,4.0,4.259192878710361,0.259192878710361,68.25800957604606,67.95799462031036,418.2966716475983,0.0
2848,4.0,4.259330053909661,0.259330053909661,68.25234546317546,67.95620095303083,418.3268501914443,0.0
2849,4.0,4.259401198082249,0.2594011980822488,68.24677548418157,67.95606119995244,418.3425019094136,0.0
2850,4.0,4.259557619864066,0.2595576198640659,68.241282635168,67.95642521369194,418.3769147014134,0.0
2851,4.0,4.259699252756553,0.2596992527565529,68.23577280529773,67.95710641574055,418.40807393776055,0.0
2852,4.0,4.25982589733565,0.2598258973356504,68.23044135332557,67.95790737120375,418.435935745162,0.0
2853,4.0,4.259989004627694,0.2599890046276938,68.22505655415509,67.95617662702114,418.47181934941153,0.0
2854,4.0,4.260077233458398,0.2600772334583983,68.21979213988635,67.95611445101183,418.49122969216654,0.0
2855,4.0,4.260180142872338,0.26018014287233804,68.2146550379745,67.95653590198224,418.5138697632333,0.0
2856,4.0,4.2603181604837355,0.26031816048373546,68.20944883995969,67.9572389339,418.5442336377407,0.0
2857,4.0,4.260412376294972,0.2604123762949717,68.20445445916798,67.95803601829432,418.5649611162127,0.0
2858,4.0,4.260587096571696,0.26058709657169565,68.19944423657128,67.9587429160576,418.603399577092,0.0
2859,4.0,4.260720323891688,0.26072032389168776,68.19448422441168,67.95689884917806,418.63270958749024,0.0
2860,4.0,4.260827041646957,0.2608270416469569,68.18962989512089,67.95657187799874,418.65618749364944,0.0
2861,4.0,4.261020191878781,0.26102019187878067,68.18486377762756,67.95671386711288,418.69868054465064,0.0
2862,4.0,4.261128501581603,0.26112850158160317,68.18010521384934,67.95719005917198,418.7225086792716,0.0
2863,4.0,4.261278799181896,0.26127879918189567,68.17555171595296,67.95780796392226,418.75557415133596,0.0
2864,4.0,4.251137000358918,0.25113700035891817,68.17097978695764,67.95600473569462,416.5243784102809,0.0
2865,4.0,4.261524584153501,0.2615245841535012,68.16557137184081,67.95590543431304,418.80964684508916,0.0
2866,4.0,4.261801760524755,0.26180176052475534,68.15949175650375,67.95635819761216,418.87062564676506,0.0
2867,4.0,4.26197735291678,0.26197735291678015,68.15404432514677,67.9571173774715,418.90925597301054,0.0
2868,4.0,4.262177090486356,0.2621770904863556,68.14899997699372,67.95795102172173,418.95319823831716,0.0
2869,4.0,4.262311642501462,0.2623116425014622,68.14438206353343,67.95625943752951,418.9827996816406,0.0
2870,4.0,4.262414215227832,0.2624142152278317,68.13996576576614,67.95618318389366,419.00536568144184,0.0
2871,4.0,4.2625602899671025,0.26256028996710246,68.13582285499344,67.95656842807139,419.0375021240814,0.0
2872,4.0,4.262666802198358,0.2626668021983578,68.1317226009235,67.95722080599415,419.0609348149576,0.0
2873,4.0,4.262838613639526,0.2628386136395262,68.12783052483496,67.95797093565491,419.09873333201466,0.0
2874,4.0,4.262861529572464,0.2628615295724641,68.12397145238683,67.95619483139929,419.10377483726097,0.0
2875,4.0,4.262976589751998,0.26297658975199756,68.12025444832166,67.95605228784645,419.1290880767583,0.0
2876,4.0,4.263100535605385,0.2631005356053846,68.11667179762448,67.95643540023882,419.15635616450345,0.0
2877,4.0,4.263182045470248,0.2631820454702476,68.11312823490695,67.95713614900241,419.17428833477334,0.0
2878,4.0,4.263318458613291,0.2633184586132913,68.10964746710782,67.95793751714781,419.20429922624294,0.0
2879,4.0,4.2634195181096874,0.26341951810968744,68.1061655715841,67.95620174864825,419.2265323154501,0.0
2880,4.0,4.263534940472088,0.2635349404720877,68.1028361091704,67.9561340452372,419.25192523517813,0.0
2881,4.0,4.2636316976303865,0.2636316976303865,68.09956821184994,67.95656465935569,419.2732118100039,0.0
2882,4.0,4.2637668593537335,0.26376685935373345,68.09634536556288,67.95726943387336,419.30294738914023,0.0
2883,4.0,4.26376469210931,0.2637646921093104,68.09314229366184,67.95806176825583,419.30247059536714,0.0
2884,4.0,4.263872995463762,0.2638729954637622,68.09011171085818,67.9563028805809,419.32629733334653,0.0
2885,4.0,4.263960313050025,0.263960313050025,68.0869786365526,67.95618204653243,419.34550720232437,0.0
2886,4.0,4.264050962064321,0.26405096206432077,68.0840433543644,67.95657853096381,419.36544998546947,0.0
2887,4.0,4.264155942843573,0.2641559428435727,68.0810638542769,67.95724927174874,419.3885457569049,0.0
2888,4.0,4.264280404369263,0.2642804043692628,68.07812855086694,67.95801553828592,419.4159272925567,0.0
2889,4.0,4.264362487469149,0.2643624874691488,68.0752993243146,67.95873770244022,419.4339855745316,0.0
2890,4.0,4.264452900429578,0.26445290042957836,68.0724737001818,67.95689279662813,419.45387642582614,0.0
2891,4.0,4.264553705896387,0.26455370589638694,68.06976368245314,67.9565831300012,419.476053628524,0.0
2892,4.0,4.254379372012795,0.2543793720127949,68.06706138750987,67.95674801853518,417.2377001741338,0.0
2893,4.0,4.264757767316748,0.26475776731674827,68.06346875505649,67.95721314081581,419.52094714100355,0.0
2894,4.0,4.264946714760723,0.26494671476072273,68.05921022713858,67.95784593312321,419.5625155786779,0.0
2895,4.0,4.265091180603494,0.2650911806034939,68.05569388449517,67.95602880946305,419.5942980640876,0.0
2896,4.0,4.26520495125497,0.2652049512549697,68.05241839936717,67.95594508151339,419.61932760741223,0.0
2897,4.0,4.265352710720851,0.2653527107208511,68.04953613987215,67.9563932032434,419.65183468990614,0.0
2898,4.0,4.265451067598777,0.2654510675987769,68.04684939556883,67.95713429136224,419.6734732030498,0.0
2899,4.0,4.265530992221826,0.26553099222182563,68.04441414980361,67.95798845848839,419.69105662012055,0.0
2900,4.0,4.265620220310194,0.2656202203101943,68.04205353963489,67.95624213234514,419.71068679956164,0.0
2901,4.0,4.265689088264229,0.2656890882642289,68.03986968981386,67.95616304879864,419.7258377494493,0.0
2902,4.0,4.265721297697874,0.26572129769787356,68.03769119892827,67.9565564774038,419.7329238248511,0.0
2903,4.0,4.265758466953461,0.2657584669534607,68.03567231924771,67.9572124131909,419.7411010610803,0.0
2904,4.0,4.265859290090171,0.2658592900901713,68.03356712880588,67.95796226262132,419.76328215115666,0.0
2905,4.0,4.2659194538998095,0.26591945389980953,68.0316006161629,67.9561669062388,419.77651818927706,0.0
2906,4.0,4.265993431033353,0.26599343103335293,68.02962030699577,67.95604589490408,419.7927931586566,0.0
2907,4.0,4.266001233715172,0.2660012337151718,68.02777202181295,67.95644484787184,419.79450974865676,0.0
2908,4.0,4.266142884145722,0.2661428841457223,68.02589995667573,67.95712885255135,419.82567284337784,0.0
2909,4.0,4.266207435286425,0.2662074352864252,68.02410897500847,67.95794066174146,419.83987409433246,0.0
2910,4.0,4.266256403716802,0.2662564037168016,68.02233996805062,67.9562004611722,419.8506471490153,0.0
2911,4.0,4.266210722662568,0.26621072266256807,68.0206375834164,67.95612249633807,419.8405973170839,0.0
2912,4.0,4.266308827455167,0.26630882745516704,68.01889568779285,67.95654273427347,419.8621803714557,0.0
2913,4.0,4.2663666895153405,0.2663666895153405,68.01712793308248,67.95726124044452,419.87491002469386,0.0
2914,4.0,4.266357185219808,0.26635718521980767,68.01554005233402,67.95804853598347,419.8728190796766,0.0
2915,4.0,4.266478038865287,0.2664780388652872,68.01398579613945,67.9587582248737,419.8994068816821,0.0
2916,4.0,4.266544771023796,0.2665447710237956,68.01232492644388,67.95688292824096,419.914087956554,0.0
2917,4.0,4.266588208154438,0.2665882081544382,68.01075138710266,67.95655526668128,419.92364412529537,0.0
2918,4.0,4.26667354773194,0.26667354773193974,68.00925227064393,67.95669851977898,419.9424188323457,0.0
2919,4.0,4.266733621334032,0.26673362133403167,68.00772463778718,67.95716381639592,419.95563502480593,0.0
2920,4.0,4.256463924836164,0.2564639248361642,68.00620756589214,67.95779221534796,417.6963017952751,0.0
2921,4.0,4.266807800484097,0.2668078004840968,68.00399337613456,67.95599366332007,419.9719544378203,0.0
2922,4.0,4.267002230663976,0.26700223066397566,68.00091919686483,67.95588818965886,420.0147290773936,0.0
2923,4.0,4.267125476940872,0.26712547694087174,67.99836327762038,67.95634951576251,420.04184325831073,0.0
2924,4.0,4.267143227646911,0.267143227646911,67.99635601341016,67.95709690805843,420.0457484136394,0.0
2925,4.0,4.2672836631989535,0.26728366319895347,67.99466756936472,67.95795580049116,420.07664423508874,0.0
2926,4.0,4.267368774253384,0.26736877425338434,67.99307571408322,67.95624536228323,420.09536866706355,0.0
2927,4.0,4.267409840742467,0.26740984074246743,67.99172307193707,67.9561718558807,420.10440329466184,0.0
2928,4.0,4.2674994588643385,0.26749945886433846,67.99047584718794,67.9565589365266,420.12411928147344,0.0
2929,4.0,4.26751342189907,0.26751342189906957,67.98923046101896,67.95722777784374,420.1271911491143,0.0
2930,4.0,4.267466058171947,0.267466058171947,67.98826531458236,67.9579922366091,420.11677112914737,0.0
2931,4.0,4.267548396211887,0.267548396211887,67.98718162435364,67.9561996943371,420.13488549793414,0.0
2932,4.0,4.267545533420069,0.26754553342006915,67.98617444722868,67.95606762610706,420.13425568373424,0.0
2933,4.0,4.26764442750664,0.26764442750663964,67.98517199391294,67.95644267096807,420.15601238277975,0.0
2934,4.0,4.267728829310037,0.2677288293100366,67.98427836940272,67.95712534415024,420.1745807795271,0.0
2935,4.0,4.267675291426037,0.26767529142603674,67.98331835169509,67.95792143511946,420.16280244504713,0.0
2936,4.0,4.267755406202887,0.2677554062028866,67.98248461290406,67.95628064081133,420.1804276959541,0.0
2937,4.0,4.267787267022061,0.2677872670220607,67.98162434323845,67.95621956314258,420.1874370761724,0.0
2938,4.0,4.267756715777662,0.26775671577766236,67.98082708412575,67.95665016999179,420.18071580240473,0.0
2939,4.0,4.267855327515003,0.26785532751500263,67.97999665632551,67.95734112616688,420.2024103846196,0.0
2940,4.0,4.267856248557238,0.267856248557238,67.9791284450359,67.95811614632352,420.2026130139114,0.0
2941,4.0,4.267799219072904,0.26779921907290394,67.97838801321335,67.95661575516256,420.1900665273579,0.0
2942,4.0,4.267937154818849,0.26793715481884917,67.97759604077193,67.95654012731026,420.22041239146586,0.0
2943,4.0,4.267960919549019,0.2679609195490187,67.97677590412766,67.95691031738775,420.22564063210314,0.0
2944,4.0,4.2679503776041,0.2679503776040999,67.97610178113077,67.95753769635185,420.223321404221,0.0
2945,4.0,4.267995301032706,0.2679953010327063,67.97539393032947,67.9582157581969,420.2332045585144,0.0
2946,4.0,4.2680710569713485,0.2680710569713485,67.9746712494355,67.95884900413293,420.2498708650157,0.0
2947,4.0,4.2681162907613155,0.2681162907613155,67.97398543793958,67.95743755299121,420.25982229880844,0.0
2948,4.0,4.257728104080851,0.2577281040808508,67.97324004220162,67.95719751200035,417.9744212291062,0.0
2949,4.0,4.267792143548843,0.26779214354884306,67.97177852428922,67.95732148822518,420.1885099120645,0.0
2950,4.0,4.268005305528438,0.2680053055284377,67.96944132875038,67.95769408781761,420.2354055475753,0.0
2951,4.0,4.26805746067413,0.2680574606741297,67.96759509422584,67.95817565759248,420.2468796796275,0.0
2952,4.0,4.268090744898713,0.2680907448987133,67.96625865138796,67.9569980556236,420.2542022090359,0.0
2953,4.0,4.268202490278107,0.2682024902781066,67.96504631669772,67.95698772007239,420.2787861925024,0.0
2954,4.0,4.268276852342206,0.2682768523422059,67.96407658906877,67.95735439856729,420.29514584660427,0.0
2955,4.0,4.26832966918874,0.2683296691887396,67.96322392999967,67.9578984540363,420.3067655528417,0.0
2956,4.0,4.268331404358828,0.2683314043588281,67.96253351799407,67.95850125634034,420.3071472902611,0.0
2957,4.0,4.268360676863564,0.2683606768635638,67.96187277845911,67.95757069328127,420.31358724130297,0.0
2958,4.0,4.258102981685908,0.25810298168590773,67.96125851376603,67.95756444349333,418.0568943022186,0.0
2959,4.0,4.268025205594893,0.26802520559489285,67.95982555027928,67.95782320848379,420.2397835621953,0.0
2960,4.0,4.268092424140707,0.2680924241407068,67.95756305810113,67.95822034835797,420.2545716422744,0.0
2961,4.0,4.2682014489739455,0.2682014489739455,67.95595336968984,67.9586658151749,420.2785571055869,0.0
2962,4.0,4.268257121714254,0.268257121714254,67.95457994881755,67.95779834213181,420.2908051084548,0.0
2963,4.0,4.268371170531078,0.2683711705310783,67.95348934900125,67.95776848039932,420.3158958481561,0.0
2964,4.0,4.268461988548877,0.2684619885488768,67.95259771462779,67.95798468417915,420.3358758120718,0.0
2965,4.0,4.268482051666283,0.26848205166628336,67.95186690756465,67.95834668724225,420.3402896979012,0.0
2966,4.0,4.268519947680805,0.26851994768080534,67.95125799919364,67.95876096685028,420.34862682109605,0.0
2967,4.0,4.258181089780504,0.25818108978050436,67.95063192081415,67.9580938597306,418.0740780830298,0.0
2968,4.0,4.258314287269249,0.25831428726924877,67.94921789834278,67.9580948785278,418.1033815305536,0.0
2969,4.0,4.258528841374006,0.2585288413740061,67.94621389215555,67.95830638237054,418.1505834336002,0.0
2970,4.0,4.258866478349669,0.2588664783496686,67.94216983165555,67.95862070223669,418.22486356824595,0.0
2971,4.0,4.2591123837835365,0.2591123837835365,67.93741844102833,67.95896660010109,418.2789627636969,0.0
2972,4.0,4.269387438284384,0.26938743828438394,67.93237016152761,67.95923570211238,420.5394747538833,0.0
2973,4.0,4.269614700779586,0.26961470077958616,67.92788392074293,67.95864248544294,420.5894725028278,0.0
2974,4.0,4.269773731512788,0.26977373151278794,67.92496653463888,67.95854203015746,420.62445926413216,0.0
2975,4.0,4.26999293292828,0.26999293292827975,67.9230249423197,67.95858936938006,420.67268357554036,0.0
2976,4.0,4.2598043414980955,0.2598043414980955,67.92188679838584,67.95874556051837,418.4311934608998,0.0
2977,4.0,4.2599270669641776,0.25992706696417756,67.92034933044425,67.95895161857496,418.4581930634379,0.0
2978,4.0,4.260159369262424,0.260159369262424,67.91754819872065,67.95850471422283,418.5092995690521,0.0
2979,4.0,4.260429309897928,0.260429309897928,67.91391741960989,67.95849602487267,418.568686508863,0.0
2980,4.0,4.260680836529883,0.2606808365298834,67.9098364483216,67.95864487102338,418.6240223678932,0.0
2981,4.0,4.260971264222682,0.2609712642226816,67.90539484830873,67.95887386880891,418.68791646030877,0.0
2982,4.0,4.261227241702003,0.2612272417020032,67.90084314555806,67.95912726212927,418.7442315057595,0.0
2983,4.0,4.261528009117808,0.26152800911780805,67.8962224828249,67.95880568022788,418.81040033723656,0.0
2984,4.0,4.261930945794069,0.2619309457940693,67.8916484832018,67.95882913539964,418.899046406014,0.0
2985,4.0,4.262325537693893,0.26232553769389266,67.88709710107304,67.95894168724101,418.98585662397517,0.0
2986,4.0,4.252303660824524,0.2523036608245244,67.88273151166321,67.95907615459247,416.78104371271417,0.0
2987,4.0,4.262428096612705,0.2624280966127053,67.87754862135152,67.95920928589467,419.008419586114,0.0
2988,4.0,4.262798775903898,0.26279877590389766,67.87170374926015,67.95893073327737,419.0899690301763,0.0
2989,4.0,4.2631802144928255,0.26318021449282547,67.8666113558843,67.95892658005157,419.1738855197404,0.0
2990,4.0,4.263522271055297,0.26352227105529735,67.8619228472874,67.95899504614249,419.2491379634842,0.0
2991,4.0,4.263824916295723,0.26382491629572336,67.8576237677032,67.9591169513069,419.31571991637793,0.0
2992,4.0,4.2641390813751485,0.2641390813751485,67.85368767177198,67.95924924044688,419.38483623385144,0.0
2993,4.0,4.264405583428017,0.264405583428017,67.84997089759678,67.95937575081153,419.4434666854825,0.0
2994,4.0,4.264688714218991,0.2646887142189911,67.84655920438338,67.95920013758717,419.5057554594968,0.0
2995,4.0,4.254507849842335,0.25450784984233543,67.84333876673043,67.95918207163122,417.26596529663254,0.0
2996,4.0,4.254816514841491,0.25481651484149115,67.83943151167057,67.95921299308849,417.3338715964468,0.0
2997,4.0,4.255330709707642,0.2553307097076418,67.83396836888288,67.95924435056337,417.4469944669999,0.0
2998,4.0,4.255910736037229,0.2559107360372286,67.82761506749627,67.95929665724094,417.574600259509,0.0
2999,4.0,4.256503301604224,0.25650330160422374,67.82075215981509,67.95916422809844,417.70496468424795,0.0
3000,4.0,4.257098093453346,0.25709809345334644,67.81363129825482,67.95916354182177,417.83581889105494,0.0
3001,4.0,4.257675325444446,0.2576753254444464,67.80648808101502,67.95921996211212,417.9628099290969,0.0
3002,4.0,4.258287151247651,0.258287151247651,67.79938456633342,67.95929562038445,418.09741160580194,0.0
3003,4.0,4.258847921348609,0.25884792134860923,67.79248111485211,67.95939217300251,418.22078102801277,0.0
3004,4.0,4.249055975308232,0.24905597530823176,67.78576677505454,67.9593438197285,416.0665528991297,0.0
3005,4.0,4.249663558144488,0.24966355814448793,67.77830963384788,67.95935969611732,416.2002211231061,0.0
3006,4.0,4.250327429088755,0.25032742908875516,67.76958653562619,67.95939129696028,416.3462727308449,0.0
3007,4.0,4.251097709480338,0.25109770948033816,67.76002479005925,67.95941571482058,416.51573441699315,0.0
3008,4.0,4.251828254381139,0.251828254381139,67.75004026961203,67.95944380092712,416.6764542951693,0.0
3009,4.0,4.252567186698048,0.2525671866980481,67.7399621063862,67.95941320603983,416.8390194048893,0.0
3010,4.0,4.253429956465409,0.2534299564654088,67.72989508441674,67.95941142328059,417.02882875370864,0.0
3011,4.0,4.254128012157386,0.2541280121573859,67.71991160402055,67.95942432538382,417.1824010059436,0.0
3012,4.0,4.254878632869249,0.25487863286924917,67.71037786527026,67.95943907094399,417.3475375625535,0.0
3013,4.0,4.255643783661281,0.2556437836612808,67.70107174676875,67.95945972144321,417.5158707368005,0.0
3014,4.0,4.245984745191606,0.24598474519160618,67.6920722726056,67.9594722448529,415.3908822734721,0.0
3015,4.0,4.246738523822758,0.24673852382275818,67.68256988587211,67.95946173804073,415.5567135723255,0.0
3016,4.0,4.257156198881723,0.2571561988817228,67.67179724138903,67.95947298582564,417.8486020852977,0.0
3017,4.0,4.258015060817141,0.258015060817141,67.66118574763291,67.95947463630372,418.03755171108975,0.0
3018,4.0,4.25872902871333,0.25872902871333014,67.65177222877553,67.95947792295757,418.19462464825136,0.0
3019,4.0,4.259454637071776,0.25945463707177563,67.64336509015573,67.95947970527664,418.35425848710935,0.0
3020,4.0,4.260184988207952,0.26018498820795166,67.63570893377133,67.95947068035893,418.5149357370681,0.0
3021,4.0,4.260727568180002,0.26072756818000187,67.62869336964799,67.95945441666265,418.6343033309191,0.0
3022,4.0,4.261308920412976,0.2613089204129757,67.62233729002514,67.95944616006746,418.7622008221734,0.0
3023,4.0,4.251490801896694,0.25149080189669437,67.61642652091757,67.95944655420287,416.6022147485915,0.0
3024,4.0,4.252047045067531,0.2520470450675312,67.60998294300013,67.95945139752297,416.7245882461756,0.0
3025,4.0,4.252727581623223,0.2527275816232226,67.6023840738864,67.95946041732346,416.8743062884277,0.0
3026,4.0,4.253418868337227,0.25341886833722693,67.59408850417918,67.95946497808723,417.02638936550863,0.0
3027,4.0,4.254236189375138,0.25423618937513837,67.58538943202355,67.95946545117908,417.20619999384917,0.0
3028,4.0,4.254959317339375,0.2549593173393747,67.57655715023344,67.95947556408308,417.36528814598114,0.0
3029,4.0,4.255695550555649,0.2556955505556493,67.56790985517036,67.9594812185878,417.52725945356156,0.0
3030,4.0,4.256484436929543,0.2564844369295427,67.55946226848494,67.95948111337246,417.7008144558181,0.0
3031,4.0,4.257282537898646,0.25728253789864564,67.55125264418959,67.95948882530092,417.8763966690207,0.0
3032,4.0,4.247831161850472,0.24783116185047227,67.54338502450203,67.95948001276349,415.79709393842256,0.0
3033,4.0,4.248543584784891,0.24854358478489136,67.5351019172794,67.95947743785642,415.95382698399476,0.0
3034,4.0,4.249457243686682,0.24945724368668198,67.52552144864434,67.95947110162639,416.1548319423887,0.0
3035,4.0,4.250401697229675,0.250401697229675,67.5152914112513,67.95947335584655,416.36261172184714,0.0
3036,4.0,4.251301961515042,0.2513019615150416,67.5048287851396,67.95947172958206,416.5606698646278,0.0
3037,4.0,4.252208551732865,0.25220855173286516,67.49442499782499,67.95946232438264,416.760119712549,0.0
3038,4.0,4.253097155912626,0.25309715591262627,67.4841612897015,67.95946612421902,416.95561263209646,0.0
3039,4.0,4.254002323072973,0.25400232307297266,67.47423073317754,67.95946582726776,417.15474940737266,0.0
3040,4.0,4.254945799779767,0.25494579977976706,67.46468218427195,67.95946480000283,417.36231428286743,0.0
3041,4.0,4.255854649302194,0.2558546493021936,67.45555279518065,67.95947498753817,417.56226117780125,0.0
3042,4.0,4.256664233696603,0.2566642336966032,67.44692703122328,67.95947382479056,417.74036974457135,0.0
3043,4.0,4.247445217249652,0.24744521724965196,67.43882936986994,67.95947374177422,415.7121861262421,0.0
3044,4.0,4.2482844037709775,0.2482844037709775,67.4303575397941,67.95947729748964,415.8968071609337,0.0
3045,4.0,4.249282313040939,0.24928231304093895,67.42073443421874,67.95947384084693,416.1163472003252,0.0
3046,4.0,4.250262646869474,0.25026264686947375,67.41060702784658,67.95947088175237,416.33202064260286,0.0
3047,4.0,4.251313053984431,0.2513130539844308,67.40028206431117,67.95947451099731,416.56311020789343,0.0
3048,4.0,4.25225532208793,0.25225532208792956,67.39004567247163,67.95946854964104,416.77040919066314,0.0
3049,4.0,4.253212481045439,0.2532124810454386,67.38006667835852,67.95946840817798,416.9809841613151,0.0
3050,4.0,4.2541467653606455,0.2541467653606455,67.37047379388771,67.95946952413806,417.18652671066064,0.0
3051,4.0,4.255061120830881,0.25506112083088084,67.36126919381744,67.95946151705522,417.3876849141124,0.0
3052,4.0,4.255992467405009,0.2559924674050089,67.35255269718006,67.9594632563489,417.5925811604206,0.0
3053,4.0,4.25689714339075,0.2568971433907503,67.34428774990147,67.95946543676341,417.7916098772837,0.0
3054,4.0,4.257847804052345,0.25784780405234464,67.3365521227668,67.95947144545465,418.0007552228344,0.0
3055,4.0,4.258743355457828,0.25874335545782756,67.32934939001878,67.95946890634085,418.1977765320407,0.0
3056,4.0,4.2494618714883785,0.2494618714883785,67.32268929368796,67.9594700760393,416.15585005876187,0.0
3057,4.0,4.250286294371327,0.2502862943713273,67.31565777158029,67.9594702207654,416.3372230930106,0.0
3058,4.0,4.2511253930066735,0.25112539300667347,67.30754171388776,67.9594655193538,416.5218247927868,0.0
3059,4.0,4.25207135490711,0.25207135490710986,67.29887595582727,67.9594660855457,416.7299364108828,0.0
3060,4.0,4.25304903527966,0.25304903527965994,67.28997335624803,67.95946079114198,416.9450260928438,0.0
3061,4.0,4.254018091350158,0.25401809135015796,67.28112065779156,67.95946546407039,417.1582184283534,0.0
3062,4.0,4.254991209907513,0.2549912099075131,67.27249783292822,67.95947159364138,417.3723045109715,0.0
3063,4.0,4.255963564238666,0.25596356423866595,67.26419515029338,67.95947006822617,417.58622246382515,0.0
3064,4.0,4.2569263573196405,0.25692635731964053,67.25631346667286,67.95947058580002,417.79803694163957,0.0
3065,4.0,4.257877117853303,0.2578771178533028,67.24887817067206,67.95946916661686,418.00720425904524,0.0
3066,4.0,4.258816140117518,0.25881614011751797,67.24193705655523,67.95946606044907,418.2137891571726,0.0
3067,4.0,4.259766664379343,0.2597666643793426,67.23550978312201,67.95946770221254,418.422904494774,0.0
3068,4.0,4.260672725602425,0.2606727256024248,67.22962257685406,67.95946311299906,418.6222379638521,0.0
3069,4.0,4.26156226306168,0.2615622630616796,67.22425229935641,67.95946633575483,418.81793620488816,0.0
3070,4.0,4.262330298776208,0.2623302987762077,67.21943349916617,67.95946566806927,418.98690406208436,0.0
3071,4.0,4.25312374346953,0.2531237434695299,67.21512721855173,67.95946962403231,416.96146189461524,0.0
3072,4.0,4.25386339991155,0.25386339991155005,67.2104388098914,67.95947127272532,417.12418631185966,0.0
3073,4.0,4.254658521964911,0.25465852196491134,67.20465537498119,67.95947627925561,417.29911316359915,0.0
3074,4.0,4.255523623469599,0.2555236234695988,67.19826844788165,67.959473826504,417.48943549463036,0.0
3075,4.0,4.25641932018853,0.2564193201885301,67.1916540097162,67.95946714712073,417.68648877279526,0.0
3076,4.0,4.257298690461785,0.2572986904617851,67.18503972840412,67.95946487277999,417.87995023291137,0.0
3077,4.0,4.258227791489242,0.2582277914892419,67.17860850777757,67.95946869651557,418.08435245895186,0.0
3078,4.0,4.259096375708353,0.25909637570835287,67.17246547443786,67.95946573534606,418.2754409871563,0.0
3079,4.0,4.259982665435002,0.25998266543500215,67.1666901240668,67.95945919986363,418.4704247270191,0.0
3080,4.0,4.260854686402686,0.26085468640268594,67.16132700692633,67.95945729944866,418.6622693399096,0.0
3081,4.0,4.261681143312694,0.26168114331269443,67.15640776500871,67.95946412895285,418.84408986011147,0.0
3082,4.0,4.2625097774766285,0.2625097774766285,67.15195470221826,67.95946736089192,419.02638937617695,0.0
3083,4.0,4.263292375115267,0.2632923751152667,67.14797639395553,67.95947676715065,419.1985608566774,0.0
3084,4.0,4.264082457820093,0.2640824578200931,67.14445736556583,67.95947323402667,419.3723790517392,0.0
3085,4.0,4.2648523761660915,0.2648523761660915,67.14140923146446,67.95948183132852,419.54176108785884,0.0
3086,4.0,4.265575583173488,0.2655755831734883,67.1388277835307,67.9594774990581,419.70086662948614,0.0
3087,4.0,4.266305782540466,0.2663057825404662,67.13669404999472,67.95947820480525,419.8615104902213,0.0
3088,4.0,4.266986321425918,0.26698632142591805,67.13500927372004,67.95947104677447,420.0112290450207,0.0
3089,4.0,4.2676759385059695,0.2676759385059695,67.13376627581566,67.95946883363474,420.162944802632,0.0
3090,4.0,4.268341303230821,0.2683413032308213,67.13295338171673,67.95946916759942,420.30932504209943,0.0
3091,4.0,4.2689628706189415,0.26896287061894153,67.1325415675282,67.95945933638701,420.4460698674859,0.0
3092,4.0,4.269586605064731,0.2695866050647311,67.13254127814592,67.95945544722068,420.5832914455596,0.0
3093,4.0,4.270190903788098,0.27019090378809807,67.1329317656516,67.95946637205743,420.7162371647004,0.0
3094,4.0,4.270674306759017,0.27067430675901694,67.13367907378594,67.9594707024157,420.8225858183025,0.0
3095,4.0,4.271089887016129,0.2710898870161289,67.134800979703,67.95946992608044,420.91401347486715,0.0
3096,4.0,4.2714359011533585,0.27143590115335847,67.13624927565284,67.95947130314208,420.99013658505766,0.0
3097,4.0,4.271818940088092,0.2718189400880924,67.13800271592225,67.95947252369191,421.07440515069914,0.0
3098,4.0,4.272163576352637,0.27216357635263666,67.14002023330363,67.9594651282157,421.15022512889885,0.0
3099,4.0,4.272502364841214,0.2725023648412144,67.14228521388752,67.95946437513277,421.2247585963859,0.0
3100,4.0,4.2631304001865535,0.26313040018655354,67.14479036580788,67.95946979593717,419.1629263723605,0.0
3101,4.0,4.263469933308416,0.26346993330841606,67.1466676511777,67.9594703730155,419.23762365917025,0.0
3102,4.0,4.263949484505052,0.2639494845050523,67.14720691188406,67.95947624998105,419.3431249224302,0.0
3103,4.0,4.264458494325225,0.2644584943252246,67.14693158664008,67.95947199837188,419.4551070828681,0.0
3104,4.0,4.264998702926017,0.26499870292601724,67.14620841189732,67.9594793253403,419.57395297504246,0.0
3105,4.0,4.265578441206663,0.26557844120666285,67.14529297373473,67.95947099976568,419.7014953967845,0.0
3106,4.0,4.266112734887955,0.2661127348879546,67.1443260941093,67.95946969353186,419.8190400066687,0.0
3107,4.0,4.266691965062724,0.26669196506272375,67.14344570032081,67.95947130161683,419.94647064511787,0.0
3108,4.0,4.267239544098782,0.26723954409878203,67.1427200131953,67.95947228286391,420.0669380330507,0.0
3109,4.0,4.2677757670655545,0.2677757670655545,67.14221057664447,67.95946639302987,420.18490708574063,0.0
3110,4.0,4.268320937174991,0.26832093717499106,67.14194219189054,67.95946399199036,420.3048445098167,0.0
3111,4.0,4.26879962327052,0.2687996232705201,67.14193943447754,67.95945989552274,420.4101554508331,0.0
3112,4.0,4.269310331836827,0.2693103318368273,67.14221954440704,67.9594613221944,420.5225113354207,0.0
3113,4.0,4.269780380726223,0.2697803807262229,67.14277310814437,67.95946347633327,420.6259220910877,0.0
3114,4.0,4.27023057928554,0.2702305792855402,67.14361052864459,67.95946209075422,420.7249657741375,0.0
3115,4.0,4.270695640461707,0.2706956404617067,67.14472055979964,67.95947426999699,420.8272792328941,0.0
3116,4.0,4.271087303805804,0.27108730380580415,67.14610324015791,67.95948071812435,420.91344516859556,0.0
3117,4.0,4.271510774092974,0.27151077409297386,67.14774440691662,67.9594754822279,421.0066086317729,0.0
3118,4.0,4.271889050797013,0.27188905079701264,67.14964879606786,67.95948326269908,421.08982950666143,0.0
3119,4.0,4.27225128705451,0.27225128705450974,67.15179050787715,67.9594829009503,421.1695214833108,0.0
3120,4.0,4.272623253015085,0.2726232530150847,67.1541790956265,67.95948029068688,421.25135399463727,0.0
3121,4.0,4.272929629411883,0.27292962941188303,67.15678660418641,67.95947554896274,421.3187568019329,0.0
3122,4.0,4.273274339058921,0.2732743390589212,67.159610774818,67.9594725712275,421.3945929242813,0.0
3123,4.0,4.274577247581338,0.2745772475813384,67.16262755802033,67.95947190342308,421.6812327992131,0.0
3124,4.0,4.274868297740906,0.27486829774090626,67.16593224903423,67.95946102988327,421.74526383431805,0.0
3125,4.0,4.275165338141402,0.2751653381414023,67.16959419782634,67.9594577064302,421.8106127224272,0.0
3126,4.0,4.2753915379339835,0.2753915379339835,67.17354104419202,67.9594581063679,421.86037667679506,0.0
3127,4.0,4.275655227129748,0.2756552271297483,67.17773896352531,67.95945839775558,421.9183882998633,0.0
3128,4.0,4.275879421836278,0.27587942183627767,67.18214920903029,67.95946340938531,421.96771113529974,0.0
3129,4.0,4.276089248556246,0.2760892485562456,67.18675503713617,67.95947043658117,422.01387301369266,0.0
3130,4.0,4.27631414265506,0.2763141426550604,67.19152147872407,67.95947535733578,422.0633497154319,0.0
3131,4.0,4.276472703126427,0.27647270312642735,67.19645826189871,67.95947402008547,422.09823301913264,0.0
3132,4.0,4.2766689063475205,0.2766689063475205,67.20153732303444,67.9594799647498,422.14139772777315,0.0
3133,4.0,4.27683384696888,0.2768338469688798,67.20674353627275,67.9594805310967,422.1776846644722,0.0
3134,4.0,4.276989698078575,0.2769896980785749,67.21207533049879,67.95947623510281,422.21197190860516,0.0
3135,4.0,4.277161307078768,0.2771613070787682,67.21752672548406,67.95947373877286,422.2497258886477,0.0
3136,4.0,4.277274273705975,0.27727427370597457,67.22308782839718,67.9594621418007,422.27457854663305,0.0
3137,4.0,4.27743959029176,0.2774395902917597,67.22872961995049,67.95945731844267,422.3109481955058,0.0
3138,4.0,4.277571779762565,0.27757177976256475,67.2344718978096,67.9594621108345,422.34002987908286,0.0
3139,4.0,4.277697899642795,0.2776978996427948,67.24030842477532,67.95946119983397,422.36777625273345,0.0
3140,4.0,4.277845321445882,0.2778453214458816,67.24623109325248,67.95947171564902,422.4002090494125,0.0
3141,4.0,4.2779342777906875,0.27793427779068747,67.25224665483309,67.95947761570481,422.4197794452698,0.0
3142,4.0,4.278071227152906,0.278071227152906,67.25833724089642,67.95947518237278,422.4499083049579,0.0
3143,4.0,4.2781751521440645,0.2781751521440645,67.26451011004221,67.95947333999383,422.47277180301273,0.0
3144,4.0,4.278278800239482,0.27827880023948204,67.27076888596523,67.95947205863932,422.4955743840046,0.0
3145,4.0,4.278405841109369,0.27840584110936906,67.27709123291694,67.95946500244382,422.52352337537974,0.0
3146,4.0,4.278475513521963,0.278475513521963,67.28350331112337,67.95947616664769,422.5388513061504,0.0
3147,4.0,4.278594189021376,0.27859418902137634,67.28995334252104,67.95947495645652,422.56495991602134,0.0
3148,4.0,4.278675501115964,0.2786755011159636,67.29648035080709,67.95947386090118,422.58284857683054,0.0
3149,4.0,4.278619978695393,0.2786199786953931,67.30307004014935,67.9594660591838,422.570633644305,0.0
3150,4.0,4.27853368919034,0.27853368919033983,67.30972184798179,67.95947131855985,422.5516499531933,0.0
3151,4.0,4.278446438733054,0.2784464387330541,67.31639064848622,67.9594698867815,422.53245485259043,0.0
3152,4.0,4.278359374276146,0.2783593742761461,67.32305679414057,67.95946339803378,422.51330067207067,0.0
3153,4.0,4.278246522200395,0.27824652220039514,67.3297213864508,67.95946794148506,422.48847321540546,0.0
3154,4.0,4.278161803039627,0.2781618030396267,67.3363479909701,67.95947558329306,422.4698350000364,0.0
3155,4.0,4.278079160146975,0.27807916014697476,67.3429421745675,67.95947147028915,422.451653563653,0.0
3156,4.0,4.277999817478805,0.277999817478805,67.34948947193132,67.95947366006936,422.4341981766556,0.0
3157,4.0,4.277923295449481,0.27792329544948124,67.35599260111337,67.95946820036964,422.4173633302044,0.0
3158,4.0,4.277822976367777,0.2778229763677773,67.36246138526967,67.95945987247242,422.39529313222954,0.0
3159,4.0,4.277750099791015,0.2777500997910147,67.36889636813993,67.95945424554773,422.3792602853418,0.0
3160,4.0,4.277680568895814,0.27768056889581416,67.37528850541867,67.95945064433006,422.36396348839764,0.0
3161,4.0,4.277613239243815,0.27761323924381465,67.38164938656303,67.95944828103674,422.34915096495774,0.0
3162,4.0,4.2775483536536685,0.2775483536536685,67.38796554355282,67.95944670551057,422.33487613512557,0.0
3163,4.0,4.277459872480282,0.27745987248028214,67.3942491298944,67.95944580521078,422.3154102769806,0.0
3164,4.0,4.277399393638559,0.27739939363855903,67.40049626571566,67.95945885687912,422.30210493180147,0.0
3165,4.0,4.277342199403796,0.2773421994037957,67.40668860537644,67.95945840672971,422.28952220015356,0.0
3166,4.0,4.277287885741613,0.2772878857416128,67.41284855354822,67.95946530566981,422.27757319447335,0.0
3167,4.0,4.277240543423902,0.27724054342390225,67.41898225200868,67.95947509889214,422.26715788457705,0.0
3168,4.0,4.2771683181485916,0.27716831814859155,67.42509094297725,67.95948414303248,422.2512683240087,0.0
3169,4.0,4.277124101371182,0.27712410137118226,67.43116604020004,67.95947781080443,422.2415406329787,0.0
3170,4.0,4.277081470173127,0.277081470173127,67.43721947383159,67.95948089859657,422.2321617694065,0.0
3171,4.0,4.277041146237805,0.2770411462378046,67.44324306734815,67.95947668507513,422.22329050363555,0.0
3172,4.0,4.277001535991873,0.2770015359918734,67.44925230853268,67.95947001541427,422.2145762495307,0.0
3173,4.0,4.276937398188885,0.27693739818888474,67.45523750829247,67.95947602640227,422.2004659328732,0.0
3174,4.0,4.276900829016701,0.276900829016701,67.46119582732669,67.95946979147534,422.1924207149928,0.0
3175,4.0,4.276866631398541,0.2768666313985406,67.46711683722013,67.9594710629132,422.1848972389975,0.0
3176,4.0,4.276833652751529,0.27683365275152916,67.47301871082625,67.95946713776719,422.177641936655,0.0
3177,4.0,4.276801916034712,0.27680191603471194,67.47890750245708,67.95947035184358,422.1706598589552,0.0
3178,4.0,4.2767448110876805,0.27674481108768045,67.48478566243418,67.9594706913216,422.15809677060827,0.0
3179,4.0,4.276714544959829,0.2767145449598294,67.49064503422748,67.95946801561932,422.15143822248103,0.0
3180,4.0,4.276684600291818,0.2766846002918184,67.49648978220097,67.95946735276766,422.14485039551863,0.0
3181,4.0,4.276656833676939,0.27665683367693905,67.50231628950534,67.95946490813027,422.13874174024517,0.0
3182,4.0,4.276630126064443,0.27663012606444326,67.50813257803983,67.95947004898505,422.1328660654961,0.0
3183,4.0,4.276577689581693,0.2765776895816927,67.51393445249705,67.95947032779794,422.12133003929097,0.0
3184,4.0,4.276552400122053,0.2765524001220534,67.51971568607708,67.95947106900859,422.11576635817033,0.0
3185,4.0,4.276398496952181,0.2763984969521811,67.52547258483484,67.95947443101778,422.08190766079844,0.0
3186,4.0,4.276194888398179,0.2761948883981793,67.53120878230575,67.95946531340164,422.037113778918,0.0
3187,4.0,4.2760164625050185,0.27601646250501854,67.53689463623684,67.95946559056534,421.9978600824227,0.0
3188,4.0,4.275815036350336,0.2758150363503358,67.54251391012734,67.95946842353607,421.95354632839246,0.0
3189,4.0,4.275619205329722,0.27561920532972195,67.5480581667004,67.95946595256969,421.91046350385744,0.0
3190,4.0,4.275454416351625,0.27545441635162504,67.55351074893288,67.95947037271424,421.8742099286761,0.0
3191,4.0,4.275269960520499,0.27526996052049935,67.55887622284018,67.95947424521272,421.83362964582847,0.0
3192,4.0,4.275116280048079,0.27511628004807864,67.56415089537197,67.95946453370759,421.7998199418959,0.0
3193,4.0,4.274942613399204,0.2749426133992037,67.56933708227407,67.95946441684555,421.76161327914343,0.0
3194,4.0,4.274776017260676,0.2747760172606757,67.57443762217436,67.95946544983705,421.7249621286673,0.0
3195,4.0,4.274640185630745,0.2746401856307452,67.5794312832722,67.95946951177126,421.6950791700826,0.0
3196,4.0,4.27448729052845,0.2744872905284499,67.58432879945997,67.95946741578452,421.6614422475776,0.0
3197,4.0,4.274369009810603,0.2743690098106031,67.58913554468043,67.9594689776658,421.6354204896513,0.0
3198,4.0,4.274231010844977,0.2742310108449768,67.59386240562577,67.95947097085991,421.6050607172135,0.0
3199,4.0,4.2740950232891155,0.2740950232891155,67.59852562901536,67.95946603379811,421.57514345492405,0.0
3200,4.0,4.273991632523241,0.27399163252324144,67.60310411459099,67.95945899677875,421.55239748643174,0.0
3201,4.0,4.273866412863511,0.2738664128635113,67.6076104101127,67.95945621266337,421.5248491612911,0.0
3202,4.0,4.273766671956314,0.2737666719563139,67.61204807269249,67.95947097616067,421.5029061617077,0.0
3203,4.0,4.2736458303639315,0.27364583036393153,67.61642133090687,67.9594752010978,421.47632101138356,0.0
3204,4.0,4.273526805206836,0.2735268052068358,67.62073395981722,67.95946877124736,421.4501354768225,0.0
3205,4.0,4.273439201598748,0.2734392015987481,67.62499306848765,67.9594745841558,421.4308626830432,0.0
3206,4.0,4.273328038372257,0.2733280383722567,67.62918172246843,67.95947587174024,421.40640677321505,0.0
3207,4.0,4.2732483209938845,0.2732483209938845,67.63330353093458,67.9594711205403,421.3888689499732,0.0
3208,4.0,4.272152410650854,0.27215241065085394,67.63738842508722,67.95946376054968,421.14776867450644,0.0
3209,4.0,4.27205452451462,0.27205452451462,67.64130753902303,67.9594683530306,421.126233724535,0.0
