Step,Desired Gap (s),Actual Gap (s),Error (s),Ego Speed (km/h),Target Speed (km/h),Incremental Torque (Nm),Incremental Brake Torque (Nm),Vehicle Distance (m)
0,4.0,11.564407811352632,7.564407811352632,46.89956177755185,67.95947140707943,800.0,0.0,150.6571273803711
1,4.0,11.671875054556397,7.671875054556397,46.558788844876034,67.95947140707949,800.0,0.0,150.95232391357422
2,4.0,11.763103298675441,7.763103298675441,46.289342473085725,67.95947140707955,800.0,0.0,151.2517547607422
3,4.0,11.803630577252472,7.803630577252472,46.222418882204295,67.95947140707949,800.0,0.0,151.5534324645996
4,4.0,11.77115162059356,7.77115162059356,46.441692426046494,67.95947140707958,800.0,0.0,151.85338973999023
5,4.0,11.679313276449463,7.679313276449463,46.89769553636847,67.95947140707965,800.0,0.0,152.14802169799805
6,4.0,11.551641798289644,7.551641798289644,47.50547923701219,67.95947140707946,800.0,0.0,152.43507766723633
7,4.0,11.400808934354218,7.4008089343542185,48.22157992398764,67.95947140707942,800.0,0.0,152.71250534057617
8,4.0,11.23684160581704,7.236841605817039,49.010753649809516,67.9594714070794,800.0,0.0,152.97946548461914
9,4.0,11.066120571037109,7.066120571037109,49.84999642111405,67.9594714070794,800.0,0.0,153.2350196838379
10,4.0,10.893719374802473,6.8937193748024725,50.71948255730349,67.9594714070794,800.0,0.0,153.4788360595703
11,4.0,10.722843172674597,6.722843172674597,51.60545540853709,67.9594714070794,800.0,0.0,153.71033477783203
12,4.0,10.555455505350812,6.555455505350812,52.49868505426193,67.9594714070794,800.0,0.0,153.92987060546875
13,4.0,10.392617159697787,6.392617159697787,53.392996369358706,67.9594714070794,800.0,0.0,154.13693618774414
14,4.0,10.234918460642207,6.2349184606422074,54.28418967893334,67.9594714070794,800.0,0.0,154.33173751831055
15,4.0,10.082589692255645,6.082589692255645,55.169446654393845,67.9594714070794,800.0,0.0,154.5141372680664
16,4.0,9.935688022884388,5.9356880228843885,56.046884293471194,67.95947140707942,800.0,0.0,154.68454360961914
17,4.0,9.794093363635744,5.794093363635744,56.91532410519932,67.95947140707942,790.1188641881301,0.0,154.84277725219727
18,4.0,9.65766774683801,5.65766774683801,57.77394604407089,67.95947140707943,777.1584305923454,0.0,154.98932647705078
19,4.0,9.526160792670069,5.526160792670069,58.622296347312925,67.9594714070794,764.665269946391,0.0,155.12372806668282
20,4.0,9.399383347173401,5.399383347173401,59.4600907368313,67.9594714070794,752.6214126242077,0.0,155.24671852588654
21,4.0,9.277061827288337,5.277061827288337,60.287239500035916,67.95947140707942,741.0008682351265,0.0,155.3579022884369
22,4.0,9.159367806683528,5.1593678066835285,61.101106149205265,67.95947140707946,729.8199362776697,0.0,155.45764017105103
23,4.0,9.046740860246082,5.046740860246082,61.89711131707406,67.95947140707942,719.1203763661124,0.0,155.54642391204834
24,4.0,8.939108338736803,4.939108338736803,62.6736836681284,67.95947140707943,708.8952868227309,0.0,155.62412452697754
25,4.0,8.836179554184366,4.8361795541843655,63.43113436279346,67.95947140707943,699.1170522902493,0.0,155.69135904312134
26,4.0,8.737623758100229,4.737623758100229,64.17000872048413,67.95947140707949,689.7542516622563,0.0,155.74816465377808
27,4.0,8.643115268152762,4.643115268152762,64.8911083189272,67.9594714070795,680.7759451172469,0.0,155.7948136329651
28,4.0,8.552352197247613,4.552352197247613,65.59530393871675,67.95947140707946,672.1534533812578,0.0,155.8317060470581
29,4.0,8.465041258627327,4.465041258627327,66.28338641914026,67.95947140707955,663.8589142123305,0.0,155.85877799987793
30,4.0,8.380954419109925,4.380954419109925,66.95603605933981,67.95947140707949,655.8706644581773,0.0,155.87652397155762
31,4.0,8.29986281804775,4.29986281804775,67.61395199056885,67.95947140707945,648.1669623572707,0.0,155.88514614105225
32,4.0,8.221546934060482,4.221546934060482,68.25772861435505,67.95947140707945,640.7269533784804,0.0,155.88447761535645
33,4.0,8.145852559667563,4.1458525596675635,68.88791556990138,67.95947140707946,633.5359878111531,0.0,155.87522315979004
34,4.0,8.07259874899979,4.0725987489997895,69.50504522034994,67.95947140707955,626.5768757977146,0.0,155.8573169708252
35,4.0,8.001623386019942,4.001623386019942,70.10959925437228,67.95947140707958,619.834216314629,0.0,155.83072471618652
36,4.0,7.932817700633201,3.9328177006332012,70.7020158172042,67.95947140707968,613.2976762028886,0.0,155.79616737365723
37,4.0,7.866027263110579,3.8660272631105794,71.28272327056227,67.95947140707959,606.9525846382396,0.0,155.7532901763916
38,4.0,7.801147557000269,3.8011475570002693,71.85210862591353,67.9594714070796,600.7890125577601,0.0,155.70247268676758
39,4.0,7.7380795777274525,3.7380795777274525,72.41054704317497,67.95947140707953,594.7975545268425,0.0,155.6440486907959
40,4.0,7.67670305784147,3.67670305784147,72.95835265441661,67.95947140707943,588.9667851376742,0.0,155.57766914367676
41,4.0,7.616937393829513,3.616937393829513,73.49588945920772,67.95947140707949,583.2890470565383,0.0,155.50377464294434
42,4.0,7.558711778538875,3.558711778538875,74.02345257960992,67.95947140707943,577.7576136039277,0.0,155.42276191711426
43,4.0,7.501922401095001,3.501922401095001,74.54128205646978,67.95947140707942,572.3626227467596,0.0,155.33414268493652
44,4.0,7.446519608087006,3.446519608087006,75.04967596675164,67.95947152344777,567.099357411,0.0,155.23857879638672
45,4.0,7.392432877542087,3.3924328775420873,75.54890696275626,67.95947152344785,561.9611180092329,0.0,155.13617324829102
46,4.0,7.339578912860557,3.3395789128605573,76.03917135890731,67.95947152344776,556.9399913644875,0.0,155.02652740478516
47,4.0,7.287947981229333,3.2879479812293333,76.52048549830475,67.95947152344776,552.0350528595212,0.0,154.9103660583496
48,4.0,7.237540884097229,3.2375408840972293,76.99241953486754,67.95947152344782,547.2463786319713,0.0,154.78771781921387
49,4.0,7.188352784225048,3.1883527842250476,77.45446781486801,67.95947152344777,542.573509144114,0.0,154.65834426879883
50,4.0,7.140388618864599,3.1403886188645993,77.90637882216079,67.95947152344773,538.0169134348714,0.0,154.5227279663086
51,4.0,7.093630541516064,3.093630541516064,78.3479459338085,67.95947152344776,533.5748960867606,0.0,154.38093948364258
52,4.0,7.048050930127608,3.0480509301276077,78.77913593980688,67.95947152344775,529.2448330048572,0.0,154.23315620422363
53,4.0,7.003605283636847,3.0036052836368468,79.19998965381151,67.95947152344773,525.022496588235,0.0,154.07929611206055
54,4.0,6.9602742602810315,2.9602742602810315,79.6105366990554,67.95947152344773,520.9060493694326,0.0,153.91976928710938
55,4.0,6.918018031673791,2.9180180316737907,80.0109240163056,67.95947152344775,516.8917076517446,0.0,153.7547264099121
56,4.0,6.876794501429797,2.8767945014297966,80.40125877691696,67.95947152344773,512.9754722785652,0.0,153.58414840698242
57,4.0,6.836559983573645,2.836559983573645,80.78168438491444,67.95947152344773,509.1531930822308,0.0,153.40800857543945
58,4.0,6.797299382742142,2.7972993827421417,81.15235623760076,67.9594714070794,505.423436003238,0.0,153.2269058227539
59,4.0,6.758967337667025,2.758967337667025,81.51342820456456,67.9594714070794,501.78189172110194,0.0,153.04072189331055
60,4.0,6.721540829858942,2.7215408298589416,81.86506493890133,67.9594714070794,498.226373479334,0.0,152.84982681274414
61,4.0,6.684962020304866,2.684962020304866,82.20742365844966,67.9594714070795,494.7513865716968,0.0,152.65375137329102
62,4.0,6.64922135240732,2.64922135240732,82.54062395031022,67.9594714070794,491.3560231214299,0.0,152.45302200317383
63,4.0,6.614291853569318,2.614291853569318,82.86485732758707,67.95947140707945,488.0377207318197,0.0,152.24787521362305
64,4.0,6.580140515767013,2.580140515767013,83.18024912149717,67.95947140707949,484.79334364060077,0.0,152.03825759887695
65,4.0,6.546750587332036,2.5467505873320357,83.48695510983909,67.95947140707949,481.6213004392779,0.0,151.82452011108398
66,4.0,6.514086282705138,2.5140862827051382,83.78509326323217,67.95947140707942,478.51819149972266,0.0,151.6064796447754
67,4.0,6.482111300537259,2.482111300537259,84.07482426660405,67.95947140707945,475.4805681937741,0.0,151.38399124145508
68,4.0,6.450828314646882,2.4508283146468823,84.35625716517883,67.95947140707953,472.5086845341883,0.0,151.1577033996582
69,4.0,6.420215183472231,2.420215183472231,84.6295356915493,67.9594714070794,469.6004370725965,0.0,150.92773056030273
70,4.0,6.390251137931517,2.390251137931517,84.89476271828416,67.9594714070794,466.75385274622863,0.0,150.6941261291504
71,4.0,6.360907344859528,2.3609073448595277,85.15205529403079,67.9594714070794,463.96619240438963,0.0,150.45675943046808
72,4.0,6.3321875337516556,2.3321875337516556,85.40153495172805,67.9594714070794,461.2378103491418,0.0,150.21625971794128
73,4.0,6.304035469661298,2.304035469661298,85.64330605681917,67.95947140707943,458.5633642605578,0.0,149.97178864479065
74,4.0,6.276463847037492,2.2764638470374923,85.8774718108035,67.95947140707943,455.94406011129627,0.0,149.72412419319153
75,4.0,6.249456620812375,2.249456620812375,86.10414739025389,67.9594714070794,453.3783736199102,0.0,149.473370552063
76,4.0,6.222998003632349,2.222998003632349,86.32339204516438,67.95947140707948,450.8648049878077,0.0,149.2195267677307
77,4.0,6.197080374070808,2.197080374070808,86.53534175414075,67.95947140707949,448.40263017946126,0.0,148.9629077911377
78,4.0,6.171676419251403,2.171676419251403,86.74008282669068,67.95947140707952,445.9892544716178,0.0,148.70325660705566
79,4.0,6.1467897773730105,2.1467897773730105,86.93768142366271,67.95947140707946,443.6250234931705,0.0,148.44101428985596
80,4.0,6.122391878739054,2.1223918787390543,87.12824879841517,67.95947140707959,441.3072231229447,0.0,148.17591190338135
81,4.0,6.0984658451555145,2.0984658451555145,87.31189244945318,67.95947140707959,439.0342499325084,0.0,147.90794277191162
82,4.0,6.075019210606285,2.0750192106062846,87.48872344819083,67.95947140707942,436.8068196503316,0.0,147.63768768310547
83,4.0,6.052027417603036,2.0520274176030364,87.65885035046121,67.95947140707946,434.62259931502297,0.0,147.36493492126465
84,4.0,6.0294917475983585,2.0294917475983585,87.82233915898217,67.95947140707942,432.4817106645786,0.0,147.09001922607422
85,4.0,6.0073952916224265,2.0073952916224265,87.97927984362421,67.9594714070794,430.38254734686507,0.0,146.81286430358887
86,4.0,5.985731859879746,1.9857318598797464,88.12976086298008,67.9594714070794,428.32452133131045,0.0,146.53364372253418
87,4.0,5.964488601195488,1.9644886011954883,88.27384507657364,67.95947140707942,426.3064117563059,0.0,146.25231742858887
88,4.0,5.94365782302403,1.9436578230240302,88.41160552773967,67.95947140707942,424.3274878300174,0.0,145.96898078918457
89,4.0,5.9232477327774395,1.9232477327774395,88.54310224820738,67.9594714070794,422.38852925659126,0.0,145.68409156799316
90,4.0,5.903236015440864,1.9032360154408643,88.66840983748654,67.9594714070794,420.4874161096167,0.0,145.39737510681152
91,4.0,5.8836009850016335,1.8836009850016335,88.78756621356509,67.9594714070794,418.6220882178897,0.0,145.1085033416748
92,4.0,5.864360984868786,1.864360984868786,88.90065114451399,67.9594714070794,416.7942882052692,0.0,144.8181972503662
93,4.0,5.845505361235138,1.845505361235138,89.0077251806969,67.9594714070794,415.00300396007265,0.0,144.52642631530762
94,4.0,5.827023109683329,1.8270231096833287,89.10884878311266,67.95947140707942,413.24719006265076,0.0,144.23314476013184
95,4.0,5.808914264886915,1.8089142648869148,89.20405505344979,67.9594714070794,411.52684980699144,0.0,143.93852996826172
96,4.0,5.791171350518934,1.7911713505189342,89.29342684058219,67.95947140707943,409.84127294203324,0.0,143.6426486968994
97,4.0,5.773791908133334,1.773791908133334,89.37700396382289,67.95947140707945,408.19022591540124,0.0,143.34561729431152
98,4.0,5.756767063275999,1.7567670632759986,89.45486316819452,67.9594714070794,406.5728656539544,0.0,143.04744720458984
99,4.0,5.740096188311497,1.7400961883114974,89.52704941922532,67.95947140707943,404.9891325323268,0.0,142.74829864501953
100,4.0,5.723774218157013,1.723774218157013,89.59362822419997,67.95947140707949,403.43854536765076,0.0,142.44824981689453
101,4.0,5.707787890893007,1.707787890893007,89.65465615123361,67.95947140707952,401.9198442775702,0.0,142.14715576171875
102,4.0,5.69214904967301,1.6921490496730103,89.71018573441175,67.95947140707965,400.4341543616705,0.0,141.84548568725586
103,4.0,5.67683969807362,1.6768396980736204,89.76026203599893,67.95947140707973,398.97976595972847,0.0,141.54294967651367
104,4.0,5.661861048417628,1.6618610484176282,89.80497778308553,67.95947140707948,397.5567942424092,0.0,141.23980712890625
105,4.0,5.647209829694079,1.647209829694079,89.84433936878641,67.9594714070794,396.164928463672,0.0,140.93606567382812
106,4.0,5.632885159544668,1.632885159544668,89.87845850848828,67.95947140707942,394.804084799478,0.0,140.63195419311523
107,4.0,5.618876363987204,1.6188763639872041,89.90736218966705,67.95947140707945,393.4732492215189,0.0,140.32732009887695
108,4.0,5.605180332257251,1.6051803322572509,89.93113963274683,67.9594714070796,392.1721262071734,0.0,140.0222930908203
109,4.0,5.591796172533989,1.5917961725339893,89.94987895401925,67.95947140707968,390.9006310334635,0.0,139.7170524597168
110,4.0,5.578718573230422,1.5787185732304216,89.96367809974178,67.95947140707949,389.6582590996246,0.0,139.41167831420898
111,4.0,5.565940981638711,1.565940981638711,89.97260835865706,67.95947140707955,388.44438789841206,0.0,139.10617446899414
112,4.0,5.553450246313977,1.553450246313977,89.97674636753973,67.95947140707969,387.25776804256236,0.0,138.80038452148438
113,4.0,5.541250909942875,1.5412509099428746,89.97616623096178,67.95947140707976,386.09883108730764,0.0,138.49458694458008
114,4.0,5.529352293414567,1.5293522934145667,89.97092605992843,67.95947140707966,384.9684625171184,0.0,138.18915176391602
115,4.0,5.517733483461376,1.5177334834613756,89.96110358002069,67.95947140707949,383.8646755715652,0.0,137.88372039794922
116,4.0,5.506392906595335,1.5063929065953348,89.94676681649473,67.95947140707943,382.78732076929134,0.0,137.57839965820312
117,4.0,5.495333426973735,1.495333426973735,89.92798057442792,67.95947140707953,381.73667020523936,0.0,137.27339935302734
118,4.0,5.484535735913418,1.4845357359134184,89.90482951480945,67.95947140707946,380.71088955450927,0.0,136.96840286254883
119,4.0,5.474004165790629,1.474004165790629,89.87739560936461,67.95947140707945,379.71039039284426,0.0,136.66367721557617
120,4.0,5.46374445988118,1.4637444598811804,89.84573960070968,67.9594714070794,378.73571833144666,0.0,136.35948944091797
121,4.0,5.45376032573825,1.4537603257382496,89.80991479797076,67.9594714070794,377.78722558786825,0.0,136.0560417175293
122,4.0,5.444035256460783,1.4440352564607828,89.77005229179846,67.95947140707942,376.8633440065089,0.0,135.75314712524414
123,4.0,5.43456767254953,1.4345676725495302,89.72615713073735,67.9594714070794,375.9639235349399,0.0,135.45079803466797
124,4.0,5.425352445351333,1.4253524453513329,89.67833972672689,67.9594714070794,375.08847695111115,0.0,135.14905548095703
125,4.0,5.416390325285744,1.416390325285744,89.62664785418416,67.9594714070794,374.2370755448802,0.0,134.84803009033203
126,4.0,5.407677589540053,1.4076775895400528,89.5711798787505,67.9594714070794,373.40936564903956,0.0,134.54779502749443
127,4.0,5.399207908409014,1.3992079084090143,89.51199030267544,67.9594714070794,372.60474594159086,0.0,134.24829053878784
128,4.0,5.390986504136132,1.3909865041361318,89.44914336711203,67.9594714070794,371.823712535667,0.0,133.94975686073303
129,4.0,5.382996397514168,1.3829963975141677,89.3827367739572,67.9594714070794,371.0646524065804,0.0,133.65193057060242
130,4.0,5.375248552279417,1.375248552279417,89.31280907277784,67.9594836146174,370.3286071092791,0.0,133.35515213012695
131,4.0,5.36773099442398,1.3677309944239804,89.23944386195618,67.95949218971619,369.6144391130126,0.0,133.05925798416138
132,4.0,5.360440997078542,1.360440997078542,89.16271207440593,67.95949597737153,368.921889365196,0.0,132.7642936706543
133,4.0,5.353387602457117,1.3533876024571168,89.08268149256301,67.9595051312027,368.25181687616066,0.0,132.47058963775635
134,4.0,5.346559079400142,1.3465590794001416,88.99942905774444,67.9595056486327,367.603107185748,0.0,132.17797374725342
135,4.0,5.3399535566055585,1.3399535566055585,88.91302909096117,67.95950317905982,366.9755825202626,0.0,131.88651275634766
136,4.0,5.333564207078381,1.333564207078381,88.82354615199876,67.9594969014033,366.36859431518076,0.0,131.59613513946533
137,4.0,5.327399455218072,1.327399455218072,88.73104337326922,67.95949144984924,365.7829428884514,0.0,131.30714225769043
138,4.0,5.321447434959809,1.3214474349598087,88.6356067122226,67.95948678449005,365.21750096391634,0.0,131.01936721801758
139,4.0,5.3157093958879384,1.3157093958879384,88.53729381665528,67.9594870505242,364.6723872520887,0.0,130.73292350769043
140,4.0,5.310194662105525,1.3101946621055252,88.43617437184895,67.95948122799618,364.1484875427594,0.0,130.44813919067383
141,4.0,5.304885665486254,1.3048856654862542,88.3323339421971,67.95948221461937,363.6441328639287,0.0,130.16470336914062
142,4.0,5.299786702264868,1.2997867022648677,88.22584485003057,67.95948501066394,363.15973135789693,0.0,129.88282203674316
143,4.0,5.294887942397044,1.294887942397044,88.11676547712392,67.95949753575884,362.69434917045373,0.0,129.60233306884766
144,4.0,5.290190616476759,1.2901906164767594,88.00516880139256,67.95950458459583,362.2481032080267,0.0,129.32336616516113
145,4.0,5.285687435423459,1.2856874354234593,87.89113011126045,67.95950479023745,361.82030100796317,0.0,129.04584503173828
146,4.0,5.281381521060839,1.2813815210608386,87.77473516545588,67.95949886290802,361.4112391435142,0.0,128.76996231079102
147,4.0,5.277271047790029,1.2772710477900286,87.65601636782455,67.95948130278722,361.02074418278727,0.0,128.4957103729248
148,4.0,5.273344906781563,1.2733449067815634,87.53507603993012,67.95948125154784,360.64776078698304,0.0,128.22295761108398
149,4.0,5.269618345848094,1.2696183458480936,87.41197649300193,67.95948301277404,360.2937374983034,0.0,127.9521541595459
150,4.0,5.266062789643995,1.2660627896439953,87.2867717996336,67.95948651705534,359.9559596589141,0.0,127.68267250061035
151,4.0,5.262716174028137,1.262716174028137,87.15953443104921,67.95948852229526,359.63803117540755,0.0,127.41552543640137
152,4.0,5.259548454244262,1.2595484542442623,87.03034069681358,67.95949336631737,359.3370977959394,0.0,127.15008163452148
153,4.0,5.256560597472293,1.2565605974722933,86.89924657699682,67.95949101646632,359.0532514026024,0.0,126.88643208518624
154,4.0,5.253754131506275,1.253754131506275,86.76634432701468,67.959498140542,358.7866371358307,0.0,126.62473332881927
155,4.0,5.251107887954434,1.2511078879544337,86.6316896088564,67.95949804133457,358.53524399840575,0.0,126.36454129219055
156,4.0,5.248638605130435,1.2486386051304352,86.49535082154605,67.95949835991331,358.3006621301259,0.0,126.1063437461853
157,4.0,5.246346054012966,1.2463460540129656,86.35738953406349,67.95949384664097,358.08286977396625,0.0,125.8502082824707
158,4.0,5.24422463085223,1.24422463085223,86.21786861469029,67.95950132749842,357.8813345736964,0.0,125.5960750579834
159,4.0,5.242263587673805,1.242263587673805,86.07684238308283,67.959501659932,357.695035471746,0.0,125.34374904632568
160,4.0,5.240458677992849,1.2404586779928488,85.93439304246735,67.9594890083228,369.30792649298724,0.0,125.09323215484619
161,4.0,5.2384932698091085,1.2384932698091085,85.79592966869691,67.9594936011813,369.1212127155319,0.0,124.84483337402344
162,4.0,5.2360325990702465,1.2360325990702465,85.66671486730017,67.95948775959833,368.88744899534004,0.0,124.59825325012207
163,4.0,5.233254398180678,1.2332543981806783,85.54360643655939,67.95948358196189,380.33943669354744,0.0,124.35318183898926
164,4.0,5.229970496251302,1.229970496251302,85.42974995993818,67.95948613156126,380.0274660102567,0.0,124.10974216461182
165,4.0,5.225949928530934,1.2259499285309339,85.3287346241278,67.95949378442015,379.6455120768218,0.0,123.8676929473877
166,4.0,5.221462443244319,1.2214624432443193,85.23627979518851,67.9594913464532,379.2192009745934,0.0,123.62723159790039
167,4.0,5.216688213676507,1.2166882136765071,85.14936607336945,67.95948932241319,378.7656491656512,0.0,123.38824844360352
168,4.0,5.211742494419864,1.2117424944198643,85.0657955958481,67.95949621365028,378.2958058362701,0.0,123.15028381347656
169,4.0,5.20672896444588,1.2067289644458796,84.98401582766944,67.95949307778334,377.8195204887416,0.0,122.91353797912598
170,4.0,5.201712940420842,1.2017129404208422,84.90291378736053,67.95949352600442,377.34299820636306,0.0,122.67794036865234
171,4.0,5.196737246339915,1.1967372463399153,84.82169852392373,67.9594915434432,376.870307268675,0.0,122.44335556030273
172,4.0,5.191843174071596,1.1918431740715958,84.73980609452191,67.95949063850874,376.40537040318463,0.0,122.20993995666504
173,4.0,5.187049728785846,1.187049728785846,84.65686340245459,67.95949515524214,375.9499931010384,0.0,121.97760009765625
174,4.0,5.182383061545571,1.182383061545571,84.57258604371098,67.95948846343236,375.5066597132123,0.0,121.74653816223145
175,4.0,5.177845322865837,1.1778453228658368,84.4868088979091,67.95949693165814,375.0755745386375,0.0,121.51656341552734
176,4.0,5.173449562426035,1.1734495624260353,84.3993998471016,67.9594889738539,374.6579772968564,0.0,121.28778839111328
177,4.0,5.1692060571177745,1.1692060571177745,84.31029393854217,67.95948833352652,374.25484429257165,0.0,121.06035614013672
178,4.0,5.165099595477112,1.1650995954771117,84.21947303317945,67.95949489133329,373.86473043670867,0.0,120.8338794708252
179,4.0,5.161155727199851,1.1611557271998514,84.12692027384816,67.95949010764174,373.49006295036895,0.0,120.60892677307129
180,4.0,5.157354816263563,1.1573548162635632,84.03265150276292,67.95949084236744,373.12897641142155,0.0,120.38505554199219
181,4.0,5.153706034759414,1.1537060347594137,83.93669725316042,67.95949942982008,372.7823421685273,0.0,120.16251754760742
182,4.0,5.150211052727263,1.150211052727263,83.83907658991127,67.95949256227797,372.45031887547304,0.0,119.94137191772461
183,4.0,5.146854431361963,1.1468544313619633,83.73982459862266,67.95948963847196,372.13143984576953,0.0,119.7213020324707
184,4.0,5.143672760295184,1.1436727602951837,83.63898121558428,67.95948871060376,371.8291810944255,0.0,119.50320816040039
185,4.0,5.140635287793791,1.140635287793791,83.53660203113378,67.95949212510526,371.54062120679316,0.0,119.28644561767578
186,4.0,5.137741587849593,1.1377415878495931,83.43274262679404,67.95948938300471,371.2657197120944,0.0,119.07107543945312
187,4.0,5.134998196166855,1.1349981961668547,83.32743688547947,67.9594949547038,371.0050975022342,0.0,118.8572883605957
188,4.0,5.132384842200131,1.132384842200131,83.22074749796826,67.95949051324476,370.7568288753955,0.0,118.64469528198242
189,4.0,5.129919232990178,1.1299192329901784,83.112709470064,67.95949092924607,370.52259600045,0.0,118.43374633789062
190,4.0,5.127588517581479,1.1275885175814793,83.00335877920992,67.95949628201767,370.3011780366236,0.0,118.22418594360352
191,4.0,5.125396452266968,1.1253964522669682,82.89277012875914,67.95950089593805,370.092931831745,0.0,118.01619720458984
192,4.0,5.123343336706714,1.1233433367067143,82.78098895363952,67.9595002160663,380.56964755223464,0.0,117.80984115600586
193,4.0,5.121119418504567,1.1211194185045672,82.67277104472258,67.9594912681287,380.3583753230307,0.0,117.6047592163086
194,4.0,5.118451788349839,1.118451788349839,82.57271654896707,67.95948823874545,380.10495045833153,0.0,117.40124130249023
195,4.0,5.1155012965651405,1.1155012965651405,82.47801198713431,67.95949089551391,379.8246537387852,0.0,117.19899368286133
196,4.0,5.112387550679199,1.1123875506791991,82.38672336778572,67.95949146168437,379.52884787962074,0.0,116.99801635742188
197,4.0,5.109192183621779,1.1091921836217793,82.29745529395237,67.95949299699903,379.22528800916587,0.0,116.79819869995117
198,4.0,5.105976445779189,1.1059764457791887,82.2092426156584,67.95949082610508,378.91979291411974,0.0,116.59957122802734
199,4.0,5.102801037709697,1.102801037709697,82.12136505414075,67.9594952724314,378.61812914751806,0.0,116.40249633789062
200,4.0,5.09967894003715,1.0996789400371503,82.03336607356218,67.95948989912046,378.3215298686261,0.0,116.20661926269531
201,4.0,5.0966374217174355,1.0966374217174355,81.9448798309294,67.9594910532681,378.0325856282532,0.0,116.01203918457031
202,4.0,5.093689319280205,1.0936893192802053,81.85568180045466,67.95949141013853,377.7525158967163,0.0,115.8187255859375
203,4.0,5.090840938913183,1.0908409389131828,81.76562311609761,67.95948753515272,377.4819197618492,0.0,115.62660598754883
204,4.0,5.088102383701413,1.088102383701413,81.67461562658417,67.95949394374149,377.2217570167311,0.0,115.4357795715332
205,4.0,5.08547524042967,1.0854752404296697,81.5825707291417,67.95949109572801,376.97217840591543,0.0,115.24615097045898
206,4.0,5.082962135255923,1.082962135255923,81.48949129174883,67.95949598924497,376.73343341440955,0.0,115.05777740478516
207,4.0,5.080570903960594,1.0805709039605942,81.39533219531542,67.95949106204661,376.50626644135326,0.0,114.87076568603516
208,4.0,5.078292634690872,1.0782926346908717,81.30011426754008,67.95949167353781,376.28983086072964,0.0,114.6849365234375
209,4.0,5.0761439223947304,1.0761439223947304,81.20386373820288,67.95948819266185,386.30907045534616,0.0,114.50069427490234
210,4.0,5.073818579815474,1.073818579815474,81.11108058771208,67.9594892369241,386.0881629103168,0.0,114.31747436523438
211,4.0,5.0710616174195975,1.0710616174195975,81.02605057712812,67.95949178956756,385.8262514827085,0.0,114.13558197021484
212,4.0,5.068035757093317,1.068035757093317,80.94608428165816,67.95949469030536,385.53879475171186,0.0,113.95490264892578
213,4.0,5.064841051612668,1.0648410516126683,80.86932018431881,67.95949724295956,385.23529773105025,0.0,113.77507019042969
214,4.0,5.061579770413458,1.0615797704134584,80.79446604361037,67.95949944752925,384.92547601712533,0.0,113.59656524658203
215,4.0,5.058286158711671,1.0582861587116712,80.72059058306235,67.95950107195118,384.6125829054555,0.0,113.4188461303711
216,4.0,5.055006730490987,1.0550067304909874,80.64703371387535,67.95950246431468,384.3010372244905,0.0,113.24202728271484
217,4.0,5.051783665701058,1.0517836657010582,80.57330877695291,67.95950327652744,383.99484606944725,0.0,113.06636810302734
218,4.0,5.048624237911617,1.0486242379116169,80.49912785558665,67.95950385667977,383.69470042945034,0.0,112.8916244506836
219,4.0,5.045553118597227,1.045553118597227,80.42426839531672,67.95950420477097,383.40294409458335,0.0,112.71803283691406
220,4.0,5.042567746000946,1.0425677460009464,80.34857782406087,67.95950449569672,383.11933369793667,0.0,112.54531860351562
221,4.0,5.039702929491296,1.0397029294912956,80.27195097784427,67.95948828170172,382.8471761295199,0.0,112.37410736083984
222,4.0,5.036937748181652,1.0369377481816517,80.19434314636737,67.95948142523562,382.58448390510364,0.0,112.20386505126953
223,4.0,5.034280349336437,1.034280349336437,80.11574769182364,67.95947941559545,382.3320310148083,0.0,112.03475952148438
224,4.0,5.031732995735399,1.031732995735399,80.03612119065644,67.9594821862629,382.09003242270967,0.0,111.86677551269531
225,4.0,5.029286900370244,1.029286900370244,79.95548139164187,67.95949088126774,381.85765336301995,0.0,111.69973754882812
226,4.0,5.026959801923938,1.0269598019239377,79.8738284859055,67.95949883857861,381.63657901062084,0.0,111.5340347290039
227,4.0,5.024733088406864,1.0247330884068644,79.79120004548237,67.95949449365838,381.4250412264989,0.0,111.36930084228516
228,4.0,5.0226098630902385,1.0226098630902385,79.70761610035683,67.95949767436477,390.9381285207767,0.0,111.20562744140625
229,4.0,5.02033356312044,1.02033356312044,79.6273247932752,67.95949658704428,390.7218800236458,0.0,111.04325866699219
230,4.0,5.0176382832083295,1.0176382832083295,79.55429810640406,67.95949636740454,390.4658284319953,0.0,110.8818588256836
231,4.0,5.014682406558278,1.0146824065582782,79.48603532281507,67.95949141004803,390.18502015024046,0.0,110.72145080566406
232,4.0,5.011565363873107,1.0115653638731068,79.42079952611186,67.95948985119986,389.8889010951492,0.0,110.56181335449219
233,4.0,5.008371760125882,1.0083717601258817,79.35732667132886,67.9594910405073,389.5855087391628,0.0,110.40305384993553
234,4.0,5.005160355212524,1.0051603552125243,79.29475821694757,67.95949564230536,389.2804252723938,0.0,110.2452722787857
235,4.0,5.0019585769693204,1.0019585769693204,79.23251364808718,67.95949410825742,388.9762563392895,0.0,110.08826422691345
236,4.0,4.9988024645511215,0.9988024645511215,79.17012534620532,67.95949300757103,388.67642565956055,0.0,109.93217158317566
237,4.0,4.9957039473707185,0.9957039473707185,79.10732191733311,67.9594926589578,388.3820665274223,0.0,109.77687788009644
238,4.0,4.992681198256096,0.9926811982560961,79.04388031393059,67.95949087714257,388.09490536153316,0.0,109.62247085571289
239,4.0,4.989741337528706,0.9897413375287059,78.97967046909247,67.95949092722398,387.81561859243106,0.0,109.46892404556274
240,4.0,4.986888575971732,0.9868885759717321,78.91461382360863,67.959495957861,387.5446062445186,0.0,109.31621837615967
241,4.0,4.984133820311329,0.984133820311329,78.84863278253293,67.95950083074632,387.2829044567803,0.0,109.16448259353638
242,4.0,4.981492693254594,0.9814926932545944,78.7817316937373,67.95950175891701,387.03199738639046,0.0,109.01406133174896
243,4.0,4.97894860353612,0.9789486035361197,78.71387058663002,67.95950129483153,386.79030886313535,0.0,108.86453223228455
244,4.0,4.976507238511338,0.9765072385113376,78.64506616648592,67.95950013461882,386.55837918578106,0.0,108.71603918075562
245,4.0,4.974151274047239,0.9741512740472391,78.57532190594709,67.95949885838563,386.33456256169177,0.0,108.56820487976074
246,4.0,4.97189419027309,0.9718941902730904,78.50469427725122,67.95949781419594,386.1201396031476,0.0,108.4213981628418
247,4.0,4.9697410495945835,0.9697410495945835,78.43315855430193,67.95949677000714,395.128131209838,0.0,108.27569103240967
248,4.0,4.96743131602772,0.9674313160277199,78.36472326622648,67.9594959578609,394.90870652098596,0.0,108.13093900680542
249,4.0,4.964726715289509,0.9647267152895092,78.30311542295883,67.95949560979838,394.6517694508559,0.0,107.98710250854492
250,4.0,4.961769833262729,0.9617698332627294,78.24594067313011,67.95949514571521,394.37086565831186,0.0,107.84398555755615
251,4.0,4.9586724783872365,0.9586724783872365,78.19158016685441,67.95949491367367,394.07661694514,0.0,107.7017879486084
252,4.0,4.95549867465901,0.95549867465901,78.13883309669984,67.95949468163212,393.7751055909585,0.0,107.56024551391602
253,4.0,4.9523000759262,0.9523000759261997,78.08693486720018,67.95949468163212,393.4712387113415,0.0,107.41942596435547
254,4.0,4.949120419356403,0.9491204193564027,78.0352910566086,67.95949468163212,393.16917133721086,0.0,107.27945899963379
255,4.0,4.94596797608878,0.94596797608878,77.9835002310142,67.95949468163214,392.8696892267867,0.0,107.13997077941895
256,4.0,4.942876557760843,0.9428765577608429,77.9312993727978,67.95949468163215,392.57600448563267,0.0,107.0013313293457
257,4.0,4.939856513103718,0.9398565131037184,77.87848340478827,67.95949468163217,392.2891002432058,0.0,106.86348152160645
258,4.0,4.9369083649705034,0.9369083649705034,77.82494927859966,67.95949468163218,392.0090261705504,0.0,106.72628974914551
259,4.0,4.934047848941282,0.9340478489412822,77.77059336185332,67.95949468163221,391.73727714777436,0.0,106.58995246887207
260,4.0,4.931265377453821,0.9312653774538209,77.71537745639674,67.95949468163222,391.4729423564655,0.0,106.45420837402344
261,4.0,4.928579894900592,0.9285798949005919,77.65924106575568,67.95949468163224,391.2178215139088,0.0,106.31938171386719
262,4.0,4.92597738500985,0.9259773850098503,77.60222280951808,67.95949468163221,390.97058307428836,0.0,106.18522071838379
263,4.0,4.923471019508707,0.9234710195087068,77.54428546924302,67.95949468163231,390.7324783516797,0.0,106.05195617675781
264,4.0,4.921054442775723,0.9210544427757226,77.48545157678518,67.95949468163225,390.5029035620462,0.0,105.91947937011719
265,4.0,4.9187203405830155,0.9187203405830155,77.42575301110993,67.95949468163238,390.28116385373903,0.0,105.78767395019531
266,4.0,4.9164796183495545,0.9164796183495545,77.3651931194802,67.95949468163232,398.774851615881,0.0,105.65677642822266
267,4.0,4.914086243511653,0.9140862435116528,77.30756069033399,67.95949468163234,398.54748100628035,0.0,105.52667236328125
268,4.0,4.911320252708001,0.9113202527080011,77.25624744594535,67.95949468163234,398.2847118799334,0.0,105.39727020263672
269,4.0,4.908320823606439,0.9083208236064388,77.20905183140623,67.9594830019955,397.999766115285,0.0,105.2685546875
270,4.0,4.905176805664976,0.9051768056649756,77.1644201416415,67.95947395323716,397.701084410846,0.0,105.14031219482422
271,4.0,4.901966339685447,0.9019663396854467,77.12127525747167,67.95948077042705,397.39609014279074,0.0,105.01274871826172
272,4.0,4.898729913033886,0.8987299130338862,77.07886915893884,67.95948163930785,397.08862961089255,0.0,104.88571166992188
273,4.0,4.895504339382209,0.8955043393822093,77.03664015633379,67.95948773233741,396.7822001139832,0.0,104.75922393798828
274,4.0,4.89232593872863,0.8923259387286304,76.99426430178552,67.95948725826318,396.4802520518932,0.0,104.63362121582031
275,4.0,4.8892007287120895,0.8892007287120895,76.95144558768813,67.95948120154645,396.1833571003218,0.0,104.50862884521484
276,4.0,4.886142267544702,0.8861422675447024,76.90800488254564,67.95948193944095,395.89280328942004,0.0,104.38429260253906
277,4.0,4.883151779843782,0.8831517798437822,76.86384477825463,67.95948757203406,395.6087069578326,0.0,104.26050567626953
278,4.0,4.88024116963709,0.88024116963709,76.81886283792927,67.95949625183381,395.33219898819686,0.0,104.13738250732422
279,4.0,4.87740269707535,0.8774026970753503,76.77304648012311,67.95949225859981,395.06254409483165,0.0,104.01473999023438
280,4.0,4.8746539958312365,0.8746539958312365,76.72634410620046,67.95948092003152,394.80141747664084,0.0,103.89288330078125
281,4.0,4.871983140872615,0.8719831408726151,76.67876972023608,67.95948052926444,394.54768625557176,0.0,103.77157592773438
282,4.0,4.869387969805449,0.869387969805449,76.63030743439883,67.95948370003852,394.30114500419097,0.0,103.65074920654297
283,4.0,4.866878299126538,0.8668782991265376,76.58098421468355,67.95948649230955,394.0627262896944,0.0,103.53064727783203
284,4.0,4.864448925512287,0.8644489255122867,76.5307928518203,67.9594880447627,393.83193579634053,0.0,103.41114807128906
285,4.0,4.8621081402992266,0.8621081402992266,76.47975098335309,67.95947969898188,393.60956120109984,0.0,103.29244995117188
286,4.0,4.8598480464147285,0.8598480464147285,76.42787133242533,67.95947678967431,393.3948522820725,0.0,103.17440032958984
287,4.0,4.857693828433052,0.8576938284330522,76.37521167711297,67.95947551052531,401.3382929439273,0.0,103.05760955810547
288,4.0,4.85539396153589,0.8553939615358903,76.32524165236089,67.95947717127565,401.1198055886969,0.0,102.94142150878906
289,4.0,4.852748819971736,0.8527488199717359,76.28117197949807,67.95947107120072,400.86851714010226,0.0,102.82593536376953
290,4.0,4.849876019010786,0.8498760190107859,76.24089340961193,67.95947396364241,400.595601048812,0.0,102.71080017089844
291,4.0,4.8468771757484115,0.8468771757484115,76.2029736807578,67.95947798098047,400.3107109388864,0.0,102.59623718261719
292,4.0,4.8438097545213905,0.8438097545213905,76.16645390202441,67.9594786938257,400.0193059223194,0.0,102.48217010498047
293,4.0,4.840721075588123,0.8407210755881227,76.13057961624924,67.95948497208747,399.72588142365896,0.0,102.36858367919922
294,4.0,4.837636712897903,0.8376367128979032,76.09486982683833,67.95948267063498,399.43286696808815,0.0,102.25537109375
295,4.0,4.834584699870846,0.8345846998708462,76.05900321637307,67.95948396408711,399.14292573051773,0.0,102.14269256591797
296,4.0,4.83158571828425,0.8315857182842503,76.0227059507391,67.95948529662513,398.8580224797911,0.0,102.0306167602539
297,4.0,4.8286420766698805,0.8286420766698805,75.98582833312088,67.95948989205678,398.578376526426,0.0,101.91899108886719
298,4.0,4.825759289543415,0.8257592895434147,75.94832931411453,67.95948887097467,398.30451174941174,0.0,101.80787658691406
299,4.0,4.822944439733166,0.822944439733166,75.91010341431509,67.95949009753335,398.0371010174381,0.0,101.69728088378906
300,4.0,4.820202889037179,0.8202028890371791,75.87112925930087,67.95948933478175,397.77665370131933,0.0,101.58728790283203
301,4.0,4.817528262094331,0.8175282620943314,75.83142218504264,67.95948479164458,397.52256414174883,0.0,101.477783203125
302,4.0,4.814912262136584,0.8149122621365841,75.79094779892873,67.95948251351298,397.2740441457628,0.0,101.36854553222656
303,4.0,4.812365880085518,0.812365880085518,75.74973878909339,67.95948599874994,397.03213785091157,0.0,101.25984954833984
304,4.0,4.809892928969439,0.8098929289694388,75.70778715352355,67.95948483468105,396.797207494884,0.0,101.15176391601562
305,4.0,4.80749720987225,0.8074972098722499,75.66502813025241,67.95948371387567,396.5696141806511,0.0,101.04428100585938
306,4.0,4.805174019475222,0.8051740194752224,75.62149658073741,67.95947906615729,396.34891109293346,0.0,100.93734741210938
307,4.0,4.802926948684239,0.802926948684239,75.57713113225205,67.9594828493257,403.7632453802903,0.0,100.8309555053711
308,4.0,4.80056212665313,0.80056212665313,75.53518333171488,67.95948075604554,403.53858728733496,0.0,100.72537231445312
309,4.0,4.797892610736174,0.7978926107361737,75.49854371870087,67.95948349388591,403.28498327522414,0.0,100.62052917480469
310,4.0,4.7950332507616675,0.7950332507616675,75.46521757311758,67.95948324969969,403.013344077646,0.0,100.51617431640625
311,4.0,4.792065094388417,0.7920650943884171,75.43387945465281,67.95948391505928,402.73136922218725,0.0,100.41223907470703
312,4.0,4.789047331244174,0.7890473312441744,75.40360470627263,67.95948169738665,402.44468172348417,0.0,100.30873107910156
313,4.0,4.786015174191375,0.786015174191375,75.37373653703614,67.9594866577694,402.15662680346827,0.0,100.20551300048828
314,4.0,4.783007535461866,0.7830075354618664,75.34386346912456,67.9594807382581,401.8709011241649,0.0,100.10285186767578
315,4.0,4.780033774822431,0.7800337748224306,75.31368908631528,67.95948748562026,401.58839386341856,0.0,100.00054931640625
316,4.0,4.777111520818234,0.7771115208182344,75.2829816526892,67.95948190349887,401.3107797330199,0.0,99.89866638183594
317,4.0,4.774249087394987,0.7742490873949874,75.25161013882182,67.95948399562278,401.03884855781143,0.0,99.79720306396484
318,4.0,4.771434684200339,0.7714346842003392,75.2195186345198,67.95948726544269,400.77148025431984,0.0,99.69583892822266
319,4.0,4.7687240521268315,0.7687240521268315,75.18661129075964,67.95948640700108,400.51397020733657,0.0,99.59561157226562
320,4.0,4.766078618400596,0.7660786184005959,75.15286318669727,67.95948330883483,400.2626540033442,0.0,99.49568176269531
321,4.0,4.763502216387636,0.7635022163876357,75.11828881340604,67.95948052085096,400.017895812113,0.0,99.39614868164062
322,4.0,4.761014057515537,0.7610140575155366,75.0828507318125,67.95948129232713,399.7815207192636,0.0,99.29736328125
323,4.0,4.7585906557416875,0.7585906557416875,75.04654478154582,67.9594819000137,399.5512975507479,0.0,99.1988296508789
324,4.0,4.75625023003863,0.7562502300386296,75.00940717514318,67.95947563587978,399.3289571089574,0.0,99.1009750366211
325,4.0,4.753998999627004,0.7539989996270036,74.9714387666941,67.95948501410719,406.2780807163095,0.0,99.0039291381836
326,4.0,4.751612886078036,0.7516128860780356,74.93567132897624,67.95948035280989,406.0513999291575,0.0,98.90702819824219
327,4.0,4.748931374992011,0.7489313749920106,74.90483347297429,67.95948437273037,405.79665637598515,0.0,98.81053161621094
328,4.0,4.746073121299173,0.7460731212991734,74.87703262586143,67.95947773580359,405.5251222751656,0.0,98.71440887451172
329,4.0,4.743113607698802,0.7431136076988016,74.85101626135071,67.959488787531,405.2439684831303,0.0,98.61857604980469
330,4.0,4.740109771351105,0.7401097713511051,74.82594519506851,67.95949125382536,404.95860403009914,0.0,98.52310943603516
331,4.0,4.737096811114534,0.737096811114534,74.80125891080162,67.95948746886181,404.67237280762487,0.0,98.4280014038086
332,4.0,4.7341022076870205,0.7341022076870205,74.77652973403524,67.95947889506795,404.3878854820111,0.0,98.33325958251953
333,4.0,4.731129401290051,0.7311294012900511,74.75145388606325,67.95948404271557,404.105468874299,0.0,98.23855590820312
334,4.0,4.728218130341995,0.728218130341995,74.72585030963916,67.95948497215028,403.82889813423367,0.0,98.14447784423828
335,4.0,4.725358528349272,0.7253585283492718,74.6996250672402,67.95948514487431,403.55723594492497,0.0,98.05069732666016
336,4.0,4.722565667087881,0.7225656670878813,74.67269078938428,67.95948597937243,403.29191412509283,0.0,97.95741271972656
337,4.0,4.719838503514461,0.7198385035144614,74.64495910978152,67.95948841617017,403.032833585618,0.0,97.86448669433594
338,4.0,4.717177347778546,0.7171773477785459,74.61642489814695,67.95948594061626,402.78002379070597,0.0,97.77191925048828
339,4.0,4.714586731785176,0.7145867317851762,74.58707455414931,67.9594801549835,402.5339152713359,0.0,97.6797866821289
340,4.0,4.712060187099242,0.712060187099242,74.55689382040626,67.95948895037321,402.29389352617216,0.0,97.58793640136719
341,4.0,4.709608739343623,0.709608739343623,74.5258714127104,67.95948957232467,402.0610059893883,0.0,97.49658203125
342,4.0,4.707227125199618,0.7072271251996183,74.49403244703748,67.95948699481802,401.8347526457079,0.0,97.40564727783203
343,4.0,4.7049167022878935,0.7049167022878935,74.46140815416155,67.95948511293375,401.61526246909403,0.0,97.31520080566406
344,4.0,4.702673994086115,0.7026739940861146,74.4279545922807,67.9594846654782,408.0776081337431,0.0,97.22511291503906
345,4.0,4.700345718928345,0.7003457189283449,74.39655967709913,67.9594833788671,407.856421993755,0.0,97.135986328125
346,4.0,4.697748403576871,0.6977484035768713,74.36966732741655,67.95948455016797,407.609677035365,0.0,97.0472183227539
347,4.0,4.694982711346866,0.6949827113468663,74.34559274082486,67.95948898781,407.34693627351453,0.0,96.95868682861328
348,4.0,4.692125737482727,0.6921257374827272,74.3231463700554,67.95948900445828,407.0755237564213,0.0,96.87042999267578
349,4.0,4.689222036065245,0.689222036065245,74.30157119063715,67.9594915670534,406.7996721217605,0.0,96.78237915039062
350,4.0,4.686320655977288,0.6863206559772879,74.28028999258171,67.95949199017184,406.5240410134046,0.0,96.69479370117188
351,4.0,4.683437357795439,0.6834373577954391,74.25894789826187,67.95948774634357,406.25012768612896,0.0,96.60753631591797
352,4.0,4.680571146964498,0.6805711469644979,74.23729088666394,67.95947859975834,405.9778376571895,0.0,96.52025604248047
353,4.0,4.677746079039618,0.6777460790396184,74.21513072262334,67.95947414697541,405.709456204326,0.0,96.4332046508789
354,4.0,4.674969034244259,0.6749690342442589,74.19236376394488,67.9594750485809,405.44563694876683,0.0,96.34638977050781
355,4.0,4.672251417417778,0.6722514174177778,74.16890852063518,67.95947444141039,405.1874633502511,0.0,96.25994110107422
356,4.0,4.669590072100897,0.6695900721008972,74.1447089321794,67.9594760562157,404.93463554514744,0.0,96.17372131347656
357,4.0,4.666990362824213,0.6669903628242126,74.11973825389403,67.95947760166375,404.68766316386245,0.0,96.08780670166016
358,4.0,4.664452937762328,0.664452937762328,74.0939858902399,67.95948324507192,404.4466077829834,0.0,96.002197265625
359,4.0,4.661983241890497,0.6619832418904972,74.06745935286473,67.9594828607744,404.21198667515944,0.0,95.9170150756836
360,4.0,4.65957651149198,0.6595765114919798,74.04013405613071,67.95948028860109,403.9833472873003,0.0,95.8321304321289
361,4.0,4.657234057398464,0.6572340573984636,74.01204211557004,67.9594856005433,403.7608141484163,0.0,95.74761199951172
362,4.0,4.654969458048967,0.6549694580489671,73.98316834122248,67.95948173161204,409.7678870616793,0.0,95.6637191772461
363,4.0,4.652604314409984,0.6526043144099836,73.95615389802612,67.95948334434918,409.54319841597584,0.0,95.5802001953125
364,4.0,4.649999787194798,0.6499997871947976,73.9332945111295,67.95948246943703,409.2957683305332,0.0,95.49716770648958
365,4.0,4.647244950882292,0.6472449508822917,73.91299479555022,67.959487675808,409.0340588808451,0.0,95.4143866300583
366,4.0,4.644406843338312,0.6444068433383121,73.89418259178227,67.95948529395494,408.7644386641671,0.0,95.33184647560121
367,4.0,4.641532323105984,0.6415323231059844,73.87610880009599,67.9594884038315,408.4913592420959,0.0,95.24954080581666
368,4.0,4.638671522208868,0.6386715222088677,73.85829504980975,67.95948736831869,408.2195831568698,0.0,95.16788053512575
369,4.0,4.635821777756893,0.6358217777568926,73.84036059511224,67.95948168418936,407.9488574339322,0.0,95.0863199234009
370,4.0,4.634204731298086,0.6342047312980856,73.82209638888584,67.95948485840746,413.82018296767734,0.0,95.0296412110328
371,4.0,4.631253268230013,0.6312532682300134,73.80593031251217,67.9594836886554,413.5397939762105,0.0,94.94832110404961
372,4.0,4.628047278252001,0.6280472782520006,73.79398304220308,67.95948548534774,413.23522492829926,0.0,94.86723399162285
373,4.0,4.624690731465107,0.6246907314651073,73.78458505959011,67.95948756171326,412.9163529835444,0.0,94.78635740280144
374,4.0,4.621243503035532,0.6212435030355321,73.77664617279011,67.95948111323598,412.5888662827348,0.0,94.70551300048821
375,4.0,4.617747514433677,0.6177475144336766,73.7693951975359,67.9594828880304,412.25674736555845,0.0,94.62456703186028
376,4.0,4.614243746633938,0.6142437466339379,73.76230521035814,67.95948070616912,411.9238894245833,0.0,94.5436820983886
377,4.0,4.610754758607117,0.6107547586071167,73.75500748981337,67.95948524314561,411.5924355620353,0.0,94.46284770965569
378,4.0,4.607296798844202,0.6072967988442022,73.74725198229123,67.95948376952812,411.2639293845584,0.0,94.38207721710198
379,4.0,4.603895638380725,0.6038956383807248,73.73888232130375,67.95948866987175,410.9408191405281,0.0,94.30169963836663
380,4.0,4.6005522161649255,0.6005522161649255,73.7297734522742,67.95948255738148,410.6231940300271,0.0,94.22157573699944
381,4.0,4.597241466732192,0.5972414667321919,73.7198510816942,67.95948094555872,410.30867283391746,0.0,94.14109897613518
382,4.0,4.593995794701542,0.5939957947015424,73.7091123877916,67.95948481900405,410.00033399100573,0.0,94.06093120574944
383,4.0,4.590813765076127,0.5908137650761267,73.69749088625292,67.95948420495908,409.69804117659123,0.0,93.98095989227288
384,4.0,4.5876890070367065,0.5876890070367065,73.68496855973925,67.95948114460221,409.4011891628463,0.0,93.90103340148919
385,4.0,4.584630972776867,0.5846309727768668,73.67154715917269,67.95948914202506,409.11067590816157,0.0,93.82134914398186
386,4.0,4.581632436846927,0.5816324368469266,73.65724121921481,67.95948555338973,408.8258149948172,0.0,93.7417793273925
387,4.0,4.578703328396369,0.5787033283963687,73.64204207776903,67.95948884195344,408.54754969201423,0.0,93.66251754760735
388,4.0,4.575839696612664,0.5758396966126638,73.6259635114099,67.95948565594522,408.2755046725623,0.0,93.58350181579583
389,4.0,4.573037068819,0.5730370688189996,73.60901499040826,67.95948729777263,408.00925503216416,0.0,93.50465393066399
390,4.0,4.570298037711583,0.5702980377115834,73.59121394161268,67.95948352543697,407.74904707695964,0.0,93.42605018615716
391,4.0,4.567639925065466,0.5676399250654658,73.57256468752502,67.95948021527435,407.49652637557847,0.0,93.34805107116692
392,4.0,4.565054918866607,0.5650549188666067,73.55309182991608,67.95948509917176,407.2509507866869,0.0,93.27052879333489
393,4.0,4.562533766331523,0.5625337663315229,73.53280858201215,67.95948878151681,407.01144129585384,0.0,93.19331169128411
394,4.0,4.560077488065685,0.5600774880656854,73.51171907971643,67.95949279420627,406.7780948605993,0.0,93.11642646789544
395,4.0,4.557682272321936,0.5576822723219363,73.48986027704996,67.95948557812467,406.55054936494315,0.0,93.03984260559074
396,4.0,4.5553433794262155,0.5553433794262155,73.46722085382989,67.95949037679416,406.32835453984967,0.0,92.96344947814933
397,4.0,4.553052034566636,0.5530520345666359,73.44383944009525,67.95948829577681,411.3646711065727,0.0,92.88711738586417
398,4.0,4.550688741796117,0.550688741796117,73.42191365675157,67.95948514851827,411.14015829337336,0.0,92.81118774414054
399,4.0,4.548125966478506,0.5481259664785059,73.40336862628938,67.95948651069612,410.8966946382003,0.0,92.73549079895011
400,4.0,4.545430961593001,0.5454309615930013,73.38688009273746,67.95948737792895,410.6406691740774,0.0,92.65972137451163
401,4.0,4.542683419220361,0.5426834192203609,73.37154552700669,67.95948364654049,410.37965264867654,0.0,92.58436203002921
402,4.0,4.5398993848843165,0.5398993848843165,73.35673818005932,67.9594878580005,410.1151693867523,0.0,92.50894737243644
403,4.0,4.5371232377480775,0.5371232377480775,73.34205303648456,67.95948902540076,409.8514354088096,0.0,92.43387031555167
404,4.0,4.534364613869722,0.5343646138697222,73.32718313635701,67.95948822842082,409.5893661403659,0.0,92.35894012451163
405,4.0,4.53163534904785,0.5316353490478498,73.3119338065082,67.95948700928702,409.330085982288,0.0,92.28415298461906
406,4.0,4.528961807104455,0.5289618071044551,73.29617666372614,67.9594864034697,409.0760994976655,0.0,92.2098846435546
407,4.0,4.526331656718676,0.5263316567186758,73.27983493599682,67.95948183855116,408.82623521101647,0.0,92.1357879638671
408,4.0,4.523768397290292,0.5237683972902918,73.26282803527917,67.95948345333764,408.58272556531995,0.0,92.06224060058585
409,4.0,4.5212525369535665,0.5212525369535665,73.24512509198118,67.95947796700192,408.3437188333311,0.0,91.98880767822257
410,4.0,4.518796765666698,0.5187967656666981,73.2267295562647,67.95947448981941,408.11042056107857,0.0,91.91575241088859
411,4.0,4.516393547928451,0.5163935479284509,73.20760202182046,67.95946995775105,407.8821148759451,0.0,91.84287261962882
412,4.0,4.514040413903907,0.5140404139039072,73.18775160924535,67.95947005596443,412.5419510757006,0.0,91.77013015747062
413,4.0,4.511618856082439,0.5116188560824391,73.16923367559957,67.95946927185759,412.31190308266105,0.0,91.69769287109366
414,4.0,4.509014377771994,0.5090143777719938,73.15382483038469,67.95947156508757,412.06447764316874,0.0,91.62545776367179
415,4.0,4.506309367910544,0.5063093679105437,73.14026143227156,67.95947894966946,411.80750170633104,0.0,91.5535125732421
416,4.0,4.503551791172916,0.5035517911729164,73.12771216096998,67.95947673311329,411.54553191625644,0.0,91.48178863525382
417,4.0,4.500769135381417,0.5007691353814172,73.11561289569707,67.95947881930712,411.28117961606404,0.0,91.41013717651359
418,4.0,4.497994683992762,0.49799468399276225,73.10356682417624,67.95947648880983,411.0176067341418,0.0,91.33873748779288
419,4.0,4.495226045937567,0.49522604593756725,73.09128915934762,67.95948279414448,410.75458611889826,0.0,91.26718521118156
420,4.0,4.492480407769891,0.4924804077698912,73.07862222317985,67.95948858329857,410.49375049296907,0.0,91.19563293457023
421,4.0,4.489796762572465,0.48979676257246485,73.06544479523389,67.95949028883368,410.2388041992135,0.0,91.12472152709952
422,4.0,4.487138106443399,0.48713810644339883,73.05164584098776,67.95948883117028,409.98623186695227,0.0,91.05356216430656
423,4.0,4.484530952429867,0.4845309524298669,73.0371999653317,67.9594843182162,409.7385522356667,0.0,90.98266220092765
424,4.0,4.481982853997611,0.48198285399761076,73.02207845828039,67.95948580583921,409.4964828846024,0.0,90.91213989257804
425,4.0,4.4794894409756205,0.4794894409756205,73.00624775468967,67.95948200936846,409.25960864751335,0.0,90.8418655395507
426,4.0,4.47707319698043,0.47707319698043005,72.98969344877133,67.95948150435851,409.0300654679702,0.0,90.77227783203116
427,4.0,4.474717299097917,0.47471729909791716,72.97241949604356,67.95948444105994,408.80625516913153,0.0,90.70304107666007
428,4.0,4.4724109477833975,0.47241094778339754,72.95445423377255,67.95948844848009,413.0750557981944,0.0,90.63397216796866
429,4.0,4.470026185780736,0.4700261857807364,72.93763924375925,67.9594810300771,412.8485034079416,0.0,90.5647659301757
430,4.0,4.467501943563938,0.4675019435639376,72.92361168918251,67.95947778463042,412.60870039734573,0.0,90.49621582031241
431,4.0,4.464886843254253,0.464886843254253,72.91126417240756,67.95947212235801,416.7766908788411,0.0,90.42792892456046
432,4.0,4.4620841865828185,0.46208418658281847,72.90163705571904,67.95947212182689,416.5104384950548,0.0,90.35923385620109
433,4.0,4.459039557536036,0.45903955753603576,72.89580553444459,67.95947741254234,416.2211987356104,0.0,90.29035568237296
434,4.0,4.455870685670015,0.455870685670015,72.89226964584056,67.95947712292559,415.9201559083385,0.0,90.22181320190421
435,4.0,4.452626804714141,0.4526268047141411,72.89003988435051,67.95947575585777,415.61198721753044,0.0,90.15337371826163
436,4.0,4.449337085333469,0.44933708533346906,72.88841271812635,67.95947687417309,415.29946387636664,0.0,90.08475494384757
437,4.0,4.4460271011723345,0.44602710117233446,72.88692076374726,67.95947638118933,414.9850153810588,0.0,90.01589584350577
438,4.0,4.442751828681248,0.4427518286812484,72.88522187270277,67.95947717131912,414.6738644944056,0.0,89.94748687744132
439,4.0,4.439501825421054,0.4395018254210541,72.8831210954215,67.9594818709645,414.3651141846872,0.0,89.8790969848632
440,4.0,4.43627420658645,0.4362742065864502,72.88045138101535,67.95948505795255,414.0584903953998,0.0,89.81046295166007
441,4.0,4.4331019597889645,0.4331019597889645,72.87711531783428,67.95948454359063,413.7571269496387,0.0,89.7421340942382
442,4.0,4.429981187758734,0.4299811877587336,72.87305170979133,67.95948680148918,413.46065360676675,0.0,89.67395782470695
443,4.0,4.42689904566826,0.42689904566826,72.86820380519214,67.95948605450141,413.1678501081717,0.0,89.60560607910148
444,4.0,4.423870947496128,0.42387094749612775,72.86257076911112,67.95948878990875,412.88018078181915,0.0,89.53739166259757
445,4.0,4.420900743660175,0.4209007436601748,72.85613122921616,67.95948808675901,412.59801141740365,0.0,89.46936798095695
446,4.0,4.4179824919392185,0.41798249193921855,72.84886989151717,67.95948989953455,412.32077750391284,0.0,89.40139770507804
447,4.0,4.41509448577374,0.4150944857737402,72.84078268869054,67.95948773947323,412.04641691819234,0.0,89.33303833007804
448,4.0,4.41230620937128,0.4123062093712804,72.83186036454914,67.95947480052035,411.78153065995866,0.0,89.26568603515616
449,4.0,4.40957829227668,0.40957829227667997,72.8221354861399,67.95947428100695,411.52237853597165,0.0,89.19858551025382
450,4.0,4.406905130758599,0.4069051307585987,72.81161229413996,67.95947355422739,411.2684281917539,0.0,89.13162994384757
451,4.0,4.404285540185572,0.4042855401855716,72.80031554486482,67.95947279890939,411.0195670873163,0.0,89.06482696533195
452,4.0,4.401699032633666,0.40169903263366624,72.78825235553838,67.95947158079072,410.77384886988534,0.0,88.99777221679679
453,4.0,4.3991916953888905,0.39919169538889054,72.77540843416404,67.95947373346591,410.53565183163164,0.0,88.93138122558585
454,4.0,4.396732047137662,0.39673204713766186,72.76181686905424,67.9594753135928,410.30198524776495,0.0,88.8650588989257
455,4.0,4.394324168379845,0.3943241683798453,72.74749679923713,67.95947502096598,410.0732367657723,0.0,88.79891204833976
456,4.0,4.39192802914241,0.3919280291424103,72.73246006329549,67.95948039075432,409.84560353821604,0.0,88.73214721679679
457,4.0,4.389613301439213,0.3896133014392129,72.71669022191784,67.95947923847045,413.3270307700848,0.0,88.66615295410148
458,4.0,4.387254170733148,0.38725417073314805,72.70176474689345,67.9594785234393,413.1029133530086,0.0,88.60031127929679
459,4.0,4.384766961768436,0.3847669617684364,72.68902781170604,67.95948117645133,412.866628501361,0.0,88.53456878662101
460,4.0,4.382218041739599,0.3822180417395993,72.67753802431632,67.959473216532,416.2555524951477,0.0,88.46911621093741
461,4.0,4.379545365774203,0.37954536577420317,72.66815722427783,67.95947726456363,416.0016482784351,0.0,88.40374755859366
462,4.0,4.376672394584984,0.37667239458498436,72.66178264353738,67.9594756010859,415.72871601545927,0.0,88.33800506591788
463,4.0,4.372489404425567,0.37248940442556666,72.65716590482289,67.95947920152648,415.3313319503146,0.0,88.2479689095635
464,4.0,4.369484517161293,0.36948451716129327,72.65348337857276,67.95947755254261,415.0458676602086,0.0,88.18285298347473
465,4.0,4.366459686125222,0.3664596861252223,72.65008357792263,67.95946093048117,414.75850871178193,0.0,88.11768364906311
466,4.0,4.363424763012053,0.36342476301205284,72.64665903682226,67.95946454076403,414.47019101603075,0.0,88.05228638648987
467,4.0,4.360427592163939,0.3604275921639388,72.6429261654556,67.95946102401791,414.18545978545995,0.0,87.98728322982788
468,4.0,4.357460346796049,0.3574603467960493,72.63873283022522,67.95946668615949,413.9035714755105,0.0,87.92233276367188
469,4.0,4.35452848218504,0.35452848218503963,72.63396293745764,67.95947530836332,413.62504433746454,0.0,87.85740566253662
470,4.0,4.351646280267733,0.35164628026773315,72.62853999180314,67.95948795093028,413.3512351553204,0.0,87.79269886016846
471,4.0,4.348793217144967,0.3487932171449666,72.62242193764229,67.95943177397375,413.0801941586576,0.0,87.72774887084961
472,4.0,4.346014125796599,0.3460141257965992,72.6155567696843,67.95941969160931,412.8161804805627,0.0,87.66339874267578
473,4.0,4.3432759242658845,0.3432759242658845,72.60795971744133,67.95942640833925,412.5560513351448,0.0,87.59900093078613
474,4.0,4.340594000111072,0.3405940001110723,72.59960873871658,67.95943599278758,412.3012685404376,0.0,87.53484058380127
475,4.0,4.33795954657904,0.33795954657904037,72.59050054870166,67.95944444779745,412.05099545489463,0.0,87.47073745727539
476,4.0,4.33536673378173,0.3353667337817301,72.58065881151802,67.95929015088721,411.8046782391501,0.0,87.40660381317139
477,4.0,4.331860928921423,0.33186092892142316,72.57006567008754,67.95925725068959,411.47162677742097,0.0,87.32317557930946
478,4.0,4.32937475124922,0.3293747512492198,72.55869628496136,67.95927991742523,411.23543989856165,0.0,87.25938546657562
479,4.0,4.326930049328815,0.32693004932881475,72.54652175511934,67.95931797280993,411.0031932161232,0.0,87.19547915458679
480,4.0,4.324544225207328,0.32454422520732784,72.53357088958163,67.95937161084576,410.7765399245819,0.0,87.13184309005737
481,4.0,4.322219820913804,0.3222198209138041,72.51990384041272,67.95914539964784,410.5557215166972,0.0,87.06860160827637
482,4.0,4.319950941184076,0.31995094118407597,72.5055166574137,67.95910112366869,413.37971188362167,0.0,87.00563192367554
483,4.0,4.317651009062349,0.3176510090623488,72.49168540496792,67.95911934595686,413.1612183320576,0.0,86.94272184371948
484,4.0,4.315259287641839,0.3152592876418394,72.4795354224495,67.959190889813,412.9340047971092,0.0,86.87999677658081
485,4.0,4.312823110463338,0.3128231104633379,72.46829566745853,67.95928705155826,415.6743875145533,0.0,86.81748342514038
486,4.0,4.310306008374446,0.3103060083744458,72.45868115588914,67.95939136333965,415.43526281610855,0.0,86.75530242919922
487,4.0,4.307636739675338,0.30763673967533833,72.45141261843496,67.95898862791653,415.1816822896933,0.0,86.69287967681885
488,4.0,4.304910933561377,0.3049109335613771,72.44549641563151,67.95892592402512,414.922730708867,0.0,86.63094711303711
489,4.0,4.302132332726345,0.30213233272634543,72.44026057340787,67.95896259878087,414.658763629539,0.0,86.56877422332764
490,4.0,4.299338454483455,0.299338454483455,72.43524820580917,67.95906756051257,414.39334519646445,0.0,86.5065689086914
491,4.0,4.296566505606148,0.2965665056061484,72.43013771478415,67.95919803667871,414.13001005312026,0.0,86.44469547271729
492,4.0,4.293807769451764,0.2938077694517638,72.4247497876061,67.95865810097958,413.8679301184537,0.0,86.38276481628418
493,4.0,4.2910844507118,0.2910844507118,72.41891401986128,67.9585934239246,413.6092148381572,0.0,86.32102108001709
494,4.0,4.288391071380649,0.2883910713806488,72.41253806821946,67.95869019703434,413.35334380169786,0.0,86.25924491882324
495,4.0,4.285745887804513,0.28574588780451293,72.4055473322437,67.95888011295439,413.1020513619649,0.0,86.19771575927734
496,4.0,4.283135499601888,0.28313549960188844,72.39790850915017,67.95910103011504,412.85406448271556,0.0,86.1361255645752
497,4.0,4.280574000511027,0.2805740005110273,72.38958758200124,67.95838888142423,412.6107220690838,0.0,86.0747184753418
498,4.0,4.27806038927706,0.27806038927706034,72.38057647549438,67.95828654428006,412.3719290018569,0.0,86.01346588134766
499,4.0,4.275572539569227,0.275572539569227,72.37087139482051,67.95839963533255,412.1355832796128,0.0,85.95191955566406
500,4.0,4.273158980165234,0.2731589801652339,72.36048189473674,67.95864424323152,411.90629513623344,0.0,85.89106750488281
501,4.0,4.2659081614142815,0.26590816141428153,72.34939650931399,67.95892678484557,411.21746735489296,0.0,85.7321891784668
502,4.0,4.25914698056613,0.25914698056612995,72.33742849382789,67.95921068227638,410.5751551743185,0.0,85.58215004205704
503,4.0,4.256914057481678,0.25691405748167817,72.32425043462099,67.95824842767954,410.3630274812956,0.0,85.52169954776764
504,4.0,4.254753865113959,0.25475386511395914,72.30983985797499,67.95807554339291,410.15780920636234,0.0,85.46126961708069
505,4.0,4.252665345614486,0.25266534561448584,72.29438662522819,67.95816417441596,409.9593998539124,0.0,85.40106463432312
506,4.0,4.250643284023094,0.2506432840230941,72.27803549790903,67.95842487752132,409.76730400273016,0.0,85.34115171432495
507,4.0,4.248682665007964,0.24868266500796388,72.2608724732272,67.95876202236647,409.58104519629273,0.0,85.28153228759766
508,4.0,4.246767394850554,0.2467673948505542,72.2429953140916,67.95755327610439,409.39909453133885,0.0,85.221999168396
509,4.0,4.244906552357471,0.24490655235747116,72.2244351777918,67.9574518776173,409.22231449449595,0.0,85.16277170181274
510,4.0,4.243102644081102,0.24310264408110172,72.20522407045118,67.95766827804356,409.0509432082408,0.0,85.10393810272217
511,4.0,4.241335037104113,0.24133503710411297,72.18542290236412,67.95808940753783,408.8830205454269,0.0,85.04515647888184
512,4.0,4.239620106558324,0.23962010655832433,72.16502844906921,67.95859368578948,408.72010214357704,0.0,84.98675155639648
513,4.0,4.237944898045472,0.23794489804547236,72.14407981212707,67.95716828114446,408.5609573348561,0.0,84.92850971221924
514,4.0,4.227502720647861,0.2275027206478608,72.12258594543685,67.95703568857567,407.568950482083,0.0,84.69400786235929
515,4.0,4.225935113289037,0.2259351132890366,72.10020952991215,67.95730796662205,407.4200277829947,0.0,84.63633531332016
516,4.0,4.224454207964996,0.22445420796499604,72.07668898279428,67.95782236919932,407.2793417772108,0.0,84.57907557487488
517,4.0,4.223045737391211,0.22304573739121114,72.0522206767666,67.95843212563356,407.14553707270125,0.0,84.52217316627502
518,4.0,4.221696855136848,0.22169685513684811,72.02698673903892,67.95899741439298,407.0173932585368,0.0,84.46558427810669
519,4.0,4.220403492194845,0.220403492194845,72.00108702135475,67.95718383026362,406.8945237790465,0.0,84.40934419631958
520,4.0,4.219160228947083,0.2191602289470831,71.97460075710643,67.95684914374543,406.77641377050907,0.0,84.3534369468689
521,4.0,4.217964149654026,0.21796414965402633,71.94759112963284,67.95699456147226,406.6627862376687,0.0,84.2978777885437
522,4.0,4.216814547339909,0.2168145473399088,71.92009060541378,67.95746213983726,406.55357401782754,0.0,84.24269008636475
523,4.0,4.21570821311103,0.2157082131110304,71.89214545663106,67.95807639016665,406.4484722660841,0.0,84.18786334991455
524,4.0,4.214636417437909,0.21463641743790873,71.86377185449228,67.95609634929639,406.3466516771375,0.0,84.13324165344238
525,4.0,4.204170529667169,0.2041705296671692,71.83500317674424,67.95593693056779,405.3523923389173,0.0,83.89072315394878
526,4.0,4.2031991925802235,0.20319919258022345,71.80547349922591,67.95635711974634,405.26011531565746,0.0,83.83686339855194
527,4.0,4.202313846184053,0.2023138461840528,71.7748858007674,67.95713192068413,405.1760074080212,0.0,83.78349900245667
528,4.0,4.2014985404566065,0.20149854045660653,71.74349297612757,67.95801444352337,405.0985533639138,0.0,83.73060584068298
529,4.0,4.200742647421796,0.20074264742179615,71.71144925933856,67.95884274114277,405.02674352560683,0.0,83.67815089225769
530,4.0,4.200042743040908,0.20004274304090774,71.67887969263664,67.9567238530873,404.96025260942247,0.0,83.62621068954468
531,4.0,4.199407768840743,0.19940776884074296,71.64585759143542,67.95635884710873,404.89993006040675,0.0,83.57504749298096
532,4.0,4.198810845715503,0.1988108457155029,71.6124561642837,67.95651008620779,404.84322236350897,0.0,83.52421045303345
533,4.0,4.198260536586543,0.19826053658654264,71.57871620671827,67.95701742132403,404.79094299625774,0.0,83.47391653060913
534,4.0,4.197745423147284,0.19774542314728372,71.54467792240365,67.95770643333569,404.74200721952815,0.0,83.42398452758789
535,4.0,4.1873089135883115,0.18730891358831148,71.5103707378271,67.95562077042786,403.7505388114258,0.0,83.1766702234745
536,4.0,4.1868926790372365,0.1868926790372365,71.47541699339097,67.955510181723,403.71099652907367,0.0,83.12775003910065
537,4.0,4.186555656904456,0.1865556569044564,71.43951045044206,67.95602714753483,403.6789794264596,0.0,83.07930183410645
538,4.0,4.186289974385793,0.18628997438579287,71.40291367477155,67.956907012536,403.6537395871865,0.0,83.03147268295288
539,4.0,4.186066959527939,0.18606695952793917,71.36578166986031,67.95789011676452,403.6325531756904,0.0,82.98387241363525
540,4.0,4.18588348385843,0.18588348385843023,71.32825819622181,67.95593598299045,403.61512298708703,0.0,82.93660497665405
541,4.0,4.185770992792481,0.18577099279248088,71.29042057981782,67.95585230256745,403.6044363358219,0.0,82.89038181304932
542,4.0,4.185676086370769,0.18567608637076916,71.25232793012123,67.95632607393388,403.59542022575926,0.0,82.84421253204346
543,4.0,4.185625058017391,0.18562505801739082,71.21403698399826,67.957097427727,403.59057253218833,0.0,82.79868268966675
544,4.0,4.176551979569415,0.17655197956941482,71.1755898549973,67.95797880095964,402.7286300796306,0.0,82.57459741830826
545,4.0,4.176601911361263,0.1766019113612627,71.13663204291235,67.95876447748283,402.7333735998561,0.0,82.53038704395294
546,4.0,4.176727458024932,0.17672745802493228,71.09690325375203,67.95664436037693,402.74530053290476,0.0,82.48677444458008
547,4.0,4.176907428321547,0.17690742832154704,71.05664810964366,67.95627765791248,402.76239771108317,0.0,82.44362258911133
548,4.0,4.177146585063035,0.17714658506303493,71.01601607773307,67.95645959297299,402.7851176015245,0.0,82.40119695663452
549,4.0,4.17742482255734,0.17742482255733982,70.97512248409278,67.95700556202137,402.8115501634835,0.0,82.35923290252686
550,4.0,4.177743323725698,0.17774332372569823,70.93405897451427,67.95774239826972,402.8418077744775,0.0,82.31785869598389
551,4.0,4.178093472070799,0.17809347207079895,70.89286902983807,67.95572731267936,402.87507186726214,0.0,82.27695369720459
552,4.0,4.169365414191213,0.16936541419121287,70.85160794071872,67.95563497334709,402.0459063687014,0.0,82.0572899132967
553,4.0,4.1698017383283315,0.16980173832833145,70.80994225257484,67.95616364048581,402.0873571617277,0.0,82.01761674880981
554,4.0,4.170300973295288,0.17030097329528804,70.76761129337567,67.95702041655733,402.13478448358853,0.0,81.97839951515198
555,4.0,4.170856889897372,0.17085688989737235,70.72484151966992,67.9579952894886,402.1875965607866,0.0,81.93977570533752
556,4.0,4.171464823766745,0.17146482376674488,70.68179248284034,67.958859041801,402.2453502783769,0.0,81.90183639526367
557,4.0,4.172111110577551,0.1721111105775508,70.63857876982249,67.95677018946887,402.3067475254035,0.0,81.86444425582886
558,4.0,4.1727869571152265,0.1727869571152265,70.59528561944647,67.95641160745774,402.3709529464827,0.0,81.82752418518066
559,4.0,4.1734909643090345,0.17349096430903455,70.55196314262332,67.95656064945746,402.4378336298945,0.0,81.7911057472229
560,4.0,4.174222414936357,0.1742224149363567,70.50864984289083,67.95705637663823,402.50732143949006,0.0,81.75521850585938
561,4.0,4.165838958037325,0.16583895803732496,70.46537718172875,67.95773849337624,401.71089303408206,0.0,81.54094818234444
562,4.0,4.166658076369303,0.16665807636930285,70.42185666972723,67.955653842335,401.78870927561996,0.0,81.50661051273346
563,4.0,4.167530963223869,0.16753096322386885,70.3777700707466,67.95553014648604,401.87163352680375,0.0,81.47264885902405
564,4.0,4.168457693271651,0.16845769327165083,70.33331634448244,67.95602900758384,401.95967288134307,0.0,81.43929266929626
565,4.0,4.1704371484810725,0.1704371484810725,70.28868109430424,67.95688593726348,402.1477211262381,0.0,81.42625743150711
566,4.0,4.171454339145728,0.17145433914572816,70.24399684196142,67.95789803655583,402.2443542393804,0.0,81.39434039592743
567,4.0,4.172499796118473,0.17249979611847266,70.1994550024093,67.95602457432136,402.3436726517911,0.0,81.36311435699463
568,4.0,4.173560938096164,0.17356093809616358,70.15503243609251,67.95598599710043,402.4444811396717,0.0,81.33230638504028
569,4.0,4.1746522910293,0.17465229102930024,70.11071350549499,67.95646497321184,402.5481596683197,0.0,81.30218076705933
570,4.0,4.166543505476896,0.16654350547689578,70.06656288915933,67.95722194435575,401.7778250408413,0.0,81.09316182136536
571,4.0,4.167690144481144,0.16769014448114383,70.02224309457614,67.95807739444099,401.88675574624483,0.0,81.0641701221466
572,4.0,4.168906938546293,0.1689069385462929,69.97744805232773,67.9588307877014,402.00235118243404,0.0,81.03596353530884
573,4.0,4.170163997894209,0.17016399789420866,69.9324188469419,67.95669661619398,402.12177182048606,0.0,81.00823760032654
574,4.0,4.171460466258675,0.17146046625867495,69.88728697502417,67.95630013740514,402.2449363151103,0.0,80.98112630844116
575,4.0,4.172799891693128,0.1727998916931277,69.84215177911753,67.95645589676714,402.3721817313833,0.0,80.95481204986572
576,4.0,4.174148967301991,0.17414896730199114,69.79719467950721,67.95698236738085,402.50034391422537,0.0,80.92885780334473
577,4.0,4.175536572477413,0.17553657247741317,69.75228611870844,67.9577209562652,402.6321664058904,0.0,80.90367269515991
578,4.0,4.167677289879591,0.16767728987959085,69.70768342754756,67.95571546959697,401.8855345590973,0.0,80.69975809752941
579,4.0,4.169123314332213,0.16912331433221262,69.66282354026173,67.95563921012149,402.02290688209644,0.0,80.67580604553223
580,4.0,4.170619534066863,0.17061953406686303,69.61764753884096,67.95617689241392,402.16504775688816,0.0,80.6524224281311
581,4.0,4.172173091121523,0.17217309112152268,69.57220407161091,67.95706509461183,402.31263567708083,0.0,80.62979936599731
582,4.0,4.173747107828818,0.17374710782881841,69.52683590773732,67.95804853491386,402.46216726427394,0.0,80.60761952400208
583,4.0,4.1753791726461245,0.17537917264612446,69.48142566500502,67.95891566813319,402.617213421918,0.0,80.58647155761719
584,4.0,4.177003315717557,0.177003315717557,69.43634020074805,67.95682462826143,402.7715070137041,0.0,80.56550645828247
585,4.0,4.178672398876507,0.17867239887650666,69.3913371787593,67.95641403963414,402.93006991380435,0.0,80.5454626083374
586,4.0,4.180350711492597,0.18035071149259707,69.34666951306576,67.95655508612114,403.0895096123329,0.0,80.52594423294067
587,4.0,4.172737391209346,0.1727373912093464,69.30224907941438,67.95703711961166,402.3662441854241,0.0,80.32780167460442
588,4.0,4.178350443111481,0.17835044311148085,69.25777844685032,67.9577011321563,402.89948411612687,0.0,80.38424146175385
589,4.0,4.1860142163648275,0.1860142163648275,69.21313787360496,67.9556405631887,403.6275425751948,0.0,80.47977197170258
590,4.0,4.187799707207567,0.18779970720756722,69.1689257888219,67.95553306237895,403.79716420525506,0.0,80.46266865730286
591,4.0,4.189575187376357,0.1895751873763567,69.12533745630337,67.95604789945004,403.96583482129006,0.0,80.4460551738739
592,4.0,4.191367945676523,0.19136794567652338,69.08228189560933,67.95690795273141,404.1361468598059,0.0,80.43035054206848
593,4.0,4.19316265041879,0.19316265041879,69.03974058193761,67.95791895581853,404.30664381032125,0.0,80.41523933410645
594,4.0,4.194951052882963,0.19495105288296344,68.99765462248041,67.95884432895167,404.4765420444177,0.0,80.4004955291748
595,4.0,4.196734775743777,0.19673477574377696,68.95603401028764,67.9567823600464,404.645995716195,0.0,80.38616275787354
596,4.0,4.189182704533534,0.18918270453353436,68.9147683166639,67.95642921146967,403.92854895122196,0.0,80.19348764419556
597,4.0,4.19101238416183,0.19101238416183008,68.87356514775831,67.95658785965972,404.10236851591003,0.0,80.18054568767548
598,4.0,4.192888410025839,0.192888410025839,68.8320903159509,67.95707113188124,404.2805909729909,0.0,80.16813158988953
599,4.0,4.194794686710079,0.19479468671007893,68.79061124799411,67.95774864818597,404.46168725799373,0.0,80.15624737739563
600,4.0,4.196738070000007,0.19673807000000743,68.74923629232948,67.95563053587132,404.6463086705369,0.0,80.14514923095703
601,4.0,4.208001228871667,0.20800122887166683,68.70799091611629,67.95548589201994,405.71630876334456,0.0,80.3120306134224
602,4.0,4.209961978185024,0.20996197818502438,68.66739020129732,67.95600284234798,405.9025799481135,0.0,80.30197274684906
603,4.0,4.21189074358575,0.21189074358574977,68.62776112965575,67.9568714586987,406.08581266118244,0.0,80.29239773750305
604,4.0,4.204376116453308,0.20437611645330822,68.5889468762526,67.95786526987928,405.37192308360045,0.0,80.10381391644478
605,4.0,4.2062876618106575,0.2062876618106575,68.55038256216534,67.95599368573204,405.55351989254865,0.0,80.09517455101013
606,4.0,4.208246072008296,0.20824607200829615,68.51173932665863,67.95593467825188,405.7395688613243,0.0,80.08729386329651
607,4.0,4.210229555217056,0.21022955521705633,68.47318581041668,67.95640760370023,405.9279997661565,0.0,80.07995295524597
608,4.0,4.212230501718684,0.2122305017186843,68.43488512693874,67.95718651538668,406.1180896838112,0.0,80.07319736480713
609,4.0,4.214236861957122,0.21423686195712222,68.39686146707709,67.95804985642673,406.3086939064628,0.0,80.06682634353638
610,4.0,4.216264602760708,0.2162646027607078,68.35919017479436,67.95879360173001,406.50132928280345,0.0,80.06123161315918
611,4.0,4.218292605272025,0.21829260527202532,68.32178729622053,67.95669839157135,406.6939895213786,0.0,80.0559139251709
612,4.0,4.230309993819885,0.23030999381988515,68.2848559548807,67.95630821760597,407.8356414334253,0.0,80.24058571457863
613,4.0,4.22286684151019,0.2228668415101902,68.24869063599965,67.95648490487729,407.1285419640043,0.0,80.05698129534721
614,4.0,4.224864310544207,0.2248643105442074,68.213191629696,67.95700873078896,407.3183015222359,0.0,80.05318856239319
615,4.0,4.226875275133455,0.2268752751334553,68.17794667382307,67.95772556557,407.50934315821445,0.0,80.04991030693054
616,4.0,4.22888033185383,0.22888033185382994,68.14315659722686,67.95573007333465,407.69982354665,0.0,80.04701519012451
617,4.0,4.230910754812014,0.2309107548120144,68.10859630296959,67.95563594617742,407.8927137276776,0.0,80.04483127593994
618,4.0,4.23293870831459,0.23293870831458996,68.07441384158555,67.95617787501297,408.08536931042227,0.0,80.04300594329834
619,4.0,4.234958849633402,0.23495884963340163,68.040714310822,67.95704319642212,408.2772827357094,0.0,80.04156255722046
620,4.0,4.236999704182919,0.23699970418291905,68.00736349990838,67.95801932077474,408.4711639179135,0.0,80.04088306427002
621,4.0,4.239032083683858,0.23903208368385798,67.97450061553204,67.95889779538497,408.6642399705027,0.0,80.04058027267456
622,4.0,4.242100016201722,0.2421000162017224,67.9421314866972,67.95682757828969,408.95569355969985,0.0,80.06036585569382
623,4.0,4.244116030725882,0.24411603072588228,67.91026001490188,67.95647171297568,409.14721493949503,0.0,80.06083977222443
624,4.0,4.246126510827129,0.24612651082712933,67.87877971315497,67.95660304456851,409.33821054911346,0.0,80.06163501739502
625,4.0,4.248124384757648,0.24812438475764775,67.84798463626032,67.9570722871096,409.5280085725127,0.0,80.06296610832214
626,4.0,4.250127980216704,0.25012798021670424,67.81763895313266,67.95772750587773,409.7183501411231,0.0,80.06490135192871
627,4.0,4.252112730859461,0.2521127308594613,67.78788894175455,67.95564036120024,409.906901452185,0.0,80.06715154647827
628,4.0,4.254088381286612,0.2540883812866124,67.75850048413085,67.95552421863344,410.09458824276436,0.0,80.06962490081787
629,4.0,4.256059524032938,0.2560595240329384,67.72971521146138,67.95602474729708,410.28184680366536,0.0,80.07269430160522
630,4.0,4.258072681352658,0.25807268135265815,67.70140781143856,67.95690943059935,410.47309674903875,0.0,80.07708752527833
631,4.0,4.260028048330591,0.26002804833059123,67.67349525638355,67.95791608319838,410.6588566119424,0.0,80.0808299779892
632,4.0,4.261960426945437,0.2619604269454374,67.64620417852112,67.95603646029426,410.84243258035275,0.0,80.08484590053558
633,4.0,4.26389173650469,0.2638917365046902,67.61932064724716,67.95596871809211,411.0259069884818,0.0,80.08929514884949
634,4.0,4.265826933581695,0.2658269335816952,67.59291404045194,67.9564358798343,411.20975071079727,0.0,80.09435367584229
635,4.0,4.267734897642489,0.26773489764248914,67.56716666515173,67.95721179737646,411.39100729657264,0.0,80.09965419769287
636,4.0,4.269637087132,0.26963708713199974,67.54176683902953,67.95806112430702,411.5717152980762,0.0,80.10523128509521
637,4.0,4.271539517796291,0.27153951779629093,67.51688494832902,67.95881051600058,411.75244621118384,0.0,80.11140060424805
638,4.0,4.273409784298934,0.27340978429893426,67.49245727473743,67.95667556340234,411.93012152893493,0.0,80.11747980117798
639,4.0,4.275338972966061,0.27533897296606114,67.46846960140087,67.95626379883454,412.11339445231204,0.0,80.12516042590141
640,4.0,4.277189599612848,0.27718959961284817,67.44502672302232,67.95642977149541,412.2892039837568,0.0,80.13199079036713
641,4.0,4.279038528543883,0.2790385285438832,67.42204525330791,67.95698323473879,412.4648522322051,0.0,80.13931369781494
642,4.0,4.280895288547445,0.2808952885474447,67.39939632234457,67.95772065981107,412.64124443254343,0.0,80.14715504646301
643,4.0,4.282719485854035,0.2827194858540354,67.3772873305833,67.95574950305881,412.81454317666953,0.0,80.15500593185425
644,4.0,4.284523615750041,0.28452361575004126,67.35580090744143,67.955684062285,412.9859355167901,0.0,80.16319990158081
645,4.0,4.286331247238746,0.2863312472387456,67.33456831742322,67.95622433108016,413.157660508217,0.0,80.17174005508423
646,4.0,4.288109145985438,0.28810914598543835,67.31383357380383,67.9570887194949,413.3265608891528,0.0,80.18029594421387
647,4.0,4.289883793239941,0.28988379323994096,67.29358278111211,67.95803971945115,413.4951523783306,0.0,80.18934726715088
648,4.0,4.2916807960862435,0.29168079608624353,67.27380472833529,67.95889430087061,413.6658676487293,0.0,80.19935995340347
649,4.0,4.293444715078365,0.29344471507836456,67.25422841696506,67.95681220017063,413.8334399529808,0.0,80.20897543430328
650,4.0,4.2951706929007,0.2951706929007001,67.23534208067345,67.95642816166001,413.9974078461027,0.0,80.21868634223938
651,4.0,4.296897448779343,0.296897448779343,67.21684775961747,67.95656605479154,414.16144965457374,0.0,80.22886157035828
652,4.0,4.298624858420805,0.2986248584208049,67.19870051115487,67.95704593917293,414.3255535705126,0.0,80.23944568634033
653,4.0,4.300322086874712,0.3003220868747123,67.18098644722588,67.9577211397745,417.33985009894366,0.0,80.24996662139893
654,4.0,4.301943892155583,0.3019438921555828,67.16481783189444,67.95564399212246,417.4939216006263,0.0,80.26091051101685
655,4.0,4.303418425407313,0.3034184254073127,67.1511460543551,67.95551520330888,417.6340022595407,0.0,80.2720775604248
656,4.0,4.296473458253583,0.2964734582535833,67.13930060173368,67.95604935080992,416.97423037993633,0.0,80.12839528918266
657,4.0,4.306122764480446,0.3061227644804463,67.12837840602347,67.95695111769768,420.7990807340526,0.0,80.29528844356537
658,4.0,4.307330719361974,0.30733071936197387,67.11937236978176,67.95794520884122,420.91383644779773,0.0,80.30703735351562
659,4.0,4.3083306853707075,0.3083306853707075,67.11344176534402,67.95886626342842,421.0088332186274,0.0,80.31858348846436
660,4.0,4.309212764223915,0.30921276422391486,67.10959894742693,67.95679508351321,424.03015196980925,0.0,80.33042788505554
661,4.0,4.309916807965573,0.30991680796557297,67.10847635228727,67.95644165210567,424.0970361252668,0.0,80.34220838546753
662,4.0,4.3104106369630175,0.3104106369630175,67.11048212424475,67.95656885076204,424.143949880024,0.0,80.35381555557251
663,4.0,4.310767533233126,0.31076753323312634,67.11473556233946,67.9570402248527,427.13014659139907,0.0,80.36556196212769
664,4.0,4.310928226327122,0.310928226327122,67.12169585031135,67.95769770821235,427.1454124353287,0.0,80.37689256668091
665,4.0,4.31094075233836,0.31094075233836005,67.13180440148199,67.95558790834804,427.14660240639625,0.0,80.38923093676567
666,4.0,4.310776287258464,0.31077628725846385,67.14392090160533,67.95547445866077,430.0833529527615,0.0,80.40067279338837
667,4.0,4.310412264599701,0.3104122645997007,67.1587802151309,67.95600750880345,430.04877080017906,0.0,80.41167497634888
668,4.0,4.309837207421603,0.30983720742160337,67.17669834142534,67.95689146097664,429.99414036825976,0.0,80.42239832878113
669,4.0,4.309110928647668,0.30911092864766765,67.19662140741603,67.95788898749127,432.8616977068888,0.0,80.43269324302673
670,4.0,4.308252121743449,0.3082521217434486,67.219143824765,67.95602786944632,432.7801110509879,0.0,80.44361639022827
671,4.0,4.307167199951538,0.30716719995153774,67.24446532852103,67.95597320969264,432.6770434807564,0.0,80.4536542892456
672,4.0,4.305928399860591,0.3059283998605906,67.2717467033927,67.95645367176886,435.465677270792,0.0,80.46314573287964
673,4.0,4.304526389835439,0.30452638983543867,67.30140805062013,67.95720862277962,435.3324863184026,0.0,80.47241306304932
674,4.0,4.302921762155829,0.30292176215582867,67.33394724127446,67.95805212581314,435.18004668883964,0.0,80.48130747675896
675,4.0,4.301187587760476,0.3011875877604764,67.36802571603273,67.95880460328027,437.8765822050057,0.0,80.48958778381348
676,4.0,4.299279163048934,0.29927916304893376,67.40452029283662,67.95667493348955,437.6952818574092,0.0,80.4974582195282
677,4.0,4.297172012474461,0.29717201247446123,67.44367299187758,67.95627444403972,437.4951025528343,0.0,80.50473999977112
678,4.0,4.294963086924526,0.29496308692452633,67.48440984801545,67.95642492103659,437.2852546255905,0.0,80.51195812225342
679,4.0,4.292636382915821,0.2926363829158207,67.5260158020053,67.95697677622415,437.0642177447635,0.0,80.5179533958435
680,4.0,4.290253556302155,0.2902535563021553,67.56827188088636,67.95772201700882,436.8378492164652,0.0,80.52361631393433
681,4.0,4.287823911829659,0.2878239118296593,67.61062135198374,67.95574408022037,436.6070329915781,0.0,80.52845525741577
682,4.0,4.275837649102037,0.2758376491020371,67.6529386718959,67.95567245245425,435.46833803245397,0.0,80.35360617935658
683,4.0,4.282953066557115,0.2829530665571154,67.6945433884149,67.9562177287645,436.14430269068646,0.0,80.53682005405426
684,4.0,4.2805541400824145,0.2805541400824145,67.73550378813823,67.95709979539208,435.9164046755899,0.0,80.54041421413422
685,4.0,4.278134873553089,0.2781348735530891,67.77637864542957,67.95805535187678,435.68657435530395,0.0,80.54346919059753
686,4.0,4.2756832249265795,0.2756832249265795,67.81696574483188,67.95891328837732,435.45366773578553,0.0,80.5455174446106
687,4.0,4.273241516548987,0.2732415165489872,67.85717945068001,67.95685444028182,435.2217054399142,0.0,80.54725456237793
688,4.0,4.27079322779107,0.27079322779106985,67.896907880862,67.956466165224,434.9891180079121,0.0,80.54823732376099
689,4.0,4.268353035306747,0.26835303530674715,67.9361456229524,67.95658617165104,434.75729972190146,0.0,80.54873704910278
690,4.0,4.265936033817289,0.26593603381728936,67.97492512159144,67.95706456751873,434.52768458040293,0.0,80.54907846450806
691,4.0,4.257975148829989,0.2579751488299893,68.01316610133766,67.9577364750968,433.77140050660944,0.0,80.443991959095
692,4.0,4.261077851561616,0.2610778515616161,68.05072227939915,67.95565007482557,434.06615726611403,0.0,80.54706263542175
693,4.0,4.258700611210195,0.2587006112101946,68.08732836968919,67.95551746011299,433.84031943272896,0.0,80.54542970657349
694,4.0,4.256309578295987,0.256309578295987,68.1237901741479,67.95602881164973,433.61317130587923,0.0,80.54331684112549
695,4.0,4.253892237202906,0.25389223720290577,68.15976921299095,67.9569247611822,433.38352390203653,0.0,80.5400869846344
696,4.0,4.2515288073113435,0.2515288073113435,68.19524863704886,67.95791603991526,433.1589980623381,0.0,80.53724002838135
697,4.0,4.249162733103228,0.249162733103228,68.23013997489134,67.95602143962005,432.93422101256715,0.0,80.53360223770142
698,4.0,4.246796550247521,0.24679655024752112,68.26463094088128,67.95596846154402,432.709433641275,0.0,80.52944421768188
699,4.0,4.244442112227997,0.24444211222799694,68.29846420634742,67.95644344136099,432.4857620294202,0.0,80.52468824386597
700,4.0,4.242133721246054,0.24213372124605392,68.3318573538893,67.95720299832695,432.2664648861356,0.0,80.52024342119694
701,4.0,4.239818516493353,0.23981851649335262,68.36470638858052,67.95807665932342,432.046520434629,0.0,80.51498556137085
702,4.0,4.237533600426945,0.2375336004269446,68.39693048037624,67.95883279047358,431.8294534083202,0.0,80.50952529907227
703,4.0,4.235216159690364,0.23521615969036436,68.42866628884214,67.95671177815908,431.6092965383451,0.0,80.50283145904541
704,4.0,4.232922529242306,0.23292252924230628,68.46000633505483,67.95631476491569,431.3914016457796,0.0,80.49608421325684
705,4.0,4.230654674792159,0.2306546747921594,68.49081212632856,67.95647677974462,431.1759554730156,0.0,80.48915958404541
706,4.0,4.228378493951095,0.22837849395109533,68.52086879672035,67.95700148821989,430.9597182931145,0.0,80.4811577796936
707,4.0,4.226123727098361,0.22612372709836137,68.55061699198285,67.95772308666571,430.74551544210476,0.0,80.47316360473633
708,4.0,4.214477840649877,0.2144778406498773,68.57977304291924,67.95571391190742,429.6391562294988,0.0,80.2855371683836
709,4.0,4.221654439257,0.22165443925699968,68.60799804264597,67.95563262660781,430.32093309717544,0.0,80.45534986257553
710,4.0,4.219525486166916,0.21952548616691558,68.63546150492508,67.95617150491498,430.1186825536174,0.0,80.44696640968323
711,4.0,4.217341263656133,0.2173412636561327,68.66249563281266,67.95707077217222,429.9111814150931,0.0,80.43699336051941
712,4.0,4.215180144713298,0.21518014471329838,68.68935172008788,67.95803009268676,429.7058751155238,0.0,80.4272198677063
713,4.0,4.2129912162323135,0.21299121623231354,68.71576137233644,67.95889895560228,429.4979269098302,0.0,80.41636085510254
714,4.0,4.210854621899737,0.21085462189973736,68.7416747425423,67.95683296285497,429.2949504482355,0.0,80.40588855743408
715,4.0,4.208696066766891,0.20869606676689134,68.76704615412855,67.95647606304475,429.08988771061513,0.0,80.39433240890503
716,4.0,4.206569314366959,0.20656931436695913,68.79215897742714,67.95660061187814,428.88784623262154,0.0,80.38305139541626
717,4.0,4.204458464657174,0.20445846465717388,68.81668327194754,67.95707947659842,428.687315510192,0.0,80.3713573589921
718,4.0,4.202351114576532,0.20235111457653243,68.84065572308272,67.95772904614009,428.487117252531,0.0,80.35905730724335
719,4.0,4.200265912738367,0.20026591273836658,68.8641687741528,67.95583015578548,428.2890230779053,0.0,80.3466168642044
720,4.0,4.198195227898787,0.19819522789878707,68.88720988328949,67.95574787987147,428.0923080181452,0.0,80.33387660980225
721,4.0,4.196129266851618,0.19612926685161813,68.90981886965217,67.95627341743392,427.89604171866415,0.0,80.32069659233093
722,4.0,4.194080705315519,0.19408070531551935,68.93197342651725,67.95712878437857,427.70142837273477,0.0,80.3072943687439
723,4.0,4.192060827727334,0.19206082772733435,68.953500716214,67.95808459117075,427.5095400018572,0.0,80.29368591308594
724,4.0,4.190084674920578,0.1900846749205778,68.97461904269696,67.9589421007707,427.32180548521535,0.0,80.28041505813599
725,4.0,4.188078889741175,0.18807888974117493,68.99513633384949,67.95732814957483,427.13125589317207,0.0,80.26585388183594
726,4.0,4.186088294009729,0.18608829400972926,69.01531403601078,67.95705923725922,426.94214929868474,0.0,80.25116616487503
727,4.0,4.184099813613563,0.18409981361356298,69.0349435039782,67.95718083630078,426.75324366104894,0.0,80.23585951328278
728,4.0,4.182171002984748,0.18217100298474787,69.05415789578014,67.95754486624581,426.5700066513115,0.0,80.22119355201721
729,4.0,4.180250332753265,0.18025033275326496,69.07284886447094,67.95806098421609,426.38754297932064,0.0,80.20605540275574
730,4.0,4.178323644600656,0.1783236446006562,69.09103759996711,67.95670266416745,426.20450760482277,0.0,80.19019889831543
731,4.0,4.176427682478685,0.17642768247868457,69.10890915970474,67.9566659460759,426.0243912032355,0.0,80.17454481124878
732,4.0,4.174515357903352,0.17451535790335182,69.12625575769694,67.95707632520524,425.84272036857885,0.0,80.15794897079468
733,4.0,4.172674596346303,0.17267459634630278,69.14304786096982,67.9577075699068,425.6678480206592,0.0,80.14206647872925
734,4.0,4.180143302005458,0.18014330200545814,69.1595081413216,67.95841912513694,426.377375058279,0.0,80.30462631303817
735,4.0,4.168893292386459,0.16889329238645878,69.17582463352063,67.95751408290923,425.30862414447404,0.0,80.10739758610725
736,4.0,4.167002340731551,0.16700234073155062,69.19189092733748,67.9575815357606,425.1289837372577,0.0,80.08965873718262
737,4.0,4.165177432162731,0.16517743216273129,69.20745238864849,67.95787849893095,424.9556174232199,0.0,80.0725885629654
738,4.0,4.163357132588477,0.16335713258847662,69.22238804974135,67.95831147595688,424.7826889636657,0.0,80.05486750602722
739,4.0,4.1615880123574325,0.16158801235743248,69.23680053941064,67.95876299139047,424.6146225417165,0.0,80.0375108718872
740,4.0,4.159846016916361,0.1598460169163607,69.25058121961692,67.95913106821929,424.4491329748147,0.0,80.01993179321289
741,4.0,4.1580902610372785,0.15809026103727852,69.26390909786555,67.95824696128587,424.2823361663019,0.0,80.0015516281128
742,4.0,4.156393680497725,0.15639368049772528,69.27681369883157,67.95809641045494,424.1211610150443,0.0,79.98380851745605
743,4.0,4.1639580004960255,0.1639580004960255,69.2893835657078,67.9581608837746,424.8397714148829,0.0,80.14391195774078
744,4.0,4.162239580455011,0.16223958045501075,69.30178645525955,67.95837884311034,424.6765215109865,0.0,80.12517738342285
745,4.0,4.160510230391843,0.16051023039184287,69.31438137532402,67.95869433312785,424.5122332549855,0.0,80.10644245147705
746,4.0,4.1587657919075145,0.1587657919075145,69.32701808259901,67.95813089831374,424.3465115989743,0.0,80.08745312690735
747,4.0,4.147673372281562,0.1476733722815622,69.3394879685316,67.95820222352783,423.29273173450883,0.0,79.8882077485323
748,4.0,4.14593674733796,0.14593674733796025,69.35145513383455,67.95844865411507,423.12775236486664,0.0,79.86854064464569
749,4.0,4.1442746330486,0.14427463304860044,69.36247710926816,67.95876466518693,422.9698515073775,0.0,79.84920954704285
750,4.0,4.142647766340853,0.1426477663408532,69.37269442199296,67.95910325553426,422.81529917014154,0.0,79.82962155342102
751,4.0,4.150351417479837,0.15035141747983705,69.38219213428576,67.95870694752446,423.54714602834497,0.0,79.98902207566425
752,4.0,4.148769110494919,0.1487691104949187,69.39156091245853,67.95871615912776,423.3968268647777,0.0,79.96932345628738
753,4.0,4.147151959735507,0.1471519597355071,69.40105545935467,67.95881574475375,423.24319754263365,0.0,79.9490897655487
754,4.0,4.145560209927695,0.14556020992769536,69.41053362386481,67.95897149187917,423.09198131089147,0.0,79.92931842803955
755,4.0,4.143923831473565,0.1439238314735647,69.41981247850222,67.95915697759713,422.93652535774913,0.0,79.90844869613647
756,4.0,4.142352806343406,0.14235280634340608,69.42890172210268,67.95929922948106,422.787277970384,0.0,79.88861274719238
757,4.0,4.140746715831493,0.14074671583149279,69.43764399496061,67.95898913880282,422.6346993717523,0.0,79.86769342422485
758,4.0,4.139171797737319,0.13917179773731903,69.44616657383153,67.95895987148386,422.4850821528057,0.0,79.84711503982544
759,4.0,4.137657450594749,0.137657450594749,69.45433771973845,67.95899395462202,422.3412191742616,0.0,79.82729387283325
760,4.0,4.1453550254303995,0.14535502543039946,69.462003782723,67.95910196634344,423.0724887836484,0.0,79.98462957143784
761,4.0,4.143790170481775,0.14379017048177456,69.46983624056686,67.95921697091946,422.923827563529,0.0,79.96345126628876
762,4.0,4.142218465069961,0.14221846506996094,69.4778717299013,67.95907124976515,422.7745155494067,0.0,79.94236755371094
763,4.0,4.140650219933169,0.1406502199331694,69.48605891159706,67.9590889246794,422.62553226141154,0.0,79.92151808738708
764,4.0,4.129677080256753,0.12967708025675329,69.49407261725385,67.95916334501001,421.583083992152,0.0,79.71891080588102
765,4.0,4.1281492478714625,0.12814924787146253,69.50159952091201,67.9592641219633,421.43793991554935,0.0,79.69804883003235
766,4.0,4.126661227631558,0.1266612276315584,69.50819101133607,67.95936300361092,421.2965779927585,0.0,79.67687690258026
767,4.0,4.125213890472716,0.12521389047271558,69.51401535212126,67.95943410562361,421.15908096266844,0.0,79.65560603141785
768,4.0,4.132985672450743,0.13298567245074278,69.51921427517674,67.95936370334185,421.897400250581,0.0,79.81164348870516
769,4.0,4.131602669824291,0.13160266982429114,69.52432032342281,67.95935958987889,421.7660150010681,0.0,79.7907965183258
770,4.0,4.130169190424455,0.1301691904244553,69.52960488202561,67.95936110021984,421.6298344580837,0.0,79.76917552947998
771,4.0,4.128692556823358,0.12869255682335812,69.53491391884839,67.95936781310513,421.48955426597945,0.0,79.74674487113953
772,4.0,4.127212572647333,0.1272125726473332,69.54000641055363,67.95939519345674,421.34895576925715,0.0,79.72399687767029
773,4.0,4.125752492132968,0.12575249213296757,69.5450347957609,67.95937553426957,421.2102481203924,0.0,79.70155572891235
774,4.0,4.124349943383868,0.1243499433838684,69.54971069133522,67.95937881852554,421.0770059892279,0.0,79.67981815338135
775,4.0,4.122968079835608,0.12296807983560765,69.5541365706771,67.9593900219812,420.9457289521432,0.0,79.65819025039673
776,4.0,4.121610790891487,0.12161079089148696,69.55828146145672,67.95943715273694,420.8167865024517,0.0,79.63671207427979
777,4.0,4.129510671889563,0.12951067188956333,69.56194322829984,67.95946887786529,421.56727519726894,0.0,79.79355192184448
778,4.0,4.1280925829259,0.1280925829259001,69.56567895911478,67.95949129350826,421.43255674572094,0.0,79.77043426036835
779,4.0,4.126672180953703,0.1266721809537028,69.5698206498499,67.95949129244846,421.2976185583622,0.0,79.7477343082428
780,4.0,4.125217045242371,0.12521704524237087,69.57402886034862,67.95948538562703,421.15938066578565,0.0,79.724436044693
781,4.0,4.123854154244046,0.12385415424404567,69.57815621050331,67.95947912727148,421.0299060209448,0.0,79.70282459259033
782,4.0,4.122507683308163,0.12250768330816264,69.58215425700922,67.9594678538488,420.9019912820359,0.0,79.6813793182373
783,4.0,4.1211553171794035,0.12115531717940353,69.5859024831954,67.95947410186359,420.7735164998038,0.0,79.6595311164856
784,4.0,4.11980847467589,0.11980847467588962,69.5894969503206,67.95947844838233,420.64556646196996,0.0,79.637610912323
785,4.0,4.1276786754447805,0.1276786754447805,69.59276362025427,67.95948619096016,421.3932355350146,0.0,79.79349065572023
786,4.0,4.126328113711141,0.12632811371114094,69.5960516908582,67.95949256239008,421.26493217031884,0.0,79.771151304245
787,4.0,4.124946618013223,0.12494661801322327,69.59975316621423,67.95949731975635,421.1336900790167,0.0,79.74868512153625
788,4.0,4.123584016963062,0.1235840169630622,69.60356863779836,67.95950801699036,421.00424297925133,0.0,79.7267119884491
789,4.0,4.122201381129668,0.12220138112966783,69.60720648163165,67.95951224611635,420.87289257507894,0.0,79.70414519309998
790,4.0,4.12081743527265,0.12081743527264965,69.61082869707256,67.9595094969436,420.7414177186622,0.0,79.68153238296509
791,4.0,4.1194296408124265,0.11942964081242646,69.61426523181673,67.95950465229971,420.60957724494097,0.0,79.65862989425659
792,4.0,4.1180552536873964,0.11805525368739644,69.61747200630369,67.95949839982033,420.4790104680631,0.0,79.63572120666504
793,4.0,4.11669865513994,0.11669865513994004,69.62037174582711,67.95949004556859,420.3501336060548,0.0,79.61280298233032
794,4.0,4.124594907833456,0.12459490783345561,69.62299336024712,67.95948042184845,421.10027761193874,0.0,79.76851218938828
795,4.0,4.12325762253626,0.1232576225362596,69.62553562078531,67.95946990944658,420.9732355087051,0.0,79.74556124210358
796,4.0,4.121889874601131,0.12188987460113143,69.62855095807691,67.95946657745773,420.843299454868,0.0,79.72256088256836
797,4.0,4.120513751255791,0.12051375125579078,69.63165223599191,67.95947137329799,420.71256773706057,0.0,79.69949460029602
798,4.0,4.1191353018287495,0.11913530182874954,69.63474573343487,67.95947926950586,420.58161504149166,0.0,79.67637205123901
799,4.0,4.117763759015298,0.11776375901529779,69.63768802334663,67.9594885024375,420.45131847421374,0.0,79.65320777893066
800,4.0,4.116419951434816,0.11641995143481587,69.64040033795727,67.95949008448565,420.323656754068,0.0,79.63031482696533
801,4.0,4.115077501803453,0.11507750180345333,69.64283948229058,67.95949435408214,420.19612403908855,0.0,79.60713386535645
802,4.0,4.12298791272522,0.12298791272522003,69.645077332494,67.95949765036714,420.94761307665635,0.0,79.76272556185722
803,4.0,4.121655040273288,0.12165504027328833,69.64728629154422,67.95949732484138,420.8209901937229,0.0,79.73946905136108
804,4.0,4.120307164466126,0.12030716446612644,69.64994733234232,67.95950115358744,420.69294199204245,0.0,79.71643805503845
805,4.0,4.118964269496268,0.11896426949626804,69.65271884687617,67.95949691429816,420.5653669699059,0.0,79.69362783432007
806,4.0,4.117598212790904,0.1175982127909041,69.65548438983468,67.95949065234736,420.43559158289634,0.0,79.67036056518555
807,4.0,4.116247216091054,0.11624721609105393,69.65817456793559,67.95948641830657,420.30724689641056,0.0,79.64729642868042
808,4.0,4.114889354626188,0.11488935462618777,69.6606214556033,67.95948378559999,420.1782500572483,0.0,79.62381935119629
809,4.0,4.113554207691904,0.11355420769190427,69.6628789182631,67.95948097785454,420.05141109849137,0.0,79.60056352615356
810,4.0,4.112242100012275,0.11224210001227508,69.66490658538564,67.95948265318361,419.9267608689266,0.0,79.57748937606812
811,4.0,4.12014411763376,0.12014411763376032,69.66657164182212,67.9594795614603,420.67745254296767,0.0,79.73230981826788
812,4.0,4.118842024192365,0.11884202419236534,69.66842847939623,67.9594871178898,420.55375366603516,0.0,79.70923638343817
813,4.0,4.117510902974047,0.11751090297404687,69.67056961950384,67.9594922504337,420.42729715029486,0.0,79.68592500686651
814,4.0,4.116154446268112,0.11615444626811211,69.67291724580103,67.95949340638413,420.29843376323106,0.0,79.66235780715948
815,4.0,4.114800404992224,0.11480040499222444,69.67528726249566,67.95949357715318,420.1697998420218,0.0,79.63886117935186
816,4.0,4.113472447604182,0.11347244760418196,69.6775387572391,67.95949530130915,420.04364389015774,0.0,79.61573219299322
817,4.0,4.112155173420288,0.11215517342028836,69.6796361453938,67.95949969113722,419.9185028426879,0.0,79.59263229370123
818,4.0,4.110853218032516,0.11085321803251613,69.68150068622748,67.95949817509434,419.7948170808495,0.0,79.56956148147589
819,4.0,4.109547648184938,0.10954764818493778,69.68316537279571,67.95949261777156,419.67078794532955,0.0,79.5461912155152
820,4.0,4.117508638189232,0.11750863818923207,69.68467377378526,67.95948978520926,420.42708199573747,0.0,79.70201283693319
821,4.0,4.1162153288406245,0.11621532884062447,69.68628658778522,67.9594873133364,420.30421760761976,0.0,79.67882251739508
822,4.0,4.1148934787886375,0.11489347878863754,69.6882490734686,67.95949376630836,420.17864185268104,0.0,79.6554782390595
823,4.0,4.113550751445933,0.11355075144593307,69.69039750615983,67.95949365202162,420.05108275512407,0.0,79.63194084167486
824,4.0,4.112207671522706,0.11220767152270561,69.69261864719452,67.9594918213408,419.92349016241747,0.0,79.60847806930548
825,4.0,4.110895349723971,0.11089534972397086,69.69469726517251,67.95949284083876,419.7988195915377,0.0,79.58544635772711
826,4.0,4.109525895292457,0.10952589529245671,69.6966450705029,67.95949128648316,419.6687214205439,0.0,79.56115770339972
827,4.0,4.108209048722213,0.10820904872221337,69.69854235938274,67.95948908583446,419.5436209963707,0.0,79.53782844543463
828,4.0,4.106913891480027,0.10691389148002717,69.70008864808597,67.9594859537415,419.42058105836304,0.0,79.51451730728155
829,4.0,4.105613571232341,0.10561357123234139,69.70142754093094,67.95948477716976,419.2970506348329,0.0,79.49086856842047
830,4.0,4.104323418007315,0.10432341800731493,69.70254651976855,67.9594799168627,419.1744860784554,0.0,79.46716499328619
831,4.0,4.1030612279666085,0.10306122796660855,69.70339783456835,67.95947728743286,419.0545780245883,0.0,79.44369697570806
832,4.0,4.111064057065979,0.11106405706597933,69.70395282154362,67.95946192677124,419.8148467890285,0.0,79.5992819666863
833,4.0,4.1097798450662495,0.10977984506624949,69.70456147503583,67.95945657143778,419.69284664905416,0.0,79.57511162757879
834,4.0,4.108523928037186,0.10852392803718569,69.70566642665382,67.95944401569706,419.5735345312931,0.0,79.5520551204682
835,4.0,4.107230721951303,0.10723072195130268,69.70685050386041,67.95945033370414,419.4506799531342,0.0,79.52836608886724
836,4.0,4.105934513500101,0.10593451350010064,69.7080656042397,67.95945843412674,419.32754015027,0.0,79.50465345382696
837,4.0,4.104642608755214,0.10464260875521436,69.7092184191733,67.95946494254319,419.2048091995058,0.0,79.48095226287847
838,4.0,4.103359014420652,0.10335901442065243,69.71018768829715,67.95946848782884,419.08286773772244,0.0,79.4572019577027
839,4.0,4.102080405844703,0.10208040584470268,69.71099583633789,67.95947113946914,418.9613999230072,0.0,79.4333639144898
840,4.0,4.100828258913573,0.10082825891357317,69.71155976989888,67.95947732420785,418.84244596454994,0.0,79.40975952148443
841,4.0,4.099583740178623,0.09958374017862326,69.71187122661975,67.95948176329047,418.72421668472964,0.0,79.38601493835455
842,4.0,4.098347308768449,0.09834730876844944,69.71191881424616,67.95947861412495,418.6067557007632,0.0,79.36212635040289
843,4.0,4.097184632154275,0.09718463215427509,69.71171035606292,67.9594727610366,418.4963014224166,0.0,79.33937454223638
844,4.0,4.095962436221336,0.0959624362213356,69.71114096596307,67.95947224034488,418.38019280878734,0.0,79.31505966186529
845,4.0,4.094807996307562,0.09480799630756209,69.71040458541498,67.95947233746125,418.2705210169788,0.0,79.29186725616461
846,4.0,4.093660953873958,0.09366095387395834,69.70931118612691,67.95946103607989,418.1615519857865,0.0,79.26841259002691
847,4.0,4.092478429366752,0.09247842936675177,69.70795075881635,67.95945554404757,418.04921215760186,0.0,79.24396800994879
848,4.0,4.1005857381605,0.10058573816050043,69.70636935389484,67.9594551487223,418.819406493008,0.0,79.39915111986926
849,4.0,4.099488872245134,0.09948887224513392,69.70478249575173,67.95945985080547,418.7152042310482,0.0,79.376105606556
850,4.0,4.098328975335228,0.09832897533522811,69.70359676371574,67.9594668251685,418.60501402460716,0.0,79.35229730606085
851,4.0,4.097151771002195,0.09715177100219474,69.70260388007037,67.95947139560863,418.49317961296896,0.0,79.32837414741522
852,4.0,4.0960022270227165,0.09600222702271655,69.70163656691071,67.95947733212479,418.3839729349185,0.0,79.30501627922064
853,4.0,4.094906978128505,0.09490697812850524,69.70056094301175,67.9594806299403,418.27992428996845,0.0,79.28258705139166
854,4.0,4.09374041941891,0.09374041941890976,69.69931906129959,67.95948185466618,418.1691012125569,0.0,79.25858879089361
855,4.0,4.092571561779866,0.0925715617798657,69.69793819750498,67.95948336220981,418.05805973684767,0.0,79.23438882827764
856,4.0,4.091438341268894,0.09143834126889416,69.69634512315037,67.95948251383645,417.9504037883054,0.0,79.21063852310186
857,4.0,4.090377906415698,0.0903779064156982,69.694502675592,67.95947210035291,417.84966247725174,0.0,79.18801498413092
858,4.0,4.089341260295985,0.08934126029598488,69.69237097057282,67.95945711640236,417.751181095879,0.0,79.16552448272711
859,4.0,4.088246851363143,0.08824685136314336,69.6900009576714,67.95945212175313,417.64721224725906,0.0,79.14164638519293
860,4.0,4.087148882664641,0.08714888266464094,69.6874098092266,67.95945212175285,417.54290522090133,0.0,79.11744976043707
861,4.0,4.086099416181153,0.08609941618115258,69.68455389424805,67.95945212175292,417.44320590496994,0.0,79.09389305114752
862,4.0,4.085067127864891,0.08506712786489068,69.68140349249686,67.9594521217529,417.34513851492505,0.0,79.07033634185797
863,4.0,4.084063823516661,0.08406382351666064,69.67799238159883,67.95945447768611,417.2498246018432,0.0,79.04704666137701
864,4.0,4.083090293926456,0.08309029392645595,69.67430778871932,67.9594568336194,417.15733929077373,0.0,79.02402496337896
865,4.0,4.082144608270324,0.08214460827032433,69.67036489063491,67.95946512048513,417.0674991534413,0.0,79.00125122070318
866,4.0,4.081228280916511,0.0812282809165108,69.66614951550677,67.95946774302897,416.98044805482897,0.0,78.9787387847901
867,4.0,4.080371209806069,0.08037120980606893,69.66169973495327,67.95947241817805,416.89902629933704,0.0,78.957109451294
868,4.0,4.079505246754801,0.07950524675480075,69.65698249052723,67.95947596565901,416.81675980946653,0.0,78.93500709533697
869,4.0,4.078661762325796,0.07866176232579569,69.65204098695816,67.9594757911428,416.7366287887111,0.0,78.91308784484869
870,4.0,4.0731867167961555,0.07318671679615552,69.64685490385288,67.95947495573893,416.2164994633952,0.0,78.80129007250076
871,4.0,4.072324217191529,0.07232421719152882,69.64125504793729,67.95947567366746,416.1345620009557,0.0,78.77826929092413
872,4.0,4.071444967315407,0.07144496731540695,69.63511359128987,67.95946837895984,416.0510332627241,0.0,78.75431466102606
873,4.0,4.070705214421361,0.0707052144213609,69.62851183197715,67.9594673488056,415.98075673778976,0.0,78.73254060745245
874,4.0,4.070009468224259,0.07000946822425913,69.62154165514025,67.95946480925721,415.91466084906506,0.0,78.71120381355291
875,4.0,4.069338531441511,0.06933853144151136,69.61424170123527,67.95946061911482,415.85092185470404,0.0,78.68997669219976
876,4.0,4.068686983387503,0.06868698338750256,69.60667029155431,67.95946448484035,415.7890247895732,0.0,78.66882038116461
877,4.0,4.068053182150803,0.0680531821508028,69.5988468443117,67.95946114121928,415.72881367208674,0.0,78.6477251052857
878,4.0,4.067434542464143,0.06743454246414338,69.5907932080489,67.9594776338976,415.67004290185406,0.0,78.62666559219366
879,4.0,4.066830793505022,0.06683079350502208,69.58252961924185,67.95947998999483,415.61268675073757,0.0,78.60565948486334
880,4.0,4.066239388060433,0.06623938806043306,69.57406968487092,67.95947998999489,415.5565032335016,0.0,78.5846729278565
881,4.0,4.065660214733981,0.06566021473398109,69.56543683570747,67.9594788310512,415.50148176748866,0.0,78.56373023986822
882,4.0,4.065092608277461,0.06509260827746122,69.55662218912835,67.95947635482399,415.4475591541193,0.0,78.5428085327149
883,4.0,4.064536879788806,0.06453687978880573,69.5476263338293,67.95947312403334,415.394764947697,0.0,78.52191448211676
884,4.0,4.063991182712674,0.06399118271267401,69.53846735385626,67.95946945746671,415.3429237254645,0.0,78.50103282928472
885,4.0,4.063455021934072,0.06345502193407171,69.52915372315684,67.95946903786248,415.2919884514973,0.0,78.4801635742188
886,4.0,4.062928973498769,0.06292897349876903,69.51967136445839,67.95946711232257,415.2420138501435,0.0,78.45930194854742
887,4.0,4.062411018202748,0.06241101820274775,69.51004131075355,67.95946800392925,415.1928080970215,0.0,78.4384326934815
888,4.0,4.061902430500187,0.0619024305001874,69.50024936388256,67.95946242527626,415.14449226527825,0.0,78.4175643920899
889,4.0,4.0614007117614515,0.061400711761451454,69.49030531426277,67.95945964250078,415.09682898509834,0.0,78.39665985107428
890,4.0,4.060907278634712,0.060907278634712014,69.48021028080487,67.95946228500637,415.04995283805806,0.0,78.37574768066412
891,4.0,4.060421443225257,0.06042144322525722,69.46996758414319,67.95946837209374,415.0037984741599,0.0,78.35481834411627
892,4.0,4.059942843003559,0.0599428430035589,69.45958512238063,67.9594752008684,414.95833145309854,0.0,78.33387374877935
893,4.0,4.059471376116176,0.05947137611617581,69.44905956970064,67.95947925341943,414.91354209879717,0.0,78.31290817260748
894,4.0,4.059063055181393,0.059063055181392876,69.43838342302382,67.9594835897138,414.8747516099928,0.0,78.29299354553223
895,4.0,4.058717805869129,0.058717805869129336,69.42757024913128,67.95948482756388,414.84195292532775,0.0,78.27414321899414
896,4.0,4.05840090484799,0.0584009048479901,69.41662734658179,67.95948070807528,414.8118473283195,0.0,78.25569534301758
897,4.0,4.0580751816153615,0.058075181615361515,69.40556966276816,67.95947687843994,414.7809036212198,0.0,78.2369499206543
898,4.0,4.057759006876695,0.05775900687669466,69.39440275030161,67.95946889994728,414.7508670210465,0.0,78.2182674407959
899,4.0,4.057471926826249,0.05747192682624913,69.3831224191211,67.95946299626436,414.7235944162541,0.0,78.20001983642578
900,4.0,4.057175414236068,0.057175414236067645,69.37174283374404,67.95946024333651,414.6954257201869,0.0,78.18148040771484
901,4.0,4.056907827841741,0.056907827841740755,69.36026816856842,67.95946032603024,414.6700050127258,0.0,78.16339302062988
902,4.0,4.05663398843035,0.056633988430349724,69.34868053425491,67.95946995924805,414.6439902686437,0.0,78.14505958557129
903,4.0,4.05637198957132,0.05637198957132039,69.3369989696505,67.95947412729765,414.6191003770359,0.0,78.12685012817383
904,4.0,4.056139581078272,0.05613958107827166,69.32523167443807,67.95947466237604,414.59702157019626,0.0,78.10911560058594
905,4.0,4.055900532064315,0.05590053206431467,69.31338013137105,67.95947629690819,414.57431191387036,0.0,78.09115982055664
906,4.0,4.055690147001086,0.05569014700108621,69.30145388490212,67.9594745646907,414.55432533286364,0.0,78.07367324829102
907,4.0,4.055472927631466,0.05547292763146583,69.28944337845861,67.95947100658437,414.5336894927497,0.0,78.05596160888672
908,4.0,4.055267035515832,0.055267035515831786,69.27734983065953,67.9594738534748,414.51412974176446,0.0,78.03837585449219
909,4.0,4.055089640503774,0.055089640503774184,69.26517807078278,67.95946938824535,414.49727721561896,0.0,78.0212516784668
910,4.0,4.05490418140645,0.05490418140645037,69.25293299309445,67.95946759722088,414.4796586013732,0.0,78.00389099121094
911,4.0,4.054745669986591,0.05474566998659114,69.24062288860031,67.95946129424121,414.4646000164866,0.0,77.98697662353516
912,4.0,4.0545774042137,0.05457740421369994,69.22824127754369,67.95946341958494,414.44861476806193,0.0,77.96979522705078
913,4.0,4.054417644990162,0.05441764499016166,69.21578793463037,67.95947196973583,414.4334376418258,0.0,77.95269775390625
914,4.0,4.054283574580437,0.05428357458043731,69.20328804512778,67.95947948202455,414.420700952902,0.0,77.93604278564453
915,4.0,4.054139658491107,0.054139658491107134,69.190721632954,67.95947786366771,414.4070289244156,0.0,77.91912460327148
916,4.0,4.05401996269325,0.05401996269324982,69.1780933292634,67.959477266436,414.3956578236192,0.0,77.90260314941406
917,4.0,4.053888565370128,0.053888565370128205,69.16541324392627,67.95946781476596,414.3831750779226,0.0,77.88579940795898
918,4.0,4.0537621071998435,0.053762107199843534,69.15267856930159,67.95946701270618,414.37116155174556,0.0,77.8690299987793
919,4.0,4.053660062289269,0.05366006228926867,69.13988919575698,67.9594645900377,414.36146728524096,0.0,77.85266876220703
920,4.0,4.053543512002051,0.053543512002050875,69.12705180034091,67.95946663616661,414.3503950079553,0.0,77.83597564697266
921,4.0,4.0535051593690525,0.053505159369052535,69.1141711527104,67.95946105114449,414.34675150782044,0.0,77.82073593139648
922,4.0,4.0535279864033855,0.05352798640338552,69.10123658360362,67.9594643283584,414.3489200760821,0.0,77.80661010742188
923,4.0,4.053557207112441,0.05355720711244061,69.08826094454203,67.95946726820756,414.3516960434423,0.0,77.79256057739258
924,4.0,4.053592678174046,0.053592678174045894,69.07526029144098,67.95947305239521,414.3550657942948,0.0,77.77860260009766
925,4.0,4.053633391768424,0.05363339176842441,69.06224169203219,67.95947825514224,414.3589335857608,0.0,77.76472473144531
926,4.0,4.053661125163625,0.0536611251636252,69.04921747492547,67.95947417735361,414.3615682583048,0.0,77.75059127807617
927,4.0,4.0537134113257265,0.05371341132572649,69.03617165869417,67.95947575944973,414.3665354437045,0.0,77.73690414428711
928,4.0,4.053772214719848,0.05377221471984761,69.02309990298355,67.9594799386837,414.37212176614594,0.0,77.72331237792969
929,4.0,4.053838315382094,0.053838315382093604,69.01002286943636,67.9594797869966,414.37840132905933,0.0,77.70985412597656
930,4.0,4.053911507039319,0.05391150703931924,68.99693397695484,67.95947541524954,414.3853545364958,0.0,77.69651794433594
931,4.0,4.053972900660771,0.05397290066077076,68.98385322808687,67.95947413440237,414.39118693053365,0.0,77.68296432495117
932,4.0,4.054056695619339,0.054056695619339123,68.97078132302507,67.95946785412845,414.3991474515976,0.0,77.66984939575195
933,4.0,4.054148731797885,0.05414873179788504,68.95769511477386,67.95945682474893,414.40789088855956,0.0,77.65687561035156
934,4.0,4.054245701640061,0.054245701640060595,68.94461028336413,67.95945635018985,414.4171030235662,0.0,77.64399719238281
935,4.0,4.054348731986776,0.054348731986776144,68.93152465408268,67.9594573135461,414.4268909065042,0.0,77.63123321533203
936,4.0,4.054438927109641,0.05443892710964082,68.91844786439584,67.95945866260342,414.43545944317634,0.0,77.61823272705078
937,4.0,4.054551151813048,0.05455115181304837,68.90538000821354,67.95946925492642,414.44612079,0.0,77.60566329956055
938,4.0,4.054667687206286,0.0546676872062859,68.89232091958746,67.95947084803649,414.4571916523576,0.0,77.59318542480469
939,4.0,4.054788009100915,0.05478800910091497,68.87926938336226,67.95947785407826,414.46862223234734,0.0,77.5807876586914
940,4.0,4.054908927080699,0.05490892708069861,68.86622881855536,67.95947928463701,414.4801094404268,0.0,77.56841278076172
941,4.0,4.055015591173251,0.05501559117325083,68.8531872203929,67.95947864861031,414.49024252921924,0.0,77.5557632446289
942,4.0,4.055141327946509,0.055141327946508945,68.84016118445967,67.95947340879657,414.5021875226788,0.0,77.54349517822266
943,4.0,4.055268859846129,0.05526885984612928,68.8271461261514,67.95947236457019,414.5143030531427,0.0,77.5312728881836
944,4.0,4.055396841992089,0.055396841992089385,68.81415810970005,67.9594671380025,414.52646135700894,0.0,77.51908874511719
945,4.0,4.05561915600897,0.05561915600897027,68.80117566102642,67.95946588177796,414.54758118861264,0.0,77.50871276855469
946,4.0,4.05586298620056,0.05586298620055974,68.78821571442836,67.95946267636248,414.5707450568136,0.0,77.49877166748047
947,4.0,4.056109543594004,0.056109543594003775,68.77527879833517,67.95946716627601,414.5941680091908,0.0,77.48890686035156
948,4.0,4.056359909556854,0.056359909556854326,68.76237368778197,67.95946877706862,414.6179527756616,0.0,77.4791488647461
949,4.0,4.056610873755966,0.056610873755966296,68.7495141966249,67.95947108118415,414.6417943745772,0.0,77.46945190429688
950,4.0,4.056883170879832,0.05688317087983208,68.7366875184017,67.95946931098797,414.6676626013445,0.0,77.46019744873047
951,4.0,4.057140818708893,0.05714081870889309,68.72391438346267,67.95946869123432,414.69213914510533,0.0,77.45072174072266
952,4.0,4.062116930397507,0.0621169303975071,68.71118630961226,67.95947490094866,415.1648697555236,0.0,77.53135367110372
953,4.0,4.062369322506986,0.0623693225069859,68.69868168905272,67.95946937372601,415.1888470059241,0.0,77.52206027507782
954,4.0,4.062604682780042,0.06260468278004172,68.68655474724613,67.95946734279907,415.2112062318644,0.0,77.5128663778305
955,4.0,4.062849577300829,0.0628495773008293,68.67469194078026,67.95946395944561,415.23447121133927,0.0,77.50415086746216
956,4.0,4.063068591776856,0.06306859177685631,68.66303776530202,67.95946350387075,415.25527758656176,0.0,77.49517560005188
957,4.0,4.063284180738245,0.06328418073824515,68.65153904513949,67.95946895683488,415.27575853789375,0.0,77.48630905151367
958,4.0,4.063502023775649,0.06350202377564873,68.64015280457966,67.95945139046137,415.2964536264471,0.0,77.47761106491089
959,4.0,4.063724121727497,0.06372412172749709,68.62885264639016,67.95944722058003,415.3175529318727,0.0,77.4690899848938
960,4.0,4.063969044057853,0.06396904405785264,68.6176300294763,67.95944714517805,415.34082055325644,0.0,77.46109008789062
961,4.0,4.064201598271554,0.0642015982715538,68.606465914839,67.95945046645899,415.36291320355804,0.0,77.45291900634766
962,4.0,4.064347527866294,0.06434752786629439,68.5953560797307,67.95945121977492,415.3767765150584,0.0,77.44315719604492
963,4.0,4.064463457603836,0.06446345760383565,68.58429121602862,67.95945567683385,415.3877898401248,0.0,77.43287372589111
964,4.0,4.064604805601624,0.06460480560162374,68.57329144063782,67.95943627214136,415.40121789991474,0.0,77.42314720153809
965,4.0,4.06479126504791,0.06479126504791033,68.56232039976666,67.95945051168928,415.4189315473119,0.0,77.41431140899658
966,4.0,4.064949053842001,0.06494905384200056,68.55138116574989,67.95946749099006,415.4339214827505,0.0,77.40496444702148
967,4.0,4.065095947401531,0.06509594740153091,68.54046348188959,67.95948296231754,415.4478763709059,0.0,77.39543342590332
968,4.0,4.065268179152578,0.06526817915257777,68.52957211921527,67.95949710781419,415.46423838725536,0.0,77.38641357421875
969,4.0,4.065428857689952,0.06542885768995177,68.51871087637403,67.95949464296291,415.47950284830586,0.0,77.37720680236816
970,4.0,4.065632017562933,0.06563201756293324,68.50788791155438,67.95949978867621,415.4988030362391,0.0,77.36885070800781
971,4.0,4.065914966596081,0.06591496659608076,68.49709482986752,67.95947881799857,415.52568319438814,0.0,77.36204528808594
972,4.0,4.066223915949909,0.06622391594990873,68.48632633713956,67.95946358060066,415.5550333830018,0.0,77.35576057434082
973,4.0,4.0665410773742385,0.06654107737423853,68.47559849456343,67.95945098746938,415.5851637183131,0.0,77.34967613220215
974,4.0,4.066862011396301,0.06686201139630121,68.46494050879463,67.95944470615356,415.6156524504091,0.0,77.34374046325684
975,4.0,4.067188482980922,0.06718848298092173,68.45434294611826,67.95943666811054,415.646667250948,0.0,77.33797645568848
976,4.0,4.067559306997955,0.0675593069979552,68.4438009383103,67.95944620065823,415.68189553256616,0.0,77.33311653137207
977,4.0,4.069676462313206,0.06967646231320579,68.43333320992517,67.95945535094732,415.883025287515,0.0,77.36153483390808
978,4.0,4.070016575235512,0.07001657523551241,68.42299931905843,67.95946420653708,415.91533601513413,0.0,77.35631704330444
979,4.0,4.070372887459781,0.0703728874597811,68.41286237779313,67.95947534112251,415.9491856764397,0.0,77.35162782669067
980,4.0,4.0706908877445,0.07069088774450005,68.40288898993778,67.9594767403707,415.97939570348797,0.0,77.34639358520508
981,4.0,4.071046952301577,0.0710469523015771,68.39304659092349,67.95948122201031,416.01322183641025,0.0,77.34202885627747
982,4.0,4.071387156958656,0.07138715695865638,68.38330659696466,67.95948052439887,416.04554127883284,0.0,77.33747673034668
983,4.0,4.071730607197717,0.07173060719771662,68.37366318472648,67.95949040063988,416.07816905154357,0.0,77.33309364318848
984,4.0,4.0720956141164955,0.07209561411649545,68.36410550234027,67.95950065601816,416.11284470882754,0.0,77.32921504974365
985,4.0,4.072388281259757,0.07238828125975694,68.35463406049858,67.9595097675575,416.1406480874374,0.0,77.32405853271484
986,4.0,4.072626566195916,0.07262656619591557,68.34524877320571,67.95951433236876,416.16328515637247,0.0,77.31796550750732
987,4.0,4.072866072980868,0.07286607298086789,68.3359410229136,67.95951747277424,416.18603830094287,0.0,77.31198215484619
988,4.0,4.073087869241538,0.07308786924153843,68.32671905169322,67.95951037921905,416.20710894570664,0.0,77.30575847625732
989,4.0,4.073329494165505,0.07332949416550516,68.31754817662248,67.95950143304935,416.23006331348347,0.0,77.2999677658081
990,4.0,4.073571666954064,0.07357166695406381,68.30843409854027,67.95948651130354,416.25306972839655,0.0,77.29425048828125
991,4.0,4.073813664042765,0.07381366404276513,68.29936955851943,67.9594794549062,416.27605945182313,0.0,77.28858470916748
992,4.0,4.074054575740769,0.07405457574076912,68.2903546263362,67.95947040591452,416.2989460631335,0.0,77.2829532623291
993,4.0,4.074275467548485,0.07427546754848535,68.28138892939621,67.95946827258521,416.31993078486653,0.0,77.27699661254883
994,4.0,4.074568295497047,0.07456829549704658,68.27247433364359,67.95947093964325,416.3477494399799,0.0,77.2724609375
995,4.0,4.074912535427349,0.07491253542734899,68.263614743024,67.95947051887288,416.3804522333586,0.0,77.26896095275879
996,4.0,4.075253009111543,0.07525300911154265,68.25481972848227,67.95947927346556,416.41279723335697,0.0,77.26546096801758
997,4.0,4.075608594795566,0.07560859479556559,68.24608649997002,67.95948666529644,416.44657787333915,0.0,77.26231575012207
998,4.0,4.075920600917117,0.07592060091711694,68.23743579995862,67.95949419766488,416.4762184548865,0.0,77.25843620300293
999,4.0,4.076264617282355,0.07626461728235512,68.22885031556446,67.95948556244836,416.5089000095842,0.0,77.25523567199707
1000,4.0,4.0765857095605,0.07658570956049982,68.22033661519819,67.95947277034601,416.53940377600793,0.0,77.25168037414551
1001,4.0,4.076902843471801,0.07690284347180132,68.21188543175457,67.95945629696274,416.5695314975816,0.0,77.24811935424805
1002,4.0,4.077234195560202,0.07723419556020161,68.20350422874805,67.95945295654367,416.6010099459796,0.0,77.24490547180176
1003,4.0,4.077617269557684,0.07761726955768378,68.1952091184143,67.95945183647626,416.63740197574043,0.0,77.24276733398438
1004,4.0,4.078054802126115,0.07805480212611471,68.18698830898335,67.95945017510378,416.67896756974136,0.0,77.24174308776855
1005,4.0,4.07849107417043,0.07849107417043033,68.1788442096104,67.95946649711964,416.7204134139513,0.0,77.24077987670898
1006,4.0,4.07890659587705,0.07890659587704985,68.17079277476734,67.95948793261564,416.7598879760802,0.0,77.23952674865723
1007,4.0,4.079340559653757,0.0793405596537573,68.16282870196767,67.95949608155733,416.8011145348674,0.0,77.23871994018555
1008,4.0,4.07975595258629,0.07975595258629031,68.15495776377047,67.95950258505059,416.84057686345807,0.0,77.2376651763916
1009,4.0,4.080172633253319,0.08017263325331925,68.14717294212059,67.95950528980538,416.88016152682576,0.0,77.23673057556152
1010,4.0,4.080476641441463,0.0804766414414626,68.13949590474931,67.95951023673346,416.90904230469937,0.0,77.23378372192383
1011,4.0,4.080782973708153,0.08078297370815335,68.13190067579043,67.95950221967857,416.938143870035,0.0,77.23097229003906
1012,4.0,4.081089243968755,0.08108924396875494,68.12439511238193,67.95949861874743,416.96723954479216,0.0,77.2282600402832
1013,4.0,4.081415931231191,0.08141593123119062,68.11696042384794,67.95948870960324,416.9982748347236,0.0,77.22601318359375
1014,4.0,4.081726213345693,0.08172621334569286,68.10960216444367,67.95948131267556,417.02775163560125,0.0,77.22354125976562
1015,4.0,4.082036467359184,0.0820364673591838,68.10232286977933,67.95947502462914,417.0572257668829,0.0,77.22115707397461
1016,4.0,4.08234693053919,0.08234693053918996,68.0951118360384,67.95947400261709,417.08671976898347,0.0,77.21885299682617
1017,4.0,4.082749992449637,0.08274999244963688,68.08799572645276,67.95947903364595,417.12501065047593,0.0,77.2184066772461
1018,4.0,4.0831892201016275,0.08318922010162755,68.08096075974665,67.9594801264406,417.1667372774151,0.0,77.21873474121094
1019,4.0,4.083629558580133,0.08362955858013343,68.07399958772535,67.95948668897849,417.2085694328731,0.0,77.21916580200195
1020,4.0,4.084048684843861,0.08404868484386085,68.06713117076626,67.95949259621591,417.24838642792724,0.0,77.21929931640625
1021,4.0,4.084484502620801,0.08448450262080076,68.06035587420213,67.9594968093237,417.28978911673653,0.0,77.21985244750977
1022,4.0,4.0848999155688155,0.08489991556881549,68.05366982315309,67.95949818319242,417.32925334679794,0.0,77.22011947631836
1023,4.0,4.085331380864132,0.08533138086413228,68.047074078023,67.95949716370616,417.370242549853,0.0,77.22079086303711
1024,4.0,4.085759947589753,0.0857599475897528,68.04057841351351,67.95949939468242,417.410956388787,0.0,77.22151947021484
1025,4.0,4.086166333452259,0.0861663334522591,68.034181192526,67.95949584675678,417.4495630457251,0.0,77.22193908691406
1026,4.0,4.086587702594799,0.08658770259479898,68.02788195301308,67.95948991161453,417.4895931142663,0.0,77.22275161743164
1027,4.0,4.086985577229615,0.08698557722961464,68.02168942903396,67.95948689716622,417.52739120457386,0.0,77.22323989868164
1028,4.0,4.087399253103486,0.08739925310348617,68.01559467381493,67.95948212026246,417.56669041259164,0.0,77.22413635253906
1029,4.0,4.087808389733209,0.08780838973320915,68.0095901101696,67.95948743643478,417.60555839241533,0.0,77.22504806518555
1030,4.0,4.088192104087613,0.08819210408761258,68.00368714641554,67.9594906682494,417.6420112560836,0.0,77.22559356689453
1031,4.0,4.088535143131795,0.08853514313179467,67.99789412405559,67.95948794562091,417.67459996528095,0.0,77.22549438476562
1032,4.0,4.088836336930319,0.0888363369303189,67.9921866348307,67.9594842572427,417.70321337614075,0.0,77.22470092773438
1033,4.0,4.089094570913599,0.08909457091359929,67.98656286526271,67.95948622699068,417.7277456045524,0.0,77.22319030761719
1034,4.0,4.08934990335805,0.08934990335805004,67.98101826476325,67.95948324028511,417.7520021867752,0.0,77.22171401977539
1035,4.0,4.089601133221585,0.08960113322158492,67.97553918982359,67.95948760634332,417.775869023811,0.0,77.22023391723633
1036,4.0,4.089901600441827,0.08990160044182716,67.97012896133256,67.95948591515781,417.804413409734,0.0,77.21976089477539
1037,4.0,4.090195614856302,0.09019561485630234,67.9647831029877,67.95947920880118,417.8323447791092,0.0,77.21923828125
1038,4.0,4.090539493090283,0.09053949309028297,67.95948918128046,67.95947877129576,417.8650132113373,0.0,77.2197151184082
1039,4.0,4.09089259442295,0.09089259442295017,67.95428128708258,67.95948730200904,417.89855783794076,0.0,77.22046279907227
1040,4.0,4.091236242349137,0.09123624234913663,67.94915073825831,67.95949245679563,417.93120439092843,0.0,77.22111892700195
1041,4.0,4.09153272249704,0.09153272249703992,67.9440894018395,67.95949360141216,417.95937000497923,0.0,77.22096252441406
1042,4.0,4.09189540768789,0.09189540768788973,67.939104219238,67.95949651036521,417.99382509810994,0.0,77.22214126586914
1043,4.0,4.092305264397812,0.09230526439781173,67.93418251036454,67.95950284994687,418.03276148555256,0.0,77.22428131103516
1044,4.0,4.092727020688283,0.09272702068828309,67.92934949590968,67.95949844961602,418.07282833314736,0.0,77.22674560546875
1045,4.0,4.093138927317382,0.09313892731738171,67.92462053797951,67.9594948317731,418.1119594629117,0.0,77.22914123535156
1046,4.0,4.093542877037849,0.0935428770378488,67.9199775855996,67.95949584114594,418.1503346863561,0.0,77.23148345947266
1047,4.0,4.093884821632654,0.09388482163265444,67.9154249227782,67.95948931729612,418.1828194228626,0.0,77.23275756835938
1048,4.0,4.09414695287889,0.09414695287888986,67.91096253436636,67.95948619460675,418.207721891255,0.0,77.23262786865234
1049,4.0,4.094402663857778,0.09440266385777818,67.90658707435816,67.95948024895343,418.2320144342494,0.0,77.23247528076172
1050,4.0,4.094800967983828,0.09480096798382842,67.90228242131437,67.95947939714239,418.26985332622417,0.0,77.23509216308594
1051,4.0,4.095173976310378,0.09517397631037827,67.89806937306226,67.95947660526556,418.3052891172464,0.0,77.23733520507812
1052,4.0,4.095519581488893,0.09551958148889295,67.89392240453853,67.95948327193571,418.33812160920525,0.0,77.2391357421875
1053,4.0,4.095763862947902,0.09576386294790229,67.88983951399993,67.95948122293932,418.3613283478112,0.0,77.23909759521484
1054,4.0,4.0959957989215345,0.09599579892153454,67.88585443221388,67.95948794118952,418.38336226530623,0.0,77.23893737792969
1055,4.0,4.09629235299287,0.09629235299286965,67.88193883783994,67.9594957094972,418.4115349020831,0.0,77.24007415771484
1056,4.0,4.096595763322658,0.09659576332265818,67.8780845246963,67.95949792983481,418.44035888341296,0.0,77.24140930175781
1057,4.0,4.096906170283044,0.09690617028304427,67.87428917294426,67.95949861817802,418.46984754464967,0.0,77.2429428100586
1058,4.0,4.097203373427139,0.09720337342713936,67.8705656403492,67.95949931580552,418.4980818433387,0.0,77.24430847167969
1059,4.0,4.095833291638217,0.09583329163821741,67.86693327557619,67.95950261124821,418.3679240733911,0.0,77.2143457531929
1060,4.0,4.096219112083069,0.09621911208306866,67.86332823462863,67.95949551954317,418.40457701565197,0.0,77.21751725673676
1061,4.0,4.096511161820212,0.09651116182021191,67.85966247847524,67.95948985098978,418.43232174068055,0.0,77.21885132789612
1062,4.0,4.0967793324197554,0.09677933241975545,67.85598495441874,67.95948643977728,418.45779794763723,0.0,77.21972131729126
1063,4.0,4.097059672234394,0.09705967223439416,67.85234079782543,67.9594808937294,418.4844302300279,0.0,77.22085809707642
1064,4.0,4.097315515037895,0.09731551503789504,67.84873327012646,67.95948381178134,418.50873529636044,0.0,77.22157430648804
1065,4.0,4.097546331623426,0.09754633162342596,67.84518446808947,67.95948447378497,418.5306628719859,0.0,77.22188520431519
1066,4.0,4.097844504182171,0.09784450418217094,67.84167881539817,67.95948860566986,418.55898926506666,0.0,77.22351408004761
1067,4.0,4.098214219065893,0.098214219065893,67.83823304640674,67.95948830662547,418.59411217902027,0.0,77.22655868530273
1068,4.0,4.098539756849443,0.09853975684944327,67.83484265344495,67.95949006432916,418.62503826845756,0.0,77.22883319854736
1069,4.0,4.0988975429437176,0.09889754294371755,67.83152722718891,67.95949137073544,418.6590279474136,0.0,77.2318000793457
1070,4.0,4.099232668624891,0.09923266862489122,67.82827995837644,67.95949062078861,418.69086488712514,0.0,77.23441696166992
1071,4.0,4.099582053865258,0.09958205386525787,67.825108839293,67.9594949069983,418.72405648496,0.0,77.23738861083984
1072,4.0,4.099928165889089,0.09992816588908937,67.82201669119586,67.95949456956842,418.756937127224,0.0,77.24038791656494
1073,4.0,4.100231761033815,0.10023176103381459,67.81901873285412,67.95949419886455,418.7857786659728,0.0,77.2426929473877
1074,4.0,4.100571583791794,0.10057158379179398,67.81609858210658,67.95949452763845,418.81806182798084,0.0,77.2457685470581
1075,4.0,4.100889196190545,0.10088919619054515,67.81325735966074,67.95949419672425,418.84823500586225,0.0,77.24851512908936
1076,4.0,4.10122379679698,0.10122379679697957,67.81049649090156,67.95949536702798,418.8800220634735,0.0,77.25167274475098
1077,4.0,4.1015574163791495,0.1015574163791495,67.80780502552182,67.95949491021045,418.91171592377964,0.0,77.25489044189453
1078,4.0,4.10185034963548,0.10185034963548034,67.80519563972169,67.95949285459804,418.9395445831311,0.0,77.2574348449707
1079,4.0,4.102179109036149,0.10217910903614857,67.80266736653093,67.95948664105674,418.9707767261946,0.0,77.26074600219727
1080,4.0,4.1024897965323905,0.10248979653239054,67.80020719082097,67.95948788200415,419.00029203833753,0.0,77.2637939453125
1081,4.0,4.102706387684059,0.1027063876840586,67.79782786465297,67.9594915354674,419.02086819774604,0.0,77.26516151428223
1082,4.0,4.102902879991104,0.10290287999110426,67.79551480242513,67.95948517807564,419.03953496691537,0.0,77.26622581481934
1083,4.0,4.103081370805094,0.10308137080509372,67.79327179729137,67.9594814584418,419.05649159424433,0.0,77.26703071594238
1084,4.0,4.103273903980783,0.10327390398078329,67.79108871279908,67.95948502975722,419.0747822459349,0.0,77.26816812157631
1085,4.0,4.1034692455735495,0.10346924557354953,67.78895487045199,67.95949000241097,419.09333969724764,0.0,77.26941430568695
1086,4.0,4.103683606865412,0.10368360686541234,67.78687634348319,67.95949115258811,419.11370401997465,0.0,77.27108144760132
1087,4.0,4.103878278526667,0.10387827852666742,67.78484540273199,67.95949060250511,419.13219782779385,0.0,77.27243185043335
1088,4.0,4.104053024633615,0.10405302463361465,67.78286057575195,67.95949563393657,419.1487987079538,0.0,77.27345943450928
1089,4.0,4.104242848406684,0.10424284840668374,67.78093140120288,67.95949098585508,419.1668319663954,0.0,77.27483415603638
1090,4.0,4.104504019384739,0.10450401938473863,67.77904377510691,67.95949366715386,419.19164320931066,0.0,77.2775993347168
1091,4.0,4.104818933947342,0.10481893394734243,67.77720407976165,67.95948867194393,419.22156009275795,0.0,77.28143072128296
1092,4.0,4.105111814174291,0.10511181417429061,67.77543406527793,67.95948894608964,419.24938371431807,0.0,77.28492641448975
1093,4.0,4.105401128016099,0.10540112801609869,67.77372526938257,67.95948980094373,419.2768685292898,0.0,77.28842449188232
1094,4.0,4.105703939447343,0.10570393944734313,67.7720832407543,67.95949362787337,419.30563561525804,0.0,77.29225254058838
1095,4.0,4.105984474014794,0.10598447401479394,67.7705014363196,67.95949121967486,419.33228639916587,0.0,77.295729637146
1096,4.0,4.10628057848425,0.10628057848424977,67.76899147073792,67.95948965720297,419.3604163237642,0.0,77.29958152770996
1097,4.0,4.106551853963555,0.1065518539635546,67.7675511910503,67.95949953942083,419.38618749429816,0.0,77.30304527282715
1098,4.0,4.1068198918340055,0.10681989183400553,67.76617622875631,67.95949321297955,419.41165109199096,0.0,77.30652236938477
1099,4.0,4.107101452157476,0.10710145215747602,67.76487257875873,67.95949157104951,419.43839932272067,0.0,77.31033515930176
1100,4.0,4.1073592062767625,0.10735920627676254,67.76364339699309,67.95949361123789,419.46288596405293,0.0,77.3137845993042
1101,4.0,4.107633331654528,0.10763333165452771,67.76247528098972,67.95949516331596,419.4889278749406,0.0,77.31761169433594
1102,4.0,4.107884249593164,0.10788424959316423,67.76137003936854,67.9594946569272,419.5127650791111,0.0,77.32107353210449
1103,4.0,4.108130689947064,0.10813068994706398,67.76033377257643,67.95949682981725,419.53617691273155,0.0,77.32452964782715
1104,4.0,4.108393778770723,0.10839377877072298,67.75935731338049,67.95949694089937,419.5611703509791,0.0,77.32836723327637
1105,4.0,4.10863531003214,0.10863531003214,67.75845072056687,67.95948640639826,419.58411582081374,0.0,77.33187866210938
1106,4.0,4.108892110807322,0.10889211080732242,67.75760827477656,67.95948330859588,419.6085118944561,0.0,77.33575057983398
1107,4.0,4.109126641929732,0.10912664192973232,67.75682400634626,67.95948015451248,419.630792351085,0.0,77.33926963806152
1108,4.0,4.109282621619144,0.10928262161914404,67.756100184375,67.95948102651613,419.64561042157914,0.0,77.34137916564941
1109,4.0,4.10939830316789,0.10939830316788957,67.75543764904204,67.95948353523468,419.65660016870993,0.0,77.34280014038086
1110,4.0,4.109529860673391,0.10952986067339143,67.7548225097866,67.95948326794756,419.66909813173265,0.0,77.34457397460938
1111,4.0,4.109639136968535,0.10963913696853478,67.75424894324684,67.9594875442298,419.67947937977124,0.0,77.34597587585449
1112,4.0,4.10974470467991,0.10974470467991004,67.75372485188477,67.95949553401451,419.6895083123519,0.0,77.34736442565918
1113,4.0,4.1098293956509275,0.10982939565092753,67.75323920867721,67.95950053735363,419.69755395459856,0.0,77.34840393066406
1114,4.0,4.109930126812552,0.10993012681255188,67.75278654515,67.95950098733152,419.7071234149529,0.0,77.34978294372559
1115,4.0,4.110082245303503,0.11008224530350308,67.75236389771722,67.95949240665814,419.7215746715932,0.0,77.35216331481934
1116,4.0,4.1102512678631005,0.11025126786310047,67.75196668423885,67.95949380528299,419.737631814755,0.0,77.35489082336426
1117,4.0,4.110381734861428,0.110381734861428,67.75160196014697,67.95949588252797,419.75002617959615,0.0,77.35692977905273
1118,4.0,4.11056329880794,0.11056329880794014,67.75127873120657,67.95948695576092,419.7672747545148,0.0,77.35997772216797
1119,4.0,4.110779233595994,0.11077923359599406,67.7509803601117,67.95948680321278,419.7877885593799,0.0,77.36370086669922
1120,4.0,4.110973434792006,0.11097343479200639,67.75072618803402,67.95948483272775,419.8062376730011,0.0,77.3670654296875
1121,4.0,4.111183812166333,0.11118381216633288,67.75051277860452,67.95948196829117,419.8262235235621,0.0,77.37078094482422
1122,4.0,4.111391036888358,0.11139103688835839,67.75034800235494,67.95948258568275,419.8459098721545,0.0,77.37449264526367
1123,4.0,4.1115559323695,0.1115559323694999,67.75023276879679,67.95948740149815,419.86157494286294,0.0,77.3774642944336
1124,4.0,4.1117549041621,0.11175490416210021,67.75016058757004,67.95948589782301,419.88047726315995,0.0,77.3811264038086
1125,4.0,4.111931898075207,0.11193189807520731,67.75013325279075,67.95949169407002,419.89729168490516,0.0,77.38442611694336
1126,4.0,4.112124848714655,0.11212484871465467,67.75015026674055,67.95949436450286,419.91562199565266,0.0,77.38807678222656
1127,4.0,4.112314065357865,0.11231406535786537,67.75021543865208,67.959498241304,419.9335975767576,0.0,77.3917121887207
1128,4.0,4.112462865439305,0.11246286543930495,67.7503286645803,67.959495211844,419.9477335844944,0.0,77.3946418762207
1129,4.0,4.112648111357196,0.11264811135719643,67.75048594884623,67.95949095903092,419.9653319466941,0.0,77.39830780029297
1130,4.0,4.112794477824294,0.11279447782429397,67.75068599202226,67.95948986452267,419.97923676106836,0.0,77.40129089355469
1131,4.0,4.112846426953502,0.11284642695350211,67.75093545529288,67.95948779848325,419.98417192834313,0.0,77.40255355834961
1132,4.0,4.112916999780957,0.11291699978095693,67.75121536420174,67.95948860799695,419.9908763469514,0.0,77.40420150756836
1133,4.0,4.112949770488045,0.11294977048804533,67.75152697434234,67.95948291165571,419.9939895641247,0.0,77.4051742553711
1134,4.0,4.113002056358915,0.1130020563589147,67.75186435981809,67.9594828875002,419.9989567218573,0.0,77.40654373168945
1135,4.0,4.113055260832935,0.11305526083293493,67.75222667135203,67.95948160718937,420.0040111468893,0.0,77.407958984375
1136,4.0,4.113110626515278,0.1131106265152777,67.75259010028832,67.95948851538138,420.0092708867119,0.0,77.40941619873047
1137,4.0,4.113185598810143,0.11318559881014334,67.75297110943927,67.95949190142095,420.0163932547241,0.0,77.41126251220703
1138,4.0,4.113228196598547,0.11322819659854666,67.75335786210844,67.95946146534361,420.0204400446224,0.0,77.41250610351562
1139,4.0,4.113292007916724,0.11329200791672367,67.7537757875534,67.95946089553134,420.02650211984917,0.0,77.4141845703125
1140,4.0,4.113361226485699,0.11336122648569891,67.75420479154153,67.95947048030283,420.03307788390185,0.0,77.41597747802734
1141,4.0,4.1134331686336125,0.11343316863361252,67.7546523520021,67.9594842257925,420.0399123879537,0.0,77.41784286499023
1142,4.0,4.113546904134527,0.11354690413452673,67.75511258617928,67.95947268156273,420.0507172605405,0.0,77.4205093383789
1143,4.0,4.113608587569327,0.11360858756932668,67.75559220781523,67.95946468832415,420.0565771868465,0.0,77.4222183227539
1144,4.0,4.113697889688902,0.11369788968890226,67.7560942942495,67.95935223349915,420.0650608882062,0.0,77.42447280883789
1145,4.0,4.113798184755716,0.11379818475571568,67.75661893238697,67.95933320793095,420.07458891955343,0.0,77.42695999145508
1146,4.0,4.113927364211806,0.11392736421180594,67.7571651981948,67.95934268521711,420.086860967882,0.0,77.43001556396484
1147,4.0,4.114048524671068,0.11404852467106785,67.75772666943466,67.95938029884519,420.0983712115119,0.0,77.43293762207031
1148,4.0,4.1141803959341425,0.11418039593414253,67.75831865918134,67.95942388676029,420.11089898150396,0.0,77.43609619140625
1149,4.0,4.114237680289702,0.11423768028970205,67.75894070473242,67.95921812271378,420.11634099528214,0.0,77.43788528442383
1150,4.0,4.114296509604204,0.11429650960420368,67.75958735634744,67.95917569613039,420.1219297801598,0.0,77.43973159790039
1151,4.0,4.114394534892855,0.11439453489285523,67.76024600944545,67.95919508946183,420.1312421825817,0.0,77.44232940673828
1152,4.0,4.114492497908194,0.11449249790819405,67.76092902057496,67.95926342958391,420.1405486690389,0.0,77.44495391845703
1153,4.0,4.114591215302153,0.11459121530215288,67.7616329517342,67.959345741307,420.149926821465,0.0,77.44761657714844
1154,4.0,4.114663585959856,0.11466358595985593,67.7623635588041,67.95899230736299,420.15680203394675,0.0,77.44981384277344
1155,4.0,4.114710701682609,0.11471070168260944,67.76312289917183,67.95893928460855,420.1612780276083,0.0,77.45156860351562
1156,4.0,4.114824015294927,0.1148240152949267,67.7638934095932,67.95900090568571,420.17204282077853,0.0,77.45458221435547
1157,4.0,4.114926315374499,0.1149263153744986,67.76468505624696,67.9590986078682,420.1817613283378,0.0,77.45741271972656
1158,4.0,4.114964769439101,0.11496476943910139,67.76550019212753,67.95921736533927,420.1854144644751,0.0,77.45906829833984
1159,4.0,4.115024068196409,0.11502406819640942,67.76633914060463,67.95872499419636,420.19104784641934,0.0,77.46114349365234
1160,4.0,4.115140314803857,0.115140314803857,67.767201364965,67.95866193366889,420.2020912741269,0.0,77.46431732177734
1161,4.0,4.115182687602171,0.11518268760217065,67.76807871304699,67.95874269803483,420.2061166899666,0.0,77.46611785888672
1162,4.0,4.1152251374860445,0.11522513748604446,67.76897479621616,67.95890447735881,420.21014942893464,0.0,77.46794128417969
1163,4.0,4.115321629340712,0.11532162934071177,67.76990193157384,67.95912362959868,420.21931615512807,0.0,77.47081756591797
1164,4.0,4.115377588630982,0.1153775886309818,67.77083578086234,67.95930555075772,420.2246322877037,0.0,77.47293853759766
1165,4.0,4.115423183903078,0.11542318390307837,67.77178677771181,67.9585584501757,420.2289638385529,0.0,77.47488403320312
1166,4.0,4.115503785731341,0.11550378573134079,67.77275780832682,67.9584124839297,420.23662101223783,0.0,77.47751148045063
1167,4.0,4.115548124539359,0.11554812453935881,67.77374377075847,67.95846032127723,420.24083319899955,0.0,77.47947335243225
1168,4.0,4.115616146348401,0.11561614634840112,67.77474769406365,67.9586413107267,420.24729527085856,0.0,77.4819016456604
1169,4.0,4.125776365824187,0.12577636582418705,67.77576743042414,67.95889338179576,421.21251612105823,0.0,77.67434984445572
1170,4.0,4.125843959035822,0.12584395903582202,67.77719698074154,67.95795594568132,421.21893747616355,0.0,77.67726075649261
1171,4.0,4.125802509920828,0.12580250992082842,67.77933444138442,67.95786141936141,421.2149998102392,0.0,77.6789300441742
1172,4.0,4.125788124917649,0.12578812491764868,67.78195463035358,67.95804104528011,421.2136332349371,0.0,77.68166208267212
1173,4.0,4.125699377550063,0.12569937755006322,67.78490099080896,67.95837019386194,421.2052022350165,0.0,77.68336772918701
1174,4.0,4.125652557423979,0.12565255742397863,67.78805648618773,67.95878152157644,421.2007543230384,0.0,77.6861023902893
1175,4.0,4.125575308431268,0.12557530843126763,67.7913550526707,67.95758244979616,421.19341566873084,0.0,77.68842792510986
1176,4.0,4.125491764591199,0.1254917645911986,67.79474387141904,67.95745460461842,421.18547900392434,0.0,77.69073820114136
1177,4.0,4.125396059166214,0.12539605916621444,67.79819121795298,67.95766521267902,421.1763869885508,0.0,77.69288635253906
1178,4.0,4.125272283557116,0.12527228355711628,67.8016685590787,67.95807226412438,421.1646283056865,0.0,77.69454002380371
1179,4.0,4.125191341631441,0.1251913416314414,67.80517278148974,67.9585406550123,421.1569388227474,0.0,77.69703102111816
1180,4.0,4.125097748659451,0.1250977486594511,67.8086712048898,67.95705974883661,421.1480474904083,0.0,77.6992769241333
1181,4.0,4.124995302497823,0.12499530249782342,67.81216634613428,67.95690638629692,421.13831510505366,0.0,77.7013521194458
1182,4.0,4.135263120846507,0.13526312084650716,67.81564841044705,67.95717471937488,422.11375784817864,0.0,77.89876385778189
1183,4.0,4.135105941372245,0.1351059413722453,67.81951444047901,67.95768827701963,422.09882579812376,0.0,77.90024363994598
1184,4.0,4.134943834333987,0.1349438343339866,67.82408801468902,67.95831376811019,422.08342562948917,0.0,77.9024429321289
1185,4.0,4.134772377710783,0.13477237771078343,67.8290987763755,67.95656912390842,422.0671372502849,0.0,77.90496778488159
1186,4.0,4.1345499299430575,0.13454992994305748,67.8344107478892,67.95640948335672,422.0460047123509,0.0,77.90687727928162
1187,4.0,4.134345318897763,0.13434531889776302,67.83990685519787,67.95675204298952,422.0265666630479,0.0,77.9093337059021
1188,4.0,4.134107530003154,0.13410753000315356,67.84551718955444,67.95737954526938,422.00397671806,0.0,77.91129541397095
1189,4.0,4.133892724978907,0.13389272497890659,67.8511856969852,67.958111734184,421.98357024075653,0.0,77.91375637054443
1190,4.0,4.133627904301493,0.13362790430149296,67.85687518085288,67.95879688121438,421.95841227640227,0.0,77.9152979850769
1191,4.0,4.133419219580331,0.13341921958033076,67.86256239857805,67.95681151279346,421.93858722789184,0.0,77.91789436340332
1192,4.0,4.133163328501618,0.1331633285016176,67.86823663278057,67.95644544010868,421.91427757541413,0.0,77.91958522796631
1193,4.0,4.143390096056785,0.14339009605678488,67.87388081399712,67.95660621418644,422.88582049315505,0.0,78.1188793182373
1194,4.0,4.143129918355808,0.14312991835580835,67.87988463902397,67.9570829959598,422.86110361156227,0.0,78.12088358402252
1195,4.0,4.142789504428152,0.1427895044281522,67.88656568603929,67.9577348359648,422.8287642884349,0.0,78.12215328216553
1196,4.0,4.142378574829235,0.14237857482923477,67.89366086359603,67.95571440378781,422.78972597653774,0.0,78.12256836891174
1197,4.0,4.141909909817016,0.14190990981701557,67.90102216953883,67.95557034001094,422.7452028003769,0.0,78.12219905853271
1198,4.0,4.141420674925354,0.14142067492535393,67.90852824070362,67.95603960894405,422.6987254856691,0.0,78.12160634994507
1199,4.0,4.140942741218796,0.14094274121879558,67.91611023974956,67.9568760461304,422.65332178354606,0.0,78.12131214141846
1200,4.0,4.140463741376547,0.14046374137654727,67.92369240762318,67.95780559763898,422.60781679853244,0.0,78.12099599838257
1201,4.0,4.149403084783773,0.1494030847837733,67.93124701033304,67.95586389783577,423.4570544222189,0.0,78.29836830496788
1202,4.0,4.1488666103233385,0.14886661032333848,67.93909454155516,67.95576467251462,423.4060893484776,0.0,78.2972891330719
1203,4.0,4.148337797605822,0.148337797605822,67.94752505557321,67.95620829568773,423.3558521403136,0.0,78.29702401161194
1204,4.0,4.147693966368343,0.14769396636834298,67.95629058098496,67.9569370209838,423.294688172753,0.0,78.29497122764587
1205,4.0,4.147089421821736,0.147089421821736,67.96523890558908,67.95778357758726,423.2372564408254,0.0,78.29386758804321
1206,4.0,4.146466194425471,0.1464661944254706,67.9742798006206,67.95580459533022,423.1780498381802,0.0,78.29251480102539
1207,4.0,4.145970639475504,0.14597063947550382,67.98333201274,67.95568341189535,423.1309721179333,0.0,78.29358291625977
1208,4.0,4.145339695980513,0.1453396959805131,67.99234188439463,67.95612813601355,423.0710324859092,0.0,78.29204273223877
1209,4.0,4.154138594146475,0.1541385941464748,68.00127224869345,67.95689776473202,423.9069278116756,0.0,78.46853041648865
1210,4.0,4.153475337612614,0.15347533761261367,68.01047055394349,67.95777998915796,423.84391844095876,0.0,78.46661448478699
1211,4.0,4.152779212799812,0.15277921279981221,68.02022772521742,67.95588951913008,423.7777865837426,0.0,78.46471881866455
1212,4.0,4.152070610141276,0.15207061014127632,68.03029183717211,67.95579603081157,423.7104693311817,0.0,78.46293759346008
1213,4.0,4.1513309997893355,0.1513309997893355,68.04050619418672,67.95625191906517,423.6402063477473,0.0,78.46073961257935
1214,4.0,4.150562783674999,0.15056278367499942,68.05077444283033,67.95701738133025,423.5672258168854,0.0,78.45805883407593
1215,4.0,4.1498490373871455,0.1498490373871455,68.06100941165741,67.957905128152,423.49941991953926,0.0,78.45636510848999
1216,4.0,4.149088913778731,0.1490889137787308,68.0711668365311,67.95868627476679,423.4272081767399,0.0,78.45370101928711
1217,4.0,4.148350665789972,0.14835066578997225,68.0812280113115,67.95666691337097,423.3570746178078,0.0,78.45133543014526
1218,4.0,4.156992087434511,0.15699208743451099,68.09115857147094,67.9562952875396,424.178009674039,0.0,78.62622427940369
1219,4.0,4.1562319671912,0.15623196719120003,68.10130781864979,67.95646356290669,424.10579825092447,0.0,78.62356460094452
1220,4.0,4.155433536555133,0.15543353655513314,68.11196437877317,67.95696379673466,424.0299473404981,0.0,78.62076139450073
1221,4.0,4.154572931345585,0.15457293134558459,68.12287608894664,67.95764344487606,423.94818984559095,0.0,78.61707139015198
1222,4.0,4.153749488293373,0.1537494882933732,68.13391795591092,67.95571557786009,423.8699627556309,0.0,78.61422967910767
1223,4.0,4.1528906350932635,0.1528906350932635,68.14497419982023,67.95560054984922,423.78837170162046,0.0,78.6107292175293
1224,4.0,4.152008867404917,0.15200886740491715,68.15597787657502,67.95608922924787,423.70460377122754,0.0,78.60672903060913
1225,4.0,4.151124849303018,0.1511248493030184,68.16687555270124,67.95691423522571,423.62062205154723,0.0,78.60255861282349
1226,4.0,4.159800312616958,0.15980031261695782,68.17763730036124,67.95785587316962,424.4447910663714,0.0,78.77926582098007
1227,4.0,4.159003126750611,0.15900312675061112,68.18861313223515,67.95602051991332,424.36905840906854,0.0,78.7768486738205
1228,4.0,4.158180203533663,0.15818020353366258,68.20007490081748,67.95593977311073,424.29088070345836,0.0,78.77450037002563
1229,4.0,4.157320914865689,0.15732091486568933,68.2117876218758,67.95637232372219,424.2092482800009,0.0,78.77174758911133
1230,4.0,4.156417963825519,0.1564179638255192,68.22361268095581,67.95708692315678,424.1234679311848,0.0,78.76829147338867
1231,4.0,4.155536445124512,0.15553644512451203,68.23543381738534,67.95788031581786,424.0397236545891,0.0,78.76523113250732
1232,4.0,4.154651609579587,0.15465160957958712,68.24719959128356,67.95594957404747,423.95566427782126,0.0,78.762038230896
1233,4.0,4.153737651801876,0.15373765180187604,68.25882862996001,67.95579339076144,423.86883828893866,0.0,78.7581295967102
1234,4.0,4.162185443316992,0.16218544331699203,68.27029744672386,67.95620479963667,424.67137848287473,0.0,78.93156617879868
1235,4.0,4.161228817813871,0.16122881781387122,68.28191424745053,67.95696336530966,424.5804990600782,0.0,78.92685258388519
1236,4.0,4.1602261555038975,0.16022615550389752,68.29396506567946,67.95781714112952,424.4852461406307,0.0,78.92176103591919
1237,4.0,4.159214517512656,0.15921451751265625,68.30621728575571,67.955978224098,424.3891405314628,0.0,78.9167251586914
1238,4.0,4.158213719344765,0.15821371934476502,68.31851864579346,67.95589356957142,424.29406470551316,0.0,78.91194486618042
1239,4.0,4.157205935960304,0.1572059359603042,68.33081314888886,67.95635003353165,424.19832528398933,0.0,78.90701723098755
1240,4.0,4.156218721002045,0.1562187210020447,68.34297653788632,67.95710036208663,424.1045398629547,0.0,78.90232181549072
1241,4.0,4.155172887376978,0.15517288737697843,68.35491484342043,67.9579460715353,424.0051856685734,0.0,78.89624691009521
1242,4.0,4.163603917197987,0.16360391719798706,68.36662644204254,67.95605249139098,424.8061335015692,0.0,79.0698760165833
1243,4.0,4.162539621895103,0.16253962189510318,68.37853461635984,67.95591960635653,424.70502544779526,0.0,79.06343322992325
1244,4.0,4.161477882703781,0.16147788270378083,68.39079539969995,67.95635778563506,424.6041602246196,0.0,79.05743956565857
1245,4.0,4.160424649669603,0.16042464966960335,68.40322858660716,67.95709299103653,424.50410308637277,0.0,79.05179953575134
1246,4.0,4.159332127739083,0.15933212773908334,68.41573218919623,67.95793340315,424.4003135029734,0.0,79.04548692703247
1247,4.0,4.158228692156483,0.1582286921564826,68.4281216293199,67.95869192754452,424.2954871226263,0.0,79.038827419281
1248,4.0,4.157173356941557,0.15717335694155743,68.44031005223967,67.95669568600675,424.1952302772084,0.0,79.0328426361084
1249,4.0,4.156114247583798,0.15611424758379844,68.45237889615245,67.95633672422392,424.0946148882213,0.0,79.02664089202881
1250,4.0,4.155052560805282,0.15505256080528174,68.46420179384363,67.95650652515641,423.99375464426225,0.0,79.02009916305542
1251,4.0,4.1534048262707115,0.1534048262707115,68.4757739396145,67.95700820616828,423.837219863478,0.0,79.00211387872696
1252,4.0,4.152329581387342,0.15232958138734176,68.48710030384443,67.95768892710208,423.73507159955795,0.0,78.99472570419312
1253,4.0,4.151276174766503,0.1512761747665028,68.49801393779894,67.95572330416184,423.6349979705782,0.0,78.98727035522461
1254,4.0,4.150199858976238,0.15019985897623833,68.50870181039164,67.95561160810497,423.5327479705031,0.0,78.97911238670349
1255,4.0,4.14918480432716,0.14918480432716041,68.51897560293486,67.95608381877784,423.4363177788407,0.0,78.97163677215576
1256,4.0,4.148140581016558,0.14814058101655814,68.52905907525711,67.9569032376628,423.3371165643335,0.0,78.96338081359863
1257,4.0,4.147162512318268,0.1471625123182676,68.5388093033214,67.95784475209291,423.2442000379959,0.0,78.95599460601807
1258,4.0,4.14614549604966,0.14614549604965976,68.54832452247034,67.95600688712618,423.14758349247813,0.0,78.9475908279419
1259,4.0,4.154533177652912,0.15453317765291175,68.55740870249254,67.95590947540732,423.94441324478703,0.0,79.11778584122658
1260,4.0,4.1535327319491095,0.15353273194910955,68.56668833427865,67.95633522094641,423.8493709029259,0.0,79.1094400882721
1261,4.0,4.152483658604145,0.1524836586041447,68.5762547482145,67.95704969986673,423.7497089351542,0.0,79.10049366950989
1262,4.0,4.151484404048676,0.15148440404867625,68.58594137556179,67.95785274903406,423.6547797523847,0.0,79.09262943267822
1263,4.0,4.150421330347696,0.15042133034769556,68.59576034692188,67.95590166455506,423.55378775079157,0.0,79.08369636535645
1264,4.0,4.139189527268367,0.13918952726836675,68.60534890393028,67.95574893885733,422.48676645825526,0.0,78.88070602715015
1265,4.0,4.138210348866592,0.13821034886659156,68.61441623758266,67.95617128510604,422.39374451008666,0.0,78.87246870994568
1266,4.0,4.137197998448264,0.13719799844826408,68.62272606403678,67.95691316864979,422.2975712203455,0.0,78.86272358894348
1267,4.0,4.145593724812224,0.14559372481222432,68.63008649439492,67.957799118037,423.09516522492174,0.0,79.0312377512455
1268,4.0,4.144683766701164,0.14468376670116356,68.63729381659124,67.95594944088998,423.008719204371,0.0,79.02218818664551
1269,4.0,4.143710948329781,0.14371094832978137,68.6447437474372,67.95587594084441,422.9163014590897,0.0,79.01221561431885
1270,4.0,4.14274788734048,0.14274788734048016,68.65218444572157,67.9563451153816,422.82481066510604,0.0,79.00241446495056
1271,4.0,4.1417978651472245,0.14179786514722448,68.65949327676157,67.95712655420134,422.7345585567468,0.0,78.99270629882812
1272,4.0,4.1408438302916,0.1408438302916002,68.66670638735881,67.95798532849429,422.64392524546247,0.0,78.98280763626099
1273,4.0,4.139896301983975,0.13989630198397496,68.67374274042926,67.9587419845799,422.55391005623807,0.0,78.97282600402832
1274,4.0,4.138967070615174,0.13896707061517422,68.68057989888129,67.95673698200989,422.46563307620204,0.0,78.96296072006226
1275,4.0,4.127798663240567,0.12779866324056677,68.68712349043324,67.9563581250093,421.4046343756143,0.0,78.75739347934723
1276,4.0,4.136275918649119,0.13627591864911892,68.6929158709331,67.95649332898226,422.2099736394267,0.0,78.9257926940918
1277,4.0,4.135418847549087,0.1354188475490874,68.6983506784522,67.95697613070793,422.12855188492375,0.0,78.91568171977997
1278,4.0,4.1345371570598575,0.13453715705985747,68.7035375207554,67.9576305957553,422.0447912884469,0.0,78.90481352806091
1279,4.0,4.133709375566831,0.1337093755668306,68.70861424582397,67.95570615499668,421.96615204660935,0.0,78.89484524726868
1280,4.0,4.132871621632013,0.13287162163201316,68.71356909679898,67.95560172662478,421.8865654228017,0.0,78.8845443725586
1281,4.0,4.132050037330439,0.13205003733043874,68.71829838216877,67.95608475300234,421.80851491415217,0.0,78.87429094314575
1282,4.0,4.131212518006989,0.13121251800698897,68.72286539361572,67.95691222992943,421.72895057842436,0.0,78.86354494094849
1283,4.0,4.121124853159147,0.1211248531591469,68.72716415170211,67.95782692979586,420.7706224178794,0.0,78.67589563131332
1284,4.0,4.129655041965229,0.12965504196522915,68.7309593841406,67.9560116347753,421.5809903544572,0.0,78.84309804439545
1285,4.0,4.128880581579259,0.12888058157925908,68.73416607152306,67.95592142633083,421.50741661779006,0.0,78.83198988437653
1286,4.0,4.128115667061971,0.1281156670619712,68.73747044002961,67.95636112323106,421.4347497386477,0.0,78.82117462158203
1287,4.0,4.1273559932678845,0.1273559932678845,68.7407412583005,67.95706920579983,421.3625807282095,0.0,78.81041955947876
1288,4.0,4.126603833200475,0.12660383320047508,68.74392513447651,67.95787922459776,421.2911255218056,0.0,78.79970693588257
1289,4.0,4.125823751118729,0.12582375111872857,68.74689765492073,67.95592313677228,421.2170177240397,0.0,78.78821754455566
1290,4.0,4.12508628489639,0.12508628489638962,68.74971368552418,67.95577313676401,421.1469584329175,0.0,78.77736139297485
1291,4.0,4.115046396506198,0.11504639650619808,68.75246706725113,67.95617065509903,420.1931690358493,0.0,78.58877551555634
1292,4.0,4.123663668856461,0.1236636688564614,68.75477836164058,67.95692156706129,421.0118099091243,0.0,78.7559948861599
1293,4.0,4.122979689051745,0.12297968905174539,68.7565839607757,67.9577717716277,420.94683182767625,0.0,78.74499976634979
1294,4.0,4.122292984596155,0.12229298459615467,68.75841944292048,67.95592554578243,420.8815949043951,0.0,78.73398613929749
1295,4.0,4.121589521275095,0.12158952127509526,68.76031261247488,67.95586872169082,420.8147658888945,0.0,78.72271776199341
1296,4.0,4.120893600655155,0.12089360065515464,68.76206828046364,67.9563305238499,420.7486534300001,0.0,78.71143531799316
1297,4.0,4.120205319152926,0.12020531915292576,68.76373454608853,67.95710259683679,420.68326668728844,0.0,78.70019578933716
1298,4.0,4.119529470528894,0.11952947052889407,68.76532092614993,67.95793209805746,420.6190610680054,0.0,78.6891016960144
1299,4.0,4.109578051833156,0.10957805183315639,68.7667502476646,67.95606271596999,419.6736762919103,0.0,78.50064653158188
1300,4.0,4.108934592385071,0.1089345923850713,68.76776003770668,67.95593803665278,419.6125476443422,0.0,78.48950779438019
1301,4.0,4.117665942969244,0.11766594296924371,68.7679671862209,67.95636522412705,420.4420259498386,0.0,78.6565323472023
1302,4.0,4.117075518654227,0.11707551865422694,68.76786718805742,67.95710536557968,420.385935639912,0.0,78.64513957500458
1303,4.0,4.116475771988939,0.11647577198893888,68.76801719219591,67.95794100024106,420.3289597067096,0.0,78.63385462760925
1304,4.0,4.115868662565545,0.1158686625655454,68.76829849460354,67.95870781866778,420.27128431148725,0.0,78.6225790977478
1305,4.0,4.115272561560926,0.1152725615609258,68.76850834017644,67.95670770292037,420.2146547160484,0.0,78.61143207550049
1306,4.0,4.114679798793161,0.11467979879316115,68.76879303580662,67.9563645605942,420.15834225311073,0.0,78.60043430328369
1307,4.0,4.104766350078819,0.10476635007881896,68.76894909412192,67.95653584931605,419.2165646252482,0.0,78.41124115884304
1308,4.0,4.1042046277697315,0.1042046277697315,68.76868458212981,67.95703908582341,419.16320100588496,0.0,78.4002093076706
1309,4.0,4.113015801416119,0.11301580141611911,68.76765768450022,67.95770900961115,420.0002625022918,0.0,78.56735074520111
1310,4.0,4.112497037831129,0.11249703783112874,68.76636848157762,67.95575617180454,419.9509799617177,0.0,78.55596852302551
1311,4.0,4.111962562225294,0.111962562225294,68.76525685785624,67.9556182698723,419.90020477916335,0.0,78.54448938369751
1312,4.0,4.111413781986234,0.11141378198623375,68.76431655383458,67.95608801902506,419.84807065645265,0.0,78.53293299674988
1313,4.0,4.110888465716204,0.11088846571620437,68.76337979471471,67.95690652564055,419.79816561079986,0.0,78.52182912826538
1314,4.0,4.110365919673852,0.11036591967385156,68.76242297245699,67.95783251552133,419.74852373677635,0.0,78.51075553894043
1315,4.0,4.1005161365049565,0.1005161365049565,68.76141382588474,67.95598258667968,418.8127943357313,0.0,78.32146860053763
1316,4.0,4.100023273026346,0.10002327302634573,68.75992774139216,67.95591657010478,418.7659723052633,0.0,78.31036221981049
1317,4.0,4.108904390638958,0.1089043906389584,68.75772089229221,67.95634292776171,419.6096784784615,0.0,78.47747257351875
1318,4.0,4.108455638036094,0.10845563803609437,68.75530853939298,67.95707138142087,419.5670469811894,0.0,78.46614861488342
1319,4.0,4.108008054183922,0.10800805418392212,68.75310511781241,67.95786899012455,419.52452651523305,0.0,78.45508599281311
1320,4.0,4.107564333238339,0.10756433323833914,68.75106118957264,67.95592986915504,419.4823730254027,0.0,78.44427967071533
1321,4.0,4.107084261856631,0.107084261856631,68.7491302158898,67.95577985480632,419.43676624414036,0.0,78.43290853500366
1322,4.0,4.106650772371097,0.10665077237109699,68.74703973084448,67.95620518164483,419.39558474301464,0.0,78.42224550247192
1323,4.0,4.106192912529881,0.10619291252988106,68.74501776491083,67.95694669273242,419.3520880580992,0.0,78.41119575500488
1324,4.0,4.096425992381585,0.09642599238158489,68.74292916340005,67.95781040257295,418.424230644011,0.0,78.22231161594391
1325,4.0,4.105340124087986,0.1053401240879861,68.74036793677627,67.95593730057034,419.27107315611914,0.0,78.38960850983858
1326,4.0,4.104939565605454,0.10493956560545392,68.73743522939063,67.9558336762101,419.23302010027857,0.0,78.37861597537994
1327,4.0,4.104558617135262,0.10455861713526193,68.73457600238758,67.95629114825725,419.1968299956103,0.0,78.36808228492737
1328,4.0,4.104135487406698,0.10413548740669842,68.73189051477524,67.95704796833323,419.1566326713968,0.0,78.35694193840027
1329,4.0,4.103760143935152,0.1037601439351521,68.72899772724614,67.95791658794316,419.1209750415999,0.0,78.34647822380066
1330,4.0,4.103365255161729,0.10336525516172923,68.726212766721,67.95869250345258,419.0834606081247,0.0,78.33576488494873
1331,4.0,4.102971750255453,0.10297175025545258,68.72339844263053,67.95671110555635,419.0460776420284,0.0,78.32504510879517
1332,4.0,4.09326974683783,0.09326974683783007,68.72039382567075,67.95637485482509,418.1243873173543,0.0,78.13641917705536
1333,4.0,4.092919490149364,0.09291949014936396,68.71703263219172,67.95653811279378,418.09111293195,0.0,78.12591171264648
1334,4.0,4.10195738157646,0.10195738157645984,68.71291191218455,67.95700549506215,418.94971261752414,0.0,78.29373228549957
1335,4.0,4.101653025049079,0.10165302504907903,68.70867058652082,67.95765699897721,418.92079874742296,0.0,78.28309071063995
1336,4.0,4.101354111570499,0.10135411157049923,68.70463116744178,67.95572993551995,418.8924019669579,0.0,78.2727837562561
1337,4.0,4.101037801860615,0.10103780186061506,68.70083308408815,67.955615922044,418.8623525445189,0.0,78.2624204158783
1338,4.0,4.100724874582234,0.10072487458223378,68.69700705377483,67.95611327952435,418.83262445307264,0.0,78.25209045410156
1339,4.0,4.100418613252437,0.10041861325243673,68.69328248421888,67.95692513525792,418.8035296267419,0.0,78.24200391769409
1340,4.0,4.090751199376111,0.0907511993761112,68.68951273317712,67.95786444256426,417.885125308491,0.0,78.05325183272362
1341,4.0,4.090472040185654,0.09047204018565402,68.68528684203484,67.95603924336001,417.85860518539755,0.0,78.04312372207642
1342,4.0,4.099584017873467,0.09958401787346727,68.68039544021195,67.95595245406919,418.72424306573987,0.0,78.21140319108963
1343,4.0,4.099354749693549,0.09935474969354896,68.67548356849916,67.95635954442841,418.70246258864756,0.0,78.20143604278564
1344,4.0,4.0991104074687374,0.09911040746873745,68.67077326579627,67.95703970427404,418.6792500772905,0.0,78.19141149520874
1345,4.0,4.098868215336501,0.09886821533650103,68.6662493942125,67.95783562304445,418.65624182472806,0.0,78.18164086341858
1346,4.0,4.0986131900367235,0.09861319003672353,68.66187379989503,67.95593027235242,418.6320144212492,0.0,78.17179489135742
1347,4.0,4.098365025393747,0.09836502539374692,68.65744660360816,67.9557886956426,418.6084387801664,0.0,78.16202163696289
1348,4.0,4.088750176029972,0.08875017602997204,68.65304314149854,67.95621680783786,417.6950280906078,0.0,77.97365061938763
1349,4.0,4.088548878688847,0.08854887868884731,68.64826586079522,67.95694875222244,417.67590484320095,0.0,77.9643862247467
1350,4.0,4.097704619872393,0.09770461987239276,68.64296586731679,67.95780344506625,418.54570025563777,0.0,78.13294398784637
1351,4.0,4.0975291620084375,0.09752916200843753,68.63735852218666,67.95595243419446,418.52903175856204,0.0,78.12321615219116
1352,4.0,4.097358307771856,0.09735830777185583,68.63202707925231,67.95586894872461,418.5128006060868,0.0,78.11389064788818
1353,4.0,4.097171239599585,0.09717123959958496,68.62706816347718,67.95633258172819,418.49502912972105,0.0,78.10468053817749
1354,4.0,4.096968293898376,0.09696829389837625,68.62222724865619,67.9571079370816,418.47574928810616,0.0,78.09530258178711
1355,4.0,4.096801680047483,0.09680168004748335,68.61723070379836,67.9579648346732,418.45992097227133,0.0,78.0864405632019
1356,4.0,4.087215215627267,0.08721521562726675,68.61244458127463,67.95609081845603,417.5492068523508,0.0,77.89828540943563
1357,4.0,4.087074449036591,0.08707444903659134,68.60704649121014,67.95596851659981,417.5358340262366,0.0,77.88947409391403
1358,4.0,4.086934470909254,0.0869344709092541,68.60129154725458,67.95637079189217,417.5225361041396,0.0,77.88027310371399
1359,4.0,4.096219499477959,0.09621949947795905,68.59485260896608,67.95709377015605,418.4046138181666,0.0,78.04988133907318
1360,4.0,4.096138682131715,0.09613868213171539,68.58861549499707,67.9579137358503,418.3969361702734,0.0,78.04124474525452
1361,4.0,4.096019251899801,0.09601925189980065,68.58274669260719,67.95867997051347,418.3855902982415,0.0,78.03229188919067
1362,4.0,4.095905122932107,0.09590512293210729,68.5770842589461,67.9569003268272,418.37474804631063,0.0,78.02367520332336
1363,4.0,4.095792162966683,0.09579216296668314,68.57162029803422,67.95661931958729,418.3640168495954,0.0,78.01530694961548
1364,4.0,4.095664624536759,0.09566462453675939,68.56630642062215,67.95677817897523,418.3519006987526,0.0,78.00683212280273
1365,4.0,4.0861637572351235,0.08616375723512348,68.56104091819502,67.95725840044209,417.4493183050972,0.0,77.81990015506744
1366,4.0,4.086059834253336,0.0860598342533363,68.55537205977494,67.9578709884707,417.4394456218274,0.0,77.81148672103882
1367,4.0,4.095359786646228,0.09535978664622835,68.54910807762249,67.95636779135195,418.3229410991521,0.0,77.9814612865448
1368,4.0,4.095298142963823,0.09529814296382266,68.54278760611592,67.95632880585592,418.3170849493236,0.0,77.97309744358063
1369,4.0,4.095226396261731,0.09522639626173124,68.53674270527078,67.95674272740136,418.31026901262493,0.0,77.96485495567322
1370,4.0,4.095147913292474,0.0951479132924744,68.53096573326836,67.95741606224442,418.30281313054553,0.0,77.95678925514221
1371,4.0,4.095085910003513,0.09508591000351263,68.52529528652168,67.95816494614726,418.2969228180941,0.0,77.94915866851807
1372,4.0,4.095006368982049,0.09500636898204906,68.51985167517223,67.95706735515711,418.2893664210551,0.0,77.94145250320435
1373,4.0,4.085546965665572,0.0855469656655723,68.51435757340549,67.95711018832169,417.3907231059898,0.0,77.7551738023758
1374,4.0,4.085491391117462,0.08549139111746218,68.50854652396423,67.95744839993799,417.3854435239193,0.0,77.74752140045166
1375,4.0,4.085477819493308,0.0854778194933079,68.50209584960677,67.95794579080241,417.3841542196247,0.0,77.73994255065918
1376,4.0,4.095044696907873,0.09504469690787332,68.49518559889235,67.9584640322563,418.2930075740084,0.0,77.91412404179573
1377,4.0,4.095060348304751,0.09506034830475141,68.48838114943037,67.95754594396308,418.29449445671185,0.0,77.90668165683746
1378,4.0,4.095046150953244,0.09504615095324365,68.48209417456073,67.95752521044555,418.2931457083186,0.0,77.8992600440979
1379,4.0,4.095032942983263,0.09503294298326281,68.476019177581,67.95778304491351,418.29189095117044,0.0,77.89209842681885
1380,4.0,4.095029212285007,0.09502921228500671,68.47011600426141,67.95818055202295,418.2915365348361,0.0,77.88531255722046
1381,4.0,4.085580651728224,0.0855806517282236,68.46452657550151,67.95863769250107,417.3939232819417,0.0,77.69926252961159
1382,4.0,4.0855704754902264,0.08557047549022645,68.45847380491112,67.95799227652289,417.392956539332,0.0,77.69219982624054
1383,4.0,4.085601124863993,0.0856011248639934,68.4518421610539,67.95804760456387,417.39586822983983,0.0,77.68525648117065
1384,4.0,4.08565636084132,0.08565636084131967,68.44485177281703,67.95827311118829,417.40111564768586,0.0,77.67837333679199
1385,4.0,4.085745696275536,0.08574569627553608,68.43759079925765,67.95860903686473,417.4096025139364,0.0,77.67183113098145
1386,4.0,4.08583540206072,0.08583540206072016,68.43020840262265,67.95894688934958,417.41812456352886,0.0,77.66515779495239
1387,4.0,4.085950167286256,0.08595016728625637,68.42259364385073,67.95922848882194,417.4290272599548,0.0,77.65869665145874
1388,4.0,4.095428066982072,0.0954280669820724,68.41495375035993,67.95873291308918,418.3294277310573,0.0,77.8301449418068
1389,4.0,4.086107432154633,0.08610743215463312,68.40769046270933,67.95866745999817,417.44396742245056,0.0,77.64477011561394
1390,4.0,4.086201222755269,0.08620122275526931,68.40059012839666,67.9587093121791,417.45287752951106,0.0,77.63849306106567
1391,4.0,4.086330556570451,0.0863305565704513,68.39325332602824,67.95882702624435,417.4651642419533,0.0,77.63262248039246
1392,4.0,4.086449491108522,0.08644949110852185,68.38588434117838,67.95898428844963,417.47646302307004,0.0,77.6265172958374
1393,4.0,4.086593402560808,0.08659340256080839,68.37833267498789,67.95866966912354,417.4901346110372,0.0,77.62067866325378
1394,4.0,4.086744547052461,0.0867445470524606,68.37080754821281,67.9586945718802,417.5044933377442,0.0,77.61500692367554
1395,4.0,4.086902852794727,0.08690285279472665,68.36320120142811,67.95883100284955,417.5195323832595,0.0,77.60937833786011
1396,4.0,4.087068959552698,0.08706895955269811,68.35566489832135,67.95901342896778,417.53531252526676,0.0,77.60397672653198
1397,4.0,4.08722879910082,0.08722879910081982,68.34809205218387,67.95921366705328,417.55049728233837,0.0,77.59841394424438
1398,4.0,4.077989739248874,0.0779897392488742,68.34036602609581,67.95908790112476,416.6727865964035,0.0,77.41425317525864
1399,4.0,4.0781835402312865,0.07818354023128649,68.33249573366014,67.95914273993473,416.6911976897327,0.0,77.4090164899826
1400,4.0,4.078437445656707,0.07843744565670718,68.32396099871502,67.95921314431324,416.71531870514764,0.0,77.40416693687439
1401,4.0,4.078691536571861,0.07869153657186079,68.31515138820133,67.95929070129318,416.73945734208723,0.0,77.39900827407837
1402,4.0,4.078989877881614,0.0789898778816136,68.30587099172217,67.95935780102859,416.76779976651375,0.0,77.39415454864502
1403,4.0,4.079302184657244,0.07930218465724437,68.29655760398093,67.95924558705894,416.79746891019863,0.0,77.38952684402466
1404,4.0,4.079609877879814,0.07960987787981377,68.2871545553589,67.95923727485561,416.82669976634276,0.0,77.38470840454102
1405,4.0,4.089401084054725,0.08940108405472458,68.2775750196138,67.95926554723883,417.75686435295927,0.0,77.55955258384347
1406,4.0,4.080275386828037,0.08027538682803659,68.26851759670184,67.95931317719861,416.8899231164239,0.0,77.37620890140533
1407,4.0,4.080575853992918,0.08057585399291778,68.25977025775072,67.95936793054673,416.91846749708765,0.0,77.37199175357819
1408,4.0,4.080889182132901,0.08088918213290075,68.25083908401123,67.95941260888833,416.948233670386,0.0,77.36780858039856
1409,4.0,4.081234110857655,0.08123411085765486,68.24167058752583,67.95940246448107,416.98100189923764,0.0,77.36395382881165
1410,4.0,4.081567531611112,0.08156753161111219,68.2326705771656,67.95942574092254,417.0126768708161,0.0,77.36007022857666
1411,4.0,4.081909533194064,0.08190953319406358,68.2236091537424,67.95943704577446,417.04516702119645,0.0,77.35627794265747
1412,4.0,4.082273856873084,0.0822738568730843,68.21436126963245,67.95945498024285,417.07977777070346,0.0,77.35269546508789
1413,4.0,4.082633139664857,0.08263313966485697,68.20535818653777,67.95946483730604,417.11390963592186,0.0,77.34929323196411
1414,4.0,4.073535755484471,0.07353575548447111,68.19641521208911,67.95947306015535,416.2496581387852,0.0,77.16681548953056
1415,4.0,4.073911215269152,0.07391121526915168,68.18718254977345,67.9594681219599,416.28532681832985,0.0,77.16347992420197
1416,4.0,4.074358850591585,0.07435885059158487,68.17719357967749,67.959466877706,416.327852173961,0.0,77.16065335273743
1417,4.0,4.074812714370349,0.0748127143703492,68.16703109760383,67.95947024522718,416.3709692329436,0.0,77.15774583816528
1418,4.0,4.075282773535485,0.07528277353548507,68.15659643974881,67.95946934702728,416.4156248536315,0.0,77.1548342704773
1419,4.0,4.075774523469535,0.07577452346953528,68.14598431318095,67.95946924029057,416.46234109736633,0.0,77.15212965011597
1420,4.0,4.076286701671494,0.07628670167149387,68.13537397498767,67.95947381400941,416.51099802655233,0.0,77.14981079101562
1421,4.0,4.076783840223216,0.07678384022321616,68.12499993669276,67.95947774211542,416.558226188966,0.0,77.14747190475464
1422,4.0,4.067827049910038,0.06782704991003818,68.11443149935012,67.95947503209588,415.70733110921407,0.0,76.96603526175022
1423,4.0,4.06836471870047,0.06836471870046967,68.10366471050189,67.959479978897,415.75840964430506,0.0,76.96404075622559
1424,4.0,4.068943020917188,0.06894302091718796,68.09226919946995,67.95948663872001,415.81334835489326,0.0,76.96210098266602
1425,4.0,4.069551923584936,0.06955192358493623,68.08051748964947,67.95948484616507,415.8711941083294,0.0,76.96033358573914
1426,4.0,4.070175186885027,0.07017518688502733,68.06865544713325,67.95948785228872,415.930404121838,0.0,76.95870900154114
1427,4.0,4.0708195902586874,0.07081959025868745,68.05665213730066,67.95948343960127,415.99162244233577,0.0,76.95732021331787
1428,4.0,4.071467776368835,0.07146777636883517,68.04471568315988,67.95948472316987,416.0532001227998,0.0,76.95607423782349
1429,4.0,4.0721312008624295,0.07213120086242952,68.03270928820233,67.95948947074893,416.1162254496912,0.0,76.95503282546997
1430,4.0,4.07278877281916,0.07278877281915985,68.02095586209363,67.95949812340918,416.17869478558066,0.0,76.95416259765625
1431,4.0,4.063958138364614,0.06395813836461439,68.00925485225723,67.95948969041567,415.3397845123988,0.0,76.77410131692886
1432,4.0,4.064644048413401,0.06464404841340077,67.99724323062411,67.95948489844935,415.40494596703354,0.0,76.77349722385406
1433,4.0,4.065376302581381,0.06537630258138094,67.98465092749002,67.9594840180573,415.47451011299165,0.0,76.77310800552368
1434,4.0,4.06613621350163,0.0661362135016299,67.97189392605048,67.95948043482576,415.5467016504153,0.0,76.77304983139038
1435,4.0,4.0669120794858,0.06691207948579958,67.95902196702069,67.95948402024689,415.6204089189114,0.0,76.77315759658813
1436,4.0,4.06770413986216,0.06770413986216006,67.946035490065,67.95948257963693,415.69565465466565,0.0,76.77343606948853
1437,4.0,4.068506018582186,0.06850601858218575,67.93312598711942,67.9594775096916,415.77183313306807,0.0,76.77398109436035
1438,4.0,4.069299599330567,0.0692995993305674,67.92030987289934,67.95947624350451,415.84722330416434,0.0,76.77446937561035
1439,4.0,4.060591922089167,0.060591922089167305,67.90752871858034,67.95947880392744,415.01999396623137,0.0,76.59576737880707
1440,4.0,4.061409221131931,0.06140922113193081,67.89464388011909,67.95947480390308,415.09763737529386,0.0,76.59664797782898
1441,4.0,4.062258546681157,0.062258546681157156,67.88135487429786,67.95947250301622,415.1783233024704,0.0,76.59767055511475
1442,4.0,4.063142630534116,0.06314263053411562,67.86772490052138,67.95947156328958,415.26231126850143,0.0,76.59895730018616
1443,4.0,4.064042472697256,0.06404247269725616,67.85399065824531,67.95947536219761,415.3477962739998,0.0,76.60041666030884
1444,4.0,4.064953667669092,0.06495366766909161,67.8402708745347,67.95948205578617,415.43435979632415,0.0,76.60209941864014
1445,4.0,4.065857861075106,0.06585786107510572,67.8267504588241,67.95948000553994,415.5202581698955,0.0,76.60386848449707
1446,4.0,4.066782944066692,0.06678294406669227,67.81317475548926,67.95948315042358,415.6081410540962,0.0,76.60596179962158
1447,4.0,4.058173498618704,0.05817349861870369,67.79986960312436,67.95948340802782,414.79024373653726,0.0,76.42878723144531
1448,4.0,4.059108563908526,0.05910856390852626,67.7863755330381,67.95949058394933,414.87907493907045,0.0,76.43118262290955
1449,4.0,4.060071715283992,0.0600717152839918,67.77253047081557,67.95948732549722,414.9705743197397,0.0,76.43370389938354
1450,4.0,4.06107474068007,0.061074740680069795,67.75828537315562,67.95949101312223,415.06586173236707,0.0,76.43651700019836
1451,4.0,4.062071910871861,0.062071910871861036,67.74419017664738,67.95949215778829,415.1605929005873,0.0,76.43938112258911
1452,4.0,4.063092886359798,0.06309288635979815,67.73002891226857,67.95949040399557,415.25758557194126,0.0,76.44261074066162
1453,4.0,4.064113577093083,0.06411357709308341,67.71609027682709,67.95948368048684,415.3545511916034,0.0,76.44607830047607
1454,4.0,4.065140630858818,0.06514063085881805,67.70229927847376,67.95947476838823,415.45212129934816,0.0,76.44982433319092
1455,4.0,4.066158169878774,0.06615816987877388,67.68879733306116,67.9594718684895,415.54878750624397,0.0,76.45371007919312
1456,4.0,4.067173154327712,0.06717315432771187,67.67545438713455,67.95947886250269,415.6452110288931,0.0,76.45771980285645
1457,4.0,4.058421419989382,0.058421419989381995,67.6625314562523,67.95947642931228,414.81379626675175,0.0,76.27862972021103
1458,4.0,4.059439395969347,0.05943939596934733,67.64936447782942,67.9594784196029,414.91050398484845,0.0,76.28291535377502
1459,4.0,4.060488709784298,0.06048870978429832,67.63582198301215,67.95947515516856,415.0101887972688,0.0,76.28735876083374
1460,4.0,4.061559124088033,0.0615591240880331,67.62211818345601,67.95947998745017,415.11187815612357,0.0,76.29200863838196
1461,4.0,4.062631112078138,0.06263111207813843,67.60853612161553,67.95947853073166,415.2137170151836,0.0,76.29681730270386
1462,4.0,4.063709641583506,0.06370964158350567,67.59503004509587,67.95947365830287,415.31617731819347,0.0,76.30182647705078
1463,4.0,4.064788760499049,0.06478876049904869,67.58164127319024,67.95948153913443,415.41869361517007,0.0,76.30697107315063
1464,4.0,4.065867700094978,0.06586770009497833,67.56849944311,67.95948004002572,415.5211928767834,0.0,76.31238317489624
1465,4.0,4.066938515506272,0.06693851550627183,67.55561898712548,67.95948545163733,415.62292034085624,0.0,76.31793022155762
1466,4.0,4.068010811992282,0.06801081199228243,67.54292369302895,67.959486856824,415.72478850702726,0.0,76.32370662689209
1467,4.0,4.069067747124132,0.06906774712413188,67.5305836818474,67.95948819067333,415.825197344553,0.0,76.32958889007568
1468,4.0,4.060550251437132,0.060550251437131664,67.51853392355545,67.95948879479263,415.016035254288,0.0,76.15622219443321
1469,4.0,4.061617468311777,0.061617468311776946,67.50640147949125,67.95947967601535,415.1174208573793,0.0,76.16254985332489
1470,4.0,4.062715668419787,0.06271566841978693,67.49385688665039,67.95947571829153,415.2217498676402,0.0,76.16898608207703
1471,4.0,4.063825001780588,0.0638250017805877,67.48125342825175,67.95947412514671,415.32713653691627,0.0,76.17555689811707
1472,4.0,4.064949180832224,0.06494918083222423,67.46861420318184,67.95946812010567,415.4339335468218,0.0,76.18235778808594
1473,4.0,4.066079516627855,0.06607951662785538,67.45597882807702,67.95947482154789,415.5413154474067,0.0,76.18927049636841
1474,4.0,4.067208092262328,0.06720809226232838,67.44364091980523,67.95946896310262,415.6485301326817,0.0,76.1964783668518
1475,4.0,4.068342415941195,0.06834241594119472,67.4314420129168,67.95947337702728,415.75629088217397,0.0,76.20394325256348
1476,4.0,4.069468598101326,0.06946859810132633,67.41951724176513,67.95948066014606,415.8632781873864,0.0,76.21155786514282
1477,4.0,4.070588096483268,0.07058809648326836,67.40784132404632,67.95947990244485,415.96963053367097,0.0,76.21932125091553
1478,4.0,4.071698775397903,0.07169877539790281,67.3964489261961,67.9594824092993,416.0751450305612,0.0,76.22723293304443
1479,4.0,4.072805202726345,0.07280520272634483,67.38531347917198,67.95948269034895,416.1802556267632,0.0,76.23534870147705
1480,4.0,4.073901546620107,0.07390154662010673,67.37446882368789,67.95948208441744,416.28440829667056,0.0,76.24359798431396
1481,4.0,4.074980306145002,0.07498030614500184,67.36391310867047,67.95947593886758,416.38689045153563,0.0,76.25183868408203
1482,4.0,4.076046042166351,0.07604604216635114,67.3536767321624,67.95948113683716,416.4881353735638,0.0,76.26019096374512
1483,4.0,4.0771110918159765,0.07711109181597653,67.34363809005164,67.95947791046122,416.5893150902782,0.0,76.26874828338623
1484,4.0,4.07815817668903,0.0781581766890298,67.33397117806865,67.95947455541723,416.6887881532183,0.0,76.2773847579956
1485,4.0,4.079201240273004,0.07920124027300357,67.32451951816608,67.95946938458054,416.7878791936958,0.0,76.28618431091309
1486,4.0,4.070562347974598,0.07056234797459826,67.31539516135554,67.95947635649308,415.9671844253473,0.0,76.11430916190147
1487,4.0,4.071607367109617,0.07160736710961668,67.30614328065165,67.95947705219085,416.06646124317405,0.0,76.12338578701019
1488,4.0,4.0726825884302835,0.07268258843028352,67.29648399473382,67.95947567331619,416.1686072686374,0.0,76.13256072998047
1489,4.0,4.073769140132322,0.07376914013232216,67.28666194098548,67.95947965345124,416.27182968033105,0.0,76.14175748825073
1490,4.0,4.0748697210390645,0.07486972103906453,67.27683550899565,67.95948664780902,416.37638486647154,0.0,76.15120553970337
1491,4.0,4.075977827616336,0.07597782761633631,67.26707844111573,67.95948218013531,416.48165499131244,0.0,76.16086673736572
1492,4.0,4.077079013235707,0.0770790132357071,67.25740632290243,67.95947872485941,416.58626762515263,0.0,76.1704888343811
1493,4.0,4.078171168103189,0.07817116810318936,67.24797463231705,67.95948676035283,416.69002233756345,0.0,76.18020868301392
1494,4.0,4.079263881968681,0.07926388196868128,67.23874792297086,67.95948129425558,416.79383015478516,0.0,76.19016551971436
1495,4.0,4.08035266228501,0.08035266228501037,67.22972432878818,67.95948130140805,416.8972642848364,0.0,76.20027351379395
1496,4.0,4.081433600058261,0.08143360005826139,67.22095668600893,67.95948385190265,416.9999533732953,0.0,76.21051979064941
1497,4.0,4.082504250042862,0.0825042500428621,67.212436222432,67.95948431462153,417.10166512183235,0.0,76.22084903717041
1498,4.0,4.083557770321936,0.0835577703219359,67.20419456698558,67.95948716705918,417.20174954834437,0.0,76.23116970062256
1499,4.0,4.084610801600151,0.08461080160015122,67.19620643892156,67.95948697061594,417.30178751977485,0.0,76.24176406860352
1500,4.0,4.085644249816562,0.08564424981656238,67.18846968303176,67.95948592576245,417.3999651003339,0.0,76.25227355957031
1501,4.0,4.086674855795842,0.08667485579584167,67.180991909105,67.9594850061962,417.4978726683654,0.0,76.26301956176758
1502,4.0,4.087694970759666,0.08769497075966637,67.17375917702148,67.95948376053269,417.59478358992874,0.0,76.27384376525879
1503,4.0,4.088706059318607,0.08870605931860709,67.16679924847242,67.95948675774845,417.69083700302815,0.0,76.28480529785156
1504,4.0,4.089710333931255,0.08971033393125527,67.16008561639921,67.95948770168984,417.7862430912297,0.0,76.2959156036377
1505,4.0,4.090703357817534,0.09070335781753425,67.15362040157052,67.95949540832875,417.88058036042617,0.0,76.30709457397461
1506,4.0,4.09168820488953,0.09168820488952978,67.14740326920254,67.95948930694817,417.9741408322658,0.0,76.31839942932129
1507,4.0,4.092669759076224,0.09266975907622399,67.14142770143441,67.95948157792016,418.06738848000174,0.0,76.32991409301758
1508,4.0,4.09364649236517,0.09364649236516964,67.13569005459114,67.95947687272488,418.16017814245157,0.0,76.34160614013672
1509,4.0,4.094608356985011,0.09460835698501135,67.1302039435789,67.95947706377156,418.25155528133655,0.0,76.35330390930176
1510,4.0,4.095562673897173,0.09556267389717288,67.12494638365348,67.95947963928388,418.34221538799187,0.0,76.3651180267334
1511,4.0,4.096505874116895,0.09650587411689493,67.11992034895111,67.95947548503175,418.43181940886546,0.0,76.37698554992676
1512,4.0,4.100786230841555,0.10078623084155502,67.11515043124776,67.95947635425277,418.83845329770816,0.0,76.4513568803668
1513,4.0,4.101689618722759,0.10168961872275872,67.11073966822529,67.9594751009147,418.92427514642253,0.0,76.46317338943481
1514,4.0,4.102569577468713,0.10256957746871276,67.1067948307929,67.95947674192249,419.00787122728815,0.0,76.47508192062378
1515,4.0,4.103424879501474,0.10342487950147383,67.10322581933598,67.95947928457944,419.0891249204004,0.0,76.48695731163025
1516,4.0,4.1042634708027546,0.10426347080275455,67.09998963223025,67.9594720455376,419.16879109402214,0.0,76.49889898300171
1517,4.0,4.105093382719012,0.10509338271901214,67.09702814320299,67.95946720157711,419.2476327260666,0.0,76.51099061965942
1518,4.0,4.105905940575908,0.10590594057590774,67.09432551054685,67.95946968800438,419.3248257224717,0.0,76.52305269241333
1519,4.0,4.10670513833815,0.10670513833814965,67.09186520263688,67.95947160491816,419.4007495098847,0.0,76.53514099121094
1520,4.0,4.107492692503751,0.10749269250375093,67.08962361478088,67.95947780542451,419.4755671556168,0.0,76.54726076126099
1521,4.0,4.1082640137955275,0.10826401379552753,67.08759782564086,67.95947326513608,419.5488426783356,0.0,76.55932331085205
1522,4.0,4.109024008047196,0.10902400804719559,67.08578488167453,67.95947678235662,419.62104213224404,0.0,76.5714168548584
1523,4.0,4.1097720573664995,0.10977205736649953,67.08416424429853,67.95947407686326,419.6921068175779,0.0,76.58350658416748
1524,4.0,4.110517792914969,0.11051779291496899,67.08274148581935,67.9594756656532,419.7629516946825,0.0,76.595778465271
1525,4.0,4.1112522414507975,0.11125224145079748,67.08150674854645,67.95947117230038,419.8327243055862,0.0,76.60805416107178
1526,4.0,4.111974277012083,0.11197427701208262,67.08047328027476,67.9594746479257,419.9013176839083,0.0,76.62032794952393
1527,4.0,4.11268678242501,0.11268678242501018,67.07962065880234,67.95947331778915,419.9690056981364,0.0,76.63263034820557
1528,4.0,4.113384995720624,0.1133849957206241,67.07895299094365,67.95947624511898,420.03533596121974,0.0,76.64487743377686
1529,4.0,4.114076083249676,0.11407608324967633,67.07845263730513,67.95947505732683,420.1009892764797,0.0,76.65718269348145
1530,4.0,4.114754416457683,0.11475441645768303,67.07813116733169,67.95946956013536,420.16543093124034,0.0,76.66945457458496
1531,4.0,4.115421356980353,0.11542135698035327,67.07799716272199,67.95948083451034,420.22879028089403,0.0,76.68172836303711
1532,4.0,4.11608039108046,0.11608039108045975,67.07802207650217,67.95948915241321,420.29139852040413,0.0,76.69403648376465
1533,4.0,4.116725164691575,0.11672516469157479,67.07822096521538,67.95949218966526,420.35265201346004,0.0,76.70627784729004
1534,4.0,4.117365143038454,0.11736514303845436,67.0785796305205,67.95948457659202,420.4134499564136,0.0,76.71861267089844
1535,4.0,4.118002637419878,0.11800263741987838,67.0791137074546,67.95947948994873,420.47401192264886,0.0,76.7311019897461
1536,4.0,4.118619295177019,0.11861929517701864,67.07980359447244,67.95947900977397,420.5325944095772,0.0,76.74338150024414
1537,4.0,4.119226020144855,0.11922602014485495,67.0806550277508,67.95947426731236,420.5902332815217,0.0,76.75566101074219
1538,4.0,4.119822908199958,0.119822908199958,67.08166804763697,67.95947543912233,420.64693764675644,0.0,76.76794242858887
1539,4.0,4.120403014515686,0.12040301451568602,67.08283567289511,67.95947830404528,420.7020477467506,0.0,76.78008842468262
1540,4.0,4.120976433700459,0.1209764337004593,67.08414515140876,67.95947821543557,420.7565225693041,0.0,76.79227256774902
1541,4.0,4.121537499436783,0.1215374994367826,67.0856103583753,67.95947040244592,420.8098238142548,0.0,76.80440521240234
1542,4.0,4.122086476236723,0.12208647623672331,67.08723026997028,67.95946670749515,420.86197661024914,0.0,76.81649017333984
1543,4.0,4.1226253775256225,0.12262537752562253,67.08899039452157,67.95946612523018,420.9131722326946,0.0,76.82854843139648
1544,4.0,4.12314947664552,0.12314947664552012,67.09088433387608,67.95946608299788,420.96296164908483,0.0,76.84048461914062
1545,4.0,4.1236634361031514,0.12366343610315145,67.09291778899636,67.95946867458169,421.0117877975598,0.0,76.85239219665527
1546,4.0,4.124167498383983,0.12416749838398289,67.09509177257655,67.95947954786192,421.0596737142388,0.0,76.86427688598633
1547,4.0,4.124671153146182,0.12467115314618216,67.09739670862555,67.95948083353132,421.1075209166478,0.0,76.87630462646484
1548,4.0,4.125164323050956,0.1251643230509556,67.09982169210296,67.95948448043801,421.1543720576012,0.0,76.88827514648438
1549,4.0,4.125643447375016,0.12564344737501631,67.10239465451455,67.95949130818993,421.199888868387,0.0,76.90015411376953
1550,4.0,4.126115364451339,0.12611536445133886,67.10508423426373,67.95949794795231,421.24472099063763,0.0,76.91203308105469
1551,4.0,4.126570968632432,0.1265709686324321,67.10787874468824,67.95949272756468,421.2880033878415,0.0,76.9237289428711
1552,4.0,4.127020731749719,0.1270207317497194,67.11082086229608,67.9594909422874,421.3307308839838,0.0,76.93548583984375
1553,4.0,4.127455655319251,0.12745565531925074,67.113870546165,67.95948598496872,421.3720486230893,0.0,76.94709014892578
1554,4.0,4.127886487825666,0.12788648782566625,67.11703268165815,67.95948405136882,421.4129777111988,0.0,76.95874786376953
1555,4.0,4.1283033358973,0.12830333589730003,67.1203050952469,67.95947518973419,421.45257827800395,0.0,76.97027206420898
1556,4.0,4.128721694985503,0.12872169498550257,67.12369530851709,67.9594749788992,421.4923223913832,0.0,76.98196029663086
1557,4.0,4.129137197651314,0.12913719765131404,67.12719778854857,67.95947339845596,421.5317951446353,0.0,76.99372482299805
1558,4.0,4.129543191880022,0.12954319188002206,67.13080757747572,67.95947702648306,421.57036459636254,0.0,77.00543594360352
1559,4.0,4.129926536576805,0.12992653657680542,67.1345221460197,67.95947982063811,421.6067823425569,0.0,77.016845703125
1560,4.0,4.130307465649977,0.13030746564997742,67.13834843913064,67.9594866510764,421.64297060450826,0.0,77.02833938598633
1561,4.0,4.130675185666435,0.1306751856664352,67.14227237193188,67.9594797503352,421.6779040060718,0.0,77.03969955444336
1562,4.0,4.131037870748274,0.13103787074827444,67.14630403896025,67.95947751765296,421.7123590888465,0.0,77.05109024047852
1563,4.0,4.131379228194001,0.13137922819400139,67.15041572785131,67.95947570132026,421.7447880461906,0.0,77.06217575073242
1564,4.0,4.131715324688823,0.1317153246888232,67.15464215982479,67.95947787598494,421.77671721319865,0.0,77.07329559326172
1565,4.0,4.132042423116763,0.13204242311676317,67.15895765176012,67.95947742019833,421.80779156385296,0.0,77.0843505859375
1566,4.0,4.1323526710256795,0.1323526710256795,67.1633635529131,67.9594759042848,421.8372651152,0.0,77.09519577026367
1567,4.0,4.1326652040929375,0.13266520409293747,67.16786789574097,67.9594745831987,421.8669557565895,0.0,77.10619735717773
1568,4.0,4.132966647581042,0.13296664758104182,67.17244878833053,67.95946977150705,421.8955928879594,0.0,77.11708068847656
1569,4.0,4.133250831121193,0.13325083112119263,67.17709689291296,67.95947871391839,421.92259032427376,0.0,77.12771987915039
1570,4.0,4.1335390916566785,0.13353909165667854,67.18182759970598,67.95947648314258,421.94997507514495,0.0,77.13853073120117
1571,4.0,4.133815712197469,0.13381571219746924,67.18664052368736,67.9594802056329,421.97625402652,0.0,77.14921951293945
1572,4.0,4.134079644824158,0.13407964482415835,67.19152946777803,67.9594814885876,422.0013276260555,0.0,77.15975952148438
1573,4.0,4.134344863364915,0.13434486336491513,67.19649653737392,67.95948534620148,422.02652338742735,0.0,77.17041397094727
1574,4.0,4.134594569231291,0.13459456923129132,67.20153906671838,67.9594836436145,422.05024544473315,0.0,77.18086624145508
1575,4.0,4.13483178443086,0.13483178443085997,67.20665447767914,67.95948055575599,422.07278088869214,0.0,77.19116973876953
1576,4.0,4.135065366550772,0.13506536655077195,67.21184495960753,67.95948314340214,422.0949711900838,0.0,77.20149230957031
1577,4.0,4.135300573946382,0.13530057394638195,67.21709145964824,67.95947782764661,422.11731589266674,0.0,77.21191024780273
1578,4.0,4.135511706165398,0.13551170616539832,67.22239330899437,67.95947952727833,422.1373734534733,0.0,77.22194290161133
1579,4.0,4.135727003029658,0.13572700302965757,67.22778298534016,67.95948328452005,422.1578266555779,0.0,77.2321548461914
1580,4.0,4.135922911548846,0.13592291154884606,67.23322496422959,67.9594818885481,422.17643796490086,0.0,77.2420654296875
1581,4.0,4.136116355768676,0.1361163557686762,67.23871312889999,67.95948366638356,422.1948151657847,0.0,77.25198364257812
1582,4.0,4.1363152354361485,0.13631523543614854,67.24426513982225,67.95948341020052,422.2137087341946,0.0,77.26207733154297
1583,4.0,4.136499818477516,0.1364998184775157,67.24986977010592,67.95948315370565,422.23124412312444,0.0,77.27196502685547
1584,4.0,4.136685214347531,0.13668521434753078,67.25553372030274,67.9594806540293,422.24885673077586,0.0,77.28193664550781
1585,4.0,4.136855004712395,0.13685500471239465,67.26125171402083,67.95947784617019,422.26498681543796,0.0,77.29167938232422
1586,4.0,4.137014346376174,0.1370143463761737,67.2670196292417,67.95948118055045,422.280124273497,0.0,77.30128479003906
1587,4.0,4.137164162568778,0.13716416256877828,67.27284240802288,67.95948560144312,422.2943568117944,0.0,77.31077575683594
1588,4.0,4.137302170004272,0.13730217000427203,67.27871074419103,67.95948259739197,422.3074675181663,0.0,77.32009887695312
1589,4.0,4.13744027713834,0.13744027713833962,67.28463017442306,67.9594852876238,422.3205876959027,0.0,77.32948303222656
1590,4.0,4.137560394540433,0.1375603945404329,67.29058953222909,67.95947742359583,422.3319988491016,0.0,77.33857727050781
1591,4.0,4.137685551190337,0.1376855511903372,67.2965727916806,67.95948652971228,422.3438887308425,0.0,77.34779357910156
1592,4.0,4.137807129706029,0.1378071297060286,67.30259397518782,67.95947929059122,422.35543868983314,0.0,77.35698699951172
1593,4.0,4.13791443077896,0.13791443077896037,67.30863464304119,67.9594803934255,422.3656322917617,0.0,77.36593627929688
1594,4.0,4.134663667523003,0.13466366752300285,67.31474178468375,67.95947826223477,422.0568097824457,0.0,77.31217142939568
1595,4.0,4.134758151816906,0.1347581518169063,67.32075660965876,67.9594791187318,422.0657857903666,0.0,77.3208464384079
1596,4.0,4.134873111723938,0.13487311172393834,67.3265776434425,67.95948257299914,422.0767069815346,0.0,77.32968211174011
1597,4.0,4.134982615030316,0.1349826150303164,67.33227434149896,67.95947860482615,422.0871097956405,0.0,77.33827328681946
1598,4.0,4.135094598940035,0.13509459894003495,67.33790460420369,67.9594779664628,422.09774826706376,0.0,77.346834897995
1599,4.0,4.135206866656611,0.13520686665661064,67.34348988081959,67.95948549384214,422.1084137001385,0.0,77.35535049438477
1600,4.0,4.135308986353895,0.13530898635389477,67.3490668193337,67.95948316985839,422.11811507138043,0.0,77.36366701126099
1601,4.0,4.135418497326378,0.1354184973263779,67.35463060977773,67.95948812047816,422.12851861376635,0.0,77.37210702896118
1602,4.0,4.135512290703609,0.13551229070360904,67.36020396849561,67.95948862926936,422.1374289846033,0.0,77.38026428222656
1603,4.0,4.135615348462852,0.13561534846285195,67.36580008401691,67.9594837282198,422.1472194717314,0.0,77.38862133026123
1604,4.0,4.135714924937568,0.13571492493756843,67.37141776533709,67.95948285287753,422.15667923682946,0.0,77.39693832397461
1605,4.0,4.135803139464718,0.13580313946471811,67.37705508088139,67.95947434285348,422.1650596169087,0.0,77.40506553649902
1606,4.0,4.135894977453308,0.13589497745330803,67.38272111305074,67.95947620395471,422.1737842258247,0.0,77.41329383850098
1607,4.0,4.135973522481742,0.13597352248174222,67.3884150486337,67.95947547167691,422.181246003526,0.0,77.4213056564331
1608,4.0,4.136039649934519,0.1360396499345189,67.39413263801931,67.95947087308897,422.18752811153973,0.0,77.4291124343872
1609,4.0,4.136096512565628,0.13609651256562838,67.39988398056569,67.95947097247702,422.19293006149513,0.0,77.4367847442627
1610,4.0,4.13614587656382,0.1361458765638197,67.40565610146122,67.95947448079366,422.1976196413233,0.0,77.44434070587158
1611,4.0,4.1361986592989615,0.13619865929896147,67.41143876981742,67.9594764209168,422.20263400116175,0.0,77.45197296142578
1612,4.0,4.136239937077833,0.13623993707783288,67.41724031438609,67.95946926197433,422.20655539015456,0.0,77.45941162109375
1613,4.0,4.136277530034935,0.1362775300349348,67.42306694609782,67.95947653389177,422.2101267210793,0.0,77.46681022644043
1614,4.0,4.136306142924552,0.13630614292455157,67.4289120389414,67.95947980008769,422.21284494559285,0.0,77.47406196594238
1615,4.0,4.136328291543233,0.1363282915432329,67.43477611634835,67.95948629006881,422.2149490643676,0.0,77.48121452331543
1616,4.0,4.136351607224712,0.13635160722471174,67.44065430326106,67.95948503977684,422.217164054108,0.0,77.48840522766113
1617,4.0,4.136364058006747,0.13636405800674734,67.44655022217148,67.95948880807897,422.21834687840146,0.0,77.49541282653809
1618,4.0,4.136375544998992,0.13637554499899185,67.45245518217128,67.95948713444744,422.21943814266467,0.0,77.50241279602051
1619,4.0,4.136380486381976,0.13638048638197642,67.4583791502907,67.95948503703188,422.2199075740482,0.0,77.50931198894978
1620,4.0,4.136377277958717,0.1363772779587169,67.46431336790948,67.95948021714976,422.2196027738386,0.0,77.51607024669647
1621,4.0,4.136382684543641,0.13638268454364066,67.47024699283773,67.95948745311081,422.2201163994063,0.0,77.52298927307129
1622,4.0,4.136373198494898,0.1363731984948977,67.47615223484009,67.95949106922684,422.2192152247757,0.0,77.52959656715393
1623,4.0,4.136359772182963,0.13635977218296258,67.48209709394342,67.95948602661929,422.2179397251419,0.0,77.53617548942566
1624,4.0,4.1363379647305045,0.13633796473050452,67.48804572732372,67.95948503997047,422.2158680171584,0.0,77.54260158538818
1625,4.0,4.136316249075059,0.13631624907505913,67.49399188801293,67.95948764126135,422.2138050298911,0.0,77.54902648925781
1626,4.0,4.136285765863183,0.13628576586318264,67.49995170449688,67.95948152267827,422.2109091247628,0.0,77.55530261993408
1627,4.0,4.136253713569789,0.136253713569789,67.50591065603037,67.95948940552273,422.2078641568904,0.0,77.56154823303223
1628,4.0,4.13622432581889,0.13622432581889043,67.51187518128852,67.95949143432455,422.205072320555,0.0,77.56785011291504
1629,4.0,4.13619225988235,0.13619225988234973,67.51783702657805,67.95948991211498,422.2020260565837,0.0,77.57409858703613
1630,4.0,4.136158417859149,0.13615841785914906,67.52380139768513,67.95948939979925,422.1988110643796,0.0,77.5803165435791
1631,4.0,4.13611865058612,0.13611865058611983,67.52975635931864,67.95948469383512,422.19503317344186,0.0,77.58641242980957
1632,4.0,4.136074621837662,0.13607462183766206,67.53570050207774,67.95948083527992,422.1908504423384,0.0,77.59241580963135
1633,4.0,4.136015632396962,0.1360156323969619,67.54164586763605,67.95947507462127,422.1852464454718,0.0,77.59813976287842
1634,4.0,4.1359535818431885,0.1359535818431885,67.54758993050434,67.95947761625742,422.17935164286337,0.0,77.60380458831787
1635,4.0,4.135885401111549,0.13588540111154934,67.55352721525716,67.95948208802322,422.17287447335764,0.0,77.60934638977051
1636,4.0,4.1358147120399655,0.13581471203996553,67.55945337242862,67.95948054756452,422.16615901155717,0.0,77.61482810974121
1637,4.0,4.135745928360787,0.13574592836078736,67.56537682851646,67.95948235674915,422.1596245620352,0.0,77.62034225463867
1638,4.0,4.135666290639918,0.13566629063991797,67.57129352875721,67.95948821187115,422.15205897855265,0.0,77.62564468383789
1639,4.0,4.135587039349745,0.13558703934974492,67.57719750109666,67.95948392470697,422.1445301059862,0.0,77.63093948364258
1640,4.0,4.135503994666771,0.1355039946667711,67.58308897545926,67.95949042378251,422.13664086110373,0.0,77.63614845275879
1641,4.0,4.135412064486067,0.1354120644860668,67.58896651180486,67.95948490452348,422.1279074939368,0.0,77.64117431640625
1642,4.0,4.135326803157635,0.13532680315763468,67.59481334296055,67.95948496229613,422.11980766773576,0.0,77.64628982543945
1643,4.0,4.135228860390368,0.1352288603903684,67.60065684439954,67.959480980149,422.11050310484546,0.0,77.65116310119629
1644,4.0,4.13513218961999,0.1351321896199904,67.60647816588114,67.95948067099994,422.10131938165955,0.0,77.65603446960449
1645,4.0,4.135027498045158,0.135027498045158,67.61230138506237,67.95948132031283,422.09137368205046,0.0,77.66075706481934
1646,4.0,4.134926273230603,0.1349262732306027,67.61809311644679,67.95948551085624,422.0817573246677,0.0,77.66550827026367
1647,4.0,4.134822499578338,0.13482249957833758,67.62387367643974,67.95948019246843,422.0718988277025,0.0,77.67019844055176
1648,4.0,4.134706940223306,0.13470694022330587,67.62963639307564,67.95948317720875,422.06092068897453,0.0,77.67464637756348
1649,4.0,4.134595310656437,0.1345953106564366,67.63538330799047,67.95948740161754,422.05031588012196,0.0,77.67914962768555
1650,4.0,4.134485402839642,0.13448540283964228,67.64111399044157,67.95948652790263,422.0398746375265,0.0,77.68366622924805
1651,4.0,4.134374052590171,0.13437405259017066,67.64680712836403,67.95948368923807,422.0292963638267,0.0,77.68811225891113
1652,4.0,4.134268126000669,0.13426812600066906,67.65246829041648,67.95948424409386,422.019233337824,0.0,77.69262313842773
1653,4.0,4.13415229703552,0.13415229703552,67.65811408410798,67.95948383237607,422.00822958613486,0.0,77.69692993164062
1654,4.0,4.134038218262059,0.13403821826205942,67.66374151369087,67.95949004977965,421.99739210265614,0.0,77.70124816894531
1655,4.0,4.133919562809701,0.13391956280970074,67.66934783268373,67.95949034703699,421.98611983468203,0.0,77.7054557800293
1656,4.0,4.133785805399612,0.13378580539961238,67.674932619118,67.95948196893514,421.97341288072363,0.0,77.70935440063477
1657,4.0,4.133654829155151,0.1336548291551507,67.68049880858725,67.95948251923899,421.96097013749977,0.0,77.71328353881836
1658,4.0,4.133515832967129,0.1335158329671291,67.68604384962683,67.9594775208865,421.94776549963774,0.0,77.71703720092773
1659,4.0,4.133378072398277,0.13337807239827715,67.69155573831887,67.95948115548747,421.9346782455968,0.0,77.72077560424805
1660,4.0,4.1332382130690695,0.13323821306906947,67.69705585363225,67.95947785719837,421.9213916093221,0.0,77.72446060180664
1661,4.0,4.1330895999544275,0.13308959995442748,67.70252030917786,67.95948066771712,421.90727336343105,0.0,77.72793960571289
1662,4.0,4.132946135170004,0.13294613517000364,67.70794401145767,67.95948227490426,421.8936442089108,0.0,77.7314682006836
1663,4.0,4.132801562481481,0.13280156248148067,67.71333972192556,67.95947935054018,421.8799098035011,0.0,77.73494338989258
1664,4.0,4.132649346177091,0.13264934617709123,67.71870155496268,67.95948106055859,421.8654492545841,0.0,77.73823547363281
1665,4.0,4.132501140387887,0.13250114038788663,67.7240445821186,67.9594796736731,421.8513697046097,0.0,77.74158096313477
1666,4.0,4.13234545223848,0.13234545223848038,67.72934778850197,67.95947580080067,421.8365793304161,0.0,77.7447395324707
1667,4.0,4.132188789890399,0.13218878989039862,67.73463080613894,67.95947210950598,421.8216964073483,0.0,77.74785614013672
1668,4.0,4.1320367626982275,0.1320367626982275,67.73987479514193,67.95947524612441,421.8072538240921,0.0,77.75101470947266
1669,4.0,4.131877714052808,0.13187771405280824,67.74509137493723,67.95948256747604,421.7921442027772,0.0,77.75400924682617
1670,4.0,4.1317166807661865,0.13171668076618648,67.75027774795163,67.95948664249462,421.7768460405482,0.0,77.75693130493164
1671,4.0,4.1315577744395044,0.13155777443950445,67.75542964418796,67.95947951008992,421.7617499395134,0.0,77.75985336303711
1672,4.0,4.1313937398913625,0.1313937398913625,67.7605563534207,67.95948891037101,421.74616665743986,0.0,77.76264953613281
1673,4.0,4.131230148131603,0.13123014813160339,67.76563631656151,67.95948742326418,421.73062544026277,0.0,77.76539993286133
1674,4.0,4.131065306814543,0.1310653068145431,67.77067401946037,67.95948864792274,421.714965515142,0.0,77.7680778503418
1675,4.0,4.130894364675456,0.13089436467545568,67.77567591875228,67.95948791573109,421.6987260119287,0.0,77.77059936523438
1676,4.0,4.1307276915659115,0.13072769156591146,67.78064475228825,67.95948247883196,421.6828920665221,0.0,77.77316284179688
1677,4.0,4.130562615604177,0.1305626156041768,67.78558112702014,67.9594799005471,421.66720985015723,0.0,77.77571868896484
1678,4.0,4.130391895015953,0.13039189501595327,67.7904875201487,67.95947059795571,421.65099139427605,0.0,77.77813339233398
1679,4.0,4.13023161468011,0.1302316146801097,67.79534597211544,67.95946884637937,421.63576476237085,0.0,77.78068923950195
1680,4.0,4.130068506522236,0.13006850652223623,67.80017474598044,67.95947191633773,421.62026948737287,0.0,77.78315734863281
1681,4.0,4.12990591340165,0.12990591340165025,67.80496884347158,67.95947298103246,421.60482314091723,0.0,77.78559494018555
1682,4.0,4.129741313745423,0.12974131374542264,67.80972643276013,67.95947470657828,421.5891861735756,0.0,77.7879524230957
1683,4.0,4.129576502170532,0.12957650217053196,67.8144513008576,67.95947645739132,421.573529073961,0.0,77.79026794433594
1684,4.0,4.129404511814112,0.12940451181411206,67.81913481596774,67.95947650702405,421.5571899901011,0.0,77.79240036010742
1685,4.0,4.129222452559683,0.12922245255968257,67.82379786213454,67.95948161895508,421.5398943609303,0.0,77.79431915283203
1686,4.0,4.1290425766620436,0.12904257666204355,67.82839551977223,67.95947974420454,421.52280615065456,0.0,77.79620361328125
1687,4.0,4.1288576214981765,0.12885762149817648,67.83295728638817,67.9594747008248,421.5052354100872,0.0,77.7979507446289
1688,4.0,4.128676184775793,0.12867618477579335,67.83746165085243,67.95947231095477,421.4879989214608,0.0,77.79969787597656
1689,4.0,4.128496944286982,0.1284969442869821,67.8419502796073,67.95947178954476,421.4709710750237,0.0,77.80146789550781
1690,4.0,4.128306889377392,0.12830688937739243,67.84639747659652,67.95947408018867,421.45291585861276,0.0,77.80298614501953
1691,4.0,4.128119010344856,0.1281190103448564,67.85079601309099,67.95948143685642,421.4350673505218,0.0,77.80448913574219
1692,4.0,4.127936462313842,0.12793646231384237,67.85517385518826,67.95948226554148,421.4177252875755,0.0,77.80606842041016
1693,4.0,4.12775704542247,0.12775704542247013,67.85950726308626,67.95948889397114,421.4006806828951,0.0,77.80765533447266
1694,4.0,4.1275669175717375,0.12756691757173755,67.86379756320156,67.95948729783184,421.38261853707553,0.0,77.80899047851562
1695,4.0,4.127382821069804,0.12738282106980403,67.8680489737049,67.95948770797334,421.36512936939187,0.0,77.81039428710938
1696,4.0,4.127197673977989,0.12719767397798876,67.87225814705243,67.95948291297016,421.3475403956694,0.0,77.81172943115234
1697,4.0,4.127009031132072,0.12700903113207218,67.8764320204014,67.95947622646915,421.3296193253073,0.0,77.81295776367188
1698,4.0,4.126815475811579,0.12681547581157915,67.88056062540879,67.95948811578245,421.31123156986047,0.0,77.81404113769531
1699,4.0,4.126629761931866,0.12662976193186637,67.88463383617602,67.95948582396186,421.29358875128776,0.0,77.8152084350586
1700,4.0,4.126442781510425,0.1264427815104252,67.88866169034213,67.95948041963013,421.27582561125087,0.0,77.81629943847656
1701,4.0,4.126244987221662,0.12624498722166244,67.89264817922958,67.9594779265148,421.2570351538184,0.0,77.817138671875
1702,4.0,4.126043968421668,0.12604396842166832,67.89659283771387,67.95947672667135,421.23793836781897,0.0,77.81786870956421
1703,4.0,4.125833672019551,0.1258336720195512,67.90049751186278,67.9594712310531,421.2179602096178,0.0,77.81837749481201
1704,4.0,4.125633709309596,0.1256337093095956,67.90432840790673,67.9594690235841,421.19896375217206,0.0,77.81899619102478
1705,4.0,4.125430521163464,0.1254305211634641,67.90814702414886,67.95946964560369,421.17966087828955,0.0,77.81953954696655
1706,4.0,4.125233958944202,0.12523395894420197,67.91191665072184,67.95946739901584,421.1609874674597,0.0,77.82015132904053
1707,4.0,4.125040320308045,0.12504032030804524,67.91563808580601,67.95946858821212,421.14259179702475,0.0,77.82076263427734
1708,4.0,4.124846034947474,0.12484603494747404,67.91932474112427,67.95946134804757,421.1241346877705,0.0,77.82132148742676
1709,4.0,4.12465832532355,0.12465832532354959,67.92296338787786,67.95947123358648,421.1063022734977,0.0,77.82194900512695
1710,4.0,4.124469621178631,0.1244696211786307,67.92655881163567,67.95947384229954,421.08837537973034,0.0,77.82250785827637
1711,4.0,4.124281886436954,0.12428188643695393,67.93010529987545,67.95947983135139,421.0705405792711,0.0,77.82302856445312
1712,4.0,4.1240866751154925,0.12408667511549254,67.93361459928742,67.95948675256143,421.0519955037322,0.0,77.82336521148682
1713,4.0,4.1238864064668315,0.12388640646683147,67.93707517456289,67.95949552572203,421.0329699821094,0.0,77.8235502243042
1714,4.0,4.123689834242836,0.1236898342428363,67.94049599895969,67.95950181652456,421.0142956208299,0.0,77.82375907897949
1715,4.0,4.123487425955616,0.12348742595561557,67.94386344352002,67.95950083174613,420.9950668335439,0.0,77.82379627227783
1716,4.0,4.123283084417709,0.12328308441770908,67.94716648984209,67.95948867147064,420.9756543874428,0.0,77.82372283935547
1717,4.0,4.123089720270758,0.12308972027075793,67.95043467052675,67.95947594431351,420.9572847934825,0.0,77.82381629943848
1718,4.0,4.1228909745823215,0.12289097458232145,67.95365945360255,67.95947042294166,420.938403953081,0.0,77.82375812530518
1719,4.0,4.122699634535003,0.1226996345350031,67.95683575911102,67.95947128650575,420.92022664858575,0.0,77.82378387451172
1720,4.0,4.1225035228525595,0.1225035228525595,67.9599702642662,67.95947246158595,420.9015960387536,0.0,77.82367134094238
1721,4.0,4.122293852930989,0.12229385293098893,67.96306708554916,67.95946966790441,420.8816773962044,0.0,77.8232593536377
1722,4.0,4.122098995670143,0.12209899567014304,67.96609655840885,67.95947464848366,420.86316595642404,0.0,77.82304954528809
1723,4.0,4.121907459239817,0.12190745923981705,67.96909821161505,67.95947183162319,420.84496999554307,0.0,77.8228702545166
1724,4.0,4.121714044543716,0.12171404454371615,67.9720511544253,67.9594746484836,420.8265955994135,0.0,77.82259941101074
1725,4.0,4.121519607384909,0.12151960738490875,67.97496625953474,67.95948038844301,420.8081240693268,0.0,77.822265625
1726,4.0,4.121316944307474,0.1213169443074742,67.97783146042103,67.95947881571588,420.7888710769705,0.0,77.82171906530857
1727,4.0,4.121126775653906,0.12112677565390584,67.98064951504108,67.95947864903233,420.7708050548815,0.0,77.8213541507721
1728,4.0,4.120938226121415,0.1209382261214147,67.98341634673146,67.95947910256982,420.7528928492949,0.0,77.82096087932587
1729,4.0,4.120746640056865,0.12074664005686486,67.98614604842803,67.95948039469789,420.7346921731626,0.0,77.82046747207642
1730,4.0,4.1205572022687305,0.12055720226873046,67.98882128993183,67.95947876959804,420.71669558328983,0.0,77.8199520111084
1731,4.0,4.120374427617001,0.12037442761700134,67.9914676505747,67.95947200312834,420.6993319913756,0.0,77.81952905654907
1732,4.0,4.120199356062577,0.12019935606257715,67.99406753496073,67.95948309077752,420.6827001937053,0.0,77.81919813156128
1733,4.0,4.120017283977473,0.12001728397747335,67.99662026592907,67.95948375428011,420.66540334562046,0.0,77.81868076324463
1734,4.0,4.119840982160721,0.1198409821607207,67.9991313163199,67.95947817896766,420.6486546730289,0.0,77.81822443008423
1735,4.0,4.11965554498394,0.1196555449839396,68.0015825312042,67.95947214584572,420.63103814123474,0.0,77.81752681732178
1736,4.0,4.119464661015122,0.11946466101512243,68.00398761878894,67.95947664313896,420.61290416419706,0.0,77.8166732788086
1737,4.0,4.119273028444047,0.11927302844404686,68.00635194708511,67.95948136420814,420.5946990699449,0.0,77.81575870513916
1738,4.0,4.11908812927806,0.1190881292780599,68.00865533217944,67.95947677309066,420.5771336491762,0.0,77.81490135192871
1739,4.0,4.118911545342434,0.11891154534243409,68.01093581733359,67.95948109454721,420.5603581752917,0.0,77.81417465209961
1740,4.0,4.11873587628539,0.11873587628539006,68.01316971511409,67.95948046390178,420.5436696148725,0.0,77.81341171264648
1741,4.0,4.118550242720818,0.1185502427208176,68.01535662671527,67.95948385547845,420.5260344262381,0.0,77.81240653991699
1742,4.0,4.11836781095784,0.11836781095783966,68.01751753202598,67.95948525709443,420.5087034087552,0.0,77.81143188476562
1743,4.0,4.118191766689499,0.11819176668949893,68.01962481506727,67.95949202900083,420.4919792032629,0.0,77.81051635742188
1744,4.0,4.118015491859533,0.1180154918595333,68.02168439674452,67.95948716285749,420.4752330944161,0.0,77.80954170227051
1745,4.0,4.117832910761012,0.11783291076101232,68.02371326305241,67.95948987048169,420.4578878900566,0.0,77.80841255187988
1746,4.0,4.117660885065922,0.11766088506592176,68.02570133389779,67.9594878516161,420.441545449023,0.0,77.80743598937988
1747,4.0,4.117488190832944,0.11748819083294393,68.02765058725086,67.95948906969979,420.4251394968901,0.0,77.8064022064209
1748,4.0,4.117304084499321,0.11730408449932117,68.02954507939445,67.95948930101045,420.40764939519596,0.0,77.80508995056152
1749,4.0,4.1171343329765975,0.11713433297659748,68.03139266877031,67.95948397992574,420.3915230005372,0.0,77.80399513244629
1750,4.0,4.116959366577976,0.11695936657797557,68.03321650909757,67.95948591610247,420.3749011926681,0.0,77.80277442932129
1751,4.0,4.116790478558926,0.11679047855892577,68.03500009666097,67.95948100764997,420.3588568308584,0.0,77.80162239074707
1752,4.0,4.116626077096222,0.11662607709622197,68.0367280276259,67.95947561918581,420.34323869190155,0.0,77.80049133300781
1753,4.0,4.116471116162557,0.11647111616255668,68.03841181923573,67.95947668217273,420.32851740320336,0.0,77.79948806762695
1754,4.0,4.116322632001329,0.11632263200132886,68.04007041795317,67.95947906077657,420.3144114078867,0.0,77.7985782623291
1755,4.0,4.116170172798958,0.1161701727989577,68.04168975069288,67.9594855469383,420.2999277836615,0.0,77.79754829406738
1756,4.0,4.116008734741964,0.11600873474196405,68.04326745788092,67.95948222397699,420.28459116824706,0.0,77.79630088806152
1757,4.0,4.115834694779823,0.11583469477982344,68.04481005715921,67.95948749953835,420.26805737184367,0.0,77.79477500915527
1758,4.0,4.1156725170840645,0.11567251708406445,68.04629013187895,67.95948335968133,420.25265049074653,0.0,77.79340171813965
1759,4.0,4.1155107545609315,0.11551075456093152,68.04776679545678,67.9594890101624,420.23728305104896,0.0,77.79203224182129
1760,4.0,4.115353692878082,0.11535369287808184,68.04919087204522,67.95948851273057,420.22236219117826,0.0,77.79069137573242
1761,4.0,4.1151950467730325,0.1151950467730325,68.05058285837171,67.95949796360303,420.2072908111985,0.0,77.7892837524414
1762,4.0,4.1150415234914455,0.11504152349144547,68.05193361819927,67.95949342468667,420.1927060994478,0.0,77.78792572021484
1763,4.0,4.114892945894849,0.11489294589484889,68.0532427340664,67.95948142483972,420.1785912277711,0.0,77.78661346435547
1764,4.0,4.114735068867938,0.1147350688679376,68.05451551264733,67.95947610365774,420.16359291021456,0.0,77.78508377075195
1765,4.0,4.114584950110883,0.1145849501108831,68.05574350650897,67.95946757500103,420.14933162829436,0.0,77.78364944458008
1766,4.0,4.114430576858702,0.11443057685870173,68.05694516922975,67.95946447100265,420.13466616933715,0.0,77.7821044921875
1767,4.0,4.114276017685223,0.11427601768522333,68.0581132810796,67.95947323481495,420.11998304785664,0.0,77.780517578125
1768,4.0,4.11412474489687,0.11412474489686986,68.05922711457403,67.95947715439546,420.1056121329631,0.0,77.7789306640625
1769,4.0,4.1139697827426005,0.1139697827426005,68.06029858418721,67.95948407261656,420.0908907283075,0.0,77.77722549438477
1770,4.0,4.113824220721252,0.11382422072125209,68.06131809882503,67.95949044323883,420.07706233627937,0.0,77.77563858032227
1771,4.0,4.113680395015273,0.11368039501527338,68.06231229599591,67.95949536892611,420.06339889421145,0.0,77.77405548095703
1772,4.0,4.113537991824872,0.11353799182487201,68.06327968703494,67.95948450804346,420.0498705911233,0.0,77.77246856689453
1773,4.0,4.113400132710631,0.11340013271063132,68.0642020016394,67.95947897588671,420.0367739752704,0.0,77.77091598510742
1774,4.0,4.113255995224549,0.11325599522454866,68.06509472315568,67.95948408666918,420.0230809140926,0.0,77.76921081542969
1775,4.0,4.113121173319884,0.11312117331988425,68.06593685129651,67.95948517790767,420.01027283314943,0.0,77.76762390136719
1776,4.0,4.11299292943081,0.11299292943080985,68.06676032424252,67.9594770108262,419.9980896636874,0.0,77.76613998413086
1777,4.0,4.112874039566887,0.11287403956688724,68.06755258373462,67.95948252536725,419.98679512661477,0.0,77.76479721069336
1778,4.0,4.112747857063516,0.11274785706351587,68.06830864832673,67.95949138141619,419.97480778879446,0.0,77.76327514648438
1779,4.0,4.112633628737224,0.11263362873722382,68.06902718485888,67.95948858352615,419.9639560977967,0.0,77.76193618774414
1780,4.0,4.112512582595127,0.11251258259512742,68.06972837619098,67.95948383288801,419.95245671429757,0.0,77.76044845581055
1781,4.0,4.112395435366512,0.11239543536651198,68.07039512658146,67.95947662372711,419.94132772757905,0.0,77.75899505615234
1782,4.0,4.112264003881028,0.11226400388102764,68.07102118629797,67.95947483740494,419.9288417364581,0.0,77.7572250366211
1783,4.0,4.112140990177699,0.11214099017769907,68.0716214860066,67.95947429638738,419.91715543464187,0.0,77.75558471679688
1784,4.0,4.112025804374368,0.11202580437436804,68.07219242608677,67.95947395494201,419.9062127833254,0.0,77.75405883789062
1785,4.0,4.111904091595259,0.11190409159525938,68.07274120059887,67.95947131041102,419.8946500693101,0.0,77.75238418579102
1786,4.0,4.111791196262916,0.11179119626291634,68.0732542454295,67.95947091910234,419.8839250127375,0.0,77.75083541870117
1787,4.0,4.11168250473244,0.1116825047324399,68.0737411391755,67.9594665748834,419.87359931734227,0.0,77.74933624267578
1788,4.0,4.11156018773789,0.11156018773789,68.07419646697443,67.95948008702261,419.86197920285997,0.0,77.74754333496094
1789,4.0,4.111451922838965,0.11145192283896499,68.07461288605158,67.95947545541821,419.85169403746215,0.0,77.7459716796875
1790,4.0,4.111343920272286,0.11134392027228568,68.07501496265589,67.95948353986059,419.84143379362763,0.0,77.74438858032227
1791,4.0,4.11123751673665,0.11123751673664994,68.07539392336284,67.95948089322229,419.8313254577422,0.0,77.7428092956543
1792,4.0,4.11113181349219,0.11113181349219037,68.07573458427646,67.95948652850655,419.82128364951853,0.0,77.7411994934082
1793,4.0,4.111028731219606,0.11102873121960588,68.07605524457834,67.95948378721755,419.811490833623,0.0,77.73961639404297
1794,4.0,4.11093054642759,0.11093054642759004,68.07634492820338,67.95948426265656,419.8021632783815,0.0,77.73809051513672
1795,4.0,4.110825315546035,0.11082531554603481,68.07661768445912,67.95948021320326,419.79216634463376,0.0,77.73641204833984
1796,4.0,4.110726197781686,0.1107261977816858,68.07684935011078,67.95948261400436,419.7827501570206,0.0,77.73480224609375
1797,4.0,4.11063377735258,0.11063377735257962,68.077070335705,67.95948465836541,419.7739702162555,0.0,77.73330688476562
1798,4.0,4.110528952437791,0.11052895243779126,68.07725622486751,67.95948648708254,419.7640118493506,0.0,77.73153686523438
1799,4.0,4.110417460708493,0.11041746070849268,68.07741221838629,67.95948967357468,419.75342013506724,0.0,77.72960662841797
1800,4.0,4.110303290803762,0.11030329080376244,68.07755243839065,67.95948781233476,419.7425739941179,0.0,77.72760772705078
1801,4.0,4.110195350371728,0.11019535037172812,68.07766299263075,67.95948699998519,419.7323196530746,0.0,77.72569274902344
1802,4.0,4.110086943520205,0.11008694352020498,68.07775454809651,67.95948182312745,419.72202100217993,0.0,77.72374725341797
1803,4.0,4.109984888356194,0.1099848883561938,68.07782109142389,67.95948385479966,419.7123257615989,0.0,77.72189331054688
1804,4.0,4.109879184399911,0.10987918439991073,68.0778545180036,67.95948179066198,419.70228388575197,0.0,77.71993255615234
1805,4.0,4.109785418912406,0.10978541891240567,68.07784389731871,67.95947743079353,419.693376164439,0.0,77.71814727783203
1806,4.0,4.109687530170848,0.10968753017084776,68.0778347468203,67.95947821395494,419.684076733991,0.0,77.7162857055664
1807,4.0,4.109599271758445,0.1095992717584453,68.07778636405524,67.9594780608055,419.67569218481276,0.0,77.71456146240234
1808,4.0,4.109498795669566,0.1094987956695661,68.07771313771237,67.9594768027435,419.66614695636923,0.0,77.71257781982422
1809,4.0,4.1094043622061305,0.10940436220613048,68.07761859778873,67.95947835718196,419.65717577734284,0.0,77.71068412065506
1810,4.0,4.109308473388897,0.10930847338889738,68.07749500673027,67.95948359888337,419.6480663397057,0.0,77.70872974395752
1811,4.0,4.109221778675821,0.10922177867582139,68.0773494806005,67.9594781940343,419.6398303419635,0.0,77.70692420005798
1812,4.0,4.109137945870884,0.10913794587088432,68.07716676932354,67.95947716690398,419.6318662254945,0.0,77.70513033866882
1813,4.0,4.109051591690104,0.10905159169010403,68.07697172321618,67.95948230556903,419.62366257832036,0.0,77.70327472686768
1814,4.0,4.10898368480033,0.1089836848003296,68.07675825556338,67.95948045459615,419.6172114237918,0.0,77.7017469406128
1815,4.0,4.108915604874328,0.10891560487432805,68.07652174549594,67.95948668977927,419.6107438308216,0.0,77.7001895904541
1816,4.0,4.1088393669169845,0.10883936691698448,68.07626998910563,67.95948577834564,419.603501224874,0.0,77.69846057891846
1817,4.0,4.108774254313471,0.1087742543134711,68.07598346311283,67.95948219075349,419.5973155275402,0.0,77.69690227508545
1818,4.0,4.108708030810823,0.10870803081082325,68.0756944441786,67.95948037240792,419.59102429478867,0.0,77.69532012939453
1819,4.0,4.1086447641911805,0.10864476419118052,68.0753839990113,67.95948496379607,419.5850139659226,0.0,77.69376945495605
1820,4.0,4.1085709680540905,0.1085709680540905,68.07505832123421,67.95948849790216,419.578003332899,0.0,77.69200229644775
1821,4.0,4.108506625089094,0.10850662508909359,68.07469883901314,67.95948381414388,419.5718907512244,0.0,77.69037532806396
1822,4.0,4.108450082428854,0.10845008242885434,68.07433628276296,67.95948717612418,419.5665191985016,0.0,77.68889236450195
1823,4.0,4.108388472663293,0.1083884726632931,68.07394486149094,67.95948365661685,419.56066627077325,0.0,77.68728065490723
1824,4.0,4.108333619132697,0.10833361913269712,68.07355011780798,67.95948456371326,419.55545518536667,0.0,77.68579292297363
1825,4.0,4.108279967487704,0.10827996748770374,68.0731337772749,67.95948592372987,419.5503582790923,0.0,77.6843032836914
1826,4.0,4.108223313938849,0.10822331393884888,68.07270532548219,67.95947688513023,419.5449761919511,0.0,77.68274307250977
1827,4.0,4.108182451920476,0.10818245192047637,68.0722441804881,67.95947490492894,419.5410943002057,0.0,77.68144416809082
1828,4.0,4.108136388012178,0.10813638801217795,68.07178063589417,67.95947808321144,419.5367182289174,0.0,77.68004417419434
1829,4.0,4.108091395130717,0.10809139513071742,68.07131437694557,67.95947329770097,419.53244390517864,0.0,77.67866134643555
1830,4.0,4.108038985635666,0.10803898563566605,68.07082892746315,67.95946740038501,419.52746500314873,0.0,77.67711639404297
1831,4.0,4.107975676043128,0.10797567604312786,68.07033186159298,67.95947090555416,419.5214505918576,0.0,77.67535209655762
1832,4.0,4.107923458843638,0.10792345884363819,68.06980308313378,67.95947208623825,419.51648995790606,0.0,77.67376136779785
1833,4.0,4.107873555590209,0.10787355559020906,68.06928087716281,67.95948248194101,419.5117491488303,0.0,77.67222190648317
1834,4.0,4.107827556494594,0.10782755649459386,68.06873375547256,67.95948801514338,419.50737923474685,0.0,77.67072784900665
1835,4.0,4.107775888123485,0.10777588812348515,68.06817494854405,67.95948010553819,419.5024707394915,0.0,77.66911327838898
1836,4.0,4.107726494964505,0.10772649496450537,68.0676040221578,67.95948436305336,419.4977783893885,0.0,77.66752791404724
1837,4.0,4.107669777266917,0.10766977726691707,68.06702145678334,67.95948801186644,419.49239020811757,0.0,77.66579079627991
1838,4.0,4.107624451115631,0.10762445111563057,68.06640828740322,67.95949030636085,419.4880842237453,0.0,77.66423416137695
1839,4.0,4.107580397916929,0.1075803979169292,68.06580681689718,67.95948630196303,419.4838991698687,0.0,77.66271495819092
1840,4.0,4.10753431734626,0.10753431734625973,68.06518418140475,67.95948803580677,419.47952151565516,0.0,77.66113328933716
1841,4.0,4.107480644064189,0.10748064406418933,68.06454818122472,67.95948533826709,419.4744225538584,0.0,77.65939283370972
1842,4.0,4.107438630182134,0.10743863018213418,68.0638832035114,67.95948172041926,419.4704312350632,0.0,77.65783977508545
1843,4.0,4.10739594641752,0.10739594641751982,68.06322889481392,67.95948285007246,419.46637627742484,0.0,77.65628623962402
1844,4.0,4.107356286180834,0.10735628618083393,68.06254954613487,67.9594821016374,419.46260855493966,0.0,77.65476131439209
1845,4.0,4.107304021249747,0.10730402124974692,68.06186506974628,67.95948579041638,419.45764338648644,0.0,77.65299224853516
1846,4.0,4.107262621320678,0.10726262132067799,68.06116018805115,67.95948235197542,419.45371039322487,0.0,77.65140533447266
1847,4.0,4.107223513569854,0.1072235135698536,68.0604482369477,67.95948252529652,419.44999515689653,0.0,77.64985370635986
1848,4.0,4.10718317441476,0.10718317441476,68.05972825689334,67.9594865073753,419.4461629371626,0.0,77.64826965332031
1849,4.0,4.107145324676312,0.10714532467631166,68.05899793975749,67.95948745858624,419.4425672120101,0.0,77.64672088623047
1850,4.0,4.107096440015769,0.10709644001576901,68.05825486108841,67.959493853402,419.4379231692585,0.0,77.64494895935059
1851,4.0,4.107059354681373,0.10705935468137273,68.05750516064877,67.95949043128363,419.43440006249085,0.0,77.64339256286621
1852,4.0,4.107034186349887,0.10703418634988715,68.05675358223243,67.9594828755951,419.4320090709997,0.0,77.64205932617188
1853,4.0,4.1070077886965635,0.10700778869656347,68.05599561512996,67.95947922681154,419.429501293934,0.0,77.64069557189941
1854,4.0,4.1069833351271665,0.10698333512716651,68.0552254863882,67.95947708839321,419.4271782048413,0.0,77.63935470581055
1855,4.0,4.106954825324874,0.10695482532487421,68.05444565462328,67.9594803189327,419.4244697736235,0.0,77.63792610168457
1856,4.0,4.1069237441859885,0.10692374418598849,68.05365659071909,67.95947734564287,419.4215170654294,0.0,77.63643836975098
1857,4.0,4.106880767103153,0.10688076710315286,68.05286233138364,67.95947660669377,419.41743424256,0.0,77.63471984863281
1858,4.0,4.106843737311918,0.10684373731191776,68.05204140042362,67.95947326691153,419.4139164123926,0.0,77.63308334350586
1859,4.0,4.106811742399424,0.10681174239942415,68.0512339991691,67.95947947690398,419.41087689570577,0.0,77.63155746459961
1860,4.0,4.106777703451668,0.1067777034516677,68.05041364008245,67.95947511908051,419.4076431956689,0.0,77.62997817993164
1861,4.0,4.106736918545262,0.1067369185452618,68.04956627369548,67.95947085261959,419.4037686295603,0.0,77.62824058532715
1862,4.0,4.106709203149912,0.10670920314991239,68.04870965606325,67.95946990790979,419.4011356670021,0.0,77.62673950195312
1863,4.0,4.106696489618539,0.10669648961853895,68.04785859254339,67.95947660701383,419.39992788152165,0.0,77.62552833557129
1864,4.0,4.106690520133291,0.10669052013329061,68.04699776933076,67.95947485476985,419.3993607804231,0.0,77.62443351745605
1865,4.0,4.106680228077694,0.1066802280776944,68.04612830996794,67.95947752750504,419.3983830351414,0.0,77.62324714660645
1866,4.0,4.106661743153594,0.10666174315359367,68.04525414745042,67.95947992232628,419.39662696735184,0.0,77.62190055847168
1867,4.0,4.1066516985580686,0.10665169855806855,68.0443521528301,67.95947926161051,419.39567273077694,0.0,77.62068176269531
1868,4.0,4.106638682458326,0.10663868245832564,68.043470964409,67.95947804861373,419.39443620130135,0.0,77.61943054199219
1869,4.0,4.10663602649587,0.10663602649587034,68.04258197375927,67.95948254987316,419.39418388486814,0.0,77.61836624145508
1870,4.0,4.1066208484658295,0.10662084846582953,68.04168309147217,67.95947887235593,419.3927419720143,0.0,77.6170539855957
1871,4.0,4.10661161298456,0.10661161298456001,68.04079275398142,67.95946845415818,419.39186460129366,0.0,77.61586380004883
1872,4.0,4.106605400380278,0.10660540038027833,68.03988242515932,67.9594664671818,419.3912744038869,0.0,77.61470794677734
1873,4.0,4.106593708305933,0.10659370830593318,68.03897927587528,67.95947469303212,419.39016365682414,0.0,77.61345672607422
1874,4.0,4.10658757723465,0.10658757723464962,68.03806758949943,67.95947435449179,419.3895812050522,0.0,77.61230087280273
1875,4.0,4.106590579727208,0.1065905797272082,68.03713834196705,67.95947611567497,419.38986644184524,0.0,77.61129760742188
1876,4.0,4.1065947642769585,0.10659476427695846,68.03621960900543,67.95946991319609,419.3902639740715,0.0,77.6103286743164
1877,4.0,4.106600731124274,0.10660073112427426,68.0352981029033,67.95948443805871,419.3908308245665,0.0,77.60939025878906
1878,4.0,4.106595105254255,0.10659510525425464,68.03437804286898,67.95948042938878,419.39029636691464,0.0,77.60823440551758
1879,4.0,4.106600644920687,0.10660064492068688,68.03345692834966,67.95948321845422,419.39082263522573,0.0,77.6072883605957
1880,4.0,4.106593875803918,0.10659387580391844,68.03253239676725,67.95948767906212,419.39017956913267,0.0,77.60610580444336
1881,4.0,4.106588529984875,0.106588529984875,68.03160769195635,67.95948849190323,419.38967171632356,0.0,77.60494995117188
1882,4.0,4.106571575644506,0.10657157564450603,68.03068133539257,67.95948610732674,419.3880610539885,0.0,77.60357284545898
1883,4.0,4.106567299170081,0.10656729917008079,68.0297355641594,67.95948299600572,419.3876547889181,0.0,77.60241317749023
1884,4.0,4.106565490359971,0.1065654903599711,68.02880241813736,67.95947594269717,419.38748295195774,0.0,77.60131454467773
1885,4.0,4.106558736034179,0.10655873603417909,68.02787093766433,67.95947791121273,419.3868412910075,0.0,77.60012435913086
1886,4.0,4.106546989039283,0.10654698903928317,68.02692852390145,67.95948461790874,419.3857253264923,0.0,77.59882736206055
1887,4.0,4.106544228838906,0.10654422883890557,68.02598103468769,67.95947831148489,419.3854631074565,0.0,77.59769439697266
1888,4.0,4.106534482707974,0.10653448270797394,68.0250422534989,67.95947635596784,419.384537225018,0.0,77.59643936157227
1889,4.0,4.106533764597945,0.10653376459794472,68.02409771899316,67.95947819569882,419.3844690045652,0.0,77.5953483581543
1890,4.0,4.106516831355977,0.106516831355977,68.02315090453199,67.95947943960978,419.38286034657824,0.0,77.59394836425781
1891,4.0,4.106514177014066,0.10651417701406629,68.02217824309336,67.95948039382029,419.38260818409674,0.0,77.59278869628906
1892,4.0,4.1065104364419405,0.10651043644194047,68.02122357297031,67.95948100084517,419.3822528297448,0.0,77.59162902832031
1893,4.0,4.1065230694813115,0.10652306948131152,68.02026856707019,67.95948307085779,419.383452968485,0.0,77.59077835083008
1894,4.0,4.106534090677078,0.1065340906770782,68.01931016765957,67.95947890355113,419.38449998208284,0.0,77.58989334106445
1895,4.0,4.106552190979457,0.1065521909794569,68.01833818804324,67.95947891549444,419.3862195108088,0.0,77.58912658691406
1896,4.0,4.106567048911967,0.106567048911967,68.01737644686024,67.9594808532774,419.38763101439736,0.0,77.58831024169922
1897,4.0,4.106581956791335,0.10658195679133531,68.01642726186483,67.95948618608689,419.3890472629373,0.0,77.58750915527344
1898,4.0,4.106594741074531,0.10659474107453093,68.01546978237614,67.95949055038838,419.3902617698409,0.0,77.5866584777832
1899,4.0,4.106611985247428,0.10661198524742765,68.01451535752034,67.95948771989592,419.39189996626607,0.0,77.58589553833008
1900,4.0,4.106616509605694,0.10661650960569435,68.01356092766386,67.95948955038376,419.39232978030145,0.0,77.58489227294922
1901,4.0,4.1066310856089565,0.10663108560895651,68.01259051171537,67.9594834706374,419.3937145006113,0.0,77.58406066894531
1902,4.0,4.106652964070702,0.1066529640707019,68.01163961494339,67.95948188790035,419.39579295447714,0.0,77.58338928222656
1903,4.0,4.106680397858132,0.1066803978581321,68.01069704786444,67.95948173897838,419.398399164283,0.0,77.58283233642578
1904,4.0,4.10669670404089,0.10669670404088993,68.00975150866664,67.9594857932246,419.399948251645,0.0,77.58206176757812
1905,4.0,4.106720009483602,0.10672000948360161,68.0088104509747,67.95948403984173,419.40216226870257,0.0,77.58142852783203
1906,4.0,4.106742491305918,0.10674249130591829,68.00788304316023,67.95948417568663,419.4042980418227,0.0,77.58079528808594
1907,4.0,4.106767853451465,0.10676785345146467,68.00694807577733,67.95948769666846,419.4067074456496,0.0,77.58020782470703
1908,4.0,4.106771060318096,0.10677106031809558,68.00601216349072,67.95948394681682,419.40701209797953,0.0,77.5792007446289
1909,4.0,4.106786383711456,0.10678638371145599,68.00506956214608,67.95948437857007,419.40846782034873,0.0,77.57841491699219
1910,4.0,4.106798520881812,0.10679852088181185,68.00414628877661,67.9594744044884,419.40962085153257,0.0,77.57759094238281
1911,4.0,4.106813972737393,0.10681397273739268,68.00322163713574,67.95947006035865,419.4110887778128,0.0,77.57682800292969
1912,4.0,4.106829311753899,0.10682931175389943,68.00230554872189,67.9594692302371,419.4125459843809,0.0,77.5760726928711
1913,4.0,4.106841201558724,0.10684120155872368,68.00138638906877,67.95947489656888,419.4136755158392,0.0,77.57524871826172
1914,4.0,4.106855907888515,0.10685590788851496,68.00047410168158,67.95947563727347,419.41507261716936,0.0,77.5744857788086
1915,4.0,4.106858778656586,0.10685877865658622,67.99956384286537,67.9594713720788,419.4153453401361,0.0,77.57350158691406
1916,4.0,4.106869404055107,0.10686940405510725,67.99866416994092,67.95947155557525,419.41635475299563,0.0,77.57267594337463
1917,4.0,4.1068838226276725,0.10688382262767249,67.99778007010012,67.95946837742186,419.41772451738933,0.0,77.57193970680237
1918,4.0,4.106895542745149,0.10689554274514901,67.99689467598489,67.95947459558217,419.4188379285496,0.0,77.5711510181427
1919,4.0,4.106905188873837,0.10690518887383682,67.99600914139378,67.9594839092608,419.4197543107749,0.0,77.57032299041748
1920,4.0,4.106913853795276,0.10691385379527585,67.99512000196397,67.95948342536629,419.42057747831166,0.0,77.56947231292725
1921,4.0,4.106927725537222,0.10692772553722207,67.99423202007361,67.95948357252047,419.4218952937965,0.0,77.56872129440308
1922,4.0,4.106937321177646,0.10693732117764565,67.9933450356609,67.95947972032782,419.4228068796368,0.0,77.56789064407349
1923,4.0,4.106965157305141,0.10696515730514111,67.99245158598889,67.95947758847305,419.4254513117488,0.0,77.56739711761475
1924,4.0,4.107000660832863,0.1070006608328633,67.99157290702793,67.95946851727487,419.42882414688245,0.0,77.56706523895264
1925,4.0,4.107035617844977,0.10703561784497673,67.99069660314929,67.9594749586707,419.4321450630332,0.0,77.566725730896
1926,4.0,4.107064500912871,0.10706450091287056,67.98982306037163,67.95947076775117,419.43488895448314,0.0,77.56627464294434
1927,4.0,4.107107725220914,0.10710772522091361,67.98895119947946,67.95947025487168,419.43899526374724,0.0,77.56609630584717
1928,4.0,4.107148647161613,0.10714864716161276,67.98808988419928,67.95947415079911,419.44288284811364,0.0,77.56588649749756
1929,4.0,4.107190312707238,0.107190312707238,67.98723550287797,67.95947350081009,419.44684107494805,0.0,77.56569862365723
1930,4.0,4.107233597966478,0.10723359796647802,67.98638859984048,67.95947724543483,419.45095317457583,0.0,77.56554985046387
1931,4.0,4.10726189201244,0.10726189201244019,67.98555580726459,67.9594774904249,419.4536411089423,0.0,77.56513404846191
1932,4.0,4.107292302511095,0.10729230251109456,67.9847264449639,67.95947926757788,419.4565301063144,0.0,77.56476211547852
1933,4.0,4.107318757042175,0.10731875704217497,67.98390907734282,67.95947299925588,419.45904328676704,0.0,77.56432914733887
1934,4.0,4.10733819790882,0.10733819790882038,67.98309412853725,67.95947625868429,419.4608901690984,0.0,77.56376647949219
1935,4.0,4.107366073270437,0.10736607327043668,67.98227332486057,67.95947703655794,419.46353832845193,0.0,77.56335639953613
1936,4.0,4.107394646430785,0.10739464643078467,67.98148277631559,67.95947624941014,419.466252778685,0.0,77.5629940032959
1937,4.0,4.107422106376939,0.10742210637693894,67.98069060261197,67.95948061487675,419.46886147356963,0.0,77.56260871887207
1938,4.0,4.107448644345642,0.10744864434564239,67.97989865321885,67.9594822983332,419.47138258059647,0.0,77.56220626831055
1939,4.0,4.107471927499034,0.10747192749903434,67.97911711744257,67.95948142244539,419.4735944801687,0.0,77.56175422668457
1940,4.0,4.107499735357595,0.10749973535759505,67.97833692927786,67.95948184620805,419.476236226732,0.0,77.56138915196061
1941,4.0,4.1075233424664335,0.10752334246643347,67.97757298082988,67.9594812649971,419.47847890207163,0.0,77.5609632730484
1942,4.0,4.107540368617781,0.10754036861778093,67.97680704958746,67.95947600670398,419.48009638644965,0.0,77.56041085720062
1943,4.0,4.10756635926295,0.10756635926295033,67.9760320416371,67.95947056275283,419.4825654977407,0.0,77.56001734733582
1944,4.0,4.107592846146703,0.10759284614670328,67.9752725479245,67.95947177476408,419.4850817516973,0.0,77.55965089797974
1945,4.0,4.107618818924945,0.10761881892494518,67.9745221984941,67.95947610156082,419.48754916563024,0.0,77.5592851638794
1946,4.0,4.107632931492612,0.10763293149261166,67.973778810783,67.95947038949492,419.4888898595585,0.0,77.55870342254639
1947,4.0,4.107655740484975,0.10765574048497495,67.97302483269823,67.95947398067293,419.4910567138331,0.0,77.55827379226685
1948,4.0,4.107679056410991,0.10767905641099063,67.97229089188964,67.95947160323529,419.49327172680455,0.0,77.55787658691406
1949,4.0,4.107702817217114,0.10770281721711417,67.97155252313848,67.9594751551692,419.4955290033863,0.0,77.55748271942139
1950,4.0,4.107724025315311,0.10772402531531089,67.9708263140487,67.95947471432704,419.49754377271495,0.0,77.55705451965332
1951,4.0,4.107745204808817,0.10774520480881744,67.97010309315526,67.95948020278506,419.49955582459813,0.0,77.5566291809082
1952,4.0,4.10777089153563,0.10777089153562969,67.96938470052488,67.95949038669177,419.50199606364527,0.0,77.55629444122314
1953,4.0,4.107791471170568,0.10779147117056809,67.96867058495825,67.95948676867845,419.50395112896445,0.0,77.55586814880371
1954,4.0,4.107824338648901,0.10782433864890084,67.9679428837179,67.9594902197887,419.50707353940606,0.0,77.5556583404541
1955,4.0,4.107856966369489,0.10785696636948927,67.96724339843084,67.95948103960966,419.5101731728619,0.0,77.55547618865967
1956,4.0,4.107888397897918,0.10788839789791815,67.96654365735085,67.9594825661856,419.51315916806266,0.0,77.55527114868164
1957,4.0,4.107917751637336,0.10791775163733597,67.96584738110472,67.95948024449234,419.5159477733074,0.0,77.5550308227539
1958,4.0,4.107936069303149,0.10793606930314859,67.96517156845464,67.9594754479847,419.51768795155954,0.0,77.55460548400879
1959,4.0,4.107972419602122,0.10797241960212212,67.96448324592431,67.95947796138908,419.52114122996204,0.0,77.55450630187988
1960,4.0,4.1080123889296205,0.1080123889296205,67.96380024929735,67.95948257544714,419.52493831607444,0.0,77.55448150634766
1961,4.0,4.108050575262404,0.10805057526240436,67.96313506337886,67.95947594431382,419.52856601768883,0.0,77.554443359375
1962,4.0,4.108093501123527,0.10809350112352689,67.96247839635463,67.95947893604925,419.5326439744955,0.0,77.55450439453125
1963,4.0,4.108128211873261,0.10812821187326094,67.96182727609386,67.95948042381485,419.53594149572024,0.0,77.55441665649414
1964,4.0,4.108168192580229,0.10816819258022914,67.96119094258641,67.95948071795543,419.5397396628822,0.0,77.55444526672363
1965,4.0,4.108207942371379,0.10820794237137932,67.96055844141887,67.95947956449604,419.54351589304144,0.0,77.55447387695312
1966,4.0,4.108232889384083,0.10823288938408293,67.95993348836025,67.95947498545961,419.5458858592483,0.0,77.55423164367676
1967,4.0,4.108270885322962,0.1082708853229617,67.9593016083159,67.95947687731687,419.5494954734418,0.0,77.55422782897949
1968,4.0,4.1083040388014735,0.10830403880147355,67.95869803072289,67.95948084830151,419.55264505390045,0.0,77.55416488647461
1969,4.0,4.108344011807052,0.108344011807052,67.95809530916875,67.9594813137798,419.5564424894304,0.0,77.55423164367676
1970,4.0,4.108379517410781,0.10837951741078111,67.95750298497934,67.95947897977702,419.5598155217847,0.0,77.55422592163086
1971,4.0,4.108410865192484,0.108410865192484,67.95693097706477,67.95948004818888,419.5627935610464,0.0,77.55416488647461
1972,4.0,4.1084443684981435,0.10844436849814354,67.95635173625172,67.95948246248733,419.5659763750841,0.0,77.55413627624512
1973,4.0,4.108473682388827,0.10847368238882726,67.95578163298319,67.95947718920446,419.56876119469905,0.0,77.55403900146484
1974,4.0,4.108504101805499,0.10850410180549908,67.95522500659494,67.95947603931431,419.57165103928287,0.0,77.5539779663086
1975,4.0,4.108536223986679,0.10853622398667895,67.95466362265783,67.95947176420165,419.574702646495,0.0,77.5539436340332
1976,4.0,4.108566197563748,0.10856619756374819,67.95412107204959,67.95947729561549,419.5775501363165,0.0,77.55389022827148
1977,4.0,4.108603303477322,0.10860330347732194,67.95358423686571,67.95947069294839,419.5810751981061,0.0,77.5539779663086
1978,4.0,4.108632496179817,0.1086324961798173,67.95304793303892,67.95947324110617,419.5838485048431,0.0,77.55391693115234
1979,4.0,4.108678488621064,0.10867848862106388,67.95250452536888,67.95947673745069,419.58821778676156,0.0,77.55416488647461
1980,4.0,4.108721320171137,0.10872132017113678,67.9519933518827,67.95947556209381,419.5922867840185,0.0,77.55438995361328
1981,4.0,4.108758550401821,0.10875855040182092,67.95148123900304,67.95947555142286,419.59582365593343,0.0,77.55450820922852
1982,4.0,4.108794748101238,0.10879474810123835,67.95098621133612,67.95947517775333,419.5992624373781,0.0,77.55462646484375
1983,4.0,4.108821557679402,0.10882155767940205,67.9504927046457,67.95947504335508,419.60180934730363,0.0,77.55456924438477
1984,4.0,4.108852470780936,0.10885247078093574,67.95000821482446,67.95947455724549,419.6047460919493,0.0,77.55459976196289
1985,4.0,4.108875709775478,0.10887570977547778,67.94953700428638,67.95947909875302,419.60695379643084,0.0,77.55450057983398
1986,4.0,4.108899677064247,0.10889967706424741,67.94906712418458,67.95947329714602,419.60923068886393,0.0,77.55441665649414
1987,4.0,4.1089325232267795,0.10893252322677949,67.94860082079356,67.95947655130065,419.6123510743045,0.0,77.55450439453125
1988,4.0,4.10894671440591,0.10894671440590997,67.94815224427408,67.9594770788903,419.6136992363219,0.0,77.55426025390625
1989,4.0,4.1089774902093845,0.10897749020938452,67.94767674157711,67.95947616109305,419.616622937652,0.0,77.5542984008789
1990,4.0,4.109001770603813,0.10900177060381289,67.94724181222125,67.95947160230662,419.6189295751227,0.0,77.55426025390625
1991,4.0,4.109025374637824,0.1090253746378238,67.94679801949597,67.95948094032218,419.62117195835367,0.0,77.55419921875
1992,4.0,4.109054866445763,0.10905486644576268,67.94636716264394,67.95948135691017,419.6239736801079,0.0,77.55426406860352
1993,4.0,4.109075519290927,0.1090755192909274,67.94593875935558,67.95947568593888,419.62593570039854,0.0,77.55416488647461
1994,4.0,4.109100526324363,0.1091005263243634,67.94552525612015,67.95948460370107,419.62831136857494,0.0,77.55416488647461
1995,4.0,4.109128920706303,0.10912892070630331,67.94510922034573,67.95948561925243,419.63100883485924,0.0,77.55422592163086
1996,4.0,4.109140384165941,0.10914038416594085,67.94470243814287,67.95948546781013,419.6320978635248,0.0,77.5539779663086
1997,4.0,4.109170119541612,0.10917011954161193,67.94429097515669,67.95948768765356,419.6349227242136,0.0,77.55406951904297
1998,4.0,4.10919115348721,0.10919115348720965,67.94388971295668,67.95948437512776,419.63692094904536,0.0,77.55400848388672
1999,4.0,4.109211781920016,0.10921178192001602,67.9434951597888,67.95947847362265,419.638880650162,0.0,77.55394744873047
2000,4.0,4.109250321920843,0.10925032192084316,67.94310189099482,67.9594834113764,419.64254195024057,0.0,77.55422592163086
2001,4.0,4.109279810276011,0.10927981027601064,67.94272127023717,67.95948114714824,419.6453433439815,0.0,77.55434799194336
2002,4.0,4.109317766478597,0.10931776647859692,67.94234769325722,67.95948293591236,419.64894918322716,0.0,77.55463790893555
2003,4.0,4.109336504706172,0.10933650470617184,67.94197772804407,67.95947949817315,419.6507293148468,0.0,77.55456924438477
2004,4.0,4.109359301596781,0.10935930159678087,67.9416041581488,67.95947162312261,419.6528950194546,0.0,77.55457305908203
2005,4.0,4.109383202572869,0.10938320257286893,67.9412624659715,67.95947681525575,419.655165612183,0.0,77.55463409423828
2006,4.0,4.109394052965655,0.10939405296565496,67.94093603404171,67.95946963513072,419.6561963994977,0.0,77.5544662475586
2007,4.0,4.10941777570662,0.10941777570662037,67.94061066263963,67.95947241842673,419.6584500598894,0.0,77.5545425415039
2008,4.0,4.109435039375047,0.10943503937504673,67.940291827261,67.95947496656186,419.6600901083899,0.0,77.55450439453125
2009,4.0,4.1094446280414365,0.10944462804143651,67.9399795780945,67.95947660450743,419.6610010316969,0.0,77.55432891845703
2010,4.0,4.109465153354694,0.10946515335469442,67.939660292773,67.95947760483719,419.6629509364564,0.0,77.55435180664062
2011,4.0,4.10947875389356,0.10947875389356021,67.93934855697118,67.959479173866,419.66424298764866,0.0,77.55425262451172
2012,4.0,4.109503762331402,0.10950376233140169,67.93904204700716,67.95947910324912,419.6666187892436,0.0,77.55437469482422
2013,4.0,4.1095169206622,0.10951692066219998,67.93874431025202,67.9594762744468,419.6678688306695,0.0,77.55428314208984
2014,4.0,4.109532978875109,0.10953297887510871,67.93845210232759,67.95947502942987,419.6693943608958,0.0,77.55425262451172
2015,4.0,4.109555531053683,0.1095555310536831,67.93815947451151,67.95947719612118,419.67153681786033,0.0,77.5543441772461
2016,4.0,4.109558912093687,0.10955891209368662,67.93786966108594,67.95948010318905,419.6718580166607,0.0,77.5540771484375
2017,4.0,4.109578699772263,0.1095786997722632,67.93756927276466,67.95948225620248,419.67373784612545,0.0,77.55410766601562
2018,4.0,4.109592905084267,0.10959290508426722,67.93729433816256,67.95947713503394,419.6750873507658,0.0,77.55406188964844
2019,4.0,4.109613491527653,0.10961349152765276,67.93701416707512,67.9594776415997,419.6770430628875,0.0,77.55413055419922
2020,4.0,4.1096518378030575,0.10965183780305754,67.93674784005243,67.95947447915727,419.68068595905095,0.0,77.55455017089844
2021,4.0,4.109686139478887,0.10968613947888706,67.93647486343828,67.95946890393543,419.6839446182547,0.0,77.55488586425781
2022,4.0,4.109721529178497,0.10972152917849698,67.93621732135541,67.959472928753,419.6873066397177,0.0,77.55525970458984
2023,4.0,4.109765985406113,0.1097659854061126,67.9359552150131,67.95947770491291,419.69152998134115,0.0,77.55579942464828
2024,4.0,4.109805251109613,0.10980525110961281,67.93570247768847,67.95948520600655,419.6952602231737,0.0,77.55625188350677
2025,4.0,4.109841027214252,0.1098410272142516,67.93546435443784,67.9594795329911,419.6986589531143,0.0,77.55665516853333
2026,4.0,4.109877007385552,0.10987700738555173,67.93521168922044,67.95948208788495,419.7020770693879,0.0,77.5570456981659
2027,4.0,4.109919592934488,0.10991959293448783,67.93499081033536,67.95948829581727,419.7061226965368,0.0,77.55759716033936
2028,4.0,4.10995377136303,0.1099537713630303,67.9347746184313,67.9594903810967,419.7093696472483,0.0,77.55799531936646
2029,4.0,4.109985327491679,0.10998532749167911,67.93457546135596,67.95948729213804,419.71236747947,0.0,77.55836343765259
2030,4.0,4.110019434100302,0.1100194341003018,67.93438092908727,67.95948380518968,419.71560760728914,0.0,77.55878496170044
2031,4.0,4.110047063098423,0.11004706309842316,67.93419281050434,67.95947591662818,419.71823236211065,0.0,77.55909156799316
2032,4.0,4.110086675714187,0.11008667571418673,67.93401336304606,67.95947848952983,419.7219955606082,0.0,77.5596342086792
2033,4.0,4.110124610941523,0.11012461094152304,67.93384827865667,67.9594787709667,419.72559940720515,0.0,77.56016159057617
2034,4.0,4.1101475382932,0.11014753829319979,67.93368149548675,67.95947876244598,419.7277775056144,0.0,77.56040382385254
2035,4.0,4.110180547125844,0.11018054712584391,67.93350679306484,67.95947519903075,419.73091334471565,0.0,77.56082725524902
2036,4.0,4.110208945998281,0.11020894599828068,67.93335816908328,67.95947852756308,419.7336112375971,0.0,77.56119346618652
2037,4.0,4.110237921383963,0.1102379213839626,67.93322340668799,67.95947350435539,419.7363638992369,0.0,77.56158638000488
2038,4.0,4.110267328195549,0.1102673281955493,67.93308569213751,67.95947471146457,419.73915754633765,0.0,77.56198406219482
2039,4.0,4.110294413392396,0.11029441339239643,67.93295962126675,67.95947692995934,419.7417306400381,0.0,77.56235122680664
2040,4.0,4.110324050508102,0.11032405050810201,67.93284733860212,67.9594746362419,419.74454616603015,0.0,77.56278228759766
2041,4.0,4.110340296718362,0.11034029671836176,67.93273753307352,67.95947686015101,419.7460895560048,0.0,77.56296348571777
2042,4.0,4.110367029952898,0.11036702995289804,67.93261143684133,67.95948293295652,419.74862921328577,0.0,77.56332397460938
2043,4.0,4.110392408855222,0.11039240885522172,67.93251273684022,67.95948128688754,419.75104020900653,0.0,77.56369018554688
2044,4.0,4.110418850597315,0.11041885059731538,67.93241818912998,67.95947504457145,419.75355217450544,0.0,77.5640811920166
2045,4.0,4.110444908753108,0.11044490875310764,67.93233833452119,67.95947179705009,419.7560276993057,0.0,77.56448173522949
2046,4.0,4.11046916934701,0.11046916934701034,67.9322597904354,67.9594770965481,419.7583324557264,0.0,77.56484985351562
2047,4.0,4.110486758370094,0.1104867583700937,67.93218724437712,67.95947566736614,419.76000341291933,0.0,77.56509892642498
2048,4.0,4.110513017026636,0.11051301702663618,67.93209866303947,67.95947746480113,419.7624979852909,0.0,77.56549328565598
2049,4.0,4.110544174497098,0.11054417449709764,67.93204150051321,67.9594668706068,419.76545794498475,0.0,77.56601595878601
2050,4.0,4.110581268732292,0.11058126873229224,67.93199036825624,67.95946727310384,419.7689818973282,0.0,77.56665754318237
2051,4.0,4.11061343202501,0.11061343202501028,67.93194179821431,67.95948358021201,419.7720374101364,0.0,77.56720900535583
2052,4.0,4.110641667957304,0.1106416679573039,67.93190509644228,67.95948560381778,419.77471982370434,0.0,77.5676999092102
2053,4.0,4.110672924199543,0.11067292419954278,67.93187005585212,67.95948509254002,419.777689166717,0.0,77.56824970245361
2054,4.0,4.110692697375942,0.11069269737594212,67.93183644448933,67.95948624033974,419.77956761847497,0.0,77.56858444213867
2055,4.0,4.110717496830061,0.11071749683006082,67.93182542298003,67.95949027159415,419.78192356661623,0.0,77.56903982162476
2056,4.0,4.110726489346209,0.11072648934620943,67.93180835915933,67.95948782719067,419.78277785565035,0.0,77.56919002532959
2057,4.0,4.110750599324265,0.11075059932426523,67.93178492907242,67.95948225733122,419.78506830356565,0.0,77.56961822509766
2058,4.0,4.110769291515452,0.11076929151545212,67.93179507291788,67.9594817178728,419.7868440617284,0.0,77.56998252868652
2059,4.0,4.110788806934191,0.11078880693419091,67.9317941181561,67.95948537756138,419.7886980265086,0.0,77.57034969329834
2060,4.0,4.110810708670359,0.11081070867035869,67.93180383935845,67.95948137421789,419.79077869144453,0.0,77.57077407836914
2061,4.0,4.110829009104959,0.1108290091049593,67.93182296228206,67.95947793396482,419.7925172327316,0.0,77.57114124298096
2062,4.0,4.110850072628342,0.11085007262834168,67.93184653470911,67.9594790381471,419.7945182674529,0.0,77.57156562805176
2063,4.0,4.110857973940098,0.11085797394009766,67.93187130560251,67.95947922461039,419.79526889206977,0.0,77.57174301147461
2064,4.0,4.110873951912865,0.11087395191286475,67.9318761915898,67.95947805295476,419.79678679948256,0.0,77.57205009460449
2065,4.0,4.110893817474585,0.11089381747458482,67.9319187244685,67.95947852434965,419.798674027846,0.0,77.57247352600098
2066,4.0,4.110912804144259,0.11091280414425864,67.93195239624937,67.95948054127511,419.800477761465,0.0,77.5728702545166
2067,4.0,4.110931236155154,0.11093123615515399,67.93199690359188,67.95948350069881,419.80222880250005,0.0,77.57326889038086
2068,4.0,4.110949124409149,0.11094912440914939,67.93205039593384,67.95948372702073,419.8039281866296,0.0,77.57366752624512
2069,4.0,4.110957228212672,0.11095722821267184,67.93210021451816,67.9594800519354,419.8046980479643,0.0,77.57387733459473
2070,4.0,4.110975132328785,0.11097513232878509,67.9321551142315,67.95948137266149,419.806398938995,0.0,77.57427787780762
2071,4.0,4.1109904431006505,0.11099044310065054,67.93221278084944,67.9594752711915,419.8078534623222,0.0,77.57463264465332
2072,4.0,4.1110058609592155,0.1110058609592155,67.93227869905427,67.95947023069019,419.80931815888596,0.0,77.57499885559082
2073,4.0,4.11102435967036,0.11102435967035973,67.93234882580768,67.95946865400431,419.8110755364446,0.0,77.5754280090332
2074,4.0,4.111049062776828,0.11104906277682769,67.93242666442677,67.95947390665262,419.8134223315591,0.0,77.57598304748535
2075,4.0,4.111075962756655,0.11107596275665532,67.93250995622212,67.9594851078686,419.81597782964275,0.0,77.57658576965332
2076,4.0,4.111099326810731,0.11109932681073076,67.93258486629873,67.95948316195165,419.8181974147799,0.0,77.57711219787598
2077,4.0,4.111117941791706,0.11111794179170609,67.93267645184653,67.95947805910384,419.8199658379725,0.0,77.57756805419922
2078,4.0,4.111121778878781,0.11112177887878083,67.93277171772739,67.9594841230736,419.8203303612446,0.0,77.57774925231934
2079,4.0,4.1111353901594825,0.11113539015948248,67.93284243068054,67.95948529996386,419.8216234329113,0.0,77.57808685302734
2080,4.0,4.111151415221237,0.11115141522123739,67.93294674660903,67.95948146198519,419.823145813778,0.0,77.5785083770752
2081,4.0,4.111164808984212,0.11116480898421166,67.93305111628851,67.95948453311927,419.82441822126054,0.0,77.5788803100586
2082,4.0,4.11118026871312,0.11118026871312026,67.93315976164669,67.95949136351318,419.82588689550687,0.0,77.57929611206055
2083,4.0,4.111194547439359,0.11119454743935897,67.93327789993477,67.95948327674691,419.8272433744995,0.0,77.5797004699707
2084,4.0,4.111204988535806,0.11120498853580596,67.93339264302548,67.95948386994905,419.828235278662,0.0,77.58002853393555
2085,4.0,4.111219859456441,0.1112198594564413,67.93352103651088,67.95948441615327,419.8296480161224,0.0,77.5804557800293
2086,4.0,4.111220056559845,0.11122005655984513,67.93364805320196,67.95948355448114,419.82966674094575,0.0,77.58060455322266
2087,4.0,4.111237245723949,0.11123724572394877,67.93376152115727,67.95948643437352,419.8312997115356,0.0,77.58105850219727
2088,4.0,4.111249478239807,0.1112494782398068,67.93388674449459,67.95949009976204,419.8324618005421,0.0,77.5814323425293
2089,4.0,4.1112600930349785,0.11126009303497852,67.93402533686012,67.9594947991973,419.8334702060834,0.0,77.58179092407227
2090,4.0,4.1112714076438515,0.11127140764385146,67.93415904548567,67.95948778718176,419.83454509392635,0.0,77.58215713500977
2091,4.0,4.111291612546234,0.11129161254623376,67.9342828035859,67.9594840975421,419.83646455965265,0.0,77.58267974853516
2092,4.0,4.111312514908712,0.11131251490871197,67.9344250982611,67.9594798920813,419.8384502840881,0.0,77.58323669433594
2093,4.0,4.111336038527586,0.11133603852758611,67.93457084214944,67.95948263131085,419.84068502788114,0.0,77.58384704589844
2094,4.0,4.1113457477545845,0.1113457477545845,67.93472773342911,67.95948410674477,419.841607404446,0.0,77.58420944213867
2095,4.0,4.1113540185958115,0.11135401859581151,67.93488500977747,67.95948446995605,419.8423931343625,0.0,77.58454513549805
2096,4.0,4.11136542380112,0.11136542380111969,67.93504393784096,67.95948106808726,419.8434766288668,0.0,77.58494186401367
2097,4.0,4.111366016422153,0.11136601642215282,67.93521117775579,67.95947171412075,419.843532927865,0.0,77.58514404296875
2098,4.0,4.111384807110266,0.11138480711026588,67.93535829590566,67.95946388629754,419.8453180432357,0.0,77.58566665649414
2099,4.0,4.111394390409283,0.11139439040928334,67.93552060447041,67.95946731586999,419.8462284566424,0.0,77.58603286743164
2100,4.0,4.111397890356271,0.11139789035627068,67.93569658670555,67.9594705392136,419.8465609516062,0.0,77.58629989624023
2101,4.0,4.111411108391188,0.11141110839118795,67.93585895804972,67.95947682139135,419.8478166649233,0.0,77.58673477172852
2102,4.0,4.11141827467869,0.11141827467869003,67.93603114079527,67.95948801236233,419.84849746223597,0.0,77.58706665039062
2103,4.0,4.111435649414038,0.11143564941403827,67.9362049902972,67.95949067983835,419.8501480620941,0.0,77.58759307861328
2104,4.0,4.111435103313619,0.11143510331361917,67.93639104314957,67.95948646842643,419.85009618255424,0.0,77.58779525756836
2105,4.0,4.111454958708264,0.11145495870826405,67.93656732273574,67.95948185169605,419.85198244504556,0.0,77.58837127685547
2106,4.0,4.111473073899174,0.11147307389917405,67.93675565450445,67.95948645161018,419.853703388182,0.0,77.58892822265625
2107,4.0,4.111482538105133,0.11148253810513342,67.93694998540852,67.95949650155634,419.85460248774814,0.0,77.58932876586914
2108,4.0,4.111481441228416,0.11148144122841597,67.93712843645024,67.95948959871419,419.85449828445996,0.0,77.58951187133789
2109,4.0,4.1114693157234194,0.11146931572341945,67.93732211567021,67.95948682390016,419.8533463614853,0.0,77.58950424194336
2110,4.0,4.111457376989699,0.11145737698969871,67.93752607045846,67.95948343992256,419.85221218178185,0.0,77.58951187133789
2111,4.0,4.11144168604288,0.1114416860428804,67.93772856503323,67.9594844340414,419.8507215418341,0.0,77.58944702148438
2112,4.0,4.111423437846452,0.11142343784645181,67.9379232148675,67.95948247270138,419.8489879631734,0.0,77.58932495117188
2113,4.0,4.111411489720464,0.11141148972046366,67.9381173082969,67.95947105841151,419.8478528912045,0.0,77.58932113647461
2114,4.0,4.111401177505781,0.1114011775057806,67.93831443226928,67.95947002998446,419.8468732308096,0.0,77.58935165405273
2115,4.0,4.111392494188649,0.1113924941886486,67.93849466121661,67.95947561949755,419.8460483156821,0.0,77.58939361572266
2116,4.0,4.111372328706287,0.11137232870628733,67.93868759686578,67.95947837672365,419.84413259485774,0.0,77.5892333984375
2117,4.0,4.111362017417106,0.11136201741710572,67.93887802838508,67.95948174917477,419.84315302238554,0.0,77.5892562866211
2118,4.0,4.111348079061227,0.11134807906122735,67.93905491189955,67.95948119954419,419.8418288785771,0.0,77.58919525146484
2119,4.0,4.1113345796472345,0.11133457964723448,67.9392245431598,67.95948332725936,419.8405464342477,0.0,77.5891342163086
2120,4.0,4.111326460212656,0.11132646021265558,67.9393987990886,67.9594798966965,419.8397750879627,0.0,77.58917999267578
2121,4.0,4.111308962986288,0.11130896298628823,67.93957437141877,67.95948292660756,419.8381128514578,0.0,77.58905029296875
2122,4.0,4.11129862473061,0.11129862473061003,67.93974521201066,67.95948064213559,419.8371307171684,0.0,77.58905029296875
2123,4.0,4.111284994506024,0.1112849945060237,67.93991032866,67.95948033993852,419.83583584583266,0.0,77.58898162841797
2124,4.0,4.1112748236612795,0.1112748236612795,67.94007840457552,67.95947829316096,419.83486961558197,0.0,77.58898162841797
2125,4.0,4.111263834877808,0.11126383487780789,67.94024663682666,67.95948414719187,419.83382568115223,0.0,77.5889663696289
2126,4.0,4.111238073617667,0.1112380736176668,67.94041180833055,67.95948264677973,419.8313783614388,0.0,77.58866882324219
2127,4.0,4.1112399078694315,0.1112399078694315,67.94054851299876,67.95948477263431,419.83155261535643,0.0,77.58885955810547
2128,4.0,4.111243317296699,0.11124331729669912,67.94069927081658,67.95948356571414,419.83187651094687,0.0,77.58909606933594
2129,4.0,4.111240821051877,0.11124082105187671,67.94086077470635,67.95948555490907,419.83163936768875,0.0,77.5892333984375
2130,4.0,4.1112397018016456,0.11123970180164555,67.94101064006962,67.95948519788709,419.83153303891675,0.0,77.5893834233284
2131,4.0,4.111237217996602,0.11123721799660213,67.94116071727576,67.95948112398571,419.8312970774376,0.0,77.58950793743134
2132,4.0,4.111229450357103,0.11122945035710341,67.94131194382611,67.95948723036943,419.8305591516853,0.0,77.58953404426575
2133,4.0,4.111217330024813,0.11121733002481271,67.94145900562626,67.9594931581351,419.8294077201177,0.0,77.58947324752808
2134,4.0,4.111208037313158,0.11120803731315831,67.94160171998774,67.95948622644033,419.8285249125105,0.0,77.58946084976196
2135,4.0,4.11119773617685,0.11119773617684992,67.94172644393251,67.95948489285493,419.8275463045612,0.0,77.58940887451172
2136,4.0,4.111182474448395,0.11118247444839469,67.94184671546793,67.95947877491794,419.82609644035796,0.0,77.58925819396973
2137,4.0,4.1111752719750685,0.11117527197506849,67.94196741472325,67.9594753056504,419.82541220539196,0.0,77.58926010131836
2138,4.0,4.1111676424964365,0.11116764249643651,67.94208765530665,67.95947865364097,419.8246874049219,0.0,77.58925342559814
2139,4.0,4.1111587366580205,0.11115873665802045,67.94220393683847,67.95948057980976,419.8238413502724,0.0,77.58921813964844
2140,4.0,4.1111531871923646,0.11115318719236456,67.94231903186821,67.9594826696396,419.8233141510351,0.0,77.5892448425293
2141,4.0,4.1111336389234046,0.11113363892340455,67.94243415365956,67.9594821386998,419.82145706548386,0.0,77.58900737762451
2142,4.0,4.111125302343089,0.1111253023430887,67.94254102905448,67.95947998150216,419.8206650903539,0.0,77.5889720916748
2143,4.0,4.111122517551395,0.11112251755139457,67.94264884988928,67.95947710739826,419.82040053514294,0.0,77.58904266357422
2144,4.0,4.111115239733411,0.11111523973341075,67.94276411663293,67.95947710739847,419.8197091424345,0.0,77.58903694152832
2145,4.0,4.111109417691517,0.11110941769151683,67.94286367577564,67.95947832336209,419.81915604845454,0.0,77.58904075622559
2146,4.0,4.111099299027013,0.11109929902701321,67.94297244598104,67.95947981568779,419.8181947753267,0.0,77.58897399902344
2147,4.0,4.11108734250974,0.11108734250974006,67.94307150504746,67.95948125275001,419.81705890618576,0.0,77.5888614654541
2148,4.0,4.111082821604544,0.11108282160454408,67.94316125324681,67.95947678332145,419.81662942019216,0.0,77.5888786315918
2149,4.0,4.111076574065304,0.11107657406530436,67.9432661756469,67.95947422248321,419.81603590396435,0.0,77.58888053894043
2150,4.0,4.111068745498781,0.11106874549878132,67.94336382318272,67.95948351801924,419.81529219014465,0.0,77.5888442993164
2151,4.0,4.111048530779544,0.11104853077954413,67.9434640779741,67.95947744734974,419.81337179181713,0.0,77.58857727050781
2152,4.0,4.111050322988673,0.11105032298867279,67.94353634292827,67.95947751397426,419.8135420516844,0.0,77.58869361877441
2153,4.0,4.111059656375436,0.1110596563754358,67.94362594492131,67.95947592076163,419.8144287234269,0.0,77.5889720916748
2154,4.0,4.111065302365792,0.11106530236579193,67.94370532290718,67.95947562158806,419.81496509251065,0.0,77.58916929643601
2155,4.0,4.111069448273943,0.11106944827394294,67.94379946627704,67.95947793652918,419.815358953785,0.0,77.58935505151749
2156,4.0,4.111072156076205,0.11107215607620535,67.94389224773937,67.95947344028534,419.81561619499996,0.0,77.58951210975647
2157,4.0,4.111073155669559,0.11107315566955922,67.94398575409419,67.95947027395326,419.8157111563686,0.0,77.58963775634766
2158,4.0,4.111065334154924,0.11106533415492414,67.94408412165274,67.9594727291402,419.81496811247825,0.0,77.58960247039795
2159,4.0,4.111060098459192,0.11106009845919207,67.94417232299197,67.95947224330425,419.8144707213837,0.0,77.58960437774658
2160,4.0,4.1110547810648255,0.11105478106482547,67.94425895188328,67.9594712194348,419.8139655689189,0.0,77.58960294723511
2161,4.0,4.111036211730699,0.11103621173069911,67.94434830256122,67.95947349802401,419.8122014821769,0.0,77.58935451507568
2162,4.0,4.111032000838438,0.11103200083843756,67.94442123783408,67.95947399552897,419.811801447412,0.0,77.58935832977295
2163,4.0,4.111027652049897,0.11102765204989673,67.94451649535232,67.95947027760523,419.81138831250064,0.0,77.58938503265381
2164,4.0,4.111022805361236,0.11102280536123565,67.94459659851235,67.95946704126034,419.8109278770778,0.0,77.58938503265381
2165,4.0,4.1110190003810185,0.11101900038101853,67.94468704430076,67.95947581746339,419.8105664039572,0.0,77.58941650390625
2166,4.0,4.111007402003514,0.11100740200351389,67.944769334428,67.95947483781819,419.8094645580943,0.0,77.5892915725708
2167,4.0,4.111000988646488,0.111000988646488,67.94485027754588,67.9594760667337,419.8088552891768,0.0,77.58926296234131
2168,4.0,4.110997638686228,0.1109976386862277,67.944932368527,67.95948229682767,419.8085370429521,0.0,77.58929347991943
2169,4.0,4.11098794374608,0.11098794374608012,67.94501075984273,67.95947526076554,419.80761602363805,0.0,77.58920001983643
2170,4.0,4.110983371297634,0.11098337129763358,67.9450846615291,67.95948060361725,419.80718164103564,0.0,77.5891981124878
2171,4.0,4.110975796794875,0.11097579679487524,67.94515723721697,67.95948426188036,419.80646206327356,0.0,77.58913803100586
2172,4.0,4.110962011691094,0.1109620116910941,67.94522639811184,67.95948582443016,419.80515247841436,0.0,77.58895683288574
2173,4.0,4.110957805052513,0.11095780505251263,67.94528924360984,67.95948627628474,419.8047528477491,0.0,77.58894920349121
2174,4.0,4.1109523047335355,0.11095230473353546,67.94535676820563,67.95948518711613,419.80423031744635,0.0,77.58892250061035
2175,4.0,4.110944745254826,0.11094474525482578,67.94542325062442,67.95948286485246,419.80351216696886,0.0,77.5888557434082
2176,4.0,4.110944199925826,0.11094419992582605,67.94548738324566,67.95948481500427,419.8034603607139,0.0,77.58891868591309
2177,4.0,4.11094969409163,0.11094969409163014,67.94556193421373,67.95948254390352,419.8039823064653,0.0,77.58910751342773
2178,4.0,4.110962216354304,0.11096221635430403,67.94562889334502,67.95949105164097,419.80517192141934,0.0,77.58942031860352
2179,4.0,4.110959606028917,0.11095960602891708,67.94569542053023,67.95948992139131,419.8049239405076,0.0,77.58944702148438
2180,4.0,4.1109613852322004,0.11096138523220045,67.9457495279588,67.95948357915361,419.8050929648195,0.0,77.58954238891602
2181,4.0,4.110957756714936,0.11095775671493602,67.94581117023179,67.95948440375096,419.8047482556794,0.0,77.58954429626465
2182,4.0,4.110947548207534,0.11094754820753394,67.94587633893032,67.95949261148778,419.80377844747613,0.0,77.58942604064941
2183,4.0,4.110949581459544,0.11094958145954426,67.94594128007219,67.95948944478003,419.8039716064171,0.0,77.58953857421875
2184,4.0,4.110946309496794,0.11094630949679374,67.94599702953393,67.95948507427894,419.80366076995585,0.0,77.58954048156738
2185,4.0,4.110935445101526,0.11093544510152586,67.94606802860272,67.9594811673785,419.8026286524054,0.0,77.58941650390625
2186,4.0,4.110921404438125,0.11092140443812504,67.94613473598797,67.95948668740151,419.8012947893823,0.0,77.5892276763916
2187,4.0,4.110919119413912,0.11091911941391164,67.94617083305135,67.95948314809495,419.801077712082,0.0,77.58922576904297
2188,4.0,4.110920862197889,0.11092086219788921,67.94622888334574,67.95947847752815,419.80124327655994,0.0,77.58932495117188
2189,4.0,4.110918589787341,0.1109185897873406,67.94629316703384,67.95947967078237,419.80102739755785,0.0,77.58935546875
2190,4.0,4.110906997178961,0.11090699717896069,67.94634780837,67.95948265689687,419.7999260997617,0.0,77.58919906616211
2191,4.0,4.1109054111541825,0.11090541115418251,67.94640074752834,67.95948673031216,419.7997754274078,0.0,77.58922958374023
2192,4.0,4.11089772843927,0.11089772843927026,67.94645089615919,67.9594814540064,419.7990455694911,0.0,77.58914184570312
2193,4.0,4.110900742034425,0.11090074203442501,67.94650130462743,67.9594879278209,419.79933186103085,0.0,77.5892562866211
2194,4.0,4.110894420034012,0.11089442003401206,67.94655234735083,67.95949261268603,419.7987312709916,0.0,77.58919525146484
2195,4.0,4.110878031864577,0.11087803186457723,67.94660941870167,67.95948629556602,419.79717439489525,0.0,77.58895111083984
2196,4.0,4.110876580653521,0.11087658065352102,67.94666347069224,67.9594838638841,419.79703652984495,0.0,77.58898544311523
2197,4.0,4.110870351788363,0.11087035178836313,67.94671631520782,67.95948186428184,419.79644478765493,0.0,77.58892822265625
2198,4.0,4.110863614052691,0.11086361405269063,67.94676420823953,67.9594809996425,419.7958047027661,0.0,77.5888557434082
2199,4.0,4.110863445425176,0.11086344542517601,67.94679706116378,67.9594782529288,419.7957886831522,0.0,77.5888900756836
2200,4.0,4.110854034825416,0.11085403482541611,67.94684236417756,67.9594803361938,419.794894676175,0.0,77.58876419067383
2201,4.0,4.110861035482935,0.11086103548293469,67.9468936850403,67.95947277359278,419.7955597386392,0.0,77.58895492553711
2202,4.0,4.110869529669714,0.11086952966971442,67.94693702294028,67.95946919209511,419.7963666863833,0.0,77.58916473388672
2203,4.0,4.110879291254547,0.11087929125454732,67.94698613738407,67.95946647664267,419.79729403694245,0.0,77.58940505981445
2204,4.0,4.11088658658924,0.11088658658924011,67.9470325870972,67.95946705952905,419.79798709373824,0.0,77.58959579467773
2205,4.0,4.110887110432689,0.11088711043268873,67.94708071925443,67.95947604090517,419.7980368588659,0.0,77.58966064453125
2206,4.0,4.1108874918800575,0.11088749188005753,67.94712786438495,67.95947558089584,419.7980730963659,0.0,77.5897216796875
2207,4.0,4.110883300331058,0.11088330033105809,67.94717710106721,67.95947701661363,419.79767489921096,0.0,77.5896987915039
2208,4.0,4.11088694336411,0.1108869433641102,67.94722712730875,67.95948000336219,419.7980209873509,0.0,77.58982467651367
2209,4.0,4.1108775149702845,0.11087751497028453,67.94727606578745,67.95947717847366,419.79712528993747,0.0,77.58970260620117
2210,4.0,4.11086668475213,0.11086668475213024,67.94730808720435,67.9594800508124,419.79609641921286,0.0,77.58953475952148
2211,4.0,4.110862750483019,0.11086275048301886,67.94735641244814,67.95948385816976,419.7957226636472,0.0,77.58951568603516
2212,4.0,4.110861091203669,0.11086109120366938,67.94740388209063,67.95948569656737,419.79556503210904,0.0,77.58953857421875
2213,4.0,4.110864862881101,0.11086486288110109,67.94744844143308,67.95948900267773,419.795923341465,0.0,77.58966064453125
2214,4.0,4.11086161795878,0.11086161795878002,67.94749873533766,67.95948612373952,419.79561507384454,0.0,77.58965682983398
2215,4.0,4.110846420669346,0.11084642066934602,67.94754280834755,67.95948867725147,419.7941713313483,0.0,77.58942031860352
2216,4.0,4.110843335606364,0.11084333560636406,67.94758377894769,67.95949143032381,419.793878250365,0.0,77.58940887451172
2217,4.0,4.1108414717291195,0.11084147172911951,67.94762794936806,67.95948826568629,419.7937011820268,0.0,77.58942413330078
2218,4.0,4.110838213818604,0.11083821381860393,67.94766843640313,67.95948215357117,419.79339168052786,0.0,77.58940887451172
2219,4.0,4.11083651810571,0.11083651810571027,67.94770648668006,67.95948161072795,419.7932305878029,0.0,77.58942031860352
2220,4.0,4.110827038647584,0.11082703864758425,67.94774958956214,67.95948529455515,419.79233003928096,0.0,77.58929061889648
2221,4.0,4.110813940541141,0.11081394054114124,67.94778235115147,67.95947923414191,419.7910857191689,0.0,77.58908081054688
2222,4.0,4.110814295915256,0.11081429591525627,67.94780320259161,67.9594748091283,419.7911194797098,0.0,77.589111328125
2223,4.0,4.110818524455033,0.11081852445503326,67.94783352923224,67.95947994056822,419.79152119098865,0.0,77.58922576904297
2224,4.0,4.110814640537077,0.11081464053707712,67.9478710012525,67.959483809941,419.79115221878277,0.0,77.58919525146484
2225,4.0,4.110808163234583,0.11080816323458276,67.94791125141855,67.95948678849906,419.7905368750458,0.0,77.58911895751953
2226,4.0,4.11080204363584,0.11080204363584034,67.94794558918223,67.95948931140177,419.7899555131653,0.0,77.58904266357422
2227,4.0,4.110794014934533,0.110794014934533,67.94797807596079,67.95948646855533,419.7891927865411,0.0,77.58892822265625
2228,4.0,4.110797062931596,0.11079706293159575,67.94800119040414,67.95948579454482,419.78948234626205,0.0,77.5890121459961
2229,4.0,4.110794808733788,0.11079480873378778,67.94803176901993,67.95948151043535,419.7892681974703,0.0,77.58900451660156
2230,4.0,4.110788117062988,0.11078811706298808,67.94806220017152,67.95948363971206,419.7886324887443,0.0,77.58891296386719
2231,4.0,4.110781549801763,0.11078154980176258,67.94809725643735,67.95948167301633,419.7880085989279,0.0,77.58882904052734
2232,4.0,4.110789099160207,0.11078909916020674,67.94810609947541,67.95948022775436,419.78872578798007,0.0,77.58898162841797
2233,4.0,4.110803972446899,0.11080397244689877,67.94814087437392,67.95948166521471,419.7901387502159,0.0,77.58930206298828
2234,4.0,4.110813966787516,0.1108139667875161,67.9481627547376,67.95948635974352,419.7910882125745,0.0,77.58951568603516
2235,4.0,4.1108152475284365,0.11081524752843652,67.94818835470824,67.95948143722163,419.7912098829619,0.0,77.58956909179688
2236,4.0,4.11081482658788,0.11081482658788033,67.9482220379159,67.95947931621225,419.7911698936091,0.0,77.589599609375
2237,4.0,4.110813023651962,0.11081302365196244,67.94825173450776,67.95947984544296,419.7909986146969,0.0,77.58959949016571
2238,4.0,4.1108077812252795,0.11080778122527946,67.94828420576364,67.95947880732899,419.79050058416203,0.0,77.58953762054443
2239,4.0,4.110805022964243,0.110805022964243,67.948291797282,67.95947903934051,419.7902385493635,0.0,77.58949422836304
2240,4.0,4.1107981852223086,0.11079818522230855,67.94832673115685,67.95947678709591,419.78958896387974,0.0,77.58940505981445
2241,4.0,4.110796766604815,0.11079676660481486,67.94835226775224,67.95947793611484,419.7894541952179,0.0,77.58940744400024
2242,4.0,4.11079525856478,0.11079525856477979,67.94837970003994,67.9594775220105,419.78931093141455,0.0,77.5894103050232
2243,4.0,4.110789985443418,0.110789985443418,67.94840631075377,67.95947929633981,419.7888099848851,0.0,77.58934116363525
2244,4.0,4.110791260051922,0.11079126005192208,67.94842157248259,67.9594799455499,419.78893107269306,0.0,77.58938264846802
2245,4.0,4.11078224994972,0.11078224994971997,67.94845316105763,67.95947642121443,419.78807511298385,0.0,77.58924865722656
2246,4.0,4.110781351353843,0.11078135135384315,67.9484772011839,67.95947441615857,419.78798974637556,0.0,77.58925914764404
2247,4.0,4.110772360449545,0.11077236044954475,67.94851139575138,67.95947737946781,419.7871356104672,0.0,77.5891284942627
2248,4.0,4.110777864650719,0.1107778646507187,67.94852982305004,67.95948154899284,419.7876585095787,0.0,77.58925342559814
2249,4.0,4.110775879952344,0.11077587995234417,67.94855845297354,67.95948095529177,419.78746996323315,0.0,77.58924865722656
2250,4.0,4.110765132424636,0.11076513242463637,67.94857825439911,67.95948605627981,419.7864489481009,0.0,77.58906841278076
2251,4.0,4.110761331698811,0.11076133169881075,67.94860934140695,67.95948656593511,419.78608787914743,0.0,77.58903217315674
2252,4.0,4.110758384628933,0.11075838462893284,67.94863216426282,67.9594944225911,419.7858079075091,0.0,77.58900260925293
2253,4.0,4.11075038615925,0.11075038615924981,67.94865162527336,67.95949500266846,419.7850480528892,0.0,77.58887386322021
2254,4.0,4.110752210653931,0.11075221065393137,67.94865570977534,67.95948838950777,419.7852213798839,0.0,77.58891296386719
2255,4.0,4.110741956235228,0.11074195623522787,67.94867988846991,67.95947134293307,419.7842472101071,0.0,77.58874702453613
2256,4.0,4.110743161717873,0.11074316171787313,67.94869671050297,67.9594658524508,419.7843617309584,0.0,77.58878898620605
2257,4.0,4.110740655475417,0.1107406554754169,67.94871308202528,67.95946248002058,419.78412363792506,0.0,77.58876037597656
2258,4.0,4.110756053258073,0.11075605325807292,67.9487291633023,67.95946901672315,419.7855864272774,0.0,77.58906936645508
2259,4.0,4.110767197554333,0.11076719755433295,67.94874038614068,67.9594714553231,419.7866451354221,0.0,77.58929252624512
2260,4.0,4.110759476648747,0.11075947664874697,67.94876110559281,67.95948174059363,419.78591164939144,0.0,77.58917045593262
2261,4.0,4.110766948991969,0.11076694899196937,67.94875785761036,67.9594811371325,419.7866215219975,0.0,77.58930778503418
2262,4.0,4.110776154023298,0.11077615402329766,67.9487853191039,67.95948396176843,419.7874959999737,0.0,77.58951288461685
2263,4.0,4.110789809879835,0.11078980987983478,67.94879955245707,67.95948255264675,419.78879330634476,0.0,77.58978688716888
2264,4.0,4.110786425763543,0.1107864257635427,67.94882824224509,67.9594933291523,419.78847181529704,0.0,77.58975577354431
2265,4.0,4.110777129086919,0.11077712908691861,67.94884932667964,67.95949548275074,419.7875886310177,0.0,77.58960437774658
2266,4.0,4.110770528902135,0.11077052890213501,67.94887448877344,67.95950019683909,419.7869616134633,0.0,77.58950853347778
2267,4.0,4.110771363934457,0.11077136393445741,67.94889033496517,67.95949340898542,419.7870409415339,0.0,77.58954238891602
2268,4.0,4.11077655084314,0.11077655084314042,67.94891150090174,67.95949415791932,419.78753369785875,0.0,77.58966445922852
2269,4.0,4.110767046521136,0.11076704652113634,67.94893246833797,67.95947996196058,419.7866307872684,0.0,77.58950901031494
2270,4.0,4.110756687404419,0.11075668740441902,67.9489416746186,67.95947796500072,419.78564667118025,0.0,77.58932399749756
2271,4.0,4.110754863921896,0.11075486392189582,67.94897181597018,67.95946843766234,419.7854734403405,0.0,77.58932399749756
2272,4.0,4.1107551948329215,0.11075519483292151,67.94899390715307,67.95946841339457,419.785504876888,0.0,77.58935546875
2273,4.0,4.110757589470499,0.11075758947049863,67.94900944681991,67.9594721556167,419.78573236745785,0.0,77.58941841125488
2274,4.0,4.110756145527734,0.11075614552773416,67.94903080902066,67.9594710912992,419.7855951928952,0.0,77.58941555023193
2275,4.0,4.110748623678231,0.1107486236782309,67.94904907393857,67.95947646500949,419.78488061719236,0.0,77.58929443359375
2276,4.0,4.110739606707459,0.11073960670745908,67.94906282127688,67.9594783872001,419.78402400496907,0.0,77.58913993835449
2277,4.0,4.110738078291712,0.11073807829171223,67.94906302989914,67.95948164012245,419.78387880547314,0.0,77.589111328125
2278,4.0,4.110743132946793,0.11074313294679339,67.94907970041972,67.95948195347962,419.7843589977058,0.0,77.58922576904297
2279,4.0,4.110740818352621,0.11074081835262106,67.94909457466636,67.95947691089985,419.7841391112595,0.0,77.58919906616211
2280,4.0,4.110729727376104,0.11072972737610431,67.94911420845888,67.9594775239711,419.78308546849036,0.0,77.5890121459961
2281,4.0,4.110728746775409,0.11072874677540856,67.94913208786865,67.95947780000849,419.78299231142427,0.0,77.58901405334473
2282,4.0,4.11071656558735,0.11071656558735032,67.94914134630858,67.95947263427905,419.78183509855876,0.0,77.58879470825195
2283,4.0,4.110718348586721,0.1107183485867207,67.94914361096636,67.95948023723926,419.7820044834989,0.0,77.58883094787598
2284,4.0,4.110723912472889,0.11072391247288937,67.94915353439112,67.95947534328316,419.7825330526849,0.0,77.58894729614258
2285,4.0,4.110716332557907,0.11071633255790658,67.94917526505431,67.95948027149362,419.7818129607616,0.0,77.58882904052734
2286,4.0,4.110719257922616,0.11071925792261617,67.94918036159382,67.95947215110981,419.782090870409,0.0,77.5888900756836
2287,4.0,4.110730096807329,0.11073009680732859,67.94919329092765,67.95947082828464,419.7831205644567,0.0,77.58910942077637
2288,4.0,4.110739050868383,0.11073905086838298,67.94920396832812,67.9594648248938,419.7839712002568,0.0,77.58929061889648
2289,4.0,4.110749319640651,0.11074931964065104,67.9492246509266,67.95947815147605,419.7849467336223,0.0,77.58950805664062
2290,4.0,4.110752252491225,0.110752252491225,67.94923129401607,67.95947326172193,419.7852253544268,0.0,77.58957099914551
2291,4.0,4.110756425594748,0.11075642559474819,67.94924583235677,67.95947794974666,419.78562179926155,0.0,77.58966636657715
2292,4.0,4.11074684342955,0.11074684342954999,67.94926558184032,67.95947835771626,419.78471149356767,0.0,77.58950805664062
2293,4.0,4.11074443414066,0.11074443414065982,67.94925863630235,67.95947785821218,419.78448261112317,0.0,77.5894546508789
2294,4.0,4.110749244860134,0.11074924486013416,67.94928267946023,67.9594823534395,419.78493962947323,0.0,77.58957290649414
2295,4.0,4.110744952405281,0.11074495240528126,67.9493001805863,67.95949058587692,419.7845318462622,0.0,77.58951187133789
2296,4.0,4.110742742709754,0.11074274270975426,67.94930998027117,67.9594923456493,419.7843219251871,0.0,77.58948135375977
2297,4.0,4.110739914711746,0.11073991471174605,67.94933000032442,67.9594886813133,419.7840532653763,0.0,77.58945083618164
2298,4.0,4.11073811433889,0.11073811433888991,67.94935307849346,67.95948663964303,419.783882229955,0.0,77.58944320678711
2299,4.0,4.11073428307363,0.1107342830736302,67.94936963788382,67.9594911770028,419.7835182597553,0.0,77.58938980102539
2300,4.0,4.110726013897187,0.11072601389718706,67.94936267322359,67.95948711541395,419.7827326879932,0.0,77.58922576904297
2301,4.0,4.110724229861987,0.1107242298619866,67.94937211841906,67.9594858588195,419.78256320464914,0.0,77.58920288085938
2302,4.0,4.1107253890913675,0.11072538909136753,67.94937634187379,67.95948746424664,419.7826733314404,0.0,77.58922958374023
2303,4.0,4.110721420697197,0.11072142069719693,67.94939182729594,67.95947928807851,419.78229633399417,0.0,77.58917236328125
2304,4.0,4.110725152813638,0.1107251528136377,67.94940697350225,67.95948077053598,419.782650885056,0.0,77.58926010131836
2305,4.0,4.11071832003845,0.11071832003845028,67.94941635454082,67.95948526545163,419.7820017714132,0.0,77.58914184570312
2306,4.0,4.11070916285956,0.11070916285955956,67.949430750024,67.95948463641061,419.7811318394186,0.0,77.58898544311523
2307,4.0,4.110707672184251,0.11070767218425104,67.9494253237922,67.95948226572733,419.7809902252643,0.0,77.58895111083984
2308,4.0,4.110705416937363,0.11070541693736313,67.94943587659138,67.95948427201085,419.78077597680993,0.0,77.58892059326172
2309,4.0,4.110712725378376,0.1107127253783764,67.94944535890131,67.95948054826647,419.7814702787062,0.0,77.58906936645508
2310,4.0,4.1107008642787575,0.11070086427875747,67.94945767920471,67.95948219600896,419.7803434742424,0.0,77.58885955810547
2311,4.0,4.110703668309532,0.11070366830953215,67.94946144042984,67.95948093149498,419.78060985716604,0.0,77.58891677856445
2312,4.0,4.110713159607165,0.11071315960716532,67.94947827029922,67.9594833070645,419.78151153044115,0.0,77.58911514282227
2313,4.0,4.110723864937011,0.11072386493701103,67.94948505462281,67.95948021051939,419.7825285367765,0.0,77.58932495117188
2314,4.0,4.110731507449981,0.11073150744998106,67.94949569615838,67.95947700392941,419.78325457550864,0.0,77.58948135375977
2315,4.0,4.110729920070815,0.11072992007081517,67.94949520922115,67.95947513764689,419.7831037744879,0.0,77.58945083618164
2316,4.0,4.110729472457683,0.11072947245768283,67.94950260817227,67.95947972277249,419.7830612512403,0.0,77.58945083618164
2317,4.0,4.110728967279856,0.11072896727985615,67.94951095865761,67.95947649305971,419.7830132593468,0.0,77.58945083618164
2318,4.0,4.1107248231256195,0.11072482312561949,67.94952266797488,67.95947274500176,419.7826195646943,0.0,77.58938598632812
2319,4.0,4.110730981466996,0.11073098146699589,67.94952777576911,67.95947656237318,419.78320460712507,0.0,77.58950805664062
2320,4.0,4.110722145477337,0.11072214547733683,67.94953686225247,67.95948697711394,419.78236518810746,0.0,77.58935165405273
2321,4.0,4.1107222405900075,0.11072224059000746,67.94954197156348,67.95948021099748,419.7823742238112,0.0,77.58935928344727
2322,4.0,4.110709586696735,0.1107095866967347,67.94956071537679,67.95948673475243,419.7811721039502,0.0,77.58914184570312
2323,4.0,4.110710196840647,0.11071019684064698,67.9495539705324,67.95948548634209,419.7812300676219,0.0,77.58914566040039
2324,4.0,4.110715519792436,0.11071551979243566,67.94956620565415,67.95948129400426,419.7817357480418,0.0,77.58926010131836
2325,4.0,4.110708503358158,0.11070850335815763,67.94957528207989,67.95947882243999,419.78106918678543,0.0,77.58913803100586
2326,4.0,4.110708406347713,0.11070840634771262,67.94958022641714,67.95948290386166,419.78105997079314,0.0,77.58914184570312
2327,4.0,4.110707562097678,0.11070756209767829,67.94959752255036,67.9594918510166,419.78097976703987,0.0,77.58914566040039
2328,4.0,4.110697423257553,0.11069742325755261,67.94960475986687,67.95948369705509,419.7800165772279,0.0,77.58896255493164
2329,4.0,4.110704264922132,0.11070426492213237,67.94959523152654,67.95948200842702,419.780666535363,0.0,77.58908081054688
2330,4.0,4.110695355137894,0.11069535513789397,67.9496088788104,67.95948395976468,419.7798201058604,0.0,77.58892822265625
2331,4.0,4.110695658908743,0.11069565890874333,67.94962390214359,67.95948615565314,419.77984896409106,0.0,77.58895111083984
2332,4.0,4.110689896797481,0.11068989679748142,67.94963228945325,67.95948602597359,419.7793015635212,0.0,77.58885192871094
2333,4.0,4.11069980585925,0.11069980585924988,67.94963553182193,67.95948475793419,419.7802429243892,0.0,77.58904266357422
2334,4.0,4.110715923923291,0.11071592392329066,67.94964304439549,67.95948705208363,419.7817741404731,0.0,77.58935546875
2335,4.0,4.110708910545865,0.11070891054586518,67.949652070422,67.95948526006858,419.78110786961764,0.0,77.5892333984375
2336,4.0,4.110718677569885,0.11071867756988496,67.94965097908086,67.9594907163789,419.7820357368995,0.0,77.58941650390625
2337,4.0,4.110717919975543,0.11071791997554303,67.94965682050595,67.95948656461096,419.781963765437,0.0,77.58940887451172
2338,4.0,4.110717845832568,0.11071784583256772,67.94967140910886,67.9594839120861,419.7819567218544,0.0,77.58942413330078
2339,4.0,4.1107186938794955,0.11071869387949551,67.94967743553701,67.95947948444253,419.7820372863125,0.0,77.58944702148438
2340,4.0,4.1107135828373,0.11071358283729982,67.94968174228923,67.95947837856878,419.78155173730397,0.0,77.58935546875
2341,4.0,4.110711597072116,0.11071159707211642,67.94969452223013,67.95947342878745,419.78136308961155,0.0,77.5893325805664
2342,4.0,4.110705620780249,0.11070562078024881,67.94970644999808,67.95947413871147,419.7807953418841,0.0,77.5892333984375
2343,4.0,4.1107041940394184,0.11070419403941845,67.94970330779663,67.95946962764901,419.7806598015052,0.0,77.58920288085938
2344,4.0,4.110710731696338,0.11071073169633827,67.94971514294723,67.95947028777017,419.7812808789126,0.0,77.58933979272842
2345,4.0,4.110694667413429,0.11069466741342904,67.94971963495318,67.95947516297315,419.7797547720362,0.0,77.5890417098999
2346,4.0,4.110691654380246,0.11069165438024609,67.94971097675874,67.95948142870033,419.7794685338838,0.0,77.58897495269775
2347,4.0,4.110691308016689,0.1106913080166887,67.949718581335,67.95948279803333,419.77943562934587,0.0,77.58897709846497
2348,4.0,4.110688880225852,0.11068888022585188,67.94972801931321,67.95948270795678,419.7792049892164,0.0,77.58894205093384
2349,4.0,4.110696410589665,0.11069641058966528,67.94973926152073,67.95948504723448,419.7799203737786,0.0,77.58909702301025
2350,4.0,4.110693180697618,0.11069318069761813,67.9497421223658,67.95948609584318,419.7796135340342,0.0,77.58903932571411
2351,4.0,4.1107042745100095,0.11070427451000953,67.94974791318529,67.9594815131132,419.7806674462114,0.0,77.58925533294678
2352,4.0,4.110706938163674,0.11070693816367427,67.94975733540099,67.95947279144443,419.7809204933095,0.0,77.58931636810303
2353,4.0,4.11071548667825,0.1107154866782496,67.94975801148541,67.95947127854524,419.78173260219415,0.0,77.58947849273682
2354,4.0,4.11073142900753,0.1107314290075303,67.94976425248626,67.95947378177266,419.7832471234758,0.0,77.58978652954102
2355,4.0,4.110719917858323,0.11071991785832314,67.94976828344289,67.95947449209021,419.78215356430115,0.0,77.58957386016846
2356,4.0,4.110713954997056,0.11071395499705616,67.94977414295654,67.95947135972817,419.7815870924808,0.0,77.58946800231934
2357,4.0,4.110715083623414,0.11071508362341387,67.94978471850285,67.95947836753771,419.7816943119848,0.0,77.58950138092041
2358,4.0,4.11071263398248,0.11071263398248021,67.94979347365819,67.95947275731056,419.78146159609605,0.0,77.58946514129639
2359,4.0,4.110715819675156,0.11071581967515609,67.94980261845927,67.95947628861094,419.78176423690024,0.0,77.5895357131958
2360,4.0,4.110709233053372,0.1107092330533721,67.9498079312737,67.9594815664599,419.7811385078308,0.0,77.58941745758057
2361,4.0,4.110708544389772,0.11070854438977218,67.94981346851048,67.95947658102696,419.7810730847888,0.0,77.58941078186035
2362,4.0,4.110701705270111,0.11070170527011136,67.94981961436636,67.95948039951595,419.780423368421,0.0,77.58928871154785
2363,4.0,4.110699977712845,0.11069997771284523,67.94981810392122,67.95948327712429,419.78025925048075,0.0,77.58925437927246
2364,4.0,4.110705765312668,0.11070576531266774,67.94983268041571,67.95947849400866,419.78080907246385,0.0,77.58938026428223
2365,4.0,4.110698492918366,0.11069849291836587,67.9498376364045,67.9594801132975,419.78011819500523,0.0,77.58924865722656
2366,4.0,4.110695795846745,0.11069579584674472,67.9498421297209,67.95947516117462,419.7798619732012,0.0,77.58920288085938
2367,4.0,4.110691120139692,0.11069112013969207,67.94985260371462,67.95947576382012,419.77941778103116,0.0,77.58912658691406
2368,4.0,4.110691108195149,0.11069110819514894,67.9498594827161,67.95947569429012,419.77941664629964,0.0,77.5891342163086
2369,4.0,4.110689338494728,0.11068933849472806,67.94986305368606,67.95947454831368,419.7792485247596,0.0,77.58910489082336
2370,4.0,4.11068025891208,0.11068025891207967,67.94985361727652,67.9594715522394,419.778385964408,0.0,77.58892273902893
2371,4.0,4.1106811422365315,0.11068114223653147,67.94986365416428,67.95946883123021,419.77846988023094,0.0,77.58895087242126
2372,4.0,4.110679339208564,0.11067933920856365,67.94986798485104,67.95946985801406,419.778298592574,0.0,77.58892178535461
2373,4.0,4.1106773207191045,0.11067732071910452,67.9498744155441,67.95947648189957,419.7781068360754,0.0,77.58889102935791
2374,4.0,4.110681321876129,0.11068132187612889,67.94988761980262,67.95947571941132,419.77848694599265,0.0,77.58898162841797
2375,4.0,4.110686435936917,0.11068643593691707,67.94988660364585,67.95947648046416,419.7789727817676,0.0,77.58907699584961
2376,4.0,4.110686172715354,0.1106861727153543,67.94989011951819,67.95947148309715,419.7789477757191,0.0,77.5890760421753
2377,4.0,4.110695125777432,0.11069512577743179,67.94987826179242,67.95947851946833,419.7797983166165,0.0,77.58923149108887
2378,4.0,4.110704945223077,0.11070494522307683,67.94987880895744,67.95947905391637,419.78073116395274,0.0,77.58941745758057
2379,4.0,4.110720917361518,0.11072091736151801,67.94988539195145,67.95948088684318,419.7822485171047,0.0,77.58972644805908
2380,4.0,4.110725640601152,0.11072564060115209,67.94988833047874,67.95947722636917,419.78269722486993,0.0,77.58981895446777
2381,4.0,4.110725014890469,0.11072501489046882,67.94990034379171,67.95948089080967,419.782637782355,0.0,77.5898208618164
2382,4.0,4.1107245913183235,0.11072459131832346,67.94990901577626,67.95947627281801,419.7825975430012,0.0,77.58982276916504
2383,4.0,4.11072206552019,0.11072206552019015,67.94991986504647,67.95948149411882,419.7823575921785,0.0,77.58978748321533
2384,4.0,4.110726525211374,0.1107265252113736,67.94992883033949,67.9594756076353,419.78278126284096,0.0,77.58988189697266
2385,4.0,4.11071720679509,0.11071720679508967,67.94994589218133,67.95947278727026,419.78189601329393,0.0,77.58972549438477
2386,4.0,4.110705073442031,0.1107050734420314,67.94996104388136,67.95947656237317,419.78074334475343,0.0,77.58951377868652
2387,4.0,4.1107068458835325,0.11070684588353252,67.9499568011792,67.95947622252682,419.78091172669605,0.0,77.58954238891602
2388,4.0,4.110717446747244,0.11071744674724382,67.94997199260223,67.95947403657671,419.7819188087486,0.0,77.58975982666016
2389,4.0,4.110732983628628,0.11073298362862793,67.94998242922212,67.95923114778041,419.7833948124801,0.0,77.5900650024414
2390,4.0,4.110736752420449,0.11073675242044878,67.95000030935168,67.95917542251536,419.7837528477031,0.0,77.59015655517578
2391,4.0,4.110753714570935,0.11075371457093475,67.9500139122009,67.95826028406844,419.7853642519992,0.0,77.59049224853516
2392,4.0,4.110756169458986,0.11075616945898581,67.9500267849871,67.9580826238101,419.7855974663641,0.0,77.5905532836914
2393,4.0,4.110755214320223,0.11075521432022306,67.95002921034774,67.95818834938034,419.78550672818164,0.0,77.59053802490234
2394,4.0,4.110765397504776,0.11076539750477643,67.95005464626809,67.95844862444228,419.7864741307142,0.0,77.59075927734375
2395,4.0,4.110773611204214,0.11077361120421436,67.95006586720254,67.95880336492503,419.7872544321608,0.0,77.59092712402344
2396,4.0,4.1107796742839655,0.11077967428396551,67.95009259301277,67.9591246886301,419.7878304247372,0.0,77.59107208251953
2397,4.0,4.110780468522499,0.11078046852249912,67.95011955293944,67.95755996897454,419.78790587739786,0.0,77.59111785888672
2398,4.0,4.110771452738774,0.1107714527387742,67.95014163468177,67.95724640697458,419.78704937794396,0.0,77.59097290039062
2399,4.0,4.110769157327075,0.11076915732707526,67.95015953305706,67.95734552423015,419.78683131383264,0.0,77.59095001220703
2400,4.0,4.1107736835939095,0.11077368359390949,67.95017825482012,67.95770905355775,419.7872613091819,0.0,77.59105682373047
2401,4.0,4.1107660994527615,0.1107660994527615,67.95019671624948,67.95822220045484,419.7865408157728,0.0,77.59093475341797
2402,4.0,4.110752768549403,0.11075276854940341,67.95022331203927,67.9563150567286,419.78527437995376,0.0,77.59071350097656
2403,4.0,4.11074879571797,0.1107487957179698,67.95024221225545,67.9561009618021,419.78489696096756,0.0,77.59066009521484
2404,4.0,4.110724326055049,0.110724326055049,67.95027253138535,67.95644683825805,419.7825723429901,0.0,77.5902328491211
2405,4.0,4.110707217784985,0.11070721778498527,67.95029475253035,67.95711839600303,419.78094705733406,0.0,77.58993530273438
2406,4.0,4.110667713827533,0.11066771382753338,67.95031301054298,67.95790769355663,419.7771941813761,0.0,77.5892105102539
2407,4.0,4.110638917814699,0.1106389178146987,67.95030794053385,67.95600059055748,419.77445856015686,0.0,77.58866119384766
2408,4.0,4.110602223668232,0.11060222366823158,67.95031984159884,67.95587029900457,419.7709726162425,0.0,77.58798217773438
2409,4.0,4.110561737820742,0.11056173782074197,67.95032760454636,67.95628565022291,419.76712646073094,0.0,77.58722686767578
2410,4.0,4.110507622078437,0.1105076220784369,67.95032013507378,67.95701242061708,419.761985465212,0.0,77.58619689941406
2411,4.0,4.110453773056598,0.11045377305659798,67.95030157427883,67.95783724308639,419.75686980813725,0.0,77.58515930175781
2412,4.0,4.110381945861258,0.11038194586125805,67.95027952428612,67.95599083203224,419.75004622457993,0.0,77.58377838134766
2413,4.0,4.110308358053875,0.11030835805387529,67.95024648629835,67.95587189010377,419.7430553828786,0.0,77.58235168457031
2414,4.0,4.110232134648699,0.11023213464869919,67.9501768310908,67.95630673690167,419.7358141593869,0.0,77.5808334350586
2415,4.0,4.110132723303402,0.11013272330340218,67.950116306114,67.9570567001507,419.7263700815837,0.0,77.57888793945312
2416,4.0,4.1100436098971365,0.11004360989713646,67.95002586044767,67.95789763181179,419.7179043079884,0.0,77.57710266113281
2417,4.0,4.109937716009482,0.10993771600948232,67.94992548427399,67.95692088156723,419.7078443886613,0.0,77.57498931884766
2418,4.0,4.109830168563929,0.10983016856392869,67.94979897834642,67.9570582741061,419.6976273813337,0.0,77.57281494140625
2419,4.0,4.109716793982309,0.10971679398230894,67.9496485145662,67.95750014264043,419.68685679607984,0.0,77.57050323486328
2420,4.0,4.109578920302928,0.10957892030292804,67.94947538539284,67.95805392961734,419.6737587965386,0.0,77.56770324707031
2421,4.0,4.109455892949424,0.10945589294942426,67.94927732027743,67.95860213024646,419.66207119795575,0.0,77.56515502929688
2422,4.0,4.109316266517969,0.10931626651796922,67.94904626076655,67.95859981026916,419.64880668696753,0.0,77.562255859375
2423,4.0,4.109190780741073,0.10919078074107258,67.94878187823775,67.95881539772309,419.63688553816235,0.0,77.55958557128906
2424,4.0,4.109028152607149,0.1090281526071486,67.9484899911502,67.95905537517079,419.6214358654396,0.0,77.55618286132812
2425,4.0,4.1088818009099395,0.10888180090993949,67.94814282302869,67.95924016444089,419.6075324542047,0.0,77.55302429199219
2426,4.0,4.108743874539069,0.1087438745390692,67.94778999196876,67.95936499428961,419.59442944897205,0.0,77.55001831054688
2427,4.0,4.108615873483526,0.10861587348352586,67.94740000813341,67.95942224303116,419.5822693486954,0.0,77.54715728759766
2428,4.0,4.108452410276275,0.10845241027627495,67.94697476188443,67.95948477709166,419.5667403440066,0.0,77.54358673095703
2429,4.0,4.108328391889519,0.10832839188951926,67.9465121712487,67.95948243649971,419.5549585972648,0.0,77.54071807861328
2430,4.0,4.108182160292052,0.10818216029205185,67.94600911749431,67.9594778956481,419.5410665955054,0.0,77.53738403320312
2431,4.0,4.108052340828393,0.10805234082839288,67.94546858268123,67.95945537159551,419.52873374645776,0.0,77.53431701660156
2432,4.0,4.107922593706578,0.10792259370657842,67.9449000729285,67.95942401029242,419.5164077698854,0.0,77.53121948242188
2433,4.0,4.107785948381757,0.10778594838175692,67.94429852791511,67.95948315140478,419.50342646402737,0.0,77.5279541015625
2434,4.0,4.107694562658619,0.10769456265861876,67.94363033836842,67.95951637104861,419.49474482032923,0.0,77.52546691894531
2435,4.0,4.107605607287421,0.10760560728742075,67.94296203865683,67.959542461712,419.48629406006546,0.0,77.52302551269531
2436,4.0,4.107507222984496,0.10750722298449578,67.94225575862546,67.95954778241588,419.47694755128754,0.0,77.5203628540039
2437,4.0,4.107412901881008,0.10741290188100816,67.94153572967765,67.95955062530248,419.4679870464562,0.0,77.51776123046875
2438,4.0,4.10731598526529,0.10731598526528963,67.94078504357232,67.95954365717076,419.458779967963,0.0,77.51507568359375
2439,4.0,4.107236017450428,0.1072360174504281,67.94002144980652,67.95952824393932,419.45118302555113,0.0,77.5126953125
2440,4.0,4.1071647659242485,0.1071647659242485,67.9392273285669,67.95950730387358,419.44441413056404,0.0,77.51044464111328
2441,4.0,4.107106675898922,0.10710667589892164,67.93842277553553,67.95949150136283,419.438895578158,0.0,77.50843048095703
2442,4.0,4.1070652753945245,0.10706527539452448,67.93758287603818,67.95947434259463,419.4349625302403,0.0,77.5066909790039
2443,4.0,4.107030119904892,0.1070301199048922,67.9367265949119,67.95945732350943,419.4316227587252,0.0,77.50505065917969
2444,4.0,4.107026018848527,0.10702601884852658,67.93583811747278,67.95945615319519,419.43123315837045,0.0,77.50395965576172
2445,4.0,4.107032062109406,0.10703206210940586,67.93494902755712,67.9594540966047,419.431807268154,0.0,77.50305938720703
2446,4.0,4.107053195265925,0.10705319526592483,67.93405777750942,67.95945999581551,419.4338149180233,0.0,77.50244140625
2447,4.0,4.107069061234109,0.10706906123410942,67.93316003450241,67.95947382153473,419.4353221850008,0.0,77.50171661376953
2448,4.0,4.107106441725495,0.10710644172549522,67.93226087607809,67.95948241398071,419.4388733316825,0.0,77.50139617919922
2449,4.0,4.107146934062523,0.10714693406252263,67.93135038867804,67.95948609259283,419.44272010370014,0.0,77.5011215209961
2450,4.0,4.107218261609913,0.10721826160991288,67.93046490359087,67.95949452427354,419.44949622070214,0.0,77.50145721435547
2451,4.0,4.107328329075854,0.10732832907585443,67.92956063773926,67.95949498126845,419.4599526299666,0.0,77.50250244140625
2452,4.0,4.107414088354139,0.10741408835413857,67.92868396483225,67.95949658518333,419.4680997614036,0.0,77.50312042236328
2453,4.0,4.10752074339497,0.10752074339496964,67.92781616236387,67.95949711192814,419.47823199028255,0.0,77.50414276123047
2454,4.0,4.107618969422572,0.10761896942257199,67.92696743602994,67.95949330931721,419.4875634629048,0.0,77.5050277709961
2455,4.0,4.107734524512437,0.10773452451243681,67.9261397671737,67.95949109332174,419.4985411964419,0.0,77.50626373291016
2456,4.0,4.107854310868991,0.10785431086899067,67.92532909912396,67.95946469301289,419.50992090031457,0.0,77.50759887695312
2457,4.0,4.107984518125806,0.10798451812580634,67.92454675011751,67.95945188205162,419.52229058971204,0.0,77.50916290283203
2458,4.0,4.108104572529362,0.10810457252936168,67.92379191782086,67.95943960527917,419.5336957580498,0.0,77.51056671142578
2459,4.0,4.108243510775115,0.1082435107751154,67.92303913673726,67.95943490235044,419.5468948913964,0.0,77.5123291015625
2460,4.0,4.108391135319881,0.10839113531988076,67.92234335862463,67.95943937319464,419.5609192231491,0.0,77.51432037353516
2461,4.0,4.108546252714078,0.1085462527140777,67.92167083126552,67.95945223155297,419.5756553755978,0.0,77.5164794921875
2462,4.0,4.108711706082781,0.10871170608278113,67.9210280342824,67.95946305110508,419.59137344562464,0.0,77.51886749267578
2463,4.0,4.1088644814971795,0.10886448149717953,67.92042774508683,67.959481032889,419.6058871099925,0.0,77.52106475830078
2464,4.0,4.109016879331,0.10901687933099957,67.91986047885315,67.95948284585748,419.6203649042054,0.0,77.5232925415039
2465,4.0,4.1091756127003505,0.10917561270035048,67.91933558507279,67.95948807206351,419.63544457429373,0.0,77.52568817138672
2466,4.0,4.109339979352253,0.10933997935225293,67.91885130053679,67.95948467974681,419.6510594062245,0.0,77.52823638916016
2467,4.0,4.109510975744134,0.10951097574413371,67.91839115378608,67.9594734868948,419.6673040634531,0.0,77.53093719482422
2468,4.0,4.109695695569677,0.10969569556967684,67.91795152570734,67.95946874831748,419.68485244687975,0.0,77.53392028808594
2469,4.0,4.109880103594731,0.10988010359473144,67.91754382128751,67.95946482552408,419.7023712092599,0.0,77.53693389892578
2470,4.0,4.110071326772826,0.11007132677282616,67.91716386989403,67.95947838660229,419.72053741117895,0.0,77.54010772705078
2471,4.0,4.110268774479233,0.11026877447923322,67.91681474659961,67.95948318248585,419.73929494328763,0.0,77.5434341430664
2472,4.0,4.14472247208994,0.14472247208994027,67.91646448264633,67.95949841145314,423.01239621630475,0.0,78.19302682392292
2473,4.0,4.144715916922794,0.14471591692279429,67.91741505698884,67.95950071004773,423.0117734754259,0.0,78.19399756193154
2474,4.0,4.144536629502153,0.14453662950215307,67.92071502638053,67.95950745049302,422.994741170465,0.0,78.19441425800316
2475,4.0,4.144260122619778,0.14426012261977839,67.92572835498596,67.95951206554962,422.9684730166394,0.0,78.19496870040886
2476,4.0,4.143933058274078,0.14393305827407765,67.93170317331726,67.95951843738567,422.9374019037978,0.0,78.19567513465874
2477,4.0,4.1435497792497635,0.14354977924976353,67.93820830259243,67.95950785111306,422.900990396488,0.0,78.1959300041198
2478,4.0,4.143159503433513,0.14315950343351336,67.9451660164877,67.95948729050674,422.8639141939442,0.0,78.1965723037719
2479,4.0,4.142746949783337,0.14274694978333713,67.95220620221643,67.95947860331094,422.8247215971775,0.0,78.19688749313347
2480,4.0,4.1423228960845115,0.14232289608451154,67.95943273122253,67.95947576339377,422.784436495789,0.0,78.19719839096062
2481,4.0,4.141931509230127,0.14193150923012698,67.96639781724338,67.95947085483814,422.7472547446225,0.0,78.19782352447503
2482,4.0,4.141552981004499,0.14155298100449887,67.97343875759617,67.95946896957447,422.71129456318783,0.0,78.19877719879143
2483,4.0,4.1411737785486835,0.14117377854868352,67.98005680345797,67.95947237728592,422.6752703298854,0.0,78.19923019409173
2484,4.0,4.140795157257851,0.14079515725785097,67.98664579137315,67.95948613477185,422.6393013072563,0.0,78.19965934753411
2485,4.0,4.140426846971288,0.14042684697128838,67.99279799949207,67.95949441028345,422.6043118300329,0.0,78.19977951049798
2486,4.0,4.129715014796115,0.12971501479611458,67.99878756545296,67.95950140813021,421.5866877733913,0.0,78.00433722138399
2487,4.0,4.129371587716571,0.1293715877165713,68.0041005567849,67.9594967343729,421.5540622008347,0.0,78.00394463539118
2488,4.0,4.129076802438826,0.12907680243882602,68.0084680895019,67.95949574965186,421.5260575994489,0.0,78.00338554382319
2489,4.0,4.12881276259601,0.12881276259601027,68.01220401573575,67.95949634310946,421.50097381438144,0.0,78.00268220901484
2490,4.0,4.128609873357912,0.12860987335791219,68.01511428890666,67.95949566571309,421.4816993367621,0.0,78.00218677520746
2491,4.0,4.128388717621698,0.12838871762169823,68.01788795617776,67.95948695707654,421.4606895418218,0.0,78.0011892318725
2492,4.0,4.128223880175862,0.12822388017586217,68.02017557017673,67.95948593391375,421.4450299844674,0.0,78.00069808959955
2493,4.0,4.128044478956711,0.12804447895671078,68.02232659791193,67.95948313778368,421.42798686864796,0.0,77.99977493286127
2494,4.0,4.1278868774517505,0.12788687745175054,68.0243547768942,67.95948070849218,421.41301472567676,0.0,77.99912261962885
2495,4.0,4.117584399117526,0.1175843991175256,68.02631661243194,67.95948612823119,420.4342792839254,0.0,77.8066944479942
2496,4.0,4.117445366161093,0.11744536616109258,68.02781749727549,67.95949496048053,420.42107115306425,0.0,77.80578386783597
2497,4.0,4.117349843839877,0.11734984383987701,68.02878213444987,67.95949728234918,420.41199653254876,0.0,77.80508208274838
2498,4.0,4.117276501929332,0.11727650192933226,68.02923242381054,67.9594987198899,420.405029051047,0.0,77.80421113967893
2499,4.0,4.117197917118263,0.1171979171182631,68.02954212833492,67.95950098420977,420.39756349399545,0.0,77.80308032035825
2500,4.0,4.1171489145134075,0.11714891451340748,68.02969326042545,67.95950419080853,420.39290824653415,0.0,77.80232715606687
2501,4.0,4.117085570652165,0.11708557065216496,68.02991771558455,67.95949331347352,420.3868905797161,0.0,77.80138683319089
2502,4.0,4.117018204625976,0.11701820462597556,68.03011023890505,67.95949479233626,420.38049080722817,0.0,77.80033397674558
2503,4.0,4.116952438787039,0.11695243878703909,68.03041475780824,67.95949637864727,420.37424305252915,0.0,77.79943943023679
2504,4.0,4.1168858120830265,0.11688581208302651,68.0309036354177,67.95949888492534,420.36791351564796,0.0,77.79873943328855
2505,4.0,4.106696213135409,0.10669621313540922,68.03125782440723,67.959499842487,419.39990161562434,0.0,77.60658580064774
2506,4.0,4.106670878294627,0.10667087829462663,68.0315177916849,67.95949464104835,419.39749480574994,0.0,77.60640358924866
2507,4.0,4.106671806521766,0.10667180652176622,68.03113582325622,67.95948649231035,419.39758298732824,0.0,77.60598540306091
2508,4.0,4.106695098794522,0.1066950987945221,68.03036749220298,67.95948553359908,419.39979575324,0.0,77.60554909706116
2509,4.0,4.106739040467694,0.10673904046769422,68.02943245584954,67.95948287040636,419.40397021219144,0.0,77.60531282424927
2510,4.0,4.106778765466941,0.10677876546694076,68.02832004425363,67.95948373496587,419.4077440871198,0.0,77.6047945022583
2511,4.0,4.106836388645247,0.10683638864524703,68.0272330336795,67.95948806326852,419.41321828905893,0.0,77.60464334487915
2512,4.0,4.1068696022825355,0.1068696022825355,68.02617752953378,67.95948525318983,419.41637358460133,0.0,77.60406684875488
2513,4.0,4.106871804666131,0.106871804666131,68.02511447634804,67.95948543247718,419.4165828110429,0.0,77.60289573669434
2514,4.0,4.106901624775903,0.1069016247759027,68.02412231233573,67.95948868650538,419.4194157214712,0.0,77.60232734680176
2515,4.0,4.106892003972202,0.10689200397220233,68.02315896149682,67.95949013286125,419.41850174511967,0.0,77.60104656219482
2516,4.0,4.106887964409294,0.10688796440929416,68.02229292908139,67.95949008677928,419.41811798664344,0.0,77.59998226165771
2517,4.0,4.106902099663219,0.10690209966321884,68.02143434193486,67.95949293350155,419.41946083576624,0.0,77.59926986694336
2518,4.0,4.106948536140027,0.10694853614002664,68.02058331299541,67.95950095317843,419.42387230106294,0.0,77.59917640686035
2519,4.0,4.106956761425958,0.10695676142595811,68.01974738985412,67.95948955142397,419.42465370322645,0.0,77.59837818145752
2520,4.0,4.10695038540278,0.10695038540278023,68.01889247741862,67.95948911669136,419.4240479810246,0.0,77.59728240966797
2521,4.0,4.106975523640567,0.10697552364056673,68.0180121906099,67.95949051985153,419.4264361136143,0.0,77.59675312042236
2522,4.0,4.107003435584589,0.10700343558458858,68.0171712448746,67.95948858773667,419.42908774829635,0.0,77.59632110595703
2523,4.0,4.1070427661069075,0.10704276610690755,68.01631759125183,67.9594923477693,419.4328241479167,0.0,77.59609031677246
2524,4.0,4.107077969404148,0.10707796940414838,68.01544871014212,67.95949450873533,419.4361684611546,0.0,77.59576416015625
2525,4.0,4.107109440222205,0.10710944022220481,68.01454803116876,67.9594988161951,419.4391581888699,0.0,77.5953311920166
2526,4.0,4.107134297806822,0.10713429780682215,68.01362146162634,67.95950224776001,419.4415196594085,0.0,77.5947437286377
2527,4.0,4.107161740098533,0.10716174009853319,68.01269556919426,67.95949447400147,419.44412667712106,0.0,77.59420585632324
2528,4.0,4.107203556269945,0.10720355626994493,68.01176906672247,67.95949135277245,419.4480992134052,0.0,77.59393882751465
2529,4.0,4.112517792467068,0.11251779246706839,68.01088895625637,67.95948804652751,419.95295165213196,0.0,77.69333080947399
2530,4.0,4.112524817466178,0.11252481746617793,68.01022739349929,67.95948799923559,419.95361902704735,0.0,77.69270777702332
2531,4.0,4.11252433199426,0.11252433199426015,68.0099231983279,67.95948163017484,419.9535729072152,0.0,77.69235110282898
2532,4.0,4.112531803655423,0.11253180365542281,68.00988019789585,67.95948680251082,419.9542827150256,0.0,77.69244313240051
2533,4.0,4.11251293621099,0.11251293621099023,68.01000563124731,67.95948657617211,419.9524903078045,0.0,77.6922299861908
2534,4.0,4.112453254353179,0.11245325435317888,68.01028405668858,67.95948741778022,419.9468205313125,0.0,77.69142055511475
2535,4.0,4.112380334823498,0.11238033482349774,68.01064929960698,67.95949535329032,419.9398931759927,0.0,77.69046020507812
2536,4.0,4.11232348762551,0.1123234876255097,68.01106348917683,67.959493920403,419.9344926921839,0.0,77.68985939025879
2537,4.0,4.112252622930317,0.1122526229303169,68.01149913279086,67.9594961191828,419.9277605461406,0.0,77.68901824951172
2538,4.0,4.112187648723992,0.11218764872399234,68.01194339908928,67.9594930515823,419.92158799653976,0.0,77.68829822540283
2539,4.0,4.112112503328891,0.11211250332889122,68.01239894372418,67.95948818409776,419.9144491840051,0.0,77.68739891052246
2540,4.0,4.112041055548142,0.1120410555481417,68.01284928641743,67.95948701173859,419.9076616448339,0.0,77.68656349182129
2541,4.0,4.111975327590462,0.11197532759046158,68.01330105457615,67.95949052191457,419.9014174888543,0.0,77.6858377456665
2542,4.0,4.11190454523015,0.11190454523014992,68.01373958650451,67.95949364336157,419.8946931646247,0.0,77.68500137329102
2543,4.0,4.111840937468295,0.11184093746829493,68.01415965345983,67.9594884132821,419.8886504272485,0.0,77.6842794418335
2544,4.0,4.111777493076628,0.11177749307662843,68.0145803709354,67.95948676850746,419.88262321004015,0.0,77.68356132507324
2545,4.0,4.111708981641849,0.11170898164184884,68.0149747009141,67.95948880686353,419.8761146237361,0.0,77.68271732330322
2546,4.0,4.111665037290387,0.11166503729038713,68.01535844263918,67.9594905513651,419.87193991034724,0.0,77.68232536315918
2547,4.0,4.1116314858724206,0.11163148587242055,68.01572474548043,67.95948896403239,419.8687525256404,0.0,77.68210983276367
2548,4.0,4.111594343472547,0.1115943434725466,68.01607697716429,67.95949355400086,419.8652239976524,0.0,77.68181037902832
2549,4.0,4.11156862026851,0.11156862026851044,68.0164173344211,67.9594891675525,419.86278029326894,0.0,77.68171310424805
2550,4.0,4.111532509297604,0.11153250929760361,68.0167441646582,67.95949147800364,419.8593497510328,0.0,77.68140411376953
2551,4.0,4.1115054000421996,0.11150540004219955,68.01706236922465,67.95948536799291,419.8567743717694,0.0,77.68125534057617
2552,4.0,4.1114421573834905,0.1114421573834905,68.0173704379433,67.95949678279678,419.8507663191921,0.0,77.68041229248047
2553,4.0,4.111372856613365,0.11137285661336538,68.01767519327385,67.95949432120874,419.8441827460301,0.0,77.67945098876953
2554,4.0,4.11131779051609,0.11131779051608959,68.01795823653846,67.95949354348086,419.83895146678896,0.0,77.6787338256836
2555,4.0,4.111256818069498,0.11125681806949839,68.01823211412413,67.95949199618302,419.8331590843628,0.0,77.67789459228516
2556,4.0,4.111202516253719,0.11120251625371935,68.01849751750208,67.95948843013686,419.8280004118638,0.0,77.67717170715332
2557,4.0,4.111143428968281,0.11114342896828067,68.01874022081829,67.95948581100551,419.8223871197471,0.0,77.67633247375488
2558,4.0,4.111090900349638,0.11109090034963831,68.01897630024696,67.95948948479023,419.81739690097606,0.0,77.67560958862305
2559,4.0,4.1110395174984244,0.11103951749842444,68.01920010940295,67.95949676841182,419.8125155301108,0.0,77.67489433288574
2560,4.0,4.110982759339772,0.11098275933977231,68.01939928439334,67.95949334194032,419.8071235050388,0.0,77.6740493774414
2561,4.0,4.110932376141103,0.11093237614110318,68.0196048941482,67.95949742325045,419.8023371011652,0.0,77.67333221435547
2562,4.0,4.11087744128462,0.11087744128461985,68.01977725164453,67.95950005108367,419.7971182897993,0.0,77.6724910736084
2563,4.0,4.11082897311598,0.11082897311598039,68.01994617318434,67.95949410129359,419.79251381377856,0.0,77.67176818847656
2564,4.0,4.110781616473307,0.11078161647330731,68.02009837690723,67.95948193687491,419.78801493272465,0.0,77.67104721069336
2565,4.0,4.110728625047521,0.11072862504752123,68.02023357822824,67.95947852020785,419.78298074727496,0.0,77.67020034790039
2566,4.0,4.110683587418905,0.11068358741890538,68.02035075652684,67.95948555638331,419.77870217255645,0.0,77.66948318481445
2567,4.0,4.110641948482037,0.11064194848203712,68.02046515095718,67.95949203422659,419.774746473554,0.0,77.66882705688477
2568,4.0,4.110575051554898,0.110575051554898,68.02054983244068,67.95949026826706,419.76839126547577,0.0,77.66765975952148
2569,4.0,4.110528425140279,0.11052842514027894,68.02063985509687,67.95949242065923,419.7639617560869,0.0,77.6668815612793
2570,4.0,4.1104838269703405,0.11048382697034054,68.0207197028152,67.95949888381149,419.75972492994276,0.0,77.66613006591797
2571,4.0,4.110443490974078,0.11044349097407835,68.02078247627456,67.95949643443936,419.7558930102979,0.0,77.66543960571289
2572,4.0,4.110414927916799,0.11041492791679897,68.02083418269109,67.95949165044726,419.75317951985636,0.0,77.66495895385742
2573,4.0,4.110382219303262,0.1103822193032622,68.02087764910247,67.95948760823457,419.75007220157033,0.0,77.66439056396484
2574,4.0,4.110370185687451,0.11037018568745083,68.0209164187057,67.95949540273037,419.7489290080683,0.0,77.6642074584961
2575,4.0,4.110356716568903,0.11035671656890322,68.02094219264579,67.95949038500316,419.7476494418063,0.0,77.66398239135742
2576,4.0,4.1103287264739095,0.11032872647390946,68.02096771406026,67.95949363275219,419.74499038278185,0.0,77.66348266601562
2577,4.0,4.1102422718052,0.11024227180520008,68.02097847824633,67.9594976330855,419.73677718925444,0.0,77.66186141967773
2578,4.0,4.110204938394843,0.11020493839484313,68.02096149665337,67.95949579714393,419.7332305152705,0.0,77.66113662719727
2579,4.0,4.110167062150394,0.11016706215039385,68.02096018075939,67.9594955295369,419.72963227204787,0.0,77.66041946411133
2580,4.0,4.110128432091133,0.1101284320911331,68.02094126904429,67.95949647425601,419.7259624164181,0.0,77.65966796875
2581,4.0,4.110078230082254,0.11007823008225426,68.02091339365937,67.95949456238192,419.7211932255746,0.0,77.65868759155273
2582,4.0,4.110035594757486,0.11003559475748581,68.02087389394521,67.95948809825713,419.7171428697216,0.0,77.6578369140625
2583,4.0,4.109986898778251,0.10998689877825107,68.02082777481347,67.9594924735164,419.7125167516943,0.0,77.65686416625977
2584,4.0,4.109942669874294,0.10994266987429402,68.02076786812667,67.95949115048472,419.70831500581835,0.0,77.65596008300781
2585,4.0,4.109897458834999,0.10989745883499857,68.02069748355329,67.95949144322465,419.7040199570853,0.0,77.65502548217773
2586,4.0,4.109832065984526,0.10983206598452622,68.02061026557226,67.95949647251243,419.69780763629046,0.0,77.65369033813477
2587,4.0,4.109788862201757,0.1097888622017571,68.0204999725246,67.95950368029249,419.6937032769274,0.0,77.65274810791016
2588,4.0,4.109757245152018,0.1097572451520179,68.02038837337862,67.95949946231441,419.6906996572021,0.0,77.65202331542969
2589,4.0,4.109717605445318,0.10971760544531772,68.02026586865446,67.95949474558367,419.6869338850656,0.0,77.6511344909668
2590,4.0,4.109647642074888,0.1096476420748882,68.02013733127158,67.95949263710301,419.68028736487486,0.0,77.64966583251953
2591,4.0,4.1096193133421295,0.10961931334212949,68.01997464084312,67.95949159127636,419.6775961352628,0.0,77.64894485473633
2592,4.0,4.109585445772212,0.10958544577221208,68.01981339894768,67.95949012773717,419.6743787161206,0.0,77.64812088012695
2593,4.0,4.109556820159966,0.10955682015996615,68.01964893424599,67.95948786982346,419.6716592829572,0.0,77.64739227294922
2594,4.0,4.109529385492313,0.10952938549231295,68.01947478032717,67.95948825061176,419.6690529895302,0.0,77.64667510986328
2595,4.0,4.109486202988762,0.10948620298876222,68.01929059632377,67.9594782325051,419.66495065169283,0.0,77.64564895629883
2596,4.0,4.109463113878128,0.10946311387812813,68.01909797855373,67.95948460152778,419.6627571861826,0.0,77.64499282836914
2597,4.0,4.109459874760423,0.1094598747604234,68.01888090772562,67.95948394982355,419.66244947000064,0.0,77.64468383789062
2598,4.0,4.109462065513884,0.10946206551388382,68.01866419085782,67.9594913143082,419.66265759157943,0.0,77.64447784423828
2599,4.0,4.109460629582807,0.10946062958280667,68.01844734989064,67.95949587141895,419.6625211781271,0.0,77.64420318603516
2600,4.0,4.109434683572925,0.10943468357292474,68.01822849320293,67.9594946820233,419.6600563071883,0.0,77.64346313476562
2601,4.0,4.109444384357974,0.10944438435797377,68.01800109301698,67.95950427805535,419.66097788176796,0.0,77.64338684082031
2602,4.0,4.109432437837302,0.10943243783730239,68.01777107730113,67.95950488970398,419.6598429623042,0.0,77.64289855957031
2603,4.0,4.109382856175661,0.10938285617566113,68.01754908925827,67.95949982171591,419.65513270444825,0.0,77.64170837402344
2604,4.0,4.109347548552013,0.10934754855201323,68.01731808128383,67.95949987252364,419.6517784802017,0.0,77.64077758789062
2605,4.0,4.1093170358984095,0.10931703589840946,68.01708122509082,67.95949252136843,419.64887977810935,0.0,77.63993072509766
2606,4.0,4.109275186567704,0.10927518656770374,68.01683817845301,67.95949063994726,419.6449040916923,0.0,77.63886260986328
2607,4.0,4.10923616853602,0.10923616853601992,68.01658836638754,67.95948773817084,419.64119737868236,0.0,77.6378402709961
2608,4.0,4.109213794858186,0.10921379485818594,68.01632372411082,67.95948696216655,419.6390718792881,0.0,77.63711547851562
2609,4.0,4.1091826454065234,0.10918264540652345,68.0160572891813,67.95949289931609,419.63611268138015,0.0,77.63622283935547
2610,4.0,4.109121673992031,0.1091216739920311,68.01577648267549,67.95949735591665,419.6303203970034,0.0,77.63475036621094
2611,4.0,4.103833229024718,0.10383322902471814,68.01547877550641,67.95949695441782,419.12791812510864,0.0,77.53449496859685
2612,4.0,4.103818570492027,0.10381857049202736,68.0149824586736,67.95949182613575,419.126525564503,0.0,77.53365224599838
2613,4.0,4.103833394477116,0.1038333944771157,68.0141046766776,67.95949694473217,419.12793384308645,0.0,77.53293168544769
2614,4.0,4.103857526102469,0.10385752610246879,68.01299249016532,67.95950084637715,419.13022634749495,0.0,77.53211975097656
2615,4.0,4.103863348270701,0.10386334827070076,68.01169320080648,67.95949728885371,419.13077945347703,0.0,77.53074860572815
2616,4.0,4.103910837619417,0.10391083761941733,68.01027896604548,67.95949025719166,419.1352909416051,0.0,77.53003358840942
2617,4.0,4.103955118020892,0.10395511802089175,68.00880605057395,67.95948505983368,419.1394975797451,0.0,77.52919101715088
2618,4.0,4.104044015246465,0.10404401524646456,68.00727394305012,67.95948536367266,419.1479428161746,0.0,77.52912378311157
2619,4.0,4.104133190470861,0.10413319047086134,68.00572223791382,67.95949416248015,419.1564144624923,0.0,77.52903938293457
2620,4.0,4.1042318793939625,0.1042318793939625,68.00416730100086,67.95948322277498,419.1657899101869,0.0,77.52913093566895
2621,4.0,4.104337663262813,0.1043376632628128,68.00259777441399,67.95949056626168,419.1758393777277,0.0,77.52933979034424
2622,4.0,4.1044554057334555,0.10445540573345546,68.0010351368263,67.95949394401978,419.1870249124387,0.0,77.52978229522705
2623,4.0,4.104577672787516,0.10457767278751628,67.99948796666821,67.95949835567872,419.1986402825745,0.0,77.53032779693604
2624,4.0,4.104688280579689,0.10468828057968871,67.9979617333649,67.95950440502,419.20914802283085,0.0,77.53067684173584
2625,4.0,4.104800925383509,0.10480092538350938,67.99645620457004,67.9594997929619,419.21984927919385,0.0,77.53108787536621
2626,4.0,4.104916441603376,0.10491644160337632,67.99496592321174,67.95949671104786,419.2308233200812,0.0,77.53157043457031
2627,4.0,4.105004399182214,0.1050043991822136,67.9935064918261,67.95949011542818,419.23917929007075,0.0,77.53156757354736
2628,4.0,4.105080408299344,0.10508040829934373,67.99206772090507,67.95948554747056,419.2464001561981,0.0,77.53136253356934
2629,4.0,4.105136578099093,0.10513657809909294,67.99066403859003,67.95948282908472,419.25173628717425,0.0,77.53082275390625
2630,4.0,4.105215552573526,0.10521555257352588,67.98925570468174,67.9594903633453,419.2592388622454,0.0,77.53070831298828
2631,4.0,4.10529829522279,0.10529829522278966,67.98788370265204,67.95949085365481,419.2670994139255,0.0,77.53070640563965
2632,4.0,4.1053803545836836,0.10538035458368356,67.98652307141748,67.95949253099035,419.2748950532104,0.0,77.53070449829102
2633,4.0,4.105467284496201,0.1054672844962008,67.98518720830909,67.95949543834014,419.2831533948995,0.0,77.53082275390625
2634,4.0,4.105514408684809,0.10551440868480899,67.98386831260424,67.95949876028719,419.28763019281735,0.0,77.53020858764648
2635,4.0,4.1055868541634455,0.10558685416344549,67.98254827996638,67.95950009215824,419.29451251328777,0.0,77.53007125854492
2636,4.0,4.105659247060431,0.10565924706043095,67.98127105386882,67.95950111046739,419.3013898385014,0.0,77.52998170256615
2637,4.0,4.105733718976521,0.10573371897652084,67.98001427337357,67.95949517558432,419.30846467052993,0.0,77.52995467185974
2638,4.0,4.105789065445681,0.10578906544568056,67.97878662318635,67.95948804813798,419.3137225851001,0.0,77.52959966659546
2639,4.0,4.105861524998677,0.1058615249986774,67.97756144160113,67.9594875912442,419.32060624263477,0.0,77.52957057952881
2640,4.0,4.105927114464445,0.10592711446444536,67.97635012052032,67.95948451537838,419.3268372418828,0.0,77.52942752838135
2641,4.0,4.105992448203754,0.10599244820375375,67.97516439355469,67.95948888734786,419.33304394711706,0.0,77.52930879592896
2642,4.0,4.106033039783727,0.10603303978372658,67.9739953155061,67.959492512382,419.33690014721446,0.0,77.52874183654785
2643,4.0,4.106114738922243,0.10611473892224321,67.97283138698664,67.9594929347482,419.34466156537354,0.0,77.5289568901062
2644,4.0,4.106207309584924,0.1062073095849243,67.9716815209203,67.95948889961052,419.3534557783282,0.0,77.52939319610596
2645,4.0,4.106287727456477,0.1062877274564773,67.97055101968596,67.95948712729502,419.3610954761258,0.0,77.5296220779419
2646,4.0,4.106388936911263,0.10638893691126317,67.96944345267733,67.95948924644617,419.37071037433043,0.0,77.53026962280273
2647,4.0,4.1064830699845976,0.10648306998459756,67.9683519026668,67.95949186182092,419.3796530162972,0.0,77.53080177307129
2648,4.0,4.106551853711975,0.1065518537119754,67.96728284062686,67.9594891046393,419.3861874703981,0.0,77.53088092803955
2649,4.0,4.106634913094041,0.10663491309404094,67.96621163293253,67.9594927207771,419.39407811169434,0.0,77.5312271118164
2650,4.0,4.106723632705985,0.10672363270598506,67.96518389759268,67.95949592013335,419.402506474829,0.0,77.53172969818115
2651,4.0,4.106805203074458,0.10680520307445818,67.96416584254646,67.95949505230543,419.410255659834,0.0,77.53210830688477
2652,4.0,4.106846538276278,0.10684653827627777,67.96316913142687,67.95949555800193,419.4141825040068,0.0,77.53175163269043
2653,4.0,4.106910497690161,0.10691049769016114,67.96219429603377,67.95949655642629,419.4202586483258,0.0,77.53184700012207
2654,4.0,4.106943713804886,0.10694371380488565,67.96122832531842,67.95949712714982,419.42341417922455,0.0,77.5313720703125
2655,4.0,4.106983788091864,0.10698378809186426,67.9602776208009,67.9594883701793,419.4272212364875,0.0,77.53104400634766
2656,4.0,4.107038643974201,0.10703864397420126,67.95934482757661,67.95948549728011,419.43243254530955,0.0,77.53101539611816
2657,4.0,4.107112319122168,0.10711231912216768,67.95842667570278,67.95948394982379,419.43943168436635,0.0,77.53135871887207
2658,4.0,4.107198379599655,0.10719837959965517,67.95751762136942,67.95948825938758,419.44760742972767,0.0,77.53194618225098
2659,4.0,4.107285537308458,0.10728553730845825,67.95662388650905,67.95948578294076,419.455887412064,0.0,77.53257179260254
2660,4.0,4.107345474033018,0.10734547403301775,67.95574924725236,67.95949282223745,419.4615814008971,0.0,77.53270530700684
2661,4.0,4.107412926643515,0.10741292664351487,67.95489071204638,67.95947427298292,419.46798939889436,0.0,77.53299903869629
2662,4.0,4.1074539486581445,0.1074539486581445,67.9540465332395,67.95947088680451,419.4718864902842,0.0,77.53281021118164
2663,4.0,4.107503780539126,0.10750378053912613,67.95321376218993,67.95947313030138,419.4766205189774,0.0,77.53280067443848
2664,4.0,4.107571566583931,0.10757156658393097,67.95237486051077,67.9594731274623,419.4830601932339,0.0,77.53312301635742
2665,4.0,4.107654257757809,0.10765425775780901,67.95157024890611,67.95947407885406,419.4909158547523,0.0,77.53376579284668
2666,4.0,4.107725801723954,0.10772580172395418,67.95077956616466,67.95940786266104,419.4977125315361,0.0,77.53421401977539
2667,4.0,4.107804961887909,0.10780496188790867,67.95001169538325,67.95940121101529,419.5052327471118,0.0,77.53483200073242
2668,4.0,4.107880238734337,0.10788023873433694,67.94925794293131,67.95940151192987,419.51238404752246,0.0,77.53539276123047
2669,4.0,4.107957730203708,0.10795773020370802,67.94851773171321,67.95940923790752,419.5197457371127,0.0,77.5360107421875
2670,4.0,4.108000718164983,0.10800071816498313,67.94779665905946,67.95943122965245,419.52382959343385,0.0,77.5359992980957
2671,4.0,4.1081060520755015,0.1081060520755015,67.9470840506779,67.95931157916881,419.53383631493307,0.0,77.53717422485352
2672,4.0,4.108205595405184,0.10820559540518371,67.94639036592238,67.9592989905245,419.5432929312529,0.0,77.53826141357422
2673,4.0,4.108257779301283,0.10825777930128311,67.94572117748928,67.95932637792482,419.54825040138235,0.0,77.53848266601562
2674,4.0,4.108314902066127,0.1083149020661267,67.94507394899962,67.95935807629144,419.5536770640425,0.0,77.53882217407227
2675,4.0,4.108378977847773,0.10837897784777262,67.94443877046658,67.95940424349978,419.55976426329886,0.0,77.539306640625
2676,4.0,4.108441541962021,0.10844154196202105,67.94381858328747,67.95921723745376,419.5657078541525,0.0,77.53977966308594
2677,4.0,4.108531894797034,0.10853189479703396,67.94321685262499,67.9591891461114,419.5742913734787,0.0,77.54079818725586
2678,4.0,4.108585794807327,0.10858579480732722,67.94262968093527,67.95921654197151,419.5794118744565,0.0,77.54114532470703
2679,4.0,4.108653901487976,0.10865390148797616,67.94205828116482,67.95926594404696,419.5858820091182,0.0,77.54177856445312
2680,4.0,4.1087083235783455,0.10870832357834548,67.94150930248549,67.95934294827353,419.59105210770326,0.0,77.54217910766602
2681,4.0,4.108793085547334,0.10879308554733402,67.94096000151856,67.95940218878032,419.59910449475717,0.0,77.54315185546875
2682,4.0,4.108855247016436,0.1088552470164359,67.94044351346913,67.95913460976914,419.6050098343219,0.0,77.54373550415039
2683,4.0,4.108921927214151,0.10892192721415128,67.9399392227269,67.95909469960642,419.61134445310483,0.0,77.54441833496094
2684,4.0,4.108967483640028,0.10896748364002828,67.939453342028,67.95914353250924,419.6156723135631,0.0,77.54472351074219
2685,4.0,4.109034272503848,0.10903427250384823,67.93897736357219,67.95923036616819,419.622017255626,0.0,77.54544067382812
2686,4.0,4.109118369637752,0.10911836963775201,67.93852270194776,67.95930627517185,419.6300064833469,0.0,77.5465087890625
2687,4.0,4.109153793711197,0.10915379371119727,67.93807738471622,67.95895778847763,419.6333717703242,0.0,77.54666900634766
2688,4.0,4.1092101401498065,0.10921014014980646,67.93764709954635,67.95892104494115,419.6387246819921,0.0,77.5472412109375
2689,4.0,4.109272658078205,0.10927265807820508,67.93724178843995,67.95896909566322,419.64466388518997,0.0,77.54795837402344
2690,4.0,4.109316167040601,0.10931616704060065,67.93683995699982,67.95907590614009,419.6487972366175,0.0,77.54832077026367
2691,4.0,4.109365110037196,0.10936511003719573,67.93646192120234,67.95921140454101,419.65344682129404,0.0,77.54881286621094
2692,4.0,4.109410560195103,0.1094105601951032,67.93608148467213,67.95875690342564,419.65776458629523,0.0,77.54923629760742
2693,4.0,4.109456191533346,0.10945619153334629,67.93571811206144,67.95872032821877,419.66209956342834,0.0,77.5496826171875
2694,4.0,4.109486629833673,0.10948662983367274,67.93537866937217,67.95882387458158,419.66499120195937,0.0,77.54986953735352
2695,4.0,4.119055748906341,0.11905574890634085,67.93503978150437,67.95898585340854,420.57405751386284,0.0,77.73006004560739
2696,4.0,4.119094399449505,0.11909439944950506,67.93507302481488,67.9591734973612,420.57772931546344,0.0,77.73082745075226
2697,4.0,4.119077376942131,0.11907737694213072,67.93578635697776,67.95933427385646,420.57611217726287,0.0,77.73132240772247
2698,4.0,4.119002469151051,0.1190024691510514,67.93695025316676,67.95871802312173,420.56899593711034,0.0,77.73124051094055
2699,4.0,4.118950412564495,0.11895041256449534,67.93840691223994,67.95859350414501,420.5640505613875,0.0,77.73192477226257
2700,4.0,4.11889669058345,0.11889669058345032,67.94006341078165,67.95864498673863,420.5589469731882,0.0,77.73280620574951
2701,4.0,4.11881870171652,0.11881870171651965,67.94184871763277,67.95879380917256,420.5515380308298,0.0,77.73337697982788
2702,4.0,4.118736909218149,0.11873690921814894,67.94372101100845,67.95899074736631,420.54376774348464,0.0,77.73397541046143
2703,4.0,4.118663258009435,0.11866325800943489,67.94564204227683,67.9582889181886,420.53677087865674,0.0,77.73478317260742
2704,4.0,4.11855889014635,0.11855889014634968,67.94759308370988,67.95822918845737,420.5268559316637,0.0,77.73504543304443
2705,4.0,4.118482370034932,0.11848237003493178,67.94953992637728,67.95836688504652,420.51958652107896,0.0,77.7358283996582
2706,4.0,4.118401895413572,0.11840189541357216,67.95150457177675,67.9586530546916,420.5119414320498,0.0,77.73655700683594
2707,4.0,4.118314409751112,0.11831440975111196,67.95346576654984,67.95896232018819,420.5036302941161,0.0,77.73714923858643
2708,4.0,4.118184353087265,0.1181843530872646,67.95542256539909,67.95814739191161,420.4912749110506,0.0,77.7369327545166
2709,4.0,4.118069244921872,0.11806924492187232,67.95736373853667,67.95808135936562,420.4803396353383,0.0,77.73698043823242
2710,4.0,4.11791897380263,0.11791897380263006,67.95929004307891,67.95822086627373,420.46606387901033,0.0,77.73634719848633
2711,4.0,4.1177750371419215,0.1177750371419215,67.96117864270369,67.95850590535346,420.452389896243,0.0,77.73579025268555
2712,4.0,4.127594076654805,0.12759407665480538,67.96303696698864,67.95884297922652,421.3851986499669,0.0,77.92328578233719
2713,4.0,4.127446658568433,0.12744665856843262,67.96525595212306,67.95785904481954,421.3711939317616,0.0,77.92304682731628
2714,4.0,4.127259339023234,0.12725933902323394,67.96814139300778,67.95775030010955,421.3533985749677,0.0,77.9228184223175
2715,4.0,4.1270597537733495,0.12705975377334955,67.97145267542311,67.95791907291206,421.3344379762286,0.0,77.92284631729126
2716,4.0,4.12683058300434,0.12683058300433991,67.97504631533448,67.95828896196346,421.3126667531727,0.0,77.92263889312744
2717,4.0,4.126565652490608,0.12656565249060758,67.9788026329432,67.95870236170026,421.28749835436815,0.0,77.9219422340393
2718,4.0,4.126329468197492,0.12632946819749158,67.98264744985387,67.9575705909139,421.26506084652215,0.0,77.92188930511475
2719,4.0,4.1260792207708095,0.12607922077080946,67.986528838104,67.95746373056207,421.24128734098736,0.0,77.92161220312119
2720,4.0,4.125850832661121,0.12585083266112118,67.99042493146105,67.95770125979483,421.21959047056697,0.0,77.92176425457001
2721,4.0,4.125582565439583,0.1255825654395828,67.99430604803409,67.95813658325295,421.19410508452086,0.0,77.92114543914795
2722,4.0,4.125344522597264,0.12534452259726425,67.9981539672532,67.95861796969709,421.1714910145006,0.0,77.92105889320374
2723,4.0,4.125108143884024,0.1251081438840238,68.00198738169954,67.95907819195513,421.1490350367427,0.0,77.92098665237427
2724,4.0,4.124877239077912,0.12487723907791182,68.00577239659589,67.95770470025496,421.1270990801621,0.0,77.92096185684204
2725,4.0,4.134413958416025,0.1344139584160251,68.00950940376215,67.95743867903217,422.03308741728284,0.0,78.10540693998337
2726,4.0,4.134119375403747,0.1341193754037473,68.0135723483635,67.9575195926024,422.00510203111645,0.0,78.10450756549835
2727,4.0,4.133777358422358,0.13377735842235783,68.01826846956214,67.95785045976587,421.9726104178844,0.0,78.10343837738037
2728,4.0,4.133394935007868,0.1333949350078676,68.02336235885832,67.9583125840105,421.93628019350786,0.0,78.10206151008606
2729,4.0,4.133033760947182,0.1330337609471819,68.0286702185739,67.95675598776893,421.9019686577427,0.0,78.10133075714111
2730,4.0,4.132656189817434,0.13265618981743366,68.03413907586271,67.95663609403451,421.86609940041666,0.0,78.10047388076782
2731,4.0,4.132257830172927,0.13225783017292692,68.03966250999508,67.95697487038859,421.82825523418853,0.0,78.09928560256958
2732,4.0,4.131854708042765,0.13185470804276456,68.04517653176885,67.9575591867786,421.7899586318231,0.0,78.09799528121948
2733,4.0,4.131471653327135,0.13147165332713495,68.0506764554386,67.9582568712099,421.75356843383827,0.0,78.09706687927246
2734,4.0,4.13107170543786,0.13107170543785962,68.05613116638423,67.9565756506716,421.7155733843571,0.0,78.09576606750488
2735,4.0,4.140341728810224,0.140341728810224,68.06153590913124,67.95646761002699,422.5962256047317,0.0,78.27722701430321
2736,4.0,4.1399248234114285,0.13992482341142853,68.06722595570442,67.95680401483621,422.55661959184613,0.0,78.27588844299316
2737,4.0,4.139433384419663,0.1394333844196627,68.07351093054132,67.95741527493082,422.5099328876284,0.0,78.27382326126099
2738,4.0,4.138894303243175,0.1388943032431751,68.08016858345815,67.9581153235734,422.4587201758621,0.0,78.27128386497498
2739,4.0,4.1384005032413285,0.13840050324132847,68.0870295611094,67.9562554585218,422.41180917568664,0.0,78.26983261108398
2740,4.0,4.137870759171908,0.13787075917190794,68.0939864783694,67.95612252612797,422.3614834890917,0.0,78.26780986785889
2741,4.0,4.137324651993443,0.1373246519934428,68.10097552856892,67.95649793349972,422.30960330713754,0.0,78.26551246643066
2742,4.0,4.136777247873067,0.13677724787306733,68.10792719217827,67.95718836464548,422.25759991570186,0.0,78.26314544677734
2743,4.0,4.136240041148205,0.13624004114820476,68.11482025651564,67.95798234386551,422.2065652768399,0.0,78.260901927948
2744,4.0,4.145559390154693,0.145559390154693,68.12164393463068,67.95617213246709,423.0919034324563,0.0,78.44508907943964
2745,4.0,4.14496632209718,0.1449663220971802,68.12874048264865,67.95608179701917,423.03556196699253,0.0,78.44203746318817
2746,4.0,4.144346930565891,0.14434693056589065,68.1364140976436,67.9564972449496,422.97671977152004,0.0,78.4391496181488
2747,4.0,4.143699743148861,0.14369974314886136,68.14444033809687,67.95721126103177,422.9152369669023,0.0,78.43613886833191
2748,4.0,4.143061964458545,0.14306196445854535,68.15264267474406,67.95800999115234,422.8546479913223,0.0,78.43350601196289
2749,4.0,4.142389367166684,0.14238936716668427,68.16090929428361,67.95876598559732,422.7907512485955,0.0,78.43028497695923
2750,4.0,4.141735963684147,0.14173596368414731,68.16913913587074,67.95682897446585,422.72867791775445,0.0,78.42738199234009
2751,4.0,4.141088484783416,0.14108848478341596,68.17731051322204,67.95648777604018,422.667167422185,0.0,78.42452096939087
2752,4.0,4.140444954623013,0.1404449546230131,68.1854073944803,67.95663805443397,422.6060320569467,0.0,78.42164611816406
2753,4.0,4.139786388867629,0.13978638886762873,68.19334188097895,67.95712571186111,422.5434683101852,0.0,78.41829681396484
2754,4.0,4.149359551635975,0.1493595516359747,68.20114403514151,67.95777097766444,423.45291877317806,0.0,78.60863012075424
2755,4.0,4.148683894781661,0.14868389478166133,68.20919130235448,67.95591891043318,423.38873137201824,0.0,78.6051037311554
2756,4.0,4.147953789184704,0.1479537891847036,68.21787215581442,67.95581319141549,423.31937134030727,0.0,78.60127258300781
2757,4.0,4.147238246047063,0.14723824604706337,68.22679664163633,67.95626756015504,423.25139474223147,0.0,78.59799456596375
2758,4.0,4.146501690472891,0.14650169047289108,68.23588286887178,67.95704897622375,423.18142196268514,0.0,78.59450101852417
2759,4.0,4.1457014753585,0.14570147535849998,68.24501676353054,67.95793581525814,423.10540152681796,0.0,78.58985185623169
2760,4.0,4.144945945697656,0.14494594569765606,68.25414228446166,67.95620268246647,423.0336262090378,0.0,78.58603620529175
2761,4.0,4.144164944089689,0.14416494408968905,68.26311866652583,67.95612347814138,422.9594310562809,0.0,78.58156204223633
2762,4.0,4.143384459143238,0.14338445914323827,68.27197432900118,67.95653326041828,422.8852849863681,0.0,78.57695484161377
2763,4.0,4.152800268963615,0.15280026896361498,68.28076963062233,67.95720893058203,423.7797869193039,0.0,78.76566624641418
2764,4.0,4.152023993179003,0.15202399317900284,68.28971605573214,67.95798042211968,423.7060407197657,0.0,78.76126098632812
2765,4.0,4.151185080143355,0.15118508014335497,68.29919292045057,67.95617518034703,423.62634398137914,0.0,78.75627517700195
2766,4.0,4.150354554939624,0.15035455493962413,68.30905650247506,67.95602958751887,423.5474440870247,0.0,78.75188994407654
2767,4.0,4.149488904926447,0.1494889049264474,68.31897240195906,67.95640288757609,423.46520733577296,0.0,78.74689388275146
2768,4.0,4.148608157647385,0.14860815764738522,68.32893110261794,67.957097838409,423.38153634426203,0.0,78.7416558265686
2769,4.0,4.14774685533301,0.14774685533301035,68.33883770137078,67.95790266836573,423.2997126243964,0.0,78.73672199249268
2770,4.0,4.146867262967435,0.1468672629674348,68.34855519682726,67.95616385486849,423.21615134966675,0.0,78.7312183380127
2771,4.0,4.145997140545943,0.14599714054594326,68.35825565463051,67.95610801005536,423.13348971962506,0.0,78.72587013244629
2772,4.0,4.155333591078993,0.15533359107899258,68.367670410698,67.95653319997888,424.0204525202647,0.0,78.9140215003863
2773,4.0,4.154416728585259,0.15441672858525912,68.37737339421577,67.9572476763689,423.93335058336004,0.0,78.90780663490295
2774,4.0,4.153498153341355,0.15349815334135464,68.38760730103714,67.95805273790062,423.84608593518914,0.0,78.9021668434143
2775,4.0,4.152536593194581,0.15253659319458102,68.39796839534456,67.95876625927556,423.75473772124565,0.0,78.89585185050964
2776,4.0,4.15161241994163,0.15161241994163,68.40855781899553,67.9569132191167,423.6669412622153,0.0,78.89050507545471
2777,4.0,4.141212970568587,0.14121297056858673,68.41909789790347,67.95657670147276,422.67899357177623,0.0,78.7050154581666
2778,4.0,4.140289198673125,0.14028919867312517,68.42918798394763,67.95672331106157,422.59123524170735,0.0,78.69906330108643
2779,4.0,4.139348173854015,0.13934817385401477,68.43841995582996,67.95719783749102,422.5018378838919,0.0,78.69179129600525
2780,4.0,4.138480818011427,0.13848081801142698,68.44714802484432,67.95780989569843,422.41943907884604,0.0,78.6853358745575
2781,4.0,4.137638631308708,0.13763863130870835,68.45529344554394,67.95601550504297,422.3394313420878,0.0,78.67868518829346
2782,4.0,4.14693224306918,0.1469322430691804,68.46307398169343,67.95590793501573,423.2223244593326,0.0,78.86436915397644
2783,4.0,4.146122032554982,0.1461220325549819,68.47085268250864,67.95635741628175,423.14535446048376,0.0,78.85791969299316
2784,4.0,4.145223977564527,0.14522397756452676,68.47901759342393,67.95712290144,423.0600392363905,0.0,78.85024046897888
2785,4.0,4.144349961949602,0.1443499619496018,68.48751136380146,67.95796864563206,422.9770077529726,0.0,78.84339308738708
2786,4.0,4.143433011224624,0.14343301122462382,68.4958747705299,67.95626830558277,422.8898974340997,0.0,78.83557462692261
2787,4.0,4.142516140705256,0.14251614070525598,68.50437999535943,67.95619175945555,422.8027947347598,0.0,78.82791662216187
2788,4.0,4.14161885398372,0.14161885398372043,68.51260232335196,67.95657912771638,422.7175524962139,0.0,78.82030153274536
2789,4.0,4.140698676922861,0.1406986769228613,68.52073646909349,67.95723711655525,422.63013567543226,0.0,78.8121452331543
2790,4.0,4.1398234856446985,0.1398234856446985,68.52877352035974,67.95798138242215,422.54699250400677,0.0,78.80472946166992
2791,4.0,4.149088750600789,0.1490887506007894,68.53646726691466,67.95617891339775,423.42719267483545,0.0,78.98996815085411
2792,4.0,4.148182028847233,0.1481820288472333,68.54441092449386,67.95603179935283,423.3410541082476,0.0,78.98185932636261
2793,4.0,4.1472526560250875,0.14725265602508752,68.55286644765143,67.9564113395109,423.25276369014375,0.0,78.97390484809875
2794,4.0,4.136471157332488,0.1364711573324877,68.56143302608437,67.95711769569229,422.2285213143468,0.0,78.77844172716141
2795,4.0,4.135513507272014,0.13551350727201417,68.56979081825013,67.9579203556595,422.1375445586018,0.0,78.76980447769165
2796,4.0,4.134606395689879,0.13460639568987887,68.57742845861681,67.95621243158016,422.05136895829895,0.0,78.76129841804504
2797,4.0,4.1337355208652555,0.13373552086525553,68.58450788537779,67.95615003596843,421.9686358499597,0.0,78.75283789634705
2798,4.0,4.132871644017996,0.132871644017996,68.5910245300366,67.95658222741851,421.8865675494701,0.0,78.7438611984253
2799,4.0,4.132032146647558,0.1320321466475578,68.59723077060694,67.95727089599261,421.80681529927847,0.0,78.73498964309692
2800,4.0,4.141324380482688,0.14132438048268803,68.60308545054421,67.95805602753732,422.6895775136158,0.0,78.91878620907664
2801,4.0,4.1405028395618375,0.1405028395618375,68.60916687752757,67.95628914725961,422.611531126135,0.0,78.91012507677078
2802,4.0,4.139626974868007,0.13962697486800657,68.6154259102462,67.95617766471048,422.5283239802211,0.0,78.90062999725342
2803,4.0,4.138759187506524,0.13875918750652438,68.62195707898255,67.95655256303569,422.4458841808803,0.0,78.89159870147705
2804,4.0,4.1378784153275285,0.13787841532752854,68.62858479378741,67.95724528493069,422.36221082387567,0.0,78.88242769241333
2805,4.0,4.136968090739119,0.13696809073911886,68.63518735981619,67.95804001939014,422.2757299879768,0.0,78.87266111373901
2806,4.0,4.126420594015958,0.12642059401595773,68.64168264633976,67.95873956179757,421.2737177992764,0.0,78.67901468882337
2807,4.0,4.125563486381122,0.1255634863811217,68.64758579472912,67.95687868099634,421.19229257396705,0.0,78.6694370508194
2808,4.0,4.124759855453972,0.12475985545397172,68.65259851342769,67.95656957612952,421.1159476358878,0.0,78.6598562002182
2809,4.0,4.123995460862603,0.12399546086260305,68.6570102287431,67.95670215517988,421.04333014970774,0.0,78.65033292770386
2810,4.0,4.133374647704555,0.13337464770455476,68.66098858723889,67.95717325452101,421.9343528996932,0.0,78.83377486467361
2811,4.0,4.132620447306946,0.13262044730694633,68.66482684695255,67.9578131251622,421.86270386192035,0.0,78.82379651069641
2812,4.0,4.131845205824448,0.13184520582444836,68.6690432542588,67.9560177082982,421.78905592108305,0.0,78.81384921073914
2813,4.0,4.1310510435153915,0.13105104351539154,68.67344966164387,67.9559128003365,421.71361050172266,0.0,78.80375719070435
2814,4.0,4.130261054930514,0.13026105493051432,68.6778014549776,67.95636758562821,421.6385615861593,0.0,78.79368019104004
2815,4.0,4.129469707652329,0.129469707652329,68.68221159867157,67.95712707762188,421.5633835947317,0.0,78.7836422920227
2816,4.0,4.128691464983732,0.1286914649837323,68.68646820152155,67.95799515851702,421.489450541215,0.0,78.77367639541626
2817,4.0,4.118356962974169,0.1183569629741692,68.69052158041607,67.95627947719487,420.50767285030656,0.0,78.58113551139832
2818,4.0,4.117626725362462,0.1176267253624621,68.69399755995106,67.95616221593977,420.43830027719434,0.0,78.57117784023285
2819,4.0,4.127104140919329,0.12710414091932876,68.69669547660276,67.95653989078153,421.3386547550967,0.0,78.75511565804482
2820,4.0,4.126414145189174,0.12641414518917404,68.6992127038988,67.95720911547456,421.273105160732,0.0,78.7448341846466
2821,4.0,4.125705763736326,0.1257057637363257,68.70188207547169,67.95797071432837,421.2058089227114,0.0,78.73437523841858
2822,4.0,4.125018969972645,0.12501896997264517,68.70459314183752,67.95617342960765,421.1405635151617,0.0,78.72437500953674
2823,4.0,4.124310224449756,0.12431022444975603,68.70727061372402,67.95605202932192,421.0732326904873,0.0,78.7139163017273
2824,4.0,4.12360710650224,0.12360710650223972,68.70993537174927,67.9564484425735,421.0064364854732,0.0,78.7035493850708
2825,4.0,4.1228940060443255,0.12289400604432554,68.71243473554482,67.95713918995983,420.93869194197134,0.0,78.6928014755249
2826,4.0,4.112446910028084,0.11244691002808427,68.71484079391483,67.95793714880236,419.94621782042844,0.0,78.49614852666855
2827,4.0,4.111812475891732,0.11181247589173182,68.71654280177276,67.9561766797554,419.885946577475,0.0,78.48598277568817
2828,4.0,4.121320857612805,0.12132085761280464,68.71755224988428,67.95611378124664,420.7892428409769,0.0,78.66863371431828
2829,4.0,4.120708277646253,0.12070827764625314,68.7183283763643,67.95654724246012,420.73104774415447,0.0,78.65782904624939
2830,4.0,4.120091282718022,0.12009128271802183,68.71928244089835,67.95726314998322,420.67243322597255,0.0,78.64714348316193
2831,4.0,4.119473409788662,0.11947340978866183,68.72048375206478,67.95806546893374,420.6137352976833,0.0,78.63672375679016
2832,4.0,4.118846550844673,0.11884655084467344,68.72156455589787,67.95877988288663,420.5541836980044,0.0,78.62599420547485
2833,4.0,4.118232983584606,0.11823298358460566,68.72251246189992,67.95689511252085,420.495894808298,0.0,78.61536598205566
2834,4.0,4.117601059887167,0.11760105988716685,68.7235948441685,67.95656870522863,420.4358620570413,0.0,78.60454082489014
2835,4.0,4.10690926071483,0.10690926071483009,68.72448218041852,67.95671156959851,419.42014113566927,0.0,78.4014478623867
2836,4.0,4.106310890671369,0.10631089067136923,68.72481065959931,67.95716599793995,419.36329598154055,0.0,78.39039957523346
2837,4.0,4.105802434053492,0.10580243405349243,68.72441801172857,67.95778371402263,419.31499260284227,0.0,78.38024520874023
2838,4.0,4.115423064688524,0.1154230646885237,68.72335639766925,67.9559776906528,420.2289525131702,0.0,78.56269055604935
2839,4.0,4.114933605984098,0.11493360598409819,68.72219969438076,67.9558790633409,420.1824539362498,0.0,78.5520247220993
2840,4.0,4.114426431708396,0.11442643170839606,68.72146549600512,67.95634874684568,420.13427238005806,0.0,78.54150390625
2841,4.0,4.113898331605511,0.11389833160551088,68.72092847278456,67.95711429921737,420.08410287028397,0.0,78.53080916404724
2842,4.0,4.113370659352209,0.11337065935220902,68.72049725892882,67.95796963880989,420.0339740062203,0.0,78.52024364471436
2843,4.0,4.112855500318315,0.11285550031831537,68.72009789158663,67.95624329805884,419.98503389800044,0.0,78.50995349884033
2844,4.0,4.102179609526424,0.10217960952642358,68.71962567804223,67.95616246921237,418.9708242727707,0.0,78.3056242307648
2845,4.0,4.101653757834451,0.10165375783445096,68.71887955430552,67.95654757240854,418.9208683620333,0.0,78.29473626613617
2846,4.0,4.101184807136015,0.10118480713601485,68.7172915675341,67.95721310783509,418.87631804568184,0.0,78.28397560119629
2847,4.0,4.110897454065049,0.11089745406504914,68.71510272141481,67.95796139323963,419.79901950394014,0.0,78.46687245368958
2848,4.0,4.110494186511722,0.11049418651172171,68.71273809996079,67.95617367195483,419.76070908637405,0.0,78.45647513866425
2849,4.0,4.11003818870645,0.11003818870644988,68.71089389025632,67.95605147053287,419.7173892948732,0.0,78.44566607475281
2850,4.0,4.109619555928813,0.10961955592881267,68.70930644479859,67.9564467945262,419.6776191809977,0.0,78.43586373329163
2851,4.0,4.1091555780852715,0.10915557808527154,68.70783374311864,67.95714907424373,419.63354128586127,0.0,78.42532730102539
2852,4.0,4.1086880645506465,0.1086880645506465,68.70638703603446,67.95794690720979,419.58912750007187,0.0,78.41475343704224
2853,4.0,4.108271254193966,0.10827125419396566,68.70496744359653,67.95622981516831,419.5495305161872,0.0,78.40517854690552
2854,4.0,4.097637033092832,0.09763703309283223,68.70334890397693,67.9561653499086,418.5392795115795,0.0,78.20038521289825
2855,4.0,4.097210606429763,0.09721060642976287,68.70144403173842,67.95658004946671,418.4987689785879,0.0,78.19007921218872
2856,4.0,4.106981460509007,0.10698146050900714,68.69876672796921,67.95728314005633,419.4270001161161,0.0,78.37348925322294
2857,4.0,4.106624611842836,0.106624611842836,68.6957862372662,67.95808052043053,419.39309949282983,0.0,78.36327958106995
2858,4.0,4.106208068967681,0.10620806896768098,68.69321021149314,67.95880287773328,419.3535279196901,0.0,78.35239279270172
2859,4.0,4.105845226904241,0.1058452269042407,68.69070814646663,67.95689992400442,419.3190579236633,0.0,78.34261560440063
2860,4.0,4.10545018610994,0.10545018610994017,68.68832925649023,67.95654913548796,419.2815290482048,0.0,78.33236503601074
2861,4.0,4.105062766186853,0.10506276618685284,68.68591439355112,67.95667638284161,419.24472415551145,0.0,78.32221937179565
2862,4.0,4.104678901718904,0.10467890171890382,68.68357131725139,67.95713163959199,419.2082570310563,0.0,78.3122239112854
2863,4.0,4.094166148503719,0.09416614850371907,68.68113674605864,67.95775611687772,418.20954547561377,0.0,78.10888475179672
2864,4.0,4.093806342315616,0.09380634231561569,68.67824337659718,67.95597525138366,418.17536388774397,0.0,78.09873008728027
2865,4.0,4.09350741249526,0.09350741249525996,68.67460156086288,67.95589992616424,418.14696555481015,0.0,78.08888626098633
2866,4.0,4.10334984556946,0.10334984556946036,68.6703612942065,67.956369027136,419.08199669685916,0.0,78.2718101143837
2867,4.0,4.1030932915729315,0.10309329157293146,68.66607379140792,67.95713368500645,419.05762406718895,0.0,78.26202964782715
2868,4.0,4.10282130243773,0.10282130243772958,68.66220833714488,67.95798032670947,419.0317850993448,0.0,78.25243639945984
2869,4.0,4.102526254381771,0.10252625438177088,68.65860086433183,67.9562808709993,419.00375553402864,0.0,78.24269795417786
2870,4.0,4.102243123002146,0.10224312300214589,68.655057272884,67.95618788488902,418.9768580529643,0.0,78.23326015472412
2871,4.0,4.101938514481201,0.10193851448120128,68.65168871572862,67.9565803258713,418.9479202434746,0.0,78.22361278533936
2872,4.0,4.0914390916313215,0.09143909163132147,68.64835471392517,67.95721823265647,417.950475072736,0.0,78.01960057020187
2873,4.0,4.091185978784927,0.09118597878492718,68.64458786028275,67.95796110133566,417.92642935232857,0.0,78.01049315929413
2874,4.0,4.090957954534017,0.09095795453401667,68.6401032890298,67.95618752697533,417.90476704849203,0.0,78.00104904174805
2875,4.0,4.10091922284339,0.10091922284339017,68.63510234237073,67.95605193417447,418.8510875378825,0.0,78.18528071045876
2876,4.0,4.1007202890417185,0.10072028904171848,68.62999113388312,67.95644436770851,418.8321888267237,0.0,78.17566585540771
2877,4.0,4.1005007486639835,0.10050074866398351,68.62545069871112,67.95712895804772,418.8113324908389,0.0,78.1663088798523
2878,4.0,4.100291388941863,0.10029138894186307,68.6211496811629,67.95791943047044,418.79144331723745,0.0,78.15741920471191
2879,4.0,4.100076591931466,0.10007659193146612,68.61701583829338,67.95620679729201,418.77103760124976,0.0,78.14861679077148
2880,4.0,4.09978930004402,0.0997893000440202,68.612937925792,67.95613450344378,418.74374487194234,0.0,78.13849687576294
2881,4.0,4.089413720868088,0.0894137208680883,68.60899686338722,67.95656294692795,417.75806485022883,0.0,77.93627031892538
2882,4.0,4.0891955448634585,0.08919554486345849,68.60459116489321,67.95727752528067,417.737338129789,0.0,77.92710793018341
2883,4.0,4.088984061291087,0.08898406129108682,68.59950520175123,67.95806963606118,417.7172471904137,0.0,77.91730093955994
2884,4.0,4.099000986946703,0.09900098694670323,68.59396981544587,67.95629536670315,418.66885512769727,0.0,78.1018749922514
2885,4.0,4.098893364666413,0.09889336466641296,68.58841527893425,67.95616665705268,418.6586310110697,0.0,78.09350007772446
2886,4.0,4.098717040451741,0.09871704045174123,68.58329001146134,67.95655159253063,418.6418802106759,0.0,78.08430540561676
2887,4.0,4.098545823173992,0.09854582317399174,68.5784676879063,67.95722522218584,418.62561456928967,0.0,78.07555341720581
2888,4.0,4.098362925826598,0.09836292582659834,68.57384845481774,67.95801491591608,418.60823932128733,0.0,78.06681060791016
2889,4.0,4.098239385654868,0.09823938565486756,68.56938253708411,67.95874829297547,418.5965030049729,0.0,78.05937337875366
2890,4.0,4.098037345596282,0.09803734559628197,68.56480217798973,67.95691053558363,418.57730919940724,0.0,78.05031108856201
2891,4.0,4.087668334189508,0.08766833418950792,68.560379979234,67.9565965369677,417.5922531157637,0.0,77.84780395030975
2892,4.0,4.087536447140051,0.08753644714005127,68.55556751006122,67.95674507399754,417.57972384606535,0.0,77.83982801437378
2893,4.0,4.087416539926593,0.08741653992659337,68.5500071116886,67.95721284085484,417.56833266078684,0.0,77.83123135566711
2894,4.0,4.0975378877887145,0.09753788778871453,68.54399056608749,67.95783454909999,418.52986070768833,0.0,78.01711064577103
2895,4.0,4.097468387323066,0.09746838732306617,68.53786685270576,67.9560180437025,418.5232581634517,0.0,78.00881743431091
2896,4.0,4.097349080687244,0.0973490806872439,68.53233115519484,67.95590998800789,418.5119240330486,0.0,78.00024557113647
2897,4.0,4.097234509889403,0.09723450988940296,68.52723084053224,67.95635119674459,418.50103980725373,0.0,77.99225974082947
2898,4.0,4.097129114712564,0.09712911471256369,68.52209116508052,67.95709100982457,418.491027265454,0.0,77.98440408706665
2899,4.0,4.097016036729175,0.09701603672917525,68.51718005795244,67.95795403183435,418.4802848570321,0.0,77.97666263580322
2900,4.0,4.086653037051902,0.08665303705190208,68.51236496211365,67.95625266007137,417.49579988769113,0.0,77.77396231889725
2901,4.0,4.086587858926101,0.08658785892610066,68.50708321564642,67.95617630281943,417.48960796574,0.0,77.76672625541687
2902,4.0,4.086549212154942,0.08654921215494227,68.50113566088424,67.95658772347721,417.48593652247996,0.0,77.75923943519592
2903,4.0,4.096668010096114,0.09666801009611437,68.49477479857276,67.95725637477302,418.4472223268913,0.0,77.94454243779182
2904,4.0,4.096678094889424,0.09667809488942414,68.48842269997586,67.95799462031036,418.4481803822557,0.0,77.93750584125519
2905,4.0,4.096640555953644,0.09664055595364385,68.4825793133128,67.95620095303083,418.44461418335663,0.0,77.93014216423035
2906,4.0,4.09652915241172,0.09652915241172,68.4770541871115,67.95606119995244,418.43403084687384,0.0,77.9217357635498
2907,4.0,4.096476395777851,0.09647639577785139,68.47179327009667,67.95642521369194,418.4290189666564,0.0,77.9147458076477
2908,4.0,4.096422918142264,0.096422918142264,68.46661844039147,67.95710641574055,418.42393859127554,0.0,77.90784025192261
2909,4.0,4.08616362646737,0.08616362646737041,68.46147612254306,67.95790737120375,417.4493058821606,0.0,77.70688709616661
2910,4.0,4.086131908627883,0.08613190862788311,68.4559714668578,67.95617662702114,417.44629268740937,0.0,77.70003592967987
2911,4.0,4.086106217983018,0.08610621798301832,68.44991127796084,67.95611445101183,417.4438520761472,0.0,77.69266891479492
2912,4.0,4.096319558040823,0.0963195580408227,68.44327041197029,67.95653590198224,418.4141193816386,0.0,77.8793075568974
2913,4.0,4.096363797138105,0.09636379713810506,68.43675680048452,67.9572389339,418.4183220958804,0.0,77.87273693084717
2914,4.0,4.096333335449494,0.0963333354494944,68.4306989273295,67.95803601829432,418.4154282354624,0.0,77.86526477336884
2915,4.0,4.096367166788881,0.09636716678888124,68.42507375180804,67.9587429160576,418.4186422127042,0.0,77.85950708389282
2916,4.0,4.0963333738875045,0.09633337388750451,68.41958803385553,67.95689884917806,418.4154318870734,0.0,77.85262274742126
2917,4.0,4.096309965347551,0.09630996534755099,68.41430008225495,67.95657187799874,418.4132080757778,0.0,77.84616088867188
2918,4.0,4.086118691425441,0.08611869142544126,68.40906797327997,67.95671386711288,417.4450370531774,0.0,77.64654758572578
2919,4.0,4.086142291075874,0.08614229107587423,68.40350438645096,67.95719005917198,417.4472790199685,0.0,77.64068114757538
2920,4.0,4.0862164235680565,0.08621642356805648,68.39724711187901,67.95780796392226,417.4543216067258,0.0,77.63498735427856
2921,4.0,4.08627151888637,0.0862715188863703,68.39064861414565,67.95600473569462,417.4595556619656,0.0,77.62854433059692
2922,4.0,4.096574012718891,0.09657401271889121,68.38369333562486,67.95590543431304,418.4382925760551,0.0,77.81635028123856
2923,4.0,4.096676249392892,0.09667624939289166,68.37680544322583,67.95635819761216,418.44800506008517,0.0,77.81045413017273
2924,4.0,4.096714572623855,0.09671457262385541,68.37067032952693,67.9571173774715,418.4516457670267,0.0,77.8042004108429
2925,4.0,4.096782459485036,0.09678245948503594,68.36494496886854,67.95795102172173,418.4580950188389,0.0,77.79897427558899
2926,4.0,4.096795749471501,0.09679574947150105,68.35940779431702,67.95625943752951,418.45935756755307,0.0,77.7929253578186
2927,4.0,4.0968204575627505,0.09682045756275048,68.35407883819528,67.95618318389366,418.46170483622177,0.0,77.7873301506043
2928,4.0,4.08662309575654,0.08662309575653993,68.34880792220825,67.95656842807139,417.49295546463173,0.0,77.5877269506455
2929,4.0,4.086642092467268,0.08664209246726795,68.3432445587494,67.95722080599415,417.4947601521509,0.0,77.58177220821386
2930,4.0,4.086794123221096,0.08679412322109581,68.33711344640872,67.95797093565491,417.5092030737645,0.0,77.57769823074347
2931,4.0,4.097078586924011,0.09707858692401139,68.33046857660736,67.95619483139929,418.4862271255415,0.0,77.76536101102835
2932,4.0,4.097195468216209,0.09719546821620906,68.32388771534144,67.95605228784645,418.4973308483003,0.0,77.76008975505835
2933,4.0,4.097276635006619,0.09727663500661876,68.31795316003806,67.95643540023882,418.5050416933892,0.0,77.75487589836126
2934,4.0,4.0973299134336205,0.09732991343362052,68.31234586144146,67.95713614900241,418.51010314395444,0.0,77.74950504302984
2935,4.0,4.097450042098325,0.09745004209832508,68.30697014529522,67.95793751714781,418.5215153671013,0.0,77.74566602706915
2936,4.0,4.097521375225132,0.09752137522513227,68.30166156701897,67.95620174864825,418.528292014148,0.0,77.74097728729254
2937,4.0,4.087323789940688,0.08732378994068757,68.2965396570767,67.9561340452372,417.5595214121258,0.0,77.541686475277
2938,4.0,4.087382631321528,0.08738263132152824,68.29125268523451,67.95656465935569,417.5651113433056,0.0,77.53680002689367
2939,4.0,4.087519218306213,0.08751921830621257,68.2851829241642,67.95726943387336,417.5780871068506,0.0,77.53249931335455
2940,4.0,4.097861492353932,0.09786149235393182,68.278737344972,67.95806176825583,418.560603141384,0.0,77.72133569791919
2941,4.0,4.09803280427893,0.09803280427892958,68.27227948529453,67.9563028805809,418.5768777742587,0.0,77.71723359823233
2942,4.0,4.098142871479349,0.0981428714793493,68.2664572506122,67.95618204653243,418.58733415829863,0.0,77.71269309520727
2943,4.0,4.09825149151838,0.09825149151838009,68.26099719483985,67.95657853096381,418.59765306200654,0.0,77.70853710174566
2944,4.0,4.098368995854012,0.09836899585401238,68.25573470610126,67.95724927174874,418.60881597389164,0.0,77.7047741413117
2945,4.0,4.098485751536855,0.09848575153685513,68.25070110807961,67.95801553828592,418.6199077637617,0.0,77.70125722885138
2946,4.0,4.088316145935357,0.08831614593535697,68.24576900082045,67.95873770244022,417.65379523161937,0.0,77.50285536050802
2947,4.0,4.088402602240029,0.08840260224002883,68.24053011362307,67.95689279662813,417.6620085805632,0.0,77.49854469299322
2948,4.0,4.088561647163369,0.08856164716336856,68.23473607371696,67.9565831300012,417.67711784828043,0.0,77.49497914314276
2949,4.0,4.088757325987301,0.08875732598730135,68.2284172427164,67.95674801853518,417.69570733655405,0.0,77.49151134490972
2950,4.0,4.099152225980599,0.09915222598059881,68.22187061575764,67.95721314081581,418.6832228359174,0.0,77.68106466531759
2951,4.0,4.09936560263146,0.09936560263145999,68.2155223847888,67.95784593312321,418.70349361774913,0.0,77.67787945270544
2952,4.0,4.0994951372290735,0.09949513722907355,68.20974474444282,67.95602880946305,418.71579940452244,0.0,77.6737546920777
2953,4.0,4.099633005216175,0.09963300521617491,68.20450245176944,67.95594508151339,418.7288968632971,0.0,77.6703970432282
2954,4.0,4.099765090490367,0.09976509049036686,68.19939732153198,67.9563932032434,418.7414449643453,0.0,77.66708564758306
2955,4.0,4.099907893210942,0.09990789321094162,68.19457670496988,67.95713429136224,418.7550112227999,0.0,77.66430091857916
2956,4.0,4.089676430332244,0.08967643033224437,68.18990406009152,67.95798845848839,417.78302224932366,0.0,77.4651787281037
2957,4.0,4.089809903277658,0.08980990327765781,68.18494820406252,67.95624213234514,417.79570217913795,0.0,77.4620767831803
2958,4.0,4.090002735210925,0.09000273521092517,68.17934732423475,67.95616304879864,417.81402121279837,0.0,77.45936584472662
2959,4.0,4.1004497280039685,0.10044972800396845,68.17334866159919,67.9565564774038,418.80648552813744,0.0,77.65038582682615
2960,4.0,4.100595672430795,0.10059567243079481,68.16748593622758,67.9572124131909,418.82035024868594,0.0,77.64647161960607
2961,4.0,4.100830374541646,0.1008303745416459,68.16214693615224,67.95796226262132,418.8426469492168,0.0,77.64483404159552
2962,4.0,4.100943998944487,0.10094399894448713,68.15711602063249,67.9561669062388,418.8534412674867,0.0,77.64125442504888
2963,4.0,4.10108525264995,0.10108525264995016,68.15244622783251,67.95604589490408,418.86686036950573,0.0,77.63860893249517
2964,4.0,4.101175714287502,0.1011757142875016,68.14797950690821,67.95644484787184,418.8754542250731,0.0,77.6352329254151
2965,4.0,4.091088025522079,0.09108802552207873,68.1436024844384,67.95712885255135,417.9171237923579,0.0,77.43929892778402
2966,4.0,4.0912316119565775,0.09123161195657747,68.1389807676866,67.95794066174146,417.9307645036353,0.0,77.43676447868353
2967,4.0,4.0914032529096245,0.09140325290962448,68.13361699905762,67.9562004611722,417.9470703941748,0.0,77.4339172840119
2968,4.0,4.101808882862476,0.10180888286247569,68.12791569282403,67.95612249633807,418.93560523969563,0.0,77.62435826659208
2969,4.0,4.101989364361944,0.10198936436194384,68.12238155476587,67.95654273427347,418.9527509821451,0.0,77.62146794795996
2970,4.0,4.102185826985927,0.10218582698592726,68.11740029243427,67.95726124044452,418.9714149314235,0.0,77.61950945854193
2971,4.0,4.102314109374389,0.10231410937438934,68.11269004773017,67.95804853598347,418.98360175832744,0.0,77.61656928062445
2972,4.0,4.102521786113171,0.10252178611317131,68.10826691711083,67.9587582248737,419.0033310485117,0.0,77.61545801162725
2973,4.0,4.1026678978473345,0.10266789784733454,68.10406389782862,67.95688292824096,419.0172116632572,0.0,77.61343240737921
2974,4.0,4.092463146360903,0.09246314636090336,68.10005294544645,67.95655526668128,418.0477602720463,0.0,77.41582137346273
2975,4.0,4.092652274915082,0.09265227491508199,68.09570606923452,67.95669851977898,418.06572748469324,0.0,77.41445732116705
2976,4.0,4.0928308497893475,0.09283084978934752,68.09072113242365,67.95716381639592,418.08269209774846,0.0,77.41216778755194
2977,4.0,4.093105935072319,0.09310593507231868,68.08530030633847,67.95779221534796,418.1088251996307,0.0,77.41120743751532
2978,4.0,4.103568616479158,0.1035686164791576,68.07966639489676,67.95599366332007,419.10277993328043,0.0,77.60266178846365
2979,4.0,4.103785619060172,0.10378561906017225,68.07425388863444,67.95588818965886,419.1233951784768,0.0,77.60059559345251
2980,4.0,4.104015795117859,0.10401579511785908,68.06946937277527,67.95634951576251,419.145261903957,0.0,77.59949374198919
2981,4.0,4.104129896138759,0.10412989613875911,68.06509244460946,67.95709690805843,419.15610150094255,0.0,77.59666132926947
2982,4.0,4.104338353520299,0.10433835352029863,68.06104593659212,67.95795580049116,419.17590495218883,0.0,77.59598922729498
2983,4.0,4.094247172298538,0.0942471722985383,68.05717913195153,67.95624536228323,418.2172427361216,0.0,77.40080922655767
2984,4.0,4.094399818924593,0.09439981892459315,68.05309403970574,67.9561718558807,418.2317441655968,0.0,77.39904886484152
2985,4.0,4.094609050864437,0.09460905086443727,68.04845994559417,67.9565589365266,418.251621199882,0.0,77.39773333072668
2986,4.0,4.0948773655108335,0.09487736551083348,68.0434141078182,67.95722777784374,418.2771110912896,0.0,77.3970656394959
2987,4.0,4.10532089800423,0.10532089800422995,68.03805562680536,67.9579922366091,419.2692466781623,0.0,77.5883476734162
2988,4.0,4.105542335825717,0.10554233582571726,68.03309683758765,67.9561996943371,419.2902832712036,0.0,77.58687758445745
2989,4.0,4.1057343569258276,0.10573435692582756,68.02874723997503,67.95606762610706,419.30852527571403,0.0,77.5855457782746
2990,4.0,4.1059851419514315,0.1059851419514315,68.02470402102487,67.95644267096807,419.3323498531464,0.0,77.58567333221441
2991,4.0,4.106188648378085,0.10618864837808495,68.02103249143454,67.95712534415024,419.3516829636785,0.0,77.58533096313482
2992,4.0,4.1062808046873505,0.10628080468735046,68.01761090918227,67.95792143511946,419.36043781305875,0.0,77.58316946029669
2993,4.0,4.096159990330435,0.09615999033043465,68.01436722681761,67.95628064081133,418.39896044915173,0.0,77.38825827836996
2994,4.0,4.09638200766194,0.09638200766193972,68.01082181247753,67.95621956314258,418.42005209564473,0.0,77.38841855525976
2995,4.0,4.096486084784113,0.09648608478411269,68.0065675795781,67.95665016999179,418.42993942225115,0.0,77.38554382324224
2996,4.0,4.1070883441811175,0.10708834418111746,68.002137851064,67.95734112616688,419.43715406496665,0.0,77.58077437430626
2997,4.0,4.107303717725534,0.10730371772553404,67.99770402251049,67.95811614632352,419.4576145516862,0.0,77.57978403568274
2998,4.0,4.107451058462735,0.10745105846273528,67.99374943531376,67.95661575516256,419.4716119217203,0.0,77.57805502414709
2999,4.0,4.107712822291731,0.10771282229173096,67.99030279817998,67.95654012731026,419.4964794854749,0.0,77.57906627655035
3000,4.0,4.107861680594281,0.10786168059428114,67.98710290070497,67.95691031738775,419.51062102421713,0.0,77.57822632789618
3001,4.0,4.108000360652472,0.10800036065247198,67.98413059619473,67.95753769635185,419.5237956297453,0.0,77.5774536132813
3002,4.0,4.097814983187828,0.09781498318782766,67.98126376680158,67.9582157581969,418.5561847706041,0.0,77.3818447887898
3003,4.0,4.098037788280913,0.09803778828091314,67.97812239671893,67.95884900413293,418.5773512544472,0.0,77.38247621059423
3004,4.0,4.098261546590437,0.09826154659043684,67.9743280732117,67.95743755299121,418.59860829385195,0.0,77.3823819160462
3005,4.0,4.098426934666604,0.09842693466660357,67.97018671393194,67.95719751200035,418.6143201610878,0.0,77.38078999519354
3006,4.0,4.108660769837106,0.1086607698371056,67.96585070198464,67.95732148822518,419.5865345022855,0.0,77.56906235218054
3007,4.0,4.108956229155814,0.10895622915581438,67.96162487348256,67.95769408781761,419.6146031375628,0.0,77.56981718540192
3008,4.0,4.109125553432001,0.10912555343200125,67.95806020540716,67.95817565759248,419.6306889438006,0.0,77.56894493103027
3009,4.0,4.109278431950463,0.10927843195046272,67.95490324451983,67.9569980556236,419.6452124030544,0.0,77.56822729110718
3010,4.0,4.109535642185651,0.1095356421856506,67.95200552419314,67.95698772007239,419.6696473753973,0.0,77.56977462768555
3011,4.0,4.0993939847256655,0.09939398472566552,67.94934706704898,67.95735439856729,418.7061899166987,0.0,77.37531795352697
3012,4.0,4.099591689255935,0.0995916892559352,67.94645680458652,67.9578984540363,418.7249718470743,0.0,77.37575823068619
3013,4.0,4.0998225348994355,0.09982253489943549,67.94297658237369,67.95850125634034,418.7469021832068,0.0,77.37615180015564
3014,4.0,4.099992956734335,0.09999295673433473,67.93908206596647,67.95757069328127,418.76309225752226,0.0,77.3749327659607
3015,4.0,4.100333009841765,0.10033300984176474,67.9350875319133,67.95756444349333,418.79539730272813,0.0,77.37680053710938
3016,4.0,4.110416074952902,0.1104160749529024,67.93081535551414,67.95782320848379,419.7532884882862,0.0,77.56219872832298
3017,4.0,4.110613614673044,0.11061361467304387,67.92686602456996,67.95822034835797,419.7720547616996,0.0,77.56141674518585
3018,4.0,4.110806264619438,0.11080626461943766,67.9236236974119,67.9586658151749,419.79035650660705,0.0,77.56134939193726
3019,4.0,4.11102898102521,0.11102898102520964,67.92078571888356,67.95779834213181,419.81151456515533,0.0,77.5623106956482
3020,4.0,4.11124740233779,0.11124740233779029,67.91821816991174,67.95776848039932,419.8322645898505,0.0,77.5634994506836
3021,4.0,4.101105041953274,0.10110504195327419,67.91596438983369,67.95798468417915,418.8687403533215,0.0,77.369584441185
3022,4.0,4.101258497600462,0.1012584976004618,67.91346609928107,67.95834668724225,418.8833186398043,0.0,77.36963331699371
3023,4.0,4.101448217450691,0.10144821745069077,67.91042331042722,67.95876096685028,418.90134202557607,0.0,77.36974573135376
3024,4.0,4.101666065244301,0.10166606524430133,67.90695393285438,67.9580938597306,418.92203756596905,0.0,77.36990237236023
3025,4.0,4.1019538981406445,0.10195389814064448,67.90320312478975,67.9580948785278,418.9493816911217,0.0,77.37105798721313
3026,4.0,4.102308175778817,0.10230817577881712,67.8993860269034,67.95830638237054,418.98303806674807,0.0,77.37339067459106
3027,4.0,4.102585615897006,0.10258561589700577,67.89542861352324,67.95862070223669,419.009394877976,0.0,77.3741135597229
3028,4.0,4.102876893706076,0.10287689370607556,67.8915875147333,67.95896660010109,419.0370662698376,0.0,77.3752293586731
3029,4.0,4.113078240294816,0.11307824029481583,67.88762551652874,67.95923570211238,420.006194195768,0.0,77.5630875825882
3030,4.0,4.102948127432426,0.10294812743242598,67.8841063547274,67.95864248544294,419.0438334738409,0.0,77.36804640293121
3031,4.0,4.1031386229056865,0.10313862290568654,67.88088160547098,67.95854203015746,419.0619305438007,0.0,77.36796307563782
3032,4.0,4.103472798094537,0.10347279809453713,67.8774644819664,67.95858936938006,419.0936771867415,0.0,77.37036919593811
3033,4.0,4.103829080502303,0.10382908050230277,67.87395187080732,67.95874556051837,419.12752401547925,0.0,77.37308263778687
3034,4.0,4.104070044123293,0.10407004412329268,67.8703461368979,67.95895161857496,419.15041555947323,0.0,77.37351512908936
3035,4.0,4.10442048720004,0.1044204872000396,67.86677457931334,67.95850471422283,419.1837076517642,0.0,77.37604999542236
3036,4.0,4.1047069482965295,0.10470694829652949,67.86315905549013,67.95849602487267,419.21092145593076,0.0,77.37732791900635
3037,4.0,4.104966735747602,0.10496673574760162,67.85964416405217,67.95864487102338,419.2356012637826,0.0,77.3782172203064
3038,4.0,4.105218404746112,0.105218404746112,67.85610208368006,67.95887386880891,419.25950981864105,0.0,77.37892198562622
3039,4.0,4.095086258077301,0.09508625807730109,67.85266434128133,67.95912726212927,418.296955885104,0.0,77.184031477198
3040,4.0,4.095344858137265,0.09534485813726512,67.8488283570666,67.95880568022788,418.3215228908007,0.0,77.18454176187515
3041,4.0,4.095779853177216,0.09577985317721627,67.8443704243408,67.95882913539964,418.362847419596,0.0,77.18766820430756
3042,4.0,4.09618896982901,0.09618896982900971,67.83950497733893,67.95894168724101,418.4017135015164,0.0,77.1898422241211
3043,4.0,4.096624033029118,0.09662403302911837,67.83437627444954,67.95907615459247,418.4430445055267,0.0,77.19220447540283
3044,4.0,4.106777154918372,0.10677715491837159,67.82912349502499,67.95920928589467,419.4075910850057,0.0,77.37752633541822
3045,4.0,4.107140494599738,0.10714049459973829,67.82414253062682,67.95893073327737,419.4421083547356,0.0,77.3786895275116
3046,4.0,4.107513432974655,0.10751343297465521,67.81987432838822,67.95892658005157,419.4775375003527,0.0,77.38084578514099
3047,4.0,4.107808558540689,0.10780855854068871,67.81600767072152,67.95899504614249,419.5055744291259,0.0,77.38199353218079
3048,4.0,4.108127348303855,0.10812734830385473,67.81258917093595,67.9591169513069,419.53585945662667,0.0,77.38409781455994
3049,4.0,4.098028157920766,0.09802815792076558,67.80933372228637,67.95924924044688,418.5764363702332,0.0,77.19015526771545
3050,4.0,4.098323436542027,0.09832343654202713,67.80590745190665,67.95937575081153,418.604487839253,0.0,77.19181656837463
3051,4.0,4.09860100690626,0.09860100690625995,67.80195769363895,67.95920013758717,418.6308570238551,0.0,77.19254779815674
3052,4.0,4.098905304654612,0.098905304654612,67.79765705538236,67.95918207163122,418.6597653099486,0.0,77.1933822631836
3053,4.0,4.099276575624684,0.09927657562468362,67.79312299403259,67.95921299308849,418.69503605210537,0.0,77.19521141052246
3054,4.0,4.099751828231212,0.09975182823121198,67.78837905601122,67.95924435056337,418.7401850497256,0.0,77.19875860214233
3055,4.0,4.100228709786355,0.10022870978635456,67.78373279403911,67.95929665724094,418.78548879746415,0.0,77.20244646072388
3056,4.0,4.100734518021377,0.100734518021377,67.7790398298117,67.95916422809844,418.83354057979125,0.0,77.20662450790405
3057,4.0,4.1011810106200075,0.1011810106200075,67.77434252550958,67.95916354182177,418.8759573766612,0.0,77.20967960357666
3058,4.0,4.091284290527423,0.09128429052742337,67.7697856014735,67.95921996211212,417.93576896786567,0.0,77.01818311214447
3059,4.0,4.091732065886406,0.09173206588640603,67.7648145143171,67.95929562038445,417.978307626969,0.0,77.02096235752106
3060,4.0,4.092262651336163,0.09226265133616263,67.75933673274494,67.95939217300251,418.0287132446959,0.0,77.02472305297852
3061,4.0,4.092799726789097,0.09279972678909676,67.7533782838354,67.9593438197285,418.07973541272463,0.0,77.02805781364441
3062,4.0,4.093326863962635,0.09332686396263501,67.74724116278878,67.95935969611732,418.12981344421075,0.0,77.03100061416626
3063,4.0,4.093837220443415,0.09383722044341525,67.74103589012066,67.95939129696028,418.1782973098849,0.0,77.03354835510254
3064,4.0,4.094454632360669,0.09445463236066942,67.73479181706819,67.95941571482058,418.23695144202406,0.0,77.03806447982788
3065,4.0,4.0949020296879555,0.09490202968795547,67.72850094905999,67.95944380092712,418.27945418811623,0.0,77.03932666778564
3066,4.0,4.0954223844757935,0.09542238447579354,67.72236392364633,67.95941320603983,418.32888789296084,0.0,77.0421347618103
3067,4.0,4.096043722707258,0.09604372270725836,67.71628480400676,67.95941142328059,418.38791502494996,0.0,77.04690647125244
3068,4.0,4.086115288453669,0.08611528845366934,67.71020581797254,67.95942432538382,417.44471377085904,0.0,76.85325199365616
3069,4.0,4.086675103802833,0.08667510380283261,67.70399577252951,67.95943907094399,417.49789622902955,0.0,76.8567316532135
3070,4.0,4.087267916141497,0.08726791614149665,67.69711096154411,67.95945972144321,417.5542134012027,0.0,76.86006379127502
3071,4.0,4.087845439812926,0.08784543981292625,67.68980690144701,67.9594722448529,417.6090781499885,0.0,76.86263012886047
3072,4.0,4.088447563161717,0.08844756316171676,67.68245770566271,67.95946173804073,417.6662798681235,0.0,76.86560535430908
3073,4.0,4.098636998498808,0.09863699849880803,67.67494787985356,67.95947298582564,418.63427622514723,0.0,77.04862368106842
3074,4.0,4.099237312122023,0.09923731212202291,67.66776284004065,67.95947463630372,418.6913060193526,0.0,77.05172729492188
3075,4.0,4.099741850942496,0.09974185094249588,67.66134938418028,67.95947792295757,418.73923720729755,0.0,77.0539071559906
3076,4.0,4.1002890837893355,0.10028908378933554,67.65546767230633,67.95947970527664,418.79122432774733,0.0,77.05749320983887
3077,4.0,4.090401348776374,0.09040134877637396,67.64993557044627,67.95947068035893,417.851889501516,0.0,76.8653854727745
3078,4.0,4.090854307164903,0.09085430716490261,67.64430665734909,67.95945441666265,417.89492054842617,0.0,76.86750090122223
3079,4.0,4.091432817077787,0.09143281707778694,67.63827803330513,67.95944616006746,417.9498789901502,0.0,76.87151956558228
3080,4.0,4.0920217535601555,0.09202175356015552,67.63198806782596,67.95944655420287,418.00582795597523,0.0,76.87543511390686
3081,4.0,4.092563991576224,0.09256399157622397,67.62552444868396,67.95945139752297,418.05734056750174,0.0,76.87827396392822
3082,4.0,4.093129508344085,0.09312950834408529,67.61908666855459,67.95946041732346,418.11106466044856,0.0,76.88157749176025
3083,4.0,4.0937118634233345,0.09371186342333448,67.61267867229013,67.95946497808723,418.16638839297724,0.0,76.88522911071777
3084,4.0,4.0943388933311065,0.09433889333110645,67.60630836643618,67.95946545117908,418.2259562342156,0.0,76.88976049423218
3085,4.0,4.0948624316014275,0.09486243160142749,67.60001273710739,67.95947556408308,418.2756923698961,0.0,76.89243125915527
3086,4.0,4.085302663275998,0.08530266327599811,67.59396702403885,67.9594812185878,417.3675143789803,0.0,76.70605930685997
3087,4.0,4.085911762740139,0.0859117627401389,67.587612225064,67.95948111337246,417.42537882807363,0.0,76.71028327941895
3088,4.0,4.086618940091481,0.08661894009148075,67.58069495903821,67.95948882530092,417.49256067645115,0.0,76.71570777893066
3089,4.0,4.087209668189178,0.0872096681891783,67.57344428932313,67.95948001276349,417.5486798457324,0.0,76.7185652256012
3090,4.0,4.087820983394808,0.08782098339480804,67.56614204267376,67.95947743785642,417.60675479026725,0.0,76.7217481136322
3091,4.0,4.088523411901178,0.0885234119011784,67.55881286487894,67.95947110162639,417.67348549837243,0.0,76.72660779953003
3092,4.0,4.08923681087172,0.08923681087171964,67.55147142628161,67.95947335584655,417.7412584005738,0.0,76.73165655136108
3093,4.0,4.089936356277978,0.08993635627797758,67.54421821311601,67.95947172958206,417.8077152141683,0.0,76.73654270172119
3094,4.0,4.090533488730249,0.09053348873024891,67.53712789253572,67.95946232438264,417.8644427971341,0.0,76.73968982696533
3095,4.0,4.091183960540382,0.09118396054038236,67.53022580379498,67.95946612421902,417.9262376190968,0.0,76.74404907226562
3096,4.0,4.091837858854552,0.09183785885455187,67.52346905767577,67.95946582726776,417.98835795894286,0.0,76.74863529205322
3097,4.0,4.082545146075807,0.0825451460758071,67.5168950177286,67.95946480000283,418.02512756763434,0.0,76.56688112020493
3098,4.0,4.086626810575948,0.08662681057594757,67.4541853741614,67.95947498753817,417.49330837247544,0.0,76.5722451210022
3099,4.0,4.10618157404953,0.10618157404952999,67.14028210747588,67.95947382479056,419.35101090246576,0.0,76.58060812950134
3100,4.0,4.139652993165354,0.1396529931653543,66.60997554486636,67.95947374177422,422.5307957184691,0.0,76.59505128860474
3101,4.0,4.1825302480195985,0.1825302480195985,65.9474087099229,67.95947729748964,426.6041349296223,0.0,76.61861991882324
3102,4.0,4.231778089780861,0.23177808978086123,65.20811633914565,67.95947384084693,431.2826798969423,0.0,76.65174388885498
3103,4.0,4.2853530056195925,0.28535300561959254,64.42954870089316,67.95947088175237,436.3722969016218,0.0,76.69537782669067
3104,4.0,4.34178371813927,0.3417837181392702,63.637388800019664,67.95947451099731,441.7332145909911,0.0,76.74993848800659
3105,4.0,4.399974440724947,0.3999744407249466,62.84940919379985,67.95946854964104,447.26133323663043,0.0,76.81549835205078
3106,4.0,4.459063012002811,0.45906301200281074,62.077961607651645,67.95946840817798,452.8747475080275,0.0,76.89153957366943
3107,4.0,4.518458991249377,0.5184589912493767,61.331611057493674,67.95946952413806,458.5173655364513,0.0,76.97899150848389
3108,4.0,4.57747951360654,0.5774795136065398,60.61626718309633,67.95946151705522,464.12431516038174,0.0,77.07492256164551
3109,4.0,4.635846273624299,0.6358462736242991,59.93596721777552,67.9594632563489,469.66915736206886,0.0,77.18164730072021
3110,4.0,4.681530418606622,0.6815304186066218,59.29338465337026,67.95946543676341,474.0091511353895,0.0,77.10660663247108
3111,4.0,4.737269196461951,0.7372691964619511,58.690252555595265,67.95947144545465,479.3043350316458,0.0,77.23097932338715
3112,4.0,4.791340817163992,0.7913408171639924,58.127613337936424,67.95946890634085,484.44113899833974,0.0,77.36366844177246
3113,4.0,4.843442272553111,0.8434422725531112,57.606038830965616,67.9594700760393,489.39077726030604,0.0,77.50320100784302
3114,4.0,4.893379994779476,0.893379994779476,57.12573894318193,67.9594702207654,494.1348608718107,0.0,77.6494300365448
3115,4.0,4.940931846766811,0.9409318467668113,56.686711818068694,67.9594655193538,498.65228681060756,0.0,77.80143880844116
3116,4.0,4.986009243246436,0.9860092432464356,56.28882174311544,67.9594660855457,502.93463947617187,0.0,77.96016263961792
3117,4.0,5.02837958281632,1.0283795828163198,55.93182938825675,67.95946079114198,506.95982173531087,0.0,78.12401914596558
3118,4.0,5.067874163721363,1.0678741637213633,55.615414796500374,67.95946546407039,510.71180692128996,0.0,78.2922010421753
3119,4.0,5.104370660374261,1.1043706603742613,55.33929665645045,67.95947159364138,514.1789741033153,0.0,78.46452283859253
3120,4.0,5.137684909115042,1.137684909115042,55.103127061468406,67.95947006822617,517.3438277336895,0.0,78.6395845413208
3121,4.0,5.16781997146537,1.16781997146537,54.90661961380696,67.95947058580002,520.2066586569706,0.0,78.81875705718994
3122,4.0,5.194549652399376,1.1945496523993757,54.74944935942111,67.95946916661686,522.7459783457011,0.0,78.99964809417725
3123,4.0,5.217905643567111,1.2179056435671107,54.63137628885259,67.95946606044907,524.9647975066359,0.0,79.18371295928955
3124,4.0,5.2376445571172345,1.2376445571172345,54.5521449694333,67.95946770221254,526.8399942938977,0.0,79.36798477172852
3125,4.0,5.253728223759596,1.2537282237595964,54.51154541752157,67.95946311299906,528.3679426249221,0.0,79.55245685577393
3126,4.0,5.266108488235225,1.2661084882352247,54.509314867855615,67.95946633575483,529.5440677501068,0.0,79.73665714263916
3127,4.0,5.274850128317702,1.274850128317702,54.54515297544427,67.95946566806927,530.3745235579422,0.0,79.92152976989746
3128,4.0,5.279941365650676,1.279941365650676,54.61870766021947,67.95946962403231,530.8581911045746,0.0,80.10654830932617
3129,4.0,5.2691052538829375,1.2691052538829375,54.72973238252844,67.95947127272532,529.8287604866396,0.0,80.10464456677437
3130,4.0,5.266763401146845,1.2667634011468447,54.8780802159537,67.95947627925561,529.6062844767107,0.0,80.2860734462738
3131,4.0,5.260721347571437,1.2607213475714367,55.06361074942593,67.959473826504,529.032289387047,0.0,80.4650868177414
3132,4.0,5.250979053696104,1.2509790536961036,55.28627717751822,67.95946714712073,539.9910724790033,0.0,80.64085650444031
3133,4.0,5.237596820982993,1.2375968209829926,55.54605875185436,67.95946487277999,539.2800214290619,0.0,80.81329464912415
3134,4.0,5.220619593002543,1.2206195930025432,55.842958349600615,67.95946869651557,554.2600071430206,0.0,80.98190069198608
3135,4.0,5.2000981170754415,1.2000981170754415,56.17674980816922,67.95946573534606,569.2399928569794,0.0,81.14572525024414
3136,4.0,5.176301706828295,1.176301706828295,56.54561399602381,67.95945919986363,584.2199785709381,0.0,81.3047661781311
3137,4.0,5.149439228986505,1.1494392289865054,56.94775059251292,67.95945729944866,599.2000089287758,0.0,81.45805025100708
3138,4.0,5.119735222571102,1.1197352225711024,57.381845200971355,67.95946412895285,614.1799946427345,0.0,81.60551500320435
3139,4.0,5.08741772463328,1.08741772463328,57.846887267993,67.95946736089192,629.1599803566933,0.0,81.74757766723633
3140,4.0,5.052558675100026,1.052558675100026,58.34207663824089,67.95947676715065,644.140010714531,0.0,81.8824348449707
3141,4.0,5.015362268592581,1.0153622685925807,58.86675638059817,67.95947323402667,659.1199964284897,0.0,82.01058578491211
3142,4.0,4.975900915135569,0.9759009151355693,59.420360640557995,67.95948183132852,674.0999821424484,0.0,82.13050746917725
3143,4.0,4.934304257609309,0.934304257609309,60.002369838214584,67.9594774990581,689.0800125002861,0.0,82.2416524887085
3144,4.0,4.890877328165508,0.8908773281655078,60.61233972293307,67.95947820480525,704.0599982142448,0.0,82.34653282165527
3145,4.0,4.845530173277797,0.8455301732777967,61.249873068477775,67.95947104677447,713.4943050724008,0.0,82.44114112854004
3146,4.0,4.798561119590829,0.7985611195908291,61.91457199793855,67.95946883363474,722.3841892617472,0.0,82.52801609039307
3147,4.0,4.749994011705261,0.7499940117052608,62.60609691320437,67.95946916759942,730.7841228792554,0.0,82.60516262054443
3148,4.0,4.700296659255274,0.7002966592552742,63.31925487388791,67.95945933638701,724.243120578996,0.0,82.67202281951904
3149,4.0,4.65031170314508,0.6503117031450802,64.04440804789246,67.95945544722068,717.5920995700486,0.0,82.72957229614258
3150,4.0,4.60044671904871,0.6004467190487102,64.77528141595315,67.95946637205743,710.8886136030668,0.0,82.77645301818848
3151,4.0,4.551004831009574,0.5510048310095739,65.50793970638503,67.9594707024157,704.1687565346189,0.0,82.81304168701172
3152,4.0,4.502142216813379,0.5021422168133789,66.23961695837286,67.95946992608044,697.4578974372698,0.0,82.83893775939941
3153,4.0,4.454041404614278,0.4540414046142782,66.96840099280242,67.95947130314208,690.7735745966091,0.0,82.85556411743164
3154,4.0,4.406760188135988,0.4067601881359879,67.6929453391169,67.95947252369191,684.1281376847912,0.0,82.8629379272461
3155,4.0,4.3601973661015245,0.36019736610152453,68.41227090705581,67.9594651282157,677.5305668044014,0.0,82.85861206054688
3156,4.0,4.314490753688801,0.3144907536888013,69.12573574582215,67.95946437513277,670.9867498538734,0.0,82.84509658813477
3157,4.0,4.269624438361019,0.2696244383610189,69.83288779133004,67.95946979593717,664.5008331126976,0.0,82.82227897644043
3158,4.0,4.225509872121272,0.22550987212127183,70.53341377731729,67.9594703730155,658.0756898227839,0.0,82.78878784179688
3159,4.0,4.182193778320625,0.18219377832062467,71.22713726269141,67.95947624998105,651.7129382814187,0.0,82.74602508544922
3160,4.0,4.130524870181385,0.13052487018138503,71.91393906774867,67.95947199837188,645.4136715910545,0.0,82.51175384223461
3161,4.0,4.088774714203851,0.08877471420385064,72.59376460637033,67.9594793253403,639.1783904092566,0.0,82.4498747587204
3162,4.0,4.047728883300951,0.04772888330095082,73.26657856795568,67.95947099976568,633.0074186007693,0.0,82.37867951393127
3163,4.0,4.00735539577414,0.007355395774140128,73.93241691066066,67.95946969353186,626.9004263615464,0.0,82.29818606376648
3164,4.0,3.96764788463408,-0.032352115365919865,74.59128152271975,67.95947130161683,620.8573963729202,0.0,82.20887231826782
3165,4.0,3.9285268920469276,-0.07147310795307238,75.24323753280143,67.95947228286391,614.877731282279,0.0,82.10974502563477
3166,4.0,3.890037587007983,-0.10996241299201692,75.88831850710467,67.95946639302987,610.4109671386786,0.0,82.0023365020752
3167,4.0,3.852099156957159,-0.1479008430428408,76.526588629751,67.95946399199036,606.8068162838504,0.0,81.88555765151978
3168,4.0,3.8147340339130116,-0.18526596608698842,77.15812380478097,67.95945989552274,603.2571295946564,0.0,81.76047801971436
3169,4.0,3.7778684105285043,-0.2221315894714957,77.78296347325055,67.9594613221944,599.7548953731281,0.0,81.62605571746826
3170,4.0,3.7415235649288787,-0.2584764350711213,78.40119497513906,67.95946347633327,596.3021350411638,0.0,81.48331069946289
3171,4.0,3.705652003982308,-0.294347996017692,79.0128700211525,67.95946209075422,592.8943367512395,0.0,81.33172225952148
3172,4.0,3.670251252015354,-0.32974874798464615,79.61808115584171,67.95947426999699,589.5312653143789,0.0,81.17176723480225
3173,4.0,3.635319001723148,-0.3646809982768522,80.21689446336862,67.95948071812435,586.2127015366193,0.0,81.0038890838623
3174,4.0,3.6007788681329562,-0.3992211318670438,80.80960596887964,67.9594754822279,582.931388845551,0.0,80.82708930969238
3175,4.0,3.566604385647333,-0.43339561435266694,81.396563373567,67.95948326269908,579.6848130094169,0.0,80.64148330688477
3176,4.0,3.5328510035162686,-0.4671489964837314,81.97802967346672,67.9594829009503,576.4782417069657,0.0,80.44893455505371
3177,4.0,3.4994316522153515,-0.5005683477846485,82.55421455024329,67.95948029068688,573.3034033333786,0.0,80.24800872802734
3178,4.0,3.4663260812336842,-0.5336739187663158,83.12527439371043,67.95947554896274,570.1583740901202,0.0,80.0386962890625
3179,4.0,3.4335575083107175,-0.5664424916892825,83.69135838090017,67.9594725712275,567.0453596624384,0.0,79.82196998596191
3180,4.0,3.4018845882047697,-0.5981154117952303,84.25254556245783,67.95947190342308,564.0364322523733,0.0,79.61595451831818
3181,4.0,3.3696981827820065,-0.6303018172179935,84.80896529427272,67.95946102988327,560.9787237372109,0.0,79.38350450992584
3182,4.0,3.337805389796624,-0.6621946102033762,85.36067711974125,67.9594577064302,557.9489084035995,0.0,79.14370226860046
3183,4.0,3.3061478935493165,-0.6938521064506835,85.90776120637175,67.9594581063679,554.9414462601053,0.0,78.89548993110657
3184,4.0,3.2748176886891955,-0.7251823113108045,86.4502787883723,67.95945839775558,551.9650767983937,0.0,78.64136171340942
3185,4.0,3.243698696696005,-0.7563013033039949,86.98827689001614,67.95946340938531,549.0087725590407,0.0,78.37882232666016
3186,4.0,3.2128033114924937,-0.7871966885075063,87.521805318443,67.95947043658117,546.0737109647071,0.0,78.10842943191528
3187,4.0,3.1821573550417113,-0.8178426449582887,88.0509043589444,67.95947535733578,543.1623451018828,0.0,77.83106470108032
3188,4.0,3.1517296965021,-0.8482703034979,88.57562872466345,67.95947402008547,540.2717175406198,0.0,77.54623317718506
3189,4.0,3.1215126640013926,-0.8784873359986074,89.09602536546187,67.9594799647498,537.4010994530526,0.0,77.25399208068848
3190,4.0,3.091500952617469,-0.9084990473825312,89.61212417550179,67.9594805310967,534.5499868715798,0.0,76.95443534851074
3191,4.0,3.061720331331911,-0.938279668668089,90.12396131565691,67.95947623510281,531.7208278494518,0.0,76.64843463897705
3192,4.0,3.032141417312737,-0.967858582687263,90.63157121056784,67.95947373877286,528.9108310176302,0.0,76.33548355102539
3193,4.0,3.0027181088498303,-0.9972818911501697,91.13501564941807,67.9594621418007,526.115616713654,0.0,76.01465606689453
3194,4.0,2.9735068697683635,-1.0264931302316365,91.63431588539558,67.95945731844267,523.3405490009147,0.0,75.68757438659668
3195,4.0,2.944491487045478,-1.055508512954522,92.12949496359293,67.9594621108345,520.5840876422407,0.0,75.35403156280518
3196,4.0,2.9156278959377913,-1.0843721040622087,92.62060649818999,67.95946119983397,517.8420464870104,0.0,75.01311779022217
3197,4.0,2.886946921395197,-1.113053078604803,93.10768177972363,67.95947171564902,515.1173539054639,0.0,74.66581535339355
3198,4.0,2.858402609115602,-1.1415973908843982,93.59073984206331,67.95947761570481,512.4056442389024,0.0,74.31111526489258
3199,4.0,2.8300262799993194,-1.1699737200006806,94.06984246903795,67.95947518237278,509.7098929728556,0.0,73.95003509521484
3200,4.0,2.8017719074721357,-1.1982280925278643,94.54500079582732,67.95947333999383,507.02572758277313,0.0,73.58153533935547
3201,4.0,2.7736912241042164,-1.2263087758957836,95.01624732539354,67.95947205863932,504.35806266282077,0.0,73.2071475982666
3202,4.0,2.7457588740963588,-1.2542411259036412,95.48361916729004,67.95946500244382,501.7044894120743,0.0,72.82638740539551
3203,4.0,2.7179486819615724,-1.2820513180384276,95.94715467851596,67.95947616664769,499.0625211592696,0.0,72.43873405456543
3204,4.0,2.690290990538187,-1.309709009461813,96.40691671143752,67.95947495645652,496.435040474048,0.0,72.0451831817627
3205,4.0,2.662722573177465,-1.337277426822535,96.86287867138985,67.95947386090118,493.8160408247794,0.0,71.6441593170166
3206,4.0,2.6353099000229565,-1.3646900999770435,97.31526045228263,67.9594660591838,491.2118368751011,0.0,71.23774147033691
3207,4.0,2.608008304809886,-1.391991695190114,97.76412864698084,67.95947131855985,488.6181853298594,0.0,70.82490539550781
3208,4.0,2.580792261634123,-1.419207738365877,98.20964128685428,67.9594698867815,486.03266122816194,0.0,70.40518951416016
3209,4.0,2.5537262172511737,-1.4462737827488263,98.65186432009095,67.95946339803378,483.4613870117817,0.0,69.98051452636719
3210,4.0,2.5267326019594205,-1.4732673980405795,99.09092149588552,67.95946794148506,480.8969935590652,0.0,69.5489616394043
3211,4.0,2.4998591626065885,-1.5001408373934115,99.52685317892109,67.95947558329306,478.34401682054613,0.0,69.11197662353516
3212,4.0,2.473083062888454,-1.526916937111546,99.95970617432725,67.95947147028915,475.8002873473233,0.0,68.66907119750977
3213,4.0,2.446364606448921,-1.5536353935510792,100.38955050256321,67.95947366006936,473.2620339855677,0.0,68.21928977966309
3214,4.0,2.419752676430137,-1.5802473235698629,100.81638993370922,67.95946820036964,470.73390063378326,0.0,67.76409149169922
3215,4.0,2.393189707096074,-1.6068102929039259,101.2402960695768,67.95945987247242,468.21041854704725,0.0,67.30200958251953
3216,4.0,2.366740666568421,-1.633259333431579,101.66129213282139,67.95945424554773,465.69775969692023,0.0,66.83497619628906
3217,4.0,2.3403864784109376,-1.6596135215890624,102.07935762713865,67.95945064433006,463.19411182195927,0.0,66.36254119873047
3218,4.0,2.3140851730094756,-1.6859148269905244,102.49457980429904,67.95944828103674,460.6954878088204,0.0,65.88366317749023
3219,4.0,2.2878704313741225,-1.7121295686258775,102.90696754454416,67.95944670551057,458.20508735346186,0.0,65.3993911743164
3220,4.0,2.261720344430249,-1.7382796555697508,103.3165439077861,67.95944580521078,455.7208290937939,0.0,64.9092025756836
3221,4.0,2.235632801002368,-1.7643671989976322,103.72331565368546,67.95945885687912,453.24251246814515,0.0,64.41312408447266
3222,4.0,2.209635801272046,-1.790364198727954,104.12732102206333,67.95945840672971,450.7727974937646,0.0,63.912071228027344
3223,4.0,2.1836769758926087,-1.8163230241073913,104.52859088867328,67.95946530566981,448.30670908271804,0.0,63.404632568359375
3224,4.0,2.1578070744874416,-1.8421929255125584,104.92710861519996,67.95947509889214,445.84906844922716,0.0,62.89234924316406
3225,4.0,2.1319700408649718,-1.8680299591350282,105.32290396904682,67.95948414303248,443.39455025509255,0.0,62.373687744140625
3226,4.0,2.1062283081705555,-1.8937716918294445,105.716023778344,67.95947781080443,440.949085649123,0.0,61.85057830810547
3227,4.0,2.080561477212561,-1.919438522787439,106.10648377371461,67.95948089859657,438.51073670811354,0.0,61.32251739501953
3228,4.0,2.054918786301429,-1.945081213698571,106.49428621404384,67.95947668507513,436.074681071556,0.0,60.7880859375
3229,4.0,2.0293134268791646,-1.9706865731208354,106.87945412625153,67.95947001541427,433.6421719264408,0.0,60.24775314331055
3230,4.0,2.003758574518455,-1.996241425481545,107.26198897419795,67.95947602640227,431.21446095217345,0.0,59.70198059082031
3231,4.0,1.9782846226256083,-2.0217153773743917,107.64191747850253,67.95946979147534,428.794435522353,0.0,59.151763916015625
3232,4.0,1.9528630387692345,-2.0471369612307653,108.01893169741423,67.9594710629132,426.37938505599755,0.0,58.596160888671875
3233,4.0,1.927490882971649,-2.0725091170283507,108.39208195566464,67.95946713776719,423.9690302552269,0.0,58.03465270996094
3234,4.0,1.9022314917015102,-2.09776850829849,108.76034992241749,67.95947035184358,421.5693880845637,0.0,57.468711853027344
3235,4.0,1.8770785343843148,-2.1229214656156854,109.12288906079307,67.9594706913216,419.1798571394301,0.0,56.89784240722656
3236,4.0,1.8520536169792952,-2.147946383020705,109.4790605568939,67.95946801561932,416.80248998595323,0.0,56.32252502441406
3237,4.0,1.8271117707415931,-2.172888229258407,109.82835229094148,67.95946735276766,414.4330145933716,0.0,55.74129867553711
3238,4.0,1.8017114142167932,-2.1982885857832066,110.17035710872335,67.95946490813027,412.0199807235156,0.0,55.13755275309086
3239,4.0,1.777021639490564,-2.222978360509436,110.50466180443163,67.95947004898505,409.6744521245238,0.0,54.546993136405945
3240,4.0,1.752479340478781,-2.2475206595212187,110.83095661531819,67.95947032779794,407.3429337184044,0.0,53.952489376068115
3241,4.0,1.728049351037808,-2.271950648962192,111.14902652264449,67.95947106900859,405.022084721512,0.0,53.35305643081665
3242,4.0,1.7037600251567853,-2.296239974843215,111.45866563705266,67.95947443101778,402.71459876281483,0.0,52.749671936035156
3243,4.0,1.6795772213235158,-2.320422778676484,111.75969283485426,67.95946531340164,400.4172323986543,0.0,52.141398429870605
3244,4.0,1.6555386021513652,-2.344461397848635,112.0519697626473,67.95946559056534,398.1335635772999,0.0,51.529544830322266
3245,4.0,1.631597430851045,-2.368402569148955,112.33535460883161,67.95946842353607,395.85915230376946,0.0,50.91279888153076
3246,4.0,1.6078269995803969,-2.392173000419603,112.6096997450125,67.95946595256969,393.6009613330579,0.0,50.29358768463135
3247,4.0,1.5841571633174834,-2.4158428366825166,112.87491952218026,67.95947037271424,391.35232688808117,0.0,49.66989231109619
3248,4.0,1.5606022485812052,-2.439397751418795,113.13085964187833,67.95947424521272,389.1146099881347,0.0,49.042298316955566
3249,4.0,1.5371704047253927,-2.4628295952746075,113.3774423302851,67.95946453370759,386.8885848218325,0.0,48.41123580932617
3250,4.0,1.5138579168505149,-2.486142083149485,113.61452884899028,67.95946441684555,384.67389847371913,0.0,47.776737213134766
3251,4.0,1.4906752910859902,-2.5093247089140096,113.84205115637893,67.95946544983705,382.4715490260893,0.0,47.13931465148926
3252,4.0,1.4676140554114785,-2.5323859445885217,114.05987801065311,67.95946951177126,380.28073163701066,0.0,46.49885559082031
3253,4.0,1.4446742668474575,-2.5553257331525425,114.26791345377255,67.95946741578452,378.1014517234287,0.0,45.85553169250488
3254,4.0,1.421848881412802,-2.578151118587198,114.4660572891822,67.9594689776658,375.93304010713643,0.0,45.20928764343262
3255,4.0,1.3991329987723935,-2.6008670012276065,114.65421271809647,67.95947097085991,373.7750312562976,0.0,44.560136795043945
3256,4.0,1.3765795793393527,-2.623420420660647,114.83227585511226,67.95946603379811,371.63245641015874,0.0,43.909934997558594
3257,4.0,1.3541090569952605,-2.6458909430047397,115.00016808881304,67.95945899677875,369.49775678746994,0.0,43.256324768066406
3258,4.0,1.3317461465307692,-2.668253853469231,115.15778925071093,67.95945621266337,367.3732802933433,0.0,42.60026168823242
3259,4.0,1.3094992330353803,-2.69050076696462,115.30504196148114,67.95947097616067,365.2598235112813,0.0,41.94218444824219
3260,4.0,1.2873806281377567,-2.7126193718622433,115.44184498460939,67.9594752010978,363.1585560460071,0.0,41.28266525268555
3261,4.0,1.2653538421215735,-2.7346461578784265,115.568087077578,67.95946877124736,361.0660113744697,0.0,40.62070083618164
3262,4.0,1.243457186724492,-2.756542813275508,115.68370107788786,67.9594745841558,358.98582911174697,0.0,39.95770263671875
3263,4.0,1.2216405131583814,-2.7783594868416186,115.78859371865074,67.95947587174024,356.91324512296643,0.0,39.292232513427734
3264,4.0,1.1999768093958199,-2.80002319060418,115.88266399033833,67.9594711205403,354.85519326552316,0.0,38.626808166503906
3265,4.0,1.1783517568104027,-2.821648243189597,115.96584184393396,67.95946376054968,352.8008132699085,0.0,37.95793151855469
3266,4.0,1.1568947709321615,-2.8431052290678385,116.03805993513151,67.9594683530306,350.7623996114756,0.0,37.28995132446289
3267,4.0,1.1355413499582019,-2.864458650041798,116.09921281422051,67.95946932918719,348.7338246189494,0.0,36.6209602355957
3268,4.0,1.1142258272370176,-2.885774172762982,116.14923135428495,67.9594685785288,346.7088499604369,0.0,35.94902038574219
3269,4.0,1.0930639932359385,-2.9069360067640613,116.18804126873798,67.95946565544489,344.6984757303344,0.0,35.278045654296875
3270,4.0,1.0719900585028552,-2.9280099414971446,116.21557374445914,67.95946858270298,342.69645193069147,0.0,34.60609436035156
3271,4.0,1.0510595662344804,-2.94894043376552,116.2317562707566,67.95946984871348,340.70805516519584,0.0,33.93513870239258
3272,4.0,1.030222557253547,-2.969777442746453,116.23654160742848,67.95947168068116,338.7285393120072,0.0,33.26375198364258
3273,4.0,1.0094884741432537,-2.9905115258567463,116.2298495592283,67.95946311187905,336.7588014165293,0.0,32.59241485595703
3274,4.0,0.9888493930132098,-3.0111506069867904,116.21162761110304,67.95946637751638,334.79808870917515,0.0,31.92105484008789
3275,4.0,0.9682845619523383,-3.031715438047662,116.18186096980699,67.95946655635726,332.8444297583923,0.0,31.249195098876953
3276,4.0,0.9478201870021191,-3.0521798129978808,116.14047707135715,67.9594658872951,330.90031413812153,0.0,30.577857971191406
3277,4.0,0.9274665887198733,-3.072533411280127,116.08747193310838,67.95946790971344,328.96672230130815,0.0,29.907569885253906
3278,4.0,0.9072301255045303,-3.0927698744954695,116.02284391950856,67.95946581512301,327.0442582958506,0.0,29.238727569580078
3279,4.0,0.8870910562221944,-3.1129089437778057,115.94656123434125,67.95947423034886,325.1310467140287,0.0,28.570877075195312
3280,4.0,0.8670116798679203,-3.1329883201320796,115.85864630549091,67.9594686298773,323.2235059603727,0.0,27.902999877929688
3281,4.0,0.847077466063403,-3.152922533936597,115.75911002502164,67.9594634159676,321.3297556489435,0.0,27.238037109375
3282,4.0,0.8271943424221606,-3.1728056575778396,115.64793170516384,67.95946674720118,319.44085890302546,0.0,26.573143005371094
3283,4.0,0.8074456105993965,-3.1925543894006037,115.52510992124478,67.95946900774204,317.56472937986285,0.0,25.911178588867188
3284,4.0,0.7877638706909642,-3.212236129309036,115.39067432518331,67.95947036911068,315.69496408856185,0.0,25.250167846679688
3285,4.0,0.7681754738452243,-3.231824526154776,115.24460522085072,67.95946999357555,313.8340663882165,0.0,24.59113311767578
3286,4.0,0.7487057958298761,-3.251294204170124,115.08694917158044,67.95947113387598,311.9844469767584,0.0,23.935073852539062
3287,4.0,0.7293226089690104,-3.27067739103099,114.91772864017852,67.9594689597698,310.14304422497617,0.0,23.281138241291046
3288,4.0,0.709979832275778,-3.2900201677242222,114.73696592834469,67.9594671867773,308.3054804391191,0.0,22.628036618232727
3289,4.0,0.6907659674613629,-3.309234032538637,114.54469273791962,67.95946857097412,306.4801632817497,0.0,21.978770971298218
3290,4.0,0.6716467056594606,-3.3283532943405394,114.34095812715945,67.95946358265681,304.663833410569,0.0,21.33242440223694
3291,4.0,0.6526038555113801,-3.34739614448862,114.12578547201969,67.95947154368714,302.85476264650134,0.0,20.68859100341797
3292,4.0,0.6336593363791847,-3.3663406636208153,113.89924711734922,67.95947292583531,301.0550333289428,0.0,20.048144817352295
3293,4.0,0.6147803150249436,-3.3852196849750564,113.66140478981303,67.95946884416003,299.26152630028986,0.0,19.410220623016357
3294,4.0,0.5960047951363591,-3.403995204863641,113.41231454222266,67.9594679524588,297.47785191087434,0.0,18.77618980407715
3295,4.0,0.57731390231531,-3.4226860976846902,113.15206588597263,67.95946852664031,295.70221709287466,0.0,18.145627975463867
3296,4.0,0.5587327249563719,-3.441267275043628,112.88072410016429,67.95945729400194,293.93700524377556,0.0,17.519487380981445
3297,4.0,0.5402241039350694,-3.4597758960649307,112.59836286938435,67.9594652489297,292.1786862467518,0.0,16.896763801574707
3298,4.0,0.5217700734045342,-3.478229926595466,112.30509647370076,67.95946887156445,290.42555334635097,0.0,16.277066230773926
3299,4.0,0.5034255939301067,-3.496574406069893,112.00100798467196,67.95946748436003,288.6828277962804,0.0,15.662270545959473
3300,4.0,0.4851708169596657,-3.514829183040334,111.68618463280539,67.95947858295617,286.9486239840885,0.0,15.051910400390625
3301,4.0,0.467000088430499,-3.532999911569501,111.36079431641632,67.95948370111127,285.22240477381763,0.0,14.445972442626953
3302,4.0,0.44893443246132375,-3.5510655675386764,111.02504959613833,67.95948018744903,283.50616745674597,0.0,13.845268785953522
3303,4.0,0.4309013650397971,-3.569098634960203,110.6791747024988,67.95948072270232,281.79302605170096,0.0,13.247724294662476
3304,4.0,0.41299974171325227,-3.5870002582867477,110.32338403153244,67.95948047542657,280.09237183567916,0.0,12.656535863876343
3305,4.0,0.39516583487878815,-3.6048341651212117,109.95782292539107,67.9594762753186,278.39815068640513,0.0,12.069881916046143
3306,4.0,0.37742566880487516,-3.622574331195125,109.58267535966306,67.95947446270988,276.71283490938333,0.0,11.488698482513428
3307,4.0,0.35978823452135983,-3.6402117654786403,109.19810740106314,67.95947059465686,275.0372786524494,0.0,10.913387298583984
3308,4.0,0.3422029876843972,-3.6577970123156027,108.8042812035497,67.95946819985095,273.36668020293797,0.0,10.342541694641113
3309,4.0,0.3246976190316401,-3.67530238096836,108.40141758634695,67.95945965847224,271.70367018092605,0.0,9.77713394165039
3310,4.0,0.3072830078250206,-3.6927169921749794,107.98961353370377,67.95945699777383,270.04928211629715,0.0,9.21760368347168
3311,4.0,0.28997269219033384,-3.710027307809666,107.56909918733919,67.95946291441032,268.40480213100193,0.0,8.664472579956055
3312,4.0,0.27273004478572405,-3.727269955214276,107.13999529567619,67.95946653632268,266.766750627564,0.0,8.116748809814453
3313,4.0,0.2555374916678068,-3.744462508332193,106.70249184815461,67.95946553657858,265.1334580813619,0.0,7.574024200439453
3314,4.0,0.23847060709998064,-3.7615293929000195,106.25676131758743,67.959478901237,263.51210404741835,0.0,7.038642883300781
3315,4.0,0.22146110481633677,-3.7785388951836634,105.80296883300382,67.95948095410634,261.8962013304722,0.0,6.508678436279297
3316,4.0,0.20455663883733918,-3.795443361162661,105.34119441978112,67.95947162381704,260.29027706246745,0.0,5.985622406005859
3317,4.0,0.1877536507339366,-3.812246349266063,104.8713498422762,67.9594775727047,258.6939931926442,0.0,5.469438552856445
3318,4.0,0.17101747982469678,-3.828982520175303,104.3933365492751,67.95947202250937,257.10405695626645,0.0,4.959190368652344
3319,4.0,0.20606681493770404,-3.793933185062296,84.21035774403603,93.36124056683617,260.4337437920021,0.0,4.8202667236328125
3320,4.0,0.20957551523468554,-3.7904244847653144,84.53501983318479,92.07794743066482,260.76707032021534,0.0,4.921241760253906
3321,4.0,0.21298197586643597,-3.7870180241335643,84.64724672952255,90.43609106161283,225.11401285096275,0.0,5.007871627807617
3322,4.0,0.21604747877155678,-3.7839525212284433,84.58370010941515,88.65145767412416,225.40523562694926,0.0,5.076137542724609
3323,4.0,0.2185982514886832,-3.7814017485113167,84.37140923954374,86.81247522035733,225.64755903507626,0.0,5.123178482055664
3324,4.0,0.220596560999455,-3.779403439000545,84.05151390640486,84.94735043562848,189.93306576809437,0.0,5.150409698486328
3325,4.0,0.2219430055484805,-3.7780569944515197,83.63806949270838,83.07014841878387,190.06097800025185,0.0,5.1563568115234375
3326,4.0,0.2226765064354418,-3.777323493564558,83.138077855029,81.19127906714603,190.13066058451312,0.0,5.1424713134765625
3327,4.0,0.22269388084601285,-3.777306119153987,82.57707993829627,79.31870534934386,154.24790302155452,0.0,5.1081695556640625
3328,4.0,0.22210563369828054,-3.7778943663017195,81.95903284459109,77.45852255956021,154.19201954251997,0.0,5.056545257568359
3329,4.0,0.2208275838346494,-3.7791724161653506,81.2834491681399,75.61531967591789,154.070604805475,0.0,4.9860076904296875
3330,4.0,0.21888344492183617,-3.781116555078164,80.5690909133737,73.79256758881834,117.96530433551521,0.0,4.898677825927734
3331,4.0,0.21631570309480305,-3.783684296905197,79.8152379121265,71.99280358636727,117.7213688619471,0.0,4.7959136962890625
3332,4.0,0.230472662546714,-3.769527337453286,74.4331577327811,76.17538312309864,119.0662800098786,0.0,4.765224456787109
3333,4.0,0.2330258566090559,-3.7669741433909443,73.7996011311638,74.19114543501756,119.30883344580099,0.0,4.777004241943359
3334,4.0,0.23490320382540472,-3.7650967961745954,73.10631673113981,72.25207502874122,83.71876186769555,0.0,4.770252227783203
3335,4.0,0.23623041349872928,-3.7637695865012706,72.36061918755084,70.39140980578257,83.84484678666138,0.0,4.748271942138672
3336,4.0,0.24264409391597008,-3.75735590608403,70.29740215556484,70.2919515067671,84.4541464262993,0.0,4.738124847412109
3337,4.0,0.24666809500387674,-3.753331904996123,69.14721477415227,69.15529462069834,84.83642652965034,0.0,4.737892150878906
3338,4.0,0.2507451109959398,-3.7492548890040602,68.03369788031908,68.06431535284226,85.22374304889638,0.0,4.738643646240234
3339,4.0,0.25439979744874924,-3.745600202551251,67.0650764230553,66.98999463331019,85.57093826191328,0.0,4.739261627197266
3340,4.0,0.2579758093068919,-3.742024190693108,66.16535015154216,66.16277751435018,85.91065938843678,0.0,4.741405487060547
3341,4.0,0.2613720482305998,-3.7386279517694003,65.34128081035803,65.67098735717748,86.23330208618904,0.0,4.743995666503906
3342,4.0,0.2653422704480075,-3.7346577295519925,64.51105371016756,65.53989493327387,86.6104731968428,0.0,4.754863739013672
3343,4.0,0.27014737522589866,-3.7298526247741015,63.67928179251961,65.66398660212478,87.06695815074238,0.0,4.778553009033203
3344,4.0,0.27580160131521464,-3.7241983986847855,62.84935901300601,65.961656492928,87.60410962922742,0.0,4.8149871826171875
3345,4.0,0.2826468637057191,-3.717353136294281,62.02383553982917,66.37834350661485,88.25440955632541,0.0,4.869678497314453
3346,4.0,0.290632212961695,-3.709367787038305,61.20461441788878,66.87722405050404,89.01301773564307,0.0,4.941120147705078
3347,4.0,0.2999416243194911,-3.7000583756805088,60.39316033084757,67.43305654671045,89.89741181463376,0.0,5.0317840576171875
3348,4.0,0.31062063576327276,-3.689379364236727,59.5906367793295,67.9905741467514,90.911917901793,0.0,5.141689300537109
3349,4.0,0.3226552995774799,-3.67734470042252,58.79823520539614,68.44915933727216,92.0552109641427,0.0,5.269878387451172
3350,4.0,0.3358411385112577,-3.664158861488742,58.01705515099465,68.71922563747663,93.30786566285155,0.0,5.412364959716797
3351,4.0,0.35006083580037034,-3.6499391641996297,57.247888026245285,68.76682372985987,94.65873690531726,0.0,5.566734313964844
3352,4.0,0.3653427376576182,-3.634657262342382,56.49125244849882,68.6241570933359,96.11051758175586,0.0,5.732963562011719
3353,4.0,0.38133690941411696,-3.618663090585883,55.74751773508364,68.36360930447748,97.62996389862315,0.0,5.905162811279297
3354,4.0,0.3981195489894886,-3.6018804510105116,55.0169386110688,68.06450682071319,99.22431465828345,0.0,6.084255218505859
3355,4.0,0.41564784352497175,-3.5843521564750285,54.29964349800635,67.79783688638598,100.88950263915433,0.0,6.269313812255859
3356,4.0,0.4339698828051936,-3.5660301171948063,53.59570499136603,67.6167585390831,102.6300963707755,0.0,6.460811614990234
3357,4.0,0.45333149563907343,-3.5466685043609267,52.905170383715685,67.54776809433875,104.46944958999404,0.0,6.662105560302734
3358,4.0,0.4736955047977578,-3.5263044952022424,52.228054629125424,67.58541471644901,106.40403046006907,0.0,6.872276306152344
3359,4.0,0.495161008216519,-3.504838991783481,51.56437116805517,67.69995512018886,108.44325328485138,0.0,7.0924072265625
3360,4.0,0.5178161876622074,-3.4821838123377926,50.914140747110146,67.85063274792206,110.59549533219177,0.0,7.3233795166015625
3361,4.0,0.5416184065209207,-3.4583815934790794,50.27737613030727,67.99665507736547,112.85670612376953,0.0,7.564208984375
3362,4.0,0.5667364494523817,-3.4332635505476183,49.65410796124228,68.1059925069667,115.24292020225835,0.0,7.816886901855469
3363,4.0,0.5929478675285359,-3.407052132471464,49.04437170243276,68.16088006471989,117.733004919493,0.0,8.077987670898438
3364,4.0,0.6203023066512425,-3.3796976933487572,48.44818966731266,68.15936531160308,120.33167663615012,0.0,8.347923278808594
3365,4.0,0.6487860996763097,-3.3512139003236903,47.86559372317808,68.11304579284098,123.03763697353145,0.0,8.626258850097656
3366,4.0,0.6783771620868387,-3.321622837913161,47.296609273364865,68.04140007161405,125.8487879025318,0.0,8.912483215332031
3367,4.0,0.7089752798400074,-3.2910247201599927,46.74125044354086,67.96559634348336,128.75560908908284,0.0,9.205108642578125
3368,4.0,0.7405086237499778,-3.259491376250022,46.19953100586413,67.903462192516,131.75127676053,0.0,9.503097534179688
3369,4.0,0.7731455126189881,-3.226854487381012,45.671432176051745,67.86627334910705,134.85178120308598,0.0,9.808517456054688
3370,4.0,0.8068509218961453,-3.193149078103855,45.156977257762264,67.85755358567654,138.05379508441587,0.0,10.120819091796875
3371,4.0,0.8416355774990952,-3.1583644225009047,44.65614578875748,67.87362126505563,141.35833736669616,0.0,10.440055847167969
3372,4.0,0.8775787060315173,-3.1224212939684826,44.168933717097396,67.90591160464712,144.77293457727626,0.0,10.767143249511719
3373,4.0,0.914447076851691,-3.0855529231483088,43.695347867969865,67.94394030440996,148.27542980519274,0.0,11.099189758300781
3374,4.0,0.9524690542368333,-3.0475309457631665,43.23572009150549,67.97797534175741,151.88751765678126,0.0,11.439079284667969
3375,4.0,0.9916813133803412,-3.008318686619659,42.79217771914803,68.00110567521696,155.6126822754145,0.0,11.787834167480469
3376,4.0,1.0319855131675648,-2.968014486832435,42.35978262200463,68.01025064406502,159.4415812552008,0.0,12.142967224121094
3377,4.0,1.0731577139076818,-2.9268422860923184,41.944151009342306,68.00607978070353,163.35294032551184,0.0,12.503524780273438
3378,4.0,1.1154481785149084,-2.8845518214850916,41.53820290445292,67.99220138025191,167.3705344631984,0.0,12.870475769042969
3379,4.0,1.1585855523284192,-2.841414447671581,41.14265719282487,67.97366683435419,171.46858497548186,0.0,13.240913391113281
3380,4.0,1.2025450819230985,-2.7974549180769017,40.758114764897215,67.95560944768583,175.6447402869764,0.0,13.614852905273438
3381,4.0,1.2474724307877314,-2.7525275692122686,40.384873340622704,67.94203281326551,179.9128384291165,0.0,13.994171142578125
3382,4.0,1.2933539167586325,-2.7066460832413677,40.023122696167846,67.93510561224478,184.27157959635218,0.0,14.37890625
3383,4.0,1.3401688772756204,-2.6598311227243796,39.67300548701296,67.93506271706514,188.71900084546604,0.0,14.769035339355469
3384,4.0,1.387816392533839,-2.612183607466161,39.33457596062542,67.94055501138817,193.24551479499678,0.0,15.163658142089844
3385,4.0,1.436218530896014,-2.563781469103986,39.00792265382891,67.94924940886365,197.8437179394034,0.0,15.56219482421875
3386,4.0,1.4854427572055302,-2.51455724279447,38.69305709178548,67.95852853165725,202.52001943880748,0.0,15.965644836425781
3387,4.0,1.5354158725867546,-2.4645841274132456,38.390018767836175,67.96617868763065,207.26746540002375,0.0,16.373512268066406
3388,4.0,1.5860666171738655,-2.4139333828261345,38.09879170608849,67.97078796389961,212.0792861357993,0.0,16.78533935546875
3389,4.0,1.6373102107085447,-2.3626897892914553,37.819425386017414,67.97192750461329,216.94742752159385,0.0,17.200592041015625
3390,4.0,1.6892593749875844,-2.3107406250124156,37.55189684786823,67.9700163051297,221.8825981281026,0.0,17.620803833007812
3391,4.0,1.7416036607675829,-2.258396339232417,37.29622960498754,67.96610370092962,226.85530527720243,0.0,18.04312500357628
3392,4.0,1.7945593111978735,-2.2054406888021267,37.052401808630606,67.96146156572476,231.88609206808002,0.0,18.470203518867493
3393,4.0,1.8479570087122723,-2.1520429912877277,36.820448194372624,67.95729329793721,236.95887333194798,0.0,18.900723695755005
3394,4.0,1.9016564429348486,-2.098343557065151,36.60032927726217,67.95444700133665,242.06031958309273,0.0,19.333681106567383
3395,4.0,1.955619836826559,-2.0443801631734413,36.39207187160802,67.95329895711467,247.18684200280518,0.0,19.769182682037354
3396,4.0,2.0098853880128695,-1.9901146119871305,36.19563371685997,67.95377464322681,252.3420693655047,0.0,20.20807647705078
3397,4.0,2.0643112809335804,-1.9356887190664196,36.01102964735799,67.9554586712639,257.51252919297224,0.0,20.649437427520752
3398,4.0,2.118802139421751,-1.881197860578249,35.83822102843731,67.95770475409243,262.68916074934845,0.0,21.0928053855896
3399,4.0,2.173391749879046,-1.826608250120954,35.6772024449863,67.95990755348804,267.87517374279145,0.0,21.53903818130493
3400,4.0,2.227891014356847,-1.7721089856431531,35.52792895080768,67.96158273953257,273.05260386818253,0.0,21.986764907836914
3401,4.0,2.2823871604897685,-1.7176128395102315,35.390377574418274,67.96244084139406,278.2297377508101,0.0,22.437373161315918
3402,4.0,2.336685749038651,-1.6633142509613492,35.26448383756601,67.96245220620737,283.3881036629539,0.0,22.88944911956787
3403,4.0,2.39078477392477,-1.60921522607523,35.15021426341139,67.96179342413855,288.52751102713523,0.0,23.343499183654785
3404,4.0,2.4444873205449738,-1.5555126794550262,35.047503884955894,67.96072666393982,293.6292529560546,0.0,23.798105239868164
3405,4.0,2.497978363260679,-1.5020216367393209,34.956283462425304,67.95959915435836,298.7109020140466,0.0,24.255566596984863
3406,4.0,2.5508189720863834,-1.4491810279136166,34.87648431480315,67.9586624200675,303.7307598524885,0.0,24.71211051940918
3407,4.0,2.60335231983729,-1.39664768016271,34.80801281257414,67.95809057509706,308.7214278888246,0.0,25.171533584594727
3408,4.0,2.6552960258168365,-1.3447039741831635,34.75076922105232,67.95795045143075,313.65607995688157,0.0,25.631549835205078
3409,4.0,2.7065408974064757,-1.2934591025935243,34.70464781634258,67.95817718258618,318.5243427578973,0.0,26.091541290283203
3410,4.0,2.757050211837243,-1.2429497881627571,34.66952984847555,67.95865367575364,323.32272762882013,0.0,26.551565170288086
3411,4.0,2.8067262658432957,-1.1932737341567043,34.64528287735851,67.95922092879536,328.04195275939514,0.0,27.011062622070312
3412,4.0,2.855692322616818,-1.144307677383182,34.63174709161423,67.95973056536874,332.69372815287977,0.0,27.471559524536133
3413,4.0,2.9038085430593004,-1.0961914569406996,34.62878271102599,67.9600823427297,337.2647690949156,0.0,27.932043075561523
3414,4.0,2.9509988198224675,-1.0490011801775325,34.636204919749055,67.9602180783091,341.7478453874165,0.0,28.39205551147461
3415,4.0,2.9973311487222745,-1.0026688512777255,34.65385951902331,67.96016067888873,346.1494166328982,0.0,28.85252571105957
3416,4.0,3.0426373420301216,-0.9573626579698784,34.68153207984794,67.9599596503859,350.4535049971436,0.0,29.312034606933594
3417,4.0,3.0871034551507273,-0.9128965448492727,34.71905877178069,67.95968779784597,354.6777857436012,0.0,29.77259063720703
3418,4.0,3.130604060413341,-0.8693959395866591,34.76619701499809,67.95942435545761,358.8103432435495,0.0,30.233110427856445
3419,4.0,3.173072465648073,-0.8269275343519271,34.82277896488952,67.95921831712879,362.844841740849,0.0,30.693111419677734
3420,4.0,3.214355733569737,-0.7856442664302632,34.888561894753124,67.95911201983199,366.7667521934071,0.0,31.151180267333984
3421,4.0,3.2544962316498065,-0.7455037683501935,34.963337715896635,67.95910394271998,370.5800995110137,0.0,31.607791900634766
3422,4.0,3.293694522233329,-0.7063054777666711,35.04685819760607,67.95917896741739,374.3039371164483,0.0,32.06490135192871
3423,4.0,3.3317010932576205,-0.6682989067423795,35.13887499628536,67.95930179123415,377.91456136375604,0.0,32.520063400268555
3424,4.0,3.3685634324356806,-0.6314365675643194,35.23915596804023,67.95944340856991,381.4164835856717,0.0,32.973703384399414
3425,4.0,3.404194587630797,-0.5958054123692031,35.34743819801389,67.95956684691085,384.8014433292078,0.0,33.42487716674805
3426,4.0,3.438809148118996,-0.5611908518810038,35.46346486517016,67.95964080164977,388.0898265755867,0.0,33.875579833984375
3427,4.0,3.4723225461659073,-0.5276774538340927,35.586962498022835,67.95966172743263,391.2735993900433,0.0,34.32483673095703
3428,4.0,3.5047701857749938,-0.4952298142250062,35.717678087272326,67.9596344701757,394.3561251529065,0.0,34.77284812927246
3429,4.0,3.5359754708409197,-0.4640245291590803,35.85532935327047,67.95957918621234,397.3206272341695,0.0,35.21765697002411
3430,4.0,3.5662271776067933,-0.4337728223932067,35.99968744325855,67.95950152546887,400.1945393769274,0.0,35.661962151527405
3431,4.0,3.5952526374369413,-0.40474736256305865,36.150446880184965,67.95944279534415,402.9519580607915,0.0,36.10277485847473
3432,4.0,3.6232305887977545,-0.3767694112022455,36.30737784380609,67.95939042981199,405.60986344006875,0.0,36.541667222976685
3433,4.0,3.650235386400806,-0.3497646135991941,36.470169515063354,67.95937167746791,408.17531921235866,0.0,36.97908425331116
3434,4.0,3.67614182662591,-0.3238581733740902,36.63859475161907,67.95938152111388,410.6364310337435,0.0,37.413519620895386
3435,4.0,3.7010834626922864,-0.2989165373077136,36.812358427861994,67.95939978795117,413.0058864600493,0.0,37.84600305557251
3436,4.0,3.724986523701458,-0.2750134762985419,36.99124210035131,67.95943148921623,415.2766772559206,0.0,38.275521755218506
3437,4.0,3.7479806705354433,-0.25201932946455674,37.174952342460216,67.95946540906016,417.4611212051492,0.0,38.70305633544922
3438,4.0,3.7700495627557657,-0.22995043724423425,37.36327629664013,67.9594863145274,419.55766596607987,0.0,39.12816762924194
3439,4.0,3.791173524909861,-0.20882647509013896,37.55592057093747,67.95950523058791,421.5644423707189,0.0,39.550281047821045
3440,4.0,3.811435440386115,-0.18856455961388496,37.75270492670323,67.95950966493542,423.489324340963,0.0,39.96999931335449
3441,4.0,3.830717382191357,-0.16928261780864284,37.95332965312323,67.95950266586973,425.32110881246103,0.0,40.38568878173828
3442,4.0,3.8492505637771157,-0.15074943622288428,38.157618439614104,67.95949436456182,427.08176106310805,0.0,40.79950952529907
3443,4.0,3.8670056882848796,-0.13299431171512044,38.36529180716103,67.95947907184438,428.76849789134565,0.0,41.21077823638916
3444,4.0,3.88392371709599,-0.11607628290401006,38.57617875394787,67.95946967506423,430.3757106284011,0.0,41.61859321594238
3445,4.0,3.9000834787335927,-0.09991652126640727,38.790022767394305,67.95946257061739,431.9108879839734,0.0,42.02342414855957
3446,4.0,3.915511528479738,-0.08448847152026184,39.00666270817051,67.95945804535201,433.3765527098572,0.0,42.42528820037842
3447,4.0,3.9302842476801176,-0.06971575231988236,39.225856724145935,67.95945673155848,434.7799610338933,0.0,42.82465744018555
3448,4.0,3.9443423184093924,-0.05565768159060758,39.447436048912465,67.95945738715128,436.11547775317433,0.0,43.220608711242676
3449,4.0,3.957712056790973,-0.042287943209026846,39.67119767682422,67.95946003233189,437.3856028994245,0.0,43.613104820251465
3450,4.0,3.970467456214326,-0.029532543785673937,39.89697145661948,67.95945732419797,438.59736584464304,0.0,44.0026741027832
3451,4.0,3.9825857561930134,-0.01741424380698664,40.12456495771158,67.95946714975778,439.74860434261836,0.0,44.388755798339844
3452,4.0,3.994183226130614,-0.0058167738693861715,40.35384048671373,67.95947622173733,440.8503639866904,0.0,44.77239799499512
3453,4.0,4.0051921874203416,0.005192187420341554,40.58460718111571,67.95947917250844,441.34361569506154,0.0,45.15254211425781
3454,4.0,4.015662489946298,0.015662489946297597,40.81654928084597,67.95947350253415,442.33829443502736,0.0,45.52930164337158
3455,4.0,4.025670582847522,0.025670582847522105,41.049319979278025,67.9594686103015,443.2890632606437,0.0,45.903066635131836
3456,4.0,4.035187230368826,0.03518723036882587,41.2829144371785,67.9594645156513,444.1931447751675,0.0,46.27341365814209
3457,4.0,4.0442660250934805,0.04426602509348054,41.517259120276506,67.959467227012,445.05563027400973,0.0,46.64078903198242
3458,4.0,4.052804284716802,0.05280428471680221,41.75230443339001,67.95946440437237,445.8667649382253,0.0,47.00386619567871
3459,4.0,4.060973821448262,0.06097382144826202,41.98795868543375,67.9594684766419,446.642870927714,0.0,47.364444732666016
3460,4.0,4.068748681081439,0.06874868108143861,42.22414828191677,67.95947542282303,447.3814825928658,0.0,47.722068786621094
3461,4.0,4.076102273108846,0.07610227310884632,42.46078114466544,67.95948004426411,448.0800738354695,0.0,48.07624626159668
3462,4.0,4.083090300108458,0.08309030010845841,42.69778959011602,67.95947026036664,448.74393640043263,0.0,48.427480697631836
3463,4.0,4.089684251004292,0.08968425100429211,42.93510307524136,67.95947463355073,449.37036173553685,0.0,48.77528190612793
3464,4.0,4.095852264598328,0.09585226459832796,43.17265673396555,67.95946813843918,449.95632302697027,0.0,49.119117736816406
3465,4.0,4.1017319734588895,0.10173197345888951,43.41040274357828,67.95946546984749,450.5148953687236,0.0,49.46051025390625
3466,4.0,4.107219461169146,0.10721946116914616,43.64815055821658,67.95947165459044,451.03620670119795,0.0,49.79792594909668
3467,4.0,4.112484809107416,0.11248480910741598,43.885086531944054,67.95946679151223,451.5364147553336,0.0,50.13243103027344
3468,4.0,4.117542783001598,0.11754278300159804,44.121030536820534,67.95946208396454,452.0169222752809,0.0,50.46395301818848
3469,4.0,4.1223076746667875,0.12230767466678749,44.356092887332956,67.9594529172349,452.4695869834739,0.0,50.79151725769043
3470,4.0,4.126861188315991,0.12686118831599114,44.59034738112997,67.95945702516738,452.90217078014825,0.0,51.116159439086914
3471,4.0,4.131164773044812,0.13116477304481222,44.82377722938978,67.95945273118626,453.31101132938625,0.0,51.43733596801758
3472,4.0,4.135305144801944,0.13530514480194444,45.05594411789701,67.95946319529953,453.7043466463138,0.0,51.755577087402344
3473,4.0,4.139245563934149,0.139245563934149,45.28680682712407,67.95946655394638,454.0786864638732,0.0,52.07033729553223
3474,4.0,4.142986780545883,0.14298678054588265,45.51644398476013,67.95947622992337,454.43410204198796,0.0,52.38167381286621
3475,4.0,4.14659376533008,0.1465937653300804,45.74493366682177,67.9594761814167,454.7767655964867,0.0,52.690460205078125
3476,4.0,4.149957057156769,0.14995705715676877,45.972310739444815,67.95947608453984,455.0962783200221,0.0,52.995309829711914
3477,4.0,4.153191691669525,0.15319169166952484,46.19859151461001,67.95946689177167,455.40356859873395,0.0,53.29766845703125
3478,4.0,4.1562258513528025,0.15622585135280254,46.4237839614188,67.95946668564383,455.6918137686453,0.0,53.59659194946289
3479,4.0,4.159062055664682,0.15906205566468223,46.64787660717237,67.95946289486943,455.9612531782739,0.0,53.892059326171875
3480,4.0,4.161741809921571,0.16174180992157083,46.87085035620463,67.95946553056658,456.2158298326783,0.0,54.18454933166504
3481,4.0,4.164273753044103,0.1642737530441032,47.092671080053115,67.95946890547826,456.4563644293189,0.0,54.474103927612305
3482,4.0,4.1666976743603135,0.16669767436031346,47.31331641962938,67.95946836471991,456.68663695435885,0.0,54.76119041442871
3483,4.0,4.168944331365642,0.16894433136564224,47.532763294750964,67.95946312374234,456.9000693698651,0.0,55.04484558105469
3484,4.0,4.171015189450445,0.17101518945044525,47.75099192005222,67.95946731974507,457.0968008879214,0.0,55.32503128051758
3485,4.0,4.17298794674136,0.17298794674135998,47.96797609446433,67.95946384809233,457.2842128305583,0.0,55.602718353271484
3486,4.0,4.17476164458986,0.17476164458985988,48.18368757106938,67.95947541627388,457.4527141261658,0.0,55.876502990722656
3487,4.0,4.176490057694319,0.1764900576943189,48.39809325082605,67.95947277859592,457.61691337108937,0.0,56.14837646484375
3488,4.0,4.178100427460356,0.1781004274603557,48.611187092331186,67.95947359728527,457.76989849886286,0.0,56.41733932495117
3489,4.0,4.179521238967112,0.17952123896711214,48.82294348294028,67.95947330283896,457.9048755920047,0.0,56.682369232177734
3490,4.0,4.180901271527581,0.1809012715275813,49.03334260706486,67.95947105767915,458.0359786852493,0.0,56.9454345703125
3491,4.0,4.182137326102694,0.18213732610269417,49.24232971363027,67.9594608155261,458.15340386988504,0.0,57.20505142211914
3492,4.0,4.183311159287108,0.18331115928710773,49.44979831782195,67.95945428069354,458.26491802240434,0.0,57.46219253540039
3493,4.0,4.184396587180411,0.1843965871804114,49.655659432320086,67.95945773438191,458.36803367226815,0.0,57.71638107299805
3494,4.0,4.185397460559746,0.18539746055974593,49.85986507317849,67.95946288834911,458.46311664330494,0.0,57.96759796142578
3495,4.0,4.186356133211007,0.18635613321100664,50.06238485067498,67.9594667190266,458.5541905451747,0.0,58.21638107299805
3496,4.0,4.187198799923147,0.1871987999231468,50.26323959529574,67.95947469976198,458.63424388282806,0.0,58.46171569824219
3497,4.0,4.187996217506875,0.18799621750687479,50.46241093173851,67.9594861075904,458.7099985532822,0.0,58.704551696777344
3498,4.0,4.188733475354863,0.18873347535486307,50.65989541743944,67.95949294256552,458.7800380488411,0.0,58.94466660916805
3499,4.0,4.189378615193006,0.18937861519300636,50.85567996598106,67.95948250798914,458.8413263334647,0.0,59.18158280849457
3500,4.0,4.189989235430273,0.18998923543027324,51.04977346496747,67.95947334174487,458.89933525600503,0.0,59.4161114692688
3501,4.0,4.190549801872951,0.190549801872951,51.24220151768053,67.95946957678689,458.9525890680594,0.0,59.64805483818054
3502,4.0,4.19106627562575,0.19106627562574996,51.433003693846004,67.95946820338482,459.00165407457536,0.0,59.877535343170166
3503,4.0,4.191533632717261,0.19153363271726143,51.62221797925996,67.95946970097391,459.0460529982689,0.0,60.104517459869385
3504,4.0,4.1918871061352805,0.19188710613528048,51.8098721382571,67.95948238043702,459.07963297298073,0.0,60.3280930519104
3505,4.0,4.192224699396395,0.19222469939639542,51.995991067135606,67.95947549647234,459.11170433278664,0.0,60.5496883392334
3506,4.0,4.192441340829452,0.1924413408294523,52.18060177981718,67.95947335044522,459.13228526892703,0.0,60.76780891418457
3507,4.0,4.192678211787267,0.19267821178726674,52.36370836574517,67.95947070568322,459.15478800991946,0.0,60.98449420928955
3508,4.0,4.192823452683871,0.19282345268387058,52.54533545368124,67.9594733527944,459.1685858950968,0.0,61.198143005371094
3509,4.0,4.192889393935448,0.1928893939354479,52.72548498173503,67.95946349059084,459.1748503139966,0.0,61.4089241027832
3510,4.0,4.1929688653037145,0.1929688653037145,52.90415867958774,67.95945915845459,459.182400093982,0.0,61.618191719055176
3511,4.0,4.192899260353846,0.19289926035384575,53.08136887770721,67.95945800954438,459.17578762374444,0.0,61.823564529418945
3512,4.0,4.19290900691421,0.19290900691420987,53.257117675183856,67.95946416598315,459.17671354697904,0.0,62.02840232849121
3513,4.0,4.192837999778239,0.1928379997782388,53.43140470157236,67.95946690054514,459.1699678690618,0.0,62.230340003967285
3514,4.0,4.192623234856387,0.192623234856387,53.604223334963905,67.9594732538421,459.14956520148587,0.0,62.428420066833496
3515,4.0,4.192453523885274,0.19245352388527426,53.77558669756841,67.95947206098434,459.1334426592301,0.0,62.625457763671875
3516,4.0,4.192201550729132,0.19220155072913236,53.945484573937044,67.95947575967237,459.1095052093967,0.0,62.81954002380371
3517,4.0,4.191935988877796,0.19193598887779562,54.113922263591355,67.95947629894347,459.08427683351965,0.0,63.01169395446777
3518,4.0,4.1916172329733525,0.19161723297335254,54.28091110248761,67.95947123536216,459.0539950225976,0.0,63.20133399963379
3519,4.0,4.191221098285018,0.191221098285018,54.44643871841553,67.9594740621667,459.0163622272058,0.0,63.3880729675293
3520,4.0,4.190871951938156,0.19087195193815631,54.6105071145788,67.9594692417076,458.98319332425393,0.0,63.57378959655762
3521,4.0,4.190441344427542,0.19044134442754235,54.77312454905234,67.95946131417593,458.9422856107456,0.0,63.75654602050781
3522,4.0,4.189965810882005,0.18996581088200504,54.93430121441806,67.95945989235935,458.8971099239196,0.0,63.9369010925293
3523,4.0,4.189499525007227,0.18949952500722667,55.09403251078536,67.95945720534816,458.8528127658156,0.0,64.11567306518555
3524,4.0,4.188990374691872,0.18899037469187174,55.25231252208296,67.95945816967367,458.8044434858569,0.0,64.29205703735352
3525,4.0,4.188400994686946,0.18840099468694582,55.40916446513568,67.95945469463933,458.74845238538893,0.0,64.46549987792969
3526,4.0,4.187792354241347,0.18779235424134733,55.56458138175828,67.95945539050611,458.69063154305707,0.0,64.63692474365234
3527,4.0,4.187232629559518,0.18723262955951814,55.718561145614785,67.95946003163849,458.6374576982833,0.0,64.80738258361816
3528,4.0,4.1865610036589995,0.18656100365899952,55.871110147371255,67.95946895600997,458.57365323773405,0.0,64.97439193725586
3529,4.0,4.1858727670150415,0.18587276701504152,56.022239180302485,67.95947580071872,458.50827075655803,0.0,65.13943481445312
3530,4.0,4.185230656278772,0.18523065627877244,56.17195225463385,67.95947464404142,458.4472702366125,0.0,65.30349349975586
3531,4.0,4.184477027953426,0.18447702795342558,56.32024545506784,67.95947723927426,458.3756755457045,0.0,65.46410369873047
3532,4.0,4.183737012551092,0.18373701255109243,56.467124906547205,67.95946964812401,458.3053740824829,0.0,65.62322235107422
3533,4.0,4.183009085078996,0.1830090850789956,56.61260906392735,67.95946514872729,458.23622097263365,0.0,65.78084945678711
3534,4.0,4.182164988732205,0.18216498873220477,56.75668960656706,67.95946803896244,458.15603181968856,0.0,65.93495559692383
3535,4.0,4.1813957292913715,0.1813957292913715,56.899379691696396,67.95946891434632,458.08295217280937,0.0,66.08856201171875
3536,4.0,4.180546879472189,0.18054687947218895,57.040685425959374,67.95947495276158,458.002311439987,0.0,66.23923873901367
3537,4.0,4.179707758589523,0.17970775858952326,57.18060449475312,67.95947189392105,457.9225949561338,0.0,66.38839340209961
3538,4.0,4.178880830586242,0.17888083058624193,57.319144010561494,67.9594683988532,457.8440367958221,0.0,66.53607559204102
3539,4.0,4.177974599998216,0.1779745999982163,57.45631443976937,67.95946485699726,457.7579448899596,0.0,66.68083953857422
3540,4.0,4.177047565165806,0.17704756516580566,57.592121631384,67.95946148846097,457.6698765808806,0.0,66.8236198425293
3541,4.0,4.176160603980261,0.1761606039802608,57.72656374287559,67.9594601718864,457.5856152682539,0.0,66.96538925170898
3542,4.0,4.175224393051614,0.1752243930516144,57.85966345883148,67.9594663686911,457.49667523003245,0.0,67.10474395751953
3543,4.0,4.174325309004612,0.17432530900461174,57.991412244329794,67.95946215960325,457.41126224556723,0.0,67.24306106567383
3544,4.0,4.173313611186327,0.1733136111863267,58.12182462311745,67.95946518636688,457.31515095283015,0.0,67.37794494628906
3545,4.0,4.172400891600308,0.17240089160030792,58.250905212513146,67.95948279582532,457.22844259215833,0.0,67.51281356811523
3546,4.0,4.17141398487062,0.17141398487061998,58.378667412028044,67.9594821481663,457.13468645283797,0.0,67.6448860168457
3547,4.0,4.1704313347661195,0.1704313347661195,58.50510660904447,67.95948436542191,457.0413346929104,0.0,67.77542495727539
3548,4.0,4.1694844277825345,0.16948442778253447,58.63024642716036,67.95948184599821,456.9513785294699,0.0,67.90497207641602
3549,4.0,4.168462104143362,0.16846210414336227,58.75401219254854,67.95948830857941,456.8542577837485,0.0,68.03163146972656
3550,4.0,4.167523050684283,0.16752305068428264,58.876210812548294,67.95948779795376,456.76504770513594,0.0,68.15776824951172
3551,4.0,4.166494848971564,0.1664948489715643,58.99673407341935,67.95947626776494,456.6673685424277,0.0,68.28044128417969
3552,4.0,4.165626280959038,0.16562628095903786,59.115473340939644,67.95946654235722,456.58485458123766,0.0,68.40360260009766
3553,4.0,4.164710769101532,0.16471076910153215,59.232400671315965,67.95945993382509,456.49788095477464,0.0,68.52383804321289
3554,4.0,4.16386398840427,0.16386398840426963,59.347499379059016,67.95945593366164,456.4174367885347,0.0,68.64303207397461
3555,4.0,4.163000545189402,0.16300054518940232,59.46077497719832,67.95945549590608,456.3354096831223,0.0,68.7597885131836
3556,4.0,4.1622686577344155,0.16226865773441546,59.57223112746643,67.95946119744603,456.26588037489853,0.0,68.8765640258789
3557,4.0,4.161459564114573,0.16145956411457263,59.68189015332936,67.95946893758124,456.1890164810135,0.0,68.98993682861328
3558,4.0,4.160795597191768,0.16079559719176828,59.789773668881445,67.9594763476981,456.12593962334705,0.0,69.10361862182617
3559,4.0,4.160050826078258,0.16005082607825827,59.89590054466884,67.9594826485272,456.05518636756364,0.0,69.21388626098633
3560,4.0,4.159426447447968,0.1594264474479683,60.00032209436707,67.95947782570678,455.9958703976861,0.0,69.32414627075195
3561,4.0,4.158748414134627,0.15874841413462715,60.10305070326947,67.95947459009219,455.93145723291866,0.0,69.4315185546875
3562,4.0,4.158186151544468,0.15818615154446825,60.20411346800541,67.95946814259854,455.8780422868536,0.0,69.53886413574219
3563,4.0,4.157620808502374,0.15762080850237403,60.303557077101736,67.95946445261785,455.8243346978546,0.0,69.64425659179688
3564,4.0,4.157078802424714,0.15707880242471361,60.40139697566918,67.9594679026225,455.77284412047686,0.0,69.7481575012207
3565,4.0,4.156616975583865,0.1566169755838649,60.4976658848095,67.95946802228669,455.72897057059623,0.0,69.8515625
3566,4.0,4.156111000221295,0.1561110002212951,60.59240251209431,67.95946176872798,455.68090291115215,0.0,69.95243072509766
3567,4.0,4.155710195707831,0.1557101957078313,60.68562636566334,67.95946271039566,455.64282648237304,0.0,70.05329895019531
3568,4.0,4.1552604036748955,0.15526040367489546,60.777522456057426,67.9594698719736,455.6000962392442,0.0,70.15178680419922
3569,4.0,4.154822495716635,0.1548224957166351,60.86839835102267,67.95947041999621,455.5584949832094,0.0,70.24927520751953
3570,4.0,4.15440911061865,0.1544091106186496,60.95855011827022,67.95946788012843,455.5192233989008,0.0,70.34632110595703
3571,4.0,4.153887893391341,0.15388789339134057,61.04817552373676,67.95946313635174,455.4697077623064,0.0,70.44091033935547
3572,4.0,4.153397207864477,0.15339720786447675,61.13738722430428,67.95946764236675,455.4230926372544,0.0,70.53551483154297
3573,4.0,4.152775854480524,0.15277585448052378,61.22626365133216,67.95946838604311,455.36406406577885,0.0,70.62748593091965
3574,4.0,4.1521294477084325,0.1521294477084325,61.314864409052724,67.95946771851163,455.3026554224302,0.0,70.71868169307709
3575,4.0,4.151499650078894,0.1514996500788941,61.40320962471407,67.95946951690266,455.24282464762405,0.0,70.80983424186707
3576,4.0,4.150714166365543,0.15071416636554336,61.49131557836297,67.95946697270907,455.1682036948557,0.0,70.89802074432373
3577,4.0,4.1499431204525346,0.14994312045253455,61.579211899146635,67.95946319374474,455.09495433311986,0.0,70.9861741065979
3578,4.0,4.149107513089888,0.1491075130898878,61.66688035600923,67.95946670261439,455.0155716336684,0.0,71.07292127609253
3579,4.0,4.148174877011077,0.14817487701107712,61.75432366052084,67.95946510095038,454.9269712061814,0.0,71.15770387649536
3580,4.0,4.147286698557227,0.14728669855722742,61.84154734735264,67.9594753627331,454.84259425306567,0.0,71.2429518699646
3581,4.0,4.146216094375032,0.14621609437503214,61.92853068455626,67.95948039516382,454.74088685575714,0.0,71.32474184036255
3582,4.0,4.145191654647223,0.14519165464722317,62.01528614336381,67.9594764313358,454.6435650816153,0.0,71.40701293945312
3583,4.0,4.144103300076332,0.1441033000763321,62.10178676715938,67.95947196701957,454.5401713973806,0.0,71.48783874511719
3584,4.0,4.142921524124029,0.14292152412402892,62.188037161543846,67.95947313330828,454.42790268191186,0.0,71.56671047210693
3585,4.0,4.141753566235811,0.1417535662358107,62.27402207920514,67.95946597789884,454.3169466825311,0.0,71.64545917510986
3586,4.0,4.14043444742021,0.14043444742021016,62.359743428785386,67.95945651951132,454.19163039504906,0.0,71.72123050689697
3587,4.0,4.1391396846405994,0.13913968464059945,62.445169385358355,67.95946546946313,454.06862793098605,0.0,71.79702186584473
3588,4.0,4.1378392340226675,0.1378392340226675,62.53031243190589,67.9594632979585,453.9450851222825,0.0,71.87232780456543
3589,4.0,4.136394980648961,0.13639498064896127,62.61514770172669,67.95946299475423,453.8078810517804,0.0,71.94471740722656
3590,4.0,4.134972222147088,0.1349722221470877,62.699672294271046,67.95947270596702,453.6727189941024,0.0,72.01705646514893
3591,4.0,4.1334866122792695,0.1334866122792695,62.78388577512726,67.95947180353687,453.5315860566597,0.0,72.08787536621094
3592,4.0,4.13194407811467,0.13194407811467013,62.86777708272323,67.95947185892324,453.38504531102274,0.0,72.15726089477539
3593,4.0,4.130455101407301,0.13045510140730077,62.95132872470795,67.95947276764026,453.24359252382266,0.0,72.22712135314941
3594,4.0,4.128799639205898,0.12879963920589788,63.034540424564426,67.9594719961788,453.0863236146894,0.0,72.29360771179199
3595,4.0,4.1271400062811825,0.1271400062811825,63.11740683644367,67.95947960866982,452.9286584868414,0.0,72.35954856872559
3596,4.0,4.125505524201291,0.1255055242012908,63.199909685871596,67.95948440709591,452.7733826892517,0.0,72.4254379272461
3597,4.0,4.123760832119401,0.12376083211940081,63.28205452610852,67.95948458980851,452.60763694147215,0.0,72.48890495300293
3598,4.0,4.12202397765067,0.12202397765067019,63.36383025590205,67.95947815716507,452.4426357669428,0.0,72.5520076751709
3599,4.0,4.1202598835084565,0.12025988350845651,63.44522445954898,67.95947367434164,452.27504682343243,0.0,72.61411476135254
3600,4.0,4.118416311435002,0.11841631143500209,63.52623374620523,67.95946523242513,452.0999074764543,0.0,72.6742992401123
3601,4.0,4.11656919264569,0.11656919264568977,63.60685664838574,67.95945915826776,451.92443119146964,0.0,72.73389625549316
3602,4.0,4.114725696197045,0.11472569619704487,63.68708201776032,67.95946084365865,451.7492990288483,0.0,72.79302024841309
3603,4.0,4.112774482362986,0.11277448236298593,63.766910747112846,67.9594586723431,451.56393371461274,0.0,72.84970092773438
3604,4.0,4.11085538758987,0.11085538758987035,63.84632810069825,67.95946404525884,451.38161971116676,0.0,72.9063949584961
3605,4.0,4.108894221873167,0.10889422187316722,63.9253343664974,67.95946677018836,451.19530896808,0.0,72.96178805828094
3606,4.0,4.1068719080609855,0.10687190806098545,64.00390579931374,67.95946764474914,451.0031891559227,0.0,73.01551187038422
3607,4.0,4.104878682349358,0.10487868234935771,64.0820562193433,67.95946390773337,450.81383271331805,0.0,73.06918513774872
3608,4.0,4.102837622381438,0.10283762238143801,64.15977572901527,67.95946447914741,450.6199320163657,0.0,73.12142825126648
3609,4.0,4.100693258400954,0.10069325840095367,64.23706356761686,67.95947401997758,450.4162174382197,0.0,73.17124819755554
3610,4.0,4.098635217898368,0.0986352178983676,64.31391055569114,67.95948049148225,450.220703590474,0.0,73.22201633453369
3611,4.0,4.096474160193514,0.09647416019351418,64.39031795242472,67.95947275807512,450.01540310851294,0.0,73.2703537940979
3612,4.0,4.094315862394458,0.094315862394458,64.46626110784563,67.95948120333772,449.8103648176026,0.0,73.3181209564209
3613,4.0,4.092164776615967,0.09216477661596656,64.54174610064327,67.95947429311688,449.6060116686459,0.0,73.3654055595398
3614,4.0,4.089941062749667,0.08994106274966729,64.61677321096303,67.95947544087048,449.3947588513475,0.0,73.41077613830566
3615,4.0,4.087697398296698,0.0876973982966982,64.69132461997297,67.9594711265148,449.18161072831543,0.0,73.45515537261963
3616,4.0,4.085461976827825,0.0854619768278253,64.76540622302183,67.95946516320882,448.9692456887725,0.0,73.49905681610107
3617,4.0,4.083178038005376,0.08317803800537593,64.83901340339239,67.95946514370806,448.7522715006398,0.0,73.54145431518555
3618,4.0,4.0808467748225,0.08084677482249969,64.91214668084254,67.95946090740968,448.53080149826656,0.0,73.58236789703369
3619,4.0,4.078548754208279,0.07854875420827856,64.98479264771595,67.95945553261633,448.31248953991553,0.0,73.62323474884033
3620,4.0,4.076205512373299,0.0762055123732992,65.05694013404984,67.95945850994217,448.0898815655925,0.0,73.66262722015381
3621,4.0,4.073791789000693,0.07379178900069316,65.12859252805704,67.95947563071017,447.86057784519494,0.0,73.7000904083252
3622,4.0,4.071439056725448,0.07143905672544815,65.19974021478491,67.95947240311276,447.6370682790467,0.0,73.73799133300781
3623,4.0,4.069066266587178,0.0690662665871784,65.27038574480252,67.95947358442378,447.41165321591103,0.0,73.77486801147461
3624,4.0,4.0665930646640875,0.06659306466408754,65.34052361146709,67.9594740516444,447.1766990332174,0.0,73.80925559997559
3625,4.0,4.064157221685357,0.06415722168535698,65.41015063576734,67.95947188734092,446.945293950238,0.0,73.84364891052246
3626,4.0,4.06175932468349,0.06175932468349021,65.47926296647698,67.95947119456856,446.71749373506066,0.0,73.8780574798584
3627,4.0,4.059265961588336,0.05926596158833597,65.54784686789239,67.95946791960438,446.480624241021,0.0,73.9100399017334
3628,4.0,4.056782740664944,0.05678274066494371,65.61591095781458,67.95946706782992,446.24471825329874,0.0,73.94152641296387
3629,4.0,4.054308906563274,0.05430890656327403,65.68344568422498,67.95946650019864,446.00970401364015,0.0,73.97249412536621
3630,4.0,4.051788337349361,0.05178833734936106,65.75046554040506,67.95945704566108,445.7702499383184,0.0,74.0019359588623
3631,4.0,4.049228597165457,0.04922859716545691,65.81693881079173,67.95945074267789,445.5270746208475,0.0,74.02995300292969
3632,4.0,4.04673166276308,0.04673166276308027,65.88288597710819,67.95944657822514,445.2898658526217,0.0,74.05843353271484
3633,4.0,4.044194192767602,0.04419419276760195,65.94829201375276,67.95944387696636,445.0488062030513,0.0,74.0854721069336
3634,4.0,4.041588411170917,0.04158841117091683,66.01315453059641,67.95944669308165,444.8012569513662,0.0,74.11055564880371
3635,4.0,4.039028288579582,0.03902828857958163,66.07746426551113,67.95946098066165,444.55804530518935,0.0,74.13576316833496
3636,4.0,4.036500806865354,0.036500806865354285,66.14124077439713,67.95948067976039,444.31793454233775,0.0,74.16088104248047
3637,4.0,4.033880162991758,0.03388016299175778,66.20445079662358,67.959491230358,444.06897337434606,0.0,74.18356132507324
3638,4.0,4.031298621695166,0.03129862169516606,66.26711895787808,67.95949531914971,443.8237269511699,0.0,74.20626258850098
3639,4.0,4.02870157436112,0.028701574361120308,66.32923133635529,67.95948691217252,443.57700745443555,0.0,74.22796630859375
3640,4.0,4.026142703712286,0.026142703712285886,66.39078578226612,67.95948327391586,443.33391474279625,0.0,74.24966049194336
3641,4.0,4.023438304361289,0.023438304361288687,66.451791174981,67.95947123822636,443.07699680445154,0.0,74.2679672241211
3642,4.0,4.020827140296804,0.020827140296804103,66.51222434286875,67.95946712099587,442.82893621832545,0.0,74.28726577758789
3643,4.0,4.018248371864392,0.018248371864392432,66.57209680654351,67.95946012335857,442.58395321724635,0.0,74.30644989013672
3644,4.0,4.01560432351644,0.015604323516440033,66.6314091726931,67.95945885423787,442.3327686241909,0.0,74.32371520996094
3645,4.0,4.012946766708372,0.012946766708371804,66.69015496748442,67.95945808344237,442.0803007274244,0.0,74.34001159667969
3646,4.0,4.0107348762142925,0.010734876214292477,66.7483309084501,67.95765183580515,441.8701711304869,0.0,74.36384963989258
3647,4.0,4.008262239979068,0.008262239979067942,66.80595589141689,67.93781802901076,441.63527068814057,0.0,74.38216400146484
3648,4.0,4.0059956328781166,0.005995632878116552,66.86303794906105,67.97027223866552,441.41994301355015,0.0,74.40362167358398
3649,4.0,4.002943650614004,0.002943650614003701,66.91959495750771,67.9598307862558,441.13000469845946,0.0,74.40982437133789
3650,4.0,4.000253932812134,0.00025393281213403895,66.9756210673366,67.9427547818876,440.8744815072818,0.0,74.42208099365234
3651,4.0,3.997400442370449,-0.002599557629550997,67.03106430453636,67.98162544319875,440.3029272280718,0.0,74.43055725097656
3652,4.0,3.9945455216258,-0.0054544783742001,67.08581661589592,68.0078639938781,440.03170975733013,0.0,74.43815231323242
3653,4.0,3.991866207524128,-0.008133792475871982,67.13975090820007,67.99343603090571,439.7771749176713,0.0,74.44802856445312
3654,4.0,3.9893696195953696,-0.01063038040463038,67.19293815464424,67.97094621323625,439.53999906443926,0.0,74.46040725708008
3655,4.0,3.9868215396599225,-0.013178460340077525,67.24543813945843,67.94909730811872,439.29793147057177,0.0,74.47098922729492
3656,4.0,3.9842163124108887,-0.015783687589111306,67.29730574120946,67.93363934987681,439.05043488191353,0.0,74.47972869873047
3657,4.0,3.981499184360392,-0.018500815639607815,67.34855754385583,67.92711506672387,438.7923077171164,0.0,74.4856185913086
3658,4.0,3.978851198526536,-0.021148801473464207,67.3992016709383,67.92929956261625,438.54074906290003,0.0,74.4920539855957
3659,4.0,3.9762669627845084,-0.02373303721549158,67.44923938989338,67.93797230541568,438.2952466674074,0.0,74.49893951416016
3660,4.0,3.9736933114150066,-0.02630668858499341,67.49868202178537,67.94987776746065,438.05074978730477,0.0,74.50529479980469
3661,4.0,3.971057806690626,-0.028942193309374087,67.54755670603325,67.96166027686257,437.8003768384886,0.0,74.50979232788086
3662,4.0,3.9684124212987606,-0.031587578701239405,67.59583753851047,67.97063503273002,437.5490652262614,0.0,74.51337814331055
3663,4.0,3.9657791197837757,-0.03422088021622427,67.64355073767744,67.97535646830342,437.2989015823378,0.0,74.51649475097656
3664,4.0,3.963183469689205,-0.03681653031079479,67.69066346421006,67.97557352598999,437.05231482335364,0.0,74.51958847045898
3665,4.0,3.96062524089201,-0.03937475910798982,67.73720486848866,67.9721180753124,436.8092830876201,0.0,74.52268981933594
3666,4.0,3.95800190813915,-0.04199809186085002,67.78317268295153,67.96650357801283,436.56006647609837,0.0,74.52386856079102
3667,4.0,3.955362317513338,-0.04463768248666211,67.8285706160774,67.96041124820934,436.30930536664624,0.0,74.5240478515625
3668,4.0,3.952755763755445,-0.04724423624455509,67.87338546145946,67.95533093060122,436.0616827596464,0.0,74.52414321899414
3669,4.0,3.9501855977748628,-0.04981440222513722,67.9176233804124,67.95221689090275,435.81751699149106,0.0,74.52422714233398
3670,4.0,3.9476545565197094,-0.05234544348029058,67.96127664958156,67.95137658890562,435.5770680722515,0.0,74.52434539794922
3671,4.0,3.9450270322784498,-0.05497296772155025,68.00436553886553,67.95253301318488,435.32745326933184,0.0,74.5219612121582
3672,4.0,3.9424085639870685,-0.057591436012931485,68.04688181476378,67.95503919716002,435.07869878165064,0.0,74.51905822753906
3673,4.0,3.939800969103104,-0.060199030896896044,68.08881703234114,67.9580402150802,434.83097726767403,0.0,74.51566314697266
3674,4.0,3.9372560656317384,-0.06274393436826164,68.13017640861577,67.96076483240326,434.5892114378943,0.0,74.51276397705078
3675,4.0,3.9347221899807883,-0.06527781001921173,68.17095147814584,67.96265815460336,434.34849325105404,0.0,74.5093765258789
3676,4.0,3.9322243694040004,-0.06777563059599956,68.21115365540525,67.96345347326711,434.11120029625914,0.0,74.50598907470703
3677,4.0,3.9296075400564043,-0.07039245994359566,68.25076902423085,67.9631907617518,433.86260150823756,0.0,74.49964904785156
3678,4.0,3.927023373234889,-0.07297662676511107,68.2898412166553,67.96213794138681,433.6171056601936,0.0,74.49327850341797
3679,4.0,3.9244750792772325,-0.07552492072276751,68.32831928805834,67.96069024389786,433.3750177342162,0.0,74.48688507080078
3680,4.0,3.9219630880335417,-0.07803691196645834,68.36621454076464,67.95925159438268,433.13637856606556,0.0,74.4804916381836
3681,4.0,3.919511326007068,-0.08048867399293202,68.40354870459055,67.95814638193552,432.90346117355057,0.0,74.47457885742188
3682,4.0,3.9170191385983575,-0.08298086140164251,68.44031069295882,67.95756701595899,432.6667033697231,0.0,74.46722412109375
3683,4.0,3.9144336068428833,-0.08556639315711667,68.47650711308005,67.9575333080596,432.42107785295303,0.0,74.45742797851562
3684,4.0,3.9119015169651963,-0.08809848303480372,68.51213238172812,67.95793496464833,432.18052931457277,0.0,74.4479762762785
3685,4.0,3.909387971487232,-0.09061202851276784,68.54718106601976,67.95860805048035,431.9417424941662,0.0,74.43820142745972
3686,4.0,3.9069335407966026,-0.0930664592033974,68.58166591062442,67.95933846775492,431.70857157855636,0.0,74.42889189720154
3687,4.0,3.904540537926976,-0.0954594620730238,68.61557514169424,67.95996282586879,431.4812363059419,0.0,74.42008185386658
3688,4.0,3.9021305665938106,-0.09786943340618937,68.64892023644964,67.96035059431877,431.25228902929115,0.0,74.41029167175293
3689,4.0,3.8996501775545207,-0.1003498224454793,68.68170432757348,67.96045597896979,431.0166520705586,0.0,74.39850568771362
3690,4.0,3.897146995203304,-0.10285300479669601,68.71393347477319,67.96031802136409,430.778849747193,0.0,74.38563871383667
3691,4.0,3.894676562320923,-0.10532343767907681,68.74560129684572,67.96001765978947,430.54415862336685,0.0,74.37274503707886
3692,4.0,3.892265833706654,-0.10773416629334598,68.77670197700766,67.95964691979232,430.3151394050113,0.0,74.36033535003662
3693,4.0,3.889863894296457,-0.11013610570354304,68.80724134054122,67.9593155461549,430.0869551610425,0.0,74.34744548797607
3694,4.0,3.8875199618326017,-0.11248003816739827,68.8372213808405,67.95907803614388,429.8642815769763,0.0,74.33502006530762
3695,4.0,3.8851859558068904,-0.11481404419310959,68.8666463175737,67.95898759521991,429.64255100453374,0.0,74.32214641571045
3696,4.0,3.882832303581341,-0.11716769641865898,68.89552415711357,67.95901794182645,429.4189540431065,0.0,74.3082685470581
3697,4.0,3.8804120040486363,-0.11958799595136371,68.92385396391353,67.95913890032416,429.1890255874996,0.0,74.2924861907959
3698,4.0,3.87802431354722,-0.1219756864527799,68.95162782715425,67.95931723335048,428.96219498986505,0.0,74.27669143676758
3699,4.0,3.875667716623761,-0.1243322833762388,68.97885947426742,67.95949395149385,428.73831828213645,0.0,74.26087188720703
3700,4.0,3.873320654151995,-0.1266793458480051,69.00553513750295,67.95962200678058,428.51534734731865,0.0,74.24460124969482
3701,4.0,3.871054326808541,-0.1289456731914589,69.03166369532252,67.95969499199424,428.3000462496905,0.0,74.22925567626953
3702,4.0,3.868798465830206,-0.13120153416979408,69.05724469148919,67.95970981632715,428.0857394567487,0.0,74.2134895324707
3703,4.0,3.866574037311877,-0.1334259626881229,69.08227440897899,67.95966262177073,427.87441874750743,0.0,74.19770240783691
3704,4.0,3.864375530089169,-0.1356244699108311,69.10679298184064,67.95958105403395,427.66556056135016,0.0,74.18183326721191
3705,4.0,3.8620618178286876,-0.13793818217131237,69.13075787769658,67.9594834216831,427.44575789660445,0.0,74.16312789916992
3706,4.0,3.8597786017487317,-0.14022139825126834,69.15421222785905,67.95941237234875,427.2288523690086,0.0,74.14443016052246
3707,4.0,3.8575271052416586,-0.14247289475834135,69.17712907034594,67.959367087963,427.0149602008367,0.0,74.12573623657227
3708,4.0,3.8552305145912618,-0.14476948540873824,69.19951067655258,67.96282965206765,426.79678408904897,0.0,74.1055736541748
3709,4.0,3.8528500613218175,-0.1471499386781825,69.22137082702754,67.96952776712793,426.5706410284518,0.0,74.08321189880371
3710,4.0,3.8505271977431996,-0.14947280225680037,69.24267711150547,67.98083483648101,426.3499689884831,0.0,74.06133651733398
3711,4.0,3.8483683190721183,-0.1516316809278817,69.26344499953532,67.97067458732857,426.14487551473036,0.0,74.04201316833496
3712,4.0,3.846491291512159,-0.15350870848784082,69.2836721965589,67.94526331375599,425.96655789653425,0.0,74.02751159667969
3713,4.0,3.844552479818483,-0.15544752018151708,69.30337279013357,67.92842440996198,425.782370785635,0.0,74.01123714447021
3714,4.0,3.842559242438561,-0.15744075756143916,69.32259008445838,67.92805186987782,425.5930132345424,0.0,73.99337756633759
3715,4.0,3.8405914399939465,-0.15940856000605352,69.34130552351328,67.93714783156916,425.40607200230403,0.0,73.97545123100281
3716,4.0,3.8385002295579422,-0.16149977044205777,69.3595323751543,67.95051838762511,425.2074070108836,0.0,73.9546058177948
3717,4.0,3.836356695873203,-0.16364330412679706,69.37730173424977,67.96386248334825,425.00377131083343,0.0,73.93224334716797
3718,4.0,3.834312549823269,-0.16568745017673114,69.39457910756201,67.97394753577795,424.8095774360897,0.0,73.91125154495239
3719,4.0,3.8322491495168323,-0.16775085048316773,69.4113470399603,67.97904032018621,424.6135544069782,0.0,73.88932657241821
3720,4.0,3.830213337057627,-0.1697866629423732,69.42762893576591,67.97888366467969,424.4201522233537,0.0,73.86739730834961
3721,4.0,3.8281657837201557,-0.1718342162798443,69.44343039089769,67.97821424581754,424.2256346562939,0.0,73.84471225738525
3722,4.0,3.826139757249771,-0.17386024275022915,69.45871887959318,67.98162604706593,424.03316214160736,0.0,73.82187938690186
3723,4.0,3.824143729101676,-0.17585627089832379,69.47352526662176,67.9833905148919,423.84353946753833,0.0,73.79909610748291
3724,4.0,3.8217839825703237,-0.1782160174296763,69.49682344848726,67.97136985856315,423.6193635470599,0.0,73.77829074859619
3725,4.0,3.8213364948314505,-0.17866350516854945,69.48259691888967,67.94041202857282,423.57685221186694,0.0,73.75455093383789
3726,4.0,3.8186539417789778,-0.18134605822102223,69.50559618103246,67.91928236827121,423.32200967188203,0.0,73.72717189788818
3727,4.0,3.816967835696384,-0.1830321643036159,69.50786028713371,67.91767643426743,423.1618295940356,0.0,73.69701862335205
3728,4.0,3.81503532656004,-0.18496467343996015,69.52189082514096,67.92809576293737,422.9782412260829,0.0,73.67457485198975
3729,4.0,3.81189222287407,-0.18810777712592985,69.55953217182133,67.94455656621415,422.6796463759158,0.0,73.653733253479
3730,4.0,3.809547338773412,-0.19045266122658822,69.59053758628025,67.96168632555361,422.45688238635324,0.0,73.6412353515625
3731,4.0,3.8076839513666294,-0.1923160486333706,69.60935728175122,67.97527097708137,422.2798605827089,0.0,73.62512016296387
3732,4.0,3.806076924216634,-0.1939230757833661,69.62303650337672,67.98284729417838,422.12719300345935,0.0,73.6085090637207
3733,4.0,3.804572268060738,-0.1954277319392621,69.63236112549694,67.98382190610731,421.9842506686492,0.0,73.58926391601562
3734,4.0,3.8032312829288957,-0.19676871707110433,69.63830794800174,67.97921809282019,421.8568570811242,0.0,73.56960868835449
3735,4.0,3.8019458571326523,-0.19805414286734768,69.64185599611315,67.97116743643495,421.7347416304811,0.0,73.54849052429199
3736,4.0,3.8005834360468675,-0.19941656395313245,69.6440386963924,67.96214388684184,421.60531162733156,0.0,73.52443885803223
3737,4.0,3.7991626890568537,-0.20083731094314627,69.64584630409828,67.95436714846257,421.47034066328024,0.0,73.49886131286621
3738,4.0,3.797720808431954,-0.2022791915680462,69.64805188120384,67.94933049532538,421.3333620039147,0.0,73.47329330444336
3739,4.0,3.7961818548531716,-0.2038181451468284,69.65114844677194,67.94763465616873,421.1871614139304,0.0,73.44678497314453
3740,4.0,3.7946289975100203,-0.20537100248997975,69.65531340638567,67.94897895543833,421.03963996633104,0.0,73.4211311340332
3741,4.0,3.792999623420608,-0.20700037657939196,69.66043445310659,67.95244604143085,420.8848494278369,0.0,73.39500045776367
3742,4.0,3.7913571261572123,-0.20864287384278768,69.66623569706033,67.95681771690555,420.7288121878143,0.0,73.36932754516602
3743,4.0,3.789722008361267,-0.21027799163873295,69.67239188116109,67.96092934290574,420.57347599719947,0.0,73.34416580200195
3744,4.0,3.7880330088354595,-0.21196699116454054,69.67858741143301,67.9639148566174,420.41302104224775,0.0,73.31799697875977
3745,4.0,3.78643327195331,-0.2135667280466902,69.68454204242663,67.96530196418367,420.26104603844357,0.0,73.29329681396484
3746,4.0,3.7848064759191247,-0.21519352408087533,69.69011098776708,67.96509682136107,420.10650041519597,0.0,73.26766204833984
3747,4.0,3.7832598316453163,-0.21674016835468368,69.6951700841267,67.96366091557043,419.95956920918417,0.0,73.24303817749023
3748,4.0,3.781719472678919,-0.21828052732108105,69.69967807661249,67.96157008474461,419.81323510737644,0.0,73.21795272827148
3749,4.0,3.780209267889588,-0.219790732110412,69.70363735566508,67.95941537491527,419.66976565238997,0.0,73.19287109375
3750,4.0,3.778725414628245,-0.22127458537175482,69.70707007146079,67.95770476604365,419.5287995925624,0.0,73.16774368286133
3751,4.0,3.7772457875310335,-0.22275421246896654,69.71000938399227,67.9567344489765,419.3882350183273,0.0,73.14217758178711
3752,4.0,3.7758152699938448,-0.22418473000615524,69.71248437509614,67.95657092450827,419.2523358522944,0.0,73.11707305908203
3753,4.0,3.7744082998328383,-0.22559170016716168,69.71454086571696,67.95710480305345,419.11867368699876,0.0,73.09198379516602
3754,4.0,3.7730233113044,-0.22697668869560017,69.71619272120591,67.95805974310619,418.9870997767971,0.0,73.06689453125
3755,4.0,3.7716572548030407,-0.2283427451969593,69.71747399106468,67.95914543560312,418.857324409168,0.0,73.04178237915039
3756,4.0,3.7702867264970212,-0.22971327350297877,69.71839450697847,67.96008894982592,418.72712422009613,0.0,73.01620483398438
3757,4.0,3.7689594069791688,-0.23104059302083124,69.71897186447144,67.96070219816863,418.60102886590016,0.0,72.99110412597656
3758,4.0,3.7676511071527043,-0.23234889284729565,69.71920860844494,67.96091783151144,418.476740382386,0.0,72.96601486206055
3759,4.0,3.766361149481615,-0.23363885051838507,69.71910962982713,67.96076770694356,418.35419440363256,0.0,72.9409294128418
3760,4.0,3.765087381756044,-0.23491261824395604,69.71867796343746,67.96035298507401,418.2331864697033,0.0,72.91580963134766
3761,4.0,3.763808639698866,-0.23619136030113408,69.71791489986298,67.95981623474334,418.1117059742714,0.0,72.8902473449707
3762,4.0,3.7625700945666973,-0.23742990543330267,69.71683353892023,67.95931960872333,417.99404418671537,0.0,72.86513137817383
3763,4.0,3.761350670487932,-0.23864932951206796,69.7154153168844,67.95894384405679,417.87819889923264,0.0,72.84003448486328
3764,4.0,3.760149849473167,-0.2398501505268329,69.71366953124702,67.95877175070181,417.76412090283,0.0,72.81495666503906
3765,4.0,3.7589641725410456,-0.24103582745895435,69.71159793489365,67.95878293702263,417.65148159427844,0.0,72.78983306884766
3766,4.0,3.75777266128427,-0.24222733871572988,69.70921299091283,67.95895669694109,417.53828802488476,0.0,72.7642707824707
3767,4.0,3.756619432545121,-0.2433805674548788,69.70650732909421,67.95920877853318,417.4287312946656,0.0,72.73911666870117
3768,4.0,3.755480995449787,-0.24451900455021303,69.70349621037583,67.95947063870972,417.3205797706089,0.0,72.71393203735352
3769,4.0,3.75435913611965,-0.24564086388034978,69.70016452218037,67.95968123175106,417.2140031342459,0.0,72.68873596191406
3770,4.0,3.7532528834714585,-0.24674711652854153,69.6965263949173,67.95979859555032,417.1089091326677,0.0,72.66352462768555
3771,4.0,3.7521376637341453,-0.24786233626585474,69.69258785580197,67.9598227118587,417.0029632576229,0.0,72.6378288269043
3772,4.0,3.7510639819205545,-0.24893601807944554,69.6883438849536,67.95975722943963,416.9009634853318,0.0,72.61262130737305
3773,4.0,3.7500110306160557,-0.24998896938394433,69.68380381431979,67.95963530695579,416.8009331114044,0.0,72.58750915527344
3774,4.0,3.7489735594867244,-0.2510264405132756,69.67898080161723,67.95950446089961,416.7023733541179,0.0,72.56240463256836
3775,4.0,3.7479475786207446,-0.25205242137925543,69.67387189719257,67.95940735938588,416.60490517184985,0.0,72.53722763061523
3776,4.0,3.7469140883799597,-0.25308591162004035,69.6685003228463,67.959331636532,416.50672359897527,0.0,72.51163482666016
3777,4.0,3.7459176361317303,-0.25408236386826966,69.66284392313555,67.95930506671877,416.4120606353935,0.0,72.48646545410156
3778,4.0,3.7449337303304864,-0.2550662696695136,69.6569071398794,67.95932128282496,416.31858958427534,0.0,72.46125030517578
3779,4.0,3.7439697238191285,-0.2560302761808715,69.65069974390161,67.95936259478509,416.2270089656963,0.0,72.43614196777344
3780,4.0,3.7430205077864396,-0.2569794922135604,69.64422128943075,67.95942774009254,416.1368334425909,0.0,72.41104125976562
3781,4.0,3.7420618121126363,-0.25793818788736367,69.6374755739245,67.9594836704496,416.0457573535796,0.0,72.38548278808594
3782,4.0,3.7411403356715573,-0.25885966432844265,69.63046682281168,67.95952358508349,415.95821709167706,0.0,72.3603744506836
3783,4.0,3.7402378405763823,-0.2597621594236177,69.62319674925993,67.9595454688739,415.87248005763547,0.0,72.33536529541016
