Step,Desired Gap (s),Actual Gap (s),Error (s),Ego Speed (km/h),Target Speed (km/h),Req Torque (Nm),Req Decel (m/s^2)
0,4.0,10.205555906476317,6.205555906476317,55.33202414761019,77.52205529532537,630.0,0.0
1,4.0,10.400096766807073,6.4000967668070725,54.40638075687702,77.53029037736933,630.0,0.0
2,4.0,10.566284695062636,6.566284695062636,53.6622770848829,77.53568176415595,630.0,0.0
3,4.0,10.679185111260427,6.679185111260427,53.20806689428216,77.5376923548403,630.0,0.0
4,4.0,10.728715450170023,6.728715450170023,53.07611218100069,77.53655633535458,630.0,0.0
5,4.0,10.730830508947108,6.730830508947108,53.17923738421618,77.5331000253569,630.0,0.0
6,4.0,10.700819874241798,6.700819874241798,53.44124187399547,77.52849368281478,630.0,0.0
7,4.0,10.649240283518218,6.649240283518218,53.81163593083457,77.52385297492393,630.0,0.0
8,4.0,10.583447796549246,6.583447796549246,54.256514681387614,77.52013489889097,630.0,0.0
9,4.0,10.508810343527674,6.508810343527674,54.750796700060654,77.51791776759417,630.0,0.0
10,4.0,10.429264544984376,6.429264544984376,55.27576029470039,77.5173531180634,630.0,0.0
11,4.0,10.347377271537232,6.347377271537232,55.81883817185771,77.51822077819291,630.0,0.0
12,4.0,10.264824148123154,6.264824148123154,56.371559126391844,77.52010047009925,630.0,0.0
13,4.0,10.182727818940556,6.182727818940556,56.92821573643158,77.52240021772982,630.0,0.0
14,4.0,10.101716624619897,6.101716624619897,57.4849629933367,77.52458973601313,630.0,0.0
15,4.0,10.022211191179505,6.022211191179505,58.03920477294206,77.52623533850274,630.0,0.0
16,4.0,9.944446151505327,5.944446151505327,58.58923299071648,77.52712357346049,630.0,0.0
17,4.0,9.868565801499832,5.868565801499832,59.1339329232223,77.52720622115133,630.0,0.0
18,4.0,9.79461045634338,5.79461045634338,59.67259824588552,77.52662102886212,630.0,0.0
19,4.0,9.722573070844295,5.722573070844295,60.2047810209565,77.52562947633419,630.0,0.0
20,4.0,9.652429198692053,5.652429198692053,60.73025093062499,77.52447969785688,630.0,0.0
21,4.0,9.584100758369022,5.584100758369022,61.24915202667276,77.52346757058822,630.0,0.0
22,4.0,9.51726483054134,5.51726483054134,61.76310889737002,77.52275141599556,630.0,0.0
23,4.0,9.451488829857626,5.451488829857626,62.27455500448201,77.52243467821069,630.0,0.0
24,4.0,9.386503521438225,5.386503521438225,62.78516722023108,77.52248974511173,630.0,0.0
25,4.0,9.322114888478326,5.3221148884783265,63.29613985749044,77.5228408796734,630.0,0.0
26,4.0,9.258178900990485,5.258178900990485,63.80830402566423,77.52335046215248,630.0,0.0
27,4.0,9.194601374456363,5.194601374456363,64.32229787510393,77.52388753084492,630.0,0.0
28,4.0,9.13131636943487,5.13131636943487,64.83857839461398,77.52434889418845,630.0,0.0
29,4.0,9.068256530589283,5.068256530589283,65.35753959346636,77.52465872079057,630.0,0.0
30,4.0,9.005393736248696,5.0053937362486955,65.87947034703775,77.52478261318245,630.0,0.0
31,4.0,8.94268554299206,4.942685542992059,66.40465750841769,77.52472066677348,630.0,0.0
32,4.0,8.880094900035788,4.880094900035788,66.93333413908265,77.5245346693648,630.0,0.0
33,4.0,8.817611388009878,4.817611388009878,67.46579938152608,77.52426618284069,630.0,0.0
34,4.0,8.755128703776709,4.755128703776709,68.00265029037047,77.5240045756642,630.0,0.0
35,4.0,8.692623508834728,4.692623508834728,68.54444968613323,77.52379115587745,630.0,0.0
36,4.0,8.630014847297478,4.630014847297478,69.09170762350291,77.52366713626235,630.0,0.0
37,4.0,8.56725846840724,4.567258468407241,69.64482794638057,77.52363264402429,630.0,0.0
38,4.0,8.50434380243826,4.50434380243826,70.20420547872135,77.52368089509368,630.0,0.0
39,4.0,8.441222136594298,4.441222136594298,70.77021663763902,77.52378418127776,630.0,0.0
40,4.0,8.377897548924574,4.377897548924574,71.34322430772416,77.52391501649595,630.0,0.0
41,4.0,8.314341257813073,4.314341257813073,71.92357770168314,77.52403202958077,630.0,0.0
42,4.0,8.250506026948152,4.250506026948152,72.51167675885465,77.5241214935213,630.0,0.0
43,4.0,8.186387204438342,4.186387204438342,73.10788066172177,77.524162865068,630.0,0.0
44,4.0,8.12195516645244,4.121955166452439,73.71260022931601,77.52416292853698,630.0,0.0
45,4.0,8.057250933885062,4.0572509338850615,74.3258401028001,77.5241354110137,630.0,0.0
46,4.0,7.992491691284773,3.9924916912847728,74.94555320293426,77.52409410276579,630.0,0.0
47,4.0,7.928080351162684,3.9280803511626843,75.56812932345792,77.524048068832,630.0,0.0
48,4.0,7.864293888394146,3.864293888394146,76.19098184287431,77.52399952850556,630.0,0.0
49,4.0,7.801289898234798,3.8012898982347982,76.81224890322717,77.5239680138164,630.0,0.0
50,4.0,7.739194977347953,3.739194977347953,77.4306070711613,77.52394819853319,630.0,0.0
51,4.0,7.67806880160263,3.67806880160263,78.04510319990784,77.52394694810108,630.0,0.0
52,4.0,7.61794889208275,3.61794889208275,78.65507296202341,77.52394888413727,630.0,0.0
53,4.0,7.558848726825201,3.558848726825201,79.26003159741192,77.52394128902638,630.0,0.0
54,4.0,7.500766569879126,3.5007665698791257,79.85963240130373,77.5239436520691,630.0,0.0
55,4.0,7.443697322974319,3.4436973229743186,80.45372509333717,77.52397104318348,630.0,0.0
56,4.0,7.387579500648165,3.3875795006481653,81.0424485700292,77.5240021440722,630.0,0.0
57,4.0,7.332391042068418,3.3323910420684184,81.6259413183199,77.5240266819181,630.0,0.0
58,4.0,7.278093494261874,3.2780934942618742,82.20432910327109,77.52405000386462,630.0,0.0
59,4.0,7.224620331055898,3.224620331055898,82.77774285332522,77.5240463500926,630.0,0.0
60,4.0,7.171957586537424,3.171957586537424,83.34626373869368,77.52403548124852,630.0,0.0
61,4.0,7.1200802976185456,3.1200802976185456,83.90999126079294,77.5240211533479,622.4560193748998,0.0
62,4.0,7.068948236639806,3.068948236639806,84.4689708487058,77.52400753726829,612.2551732096413,0.0
63,4.0,7.01857362699561,3.01857362699561,85.02327154827778,77.52397730800392,602.2054385856242,0.0
64,4.0,6.96891558087438,2.9689155808743797,85.57295163697935,77.52396375393664,592.2986583844387,0.0
65,4.0,6.919918596917106,2.919918596917106,86.11808231230106,77.5239727238342,582.5237600849626,0.0
66,4.0,6.871593046831574,2.871593046831574,86.65865784576036,77.52398659586906,572.8828128428989,0.0
67,4.0,6.823902577223089,2.8239025772230892,87.19478377414478,77.5239867854688,563.3685641560063,0.0
68,4.0,6.776835628054078,2.7768356280540782,87.72648058436941,77.52399341845134,553.9787077967886,0.0
69,4.0,6.730360870951078,2.7303608709510776,88.25377759267214,77.5240020416766,544.7069937547399,0.0
70,4.0,6.68448400045602,2.6844840004560204,88.77672678426066,77.52401088607665,535.554558090976,0.0
71,4.0,6.639173469692731,2.6391734696927314,89.29536177310085,77.5240185930576,526.5151072036999,0.0
72,4.0,6.594405719650083,2.5944057196500827,89.80971629988976,77.52402296688184,517.5839410701915,0.0
73,4.0,6.550184067871712,2.5501840678717116,90.31985605270673,77.52402295512563,508.7617215404064,0.0
74,4.0,6.506547959714183,2.506547959714183,90.82474375143465,77.52402187891137,500.0563179629795,0.0
75,4.0,6.463736361126995,2.463736361126995,91.3209125024433,77.52400604426855,491.51540404483546,0.0
76,4.0,6.42205525257157,2.42205525257157,91.80368674931094,77.52400536843794,483.20002288802823,0.0
77,4.0,6.38176578588664,2.38176578588664,92.26899532005169,77.52400454334406,475.16227428438464,0.0
78,4.0,6.34303746913731,2.34303746913731,92.71384915977818,77.52400185978308,467.43597509289333,0.0
79,4.0,6.305977934265099,2.3059779342650986,93.13614546090173,77.52399865873998,460.0425978858872,0.0
80,4.0,6.270633633159514,2.2706336331595143,93.53448064242025,77.52398515342549,452.99140981532304,0.0
81,4.0,6.237034729839786,2.2370347298397864,93.90807739123635,77.52399284899285,446.2884286030374,0.0
82,4.0,6.205154918823335,2.205154918823335,94.25660614652749,77.52398416688341,439.9284063052553,0.0
83,4.0,6.174974989711838,2.1749749897118376,94.58007203695362,77.52400059715649,433.9075104475115,0.0
84,4.0,6.146446343865656,2.146446343865656,94.87875413738712,77.52400208859339,428.2160456011983,0.0
85,4.0,6.119510355220837,2.1195103552208368,95.1531486976654,77.52399612626678,422.84231586655693,0.0
86,4.0,6.094093005031914,2.0940930050319144,95.40388715459875,77.5239886105188,417.7715545038669,0.0
87,4.0,6.070146688407769,2.0701466884077693,95.6317205457207,77.52398825361657,412.99426433735,0.0
88,4.0,6.047600408917897,2.047600408917897,95.83748661998835,77.52399642624626,408.4962815791204,0.0
89,4.0,6.026367576528042,2.026367576528042,96.02205034608707,77.52400240048966,404.2603315173443,0.0
90,4.0,6.006405208082357,2.0064052080823567,96.18632456816388,77.52400500572719,400.2778390124301,0.0
91,4.0,5.987636903185115,1.9876369031851153,96.33120914339081,77.52400944448357,396.53356218543047,0.0
92,4.0,5.969986052187267,1.9699860521872674,96.45761798584219,77.52402035870057,393.0122174113598,0.0
93,4.0,5.953410697797269,1.9534106977972687,96.56644595081205,77.52401360378273,389.7054342105551,0.0
94,4.0,5.937844525894445,1.9378445258944446,96.65856499500065,77.52400723528976,386.59998291594167,0.0
95,4.0,5.923242372908374,1.9232423729083736,96.73482832588981,77.52401308309925,383.68685339522057,0.0
96,4.0,5.909544292589763,1.9095442925897634,96.79606181161975,77.52401906889719,380.9540863716578,0.0
97,4.0,5.8967011310619055,1.8967011310619055,96.84307604599083,77.5240113057607,378.39187564685017,0.0
98,4.0,5.8846726081209635,1.8846726081209635,96.87662007715925,77.52398925222228,375.9921853201322,0.0
99,4.0,5.87339595957161,1.87339595957161,96.89743039345186,77.52397227665234,373.7424939345362,0.0
100,4.0,5.862859190181102,1.8628591901811022,96.90621990788532,77.52395952190241,371.64040844112986,0.0
101,4.0,5.852999330675888,1.852999330675888,96.90367547147225,77.523960175043,369.67336646983966,0.0
102,4.0,5.8437854443969,1.8437854443969002,96.8904145032766,77.52397367965744,367.83519615718154,0.0
103,4.0,5.8352035820993775,1.8352035820993775,96.86703406025497,77.52400543950652,366.1231146288258,0.0
104,4.0,5.827192167753252,1.8271921677532523,96.83416677767389,77.5240191677517,364.5248374667738,0.0
105,4.0,5.819738613098414,1.819738613098414,96.79236887946604,77.52400950616105,363.03785331313355,0.0
106,4.0,5.812809344310725,1.8128093443107254,96.74220043449347,77.52401951556531,361.6554641899897,0.0
107,4.0,5.806359418523943,1.806359418523943,96.68414271763098,77.52401504565881,360.36870399552663,0.0
108,4.0,5.800391022824447,1.8003910228244466,96.61870849092884,77.52401970594056,359.17800905347707,0.0
109,4.0,5.794857819713003,1.7948578197130027,96.54633624689173,77.5240074706755,358.07413503274404,0.0
110,4.0,5.789751003898224,1.7897510038982238,96.46747510412536,77.52398471055038,357.05532527769566,0.0
111,4.0,5.78504593659642,1.7850459365964202,96.38254055932833,77.52400240335793,356.11666435098584,0.0
112,4.0,5.780715195422815,1.7807151954228146,96.29189962585029,77.5240179090416,355.2526814868515,0.0
113,4.0,5.776751737333552,1.7767517373335524,96.1959382492458,77.52401847901217,354.4619715980437,0.0
114,4.0,5.773114671685405,1.7731146716854047,96.09501139176967,77.52401326792277,353.7363770012382,0.0
115,4.0,5.7698083048132105,1.7698083048132105,95.9894543978478,77.52401304674174,353.07675681023545,0.0
116,4.0,5.766814728419469,1.7668147284194688,95.87957012802259,77.52399147281233,352.479538319684,0.0
117,4.0,5.764115694963872,1.7641156949638717,95.7656812518899,77.52396635988245,351.9410811452924,0.0
118,4.0,5.761694573508791,1.761694573508791,95.6480747423982,77.5239672155633,351.45806741500377,0.0
119,4.0,5.759534465265008,1.7595344652650082,95.52701572150603,77.52398603538244,351.0271258203691,0.0
120,4.0,5.757630763249427,1.757630763249427,95.40276886095437,77.52400243207903,350.6473372682607,0.0
121,4.0,5.755956107410758,1.755956107410758,95.27558604932925,77.52402642588994,350.3132434284462,0.0
122,4.0,5.754512955176766,1.7545129551767662,95.14572117935765,77.52403323930739,350.02533455776484,0.0
123,4.0,5.753285269735894,1.753285269735894,95.01338293206159,77.52402771171116,419.7854782238638,0.0
124,4.0,5.750719420915408,1.7507194209154084,94.90397218243388,77.52402476824594,419.2735913841769,0.0
125,4.0,5.744045869677898,1.7440458696778984,94.86300242879719,77.52401448036134,487.7959228068185,0.0
126,4.0,5.732717311719164,1.7327173117191643,94.89884960090832,77.52400666421109,485.535875494051,0.0
127,4.0,5.715007940780167,1.7150079407801666,95.03990244246471,77.52398154461594,482.002855991721,0.0
128,4.0,5.6927163834364505,1.6927163834364505,95.25674832005042,77.52396258813334,477.5556903016497,0.0
129,4.0,5.667296898552384,1.667296898552384,95.52552154849676,77.5239505602473,472.4845030672784,0.0
130,4.0,5.639878080223498,1.6398780802234976,95.82825865149782,77.52396685389826,467.0144488106655,0.0
131,4.0,5.611282671697758,1.611282671697758,96.15135438867729,77.52399201197335,461.3096648097805,0.0
132,4.0,5.5821329682765075,1.5821329682765075,96.48445062240279,77.5239992509356,455.49429897724104,0.0
133,4.0,5.5528919837899355,1.5528919837899355,96.81962453089395,77.52400624291143,449.66072257216996,0.0
134,4.0,5.523915775701928,1.5239157757019282,97.15083726712798,77.5240152422478,443.8799690586125,0.0
135,4.0,5.495440971196668,1.4954409711966683,97.47349862335622,77.52402135234745,438.1992455598131,0.0
136,4.0,5.467674874546575,1.4676748745465753,97.78418852504578,77.52402176430117,432.6599092781195,0.0
137,4.0,5.440722185905415,1.4407221859054147,98.08037403545502,77.52401752818783,427.282847894208,0.0
138,4.0,5.414691258656998,1.4146912586569984,98.36025541440536,77.52401026275454,422.08967790814893,0.0
139,4.0,5.389633045454574,1.3896330454545742,98.62258287807651,77.52400595205177,417.09056437426534,0.0
140,4.0,5.36558043710516,1.3655804371051596,98.86657931616205,77.52400287189243,412.2920690085572,0.0
141,4.0,5.3425444614129,1.3425444614129,99.0918077682073,77.52398845529584,407.6963918579513,0.0
142,4.0,5.320511704490311,1.3205117044903112,99.2980824586768,77.52399956532993,403.3008568518949,0.0
143,4.0,5.299481950250089,1.2994819502500894,99.48547887947969,77.52399133704199,399.1054208809706,0.0
144,4.0,5.2794292636520765,1.2794292636520765,99.65420099761523,77.52400035421401,395.104909904667,0.0
145,4.0,5.260339795692193,1.2603397956921931,99.80457339813297,77.52402246199277,391.2965610466703,0.0
146,4.0,5.242176303498363,1.242176303498363,99.9370436824627,77.52403844872543,387.67294435400123,0.0
147,4.0,5.224900579407741,1.2249005794077412,100.05205744541406,77.52402916678614,384.22643739792215,0.0
148,4.0,5.208495071581825,1.208495071581825,100.15017843858871,77.5240164275365,380.95353858665186,0.0
149,4.0,5.192919067753801,1.1929190677538006,100.23197510646838,77.52402191525101,377.846125822961,0.0
150,4.0,5.178155785996053,1.1781557859960534,100.29801286807677,77.52400610535938,374.9008511122904,0.0
151,4.0,5.164152599566207,1.164152599566207,100.34889272690904,77.52399165809109,372.1072154195361,0.0
152,4.0,5.150893783603504,1.1508937836035038,100.38520157184237,77.52398860951838,369.46208163497676,0.0
153,4.0,5.138345877698758,1.1383458776987583,100.40754217405541,77.52399491507886,366.95877440698007,0.0
154,4.0,5.126487794842234,1.1264877948422338,100.41646007414353,77.52400981460312,364.5930868771035,0.0
155,4.0,5.115284522290166,1.1152845222901657,100.41258436890008,77.52400047524488,362.35803400296584,0.0
156,4.0,5.10470331795709,1.1047033179570898,100.39646197323569,77.52400067029856,360.2470837385172,0.0
157,4.0,5.094719299735464,1.0947192997354636,100.36866901544828,77.5240140536788,358.25527210330273,0.0
158,4.0,5.085313361413706,1.0853133614137063,100.32971143705055,77.52400153896906,356.3787874081122,0.0
159,4.0,5.0764561625814295,1.0764561625814295,100.28019734161516,77.52400513678629,354.61177624107296,0.0
160,4.0,5.068134835122637,1.0681348351226374,100.22060713473184,77.52401713332307,352.951671413044,0.0
161,4.0,5.060307855807434,1.0603078558074337,100.15148692024776,77.52400630419929,351.3901890396608,0.0
162,4.0,5.052970023108992,1.0529700231089922,100.07326461060016,77.52400021318547,349.9262914163217,0.0
163,4.0,5.046097915182785,1.0460979151827852,99.98644516964626,77.52398202214239,348.5553058850434,0.0
164,4.0,5.0396712086159825,1.0396712086159825,99.89144893885907,77.52397458331123,347.2731779249663,0.0
165,4.0,5.033669578076829,1.0336695780768288,99.78873140547516,77.52396822154921,346.07585263240514,0.0
166,4.0,5.028082688451148,1.028082688451148,99.67868363131599,77.52397063852155,344.9612681520818,0.0
167,4.0,5.022881388091835,1.022881388091835,99.561705115155,77.5239880759994,343.9236087303989,0.0
168,4.0,5.0180727549309605,1.0180727549309605,99.43816525081931,77.52400572939719,342.9642864148044,0.0
169,4.0,5.013614085181703,1.013614085181703,99.30846672398428,77.52403577316059,342.0747817998275,0.0
170,4.0,5.0095125786128945,1.0095125786128945,99.17295747874167,77.52402222138264,341.2565312393502,0.0
171,4.0,5.005743803071765,1.0057438030717654,99.03196961632109,77.52401637098416,340.504660518895,0.0
172,4.0,5.0022946720041555,1.0022946720041555,98.88584072529153,77.52400859043499,339.8165588709068,0.0
173,4.0,4.999159240574083,0.999159240574083,98.73489103227921,77.52400583760533,339.19104030060737,0.0
174,4.0,4.99632428323164,0.9963242832316404,98.57942145302323,77.52399197279553,338.62546631079005,0.0
175,4.0,4.993774539783794,0.9937745397837938,98.4197393577609,77.52398901156916,338.1167924929446,0.0
176,4.0,4.991493392132258,0.9914933921322584,98.2561308818922,77.52398657742032,337.66170353646334,0.0
177,4.0,4.989474427937979,0.9894744279379788,98.08886835639143,77.52399202159165,337.25892017970455,0.0
178,4.0,4.987711073799838,0.9877110737998382,97.91821290275821,77.52401184325929,336.9071310291455,0.0
179,4.0,4.986182839923399,0.9861828399233987,97.74443597037919,77.52400387851037,336.60224837079585,0.0
180,4.0,4.984895425226268,0.9848954252262683,97.56777281362287,77.52398721516305,375.69410445166193,0.0
181,4.0,4.982924380620971,0.9829243806209709,97.40600317646978,77.52397478889871,375.300881052905,0.0
182,4.0,4.9790814537263,0.9790814537263,97.28204342553614,77.52396609381937,413.752899924195,0.0
183,4.0,4.972967012477581,0.9729670124775813,97.20324051880813,77.52395996021171,412.53306889507564,0.0
184,4.0,4.963818117293296,0.9638181172932958,97.18400160656783,77.5239556918789,410.7078643058107,0.0
185,4.0,4.952519952075304,0.9525199520753036,97.20682819294488,77.52395268827931,408.45388034482124,0.0
186,4.0,4.939756638383564,0.9397566383835638,97.25809742616642,77.52395063321848,405.9075992633191,0.0
187,4.0,4.9260446058005725,0.9260446058005725,97.3275872179855,77.52396737962694,403.17204876301236,0.0
188,4.0,4.911790200447887,0.9117902004478866,97.40761032626797,77.52399281623988,400.32829489515154,0.0
189,4.0,4.897272953572739,0.8972729535727391,97.49235567672973,77.52402905165106,397.43210414355957,0.0
190,4.0,4.8827285955001045,0.8827285955001045,97.57749142413877,77.52403918907251,394.530504708069,0.0
191,4.0,4.8683111315255,0.8683111315255001,97.65971296658611,77.52403182068818,391.6542206451354,0.0
192,4.0,4.854137483941211,0.8541374839412113,97.73658836976381,77.52402874610972,388.8265779520698,0.0
193,4.0,4.840308039117859,0.8403080391178586,97.80637668244083,77.52401672713081,386.0676037098109,0.0
194,4.0,4.826873752899017,0.8268737528990169,97.86778110892995,77.52401178552705,383.387463609152,0.0
195,4.0,4.813885500951755,0.8138855009517547,97.91993250141869,77.52401167722759,380.7963073456732,0.0
196,4.0,4.801373955505666,0.8013739555056656,97.96223841502254,77.523998143621,378.3002540291784,0.0
197,4.0,4.789346546534131,0.7893465465341309,97.99441975638193,77.52400919490148,375.90078593935726,0.0
198,4.0,4.777812378368191,0.777812378368191,98.01628111316207,77.52399113502912,373.5997193902522,0.0
199,4.0,4.766780845318719,0.7667808453187188,98.02780399890635,77.52399636737749,371.39892854688253,0.0
200,4.0,4.7562498134353985,0.7562498134353985,98.02909539826078,77.52400057866042,369.2979876861601,0.0
201,4.0,4.746204188926996,0.7462041889269964,98.02032907588351,77.524009067371,367.2938855967339,0.0
202,4.0,4.736637309715375,0.7366373097153751,98.00172363911952,77.5240052713825,365.38529319401545,0.0
203,4.0,4.727554499163979,0.7275544991639791,97.9735794655091,77.5240055472386,363.5732724890119,0.0
204,4.0,4.7189114193914685,0.7189114193914685,97.93617664337968,77.52401716934902,361.8489780743961,0.0
205,4.0,4.7107201459513295,0.7107201459513295,97.88986510690485,77.52401365826609,360.21481902308835,0.0
206,4.0,4.702965743765038,0.7029657437650378,97.83495738513453,77.5240076860109,358.66781578692314,0.0
207,4.0,4.695622728793196,0.6956227287931958,97.77185155408476,77.52401449385918,357.20288430004064,0.0
208,4.0,4.688684777252206,0.688684777252206,97.70085078949386,77.5240116857935,355.8187629676132,0.0
209,4.0,4.682131818166756,0.6821318181667557,97.62229147980271,77.5240019208451,354.5114476300659,0.0
210,4.0,4.675972152287755,0.6759721522877546,97.53652191235956,77.524007214778,353.28259428720514,0.0
211,4.0,4.670162667391525,0.6701626673915246,97.44386960600282,77.52401419125123,352.12360205040727,0.0
212,4.0,4.664705859645772,0.664705859645772,97.34464477022553,77.52280073796437,351.03496890512963,0.0
213,4.0,4.65960469575245,0.6596046957524502,97.2391873224076,77.51871809814371,350.0172867084119,0.0
214,4.0,4.654841486784094,0.6548414867840942,97.12777194368427,77.51532989016708,349.0670265192249,0.0
215,4.0,4.650396237803994,0.650396237803994,97.01070840118034,77.51271163334133,348.18019934769495,0.0
216,4.0,4.646256202036206,0.6462562020362057,96.88832057095378,77.50621376413187,347.3542622120211,0.0
217,4.0,4.642430480907314,0.642430480907314,96.76086941091611,77.49984492525354,346.59103084680726,0.0
218,4.0,4.638882700243498,0.6388827002434976,96.62864380430831,77.49679483170344,345.88324860437586,0.0
219,4.0,4.635600880447602,0.6356008804476021,96.49192889162906,77.49292480732089,345.22852555509473,0.0
220,4.0,4.632604268289136,0.6326042682891364,96.35096905369531,77.48797670061833,344.63070142948084,0.0
221,4.0,4.629853352650766,0.6298533526507661,96.20602619804636,77.48617998760943,344.081893759626,0.0
222,4.0,4.627355607737735,0.6273556077377354,96.0573417714972,77.48591422112018,343.5835936494763,0.0
223,4.0,4.625095405732115,0.6250954057321154,95.90515871460073,77.48203755796412,343.13268334935515,0.0
224,4.0,4.623041155230639,0.6230411552306387,95.74970704562327,77.47948800776813,342.7228603743105,0.0
225,4.0,4.621210616810326,0.621210616810326,95.59120786182218,77.4784824876497,342.3576679594582,0.0
226,4.0,4.619584393541543,0.619584393541543,95.42987242554688,77.47630343712446,342.03323641733596,0.0
227,4.0,4.61817100365694,0.6181710036569399,95.26592257858809,77.47163572995996,366.47268243766524,0.0
228,4.0,4.616376301362124,0.6163763013621244,95.11156173576356,77.46894669991785,366.1146393298495,0.0
229,4.0,4.613560783371174,0.6135607833711738,94.97956253596278,77.46716632885521,390.14635791500365,0.0
230,4.0,4.609444505445734,0.609444505445734,94.87524679445752,77.46134770311694,389.32516046887844,0.0
231,4.0,4.603653133626947,0.6036531336269473,94.80619519752574,77.4570675252016,388.1697817910305,0.0
232,4.0,4.596703105233455,0.5967031052334546,94.76165424784647,77.45480436057913,386.7832511265287,0.0
233,4.0,4.588943145328867,0.5889431453288667,94.7335179166263,77.45208063835774,385.2351391255634,0.0
234,4.0,4.58069435045909,0.5806943504590896,94.71564102314444,77.44746515938755,383.5895045490429,0.0
235,4.0,4.572168328632334,0.5721683286323342,94.7033992990185,77.44534358104208,381.8885631946052,0.0
236,4.0,4.563538843597742,0.5635388435977422,94.69336723493608,77.44452332461266,380.1669809302041,0.0
237,4.0,4.554906416094962,0.5549064160949619,94.68301499401515,77.43959698434408,378.4448116433994,0.0
238,4.0,4.5464075457088935,0.5464075457088935,94.67042093312912,77.43614027534989,376.7492870013787,0.0
239,4.0,4.538093929763597,0.5380939297635967,94.65421742831586,77.43442735053279,375.090720620292,0.0
240,4.0,4.5299930859899,0.5299930859898998,94.63339982009164,77.43350755407536,373.4746022874395,0.0
241,4.0,4.522146412311287,0.5221464123112867,94.6073398104057,77.43293480982858,371.90919088855617,0.0
242,4.0,4.514576892378562,0.5145768923785621,94.57559077655381,77.4336945342853,370.3990716619776,0.0
243,4.0,4.507316157420105,0.5073161574201048,94.53787245439841,77.4347952644426,368.95055503776535,0.0
244,4.0,4.500347498066923,0.5003474980669234,94.49407857769144,77.43695956201253,367.5603074968057,0.0
245,4.0,4.493683743857379,0.4936837438573791,94.44414210824135,77.43917985599606,366.23088853200164,0.0
246,4.0,4.487330516416428,0.4873305164164279,94.38815867080744,77.44071573263017,364.96341965753186,0.0
247,4.0,4.481284362269156,0.4812843622691556,94.32619147317548,77.44136234152943,363.757211905151,0.0
248,4.0,4.475546263201471,0.47554626320147086,94.25838094155309,77.44114241418649,362.6124611411479,0.0
249,4.0,4.470097229271114,0.4700972292711141,94.18490980214165,77.44025901267835,361.52537887204176,0.0
250,4.0,4.464949669011959,0.46494966901195944,94.10596912124032,77.43904826593297,360.49844060034036,0.0
251,4.0,4.46008312285927,0.46008312285927033,94.02173632586089,77.43780994725505,359.52756464287893,0.0
252,4.0,4.455492435943377,0.45549243594337696,93.93245893175802,77.43678680670703,358.6117226031582,0.0
253,4.0,4.451175509448462,0.4511755094484622,93.83831021320442,77.43616086986651,357.7504957674227,0.0
254,4.0,4.447121712861171,0.4471217128611711,93.73953906428218,77.43599379339713,356.9417633482581,0.0
255,4.0,4.443326255062534,0.44332625506253365,93.63634870264482,77.43623139698144,356.18456951742996,0.0
256,4.0,4.439775273573478,0.4397752735734777,93.52894349490691,77.4367446867731,355.4761487103633,0.0
257,4.0,4.436469891100097,0.4364698911000966,93.4175457861926,77.43738330588148,354.81672490692375,0.0
258,4.0,4.433393676784746,0.43339367678474616,93.30235142575442,77.4379929207878,354.20302015101134,0.0
259,4.0,4.430546741882323,0.4305467418823232,93.1835803629558,77.43846945012443,353.635056637978,0.0
260,4.0,4.427916243775624,0.4279162437756243,93.06142256893736,77.43872127597639,353.11027226569155,0.0
261,4.0,4.425496605368505,0.4254966053685054,92.93607997079336,77.43875075256952,352.6275544034713,0.0
262,4.0,4.42327963398569,0.4232796339856897,92.80773561066401,77.43861003955081,352.1852686125996,0.0
263,4.0,4.421261142290425,0.4212611422904251,92.67659445015644,77.43832450232065,351.7825795193943,0.0
264,4.0,4.419431462060212,0.41943146206021176,92.54286656330306,77.4380076808365,351.41755831346677,0.0
265,4.0,4.417786025064729,0.4177860250647294,92.40679976616755,77.43771991531867,351.08929363286796,0.0
266,4.0,4.41630900999443,0.4163090099944302,92.26862085873324,77.43750359443737,367.464291526426,0.0
267,4.0,4.4146086048487145,0.41460860484871453,92.13648602983922,77.43743004190057,367.12506069985574,0.0
268,4.0,4.412287516363848,0.41228751636384775,92.01866704088393,77.43743680227185,383.2048868805885,0.0
269,4.0,4.409171742535736,0.40917174253573574,91.9184993086673,77.43754720617528,382.5832900018802,0.0
270,4.0,4.405019608387716,0.40501960838771556,91.84068965027775,77.43768760483644,398.080891766526,0.0
271,4.0,4.399792308512303,0.3997923085123034,91.78604342567621,77.43783933057279,397.03804544138126,0.0
272,4.0,4.393315335929797,0.39331533592979717,91.75745693740593,77.43796407390359,395.7458894111713,0.0
273,4.0,4.386008041637891,0.3860080416378908,91.74637678599449,77.43805425248112,394.28808419993595,0.0
274,4.0,4.3781607257602815,0.3781607257602815,91.74643980552133,77.43806915887825,392.7225446823529,0.0
275,4.0,4.3700102061825135,0.37001020618251346,91.75292210700648,77.43805704283336,391.0965160265881,0.0
276,4.0,4.361718862371686,0.3617188623716858,91.76231565209974,77.43799151099515,389.442392936328,0.0
277,4.0,4.353412003646777,0.3534120036467767,91.7720594210554,77.43792506741555,387.78517462070863,0.0
278,4.0,4.345187670457906,0.3451876704579062,91.78021422651157,77.43785941926235,386.144420149529,0.0
279,4.0,4.337099583634836,0.33709958363483583,91.78539618194063,77.43780222460644,384.5308468283265,0.0
280,4.0,4.329207328785753,0.32920732878575265,91.78658809401291,77.43774552413352,382.9563419859344,0.0
281,4.0,4.321540381498662,0.3215403814986617,91.78313556214218,77.43773421858663,381.42678600215976,0.0
282,4.0,4.314106802033548,0.3141068020335478,91.77454367120463,77.43775697749608,379.94378689886946,0.0
283,4.0,4.30693546282799,0.30693546282799034,91.76051962196466,77.43780669656492,378.51310472736077,0.0
284,4.0,4.30002980144201,0.30002980144200997,91.7408920070326,77.43785024921661,377.1354252808577,0.0
285,4.0,4.293404362775037,0.29340436277503734,91.71560500194492,77.43788516545521,375.8136502667967,0.0
286,4.0,4.287047241067177,0.28704724106717716,91.68471896725313,77.43790742405967,374.54540448607855,0.0
287,4.0,4.2809656755632695,0.28096567556326946,91.64826188494715,77.4379035924237,373.332132168049,0.0
288,4.0,4.275159503919992,0.27515950391999233,91.60634257391393,77.43789651357838,372.1738009252152,0.0
289,4.0,4.269617451931225,0.2696174519312251,91.55913073349409,77.43789788592603,371.0681615534561,0.0
290,4.0,4.26433324074572,0.26433324074571996,91.50675245695489,77.43788963845478,370.0139614219479,0.0
291,4.0,4.259308737086377,0.2593087370863767,91.4493965399961,77.4378626306039,369.01157294190887,0.0
292,4.0,4.2545295186357555,0.25452951863575546,91.38726235057975,77.4378462313928,368.05811886101,0.0
293,4.0,4.2499983911815225,0.24999839118152245,91.32057182198086,77.43784206977298,367.1541589338904,0.0
294,4.0,4.245690026029883,0.24569002602988288,91.24955914455204,77.43784038995506,366.2946400861384,0.0
295,4.0,4.241622068135751,0.24162206813575082,91.17445173475633,77.43784429532919,365.48308248625904,0.0
296,4.0,4.237756965833229,0.23775696583322858,91.09547448799474,77.4378294200946,364.7119945769058,0.0
297,4.0,4.234094920990299,0.23409492099029894,91.01280544973584,77.43783409426875,363.98141663074136,0.0
298,4.0,4.230641366790048,0.23064136679004843,90.92664178642754,77.43785227076387,363.29243256779137,0.0
299,4.0,4.2273882684099355,0.22738826840993553,90.83716033192488,77.43787619467537,362.64343944095884,0.0
300,4.0,4.2243274369244865,0.22432743692448653,90.74445754538817,77.43791273883892,362.0328035596118,0.0
301,4.0,4.2214616033282715,0.22146160332827147,90.64859104891207,77.43792382758801,361.4610697571669,0.0
302,4.0,4.218783694268803,0.21878369426880262,90.54962836166611,77.43790917964509,360.92682689980285,0.0
303,4.0,4.216296874225223,0.2162968742252227,90.4476457309803,77.43788780862259,360.43070630110867,0.0
304,4.0,4.2139962351311135,0.21399623513111354,90.34276994207647,77.4378657913432,359.9717288018339,0.0
305,4.0,4.211889616186466,0.21188961618646562,90.23510957750041,77.43784490314046,359.5514583223766,0.0
306,4.0,4.209957359304935,0.2099573593049353,90.1247438757893,77.43783649190219,359.1659730745113,0.0
307,4.0,4.208196241169368,0.20819624116936808,90.01186267815953,77.43783013282697,358.8146300064656,0.0
308,4.0,4.206612059623705,0.20661205962370488,89.89653567152241,77.43783624597695,358.49858578810586,0.0
309,4.0,4.205192932398251,0.20519293239825132,89.77891061125399,77.43784656121538,358.21546990662785,0.0
310,4.0,4.204052380240874,0.20405238024087424,89.65675974496646,77.4378605521947,357.9879297512311,0.0
311,4.0,4.203121511910911,0.20312151191091132,89.53129829788985,77.43788854053172,357.80222151940353,0.0
312,4.0,4.2023871008602605,0.20238710086026046,89.40278869658181,77.43788533394886,357.6557065147987,0.0
313,4.0,4.202066716748303,0.2020667167483028,89.26713297273103,77.43787810818259,357.59178988446314,0.0
314,4.0,4.20195904016823,0.20195904016823008,89.12827438981674,77.4378594156734,357.5703084067386,0.0
315,4.0,4.20206745032957,0.20206745032956963,88.98633503030256,77.43786207125103,357.5919362339259,0.0
316,4.0,4.202576339752966,0.20257633975296585,88.83756237674345,77.43786785592097,357.6934596738934,0.0
317,4.0,4.2032475403853375,0.20324754038533754,88.68732209231285,77.43787090828175,357.8273642000516,0.0
318,4.0,4.204093902623594,0.20409390262359395,88.53513300097859,77.43787624273016,357.9962134665837,0.0
319,4.0,4.2052812133816655,0.2052812133816655,88.37802003704333,77.43787196415651,358.23308196281897,0.0
320,4.0,4.2066564041495464,0.20665640414954645,88.2189049681941,77.43787277265412,358.5074325210112,0.0
321,4.0,4.208194258522744,0.2081942585227443,88.05814292766503,77.43788167271225,358.8142344684642,0.0
322,4.0,4.21006428413412,0.21006428413411982,87.89288577938484,77.43787857576208,359.1873045779336,0.0
323,4.0,4.212124883876239,0.21212488387623907,87.72590259369144,77.43787291589307,359.59839422648645,0.0
324,4.0,4.214307689320975,0.21430768932097521,87.55840599743264,77.43786372810405,360.0338639127113,0.0
325,4.0,4.216854476516016,0.21685447651601564,87.38583553162037,77.43785401202895,360.54194795812185,0.0
326,4.0,4.219564220912544,0.21956422091254435,87.21197501026379,77.4378529687407,361.0825419652293,0.0
327,4.0,4.222398257924408,0.22239825792440815,87.03800264672888,77.4378543671812,361.64793234909615,0.0
328,4.0,4.225517543500333,0.2255175435003327,86.86041239915403,77.43785244806276,362.2702298214931,0.0
329,4.0,4.2288476793589895,0.22884767935898953,86.68098249375772,77.43786533332008,362.93459192529514,0.0
330,4.0,4.232234998959908,0.23223499895990773,86.50281245015985,77.43786237445427,363.6103621856783,0.0
331,4.0,4.235963245173597,0.2359632451735969,86.32044727106438,77.4378632492467,364.3541473053093,0.0
332,4.0,4.239863335712762,0.2398633357127622,86.13684880497591,77.43786659781719,365.1322153678728,0.0
333,4.0,4.243803572509451,0.24380357250945117,85.95500043572815,77.43786296073331,365.91829260881224,0.0
334,4.0,4.247994543977161,0.24799454397716136,85.77083111249536,77.4378565351161,366.7543914166204,0.0
335,4.0,4.25226044087537,0.2522604408753697,85.58779845066204,77.43786362803057,367.605437847813,0.0
336,4.0,4.2565389442517665,0.2565389442517665,85.4072631537369,77.43786586995157,368.45899927140414,0.0
337,4.0,4.260905066291232,0.2609050662912322,85.2275133951201,77.43786475111028,369.33004061827756,0.0
338,4.0,4.265270983270397,0.2652709832703968,85.05039595732399,77.43785307349272,370.20104105562086,0.0
339,4.0,4.269648724406788,0.269648724406788,84.8758694620063,77.43785567326222,371.07440041233093,0.0
340,4.0,4.274023967980569,0.27402396798056916,84.70364250798713,77.43785821306717,371.9472615053003,0.0
341,4.0,4.278413790191599,0.27841379019159884,84.53352521758251,77.43786839775817,372.82303103640066,0.0
342,4.0,4.282822924335934,0.28282292433593437,84.36544124564726,77.43786814804774,373.7026532981956,0.0
343,4.0,4.287238318056698,0.28723831805669775,84.19940269199645,77.43786251805633,374.58352434548794,0.0
344,4.0,4.2916654694682626,0.29166546946826255,84.03544670642599,77.43786195145215,375.4667410520951,0.0
345,4.0,4.296083491658985,0.29608349165898495,83.8736531197138,77.43785742802808,376.3481364791442,0.0
346,4.0,4.300513111249948,0.3005131112499484,83.71406581945052,77.43787102088464,377.23184558754144,0.0
347,4.0,4.3049202861530755,0.30492028615307554,83.55677538856551,77.43786431958625,378.1110769807153,0.0
348,4.0,4.309323742447683,0.3093237424476829,83.40183374461324,77.43785459045802,378.98956651148944,0.0
349,4.0,4.313705097632925,0.3137050976329254,83.2492728819671,77.43785748829978,379.86364687094533,0.0
350,4.0,4.31806201589758,0.31806201589758043,83.09911544127337,77.43785259259575,380.732852064744,0.0
351,4.0,4.322414108949986,0.3224141089499861,82.95138350240468,77.43785885899348,381.60109462869895,0.0
352,4.0,4.326728691475208,0.3267286914752079,82.80608221578899,77.43786184521589,382.4618538424807,0.0
353,4.0,4.33102740280233,0.3310274028023299,82.6632092466176,77.43785573763962,383.31944675224156,0.0
354,4.0,4.335296912984667,0.335296912984667,82.52275612318407,77.43785090901174,384.1712140336178,0.0
355,4.0,4.339546064610147,0.3395460646101469,82.38471113568835,77.43785152833674,385.01891978290104,0.0
356,4.0,4.343757844817188,0.34375784481718785,82.24905229276763,77.4378613149151,385.8591699342057,0.0
357,4.0,4.34794250914463,0.3479425091446302,82.11576498383374,77.4378604527155,386.69401046753046,0.0
358,4.0,4.35209673744443,0.3520967374444304,81.98485351184719,77.43786326231572,387.52277901334054,0.0
359,4.0,4.356218656559349,0.35621865655934926,81.85627733156554,77.43786132972672,388.3451018767669,0.0
360,4.0,4.360307682731047,0.3603076827310474,81.73003790397856,77.4378693721406,389.1608625980207,0.0
361,4.0,4.364364881809975,0.3643648818099754,81.60611217042681,77.43787877517094,389.9702738142668,0.0
362,4.0,4.368375542019766,0.3683755420197663,81.48450132662961,77.43787973957319,390.77040052612006,0.0
363,4.0,4.372356821201368,0.37235682120136815,81.36516164604807,77.43786774155403,391.56466572284967,0.0
364,4.0,4.376297562294249,0.3762975622942486,81.24809710558075,77.43786639716537,392.3508435708793,0.0
365,4.0,4.380204052619199,0.38020405261919876,81.13328531836424,77.4378403682597,393.1301883907069,0.0
366,4.0,4.384071965512486,0.38407196551248557,81.02070042509932,77.43783635608625,393.90183701291755,0.0
367,4.0,4.387890816632372,0.387890816632372,80.91034536863212,77.43783664408296,394.66369781133494,0.0
368,4.0,4.391671822313387,0.3916718223133868,80.80218563253298,77.43784938351655,395.41800844469736,0.0
369,4.0,4.395412912588348,0.3954129125883483,80.69621326805914,77.4378545311164,396.1643559545522,0.0
370,4.0,4.399103035050709,0.3991030350507092,80.59238503909124,77.4378562145526,396.9005353857932,0.0
371,4.0,4.402755718498622,0.40275571849862235,80.49068791117567,77.43787644863265,397.6292457336519,0.0
372,4.0,4.4063592279203485,0.4063592279203485,80.39110369382878,77.43787739174981,398.3481458632862,0.0
373,4.0,4.409907058105076,0.4099070581050759,80.29362709822702,77.43788703016152,399.0559379851394,0.0
374,4.0,4.413415900079776,0.4134159000797757,80.19822298673355,77.43787761731183,399.75595195909204,0.0
375,4.0,4.416887705814452,0.4168877058144522,80.10483605593872,77.43786256513575,400.44857720315997,0.0
376,4.0,4.4203092193669535,0.42030921936695353,80.01349721518237,77.43786172773513,401.131169156884,0.0
377,4.0,4.423680911393939,0.42368091139393904,79.92412800522152,77.43786320192994,401.80382171626763,0.0
378,4.0,4.427016087555436,0.42701608755543585,79.83675393651936,77.4378536978639,402.4691893604862,0.0
379,4.0,4.430295067926869,0.43029506792686867,79.75130103910483,77.43784363785308,403.1233459445871,0.0
380,4.0,4.433540405423827,0.43354040542382677,79.6677808981857,77.43784295024305,403.77079077523024,0.0
381,4.0,4.436730947205577,0.4367309472055769,79.58614585510922,77.43785052373983,404.4073038606894,0.0
382,4.0,4.4398694905781495,0.4398694905781495,79.50639440655644,77.437856691927,405.0334432635176,0.0
383,4.0,4.442974315868782,0.4429743158687822,79.42845568599824,77.43785990221828,405.6528559089988,0.0
384,4.0,4.446021069164638,0.4460210691646376,79.35234488934016,77.43786618803684,406.26068319152193,0.0
385,4.0,4.4490337747334365,0.44903377473343653,79.27803154848968,77.43787385879014,406.8617179524974,0.0
386,4.0,4.451990853346064,0.45199085334606437,79.20548396542624,77.4378766284731,407.4516551357166,0.0
387,4.0,4.454894505477061,0.45489450547706056,79.13467531399414,77.43788100993264,408.03093373585034,0.0
388,4.0,4.457764037280512,0.45776403728051207,79.0655652917735,77.43787383423116,408.6034053306389,0.0
389,4.0,4.46057504818426,0.46057504818425965,78.99815939009255,77.43787865976633,409.1642020059366,0.0
390,4.0,4.463341871545073,0.4633418715450732,78.93240132828119,77.43787190657459,409.7161832664189,0.0
391,4.0,4.466065056699767,0.46606505669976706,78.86827639088811,77.43786411547013,410.2594587047803,0.0
392,4.0,4.468728297639239,0.46872829763923907,78.80578454285053,77.43786181371672,410.79077527220494,0.0
393,4.0,4.471349654499976,0.471349654499976,78.74486028590003,77.43783644216664,411.313735965922,0.0
394,4.0,4.4739288770895165,0.4739288770895165,78.68549741470409,77.43783869744014,411.82829087253526,0.0
395,4.0,4.476465273766701,0.476465273766701,78.62766688896383,77.43784085751649,412.33430200963363,0.0
396,4.0,4.478951591920996,0.4789515919209961,78.57133836947787,77.43785129348761,412.83032248141546,0.0
397,4.0,4.481384922241133,0.4813849222411326,78.51648489431003,77.43785958721335,413.31577188028274,0.0
398,4.0,4.483786357268726,0.483786357268726,78.46306991985207,77.43786933026489,413.7948581682876,0.0
399,4.0,4.486137453707374,0.48613745370737416,78.41111848439301,77.43788179894268,414.2639019077979,0.0
400,4.0,4.488442193771841,0.4884421937718413,78.36052642123278,77.43787941240373,414.7236975506591,0.0
401,4.0,4.490707693279699,0.490707693279699,78.31133111723489,77.43787348782006,415.1756647024767,0.0
402,4.0,4.492921972678454,0.49292197267845417,78.26346886810539,77.43787118888852,415.6174134425284,0.0
403,4.0,4.495095840599717,0.495095840599717,78.21694962784495,77.43786309496811,416.0511000928203,0.0
404,4.0,4.497226093184232,0.4972260931842323,78.17171595399772,77.43784056731775,416.4760854834311,0.0
405,4.0,4.499318915682669,0.49931891568266895,78.12777328658001,77.437844849957,416.8936035718692,0.0
406,4.0,4.5013642747357325,0.5013642747357325,78.08506701567111,77.4378612590342,417.3016527029554,0.0
407,4.0,4.503357307311841,0.5033573073118411,78.04359909652983,77.43785909511394,417.69926270188904,0.0
408,4.0,4.505318830739164,0.5053188307391636,78.00335350724444,77.437865958402,418.0905866256399,0.0
409,4.0,4.507251073657152,0.5072510736571516,77.96425878947433,77.43787537640611,418.4760690877785,0.0
410,4.0,4.509136253618475,0.5091362536184754,77.92633373209652,77.43787543197648,418.8521624900626,0.0
411,4.0,4.510978328959047,0.5109783289590473,77.88954386634641,77.43786581957708,419.2196565205067,0.0
412,4.0,4.512782630823018,0.5127826308230183,77.85384346555698,77.43786837191121,419.5796147423689,0.0
413,4.0,4.514546310427379,0.5145463104273791,77.81926118153108,77.43788004880226,419.9314688234389,0.0
414,4.0,4.516277767319812,0.5162777673198118,77.78572308035334,77.43787518133279,420.2768944734792,0.0
415,4.0,4.517968455110707,0.5179684551107071,77.75322842358655,77.43787201241163,420.6141866877628,0.0
416,4.0,4.5196163899109765,0.5196163899109765,77.72176673775189,77.43785470652486,420.9429496804165,0.0
417,4.0,4.521236055633782,0.5212360556337821,77.69131795854173,77.43784270746042,421.2660729921163,0.0
418,4.0,4.522808774566938,0.5228087745669381,77.6618212193347,77.43785122318664,421.5798304192809,0.0
419,4.0,4.5243624211826186,0.5243624211826186,77.63330520382024,77.437854328588,421.88978291910917,0.0
420,4.0,4.5258629443698375,0.5258629443698375,77.60574015330081,77.43785327305181,422.1891372949593,0.0
421,4.0,4.527333209080547,0.5273332090805471,77.57908461392569,77.43785244047005,422.4824551047459,0.0
422,4.0,4.528764626839373,0.5287646268393731,77.55330582730453,77.43785179613556,422.7680229476317,0.0
423,4.0,4.530173691634368,0.530173691634368,77.52842428089076,77.43784456660363,423.0491313742332,0.0
424,4.0,4.531542055262526,0.5315420552625261,77.50441892026096,77.43785332405814,423.32211991805076,0.0
425,4.0,4.532876496307421,0.5328764963074208,77.48122962185347,77.43785082763343,423.5883409065072,0.0
426,4.0,4.5341861030135,0.5341861030135,77.45883674906204,77.43786498307094,423.84960744437,0.0
427,4.0,4.535449416912066,0.5354494169120656,77.43726044002098,77.43786506655988,424.1016385671338,0.0
428,4.0,4.536695477523564,0.5366954775235637,77.41648889530158,77.43786357759025,424.3502276591277,0.0
429,4.0,4.537907978209851,0.5379079782098506,77.39646530979282,77.43785446372938,424.592121546042,0.0
430,4.0,4.539070295501071,0.5390702955010713,77.37718421929827,77.43785050632903,424.8240038456405,0.0
431,4.0,4.540230746665862,0.5402307466658618,77.35861930828086,77.43784849481322,425.05551385301624,0.0
432,4.0,4.541345544844462,0.5413455448444617,77.34075820557747,77.43782413194397,425.27791608964685,0.0
433,4.0,4.542423550781422,0.5424235507814217,77.3236281499956,77.43782869693382,425.49297827407037,0.0
434,4.0,4.543487990711841,0.5434879907118413,77.3071677589458,77.43785215069023,425.70533404018914,0.0
435,4.0,4.544525367276974,0.5445253672769743,77.29135440219129,77.43787084838475,425.91229066493315,0.0
436,4.0,4.545532224993384,0.5455322249933836,77.27617510119836,77.43787333911203,426.11315877935675,0.0
437,4.0,4.546495029098357,0.5464950290983568,77.26160465307353,77.43788496535113,426.305238198299,0.0
438,4.0,4.547465554119235,0.5474655541192348,77.24764909737057,77.43787752166406,426.4988579399641,0.0
439,4.0,4.5484025074025185,0.5484025074025185,77.23428465520061,77.4378687881462,426.68578011997926,0.0
440,4.0,4.5493036972025065,0.5493036972025065,77.22154786894173,77.43785750631822,426.8655674850768,0.0
441,4.0,4.55016542107222,0.5501654210722204,77.20935752993624,77.43785352944225,427.0374813970848,0.0
442,4.0,4.55102294106037,0.5510229410603698,77.19771385289594,77.43785324585352,427.2085566347205,0.0
443,4.0,4.55185881634062,0.5518588163406202,77.18660451063205,77.43784748840804,427.3753137531305,0.0
444,4.0,4.552673351611006,0.5526733516110056,77.17601181940009,77.43784473790515,427.53781353957237,0.0
445,4.0,4.553451243248,0.5534512432480003,77.16592477267733,77.43785645353464,427.6930029211528,0.0
446,4.0,4.554198729168698,0.5541987291686983,77.1563382035239,77.43784417440789,427.842126362332,0.0
447,4.0,4.554927486031348,0.5549274860313478,77.14722575740866,77.43784818472295,427.98751335643067,0.0
448,4.0,4.555656868868998,0.555656868868998,77.13857287093967,77.43785374450076,428.13302523254185,0.0
449,4.0,4.556362913041719,0.5563629130417187,77.13038263187188,77.43784426242682,428.27388104499965,0.0
450,4.0,4.557036959524484,0.557036959524484,77.1226746738791,77.43785010621487,428.40835331831136,0.0
451,4.0,4.557689910142515,0.557689910142515,77.11538920822393,77.43783850133453,428.53861696660846,0.0
452,4.0,4.558311205797298,0.5583112057972981,77.1085328452418,77.43783579409154,428.6625654497377,0.0
453,4.0,4.558908704070272,0.558908704070272,77.102077807423,77.43784305997416,428.781766355196,0.0
454,4.0,4.55948802851405,0.5594880285140498,77.09601308206713,77.43785558097616,428.8973415817297,0.0
455,4.0,4.560056401915782,0.5600564019157819,77.09031873583022,77.43786887004234,429.01073207537524,0.0
456,4.0,4.560626355188822,0.5606263551888224,77.08499056025362,77.43787948582464,429.12443775334685,0.0
457,4.0,4.561170197557442,0.5611701975574421,77.08002668541201,77.43788147769554,429.23293430588643,0.0
458,4.0,4.561702971095353,0.5617029710953529,77.0753955173797,77.43788112867566,429.33922262669967,0.0
459,4.0,4.562214996116873,0.5622149961168734,77.0711129313051,77.43786709174216,429.441371618493,0.0
460,4.0,4.562705812693682,0.5627058126936824,77.06715642173909,77.43785655618895,429.53928952556635,0.0
461,4.0,4.563178229199333,0.563178229199333,77.0635235427151,77.4378477826243,429.6335366184437,0.0
462,4.0,4.563628337682975,0.5636283376829754,77.06020791739599,77.43784352681485,429.72333326093036,0.0
463,4.0,4.564066296498285,0.564066296498285,77.05717630550835,77.4378445579517,429.8107060445846,0.0
464,4.0,4.564486556302689,0.5644865563026888,77.05445007373142,77.43784240013908,429.89454787556315,0.0
465,4.0,4.564871522368557,0.5648715223685574,77.05201021257712,77.4378500424175,429.97134860570395,0.0
466,4.0,4.565236926101479,0.5652369261014787,77.04981970525053,77.43785907010836,430.04424665042177,0.0
467,4.0,4.565592407708019,0.565592407708019,77.0478932447706,77.43785440213169,430.11516523092655,0.0
468,4.0,4.565924306148355,0.5659243061483554,77.04621163702795,77.43787393421181,430.1813789697736,0.0
469,4.0,4.566251532265043,0.566251532265043,77.04476850442325,77.43787154667721,430.2466605800529,0.0
470,4.0,4.566565097538197,0.5665650975381968,77.04356206768769,77.43786956400928,430.309216852047,0.0
471,4.0,4.56686017540874,0.5668601754087401,77.04256543608253,77.43786579494561,430.36808488722045,0.0
472,4.0,4.567149443190112,0.5671494431901118,77.04177218262814,77.4378519740524,430.4257938096041,0.0
473,4.0,4.567418821432643,0.5674188214326428,77.04118823475287,77.43784270984757,430.479534768989,0.0
474,4.0,4.567681136032989,0.5676811360329888,77.04079565131083,77.43783900497768,430.53186653175806,0.0
475,4.0,4.567932712616083,0.5679327126160834,77.04057820208553,77.43785822699203,430.58205606008545,0.0
476,4.0,4.568166845518741,0.568166845518741,77.04052569029196,77.4378701468427,430.6287655741655,0.0
477,4.0,4.568396616640975,0.5683966166409746,77.04065495846466,77.43788645105282,430.6746049130512,0.0
478,4.0,4.568612554341326,0.5686125543413256,77.04095135708094,77.43788375873771,430.7176844842713,0.0
479,4.0,4.56882402844018,0.5688240284401802,77.04139212771746,77.43787540789482,430.7598735669927,0.0
480,4.0,4.569027754863448,0.5690277548634484,77.04199054784415,77.43786677535007,430.8005169884347,0.0
481,4.0,4.569217505150997,0.5692175051509967,77.0427313979681,77.43786192130916,430.83837217080054,0.0
482,4.0,4.569403153138115,0.569403153138115,77.0436164894838,77.43785036372603,430.8754089442307,0.0
483,4.0,4.569578581538575,0.5695785815385754,77.04462572981473,77.43784193017454,430.9104069101226,0.0
484,4.0,4.569752401480323,0.569752401480323,77.04577019746988,77.43784269486694,430.94508398850127,0.0
485,4.0,4.569918809255316,0.5699188092553156,77.04703954408693,77.43784221130412,430.9782823396122,0.0
486,4.0,4.570071816195254,0.570071816195254,77.048432558405,77.43786971321839,431.00880722412995,0.0
487,4.0,4.570223633758029,0.5702236337580286,77.04993567725326,77.4378792179354,431.0390948279035,0.0
488,4.0,4.570362662424455,0.5703626624244551,77.05154012195086,77.43788627944056,431.06683104685555,0.0
489,4.0,4.570502730941399,0.5705027309413992,77.0532531350874,77.43788391727915,431.0947747159859,0.0
490,4.0,4.570637025985908,0.5706370259859082,77.05507539480871,77.43787433795698,431.12156657736546,0.0
491,4.0,4.5707562064924225,0.5707562064924225,77.05700213274699,77.43786923289683,431.145343088415,0.0
492,4.0,4.570876858367972,0.5708768583679724,77.05901813347171,77.43787008525457,431.16941313758724,0.0
493,4.0,4.570987468052323,0.5709874680523228,77.06114323906066,77.43786350917975,431.19147976961517,0.0
494,4.0,4.571097599215634,0.5710975992156344,77.06335442068196,77.43786039018025,431.2134509366958,0.0
495,4.0,4.571202892189173,0.5712028921891728,77.06563504554569,77.43784779172587,431.23445688491677,0.0
496,4.0,4.571298089890077,0.5712980898900772,77.06799563763988,77.4378434168583,431.2534488262472,0.0
497,4.0,4.571394954633189,0.5713949546331891,77.07043617377448,77.43785798947604,431.272773342498,0.0
498,4.0,4.571479257741178,0.5714792577411778,77.07295621163793,77.43786936067201,431.28959181254174,0.0
499,4.0,4.571567396648701,0.5715673966487014,77.07554966915554,77.43787300408819,431.3071755245927,0.0
500,4.0,4.571651274162919,0.5716512741629192,77.07821487385911,77.43787598517835,431.3239090886791,0.0
501,4.0,4.571722827185195,0.5717228271851953,77.08095560534984,77.43788162097695,431.3381839166232,0.0
502,4.0,4.571795015312499,0.5717950153124987,77.08375763473006,77.43787698305348,431.3525854480202,0.0
503,4.0,4.5718597536596715,0.5718597536596715,77.08661309609273,77.43785634467801,431.3655007482812,0.0
504,4.0,4.571924854153129,0.5719248541531288,77.08954647520679,77.43785280825657,431.3784882967259,0.0
505,4.0,4.5719788381673485,0.5719788381673485,77.0925170306773,77.43784335595558,431.3892581075628,0.0
506,4.0,4.571991294927863,0.5719912949278632,77.0955509865735,77.43783916211378,431.3917432312855,0.0
507,4.0,4.572013183551875,0.5720131835518751,77.0986481479821,77.43785112849118,431.3961100117758,0.0
508,4.0,4.57202097316157,0.5720209731615702,77.10177278505533,77.43785211527894,431.39766403890997,0.0
509,4.0,4.572034898491797,0.5720348984917969,77.10494411965622,77.43785728557253,431.4004421422903,0.0
510,4.0,4.57205045193879,0.5720504519387903,77.10813603522492,77.43785005960102,431.40354505496543,0.0
511,4.0,4.572056177493568,0.5720561774935682,77.11134350113213,77.43786217522977,431.40468730314365,0.0
512,4.0,4.572070158522311,0.5720701585223109,77.11458996654811,77.43786371979267,431.4074765183778,0.0
513,4.0,4.572071468655077,0.5720714686550767,77.1178616549279,77.43787056814979,431.40773788986456,0.0
514,4.0,4.572083216391027,0.572083216391027,77.1211635006226,77.4378580551224,431.4100815631867,0.0
515,4.0,4.5720937133169945,0.5720937133169945,77.12447615059513,77.4378642836972,431.4121756999172,0.0
516,4.0,4.572091168484089,0.5720911684840893,77.12779158953502,77.43786139354167,431.4116680057526,0.0
517,4.0,4.572100187857302,0.572100187857302,77.13113163215415,77.43787012836137,431.41346737070853,0.0
518,4.0,4.5720959552633005,0.5720959552633005,77.13449107823797,77.43787938876086,431.4126229682052,0.0
519,4.0,4.572103578683762,0.5721035786837616,77.13782677838813,77.43787794240066,431.41414384058714,0.0
520,4.0,4.5721120340220995,0.5721120340220995,77.14119123286402,77.43787481193348,431.41583068058566,0.0
521,4.0,4.572107034112489,0.5721070341124888,77.1445487959551,77.43786952039764,431.4148331986183,0.0
522,4.0,4.572112324107031,0.5721123241070307,77.14793811170986,77.43785941782632,431.4158885525294,0.0
523,4.0,4.572073967294315,0.5720739672943154,77.15132541393076,77.43785160092985,431.40823636839264,0.0
524,4.0,4.572037794974558,0.5720377949745581,77.1547434915762,77.43785416523217,431.4010199906011,0.0
525,4.0,4.571998230183944,0.5719982301839437,77.15816030333009,77.43785650327257,431.3931268148735,0.0
526,4.0,4.571959835160885,0.571959835160885,77.1615874691476,77.43786600960726,431.38546700777334,0.0
527,4.0,4.571921703669803,0.571921703669803,77.16501099556572,77.43786469007398,431.3778597753025,0.0
528,4.0,4.571875359936291,0.5718753599362909,77.16843201539827,77.43785650991978,431.36861420046677,0.0
529,4.0,4.571836209879514,0.571836209879514,77.17184206637114,77.43785752108715,431.3608037641398,0.0
530,4.0,4.571799444216674,0.5717994442166736,77.17524271472973,77.43785601844452,431.3534690144032,0.0
531,4.0,4.571764052117232,0.5717640521172322,77.17862022985041,77.43785724913245,431.3464082905646,0.0
532,4.0,4.57172821750714,0.5717282175071396,77.18199024854559,77.43786690926093,431.3392592858511,0.0
533,4.0,4.571689110949729,0.5716891109497286,77.18536149120332,77.43785923829681,431.3314575276476,0.0
534,4.0,4.571657253442513,0.5716572534425133,77.18872304433505,77.43785645028565,431.3251019549582,0.0
535,4.0,4.571624296798819,0.5716242967988192,77.19207166185892,77.43785473894926,431.3185271045412,0.0
536,4.0,4.571593177625239,0.571593177625239,77.1954058221573,77.43785664235355,431.312318829412,0.0
537,4.0,4.571563461175531,0.5715634611755309,77.19872985836847,77.43785992682221,431.3063903976951,0.0
538,4.0,4.571526122289309,0.5715261222893089,77.202073016004,77.43785355169075,431.29894128989383,0.0
539,4.0,4.5714845126957915,0.5714845126957915,77.20539222480387,77.43785886435762,431.29064017598716,0.0
540,4.0,4.571419784377296,0.5714197843772961,77.20870391571871,77.43786285019874,431.27772687644733,0.0
541,4.0,4.571345334805199,0.5713453348051987,77.21200265303025,77.43785691849583,431.26287418681386,0.0
542,4.0,4.5712832123335145,0.5712832123335145,77.21528404077148,77.43785448998754,431.2504807537129,0.0
543,4.0,4.571215520829187,0.5712155208291874,77.21853491685481,77.43785867373015,431.23697629859964,0.0
544,4.0,4.571156150519841,0.5711561505198413,77.2217549722447,77.43784917801038,431.22513192188507,0.0
545,4.0,4.571099887619539,0.571099887619539,77.22497068280022,77.43785153501703,431.2139074732748,0.0
546,4.0,4.571031398529496,0.5710313985294961,77.22815268881766,77.43784005001748,431.20024389981126,0.0
547,4.0,4.570975778334376,0.5709757783343763,77.23131264114014,77.43784816688019,431.1891476708848,0.0
548,4.0,4.570919454802479,0.5709194548024792,77.23443047523557,77.43834404973461,431.17791112627134,0.0
549,4.0,4.57087145528064,0.5708714552806402,77.23753091098618,77.4384735095112,431.1683352216645,0.0
550,4.0,4.570826887620467,0.5708268876204672,77.2405674092151,77.43827523669407,431.15944397345993,0.0
551,4.0,4.570769645466819,0.570769645466819,77.24359282089786,77.43811318809824,453.9240169798637,0.0
552,4.0,4.57015401645065,0.5701540164506502,77.25626974095859,77.43772559894205,453.8011989911381,0.0
553,4.0,4.568404967595312,0.5684049675953116,77.28754932722998,77.43755294284759,453.45226374449805,0.0
554,4.0,4.565876559539326,0.5658765595393263,77.33158439602755,77.4374932349069,452.94784633732894,0.0
555,4.0,4.562824853530007,0.5628248535300067,77.38416604902059,77.43752312517138,452.33903098846974,0.0
556,4.0,4.559408328386172,0.5594083283861719,77.4423304360726,77.43761697084591,451.6574342222746,0.0
557,4.0,4.555754019896201,0.5557540198962014,77.50386146845295,77.43773946939828,450.9283996785256,0.0
558,4.0,4.551970801311447,0.5519708013114473,77.56722632929085,77.43786414695462,450.1736475708671,0.0
559,4.0,4.548108325362151,0.5481083253621506,77.6312553095201,77.43795742040018,449.4030836189824,0.0
560,4.0,4.544217701166974,0.544217701166974,77.6951219102334,77.43802662775973,448.62690409204464,0.0
561,4.0,4.5403404792337065,0.5403404792337065,77.75826048198007,77.43804713533956,447.85339831635775,0.0
562,4.0,4.536496442642758,0.5364964426427576,77.82019603542527,77.43801978591847,447.08651301646347,0.0
563,4.0,4.532704465674194,0.5327044656741942,77.88066044639265,77.43796187384959,446.33001361123513,0.0
564,4.0,4.528987192681832,0.5289871926818321,77.93944321208915,77.43789607668114,445.5884176492589,0.0
565,4.0,4.525335865978395,0.5253358659783949,77.99643027350184,77.43785441542589,444.8599779719231,0.0
566,4.0,4.521764745393648,0.5217647453936483,78.05151138596902,77.43780700573699,444.1475394152662,0.0
567,4.0,4.518273096287014,0.5182730962870137,78.10464924441554,77.43777986295771,443.45095541849264,0.0
568,4.0,4.5148792335662655,0.5148792335662655,78.15582670165799,77.43777942348937,442.7738798057033,0.0
569,4.0,4.511567878655875,0.5115678786558746,78.20502689579345,77.43777684352025,442.1132645010804,0.0
570,4.0,4.508339278086636,0.5083392780866358,78.25229027351668,77.43779262732954,441.46915868751717,0.0
571,4.0,4.5052027567556285,0.5052027567556285,78.2976095618256,77.4378225265218,440.8434226819812,0.0
572,4.0,4.502140758615778,0.502140758615778,78.34103938212958,77.43784972950085,440.232554053081,0.0
573,4.0,4.4991651901517296,0.49916519015172955,78.38261352703353,77.43786789841151,439.6389281445034,0.0
574,4.0,4.496275461207183,0.49627546120718335,78.42236064245303,77.43789665411022,439.06242722006647,0.0
575,4.0,4.4934573756967735,0.4934573756967735,78.46032109425289,77.43790857346445,438.5002191607397,0.0
576,4.0,4.49072708607068,0.49072708607068005,78.49650705211242,77.43790429067249,437.955526380334,0.0
577,4.0,4.488063940212564,0.48806394021256416,78.53098689084378,77.4378817417357,437.4242287816399,0.0
578,4.0,4.485488057728457,0.4854880577284568,78.56382613139695,77.43784809874718,436.9103402260605,0.0
579,4.0,4.482987039051651,0.4829870390516513,78.59500460153596,77.43784578684884,436.41138700003773,0.0
580,4.0,4.480555746299795,0.48055574629979514,78.62460811656965,77.43781558788807,435.9263440960425,0.0
581,4.0,4.478195540511822,0.47819554051182234,78.65267628950569,77.43781134773276,435.4554830413419,0.0
582,4.0,4.475901433651979,0.4759014336519787,78.6792378084897,77.43781820881715,434.9978087228031,0.0
583,4.0,4.473681432223411,0.47368143222341086,78.70431408645499,77.43783100619429,434.5549184378038,0.0
584,4.0,4.471531493677789,0.471531493677789,78.72798512427501,77.43784835718554,453.02589484366626,0.0
585,4.0,4.468971956937509,0.4689719569375086,78.75835598631514,77.43785745567655,452.5152672639804,0.0
586,4.0,4.465587239320962,0.46558723932096235,78.80303784267154,77.4378804107108,470.55199718128597,0.0
587,4.0,4.461179443281303,0.4611794432813028,78.86518619339438,77.43787595064691,469.6726418713739,0.0
588,4.0,4.455512010927694,0.455512010927694,78.94888370230665,77.43787468188422,468.5419891168289,0.0
589,4.0,4.449002503953929,0.4490025039539294,79.04685800399245,77.43787449873633,467.24334247556294,0.0
590,4.0,4.441921083721688,0.44192108372168803,79.15393694641006,77.437865859351,465.8305991392308,0.0
591,4.0,4.434499378226775,0.434499378226775,79.2663437613516,77.43787041291786,464.34996889299566,0.0
592,4.0,4.426875577400604,0.42687557740060367,79.38137390806118,77.43786465242366,462.8290206281745,0.0
593,4.0,4.419176848866229,0.4191768488662291,79.49706116779564,77.43786925838266,461.2931242855667,0.0
594,4.0,4.411459036144348,0.41145903614434776,79.6119712488882,77.43787516548096,459.75342064755137,0.0
595,4.0,4.403792379788387,0.40379237978838667,79.72504821658372,77.43786727434194,458.22392270453713,0.0
596,4.0,4.396226174209342,0.3962261742093416,79.83558326019053,77.43786810483786,456.7144646915176,0.0
597,4.0,4.388774105633455,0.3887741056334546,79.94304349776402,77.4378605059254,455.2277770106282,0.0
598,4.0,4.381468344109083,0.38146834410908337,80.04708666140836,77.43785831358399,453.7702775865161,0.0
599,4.0,4.374323392592063,0.37432339259206326,80.1474696936704,77.43785576028989,452.3448597588706,0.0
600,4.0,4.367338596823199,0.367338596823199,80.24403720707488,77.43785897026308,450.95139300298223,0.0
601,4.0,4.360532220750208,0.3605322207502084,80.33673237573518,77.43784975487851,449.5935209764206,0.0
602,4.0,4.353881963095863,0.35388196309586295,80.42549601094188,77.43784973770948,448.26679457437865,0.0
603,4.0,4.347411344948591,0.3474113449485907,80.51034506571473,77.43785136934103,446.97590625399783,0.0
604,4.0,4.341114545319486,0.3411145453194857,80.59130262457907,77.4378582364996,445.71969472799145,0.0
605,4.0,4.334984846452468,0.3349848464524676,80.66840997726693,77.43786061085574,444.49681980402136,0.0
606,4.0,4.329026742269783,0.32902674226978323,80.74171455490269,77.43785445648,443.3081780195758,0.0
607,4.0,4.32323061007993,0.32323061007993026,80.8112853153482,77.43785668411066,442.1518496477001,0.0
608,4.0,4.3176071551338255,0.31760715513382554,80.87722080565955,77.43784762402426,441.02997038595225,0.0
609,4.0,4.3116629372586885,0.31166293725868854,80.93955717421179,77.43784476902381,439.84409891986235,0.0
610,4.0,4.306355101387887,0.30635510138788735,80.99835137121474,77.43784798599515,438.7851856636376,0.0
611,4.0,4.3012089665569135,0.30120896655691354,81.05364797995533,77.43785720635886,437.7585317648583,0.0
612,4.0,4.296208100043678,0.29620810004367826,81.10551300673053,77.43785264674514,436.76085889546783,0.0
613,4.0,4.291360980864688,0.2913609808646882,81.15409505409207,77.43784626435556,435.7938586192593,0.0
614,4.0,4.286663584955137,0.28666358495513666,81.19944036772583,77.437850472191,434.8567281353038,0.0
615,4.0,4.282107836125623,0.28210783612562285,81.24167092855978,77.43785351320213,433.9478562438158,0.0
616,4.0,4.2776969335232184,0.27769693352321845,81.28084342703463,77.43785364682185,433.0678811746361,0.0
617,4.0,4.273412369466281,0.2734123694662811,81.3170483371355,77.43785386041024,432.2131106452771,0.0
618,4.0,4.269267175646236,0.26926717564623637,81.35039350399823,77.4378580192698,431.3861444781782,0.0
619,4.0,4.265258409858904,0.26525840985890436,81.38088884632698,77.4378581390422,430.5863957036055,0.0
620,4.0,4.261373050718004,0.2613730507180039,81.40865935811193,77.43785453375152,429.8112665549958,0.0
621,4.0,4.257618735110225,0.25761873511022504,81.43378375170937,77.43785261955348,429.0622805912439,0.0
622,4.0,4.253973356917155,0.2539733569171547,81.45631927123547,77.43785984215525,428.3350276417264,0.0
623,4.0,4.250466122894558,0.25046612289455794,81.47630911634967,77.43785004165177,427.6353344542183,0.0
624,4.0,4.247071720730595,0.24707172073059525,81.49387100104522,77.43784524489699,426.9581512225078,0.0
625,4.0,4.243789931291175,0.24378993129117532,81.50904721136929,77.43783297273254,426.3034342293435,0.0
626,4.0,4.240618490165872,0.2406184901658719,81.52191663010427,77.4378357146876,425.67073172484544,0.0
627,4.0,4.237558101537908,0.2375581015379078,81.53255188545037,77.43785606183545,425.0601841935666,0.0
628,4.0,4.234618328179889,0.2346183281798888,81.54099503315648,77.43785962266551,424.47369940864183,0.0
629,4.0,4.231759600327757,0.23175960032775667,81.54756357895803,77.43787070745287,423.9033832021415,0.0
630,4.0,4.228991167339771,0.2289911673397711,81.55230066724066,77.43789410884136,423.35108082103835,0.0
631,4.0,4.226328377126698,0.2263283771266984,81.55511906142756,77.43789070849452,422.81985417353036,0.0
632,4.0,4.22375445051008,0.22375445051008036,81.55610968829092,77.43789407419229,422.30635581351504,0.0
633,4.0,4.2212983174384755,0.2212983174384755,81.55502903451426,77.43788029841987,421.8163572657299,0.0
634,4.0,4.218937302682826,0.21893730268282585,81.55197824027368,77.43787488717578,421.34533482197776,0.0
635,4.0,4.2166646708485915,0.21666467084859153,81.54708608824356,77.4378692297121,420.891944771048,0.0
636,4.0,4.214489693618094,0.214489693618094,81.54042631455508,77.43784828817195,420.4580368135638,0.0
637,4.0,4.212397898769604,0.2123978987696038,81.53244628386888,77.43782323705996,420.0407237412899,0.0
638,4.0,4.210413409221453,0.21041340922145313,81.52254533004248,77.43782180856559,419.6448180764339,0.0
639,4.0,4.208498786475446,0.20849878647544617,81.51126876547934,77.43781712903012,419.2628508386055,0.0
640,4.0,4.206665649315035,0.20666564931503473,81.49862032654343,77.43782627696528,418.89713997510347,0.0
641,4.0,4.204923153691336,0.20492315369133607,81.48419781186178,77.43784731453323,418.54951209817557,0.0
642,4.0,4.203269025151358,0.20326902515135803,81.46834461386156,77.43785552562946,418.21951345444995,0.0
643,4.0,4.201698910715377,0.20169891071537727,81.45112808467137,77.43787452537576,417.9062756244718,0.0
644,4.0,4.20019945512201,0.20019945512200987,81.43263990852873,77.4378843364038,417.607134233595,0.0
645,4.0,4.198771705468881,0.19877170546888134,81.41288551911151,77.43787337531991,417.32229817779586,0.0
646,4.0,4.197427804314982,0.19742780431498197,81.39193345390301,77.43787601694058,417.05418989759295,0.0
647,4.0,4.1961491441974506,0.19614914419745055,81.36981082588525,77.43787420337974,416.7990972041454,0.0
648,4.0,4.194946194418186,0.19494619441818628,81.3465993909545,77.43787127157898,416.5591087231822,0.0
649,4.0,4.193805547570408,0.1938055475704079,81.32235315507243,77.43786809781312,416.3315496770504,0.0
650,4.0,4.192727018886927,0.19272701888692723,81.29706938636996,77.4378642478453,416.11638320469604,0.0
651,4.0,4.191721293966389,0.19172129396638926,81.2708066034906,77.43785556613896,415.91574108304866,0.0
652,4.0,4.1907766662639565,0.1907766662639565,81.24364823145233,77.43786159891248,415.72728785641334,0.0
653,4.0,4.189894296290653,0.18989429629065313,81.2155985786208,77.43784771249521,415.55125504673936,0.0
654,4.0,4.189075299757872,0.18907529975787174,81.18671538770828,77.43784416224177,415.3878652384494,0.0
655,4.0,4.188313560473723,0.18831356047372338,81.15700979184231,77.43784536363498,415.23589825126186,0.0
656,4.0,4.187605880899703,0.18760588089970298,81.1265773008129,77.4378468453484,415.09471617624473,0.0
657,4.0,4.186957815281698,0.18695781528169775,81.09540298489748,77.43784808850236,414.9654270854527,0.0
658,4.0,4.186361990281607,0.18636199028160672,81.06351907316996,77.43786071467865,414.84655999793455,0.0
659,4.0,4.185818041378363,0.18581804137836322,81.03104177995948,77.4378770497373,414.7380421917375,0.0
660,4.0,4.185323501118303,0.18532350111830276,80.99792139764226,77.43787693774392,414.63938140985545,0.0
661,4.0,4.18488753190016,0.18488753190016016,80.9642244428571,77.43787846344955,414.552405550836,0.0
662,4.0,4.184488590471464,0.1844885904714637,80.93000780215935,77.43787967902027,414.4728167358111,0.0
663,4.0,4.184149813122232,0.18414981312223233,80.89526144711164,77.43786757479104,414.4052306546394,0.0
664,4.0,4.1838535187553125,0.18385351875531253,80.86003961724319,77.43785171634373,414.34611992843884,0.0
665,4.0,4.183596399558923,0.18359639955892337,80.82439077647959,77.43783908816313,414.29482464875923,0.0
666,4.0,4.18338709374588,0.18338709374588014,80.78832301344623,77.437841157823,414.2530681390571,0.0
667,4.0,4.183214358066587,0.1832143580665866,80.75185100182058,77.43784215958533,414.21860737103805,0.0
668,4.0,4.183091541877582,0.18309154187758203,80.71505292677534,77.43786040569093,414.1941055413316,0.0
669,4.0,4.183008739382248,0.18300873938224793,80.67789788518346,77.4378580053715,414.17758644351244,0.0
670,4.0,4.182957275732556,0.18295727573255594,80.64046551591149,77.43786740046471,414.1673194453989,0.0
671,4.0,4.182946386329658,0.18294638632965832,80.60274940935994,77.43787013131787,414.16514700952087,0.0
672,4.0,4.18296950632774,0.18296950632773967,80.56480487379108,77.43788169547689,414.1697594491381,0.0
673,4.0,4.183034070650441,0.1830340706504412,80.5266341625798,77.43788330667105,414.18264003151705,0.0
674,4.0,4.183132349529044,0.18313234952904356,80.48824926743822,77.43788038525267,414.2022466677982,0.0
675,4.0,4.183259373749928,0.1832593737499284,80.4497138678828,77.43787818666304,414.22758799986474,0.0
676,4.0,4.183421331617251,0.18342133161725105,80.41104113232194,77.43788091590375,414.2598985943956,0.0
677,4.0,4.183613793948156,0.18361379394815636,80.37221209386385,77.43787225857425,414.2982948294112,0.0
678,4.0,4.183831122842577,0.18383112284257663,80.33331618175573,77.43785497616771,414.3416519438481,0.0
679,4.0,4.184087338391105,0.18408733839110525,80.29432136527191,77.43783615422645,414.39276694577956,0.0
680,4.0,4.184356987004808,0.18435698700480785,80.25526403402483,77.43782967470878,414.4465618442132,0.0
681,4.0,4.184663998488469,0.18466399848846926,80.21618468594288,77.43783936193728,414.5078106352036,0.0
682,4.0,4.184985314244469,0.18498531424446885,80.17706016646171,77.4378577545355,414.5719131285256,0.0
683,4.0,4.185344716425735,0.18534471642573536,80.1379605143869,77.43786551767168,414.64361386368824,0.0
684,4.0,4.185718144380548,0.185718144380548,80.09886820995196,77.4378695428257,414.71811274067335,0.0
685,4.0,4.186113833850502,0.18611383385050217,80.05980328656561,77.43786394752479,414.7970527899292,0.0
686,4.0,4.186533384358301,0.18653338435830058,80.02080139176434,77.43787721558107,414.880753116235,0.0
687,4.0,4.186977970252752,0.18697797025275165,79.98185386000978,77.43787684068359,414.96944800217796,0.0
688,4.0,4.187439931312159,0.1874399313121593,79.94300922840168,77.43786742233486,415.06160923352985,0.0
689,4.0,4.1879253969241095,0.18792539692410948,79.90425593300144,77.43786400579026,415.15845962311386,0.0
690,4.0,4.188420293098065,0.18842029309806474,79.86561377269524,77.4378644695826,415.25719140981795,0.0
691,4.0,4.188936100920976,0.18893610092097557,79.82711989141688,77.43786518226099,415.3600950704886,0.0
692,4.0,4.189468782030128,0.1894687820301284,79.78875993889541,77.43785880802577,415.46636495176466,0.0
693,4.0,4.190019190156563,0.19001919015656288,79.75055740838049,77.43785448887472,415.5761713729883,0.0
694,4.0,4.190584770394307,0.19058477039430688,79.71252199655308,77.43786379183346,415.68900463041825,0.0
695,4.0,4.191654670358843,0.19165467035884287,79.67465156386434,77.43786118474962,415.90244967334314,0.0
696,4.0,4.192250539323893,0.1922505393238927,79.63705528948694,77.43785753916221,416.0213255318706,0.0
697,4.0,4.192849483960686,0.19284948396068557,79.59971495571378,77.43786455382643,416.14081498691075,0.0
698,4.0,4.193462089978471,0.19346208997847114,79.56265845755296,77.43785580974918,416.263029887459,0.0
699,4.0,4.194081542991624,0.19408154299162383,79.5258781298056,77.43784988284355,416.386610763583,0.0
700,4.0,4.194710622790473,0.19471062279047313,79.48934079202829,77.43785150795084,416.51211218345344,0.0
701,4.0,4.195348838136766,0.1953488381367663,79.4530849408015,77.43785471878522,416.63943614503887,0.0
702,4.0,4.195995236505254,0.1959952365052544,79.4170935295671,77.43783574749595,416.7683926195523,0.0
703,4.0,4.1966551651464865,0.1966551651464865,79.38135513296196,77.43784256118626,416.90004838347807,0.0
704,4.0,4.1973288626338086,0.19732886263380855,79.34590539373664,77.43784443486375,417.03445103219883,0.0
705,4.0,4.197999919439112,0.19799991943911177,79.31072551780707,77.43785868916729,417.16832686485685,0.0
706,4.0,4.198688658975665,0.1986886589756649,79.27580868982811,77.43786367598588,417.3057304023992,0.0
707,4.0,4.199370087418634,0.19937008741863416,79.24123503467568,77.43786955579529,417.4416753767715,0.0
708,4.0,4.2000728985279,0.20007289852789967,79.20691000887905,77.43787495578407,417.58188619307003,0.0
709,4.0,4.200776501148269,0.20077650114826895,79.17289334472571,77.43789132472278,417.7222549158337,0.0
710,4.0,4.201487286764247,0.2014872867642472,79.1392034313438,77.43789085895664,417.86405664622134,0.0
711,4.0,4.202205450578221,0.20220545057822115,79.10581862690226,77.43787611308488,418.0073303271091,0.0
712,4.0,4.2029244210072605,0.2029244210072605,79.0727265786405,77.43787753582122,418.1507649277025,0.0
713,4.0,4.20364695561591,0.20364695561590995,79.04001169895804,77.43788577900202,418.29491058212807,0.0
714,4.0,4.204381730142563,0.204381730142563,79.00760066848288,77.43788189981082,418.44149810019536,0.0
715,4.0,4.2051107507950025,0.20511075079500252,78.97551395360829,77.43786784820415,418.586937720357,0.0
716,4.0,4.205848779929555,0.2058487799295552,78.94379496993837,77.43787370886051,418.73417453270025,0.0
717,4.0,4.206580310947815,0.20658031094781482,78.9123975478164,77.43786388952665,418.88011497084307,0.0
718,4.0,4.207321930056852,0.2073219300568523,78.8813408912515,77.43785821848003,419.0280679830961,0.0
719,4.0,4.208059840684777,0.20805984068477734,78.85065104080019,77.43785741895957,419.1752811533671,0.0
720,4.0,4.20879542962521,0.20879542962521036,78.82031072418711,77.43785960143038,419.3220311469835,0.0
721,4.0,4.209536502033659,0.20953650203365903,78.79031063608019,77.43785199956896,419.469875092469,0.0
722,4.0,4.2102697267864935,0.21026972678649347,78.76067177308515,77.437845582546,419.6161534306595,0.0
723,4.0,4.211012128349632,0.21101212834963157,78.7313967092506,77.43784670564891,419.7642625425055,0.0
724,4.0,4.211757940483373,0.21175794048337337,78.70248396315374,77.43784898714073,419.913052063187,0.0
725,4.0,4.212489544404753,0.21248954440475298,78.67391690226603,77.43784757931324,420.05900704550226,0.0
726,4.0,4.213230840969877,0.2132308409698771,78.64573131738132,77.43784548983146,420.2068957102445,0.0
727,4.0,4.213964006092371,0.21396400609237087,78.61791429321758,77.43784583331956,420.35316215218205,0.0
728,4.0,4.2147007995413945,0.21470079954139454,78.59045635762999,77.43784734281235,420.50015244526224,0.0
729,4.0,4.215441167370056,0.2154411673700558,78.56335514087736,77.43785287474603,420.64785582708015,0.0
730,4.0,4.216164314697601,0.21616431469760133,78.5366591313682,77.43786548593711,420.7921237189255,0.0
731,4.0,4.216893433303365,0.2168934333033654,78.51031052145257,77.43786120353562,420.9375828807754,0.0
732,4.0,4.2176148205554,0.21761482055539982,78.48431839659872,77.43786291077161,421.08149963755625,0.0
733,4.0,4.218344393576128,0.21834439357612823,78.45870216761445,77.43786648536494,421.2270494551916,0.0
734,4.0,4.219061415760392,0.2190614157603923,78.43348435860466,77.43786012958931,421.37009538095225,0.0
735,4.0,4.2197748101223915,0.21977481012239153,78.40861915421061,77.43784902168797,421.5124175561711,0.0
736,4.0,4.220491548289793,0.22049154828979312,78.38410373329931,77.43785582232685,421.6554068205678,0.0
737,4.0,4.2211970744415765,0.22119707444157655,78.35995767632757,77.4378471949647,421.7961592878486,0.0
738,4.0,4.221899159007797,0.22189915900779678,78.3361958137815,77.43785469760402,421.9362251588095,0.0
739,4.0,4.222599011840015,0.22259901184001496,78.31278895339075,77.43783897440754,422.075845798837,0.0
740,4.0,4.223295621067546,0.22329562106754608,78.28973612898274,77.43784862767107,422.21481933972944,0.0
741,4.0,4.22398860159992,0.2239886015999204,78.26704424770041,77.43785084508266,422.3530689559381,0.0
742,4.0,4.22467100362642,0.2246710036264199,78.24473126824314,77.43785829636926,422.48920816022485,0.0
743,4.0,4.2253522017015195,0.22535220170151948,78.22278579696436,77.43785750699753,422.62510717620717,0.0
744,4.0,4.226026720872097,0.2260267208720972,78.2011822150363,77.43785586677807,422.75967375073736,0.0
745,4.0,4.226697952401853,0.2266979524018531,78.1799387563926,77.4378712689606,422.8935844409237,0.0
746,4.0,4.227366225086967,0.2273662250869668,78.15904912086943,77.43786613094544,423.02690484160394,0.0
747,4.0,4.228024562611598,0.22802456261159776,78.13853159247226,77.43787282837907,423.15824317776776,0.0
748,4.0,4.228681125104045,0.22868112510404526,78.1183585143702,77.43786404706681,423.28922739501104,0.0
749,4.0,4.229330598994293,0.2293305989942933,78.09853690295476,77.43785771319864,423.4187974361155,0.0
750,4.0,4.22997382098104,0.2299738209810398,78.07905105245939,77.43786955268715,423.5471202224715,0.0
751,4.0,4.230618629172415,0.23061862917241527,78.05990217444099,77.43786728259306,423.67575945665084,0.0
752,4.0,4.23124626300112,0.23124626300112006,78.04112782472255,77.43786956369745,423.8009724054774,0.0
753,4.0,4.2318669542192415,0.23186695421924153,78.02268824121862,77.43785256284957,423.92480030349265,0.0
754,4.0,4.232491539970585,0.23249153997058514,78.0045813809755,77.43785440262855,424.0494051608857,0.0
755,4.0,4.233098503849585,0.2330985038495852,77.98680775634718,77.43785808641755,424.1704944547463,0.0
756,4.0,4.233708579231262,0.2337085792312621,77.9693419772025,77.4378594458001,424.2922044933908,0.0
757,4.0,4.234307123513361,0.2343071235133607,77.95222000052284,77.43785922411182,424.4116140776694,0.0
758,4.0,4.23489231487018,0.23489231487018003,77.93546209683579,77.43785688561643,424.52835975335495,0.0
759,4.0,4.235476631767616,0.23547663176761624,77.91901348039563,77.43785741091925,424.6449309743935,0.0
760,4.0,4.236049557294945,0.2360495572949448,77.90287939275278,77.43785073972052,424.7592296170955,0.0
761,4.0,4.236620960797906,0.2366209607979064,77.88705641697743,77.43783967839236,424.8732246159364,0.0
762,4.0,4.237189277050588,0.23718927705058768,77.87153752458667,77.43784221164456,424.9866037083462,0.0
763,4.0,4.23774084574614,0.2377408457461403,77.85634344418611,77.43785186461523,425.096641663109,0.0
764,4.0,4.238291156805165,0.23829115680516466,77.8414842354221,77.43785616868801,425.20642871938435,0.0
765,4.0,4.238831505828065,0.238831505828065,77.82690250584228,77.4378668730447,425.314228349453,0.0
766,4.0,4.239371447735646,0.23937144773564611,77.81262998832018,77.4378629207246,425.4219467600154,0.0
767,4.0,4.239900077691977,0.23990007769197685,77.79864640537416,77.43786381512002,425.52740843630346,0.0
768,4.0,4.240424230912201,0.24042423091220133,77.78494921974449,77.43785673469787,425.63197700373814,0.0
769,4.0,4.240936220577469,0.24093622057746877,77.77154324150041,77.43785537793073,425.73411894195897,0.0
770,4.0,4.241444849740441,0.24144484974044111,77.75842875297224,77.43784946969434,425.8355904599721,0.0
771,4.0,4.241946120573354,0.2419461205733544,77.74562061624503,77.43785175432059,425.93559399113826,0.0
772,4.0,4.242435492868136,0.24243549286813604,77.73309178604092,77.43784899359261,426.03322376394715,0.0
773,4.0,4.24292629566065,0.24292629566065038,77.72085036191594,77.43785692747824,426.1311389210538,0.0
774,4.0,4.24339899561131,0.24339899561130984,77.7088720850666,77.43784415645088,426.22544256121034,0.0
775,4.0,4.243880375369503,0.24388037536950335,77.69715176616629,77.4378393164945,426.32147782296994,0.0
776,4.0,4.244342637619814,0.24434263761981434,77.68569989402673,77.43784236438574,426.413699141907,0.0
777,4.0,4.244806691082095,0.24480669108209518,77.67449596881231,77.43783836200728,426.50627780763205,0.0
778,4.0,4.2452587619474915,0.24525876194749152,77.66356546224904,77.43785174811853,426.59646594527857,0.0
779,4.0,4.245695731920703,0.24569573192070315,77.65288759826353,77.43786188815395,426.6836414549343,0.0
780,4.0,4.246137372688364,0.24613737268836378,77.64248875656187,77.43787052427906,426.77174878808256,0.0
781,4.0,4.246566869334233,0.24656686933423266,77.63233995730005,77.43786669268614,426.8574333689334,0.0
782,4.0,4.246986446468918,0.24698644646891843,77.62241977960275,77.4378731125192,426.9411390073032,0.0
783,4.0,4.247401795229036,0.24740179522903638,77.61274695561902,77.43787690666976,427.02400108494675,0.0
784,4.0,4.247806536451499,0.24780653645149897,77.60330860739006,77.43786536305606,427.104746958828,0.0
785,4.0,4.248212020641806,0.24821202064180614,77.59409770208852,77.43785936435717,427.1856410547943,0.0
786,4.0,4.248609292379264,0.248609292379264,77.58512902980752,77.43785255090789,427.2648967664172,0.0
787,4.0,4.249000739297078,0.24900073929707833,77.57636534229843,77.43785467222594,427.34299042652117,0.0
788,4.0,4.249382716551398,0.24938271655139843,77.56783184952579,77.43784223739146,427.419194888758,0.0
789,4.0,4.249759391915385,0.24975939191538465,77.55952606146339,77.43784798375621,427.49434162387325,0.0
790,4.0,4.250130652022317,0.25013065202231743,77.55143584392857,77.43785207613432,427.5684080152064,0.0
791,4.0,4.250486413898108,0.2504864138981082,77.54358727361829,77.43785948990259,427.63938250942664,0.0
792,4.0,4.250845701347465,0.2508457013474654,77.5359684861665,77.43785627504627,427.7110603555734,0.0
793,4.0,4.2511974913074075,0.25119749130740754,77.52853475907862,77.43785327957048,427.7812424525818,0.0
794,4.0,4.251533501828311,0.2515335018283107,77.52129953641847,77.43784933247679,427.848276551502,0.0
795,4.0,4.251867985891849,0.2518679858918489,77.51426931253593,77.43785128854621,427.9150061221779,0.0
796,4.0,4.2522064297997995,0.25220642979979946,77.5074150805831,77.43784697496426,427.982525681814,0.0
797,4.0,4.2525342855973705,0.25253428559737046,77.50075997436151,77.43786833324866,428.0479329134294,0.0
798,4.0,4.2528507763647045,0.25285077636470454,77.49429053184552,77.43787591362792,428.11107282151255,0.0
799,4.0,4.253158277103447,0.25315827710344685,77.48800342271603,77.4378799788897,428.17241921889166,0.0
800,4.0,4.253463326998666,0.25346332699866636,77.48191199940825,77.43786820354278,428.2332766729879,0.0
801,4.0,4.253777673862682,0.2537776738626816,77.47599513806654,77.43785842753573,428.295988872359,0.0
802,4.0,4.254072249170549,0.25407224917054894,77.47025257795529,77.43785017502805,428.3547566462785,0.0
803,4.0,4.2543581129264565,0.2543581129264565,77.46468799617831,77.43784974632786,428.4117864655821,0.0
804,4.0,4.2546323647087,0.25463236470869965,77.45928674801044,77.43784798765111,428.46649969613964,0.0
805,4.0,4.254910445758653,0.25491044575865285,77.45405411830365,77.43785820711848,428.52197686560527,0.0
806,4.0,4.2551908218529935,0.25519082185299347,77.44898210855976,77.43786958110327,428.5779118964262,0.0
807,4.0,4.25545625952021,0.25545625952021034,77.44411566466093,77.43786325583984,428.630866711036,0.0
808,4.0,4.2557196873094485,0.2557196873094485,77.43940337680573,77.43786243191363,428.683420554989,0.0
809,4.0,4.255969814204687,0.2559698142046871,77.43484574500783,77.43786094785553,428.7333208705891,0.0
810,4.0,4.256215174526563,0.25621517452656306,77.43043666829666,77.43786660699845,428.7822702548034,0.0
811,4.0,4.256458552158469,0.2564585521584686,77.4261746686916,77.43788502697794,428.8308240923685,0.0
812,4.0,4.2567074672009975,0.25670746720099746,77.42205440442905,77.43788964941848,428.880482643353,0.0
813,4.0,4.256941899885368,0.2569418998853683,77.41808105958967,77.43788796341627,428.927251963885,0.0
814,4.0,4.257172787730197,0.25717278773019725,77.41425487174722,77.43788889818097,428.97331408892836,0.0
815,4.0,4.25739299521671,0.2573929952167102,77.41056684639746,77.43787307129453,429.0172454824877,0.0
816,4.0,4.257605287099936,0.2576052870999357,77.40701505117978,77.43786182680867,429.05959771319124,0.0
817,4.0,4.2578131991464,0.25781319914640033,77.403593224716,77.4378536077955,429.10107616646087,0.0
818,4.0,4.258008838733134,0.25800883873313385,77.40029805981642,77.43784881305099,429.1401062640142,0.0
819,4.0,4.258221563482944,0.2582215634829437,77.3971151389926,77.43783530654812,429.1825448516013,0.0
820,4.0,4.258421517661738,0.2584215176617377,77.39406627373785,77.4378322034844,429.2224357102707,0.0
821,4.0,4.25862161222032,0.25862161222032043,77.39113607111831,77.43784562882325,429.2623545747079,0.0
822,4.0,4.258810440283157,0.25881044028315703,77.38832380705468,77.43785612296601,429.3000257732439,0.0
823,4.0,4.2589944328872145,0.25899443288721447,77.38563512111259,77.43785993004273,429.3367322977533,0.0
824,4.0,4.259173617305707,0.25917361730570665,77.38305014672422,77.43786702569001,429.3724795892425,0.0
825,4.0,4.259341187288642,0.2593411872886424,77.38058450272958,77.43788067509765,429.4059098008382,0.0
826,4.0,4.259510784761736,0.25951078476173617,77.3782224679463,77.43787993369241,429.43974449672044,0.0
827,4.0,4.259671017658123,0.25967101765812295,77.37596624771199,77.43787201366823,429.47171095954957,0.0
828,4.0,4.25982960570542,0.2598296057054199,77.37381422132873,77.43787391182389,429.5033492749853,0.0
829,4.0,4.259983068080331,0.2599830680803308,77.37175222616096,77.4378702127519,429.53396501878007,0.0
830,4.0,4.260144216862127,0.26014421686212685,77.36978610577543,77.43785831656447,429.5661142007483,0.0
831,4.0,4.260303163489052,0.260303163489052,77.36792137134151,77.43785688864631,429.59782405281993,0.0
832,4.0,4.260456034728207,0.26045603472820744,77.36614131288981,77.43786031887255,429.62832186503135,0.0
833,4.0,4.260599353339285,0.26059935333928497,77.36447037500248,77.43784708163936,429.65691392794133,0.0
834,4.0,4.2607402655380175,0.26074026553801755,77.36288514371961,77.43784892400798,429.6850259115886,0.0
835,4.0,4.260877161016311,0.2608771610163112,77.36138261470403,77.43784979835642,429.7123365595081,0.0
836,4.0,4.261012157896505,0.2610121578965048,77.35995332688339,77.43785786271967,429.7392684371067,0.0
837,4.0,4.261138934773454,0.26113893477345407,77.35862823948473,77.43785997049845,429.7645604240581,0.0
838,4.0,4.261259860452111,0.26125986045211125,77.35738366949899,77.4378573629772,429.7886850969502,0.0
839,4.0,4.261377874959477,0.26137787495947684,77.35622102000328,77.43786103134259,429.8122289911696,0.0
840,4.0,4.261490492813691,0.2614904928136914,77.35513383764003,77.43785647117465,429.83469625308544,0.0
841,4.0,4.261606335687906,0.26160633568790637,77.35411062812857,77.43786052889695,429.85780690649136,0.0
842,4.0,4.26171451602939,0.26171451602939033,77.35317177390495,77.43785292653754,429.8793888846174,0.0
843,4.0,4.2618197416958274,0.26181974169582745,77.352293039461,77.4378627143215,429.9003814050716,0.0
844,4.0,4.261919058043421,0.2619190580434214,77.3514925990684,77.43785489568586,429.9201950164165,0.0
845,4.0,4.262016081043321,0.2620160810433214,77.35074992841929,77.43785299591678,429.9395511048967,0.0
846,4.0,4.262110768565763,0.2621107685657629,77.35008511950126,77.43784715171252,429.9584412656237,0.0
847,4.0,4.262199888006912,0.2621998880069123,77.34946661396901,77.43784167732971,429.976220594133,0.0
848,4.0,4.262285618360518,0.2622856183605178,77.34891930286554,77.43784857116233,429.9933237996773,0.0
849,4.0,4.262370301314872,0.2623703013148724,77.34842646156748,77.43785422875564,430.010218049071,0.0
850,4.0,4.262446411850597,0.2624464118505969,77.34798287749926,77.43785699380062,430.0254021009481,0.0
851,4.0,4.262523658290494,0.26252365829049396,77.3475960199136,77.43785119665708,430.0408127657076,0.0
852,4.0,4.262595240338661,0.2625952403386611,77.34727007752441,77.43784140894702,430.05509338431693,0.0
853,4.0,4.262664989717853,0.26266498971785257,77.34698706525973,77.43785811351512,430.06900838546557,0.0
854,4.0,4.26273003181976,0.2627300318197596,77.34674437248967,77.43786236126694,430.081984284796,0.0
855,4.0,4.2627936194520215,0.2627936194520215,77.34656029358487,77.4378603139932,430.0946700174323,0.0
856,4.0,4.262858543131883,0.26285854313188306,77.34640996605874,77.43785354716351,430.1076222915647,0.0
857,4.0,4.26291823628648,0.26291823628648014,77.34631588783171,77.43785196864029,430.1195310759068,0.0
858,4.0,4.262972388069016,0.2629723880690156,77.34625470315832,77.43785494384194,430.1303343565226,0.0
859,4.0,4.263026279683906,0.26302627968390624,77.3462433399807,77.4378563866479,430.14108573369333,0.0
860,4.0,4.26307932563,0.2630793256299997,77.34625376301277,77.43785211024344,430.1516683999389,0.0
861,4.0,4.263133240412585,0.2631332404125848,77.34629996353317,77.43785054738024,430.16242439906466,0.0
862,4.0,4.26318210061698,0.2631821006169801,77.34639921204575,77.43784879468637,430.1721720098416,0.0
863,4.0,4.263227750313344,0.26322775031334444,77.34652449312352,77.43784509226083,430.1812791242662,0.0
864,4.0,4.263271916687137,0.26327191668713734,77.34668312520878,77.43783417338649,430.1900903158379,0.0
865,4.0,4.263314500459474,0.26331450045947413,77.34687046622746,77.43783400793482,430.19858577841916,0.0
866,4.0,4.263359260504336,0.2633592605043358,77.34709562850435,77.43783706006049,430.20751540736904,0.0
867,4.0,4.263397570150862,0.26339757015086196,77.34735406124368,77.43783570830499,430.21515818185094,0.0
868,4.0,4.263438913054875,0.2634389130548751,77.34763476586728,77.4378447249228,430.2234060912016,0.0
869,4.0,4.263475401209502,0.26347540120950175,77.34795200288706,77.43787007163546,430.2306854780496,0.0
870,4.0,4.263512093712012,0.2635120937120119,77.34829129547353,77.43787171135693,430.23800563230037,0.0
871,4.0,4.26355092662433,0.26355092662432966,77.34865617132111,77.43788025297991,430.24575279830776,0.0
872,4.0,4.263586734745636,0.263586734745636,77.34904370583372,77.43787375240426,430.2528965185084,0.0
873,4.0,4.263620253320831,0.2636202533208314,77.34945344445204,77.43787860948552,430.2595834742599,0.0
874,4.0,4.263650426891736,0.26365042689173634,77.34989809326711,77.43786844744295,430.2656031016555,0.0
875,4.0,4.263679454353417,0.2636794543534169,77.35036352814478,77.43786403583591,430.2713940802606,0.0
876,4.0,4.263709668753618,0.26370966875361823,77.35086539952857,77.43785410769988,430.2774218531008,0.0
877,4.0,4.263734909697612,0.2637349096976118,77.35137374824897,77.43785756642384,430.2824574214276,0.0
878,4.0,4.2637561059232,0.26375610592319987,77.35191037724002,77.43784586438393,430.2866860684324,0.0
879,4.0,4.263779212411589,0.2637792124115892,77.35245743699889,77.43783221199168,430.29129581286605,0.0
880,4.0,4.2638019713545425,0.26380197135454253,77.35301723755181,77.43783986832919,430.29583622198527,0.0
881,4.0,4.2638277967534695,0.26382779675346946,77.3535987001016,77.4378382463569,430.3009883890711,0.0
882,4.0,4.263846945465883,0.2638469454658834,77.35419044312125,77.43783637559464,430.30480855719776,0.0
883,4.0,4.2638662095664,0.26386620956639995,77.35481274803048,77.4378543641632,430.30865174525076,0.0
884,4.0,4.263884344593451,0.26388434459345067,77.35545842462295,77.43787454611197,430.31226968314746,0.0
885,4.0,4.263900052336188,0.2639000523361883,77.35610465177997,77.43787008738353,430.31540337782354,0.0
886,4.0,4.263919230546939,0.26391923054693933,77.35678674834283,77.4378905989205,430.31922943086835,0.0
887,4.0,4.263935257074742,0.26393525707474197,77.35746784333396,77.43789464566713,430.322426723165,0.0
888,4.0,4.263948401938193,0.263948401938193,77.35817625299316,77.43788423239548,430.3250491234235,0.0
889,4.0,4.263961902973251,0.26396190297325095,77.35889027404181,77.43788073677862,430.32774257991764,0.0
890,4.0,4.263975749870285,0.26397574987028527,77.3596233786047,77.4378775569545,430.3305050358759,0.0
891,4.0,4.2639921311597675,0.2639921311597675,77.36037083490207,77.43787002564326,430.3337731031276,0.0
892,4.0,4.2640042836115235,0.2640042836115235,77.3611273746832,77.4378565377226,430.3361975172529,0.0
893,4.0,4.264016652623733,0.26401665262373264,77.36189381983985,77.43784425293757,430.3386651351887,0.0
894,4.0,4.264030504159023,0.26403050415902296,77.36266627393236,77.4378484838862,430.34142851647914,0.0
895,4.0,4.2640436384225575,0.2640436384225575,77.3634505288818,77.43783752191747,430.34404880205426,0.0
896,4.0,4.264059022639634,0.26405902263963377,77.3642458898316,77.43784321984542,430.3471179533609,0.0
897,4.0,4.2640691709506315,0.26406917095063154,77.36505331183834,77.43784357872956,430.34914254140506,0.0
898,4.0,4.264079221596296,0.2640792215962957,77.36587820244918,77.43785413274536,430.351147645215,0.0
899,4.0,4.264088946157785,0.2640889461577851,77.36672510855455,77.43786527474424,430.3530876952321,0.0
900,4.0,4.2640995425376955,0.2640995425376955,77.3675739058118,77.4378722996719,430.3552016730243,0.0
901,4.0,4.264111110180363,0.26411111018036326,77.36841956877919,77.4378785989806,430.35750941773654,0.0
902,4.0,4.264119262380705,0.2641192623807047,77.36928130463868,77.43788568749781,430.3591357817046,0.0
903,4.0,4.264127917111675,0.2641279171116748,77.37014599620133,77.43787560628088,430.36086240053316,0.0
904,4.0,4.2641365657990535,0.26413656579905354,77.3710293121358,77.4378664707768,430.36258781366524,0.0
905,4.0,4.2641371773081715,0.26413717730817154,77.37192480422723,77.43783999277439,430.36270980973427,0.0
906,4.0,4.264123284810667,0.26412328481066716,77.37283065750023,77.43783524156638,430.3599382564821,0.0
907,4.0,4.264109817921146,0.2641098179211463,77.37374328648635,77.43782614778061,430.3572516120227,0.0
908,4.0,4.264092436236658,0.2640924362366581,77.37465932519706,77.43782833708946,430.35378396596735,0.0
909,4.0,4.264076385779985,0.26407638577998505,77.37557375926895,77.43784013120258,430.350581899861,0.0
910,4.0,4.264062143702546,0.2640621437025459,77.37648114996341,77.43786841511395,430.3477406054119,0.0
911,4.0,4.2640492149273825,0.26404921492738254,77.37738725932111,77.43788302774021,430.3451613147668,0.0
912,4.0,4.264036324053614,0.2640363240536141,77.37828785543292,77.4378857086503,430.34258958545007,0.0
913,4.0,4.264021095665988,0.26402109566598764,77.37918095581183,77.43788532646035,430.3395515221186,0.0
914,4.0,4.264007691426791,0.2640076914267908,77.38007477617468,77.43788306221605,430.3368773763988,0.0
915,4.0,4.263994042807828,0.2639940428078278,77.3809746473809,77.43787620566553,430.33415447691567,0.0
916,4.0,4.263982219141476,0.263982219141476,77.38185589852958,77.43786573889757,430.33179565547846,0.0
917,4.0,4.2639716201278075,0.2639716201278075,77.38273264328531,77.43785440712028,430.3296811522517,0.0
918,4.0,4.263954563073851,0.2639545630738507,77.38360259810268,77.43783863416992,430.32627826998726,0.0
919,4.0,4.263941688977943,0.2639416889779431,77.38446911107043,77.43784774247545,430.3237098878537,0.0
920,4.0,4.263930223398473,0.2639302233984733,77.38534549422916,77.43785798846906,430.3214225047495,0.0
921,4.0,4.263919651483976,0.26391965148397567,77.38620083181668,77.43786783608581,430.3193134078071,0.0
922,4.0,4.263909322304155,0.26390932230415487,77.38706465110515,77.43787121849141,430.3172527364329,0.0
923,4.0,4.263894060522305,0.263894060522305,77.38791493548254,77.43787977030375,430.3142080109539,0.0
924,4.0,4.263883903671366,0.26388390367136605,77.38877241561607,77.43787791073237,430.3121817191915,0.0
925,4.0,4.263874278727087,0.26387427872708713,77.38961702493133,77.43787225231793,430.3102615428079,0.0
926,4.0,4.263859128805929,0.26385912880592866,77.39045563281347,77.43786713201882,430.30723913353677,0.0
927,4.0,4.263852612470411,0.26385261247041125,77.39129536025604,77.43785103354242,430.305939124601,0.0
928,4.0,4.263839951913521,0.2638399519135213,77.39213066459374,77.4378405226748,430.30341334350146,0.0
929,4.0,4.263831192932355,0.26383119293235513,77.39295635127266,77.43784683774138,430.30166592675886,0.0
930,4.0,4.263820409253523,0.26382040925352257,77.39378980499609,77.43783959029446,430.2995145828318,0.0
931,4.0,4.263810410179514,0.2638104101795138,77.39460257955436,77.43785216547474,430.297519767567,0.0
932,4.0,4.2638044820075836,0.26380448200758355,77.39541554268375,77.43787402972401,430.296337097267,0.0
933,4.0,4.263789512105544,0.2637895121055438,77.39623803390096,77.43787894842552,430.29335060181,0.0
934,4.0,4.263781465808808,0.26378146580880824,77.39705724364426,77.43787290293356,430.29174536561123,0.0
935,4.0,4.263774717235585,0.2637747172355853,77.39786256214462,77.43788439316474,430.29039902525335,0.0
936,4.0,4.263763847113651,0.2637638471136512,77.39867506259436,77.4378693732192,430.28823043592746,0.0
937,4.0,4.263759373781408,0.2637593737814079,77.39947451412404,77.43785093851919,430.28733800614486,0.0
938,4.0,4.2637343650933115,0.2637343650933115,77.4002731287684,77.43784417409285,430.2823487728696,0.0
939,4.0,4.263712616490061,0.2637126164900607,77.40107054686553,77.4378469559768,430.2780099265212,0.0
940,4.0,4.263686681573121,0.26368668157312136,77.40185700604543,77.43783932352319,430.2728359105917,0.0
941,4.0,4.263659760238604,0.26365976023860416,77.40264527765204,77.4378607634535,430.26746510435555,0.0
942,4.0,4.263638711202366,0.2636387112023657,77.40342357976895,77.43786505427427,430.263265821626,0.0
943,4.0,4.263615884039345,0.26361588403934544,77.4041922983343,77.43786128936175,430.2587118026035,0.0
944,4.0,4.263596369977787,0.2635963699777868,77.40493952788793,77.43858574578913,430.25481874732253,0.0
945,4.0,4.263558730230675,0.2635587302306748,77.405696960701,77.44225612798354,430.2473096177736,0.0
946,4.0,4.2635213524346405,0.2635213524346405,77.40643032487748,77.44564600469963,430.23985274746485,0.0
947,4.0,4.2634842391044785,0.2634842391044785,77.407149237151,77.44841574636823,430.2324486380975,0.0
948,4.0,4.263462562587118,0.26346256258711787,77.40784557514515,77.45347789737957,430.22812417288407,0.0
949,4.0,4.263431375792716,0.2634313757927158,77.4085309902447,77.45971887151104,430.2219024074008,0.0
950,4.0,4.263390274464189,0.2633902744641894,77.40920638453285,77.46325012037951,430.21370269235985,0.0
951,4.0,4.263385587417835,0.2633855874178348,77.40985518341796,77.46692440524777,430.21276762661205,0.0
952,4.0,4.263378712269521,0.26337871226952103,77.41048895400753,77.47153298916038,430.2113960345235,0.0
953,4.0,4.2633611234499265,0.26336112344992646,77.41111110460722,77.47383101302528,430.20788706501435,0.0
954,4.0,4.263355163465654,0.26335516346565413,77.41172182149315,77.47478498332991,430.2066980481521,0.0
955,4.0,4.2633701167905915,0.2633701167905915,77.41233290021283,77.47710100615201,430.209681236477,0.0
956,4.0,4.2633724125523225,0.26337241255232247,77.41294188468075,77.47972366055258,430.21013924094234,0.0
957,4.0,4.26337650957579,0.2633765095757896,77.41353748834541,77.48105776296359,430.21095659712404,0.0
958,4.0,4.263395403465038,0.2633954034650383,77.41414142782054,77.48350201677283,430.21472592802917,0.0
959,4.0,4.2634079094539,0.2634079094538997,77.41474539311886,77.48762378039477,430.217220872807,0.0
960,4.0,4.263427304588776,0.2634273045887756,77.41536598994153,77.490347648073,430.2210902022147,0.0
961,4.0,4.2634553745298795,0.26345537452987955,77.41598367526001,77.49318481544725,430.226690155465,0.0
962,4.0,4.263490377620887,0.26349037762088656,77.41661074412202,77.49592109958496,430.23367327212094,0.0
963,4.0,4.2635122333777495,0.26351223337774954,77.41725750297202,77.49999852297152,430.23803349561507,0.0
964,4.0,4.263529990866668,0.26352999086666795,77.41792713593861,77.50178153979579,430.24157611465426,0.0
965,4.0,4.263567584914284,0.2635675849142842,77.41859731858955,77.50422196528604,430.24907612715367,0.0
966,4.0,4.263607739336635,0.26360773933663495,77.41929185885112,77.50904815602787,430.2570869344127,0.0
967,4.0,4.263638032961634,0.2636380329616337,77.42001028176571,77.512183607044,430.2631305125999,0.0
968,4.0,4.263675967402298,0.26367596740229793,77.42074988916445,77.51422592391707,430.2706984335124,0.0
969,4.0,4.263727048803142,0.26372704880314224,77.42151069290415,77.51802870002496,430.2808891729809,0.0
970,4.0,4.2637590959674325,0.2637590959674325,77.42229582689185,77.52189525941839,430.28728258225675,0.0
971,4.0,4.263782684164729,0.2637826841647293,77.4231157815805,77.52395585711113,430.29198842761747,0.0
972,4.0,4.263832134883696,0.26383213488369606,77.42394097311767,77.5253197050701,430.3018538460514,0.0
973,4.0,4.263899182299822,0.2638991822998218,77.42480533094043,77.52573421225324,430.3152298055685,0.0
974,4.0,4.263962111211476,0.26396211121147584,77.4256868761326,77.52473682159396,430.32778412344345,0.0
975,4.0,4.264010457480676,0.2640104574806763,77.42662102850292,77.52367255953375,430.337429204149,0.0
976,4.0,4.264062885250168,0.2640628852501683,77.42757497338985,77.52123826887882,430.3478885441626,0.0
977,4.0,4.264108925793237,0.26410892579323697,77.42856813491561,77.5187295127248,430.3570736325048,0.0
978,4.0,4.264148062320096,0.26414806232009624,77.42959960961743,77.51697146917043,430.36488136961316,0.0
979,4.0,4.264182462825214,0.2641824628252136,77.43065144563634,77.51622727906216,430.37174427038417,0.0
980,4.0,4.2642123011344175,0.2642123011344175,77.43175450613391,77.51646446031296,430.37769701307025,0.0
981,4.0,4.26424594534349,0.26424594534349044,77.43287056346146,77.51743426914207,430.38440903278035,0.0
982,4.0,4.264275697506184,0.26427569750618396,77.43402024270114,77.51879806156373,430.3903445892377,0.0
983,4.0,4.264307878401749,0.2643078784017492,77.43519423692703,77.52020146926424,430.396764677903,0.0
984,4.0,4.26433349381278,0.2643334938127797,77.43638921402352,77.52133187340185,430.4018749524036,0.0
985,4.0,4.264354296193706,0.264354296193706,77.43761924646576,77.52199154296157,430.40602502739836,0.0
986,4.0,4.264381287338011,0.26438128733801136,77.43887133301222,77.5221677009592,430.41140976068726,0.0
987,4.0,4.264407382642585,0.26440738264258457,77.44015416344236,77.52191736584128,430.4166157739496,0.0
988,4.0,4.2644259454972575,0.2644259454972575,77.44146427488262,77.52134643308807,430.42031906345693,0.0
989,4.0,4.26444467558108,0.2644446755810801,77.44278019391957,77.52063898484322,430.42405571517946,0.0
990,4.0,4.264461918512675,0.26446191851267464,77.44412471875087,77.52002099878783,430.4274956800326,0.0
991,4.0,4.264479802894773,0.2644798028947726,77.44547529524725,77.51953873997672,430.4310636142611,0.0
992,4.0,4.264498792651741,0.26449879265174125,77.44685811555776,77.51928465946739,430.4348520707764,0.0
993,4.0,4.264515115225457,0.264515115225457,77.44825393948513,77.51928520574536,430.43810842423267,0.0
994,4.0,4.26452791028349,0.26452791028348965,77.44964458153036,77.51944965706288,430.4406610383102,0.0
995,4.0,4.264539308250589,0.2645393082505887,77.45101711523395,77.5197271103805,430.4429349327465,0.0
996,4.0,4.264551838124719,0.26455183812471894,77.45241738771625,77.52004633294426,430.4454346426354,0.0
997,4.0,4.264565208123468,0.26456520812346795,77.45383781607799,77.5203234581281,430.4481019573859,0.0
998,4.0,4.264576553551391,0.2645765535513913,77.4552756853772,77.52050135737039,430.45036537025663,0.0
999,4.0,4.264575853506562,0.2645758535065621,77.45672784221948,77.52056773758925,430.4502257113131,0.0
1000,4.0,4.2645617411347905,0.2645617411347905,77.45820302419959,77.52052467142303,430.44741029314474,0.0
1001,4.0,4.264552610297029,0.26455261029702903,77.45967790019209,77.52041425457377,430.44558869101127,0.0
1002,4.0,4.264544971856952,0.26454497185695214,77.46116592775549,77.52029717037986,430.4440648222159,0.0
1003,4.0,4.264533949511889,0.2645339495118888,77.46265263213687,77.52019009388688,430.4418658643758,0.0
1004,4.0,4.264523061134083,0.2645230611340832,77.46414013098594,77.52010900415674,430.4396936330036,0.0
1005,4.0,4.264511918803518,0.2645119188035183,77.46562580997434,77.52005279007106,430.437470738056,0.0
1006,4.0,4.264502100892811,0.2645021008928108,77.46712286101454,77.5200469685607,430.4355120648698,0.0
1007,4.0,4.264490725596537,0.26449072559653697,77.46861761758612,77.52005676769372,430.43324269326314,0.0
1008,4.0,4.264479382289351,0.264479382289351,77.47010858070476,77.52009361363442,430.4309797034796,0.0
1009,4.0,4.264471517730968,0.2644715177309678,77.47160398064612,77.5201412457636,430.4294107240821,0.0
1010,4.0,4.264456604431077,0.26445660443107677,77.47310184933731,77.52018024337059,430.4264355207538,0.0
1011,4.0,4.264446276688466,0.2644462766884663,77.4746001485945,77.52022106511473,430.4243751361031,0.0
1012,4.0,4.264437524811373,0.26443752481137306,77.47609558752546,77.52023375344903,430.4226291366229,0.0
1013,4.0,4.264425698201366,0.2644256982013662,77.47758248858267,77.52023357371708,430.4202697279266,0.0
1014,4.0,4.2644147146561915,0.2644147146561915,77.47907340255924,77.52023358115474,430.41807851066426,0.0
1015,4.0,4.264403195599304,0.2644031955993036,77.48056439292874,77.52021815505412,430.41578045881505,0.0
1016,4.0,4.264393244208467,0.2643932442084669,77.4820494501524,77.52020563791223,430.41379515634316,0.0
1017,4.0,4.264385318064981,0.26438531806498133,77.48352991945464,77.52017763506112,430.4122138907178,0.0
1018,4.0,4.264362934173536,0.26436293417353607,77.48501224518824,77.52016791565399,430.4077483043744,0.0
1019,4.0,4.264335506732911,0.26433550673291073,77.48650250126465,77.52014636690187,430.4022765299697,0.0
1020,4.0,4.264308897372093,0.26430889737209284,77.48798113137651,77.52014618079944,430.3969679624865,0.0
1021,4.0,4.264284633371947,0.26428463337194685,77.48945902649788,77.52016690966936,430.39212729445745,0.0
1022,4.0,4.264260846921181,0.26426084692118135,77.49092826032226,77.52016917845681,430.3873818975297,0.0
1023,4.0,4.264235020909759,0.2642350209097586,77.49239592889967,77.52017648214235,430.38222960825084,0.0
1024,4.0,4.264211966953026,0.2642119669530256,77.49383578200968,77.52019559176752,430.37763034388263,0.0
1025,4.0,4.26418781977977,0.26418781977977,77.49527619514275,77.52020469666633,430.3728129828181,0.0
1026,4.0,4.264166479129422,0.2641664791294218,77.49671070653521,77.52020975994414,430.36855552307367,0.0
1027,4.0,4.264143227230958,0.2641432272309583,77.49814132136274,77.52020898025185,430.36391676933016,0.0
1028,4.0,4.2641207473815435,0.26412074738154345,77.49956114052232,77.52021884548394,430.359432039372,0.0
1029,4.0,4.264099248290733,0.2640992482907327,77.50097281090609,77.52022549784863,430.3551429707552,0.0
1030,4.0,4.263949123983161,0.26394912398316084,77.5047610613873,77.52021682546902,430.32519317139463,0.0
1031,4.0,4.2637564863354935,0.26375648633549353,77.5094447981216,77.52019952003067,430.286761960685,0.0
1032,4.0,4.263524803738448,0.26352480373844767,77.51481949888863,77.52019488684317,430.2405412825743,0.0
1033,4.0,4.263130719302325,0.2631307193023247,77.52295781907746,77.52019529825867,430.1619214375678,0.0
1034,4.0,4.262574713721346,0.2625747137213459,77.53419421634031,77.52019681527584,430.05099832416255,0.0
1035,4.0,4.262000357201822,0.26200035720182235,77.54582221045054,77.52019806128422,429.9364141985175,0.0
1036,4.0,4.2612704210476755,0.2612704210476755,77.56003037807827,77.52019814386321,429.7907919357653,0.0
1037,4.0,4.260321042821187,0.26032104282118684,77.57792001372546,77.52019930829691,429.6013909795808,0.0
1038,4.0,4.259362497951248,0.25936249795124766,77.5957589275734,77.5201867171591,429.41016127802794,0.0
1039,4.0,4.25837530087088,0.25837530087088023,77.61399264403757,77.52019214475384,429.2132154604946,0.0
1040,4.0,4.257167957949237,0.2571679579492372,77.63564931472396,77.52019262911789,428.9723505476269,0.0
1041,4.0,4.255860210594354,0.2558602105943537,77.65895675796718,77.52019094970908,428.71145495032755,0.0
1042,4.0,4.254557752769215,0.2545577527692151,77.68188499143565,77.52018263501236,428.4516146142124,0.0
1043,4.0,4.253062337482489,0.25306233748248896,77.70797810493197,77.52016678534527,428.15327926451056,0.0
1044,4.0,4.251420583704794,0.25142058370479425,77.73628719679878,77.52015044353458,427.82574938586043,0.0
1045,4.0,4.24977274085565,0.24977274085564982,77.76438058607333,77.52015073472029,427.49700473745617,0.0
1046,4.0,4.248056296015677,0.2480562960156769,77.79341583737427,77.52015726379348,427.15457399188153,0.0
1047,4.0,4.246192473489527,0.24619247348952733,77.82478753913801,77.52016156985613,426.7827413979148,0.0
1048,4.0,4.244220727380385,0.2442207273803847,77.85772002603905,77.52017437652559,426.38937804914076,0.0
1049,4.0,4.242277893351613,0.24227789335161276,77.88990625985359,77.52019528345521,426.00178266040075,0.0
1050,4.0,4.2402619473597625,0.24026194735976247,77.92301212901059,77.52020510431593,425.59960143502667,0.0
1051,4.0,4.237990518905837,0.23799051890583733,77.96016850017773,77.52020074363708,425.14645145846856,0.0
1052,4.0,4.235751502632374,0.23575150263237443,77.99657983800684,77.52018824022262,424.6997677119127,0.0
1053,4.0,4.233463889117096,0.23346388911709592,78.03348991199806,77.5201813554139,424.2433888156147,0.0
1054,4.0,4.231007790377391,0.23100779037739105,78.07284454978894,77.52016691382745,423.75339711704356,0.0
1055,4.0,4.2284975255737365,0.22849752557373648,78.11293489192867,77.52016658357029,423.25259928871446,0.0
1056,4.0,4.226025507793238,0.2260255077932376,78.15188826341203,77.52016534530986,422.75943174150495,0.0
1057,4.0,4.223424673344002,0.2234246733440024,78.1929066971363,77.5201609479098,422.24056526888245,0.0
1058,4.0,4.220810304686731,0.22081030468673113,78.2334021560234,77.5201555033627,421.7189987217569,0.0
1059,4.0,4.2182648564045095,0.21826485640450954,78.27211140959055,77.52014710509374,421.21118178945363,0.0
1060,4.0,4.215740330874377,0.21574033087437705,78.31009436214323,77.5201581904614,420.70753894619224,0.0
1061,4.0,4.213247254168325,0.21324725416832457,78.34671938744768,77.5201616394505,420.2101701433348,0.0
1062,4.0,4.210851862604654,0.21085186260465427,78.3812507192985,77.52018339186546,419.73228952638254,0.0
1063,4.0,4.208512766439555,0.20851276643955519,78.41411582486288,77.5201898361502,419.2656398414453,0.0
1064,4.0,4.206226232795685,0.20622623279568497,78.44558815557602,77.52019566312815,418.80947637949316,0.0
1065,4.0,4.203989783365477,0.20398978336547735,78.4758118886519,77.52019280383514,418.3633047181668,0.0
1066,4.0,4.201800172859399,0.20180017285939922,78.50491076717698,77.52020749909762,417.9264774222042,0.0
1067,4.0,4.199655410644849,0.1996554106448487,78.53290415882381,77.52020905273616,417.49859736040133,0.0
1068,4.0,4.197557625669861,0.19755762566986057,78.55973490483039,77.52021040399042,417.0800892578912,0.0
1069,4.0,4.195508238383047,0.19550823838304687,78.58540525867548,77.52021615590799,416.67123649417186,0.0
1070,4.0,4.193505525643028,0.1935055256430278,78.6098823010403,77.5202012704773,416.2716953025381,0.0
1071,4.0,4.191559393073823,0.19155939307382308,78.63315910189705,77.52017384406862,415.88344185498175,0.0
1072,4.0,4.189670350054284,0.1896703500542838,78.65517841298717,77.5201545663423,415.5065777725836,0.0
1073,4.0,4.187827558521984,0.18782755852198374,78.67598466085748,77.5201453714527,415.13894086188975,0.0
1074,4.0,4.186040183191096,0.18604018319109628,78.69557631549532,77.52015222820079,414.7823594833777,0.0
1075,4.0,4.184301218035894,0.18430121803589383,78.71398930025994,77.52016985281504,414.43543593491484,0.0
1076,4.0,4.182620804179854,0.18262080417985427,78.73126619374663,77.52018028484072,414.10019337063494,0.0
1077,4.0,4.1809946465465275,0.18099464654652753,78.74737822559122,77.52017444028854,413.77577492278624,0.0
1078,4.0,4.17942330701948,0.17942330701947995,78.76241385930264,77.52017447599357,413.4622926871403,0.0
1079,4.0,4.177888403173642,0.1778884031736423,78.77639412519122,77.52019314568149,413.1560793698957,0.0
1080,4.0,4.176407184619033,0.17640718461903315,78.78935377735972,77.52019309367412,412.8605762682511,0.0
1081,4.0,4.174964023233262,0.17496402323326166,78.80132799223516,77.52020700340783,412.57266557178974,0.0
1082,4.0,4.173566064500975,0.17356606450097534,78.81236475209862,77.52021845334072,412.29377280469856,0.0
1083,4.0,4.172215881704524,0.17221588170452407,78.82245528479585,77.52021969795476,412.02441133680657,0.0
1084,4.0,4.170895176492129,0.17089517649212915,78.83165277957985,77.5202234453809,411.7609306469338,0.0
1085,4.0,4.169627365151148,0.16962736515114774,78.83996629826122,77.52022681416126,411.508002284408,0.0
1086,4.0,4.168403975001583,0.1684039750015831,78.84739519821116,77.52021040031534,411.2639359495698,0.0
1087,4.0,4.167219665796565,0.16721966579656478,78.85399831996196,77.52019689846972,411.0276662631687,0.0
1088,4.0,4.166062587805413,0.1660625878054134,78.85980788823716,77.52017060652388,410.796829203934,0.0
1089,4.0,4.1649472641252965,0.16494726412529648,78.86483828626292,77.52015636158016,410.57432212975067,0.0
1090,4.0,4.1638742837992355,0.16387428379923552,78.86910891139631,77.5201663799741,410.36026255470154,0.0
1091,4.0,4.162840315101771,0.16284031510177144,78.8726458832416,77.52014877094233,410.15398579955746,0.0
1092,4.0,4.161846642317518,0.161846642317518,78.87546051259837,77.52014761678271,409.95574807909884,0.0
1093,4.0,4.160878626668274,0.16087862666827402,78.8775887714336,77.52015896023681,409.7626289570747,0.0
1094,4.0,4.159958235114735,0.15995823511473528,78.87903617010707,77.52017620594123,409.5790108421437,0.0
1095,4.0,4.1590512949237,0.1590512949237004,78.87983946298806,77.52018772624295,409.3980762740323,0.0
1096,4.0,4.1581784122264365,0.15817841222643647,78.8800168513976,77.52019903036923,409.2239361759281,0.0
1097,4.0,4.157334115151721,0.1573341151517207,78.87959247865591,77.52020011448447,409.05549890952227,0.0
1098,4.0,4.156538380892547,0.15653838089254712,78.87855361611388,77.52020198328026,408.89674992481713,0.0
1099,4.0,4.1557725071134435,0.15577250711344348,78.87695420605634,77.52019396722372,408.743958105886,0.0
1100,4.0,4.155039908123391,0.15503990812339108,78.87478865162147,77.52018766868284,408.5978046073705,0.0
1101,4.0,4.154331946798419,0.15433194679841922,78.8720983751041,77.52018058555349,408.45656632303866,0.0
1102,4.0,4.153648253129186,0.15364825312918562,78.86889018175579,77.52018715914754,408.32016943602656,0.0
1103,4.0,4.152994396503663,0.1529943965036633,78.86517715258286,77.52017735465729,408.1897250392349,0.0
1104,4.0,4.152362459291084,0.15236245929108438,78.86100036010988,77.52016607558997,408.06365356532535,0.0
1105,4.0,4.151755476170946,0.15175547617094587,78.8563483278456,77.52016096980354,407.9425604328577,0.0
1106,4.0,4.151179352991105,0.15117935299110474,78.8512510026281,77.52016722045452,407.82762385847946,0.0
1107,4.0,4.150637290251026,0.15063729025102557,78.84571037979536,77.52017045781531,407.7194823418336,0.0
1108,4.0,4.150117115879973,0.150117115879973,78.83975249416935,77.52017648060641,407.61570755480864,0.0
1109,4.0,4.149618412442994,0.1496184124429938,78.83342161726557,77.52017193520835,407.5162162191313,0.0
1110,4.0,4.149135790088181,0.1491357900881809,78.82671750659343,77.52017474152696,407.4199330593461,0.0
1111,4.0,4.14868812321644,0.14868812321643965,78.81963902054973,77.5201726054954,407.3306235184337,0.0
1112,4.0,4.148262312731725,0.14826231273172485,78.81220996910774,77.52016982696892,407.24567432673314,0.0
1113,4.0,4.147857124620869,0.1478571246208693,78.80444056316824,77.52016977190229,407.16483929861744,0.0
1114,4.0,4.147465000002918,0.14746500000291807,78.79633867011906,77.52016931282962,407.0866104373362,0.0
1115,4.0,4.147110766662679,0.14711076666267875,78.78791936914457,77.52016998928198,407.01594088595846,0.0
1116,4.0,4.146774656087695,0.14677465608769502,78.77920732484085,77.52016864572272,406.9488868262492,0.0
1117,4.0,4.146447827556018,0.1464478275560177,78.77020492923782,77.52016841837892,406.88368453417957,0.0
1118,4.0,4.1461512118389825,0.1461512118389825,78.76094184472777,77.52016839825927,406.82450969863106,0.0
1119,4.0,4.145876098832715,0.1458760988327148,78.75140810873889,77.52016802825139,406.7696246538806,0.0
1120,4.0,4.145609265056201,0.1456092650562013,78.74162972271718,77.52016661922154,406.7163913154662,0.0
1121,4.0,4.145370473252101,0.14537047325210128,78.73163882914491,77.52017480688642,406.66875235054823,0.0
1122,4.0,4.14514338337992,0.14514338337991983,78.72145436671723,77.52018759406715,406.623447921048,0.0
1123,4.0,4.144932312924835,0.14493231292483522,78.71104409978298,77.52018395112569,406.58133936525866,0.0
1124,4.0,4.1447475193778605,0.14474751937786046,78.7004320251379,77.52018472426904,406.54447305263716,0.0
1125,4.0,4.144570348359238,0.1445703483592382,78.68963451935599,77.52019356274548,406.50912743442206,0.0
1126,4.0,4.144416458262404,0.14441645826240368,78.67865920590057,77.52017904796645,406.4784263601036,0.0
1127,4.0,4.144282586437073,0.1442825864370727,78.66751516293064,77.52018779851817,406.45171893095005,0.0
1128,4.0,4.14415120312451,0.14415120312451002,78.65621712600046,77.52019833956754,406.4255079600938,0.0
1129,4.0,4.14404741075524,0.14404741075524008,78.64476591265856,77.5202108972737,406.4048013824244,0.0
1130,4.0,4.143950583028061,0.14395058302806074,78.63319522435192,77.52021257971644,406.38548425085213,0.0
1131,4.0,4.143866179120592,0.14386617912059219,78.62152083935464,77.52020488927667,406.36864567131215,0.0
1132,4.0,4.143802366550855,0.14380236655085543,78.60973373465447,77.52018240475871,406.3559150636497,0.0
1133,4.0,4.143741153083381,0.14374115308338098,78.59783068481745,77.52016660050607,406.3437029768885,0.0
1134,4.0,4.143702085062773,0.14370208506277304,78.58583207971722,77.52016156779585,406.33590890677726,0.0
1135,4.0,4.143668545300329,0.14366854530032924,78.57373504779179,77.52014101892485,406.3292177241697,0.0
1136,4.0,4.143652225020066,0.14365222502006603,78.56156322652585,77.52015290730809,406.3259618282572,0.0
1137,4.0,4.143646212801597,0.14364621280159717,78.5493085868163,77.52016851035111,406.3247623906726,0.0
1138,4.0,4.1436504812466115,0.1436504812466115,78.53700488111244,77.52017852623659,406.32561394545303,0.0
1139,4.0,4.143663243049848,0.1436632430498479,78.5246595579785,77.52018544587979,406.3281599251987,0.0
1140,4.0,4.143687358852124,0.14368735885212391,78.51226489035554,77.52019098673543,406.3329710277527,0.0
1141,4.0,4.1437235694279675,0.1437235694279675,78.49983346073597,77.52019491841206,406.3401950376336,0.0
1142,4.0,4.1437651248605905,0.14376512486059045,78.48736066505526,77.52019737192504,406.3484853464418,0.0
1143,4.0,4.143822169186654,0.14382216918665414,78.4748532912597,77.52019969427639,406.3598656894915,0.0
1144,4.0,4.143881183431725,0.1438811834317253,78.46231559041291,77.52020104929491,406.3716390313832,0.0
1145,4.0,4.1439562690986635,0.14395626909866355,78.44977701680172,77.5202018016218,406.38661862193743,0.0
1146,4.0,4.144037362723978,0.14403736272397794,78.43719560081894,77.52018907735011,406.4027968001876,0.0
1147,4.0,4.1441238852128635,0.14412388521286346,78.42465464150746,77.52017393527247,406.42005803672026,0.0
1148,4.0,4.144219278005231,0.14421927800523093,78.41212096549998,77.5201680527942,406.4390888987976,0.0
1149,4.0,4.144316654942578,0.14431665494257828,78.39960335044181,77.52016397506084,406.4585155977984,0.0
1150,4.0,4.1444301242051464,0.14443012420514645,78.38708991200487,77.52017843128506,406.48115271568076,0.0
1151,4.0,4.144542938239086,0.14454293823908593,78.37459824724432,77.52018464797905,406.5036591154517,0.0
1152,4.0,4.144666874396165,0.1446668743961652,78.36210945082891,77.52019392850401,406.528384378789,0.0
1153,4.0,4.144795290335138,0.14479529033513838,78.34964150217375,77.52018945071809,406.5540033586141,0.0
1154,4.0,4.144934147665874,0.1449341476658743,78.33720725497172,77.52019263381263,406.58170539609597,0.0
1155,4.0,4.145072693077203,0.1450726930772026,78.32483025913463,77.52017731426143,406.6093452056559,0.0
1156,4.0,4.145216215576093,0.14521621557609343,78.312501483995,77.52017374773331,406.6379779441847,0.0
1157,4.0,4.14537151362615,0.14537151362615042,78.30021906424993,77.5201723609959,406.668959905171,0.0
1158,4.0,4.145524531221086,0.14552453122108577,78.28797876757868,77.52017439597174,406.69948691536064,0.0
1159,4.0,4.145694823935603,0.14569482393560307,78.27576723037889,77.52018577495673,406.73346031190687,0.0
1160,4.0,4.145859271751982,0.14585927175198243,78.26363018267254,77.52019819830171,406.7662676512745,0.0
1161,4.0,4.146031629142517,0.14603162914251744,78.25155555905413,77.52020213081788,406.80065295068624,0.0
1162,4.0,4.146209433456497,0.14620943345649717,78.23954020899595,77.52019089742024,406.8361249113252,0.0
1163,4.0,4.146389130324764,0.14638913032476442,78.22757795213205,77.52018116736548,406.8719744365445,0.0
1164,4.0,4.146571987432788,0.14657198743278776,78.21571857505255,77.52017573505307,406.90845442959517,0.0
1165,4.0,4.146757492463729,0.14675749246372938,78.20393366826835,77.52017125983838,406.94546268326803,0.0
1166,4.0,4.146948100253275,0.1469481002532751,78.19221421270157,77.52016821995271,406.9834889372824,0.0
1167,4.0,4.147141957921948,0.1471419579219484,78.18058606607104,77.52016661704566,407.02216354218274,0.0
1168,4.0,4.147334762267299,0.1473347622672989,78.16903763443133,77.52016515445716,407.0606280090802,0.0
1169,4.0,4.147538023709345,0.14753802370934466,78.1575547965618,77.5201631366452,407.1011786667683,0.0
1170,4.0,4.147741809329923,0.14774180932992298,78.14616419184476,77.52016308694368,407.1418338980737,0.0
1171,4.0,4.14794988797468,0.14794988797468012,78.1348560665736,77.5201618481151,407.18334558770266,0.0
1172,4.0,4.148157084439399,0.1481570844393989,78.12363852345955,77.52016170182691,407.2246812824141,0.0
1173,4.0,4.148364107509244,0.14836410750924411,78.11255943868964,77.52016067687845,407.26598238484826,0.0
1174,4.0,4.148577748785866,0.14857774878586572,78.10155713603389,77.52016185517745,407.30860381953426,0.0
1175,4.0,4.148792350230645,0.14879235023064474,78.09065540224326,77.52017553982854,407.3514168077677,0.0
1176,4.0,4.149010466660555,0.14901046666055517,78.07984752446315,77.52019063814122,407.3949310355348,0.0
1177,4.0,4.149222687049266,0.14922268704926633,78.06913847998649,77.52019667154158,407.43726900308263,0.0
1178,4.0,4.149447098228413,0.1494470982284133,78.05852553905953,77.5202058861626,407.48203903332245,0.0
1179,4.0,4.149671699634225,0.1496716996342249,78.04801441418734,77.52020600490812,407.5268470137819,0.0
1180,4.0,4.149897140805361,0.14989714080536132,78.03759949433284,77.52019912326027,407.5718225274236,0.0
1181,4.0,4.150120162631745,0.15012016263174477,78.02728744620708,77.52020486069581,407.6163153817871,0.0
1182,4.0,4.150345719423528,0.1503457194235276,78.01712076864085,77.5202112214916,407.6613139617478,0.0
1183,4.0,4.1505712517515345,0.15057125175153452,78.00707476830344,77.52019834699638,407.7063076611852,0.0
1184,4.0,4.150794740905183,0.15079474090518286,77.9971211886978,77.52017730682525,407.750893747338,0.0
1185,4.0,4.151023211863017,0.15102321186301726,77.98728516373016,77.5201800910935,407.79647370342593,0.0
1186,4.0,4.151251613838579,0.15125161383857932,77.97755903167585,77.520169544388,407.8420398975506,0.0
1187,4.0,4.151479989325824,0.15147998932582407,77.96794032186577,77.52015780451035,407.8876008072559,0.0
1188,4.0,4.15170797382601,0.1517079738260101,77.9584358607403,77.52015252900618,407.93308371504304,0.0
1189,4.0,4.151934820254048,0.1519348202540476,77.94904972990258,77.52016831104451,407.97833957743654,0.0
1190,4.0,4.152164172586459,0.15216417258645887,77.93978295720288,77.52017940677167,408.0240953677525,0.0
1191,4.0,4.1523905642798535,0.15239056427985354,77.93062568802752,77.52018775218257,408.0692605105848,0.0
1192,4.0,4.152619988670954,0.1526199886709536,77.92158447698661,77.52019273563785,408.11503067660925,0.0
1193,4.0,4.152847220673794,0.1528472206737943,77.91268790967487,77.52019746556452,408.16036346117596,0.0
1194,4.0,4.153067664035266,0.15306766403526595,77.90390973805988,77.52020708680423,408.2043419117896,0.0
1195,4.0,4.1532962608134785,0.15329626081347847,77.89524410152374,77.52019420479151,408.249946969043,0.0
1196,4.0,4.153516337898522,0.15351633789852226,77.88668958480362,77.52018980252176,408.29385234750924,0.0
1197,4.0,4.153743476515847,0.15374347651584674,77.87826145849172,77.52019425140973,408.3391665016655,0.0
1198,4.0,4.153965247320991,0.1539652473209907,77.86993487837019,77.5201922643404,408.38340977729166,0.0
1199,4.0,4.154184272468467,0.15418427246846722,77.8617201533949,77.52018982858368,408.4271052942132,0.0
1200,4.0,4.154408212561348,0.15440821256134818,77.85362244293745,77.52018716348806,408.471781342743,0.0
1201,4.0,4.154625070973792,0.1546250709737924,77.84565498996756,77.52016817851842,408.51504459602563,0.0
1202,4.0,4.1548479254032245,0.15484792540322445,77.83778757574255,77.52016712536518,408.5595040546973,0.0
1203,4.0,4.155064549949969,0.15506454994996943,77.83003439438504,77.52016248707314,408.6027206517729,0.0
1204,4.0,4.155278692730178,0.15527869273017814,77.82239459988557,77.52015367552526,408.64544213642455,0.0
1205,4.0,4.155488943120486,0.15548894312048578,77.81491109990215,77.52016947830347,408.68738708929095,0.0
1206,4.0,4.155699920602636,0.15569992060263615,77.80754031841776,77.52018156490203,408.72947709697996,0.0
1207,4.0,4.155907422772773,0.15590742277277325,77.80028160650005,77.52018921364015,408.7708737799223,0.0
1208,4.0,4.156114960777652,0.15611496077765175,77.79313859796497,77.52019011779919,408.8122776118956,0.0
1209,4.0,4.156322149572147,0.15632214957214696,77.78610196132732,77.52015474512233,408.8536117763973,0.0
1210,4.0,4.156525890615786,0.1565258906157858,77.7791668856294,77.52013818845447,408.8942581146033,0.0
1211,4.0,4.156728555362376,0.15672855536237584,77.77234843682464,77.52014453245374,408.934689731548,0.0
1212,4.0,4.156931036898733,0.1569310368987331,77.76563979602011,77.520129526938,408.9750847980513,0.0
1213,4.0,4.157130553951016,0.15713055395101616,77.75904341806888,77.52013781771903,409.01488844998175,0.0
1214,4.0,4.157329325480803,0.15732932548080303,77.7525375923165,77.52013507822217,409.0545433701742,0.0
1215,4.0,4.157521192313968,0.15752119231396833,77.7461482945253,77.52012441171007,409.0928208033907,0.0
1216,4.0,4.157718356180071,0.15771835618007124,77.73986532961106,77.52012040595982,409.1321549946782,0.0
1217,4.0,4.157912334079481,0.15791233407948102,77.7336821573428,77.52013132541532,409.1708535856105,0.0
1218,4.0,4.158103902413554,0.1581039024135542,77.72760405235468,77.52012567184575,409.20907146825806,0.0
1219,4.0,4.158295612251789,0.15829561225178868,77.72162954364511,77.52012831760801,409.24731758098585,0.0
1220,4.0,4.158477915259488,0.15847791525948818,77.71578515177393,77.52017283827855,409.28368703102194,0.0
1221,4.0,4.158665031012353,0.15866503101235274,77.71005607892577,77.52021151535412,409.3210166237184,0.0
1222,4.0,4.158848596245817,0.15884859624581704,77.70443348498198,77.52023340980448,409.3576378877945,0.0
1223,4.0,4.159032805717005,0.15903280571700495,77.6989116179825,77.52024895650793,409.3943876772965,0.0
1224,4.0,4.159214713396732,0.15921471339673232,77.69348606601639,77.52024933591883,409.4306782594021,0.0
1225,4.0,4.15939121028992,0.15939121028991998,77.68816204992176,77.52023890301692,409.46588938959303,0.0
1226,4.0,4.159569698874329,0.15956969887432937,77.68292674725919,77.52020926721173,409.50149786218276,0.0
1227,4.0,4.159747567917803,0.15974756791780287,77.67779590162687,77.52018489092485,409.5369827363557,0.0
1228,4.0,4.159920372331003,0.15992037233100298,77.67276005987267,77.52015747267048,409.5714572167891,0.0
1229,4.0,4.16009829212526,0.1600982921252596,77.66782720006879,77.52014889073433,409.6069522157433,0.0
1230,4.0,4.160267507521032,0.16026750752103158,77.66298463255079,77.52015552743627,409.6407106871998,0.0
1231,4.0,4.160431626257432,0.16043162625743168,77.65824419429003,77.5201557323011,409.67345237511165,0.0
1232,4.0,4.160602735116367,0.1606027351163668,77.65359151267815,77.52016260843045,409.7075885924692,0.0
1233,4.0,4.160767121547288,0.16076712154728767,77.64902506197018,77.52017574537892,409.7403836854379,0.0
1234,4.0,4.160925460689588,0.16092546068958757,77.64455861500883,77.52017546384884,409.77197234432674,0.0
1235,4.0,4.16108831788465,0.1610883178846496,77.64018642452857,77.5201988072971,409.80446235474164,0.0
1236,4.0,4.161243670772354,0.1612436707723539,77.63590838050693,77.52019966286029,409.8354552558386,0.0
1237,4.0,4.161398090966484,0.16139809096648428,77.6317140568916,77.52021081174667,409.86626208456767,0.0
1238,4.0,4.1615557180167375,0.16155571801673752,77.6276025356856,77.52019766689062,409.89770868109315,0.0
1239,4.0,4.161709833751058,0.16170983375105763,77.62358094835177,77.52019953980549,409.92845477009,0.0
1240,4.0,4.161855571933679,0.16185557193367917,77.61963382186975,77.5201989076916,409.957529537523,0.0
1241,4.0,4.162002069242017,0.16200206924201677,77.615778402107,77.52018038428288,409.98675575053636,0.0
1242,4.0,4.162146770112812,0.16214677011281164,77.61204790014779,77.52017808205055,410.01562357425996,0.0
1243,4.0,4.162288275517637,0.16228827551763736,77.60840384004824,77.5201668223994,410.0438539025227,0.0
1244,4.0,4.162421391903678,0.16242139190367766,77.60483601427991,77.52016799768018,410.0704106215377,0.0
1245,4.0,4.162553656825177,0.1625536568251773,77.60135398496172,77.5201683067712,410.0967974733769,0.0
1246,4.0,4.162690891230661,0.16269089123066127,77.59794449171083,77.52018102194256,410.12417573727095,0.0
1247,4.0,4.16282257556664,0.16282257556663993,77.5946205317369,77.52018977987194,410.1504467622987,0.0
1248,4.0,4.1629477343100545,0.1629477343100545,77.59137140110623,77.5201976167073,410.1754159316099,0.0
1249,4.0,4.163072441510053,0.16307244151005307,77.58819427909211,77.52015498484405,410.2002950180096,0.0
1250,4.0,4.163202540223724,0.1632025402237236,77.58508448390963,77.5201372288274,410.22624971138686,0.0
1251,4.0,4.163327647585528,0.1633276475855281,77.58204676367886,77.52015187197672,410.25120863006686,0.0
1252,4.0,4.163446589203057,0.16344658920305744,77.57907113324278,77.52017357668487,410.274937482764,0.0
1253,4.0,4.163565911453897,0.16356591145389743,77.5761763994579,77.52018823983997,410.2987422718066,0.0
1254,4.0,4.163684265073324,0.16368426507332412,77.57334790898459,77.52020553766592,410.32235381888216,0.0
1255,4.0,4.1638017584092015,0.16380175840920153,77.57058672773721,77.52022217241198,410.34579373938976,0.0
1256,4.0,4.163917262365608,0.163917262365608,77.56790027720947,77.52022356268998,410.3688367786928,0.0
1257,4.0,4.164031502719273,0.16403150271927291,77.56527420346647,77.52020837895702,410.39162772924897,0.0
1258,4.0,4.164141225381219,0.16414122538121934,77.5627151078462,77.52019909211708,410.4135174003073,0.0
1259,4.0,4.164244805261919,0.16424480526191942,77.56022191522666,77.5201869717034,410.43418158650695,0.0
1260,4.0,4.164354072172909,0.16435407217290887,77.55778451899967,77.52017856630316,410.4559803352493,0.0
1261,4.0,4.16446565426278,0.16446565426277981,77.55541872782466,77.52017641937518,410.4782409621786,0.0
1262,4.0,4.1645689403427335,0.1645689403427335,77.55310532830035,77.52017986883592,410.49884653512936,0.0
1263,4.0,4.16466910834121,0.16466910834120974,77.55086329560129,77.52016502982725,410.5188300508254,0.0
1264,4.0,4.16477039470774,0.16477039470774013,77.5486805085045,77.52017187217986,410.5390366809482,0.0
1265,4.0,4.1648658087511805,0.1648658087511805,77.54656100304325,77.52018451191688,410.55807178261455,0.0
1266,4.0,4.164966644771874,0.16496664477187384,77.54448902286543,77.52018127246401,410.57818856874286,0.0
1267,4.0,4.165069974609825,0.16506997460982475,77.54248281833837,77.5201841877487,410.5988028714141,0.0
1268,4.0,4.165164856751413,0.1651648567514128,77.54053176956069,77.52016946561399,410.6177318586609,0.0
1269,4.0,4.16525677986014,0.1652567798601403,77.53865073028273,77.52018469191239,410.636070518852,0.0
1270,4.0,4.1653510794409785,0.1653510794409785,77.53681125713257,77.52019553150795,410.65488328522923,0.0
1271,4.0,4.165438167357812,0.16543816735781203,77.53501708882345,77.52019400041452,410.6722573246375,0.0
1272,4.0,4.165523971589698,0.1655239715896979,77.53328480209287,77.52017676753064,410.68937526889874,0.0
1273,4.0,4.165608572544737,0.1656085725447367,77.53160794983111,77.52016614457183,410.70625315942897,0.0
1274,4.0,4.165697181930879,0.165697181930879,77.52998348432983,77.52017738947158,410.7239307319644,0.0
1275,4.0,4.165782910632252,0.16578291063225237,77.52841434794883,77.52017663317551,410.74103360788837,0.0
1276,4.0,4.165861682040945,0.1658616820409451,77.52689398651755,77.5201812130469,410.75674850392255,0.0
1277,4.0,4.165944708453238,0.16594470845323794,77.52542306219803,77.52018660866369,410.773312273175,0.0
1278,4.0,4.166025129209368,0.16602512920936796,77.52398914673574,77.5201937777185,410.7893562140229,0.0
1279,4.0,4.16609797305184,0.1660979730518397,77.52260727608085,77.52019460206338,410.803888560596,0.0
1280,4.0,4.166172267739909,0.1661722677399089,77.5212841609553,77.52018784865552,410.81871035086584,0.0
1281,4.0,4.1662419179454115,0.16624191794541154,77.5199947717028,77.52018139247379,410.83260556686366,0.0
1282,4.0,4.166310961638728,0.16631096163872794,77.5187364874528,77.52017831702584,410.8463797836802,0.0
1283,4.0,4.1663804973046235,0.16638049730462345,77.51754160627006,77.52016975406966,410.8602521490264,0.0
1284,4.0,4.166455024509109,0.16645502450910943,77.51638244462175,77.52016227145587,410.8751203263214,0.0
1285,4.0,4.166525086673082,0.16652508667308208,77.51526354519558,77.52015506576106,410.8890977280339,0.0
1286,4.0,4.166589933851358,0.16658993385135812,77.51419226223548,77.52016357468835,410.90203474009996,0.0
1287,4.0,4.166654932916963,0.16665493291696265,77.51320058472335,77.52018025788934,410.91500205368806,0.0
1288,4.0,4.166716534907637,0.16671653490763738,77.51223917435208,77.52019892909198,410.92729165082767,0.0
1289,4.0,4.166777159861983,0.16677715986198294,77.51133551717865,77.5202061740028,410.9393863292196,0.0
1290,4.0,4.166834805787553,0.16683480578755283,77.51044775227274,77.5202195837304,410.95088669137084,0.0
1291,4.0,4.166886281468135,0.1668862814681349,77.50960557637502,77.52021292864855,410.9611560896469,0.0
1292,4.0,4.16693781920094,0.16693781920093986,77.50879851958159,77.52019833518489,410.9714378673415,0.0
1293,4.0,4.16698950907307,0.16698950907306997,77.50802820060468,77.52020413898586,410.98174999683147,0.0
1294,4.0,4.167034917568837,0.16703491756883704,77.50728904916814,77.52018780423916,410.99080899173697,0.0
1295,4.0,4.167079724168102,0.16707972416810168,77.50656440452363,77.52016243968994,410.9997479082903,0.0
1296,4.0,4.1671258737128944,0.16712587371289445,77.50589389039195,77.52014879955269,411.0089547424765,0.0
1297,4.0,4.167168306537143,0.16716830653714343,77.50524638142699,77.5201542246963,411.01742009091413,0.0
1298,4.0,4.1672090159099975,0.16720901590999748,77.50462105316606,77.52016233513814,411.02554161079854,0.0
1299,4.0,4.167248806868976,0.16724880686897592,77.50401281811503,77.52018482583345,411.0334799071147,0.0
1300,4.0,4.167293059385772,0.16729305938577177,77.50344684384751,77.52020684315539,411.0423082842155,0.0
1301,4.0,4.167338350191384,0.16733835019138432,77.50290111622952,77.52021985750378,411.05134379993524,0.0
1302,4.0,4.16738449035509,0.16738449035509007,77.5023692626305,77.52021103119655,411.06054876259446,0.0
1303,4.0,4.167428883654729,0.16742888365472908,77.50186990730758,77.52020267975834,411.06940522587246,0.0
1304,4.0,4.167469297719689,0.16746929771968944,77.50139513448731,77.52019945060147,411.0774678318321,0.0
1305,4.0,4.167511233911385,0.16751123391138467,77.50094478840735,77.52019567538359,411.08583410207524,0.0
1306,4.0,4.167550892392308,0.16755089239230792,77.500523627296,77.52019352882787,411.0937459690195,0.0
1307,4.0,4.167588203975761,0.16758820397576102,77.5001329362198,77.52019379403674,411.10118962991834,0.0
1308,4.0,4.167627202617183,0.167627202617183,77.49976030727956,77.5201914129686,411.108969858882,0.0
1309,4.0,4.16765868298269,0.16765868298269027,77.49941875209525,77.52019058758697,411.1152501918007,0.0
1310,4.0,4.167693152812884,0.167693152812884,77.49909410429132,77.5201908591801,411.1221269229244,0.0
1311,4.0,4.1677290966629394,0.16772909666293945,77.49879477344436,77.52018120817834,411.12929772101046,0.0
1312,4.0,4.167759745836371,0.16775974583637066,77.4985148201891,77.5201753833832,411.13541223110997,0.0
1313,4.0,4.167789330767835,0.1677893307678353,77.49825466016905,77.52016706774292,411.14131442493715,0.0
1314,4.0,4.167824156322883,0.16782415632288306,77.49800908726188,77.52016465693963,411.1482621231692,0.0
1315,4.0,4.167856765158086,0.16785676515808579,77.49779155665574,77.52017255258548,411.1547675857922,0.0
1316,4.0,4.167885304511959,0.16788530451195882,77.49759038848033,77.52019648894645,411.1604611868898,0.0
1317,4.0,4.167913891771486,0.1679138917714864,77.49740151195999,77.52021493953093,411.16616434516556,0.0
1318,4.0,4.167943879847485,0.16794387984748482,77.49723272020366,77.52022195171389,411.17214696632726,0.0
1319,4.0,4.167972401560549,0.16797240156054905,77.49709778538116,77.52021864159691,411.1778370480835,0.0
1320,4.0,4.167995344398623,0.16799534439862285,77.49698750598958,77.52020741716765,411.1824141442793,0.0
1321,4.0,4.1680203263436315,0.1680203263436315,77.49687885220484,77.52018781322067,411.18739804230853,0.0
1322,4.0,4.168045546875039,0.1680455468750388,77.49679212213319,77.52016721165639,411.19242953832423,0.0
1323,4.0,4.168068919894148,0.1680689198941483,77.49671997508096,77.5201650283779,411.1970924556366,0.0
1324,4.0,4.16809092819458,0.16809092819458016,77.49666002374511,77.52015290796442,411.20148311157277,0.0
1325,4.0,4.168113857711817,0.16811385771181708,77.49662248215945,77.5201501882088,411.2060575502615,0.0
1326,4.0,4.168132888466164,0.1681328884661637,77.49660471344835,77.52015283004064,411.20985418575367,0.0
1327,4.0,4.168152787416626,0.1681527874166262,77.49659716070671,77.52017063666398,411.21382402637096,0.0
1328,4.0,4.168173038338107,0.16817303833810726,77.49658965344481,77.52018350525162,411.21786408520643,0.0
1329,4.0,4.168192708168086,0.1681927081680863,77.49660612889126,77.52018292848508,411.2217882162872,0.0
1330,4.0,4.168210791045543,0.16821079104554304,77.4966323412137,77.52017308712172,411.2253957503399,0.0
1331,4.0,4.168226617999478,0.16822661799947802,77.4966675493247,77.52016803115654,411.2285532276499,0.0
1332,4.0,4.168243836831872,0.16824383683187172,77.49672434269672,77.52017635725987,411.2319883847124,0.0
1333,4.0,4.1682587126568444,0.16825871265684444,77.49678845604765,77.52018344420442,411.2349561117945,0.0
1334,4.0,4.16827444599298,0.1682744459929797,77.49686864569053,77.52020749277304,411.23809491235346,0.0
1335,4.0,4.168289853438883,0.1682898534388828,77.49696107109044,77.5202092267724,411.24116869781113,0.0
1336,4.0,4.168301867666076,0.16830186766607635,77.49705213179764,77.52020042564119,411.24356553613626,0.0
1337,4.0,4.168315867129195,0.16831586712919488,77.49717402765948,77.52019741860019,411.2463584290284,0.0
1338,4.0,4.168330577807431,0.16833057780743133,77.49729628999728,77.52019288581504,411.2492932093366,0.0
1339,4.0,4.1683411797647985,0.16834117976479845,77.49743275534343,77.52019979299826,411.25140829983127,0.0
1340,4.0,4.168349090362629,0.16834909036262857,77.49756324984989,77.52018563946099,411.2529864640984,0.0
1341,4.0,4.16836092817263,0.16836092817263015,77.49771462450329,77.5201784756569,411.25534810719375,0.0
1342,4.0,4.168368588338854,0.16836858833885415,77.49786707025503,77.52017070094936,411.25687631035544,0.0
1343,4.0,4.168374345032434,0.16837434503243376,77.49803050438136,77.52015726431507,411.25802477072455,0.0
1344,4.0,4.168382338037703,0.16838233803770297,77.49819663115456,77.52015807465357,411.2596193752758,0.0
1345,4.0,4.168389216652069,0.16838921665206907,77.49838007846749,77.52015867638421,411.2609916588418,0.0
1346,4.0,4.168395222161311,0.16839522216131098,77.49856081433786,77.52016918659412,411.2621897579356,0.0
1347,4.0,4.168404016575753,0.168404016575753,77.49873911638424,77.5201913407488,411.2639442436167,0.0
1348,4.0,4.168411037553782,0.16841103755378217,77.49893474036506,77.52021474846134,411.2653449287336,0.0
1349,4.0,4.168414957090456,0.16841495709045606,77.49912913617926,77.52020692037996,411.2661268763,0.0
1350,4.0,4.168420803193125,0.1684208031931247,77.49932930609994,77.5201963353428,411.2672931737824,0.0
1351,4.0,4.168429777629977,0.16842977762997702,77.49952155459944,77.52018966980702,411.26908357393444,0.0
1352,4.0,4.168435188910073,0.16843518891007303,77.49973063112257,77.5201850617849,411.27016312431357,0.0
1353,4.0,4.16843833161434,0.16843833161433963,77.49994811604604,77.52018127166929,411.2707900938148,0.0
1354,4.0,4.168442567169711,0.16844256716971095,77.50016752006394,77.52017801464332,411.27163508711135,0.0
1355,4.0,4.168449835217353,0.1684498352173529,77.50039149116449,77.52017656981833,411.27308506261596,0.0
1356,4.0,4.168448940930503,0.168448940930503,77.50062390691673,77.52251919913915,411.2729066523894,0.0
1357,4.0,4.168432569467789,0.16843256946778862,77.50085251602222,77.52683669967257,411.2696405455779,0.0
1358,4.0,4.168416788324896,0.1684167883248957,77.50107838771824,77.53012760057965,411.2664922075707,0.0
1359,4.0,4.168413134946491,0.16841313494649057,77.50131433342521,77.53320594543952,411.2657633585789,0.0
1360,4.0,4.168396814192819,0.16839681419281938,77.50152717900367,77.54061049262695,411.26250736822146,0.0
1361,4.0,4.168372225313488,0.1683722253134876,77.5017487937189,77.54703131506325,411.2576018867948,0.0
1362,4.0,4.1683557711550705,0.1683557711550705,77.50197235988011,77.5509892806467,411.2543192821906,0.0
1363,4.0,4.168356642179245,0.16835664217924506,77.50216866424746,77.55556656282826,411.2544930515134,0.0
1364,4.0,4.168346846710572,0.16834684671057243,77.50236726447112,77.56026124303735,411.25253885551325,0.0
1365,4.0,4.168334107034554,0.16833410703455431,77.50256459993093,77.56167915901786,411.24999729014763,0.0
1366,4.0,4.168336787238889,0.16833678723888923,77.50275032877342,77.56298473742189,411.2505319909124,0.0
1367,4.0,4.168333257617215,0.16833325761721518,77.50293785530137,77.56666575651477,411.2498278313885,0.0
1368,4.0,4.168322402732439,0.16832240273243926,77.50311003230676,77.56917647763109,411.24766228187565,0.0
1369,4.0,4.168312541078756,0.16831254107875626,77.50329009939938,77.57064621472266,411.2456948819659,0.0
1370,4.0,4.168320462226057,0.168320462226057,77.5034558043863,77.57276273237339,411.2472751508524,0.0
1371,4.0,4.168314705083713,0.16831470508371282,77.50363038887353,77.57770492914467,411.2461266009547,0.0
1372,4.0,4.168302638551281,0.16830263855128091,77.50379379860907,77.5805972936118,411.24371932773454,0.0
1373,4.0,4.168301908351179,0.16830190835117875,77.50396222212323,77.58325211753375,411.2435736528142,0.0
1374,4.0,4.1682942885365595,0.16829428853655948,77.50413025946828,77.58956576017734,411.24205349979763,0.0
1375,4.0,4.168276721714595,0.1682767217145953,77.50428886766151,77.59431455159705,411.23854891881575,0.0
1376,4.0,4.168270827861844,0.16827082786184366,77.50443770962542,77.59714313668414,411.23737309519186,0.0
1377,4.0,4.168272630440905,0.1682726304409048,77.50459618198646,77.60094411744466,411.2377327097145,0.0
1378,4.0,4.168255633486572,0.1682556334865719,77.50475325708558,77.60584476081038,411.2343418173251,0.0
1379,4.0,4.168237914867334,0.1682379148673343,77.50489389440301,77.60825654641992,411.2308069527872,0.0
1380,4.0,4.168235830893817,0.168235830893817,77.50503560221723,77.608896004162,411.2303912000705,0.0
1381,4.0,4.168229609502409,0.16822960950240873,77.50516940486743,77.61369357393927,411.2291500324846,0.0
1382,4.0,4.168211842031511,0.16821184203151063,77.50529839224355,77.61722623942975,411.22560542204036,0.0
1383,4.0,4.168197891341218,0.16819789134121788,77.50543012834622,77.61899086341651,411.222822259327,0.0
1384,4.0,4.168202600235752,0.16820260023575173,77.50555507616156,77.61974190609311,411.2237616837865,0.0
1385,4.0,4.16820167676004,0.16820167676003983,77.50566944091265,77.62066217594108,411.223577450382,0.0
1386,4.0,4.168192958785722,0.16819295878572227,77.50578130366958,77.62012214566131,411.2218382145056,0.0
1387,4.0,4.168196469379208,0.1681964693792084,77.50588076016591,77.61911537410926,411.2225385779061,0.0
1388,4.0,4.168208789496297,0.1682087894962967,77.50598525964021,77.61692385086388,411.2249964412652,0.0
1389,4.0,4.168217343201945,0.16821734320194537,77.50607495537872,77.61476276391285,411.2267029055421,0.0
1390,4.0,4.1682279345452615,0.16822793454526153,77.50618030015949,77.61325444484254,411.2288158785337,0.0
1391,4.0,4.168237070232885,0.1682370702328848,77.50628800166997,77.61260474806839,411.23063844821456,0.0
1392,4.0,4.168243464654113,0.16824346465411288,77.50640961035056,77.61278275781478,411.23191413524955,0.0
1393,4.0,4.1682500990002715,0.16825009900027155,77.50651687343446,77.61357710436614,411.2332376873082,0.0
1394,4.0,4.168258984943118,0.16825898494311797,77.50663004116964,77.6147221263488,411.23501043290605,0.0
1395,4.0,4.168269483249062,0.16826948324906166,77.50675111564964,77.6158968632375,411.2371048449418,0.0
1396,4.0,4.168279814902816,0.1682798149028164,77.50687693563708,77.6168625222634,411.23916600986587,0.0
1397,4.0,4.1682905347418835,0.1682905347418835,77.5070103626796,77.61745345852205,411.2413046177598,0.0
1398,4.0,4.168299990299554,0.16829999029955367,77.50716565031865,77.61763453832756,411.243191001515,0.0
1399,4.0,4.168312165841365,0.16831216584136488,77.50730824861212,77.61744620636631,411.2456200221063,0.0
1400,4.0,4.168323662638771,0.1683236626387714,77.50746511420726,77.61698898450612,411.24791363318894,0.0
1401,4.0,4.168336027711315,0.16833602771131506,77.5076190122136,77.61643185939832,411.2503804651614,0.0
1402,4.0,4.168344121619209,0.1683441216192092,77.50779632123837,77.61586833987226,411.2519951997863,0.0
1403,4.0,4.168351695070026,0.1683516950700259,77.50797012889416,77.61542198689433,411.2535061032242,0.0
1404,4.0,4.168364610190988,0.16836461019098792,77.50814674212113,77.61515088017194,411.25608266985614,0.0
1405,4.0,4.168373522595921,0.1683735225959211,77.50833683312503,77.61508800149389,411.25786069464027,0.0
1406,4.0,4.168379394529667,0.16837939452966744,77.50854721907685,77.61519275826537,411.2590321454227,0.0
1407,4.0,4.168389064077654,0.16838906407765375,77.508749586214,77.61542113946741,411.260961220246,0.0
1408,4.0,4.168396406833278,0.16839640683327772,77.50895568341915,77.61571342261809,411.2624260999929,0.0
1409,4.0,4.1684062842754175,0.16840628427541748,77.50918053929219,77.61597293239689,411.2643966496998,0.0
1410,4.0,4.168414172951122,0.16841417295112215,77.50939954541779,77.61617897269498,411.2659704405029,0.0
1411,4.0,4.168420046231984,0.1684200462319838,77.50963296435651,77.61629685036884,411.2671421600348,0.0
1412,4.0,4.168426488248087,0.1684264882480866,77.50986898530972,77.61630127792883,411.2684273422473,0.0
1413,4.0,4.1684283489914025,0.16842834899140247,77.51010782966279,77.61622752147629,411.2687985605388,0.0
1414,4.0,4.16843292897417,0.16843292897416973,77.51035541166429,77.61610660822417,411.2697122671009,0.0
1415,4.0,4.168438839346497,0.16843883934649728,77.51059802199539,77.6159657480671,411.27089138638024,0.0
1416,4.0,4.16843976805924,0.16843976805924044,77.51085419613302,77.61583476231615,411.2710766645725,0.0
1417,4.0,4.1684404513910644,0.16844045139106445,77.51110834396161,77.61576162594923,411.27121298927136,0.0
1418,4.0,4.1684436752974685,0.1684436752974685,77.51136796213348,77.61571782159095,411.27185615859895,0.0
1419,4.0,4.168450203966609,0.16845020396660892,77.51163531265175,77.61571509862571,411.2731586280925,0.0
1420,4.0,4.168452784016517,0.16845278401651687,77.51189372430058,77.6157621349551,411.27367334804916,0.0
1421,4.0,4.1684549012773315,0.16845490127733154,77.51216403564761,77.6158341330127,411.2740957415817,0.0
1422,4.0,4.1684612269300825,0.16846122693008247,77.51243845376324,77.61589805881039,411.27535770930547,0.0
1423,4.0,4.168462984615452,0.16846298461545217,77.51271874508167,77.61595511368061,411.27570836753677,0.0
1424,4.0,4.168467899528599,0.16846789952859886,77.51299962779338,77.61599099199887,411.2766888927095,0.0
1425,4.0,4.16847364068092,0.1684736406809204,77.5132783237024,77.61600081513046,411.27783425259764,0.0
1426,4.0,4.168480056558379,0.16848005655837905,77.51356269472885,77.61598637577835,411.27911422015063,0.0
1427,4.0,4.1684812083969085,0.1684812083969085,77.51385600034885,77.61595585104472,411.27934401193727,0.0
1428,4.0,4.168485128873144,0.1684851288731437,77.51414919520813,77.61592031471967,411.2801261469462,0.0
1429,4.0,4.168493048420241,0.16849304842024093,77.51439788152524,77.61588763318981,411.2817060965921,0.0
1430,4.0,4.168497649468062,0.1684976494680619,77.51465659383615,77.61587405685688,411.2826240056324,0.0
1431,4.0,4.1685034026407495,0.16850340264074948,77.51492806125255,77.61586631933189,411.28377176358356,0.0
1432,4.0,4.168507973179555,0.16850797317955468,77.51520051743414,77.61586331626846,411.2846835860752,0.0
1433,4.0,4.16851027580489,0.16851027580489042,77.5154756126815,77.61587842317734,411.28514295982967,0.0
1434,4.0,4.168516598455753,0.16851659845575284,77.51575419599288,77.6158934596451,411.2864043286767,0.0
1435,4.0,4.168521337169519,0.16852133716951911,77.51603670082513,77.6159106151767,411.2873497020731,0.0
1436,4.0,4.168521735472922,0.16852173547292182,77.51631755692036,77.61591205880723,411.2874291636019,0.0
1437,4.0,4.1685258516976935,0.16852585169769352,77.51659928226756,77.61593043929355,411.2882503504439,0.0
1438,4.0,4.168524366486407,0.16852436648640712,77.51689127877788,77.61593888619669,411.2879540507923,0.0
1439,4.0,4.168510492077811,0.16851049207781088,77.51746555114742,77.61594641456799,411.2851861062773,0.0
1440,4.0,4.168333918574891,0.16833391857489133,77.52109682271706,77.61594623903754,411.2499596924448,0.0
1441,4.0,4.168130250701042,0.16813025070104182,77.52534930434174,77.61594055197612,411.20932795161184,0.0
1442,4.0,4.16787872697744,0.16787872697744,77.53062584647853,77.61592437525543,411.1591489687533,0.0
1443,4.0,4.167415912346497,0.1674159123464971,77.53966938484047,77.61591444795695,411.0668174498802,0.0
1444,4.0,4.166810595087681,0.16681059508768126,77.55160105614964,77.61590010968801,410.94605665674646,0.0
1445,4.0,4.166189528105244,0.16618952810524412,77.56383270949237,77.61588897114791,410.8221537937502,0.0
1446,4.0,4.16530516759793,0.16530516759793024,77.58070132684477,77.61588923936529,410.6457238725411,0.0
1447,4.0,4.164272918287389,0.16427291828738877,77.6001168814953,77.61588450379219,410.4397901350881,0.0
1448,4.0,4.16324225260462,0.16324225260462022,77.61949274724174,77.61588681650402,410.23417233137576,0.0
1449,4.0,4.162118310271717,0.1621183102717172,77.64030965961818,77.6158959518377,410.0099458359616,0.0
1450,4.0,4.160782293665989,0.16078229366598862,77.66466711836371,77.61590110337897,409.74341052311877,0.0
1451,4.0,4.159359895478405,0.15935989547840457,77.6904027419583,77.6159116089528,409.45964208469576,0.0
1452,4.0,4.157909502948233,0.15790950294823336,77.71650912396804,77.61593069291051,409.1702887749266,0.0
1453,4.0,4.156286466728996,0.1562864667289956,77.7453789414858,77.6159363249917,408.8464930491886,0.0
1454,4.0,4.15449958668823,0.15449958668822994,77.77707576067958,77.61594682623432,408.4900104810559,0.0
1455,4.0,4.152720337912494,0.15272033791249395,77.80837412627628,77.61593806394964,408.1350503502966,0.0
1456,4.0,4.15086468236827,0.15086468236826978,77.84079469086359,77.6159203135713,407.76484706922383,0.0
1457,4.0,4.148793467495442,0.14879346749544187,77.87670609255048,77.615901274022,407.35163970209464,0.0
1458,4.0,4.146653794775587,0.14665379477558727,77.9136647625121,77.61588494738491,406.9247749944837,0.0
1459,4.0,4.144549857437167,0.14454985743716708,77.94973057128648,77.61587207295092,406.50503949546885,0.0
1460,4.0,4.142223095880238,0.1422230958802384,77.98943654245372,77.61588075392162,406.04085056486156,0.0
1461,4.0,4.139756209892982,0.13975620989298232,78.0314046886388,77.61587701660325,405.548706810404,0.0
1462,4.0,4.137326478031536,0.13732647803153597,78.07242417198563,77.6158825426249,405.06397530404547,0.0
1463,4.0,4.134793130725002,0.13479313072500165,78.1149420108005,77.61589543699526,404.55857251639185,0.0
1464,4.0,4.132115949282886,0.13211594928288584,78.15962706155288,77.6159046098724,404.0244748186897,0.0
1465,4.0,4.129385391114923,0.12938539111492275,78.2049889160074,77.61592116149913,403.4797284641811,0.0
1466,4.0,4.126683520777667,0.1266835207776671,78.24949160787929,77.61592552085142,402.9407053318986,0.0
1467,4.0,4.123863683325539,0.12386368332553932,78.29553219270045,77.61593590174357,402.3781477601991,0.0
1468,4.0,4.121027917043292,0.12102791704329174,78.34136042361506,77.61593213580488,401.8124123868907,0.0
1469,4.0,4.118269233616846,0.1182692336168456,78.38519267438798,77.61592255093423,401.2620550433147,0.0
1470,4.0,4.115520451489535,0.11552045148953471,78.4282870136839,77.61592447890185,400.7136730089162,0.0
1471,4.0,4.112835725008624,0.11283572500862427,78.46960805036629,77.61592757437295,400.1780700759746,0.0
1472,4.0,4.110230241502268,0.11023024150226757,78.5087426667752,77.6159250005663,399.6582761164564,0.0
1473,4.0,4.1076941108376,0.10769411083759994,78.546138450376,77.6159174961035,399.15231804885525,0.0
1474,4.0,4.10520464063049,0.10520464063048962,78.58209639146959,77.61590172735393,398.6556687425367,0.0
1475,4.0,4.102767140146534,0.10276714014653443,78.61671948484266,77.6158931161306,398.16938739598766,0.0
1476,4.0,4.100372412593478,0.10037241259347773,78.65010487285768,77.61589353435664,397.69163924915284,0.0
1477,4.0,4.098023923170295,0.09802392317029529,78.68227286931149,77.61588747075831,397.22311560922793,0.0
1478,4.0,4.095728799771394,0.09572879977139426,78.71313904742962,77.61588334122425,396.76523849114716,0.0
1479,4.0,4.093485693915931,0.0934856939159312,78.742726369189,77.61589630487624,396.31773887298226,0.0
1480,4.0,4.091289559713761,0.09128955971376129,78.7709894531053,77.6159153096574,395.8796100996494,0.0
1481,4.0,4.089151312148698,0.0891513121486982,78.79786514727581,77.61591119372251,395.45302971041934,0.0
1482,4.0,4.087073600013223,0.08707360001322328,78.8233738094367,77.6159220797134,395.03852613939205,0.0
1483,4.0,4.085048871112076,0.08504887111207626,78.84753024181383,77.61593052147758,394.63459272361325,0.0
1484,4.0,4.083079036120059,0.08307903612005862,78.87035176235707,77.615933242313,394.2416106427057,0.0
1485,4.0,4.081166006720369,0.08116600672036878,78.89182632386019,77.61591987242349,393.8599612774676,0.0
1486,4.0,4.079305925470072,0.07930592547007187,78.91200892192052,77.61592204620452,393.4888750680334,0.0
1487,4.0,4.077497736698171,0.07749773669817106,78.93096290518972,77.61591008660676,393.12814140803914,0.0
1488,4.0,4.075743706112888,0.07574370611288828,78.94870773064346,77.61590698790735,392.77821230627524,0.0
1489,4.0,4.074035702989136,0.07403570298913564,78.96529254174739,77.61589989305013,392.4374656830866,0.0
1490,4.0,4.072382441757299,0.07238244175729935,78.98073852264181,77.6159030355706,392.10764006733524,0.0
1491,4.0,4.07077616069416,0.0707761606941597,78.99504753319573,77.61590925447031,391.7871869952389,0.0
1492,4.0,4.0692152417834935,0.06921524178349348,79.00829808195644,77.61590118474129,391.47578367256096,0.0
1493,4.0,4.067702808508074,0.06770280850807442,79.02051391951106,77.61589170944802,391.17405323411487,0.0
1494,4.0,4.066238307744398,0.0662383077443982,79.03173460055223,77.61589410677281,390.88188533176145,0.0
1495,4.0,4.064815972081634,0.06481597208163414,79.04197113686476,77.61588661402277,390.59812936704003,0.0
1496,4.0,4.063438948410722,0.06343894841072206,79.05124882619765,77.61589860147365,390.32341314469306,0.0
1497,4.0,4.062100581227756,0.06210058122775575,79.05960801796066,77.6158953778176,390.0564088916913,0.0
1498,4.0,4.060806744244861,0.060806744244860766,79.06706847227939,77.61588803636073,389.79828841360376,0.0
1499,4.0,4.059551401455029,0.05955140145502913,79.07365024455721,77.61589613339086,389.54784752703233,0.0
1500,4.0,4.058337623759297,0.05833762375929741,79.0793753985595,77.61590605456426,389.30569887673386,0.0
1501,4.0,4.057162250160412,0.05716225016041232,79.08423690812961,77.6159066602732,389.0712118437563,0.0
1502,4.0,4.056028821661197,0.05602882166119727,79.08830027066293,77.61590913152394,388.84509285816284,0.0
1503,4.0,4.0549320092746575,0.05493200927465747,79.09158057815544,77.61591776643823,388.6262787870482,0.0
1504,4.0,4.053871146239031,0.053871146239030665,79.09410027796773,77.6159092192632,388.41463661144064,0.0
1505,4.0,4.052849439362931,0.05284943936293107,79.0958909981572,77.61591284363942,388.2108060896588,0.0
1506,4.0,4.051863760913171,0.05186376091317069,79.0969657422851,77.6159109160136,388.0141632389316,0.0
1507,4.0,4.0509086245948485,0.05090862459484846,79.09734633142209,77.6159142393122,387.8236135434263,0.0
1508,4.0,4.049987560582106,0.04998756058210585,79.09706165557914,77.61590723350164,387.63986127288416,0.0
1509,4.0,4.0491040595006815,0.04910405950068153,79.09612787108945,77.61589383470486,387.46360280714,0.0
1510,4.0,4.04825293094582,0.04825293094581973,79.09457475038907,77.61590355663732,387.29380266044507,0.0
1511,4.0,4.047431456057559,0.047431456057559274,79.09240756839249,77.61591159878677,387.1299184202371,0.0
1512,4.0,4.046641902576345,0.04664190257634537,79.08965973099014,77.61591190029228,386.9724025007349,0.0
1513,4.0,4.045881142849341,0.04588114284934086,79.08635815772115,77.61590872149085,386.8206309351975,0.0
1514,4.0,4.045149492684167,0.04514949268416668,79.08250322245982,77.61591434394234,386.67466672724527,0.0
1515,4.0,4.044448465144902,0.044448465144902194,79.078126243247,77.61592819981054,386.53481173316203,0.0
1516,4.0,4.0437760347034555,0.04377603470345548,79.07327684399212,77.61593107644558,386.4006618600934,0.0
1517,4.0,4.0431301594025015,0.04313015940250153,79.06793028918786,77.61591724670689,386.27180973755304,0.0
1518,4.0,4.042514983472004,0.042514983472004,79.06209032252345,77.61590727603692,386.1490821394188,0.0
1519,4.0,4.0419249162670745,0.04192491626707451,79.05579824652389,77.61588887139992,386.03136373203535,0.0
1520,4.0,4.041360271951453,0.04136027195145342,79.04907841820554,77.61589444493347,385.918717191069,0.0
1521,4.0,4.040826828621896,0.04082682862189557,79.04192651398041,77.61589440406658,385.8122952468222,0.0
1522,4.0,4.040318627676442,0.040318627676441565,79.03435711805935,77.61589830798981,385.7109091582041,0.0
1523,4.0,4.039833739850531,0.03983373985053085,79.02640455526216,77.61589156676821,385.6141740369349,0.0
1524,4.0,4.039375585898027,0.0393755858980267,79.01807670340979,77.6158968218333,385.5227723234104,0.0
1525,4.0,4.03893943771379,0.038939437713789715,79.00939808837347,77.61588841212586,385.43576076065506,0.0
1526,4.0,4.038524778914241,0.03852477891424133,79.00037883971292,77.61587964368013,385.3530363301452,0.0
1527,4.0,4.038132277599851,0.03813227759985072,78.99102633243126,77.61588966724334,385.27473231792425,0.0
1528,4.0,4.037765352625394,0.037765352625394044,78.98135197394497,77.61589866925192,385.2015307855201,0.0
1529,4.0,4.037414841976401,0.03741484197640066,78.97142622310176,77.61591255870306,385.13160391104594,0.0
1530,4.0,4.037086716475228,0.03708671647522799,78.96121739457504,77.615914426962,385.066142873562,0.0
1531,4.0,4.036780331331831,0.036780331331830673,78.95072459208733,77.61590851250332,385.00501903745425,0.0
1532,4.0,4.036494110739466,0.036494110739465846,78.93997873787815,77.6159168424745,384.94791802927745,0.0
1533,4.0,4.036223879754298,0.036223879754298416,78.92898672770085,77.61591775953998,384.89400694773656,0.0
1534,4.0,4.03597079600031,0.035970796000309946,78.91777364384318,77.61590779177665,384.8435167388158,0.0
1535,4.0,4.035737405589033,0.03573740558903271,78.90633064022676,77.61590401855528,384.79695535176603,0.0
1536,4.0,4.035522838655634,0.035522838655634104,78.89466123835739,77.61590202287685,384.754149248553,0.0
1537,4.0,4.035324402322637,0.03532440232263667,78.88280459325946,77.61590566992247,384.71456120012004,0.0
1538,4.0,4.035143401034532,0.035143401034532395,78.87080338940626,77.61591361025324,384.6784514431433,0.0
1539,4.0,4.034975028080249,0.03497502808024944,78.85863598628363,77.61591500060244,384.6448610387638,0.0
1540,4.0,4.034824717872793,0.03482471787279273,78.84629158171855,77.61590583158042,384.6148741523762,0.0
1541,4.0,4.034690717867108,0.03469071786710831,78.83379775725999,77.61590465129055,384.58814115124216,0.0
1542,4.0,4.03457127483648,0.03457127483648037,78.82114805564086,77.6158966158257,384.5643122666318,0.0
1543,4.0,4.034467066595167,0.03446706659516696,78.80836339864608,77.61588726951246,384.54352272248985,0.0
1544,4.0,4.034377583915155,0.03437758391515544,78.79546748227588,77.6158913994043,384.52567092782755,0.0
1545,4.0,4.03430259927454,0.0343025992745396,78.78244445920788,77.6158893865439,384.51071149202465,0.0
1546,4.0,4.034240718602666,0.034240718602665865,78.7693421067731,77.61588803299875,384.49836629798585,0.0
1547,4.0,4.034192511574358,0.03419251157435799,78.75615623597216,77.61590113433599,384.4887489958384,0.0
1548,4.0,4.034154489361443,0.03415448936144294,78.7429006099512,77.6159067364578,384.4811635643619,0.0
1549,4.0,4.034131474153376,0.034131474153375585,78.7295356848073,77.61590959109085,384.4765720303525,0.0
1550,4.0,4.034119224503701,0.03411922450370142,78.71611032746857,77.61592060931247,384.47412822524245,0.0
1551,4.0,4.034118822632175,0.03411882263217514,78.70263076509906,77.61593316478248,384.47404805187296,0.0
1552,4.0,4.034131772326764,0.03413177232676379,78.68908395366512,77.61593275712632,384.4766315159434,0.0
1553,4.0,4.034153750579047,0.03415375057904679,78.67548923254813,77.61593147992724,384.48101617727383,0.0
1554,4.0,4.034181730341986,0.03418173034198624,78.66191337700933,77.61592360134152,384.4865981399803,0.0
1555,4.0,4.0342222032743145,0.03422220327431447,78.64829754699353,77.61590996839193,384.49467248997973,0.0
1556,4.0,4.034271816258379,0.03427181625837861,78.63464680592223,77.61590947715908,384.5045702803005,0.0
1557,4.0,4.034330800566047,0.03433080056604698,78.62098695144752,77.6159101392148,384.5163376496804,0.0
1558,4.0,4.034401762236197,0.03440176223619673,78.60730814985384,77.6159077376265,384.5304945028753,0.0
1559,4.0,4.0344798125166115,0.034479812516611474,78.59362704434783,77.61590701182327,384.54606553381797,0.0
1560,4.0,4.034566842367081,0.03456684236708085,78.57993495902278,77.61589986996083,384.56342798898663,0.0
1561,4.0,4.034662177306549,0.03466217730654897,78.56627830644433,77.61590177132113,384.58244730941055,0.0
1562,4.0,4.034763189689298,0.034763189689297924,78.5526504639699,77.61590915739309,384.602599279769,0.0
1563,4.0,4.03487316977236,0.03487316977235988,78.53903679344775,77.6159122674826,384.62454030633984,0.0
1564,4.0,4.0349881545927575,0.0349881545927575,78.52544989572246,77.61590644905705,384.64747977800914,0.0
1565,4.0,4.035111301707579,0.03511130170757859,78.51188990815173,77.61589894826534,384.67204762741596,0.0
1566,4.0,4.035241251581204,0.03524125158120395,78.49836735199474,77.6158960310805,384.6979726272042,0.0
1567,4.0,4.035377435224541,0.03537743522454129,78.48487246106964,77.61590240491688,384.72514126405,0.0
1568,4.0,4.0355199828743995,0.0355199828743995,78.47144572562189,77.61591077397847,384.75357952019675,0.0
1569,4.0,4.035666698147418,0.035666698147418074,78.4580890675923,77.61591139178168,384.7828492171639,0.0
1570,4.0,4.035821423108576,0.035821423108576056,78.44477675658256,77.61591067552772,384.81371684691493,0.0
1571,4.0,4.0359798106009634,0.03597981060096345,78.43152614362036,77.615897104477,384.8453151516462,0.0
1572,4.0,4.036144154025702,0.0361441540257017,78.41832162007331,77.6159004897114,384.8781016648815,0.0
1573,4.0,4.036314104060303,0.03631410406030344,78.40519128895433,77.61590411165353,384.91200669678454,0.0
1574,4.0,4.036488084743795,0.03648808474379539,78.39211136706571,77.61590973454598,384.9467158431412,0.0
1575,4.0,4.0366687436211715,0.03666874362117145,78.37910957772922,77.615905864819,384.98275728917775,0.0
1576,4.0,4.036853685734272,0.036853685734271835,78.36619759824367,77.61591385518291,385.01965324074126,0.0
1577,4.0,4.0370410426143,0.03704104261429997,78.35340066614424,77.61591486714582,385.05703093830687,0.0
1578,4.0,4.037232925009327,0.03723292500932729,78.34067442867882,77.61591113532873,385.09531147611483,0.0
1579,4.0,4.03742925439367,0.037429254393670064,78.32802129234705,77.6159179393115,385.1344791882912,0.0
1580,4.0,4.037627996815187,0.03762799681518736,78.31547563779107,77.61590488623303,385.17412830138386,0.0
1581,4.0,4.037830328330391,0.037830328330390905,78.30301976671998,77.61589718076807,385.21449343866703,0.0
1582,4.0,4.038036829091943,0.038036829091942614,78.29063224801574,77.61590988759967,385.2556903405966,0.0
1583,4.0,4.038246230589863,0.03824623058986276,78.27834960114592,77.61589869248324,385.2974659394317,0.0
1584,4.0,4.038458514470536,0.03845851447053583,78.26616369062945,77.61591078006293,385.3398165736259,0.0
1585,4.0,4.038671755312359,0.038671755312359224,78.25411523499265,77.61592094089664,385.38235812156967,0.0
1586,4.0,4.038881842045369,0.038881842045369375,78.2421835564786,77.61593352663924,385.42427042480523,0.0
1587,4.0,4.0390966883089465,0.039096688308946526,78.23033773513868,77.61593041470204,385.4671322543889,0.0
1588,4.0,4.039314080932361,0.03931408093236133,78.21860705644742,77.6159227240992,385.51050208276007,0.0
1589,4.0,4.039532309609078,0.039532309609078276,78.20697704142783,77.61591616334024,385.5540387037651,0.0
1590,4.0,4.0397557894297655,0.03975578942976554,78.19545060583525,77.6159108502608,385.59862292799227,0.0
1591,4.0,4.039982769696031,0.03998276969603065,78.18401916730929,77.61590299930539,385.64390549111215,0.0
1592,4.0,4.040206979204889,0.04020697920488914,78.17271910254203,77.61589164565461,385.68863528812943,0.0
1593,4.0,4.040433530264217,0.0404335302642167,78.16155683460914,77.61589708050663,385.73383222446523,0.0
1594,4.0,4.040659818765046,0.04065981876504576,78.15052494833218,77.6159164207588,385.7789767803807,0.0
1595,4.0,4.040888520505012,0.04088852050501224,78.13960396275444,77.61590511378415,385.82460277750397,0.0
1596,4.0,4.0411165688224076,0.04111656882240755,78.12880898996751,77.6159026910236,385.87009841682436,0.0
1597,4.0,4.0413458721742295,0.04134587217422947,78.11811670584983,77.61589803472286,385.91584443551284,0.0
1598,4.0,4.041577180726283,0.041577180726283025,78.10754658426497,77.6158931977588,385.9619904916475,0.0
1599,4.0,4.041807995851966,0.04180799585196571,78.09709253579443,77.61589130107413,386.00803810922116,0.0
1600,4.0,4.042040915676232,0.042040915676231805,78.08675530725341,77.61588894749687,386.0545056141623,0.0
1601,4.0,4.042273696408769,0.04227369640876866,78.07654086286003,77.6158887379428,386.10094537030335,0.0
1602,4.0,4.042507620745732,0.04250762074573178,78.06644818958694,77.61590832646623,386.14761327552753,0.0
1603,4.0,4.042736104659196,0.04273610465919564,78.05652626868299,77.61591439063302,386.19319581626354,0.0
1604,4.0,4.042966129567914,0.04296612956791357,78.04673197150932,77.615921166514,386.2390857855528,0.0
1605,4.0,4.043199073796575,0.043199073796574616,78.03704208122876,77.61592169165584,386.28555815917065,0.0
1606,4.0,4.04342894967685,0.043428949676849626,78.02748384173968,77.61592378997149,386.3314183972855,0.0
1607,4.0,4.043660263330658,0.043660263330657756,78.01805177587367,77.61591506459933,386.37756547122024,0.0
1608,4.0,4.043889180125822,0.04388918012582188,78.00873494495801,77.61591863406447,386.4232343718555,0.0
1609,4.0,4.044118529663246,0.04411852966324581,77.99954325760726,77.61590559583978,386.46898960457156,0.0
1610,4.0,4.044346267018569,0.04434626701856903,77.99047538246458,77.61591314677796,386.51442320695855,0.0
1611,4.0,4.04457316935951,0.04457316935951017,77.98154007130518,77.61591554719712,386.5596902239763,0.0
1612,4.0,4.044801054582672,0.04480105458267225,77.9727192281972,77.61591524132776,386.60515332599715,0.0
1613,4.0,4.045027384402477,0.04502738440247711,77.96401762810223,77.61591311572094,386.6503061250482,0.0
1614,4.0,4.045250679132655,0.045250679132655236,77.95548412472438,77.61589749551437,386.69485342371877,0.0
1615,4.0,4.045472248922309,0.04547224892230872,77.94708663813209,77.61588740711774,386.7390565967546,0.0
1616,4.0,4.045696075146896,0.04569607514689622,77.93879595781405,77.61589120260876,386.7837099285598,0.0
1617,4.0,4.045918724867062,0.04591872486706183,77.93063747245317,77.61588922323362,386.8281285477329,0.0
1618,4.0,4.046139405302421,0.04613940530242111,77.92259926825857,77.61589576124379,386.872154294587,0.0
1619,4.0,4.046360452839342,0.04636045283934198,77.91468044612921,77.61589584151487,386.91625327820276,0.0
1620,4.0,4.046577014006463,0.04657701400646275,77.90687261899251,77.61589706977743,386.9594572310433,0.0
1621,4.0,4.046792346513338,0.04679234651333797,77.899197871665,77.61589356365255,387.0024160661649,0.0
1622,4.0,4.047005492436508,0.04700549243650798,77.89164067930616,77.6158946048091,387.04493867783737,0.0
1623,4.0,4.04721921935825,0.04721921935824991,77.88419186330647,77.61590519257108,387.0875771987249,0.0
1624,4.0,4.04742981935199,0.04742981935198998,77.8768752522197,77.61590857487289,387.129591897476,0.0
1625,4.0,4.047641556581021,0.04764155658102087,77.8696800224277,77.61591107854615,387.17183347466766,0.0
1626,4.0,4.047851676450252,0.0478516764502519,77.86260486480035,77.61591495655992,387.2137523885793,0.0
1627,4.0,4.048057916678774,0.04805791667877379,77.85567969237103,77.61591687175779,387.2548973141694,0.0
1628,4.0,4.0482626956048815,0.0482626956048815,77.84888509555294,77.61591283575517,387.29575070992786,0.0
1629,4.0,4.048465632904631,0.04846563290463113,77.84220122286844,77.61589892663439,387.33623670122796,0.0
1630,4.0,4.048667346487239,0.048667346487238916,77.83561616924219,77.61589522296683,387.37647856095816,0.0
1631,4.0,4.048866641940519,0.04886664194051882,77.82914608987825,77.61589594642132,387.41623800388754,0.0
1632,4.0,4.049063712169192,0.049063712169192364,77.82279403184118,77.61589692367374,387.4555535145079,0.0
1633,4.0,4.0492580737810755,0.049258073781075495,77.81656247408307,77.61588899194186,387.49432865607855,0.0
1634,4.0,4.049450935132476,0.04945093513247567,77.81044851591747,77.61587976982368,387.5328044956829,0.0
1635,4.0,4.049642875745047,0.049642875745046666,77.80442743502512,77.61589216199995,387.57109664789084,0.0
1636,4.0,4.049832589412682,0.04983258941268165,77.7985243067048,77.61591047420269,387.608944524584,0.0
1637,4.0,4.050019602994129,0.05001960299412911,77.79272784778246,77.61592384035114,387.6462537340828,0.0
1638,4.0,4.050206078867908,0.050206078867907955,77.78703040859364,77.61592886459879,387.68345567090165,0.0
1639,4.0,4.050391807890617,0.050391807890616924,77.78144277049249,77.61592412321954,387.7205086109321,0.0
1640,4.0,4.050570198314796,0.050570198314796144,77.77596265114212,77.61592416222035,387.7560975005559,0.0
1641,4.0,4.050747117498396,0.05074711749839622,77.77060618694999,77.6159151882007,387.7913928776841,0.0
1642,4.0,4.050921997109783,0.05092199710978296,77.76533002499205,77.61591812203693,387.8262813601557,0.0
1643,4.0,4.051094950103682,0.051094950103681924,77.76015909815555,77.61590681865896,387.86078548243853,0.0
1644,4.0,4.051262591424031,0.051262591424031,77.75513801559529,77.61589739006507,387.8942299258482,0.0
1645,4.0,4.051433444485019,0.05143344448501885,77.75020464520317,77.61590116410213,387.9283151115153,0.0
1646,4.0,4.0516007416815105,0.05160074168151052,77.74537328899595,77.61589761644676,387.96169090221537,0.0
1647,4.0,4.051766410186195,0.05176641018619499,77.7406477235216,77.61590285539351,387.9947417688999,0.0
1648,4.0,4.051932702048123,0.051932702048122614,77.73599859935022,77.61590159328642,388.0279169953545,0.0
1649,4.0,4.052094023325644,0.052094023325643946,77.73145622206381,77.6158955813788,388.06010059022,0.0
1650,4.0,4.052251178678711,0.052251178678710986,77.7270080931971,77.61589171737023,388.09145308315686,0.0
1651,4.0,4.052408535691318,0.05240853569131776,77.7226610716586,77.61590773411233,388.1228458071719,0.0
1652,4.0,4.052563322106479,0.052563322106479404,77.71838698280543,77.61590605110351,388.1537256969967,0.0
1653,4.0,4.052717364782551,0.05271736478255118,77.71421473786704,77.61590872682373,388.184457210873,0.0
1654,4.0,4.052868174816761,0.052868174816761204,77.71014037168597,77.6159075105066,388.2145438126979,0.0
1655,4.0,4.053017690801722,0.05301769080172214,77.70614448473847,77.6159067708858,388.2443722516976,0.0
1656,4.0,4.05316567483319,0.053165674833190124,77.70225195447692,77.6159027013946,388.2738950659754,0.0
1657,4.0,4.053315309127318,0.05331530912731797,77.6984307487712,77.61590243175564,388.303747107654,0.0
1658,4.0,4.053457985963515,0.05345798596351514,77.69469622732217,77.61590880022939,388.3322111364753,0.0
1659,4.0,4.053601064045578,0.053601064045578184,77.69104953476563,77.61589740445386,388.36075521384686,0.0
1660,4.0,4.053741645519724,0.05374164551972438,77.68748566959842,77.61590296317264,388.38880121793903,0.0
1661,4.0,4.0538762841100215,0.053876284110021544,77.68399803557321,77.61591713498356,388.4156616167033,0.0
1662,4.0,4.054009485005138,0.054009485005138025,77.68059195784078,77.61591923570661,388.44223519527907,0.0
1663,4.0,4.054142558292051,0.05414255829205139,77.6772770441224,77.61592280880926,388.4687833160183,0.0
1664,4.0,4.05427155318226,0.05427155318225996,77.67404175440582,77.615923430109,388.4945177966149,0.0
1665,4.0,4.0543987758731035,0.05439877587310349,77.67086898837331,77.6159176095504,388.51989872343813,0.0
1666,4.0,4.054523621583782,0.05452362158378232,77.66779657076228,77.61591962770909,388.5448054427186,0.0
1667,4.0,4.0546478146928315,0.05464781469283153,77.66480034801734,77.6159020559047,388.56958196797393,0.0
1668,4.0,4.054768401746547,0.05476840174654729,77.6618666026171,77.61590617995445,388.5936390851902,0.0
1669,4.0,4.054885864882578,0.05488586488257763,77.65900725450828,77.61591117677825,388.61707298082825,0.0
1670,4.0,4.055007394521012,0.05500739452101211,77.6562242885625,77.6159040035166,388.64131814369597,0.0
1671,4.0,4.0551229234595425,0.055122923459542505,77.65354539331285,77.61590495847193,388.6643661669328,0.0
1672,4.0,4.05523530291918,0.05523530291918011,77.65094558342493,77.61591974261339,388.68678586913046,0.0
1673,4.0,4.05534790039165,0.055347900391650384,77.6484018513768,77.61591846195294,388.70924906488824,0.0
1674,4.0,4.0554588059952295,0.055458805995229454,77.64592451589733,77.61592076316583,388.7313747328023,0.0
1675,4.0,4.055566223285963,0.055566223285962835,77.64351748553173,77.61593023724473,388.75280448230365,0.0
1676,4.0,4.055672435184408,0.05567243518440801,77.64118106388908,77.61592942000425,388.7739937560434,0.0
1677,4.0,4.055778625684658,0.05577862568465797,77.63890612243273,77.61592931279151,388.79517876084327,0.0
1678,4.0,4.055880012336921,0.05588001233692097,77.63669616673698,77.6159151695469,388.81540539796976,0.0
1679,4.0,4.055978476515027,0.055978476515027076,77.63454903157182,77.61590986438848,388.83504900150194,0.0
1680,4.0,4.056077201758027,0.05607720175802733,77.63245117611451,77.61590268838737,388.8547446874805,0.0
1681,4.0,4.056171518764147,0.056171518764147166,77.63040732010391,77.61590449304525,388.8735609302014,0.0
1682,4.0,4.05626567472688,0.05626567472688038,77.62843604605837,77.61590399856448,388.89234504476667,0.0
1683,4.0,4.056356089175572,0.05635608917557189,77.62651107339566,77.61589537400174,388.9103827272806,0.0
1684,4.0,4.0564483749848295,0.056448374984829464,77.62465532501247,77.61588865337234,388.9287937462275,0.0
1685,4.0,4.056538742330906,0.05653874233090583,77.62285160549196,77.6158919744681,388.9468220317697,0.0
1686,4.0,4.056625975580111,0.05662597558011129,77.62110285739698,77.61590898381925,388.96422506498624,0.0
1687,4.0,4.056714141841995,0.056714141841995414,77.61940234464659,77.61589944835009,388.9818142342321,0.0
1688,4.0,4.056800555172692,0.05680055517269178,77.61775575513052,77.6159026960339,388.99905369370606,0.0
1689,4.0,4.056880576074868,0.056880576074868294,77.61616044858599,77.61590768682142,389.0150178636902,0.0
1690,4.0,4.056962882174638,0.05696288217463774,77.61461626703043,77.6159100404638,389.0314379305943,0.0
1691,4.0,4.0570406244251505,0.057040624425150455,77.61313237702576,77.61591100405518,389.04694750957157,0.0
1692,4.0,4.057116171998273,0.057116171998273124,77.61169391243027,77.61590391651167,389.06201925040955,0.0
1693,4.0,4.057191784701632,0.05719178470163211,77.61029148867047,77.61590817845666,389.0771039847296,0.0
1694,4.0,4.057263550142239,0.05726355014223916,77.60894917001022,77.6158992804628,389.09142119013075,0.0
1695,4.0,4.0573338835285675,0.0573338835285675,77.60764782964138,77.61589874246856,389.1054527007032,0.0
1696,4.0,4.057407559513244,0.057407559513244166,77.606384139795,77.61590649569484,389.1201510596462,0.0
1697,4.0,4.057479351347727,0.05747935134772675,77.60516668669419,77.61590717800084,389.1344735306255,0.0
1698,4.0,4.057546772889143,0.05754677288914323,77.60400240133939,77.61591228848826,389.1479241281381,0.0
1699,4.0,4.057616229247284,0.05761622924728371,77.60286354341048,77.61590934680454,389.1617806715871,0.0
1700,4.0,4.057683469957951,0.057683469957950706,77.60178402003037,77.61591619623023,389.1751951933652,0.0
1701,4.0,4.057747554430545,0.05774755443054502,77.60073781764687,77.6159107152396,389.18798004564775,0.0
1702,4.0,4.057809363439861,0.057809363439861094,77.59973854754443,77.61590539751958,389.2003109430063,0.0
1703,4.0,4.0578722854998945,0.05787228549989454,77.59879247680452,77.61591081731301,389.21286389398296,0.0
1704,4.0,4.05793125670498,0.057931256704979894,77.5978644540343,77.61590530770269,389.2246286493975,0.0
1705,4.0,4.057989173216813,0.057989173216813406,77.59698708359481,77.61590707909136,389.2361829935083,0.0
1706,4.0,4.058046994961941,0.05804699496194132,77.59615215970125,77.61590326861375,389.2477184316613,0.0
1707,4.0,4.058106539353867,0.05810653935386689,77.59533846585434,77.61590247503506,389.2595975378505,0.0
1708,4.0,4.058160604644285,0.05816060464428485,77.59456526323056,77.61590432445215,389.2703835632889,0.0
1709,4.0,4.058210497740148,0.05821049774014764,77.59383124661792,77.61589455246094,389.28033723591346,0.0
1710,4.0,4.058262545476074,0.058262545476074123,77.593116962694,77.61590864695052,389.2907207592308,0.0
1711,4.0,4.058312555380122,0.058312555380122255,77.59243827526821,77.61589902648527,389.3006977350884,0.0
1712,4.0,4.058359634400593,0.058359634400592775,77.59178856925989,77.61589751604407,389.3100899996723,0.0
1713,4.0,4.05840705084411,0.05840705084411013,77.59117641689436,77.61589727509896,389.319549580154,0.0
1714,4.0,4.058450709557945,0.0584507095579454,77.59059889853496,77.61590342942384,389.32825949356413,0.0
1715,4.0,4.0584967536629835,0.05849675366298346,77.5900434637404,77.61589437947822,389.3374452925192,0.0
1716,4.0,4.058539470464638,0.05853947046463759,77.58951781449167,77.61589844562619,389.3459672944492,0.0
1717,4.0,4.0585800739295275,0.058580073929527465,77.5890224265277,77.61589993645946,389.35406768569476,0.0
1718,4.0,4.058622882632225,0.058622882632224815,77.58854918015493,77.61589450877374,389.3626080218829,0.0
1719,4.0,4.058664925217208,0.05866492521720801,77.58809735657495,77.61590078739522,389.370995517587,0.0
1720,4.0,4.0587013557423655,0.05870135574236546,77.58768515313032,77.61590564146131,389.3782634073559,0.0
1721,4.0,4.058739490359045,0.05873949035904502,77.5873012852324,77.61591876074269,389.38587126338354,0.0
1722,4.0,4.0587797171329,0.05877971713290009,77.58693156735437,77.61592444428587,389.3938965047676,0.0
1723,4.0,4.058817064048541,0.058817064048541035,77.58658983909982,77.61591348847695,389.4013472144379,0.0
1724,4.0,4.05885226843863,0.05885226843863034,77.58628230529592,77.6159118485281,389.4083704902608,0.0
1725,4.0,4.058889241744667,0.0588892417446667,77.58597479802309,77.61591366750271,389.41574666481506,0.0
1726,4.0,4.058925181948257,0.0589251819482568,77.58570057747428,77.61590584704302,389.4229167354313,0.0
1727,4.0,4.058958670002032,0.05895867000203214,77.58544616681401,77.61590371171101,389.42959760215945,0.0
1728,4.0,4.058989260412653,0.05898926041265273,77.58522684710104,77.61589496193784,389.43570038907825,0.0
1729,4.0,4.059022523843595,0.059022523843594854,77.58502410411782,77.61589596160262,389.4423364435512,0.0
1730,4.0,4.059055912813076,0.05905591281307565,77.58483926457457,77.61589153172916,389.4489975429626,0.0
1731,4.0,4.059085507251558,0.0590855072515577,77.5846795905463,77.6158965979187,389.4549016334398,0.0
1732,4.0,4.059114077335982,0.059114077335982174,77.58453273154304,77.61589821519459,389.46060136528246,0.0
1733,4.0,4.059142650154552,0.059142650154552,77.58439935516651,77.61591783126443,389.46630164258715,0.0
1734,4.0,4.059165210500819,0.05916521050081869,77.58429293635453,77.6159221667793,389.4708024316673,0.0
1735,4.0,4.0591878246829065,0.05918782468290651,77.58420578875086,77.6159176702129,389.4753139609939,0.0
1736,4.0,4.059213744848487,0.05921374484848663,77.58414341633681,77.61590916094332,389.4804850340271,0.0
1737,4.0,4.0592365231425465,0.05923652314254646,77.5840869652051,77.61591146181564,389.48502930369204,0.0
1738,4.0,4.059258604343363,0.05925860434336272,77.5840506043666,77.61591108708005,389.48943450325487,0.0
1739,4.0,4.059277192726308,0.059277192726307604,77.58402570891579,77.61591126824294,389.4931428856524,0.0
1740,4.0,4.059300231008416,0.059300231008416304,77.58402085102377,77.61590691309785,389.4977390229331,0.0
1741,4.0,4.059321049842947,0.05932104984294728,77.58403060802031,77.615914995932,389.501892380422,0.0
1742,4.0,4.059341366311852,0.05934136631185183,77.58405884684217,77.61591836260037,389.5059455159685,0.0
1743,4.0,4.05936105443001,0.05936105443000983,77.58408175667438,77.615912590276,389.509873295541,0.0
1744,4.0,4.0593782731314105,0.05937827313141053,77.5841328331269,77.61589725573958,389.5133084264704,0.0
1745,4.0,4.059392678878863,0.059392678878863236,77.58419242348945,77.6158955501191,389.51618237308725,0.0
1746,4.0,4.059408725672206,0.05940872567220623,77.58425151914214,77.61589362446965,389.51938370835916,0.0
1747,4.0,4.059425070766411,0.05942507076641057,77.58432817107257,77.61588929429396,389.52264455465297,0.0
1748,4.0,4.059438438680027,0.05943843868002663,77.58441858985144,77.61589366606896,389.52531145341936,0.0
1749,4.0,4.059451666138718,0.05945166613871766,77.58453199010111,77.61589524688475,389.5279503314282,0.0
1750,4.0,4.059464821498305,0.05946482149830512,77.58466452798717,77.61589853389681,389.5305748256659,0.0
1751,4.0,4.059474370694491,0.05947437069449091,77.58479462747748,77.6159003800766,389.53247989030496,0.0
1752,4.0,4.059485796936194,0.059485796936193935,77.58493219589194,77.6159037257994,389.5347594255247,0.0
1753,4.0,4.059501493674628,0.059501493674628314,77.58508255013577,77.61590531818602,389.5378909248424,0.0
1754,4.0,4.059514691156608,0.05951469115660757,77.58523098261199,77.61590946532753,389.5405238224972,0.0
1755,4.0,4.059525804754727,0.059525804754726686,77.58539302380778,77.61590112119887,389.542740985322,0.0
1756,4.0,4.059539530414285,0.05953953041428495,77.5855569428886,77.61590143943818,389.54547925440386,0.0
1757,4.0,4.059552408606306,0.05955240860630617,77.58572986898353,77.61590566872657,389.5480484537121,0.0
1758,4.0,4.059562784989804,0.059562784989804385,77.58590789972381,77.61591294425128,389.55011854222,0.0
1759,4.0,4.059573555481506,0.05957355548150556,77.58608770023011,77.61591931443826,389.5522672553144,0.0
1760,4.0,4.059584362086818,0.05958436208681839,77.58629640940292,77.61591376269696,389.55442317307427,0.0
1761,4.0,4.05959558140039,0.059595581400389896,77.58649638412689,77.61591019314133,389.5566614261318,0.0
1762,4.0,4.05960292456374,0.05960292456374017,77.58671715888224,77.61590792138072,389.5581263872202,0.0
1763,4.0,4.059609934943361,0.059609934943360976,77.58692484178735,77.61591414509101,389.5595249579545,0.0
1764,4.0,4.059617824357355,0.059617824357355076,77.58714363210271,77.61591615474795,389.56109889604636,0.0
1765,4.0,4.0596220811808585,0.059622081180858544,77.58738025973919,77.61591407394602,389.5619481323353,0.0
1766,4.0,4.059625626996065,0.05962562699606533,77.58762624717644,77.61591333693612,389.5626555224691,0.0
1767,4.0,4.059632780263059,0.05963278026305918,77.58786333304565,77.61590955086902,389.5640825992343,0.0
1768,4.0,4.059639290298251,0.05963929029825099,77.58810594598752,77.61590967111587,389.5653813512551,0.0
1769,4.0,4.0596415068573855,0.05964150685738545,77.58836634258468,77.61591253721399,389.5658235548024,0.0
1770,4.0,4.05964569825296,0.05964569825296007,77.58862620613282,77.61590485033217,389.5666597382195,0.0
1771,4.0,4.059649717282756,0.05964971728275614,77.58888767204466,77.61590083622993,389.56746153466383,0.0
1772,4.0,4.059652759062363,0.059652759062363,77.58914751822388,77.61590408593113,389.5680683696954,0.0
1773,4.0,4.0596583727998885,0.059658372799888504,77.58940894960568,77.61591031485682,389.5691883103318,0.0
1774,4.0,4.059658394739466,0.05965839473946577,77.5896690039503,77.61590900348943,389.56919268727745,0.0
1775,4.0,4.05965905587649,0.05965905587649001,77.58994897803433,77.61590861445588,389.56932458411376,0.0
1776,4.0,4.059658271524038,0.05965827152403769,77.59022105981185,77.61590340964806,389.5691681057995,0.0
1777,4.0,4.0596611024799625,0.05966110247996248,77.59049508214058,77.61590632256078,389.5697328815066,0.0
1778,4.0,4.059662194481063,0.05966219448106269,77.59077189512006,77.61590221491564,389.569950735726,0.0
1779,4.0,4.059661564266418,0.05966156426641778,77.59106471026361,77.61590175835536,389.56982500790434,0.0
1780,4.0,4.059665160652501,0.05966516065250094,77.59135793000326,77.6159102235635,389.57054248692793,0.0
1781,4.0,4.059665508606608,0.05966550860660824,77.59162528392407,77.6159045510049,389.5706119037724,0.0
1782,4.0,4.0596651762508875,0.05966517625088752,77.59190564047906,77.61591242287338,389.5705455988061,0.0
1783,4.0,4.059667684143811,0.05966768414381107,77.59218583585036,77.61592660820064,389.57104592344433,0.0
1784,4.0,4.059668648961805,0.05966864896180457,77.59246846154375,77.61591262238207,389.571238404634,0.0
1785,4.0,4.059668050391945,0.059668050391945116,77.59275390612227,77.61590488558404,389.5711189899471,0.0
1786,4.0,4.059668261412773,0.059668261412772594,77.59304417355808,77.61589676660039,389.57116108860214,0.0
1787,4.0,4.059667393964926,0.05966739396492571,77.59333137460645,77.61589699027662,389.5709880327567,0.0
1788,4.0,4.0596645492957055,0.05966454929570553,77.593619156552,77.61589529864706,389.5704205212473,0.0
1789,4.0,4.05966135975931,0.05966135975930964,77.5939202960277,77.6158959975697,389.5697842087363,0.0
1790,4.0,4.059661730946102,0.059661730946102054,77.5942108853264,77.61589542619097,389.5698582605014,0.0
1791,4.0,4.059658214388245,0.0596582143882447,77.5945115104698,77.61588583191678,389.56915670720883,0.0
1792,4.0,4.059653576998111,0.05965357699811058,77.59480987988206,77.61589354389788,389.5682315478771,0.0
1793,4.0,4.059652428987329,0.05965242898732903,77.59508553105162,77.61589533958775,389.5680025197262,0.0
1794,4.0,4.059651630033717,0.05965163003371732,77.59538833837333,77.6159059807828,389.56784312848066,0.0
1795,4.0,4.059648586558184,0.05964858655818439,77.59568330562266,77.61590873150585,389.5672359551118,0.0
1796,4.0,4.059646008640901,0.059646008640901194,77.59596599185969,77.61590700702953,389.5667216606138,0.0
1797,4.0,4.059644563665266,0.05964456366526605,77.59625408564325,77.61591552168642,389.5664333879746,0.0
1798,4.0,4.059641978278981,0.05964197827898143,77.59655382922881,77.61592046456603,389.5659176034108,0.0
1799,4.0,4.059639365668561,0.059639365668560984,77.596827031239,77.61592025730697,389.56539638763195,0.0
1800,4.0,4.059637199575665,0.05963719957566482,77.5971153782808,77.61592261041324,389.5649642520992,0.0
1801,4.0,4.059635671467396,0.05963567146739557,77.5974084449208,77.61591939518418,389.5646593944995,0.0
1802,4.0,4.059632618579602,0.05963261857960234,77.5976799151804,77.61591791718047,389.5640503433847,0.0
1803,4.0,4.059627867638793,0.059627867638792686,77.5979736949633,77.6159136711069,389.5631025306932,0.0
1804,4.0,4.059626342137796,0.05962634213779605,77.5982464159539,77.61591936099924,389.56279819324436,0.0
1805,4.0,4.059625192222493,0.05962519222249263,77.59852548915137,77.61592200882099,389.5625687851413,0.0
1806,4.0,4.059620115421179,0.059620115421179065,77.59880520237878,77.61591338209134,389.56155596327926,0.0
1807,4.0,4.059613950891989,0.05961395089198884,77.59907864561266,77.61590191854998,389.5603261397058,0.0
1808,4.0,4.059611399373969,0.059611399373968865,77.5993608317964,77.61590691943118,389.5598171118608,0.0
1809,4.0,4.0596062728918705,0.05960627289187048,77.5996347310338,77.61590970341929,389.5587943786822,0.0
1810,4.0,4.059601373979231,0.059601373979231376,77.59990428093752,77.61590932482063,389.55781704561065,0.0
1811,4.0,4.059597877847325,0.05959787784732473,77.60017746243338,77.61590946869518,389.55711956729533,0.0
1812,4.0,4.059594023717031,0.05959402371703071,77.60044733916918,77.61590641170785,389.55635066830166,0.0
1813,4.0,4.059587282862875,0.05958728286287496,77.6007318033486,77.6159159085647,389.5550058678976,0.0
1814,4.0,4.05958459163327,0.05958459163326957,77.6009997489012,77.6159182996536,389.5544689675913,0.0
1815,4.0,4.059580086491104,0.05958008649110358,77.60126177473677,77.61590861489215,389.5535701917292,0.0
1816,4.0,4.059572971414012,0.05957297141401163,77.6015128006236,77.61591322116102,389.5521507338493,0.0
1817,4.0,4.059565278285022,0.05956527828502178,77.60176134589466,77.61591246797927,389.55061595461586,0.0
1818,4.0,4.059558963128518,0.05955896312851827,77.60203091096926,77.61591572827392,389.5493560808934,0.0
1819,4.0,4.059556989490619,0.05955698949061894,77.60227837608467,77.61591625918912,389.5489623401325,0.0
1820,4.0,4.059553077702746,0.05955307770274576,77.60252229681691,77.61591146830412,389.5481819384518,0.0
1821,4.0,4.05954658360867,0.059546583608669934,77.60277498727018,77.61591823567667,389.5468863666837,0.0
1822,4.0,4.059543103436636,0.059543103436635825,77.60302418973706,77.61590168556523,389.5461920723628,0.0
1823,4.0,4.0595385561669515,0.05953855616695147,77.60325996282134,77.61589528853673,389.5452848920608,0.0
1824,4.0,4.0595336480781965,0.0595336480781965,77.60348233670754,77.61589811336229,389.54430572835423,0.0
1825,4.0,4.059531304073904,0.05953130407390361,77.60371658686925,77.61589990668952,389.5438380994978,0.0
1826,4.0,4.059527927245478,0.05952792724547784,77.60395028397912,77.61590302451407,389.5431644222269,0.0
1827,4.0,4.059521327453719,0.05952132745371941,77.60419146730538,77.61590677417257,389.54184776377105,0.0
1828,4.0,4.059517855668606,0.05951785566860579,77.60441344907167,77.61590656765812,389.5411551426409,0.0
1829,4.0,4.059514484344384,0.05951448434438422,77.60465380810246,77.61590445720422,389.5404825634587,0.0
1830,4.0,4.059510054873037,0.05951005487303718,77.60488056694884,77.61591771935232,389.53959888392495,0.0
1831,4.0,4.059503415870775,0.05950341587077457,77.60511573662475,77.61591074463584,389.53827440297357,0.0
1832,4.0,4.0595010835262615,0.05950108352626149,77.60535253170366,77.61591519596364,389.5378091002432,0.0
1833,4.0,4.059496770595326,0.05949677059532643,77.6055819105671,77.61592028692613,389.5369486705216,0.0
1834,4.0,4.059490048449861,0.05949004844986128,77.60580408279802,77.61591907332584,389.53560760250133,0.0
1835,4.0,4.059486933949758,0.059486933949758125,77.60602410030882,77.61591349044629,389.5349862597308,0.0
1836,4.0,4.059482082429396,0.05948208242939579,77.60623398157026,77.61592888720851,389.5340183814185,0.0
1837,4.0,4.059476272080539,0.05947627208053863,77.60644443323237,77.61592463674296,389.53285921682146,0.0
1838,4.0,4.059469388579653,0.05946938857965289,77.60666017821904,77.61591131549469,389.53148595839474,0.0
1839,4.0,4.0594619745063705,0.059461974506370474,77.60688437570052,77.61592021261976,389.53000685077495,0.0
1840,4.0,4.059458326548926,0.05945832654892591,77.6070839360787,77.61592497880888,389.5292790832647,0.0
1841,4.0,4.059452453125789,0.05945245312578873,77.60728587005158,77.61591769451044,389.52810733534886,0.0
1842,4.0,4.059446144161447,0.05944614416144667,77.60748682806074,77.6159214223081,389.52684869696265,0.0
1843,4.0,4.05944226772948,0.059442267729480136,77.60769033482393,77.61591191741611,389.5260753487853,0.0
1844,4.0,4.059438558192863,0.0594385581928627,77.60787542797809,77.61590079487586,389.52533529623014,0.0
1845,4.0,4.059430529975898,0.059430529975897706,77.60807003496679,77.61589766910018,389.5237336669456,0.0
1846,4.0,4.059426456841161,0.05942645684116066,77.60826990339821,77.61590710874427,389.5229210765656,0.0
1847,4.0,4.059421849501476,0.059421849501475776,77.60844731839654,77.61591134480031,389.52200191229844,0.0
1848,4.0,4.0594194457415576,0.05941944574155755,77.6086178094826,77.61589061631778,389.52152236219473,0.0
1849,4.0,4.059418075653152,0.05941807565315216,77.60879898560201,77.61588814711689,389.5212490295579,0.0
1850,4.0,4.059418476251291,0.05941847625129082,77.6089782362385,77.61589352893678,389.52132894888655,0.0
1851,4.0,4.059415723202063,0.05941572320206312,77.60915265693141,77.61589832253979,389.5207797155656,0.0
1852,4.0,4.059414012850379,0.05941401285037884,77.6093291325568,77.61589119802598,389.5204385004046,0.0
1853,4.0,4.05941011552127,0.059410115521269624,77.60950005813889,77.6158992056161,389.5196609832473,0.0
1854,4.0,4.059405369333297,0.05940536933329721,77.60967368099999,77.61589778924528,389.5187141187468,0.0
1855,4.0,4.059404331963213,0.05940433196321315,77.60983729087499,77.61589493071808,389.51850716341505,0.0
1856,4.0,4.059400956263457,0.05940095626345698,77.6100126222414,77.6159006947583,389.5178337113137,0.0
1857,4.0,4.0593954510838035,0.05939545108380351,77.61018722501888,77.61590106596918,389.51673542797283,0.0
1858,4.0,4.059393709639373,0.05939370963937307,77.61034991868422,77.61590496838004,389.51638800980896,0.0
1859,4.0,4.059390081694841,0.059390081694840724,77.61051231280271,77.61589713049966,389.51566423487475,0.0
1860,4.0,4.059384972977894,0.05938497297789436,77.61067679957091,77.61590549827754,389.51464504584396,0.0
1861,4.0,4.0593799317352985,0.05937993173529854,77.61083745946324,77.61590093784706,389.51363931794606,0.0
1862,4.0,4.0593748122569595,0.05937481225695951,77.61098100897895,77.61589761471977,389.51261798201745,0.0
1863,4.0,4.059370694004415,0.05937069400441519,77.61113586354777,77.61589354185162,389.51179639063486,0.0
1864,4.0,4.059363360654313,0.05936336065431291,77.61130651735749,77.61591256753435,389.51033338728945,0.0
1865,4.0,4.059359386534114,0.05935938653411377,77.61145015944692,77.61591737221427,389.5095405503097,0.0
1866,4.0,4.05935625792234,0.05935625792233967,77.61160470059612,77.61590883712427,389.50891639226074,0.0
1867,4.0,4.0593493242994185,0.05934932429941853,77.61175079820796,77.61592287496202,389.507533134488,0.0
1868,4.0,4.059345417195063,0.05934541719506292,77.61188808537874,77.61592978130165,389.5067536671691,0.0
1869,4.0,4.059341858872332,0.05934185887233223,77.61203223648607,77.61592690318957,389.5060437817843,0.0
1870,4.0,4.059337938029569,0.05933793802956888,77.61217824445518,77.61591927482233,389.505261573653,0.0
1871,4.0,4.059335242039391,0.05933524203939111,77.61232282396502,77.61590346620963,389.5047237236125,0.0
1872,4.0,4.0593339500908865,0.05933395009088649,77.61245747430696,77.61589943856502,389.5044659798859,0.0
1873,4.0,4.059334834923155,0.05933483492315528,77.61258433614412,77.61589247674834,389.5046425039235,0.0
1874,4.0,4.059332111754699,0.05933211175469921,77.612717595008,77.6158843074597,389.50409923181655,0.0
1875,4.0,4.059328910931822,0.05932891093182224,77.61283968832826,77.61588934644716,389.5034606676526,0.0
1876,4.0,4.059325779277982,0.059325779277981994,77.61297737461202,77.61589498684849,389.5028359027114,0.0
1877,4.0,4.059324025282403,0.05932402528240299,77.61309886983638,77.61589133146659,389.5024859805934,0.0
1878,4.0,4.059319502170851,0.059319502170851024,77.61323271331581,77.61590562139601,389.5015836198388,0.0
1879,4.0,4.059313969338014,0.059313969338013806,77.61336218135341,77.61591227548838,389.50047981968777,0.0
1880,4.0,4.059310312410594,0.05931031241059426,77.61347608106264,77.61592473615266,389.4997502626676,0.0
1881,4.0,4.059304074993182,0.059304074993182354,77.61359533984154,77.61592348120986,389.4985058978939,0.0
1882,4.0,4.059298770681461,0.059298770681460944,77.61371705647103,77.61590909156446,389.49744768770546,0.0
1883,4.0,4.059294705412134,0.05929470541213444,77.61382523212383,77.61591531336933,389.49663666647484,0.0
1884,4.0,4.059287933208783,0.05928793320878256,77.61394795088516,77.6159064768352,389.4952856119061,0.0
1885,4.0,4.059281504048283,0.059281504048282585,77.61405396175856,77.61591331209685,389.4940029943864,0.0
1886,4.0,4.0592783065896185,0.059278306589618524,77.61415569478103,77.61591526762916,389.4933651013829,0.0
1887,4.0,4.059277949544818,0.05927794954481769,77.61424371574904,77.61591976683376,389.49329387094514,0.0
1888,4.0,4.059275119566579,0.05927511956657927,77.61434857197595,77.6159189831295,389.4927292902866,0.0
1889,4.0,4.059272448755125,0.05927244875512461,77.6144402357452,77.61591785005577,389.49219646340134,0.0
1890,4.0,4.059273234715568,0.059273234715568,77.6145300839308,77.61591312638868,389.4923532625098,0.0
1891,4.0,4.059273620074674,0.059273620074674405,77.6146174424219,77.61590212420157,389.49243014165154,0.0
1892,4.0,4.059270373230666,0.05927037323066564,77.61471673725332,77.61588907914656,389.4917823962718,0.0
1893,4.0,4.059269232059776,0.0592692320597763,77.61480621884166,77.61589514119129,389.4915547326794,0.0
1894,4.0,4.0592694047969236,0.05926940479692355,77.61489425971267,77.61590401518507,389.49158919374025,0.0
1895,4.0,4.059267053239067,0.05926705323906667,77.61498996900245,77.61591055564833,389.49112005794785,0.0
1896,4.0,4.059264508638839,0.05926450863883925,77.61507583705371,77.6159055653679,389.49061241020246,0.0
1897,4.0,4.059263520368968,0.05926352036896798,77.61516577843162,77.61590967609638,389.4904152503631,0.0
1898,4.0,4.059263769850233,0.05926376985023296,77.61524896891972,77.61591449682061,389.4904650218755,0.0
1899,4.0,4.059260893999405,0.05926089399940526,77.6153411708992,77.6159158794237,389.48989128963535,0.0
1900,4.0,4.059258409762235,0.05925840976223462,77.61544618377229,77.61591594925639,389.48939568431985,0.0
1901,4.0,4.0592569870210715,0.05925698702107152,77.61552751719209,77.61590802033419,389.48911184745776,0.0
1902,4.0,4.059251172720306,0.05925117272030622,77.61561839172644,77.61590653702045,389.4879518944551,0.0
1903,4.0,4.05924720508256,0.05924720508255987,77.61569763882599,77.61591294221341,389.4871603507247,0.0
1904,4.0,4.059244339221331,0.059244339221330655,77.61578626737115,77.61591415223876,389.48658861140945,0.0
1905,4.0,4.059239457796682,0.05923945779668216,77.61587283772394,77.61590379055545,389.48561476719215,0.0
1906,4.0,4.059235744714907,0.05923574471490678,77.61595060110677,77.61591089998787,389.4848740073779,0.0
1907,4.0,4.059233101875963,0.059233101875962646,77.61603496570223,77.6159062170112,389.48434676100857,0.0
1908,4.0,4.059228862899049,0.05922886289904916,77.61611601867841,77.61590997299263,389.4835010851143,0.0
1909,4.0,4.059225668813416,0.059225668813415844,77.6161838587947,77.61589834823937,389.4828638650305,0.0
1910,4.0,4.059223246513355,0.059223246513354866,77.61625724056015,77.61590505372547,389.4823806161683,0.0
1911,4.0,4.059221878136115,0.0592218781361149,77.6163307691996,77.61591885977218,389.48210762490896,0.0
1912,4.0,4.059219580385503,0.0592195803855029,77.6163814707662,77.6159179875467,389.48164922366186,0.0
1913,4.0,4.0592176519952226,0.05921765199522255,77.61645217497617,77.6159155464129,389.4812645098009,0.0
1914,4.0,4.059216565316065,0.05921656531606523,77.61651355113058,77.61591810553907,389.4810477173091,0.0
1915,4.0,4.059211879800928,0.05921187980092757,77.6165828443571,77.61590406837388,389.48011295703907,0.0
1916,4.0,4.059209659036995,0.05920965903699482,77.61664560671483,77.61590646503355,389.4796699146345,0.0
1917,4.0,4.059208488027385,0.059208488027384654,77.61670859553655,77.6159006660214,389.47943629821725,0.0
1918,4.0,4.059207208227352,0.05920720822735159,77.61676689829264,77.6159086322014,389.47918097811066,0.0
1919,4.0,4.059202559107643,0.05920255910764283,77.61682872973755,77.61590678435452,389.47825347872873,0.0
1920,4.0,4.059198020205502,0.05919802020550158,77.6168884538278,77.61589487002817,389.4773479677516,0.0
1921,4.0,4.059194604601202,0.05919460460120174,77.61695376446298,77.61589009408866,389.47666655469374,0.0
1922,4.0,4.059189409396886,0.059189409396886106,77.61699897284134,77.61588876982054,389.4756301114328,0.0
1923,4.0,4.059186667891131,0.05918666789113125,77.61704462770874,77.61589402964393,389.4750831810347,0.0
1924,4.0,4.059180207820922,0.059180207820921815,77.61710048956829,77.61589067139525,389.4737943970279,0.0
1925,4.0,4.059176204272479,0.05917620427247883,77.61714997757531,77.61589966634017,389.47299568911353,0.0
1926,4.0,4.059174810208819,0.05917481020881876,77.61719730314151,77.6159156684113,389.4727175734133,0.0
1927,4.0,4.059172263091928,0.059172263091928023,77.61723199919135,77.6158989710079,389.47220942359365,0.0
1928,4.0,4.059170867675258,0.05917086767525781,77.61727358872288,77.61589691697475,389.4719310379679,0.0
1929,4.0,4.059171635964621,0.059171635964620606,77.61730879982306,77.6158961454701,389.4720843116958,0.0
1930,4.0,4.05916964159965,0.05916964159964966,77.6173422831466,77.61589743928083,389.4716864358841,0.0
1931,4.0,4.059172460269614,0.05917246026961376,77.61738100058115,77.61589363849586,389.47224876054196,0.0
1932,4.0,4.059171297347112,0.05917129734711235,77.61740873505443,77.61588206329053,389.47201675750296,0.0
1933,4.0,4.059167447793722,0.05916744779372163,77.6174489353845,77.61589219405012,389.4712487716015,0.0
1934,4.0,4.059166218698232,0.05916621869823224,77.61750077173896,77.61588916902828,389.47100356705135,0.0
1935,4.0,4.059169252434021,0.05916925243402105,77.61753579960563,77.61589861975659,389.4716087973412,0.0
1936,4.0,4.059166025991416,0.059166025991416404,77.61757634927393,77.61589743935829,389.4709651220416,0.0
1937,4.0,4.059163795806974,0.05916379580697395,77.61760546114931,77.61589941258451,389.47052020024535,0.0
1938,4.0,4.059163506766679,0.05916350676667914,77.61764566572457,77.61589520333744,389.4704625367065,0.0
1939,4.0,4.0591632648017555,0.05916326480175549,77.61766234508326,77.61590739691925,389.47041426470423,0.0
1940,4.0,4.059159279237388,0.05915927923738806,77.6176971114056,77.61590314787308,389.469619144613,0.0
1941,4.0,4.059154141764465,0.05915414176446543,77.61772916457673,77.61591222818528,389.4685942187649,0.0
1942,4.0,4.05915285990856,0.05915285990855956,77.61775050403948,77.61590861075781,389.4683384885117,0.0
1943,4.0,4.059149939426677,0.05914993942667657,77.61777230511285,77.61590328302381,389.467755852376,0.0
1944,4.0,4.0591456935490715,0.05914569354907151,77.61780063098452,77.61590943981979,389.46690879979377,0.0
1945,4.0,4.059143563602364,0.059143563602363614,77.61781556229651,77.61590801567976,389.4664838754256,0.0
1946,4.0,4.0591410347765,0.059141034776500234,77.61784700180247,77.61591234405651,389.46597937466584,0.0
1947,4.0,4.059138457201112,0.05913845720111244,77.6178599200777,77.61591612098492,389.4654651483759,0.0
1948,4.0,4.059135159214506,0.05913515921450596,77.61787223526511,77.61591841754277,389.46480720004797,0.0
1949,4.0,4.059135326651492,0.059135326651492015,77.61789525345583,77.61591938427387,389.4648406037267,0.0
1950,4.0,4.059134465468623,0.059134465468623,77.61791594982353,77.61592377687765,389.4646687977443,0.0
1951,4.0,4.059133306880535,0.05913330688053531,77.61793641250149,77.61591066538034,389.4644376594208,0.0
1952,4.0,4.0591367880086375,0.05913678800863753,77.61795696476696,77.61591660413025,389.4651321444772,0.0
1953,4.0,4.059135374361482,0.05913537436148175,77.61796708018554,77.61590646824617,389.46485012186963,0.0
1954,4.0,4.059132598164283,0.0591325981642834,77.61798379656445,77.61590438066055,389.46429627052856,0.0
1955,4.0,4.059133970468647,0.05913397046864688,77.6180133786183,77.6159070685913,389.46457004524905,0.0
1956,4.0,4.059134591170232,0.05913459117023212,77.61803026697488,77.61590562132344,389.46469387521535,0.0
1957,4.0,4.059134048983803,0.059134048983803034,77.61803894296024,77.61590754757997,389.46458570902274,0.0
1958,4.0,4.059130670516073,0.05913067051607257,77.61804941403909,77.61590147834089,389.46391170471054,0.0
1959,4.0,4.059130694124737,0.05913069412473693,77.61806249545631,77.61589634000855,389.463916414639,0.0
1960,4.0,4.059128102555131,0.0591281025551309,77.6180816021261,77.61590766978802,389.46339939650267,0.0
1961,4.0,4.059124540465485,0.05912454046548543,77.6180888180126,77.61591306856708,389.4626887596184,0.0
1962,4.0,4.0591235938574926,0.05912359385749255,77.61810015249944,77.6159166733386,389.4624999113238,0.0
1963,4.0,4.059122622763895,0.059122622763895016,77.61811703003467,77.61591774979071,389.4623061781511,0.0
1964,4.0,4.059118714286605,0.05911871428660476,77.61812241149576,77.6159257852895,389.46152643693165,0.0
1965,4.0,4.05911848483359,0.059118484833589946,77.61813356552655,77.6159213356123,389.4614806610552,0.0
1966,4.0,4.059118203683174,0.05911820368317411,77.61813725004981,77.6159222546275,389.46142457154724,0.0
1967,4.0,4.059121490677921,0.05912149067792072,77.61814713572558,77.61590096241768,389.4620803269992,0.0
1968,4.0,4.059119699696068,0.05911969969606812,77.61815431694069,77.61589688403141,389.4617230261196,0.0
1969,4.0,4.059118692170379,0.05911869217037857,77.6181617414831,77.61590183158862,389.46152202474457,0.0
1970,4.0,4.059120079140218,0.059120079140217996,77.61817581864058,77.6158998505335,389.4617987252275,0.0
1971,4.0,4.059116150128293,0.0591161501282933,77.6181866676638,77.6159032861904,389.46101488734854,0.0
1972,4.0,4.059112920184239,0.05911292018423886,77.61818753238913,77.61588353739057,389.46037051350964,0.0
1973,4.0,4.0591127469038835,0.05911274690388346,77.61819084584897,77.61589191879924,389.46033594407874,0.0
1974,4.0,4.059110672345419,0.05911067234541889,77.61819329994887,77.6158866329092,389.4599220696651,0.0
1975,4.0,4.059107301860502,0.05910730186050195,77.61820700180334,77.61589469608144,389.4592496579242,0.0
1976,4.0,4.059107592299747,0.05910759229974705,77.61821159772906,77.61590156392418,389.4593076005536,0.0
1977,4.0,4.059106932302787,0.05910693230278685,77.61821068524833,77.61587845406916,389.45917593116,0.0
1978,4.0,4.0591014709744835,0.05910147097448348,77.61820685321942,77.61651267787012,389.4580863961635,0.0
1979,4.0,4.059096216028983,0.059096216028983406,77.61820245796316,77.61728540068195,389.4570380345362,0.0
1980,4.0,4.059095762714515,0.05909576271451478,77.6182009765307,77.61752399349253,389.45694759829973,0.0
1981,4.0,4.059094082496849,0.05909408249684933,77.61819589004124,77.61722312466193,389.4566123948755,0.0
1982,4.0,4.059092710574806,0.05909271057480581,77.61820182453317,77.61637017687944,389.4563386964278,0.0
1983,4.0,4.0590952364239925,0.0590952364239925,77.61819074081683,77.61558276961927,389.45684260334053,0.0
1984,4.0,4.0590946704227635,0.05909467042276351,77.61818464769473,77.61502092370534,389.45672968609534,0.0
1985,4.0,4.0590941467445685,0.059094146744568476,77.618177745268,77.61486459643447,389.4566252122954,0.0
1986,4.0,4.059092046037961,0.0590920460379607,77.6181705496383,77.6149618411241,389.45620612132717,0.0
1987,4.0,4.059087844901542,0.0590878449015424,77.61816968606477,77.61522426742731,389.4553679946118,0.0
1988,4.0,4.0590908787691315,0.05909087876913155,77.61815227124714,77.61559153392666,389.45597325119576,0.0
1989,4.0,4.0590878217668775,0.059087821766877546,77.61814306244499,77.61593649476995,389.4553633792461,0.0
1990,4.0,4.0590884646245105,0.05908846462451045,77.61813753618075,77.61620419449423,389.45549162934384,0.0
1991,4.0,4.059086475781527,0.059086475781526815,77.61812820145626,77.61636814791909,389.4550948551686,0.0
1992,4.0,4.059084867188228,0.05908486718822825,77.61810821230743,77.61640831237771,389.4547739408055,0.0
1993,4.0,4.059081769941883,0.059081769941882634,77.61809638975396,77.61633144213727,389.4541560401596,0.0
1994,4.0,4.059078964201377,0.05907896420137693,77.61807899298074,77.61619999409504,389.45359629492873,0.0
1995,4.0,4.059075116986303,0.0590751169863033,77.61806121180433,77.61602253170577,389.45282877552154,0.0
1996,4.0,4.059070616596798,0.0590706165967978,77.61803900435208,77.61585838936827,389.4519309478152,0.0
1997,4.0,4.059069100055276,0.0590691000552761,77.61801387159849,77.61573327511063,389.45162839778163,0.0
1998,4.0,4.059063468892657,0.059063468892657234,77.61798622070097,77.61568627556149,389.4505049808391,0.0
1999,4.0,4.059059266978255,0.05905926697825503,77.61796507216263,77.61569088602735,389.4496666989159,0.0
2000,4.0,4.059058593848997,0.05905859384899692,77.61794411110075,77.61573544007655,389.44953240962894,0.0
2001,4.0,4.059053748631005,0.059053748631004765,77.61790819762544,77.61579812280792,389.4485657886395,0.0
2002,4.0,4.059048609778528,0.05904860977852788,77.61789143212889,77.61588377741535,389.44754058757036,0.0
2003,4.0,4.0590467200335985,0.059046720033598454,77.61785313594325,77.61594599637712,389.4471635834569,0.0
2004,4.0,4.059045607186809,0.059045607186808624,77.6178202834462,77.61599320167362,389.4469415705223,0.0
2005,4.0,4.059042129147362,0.059042129147361955,77.61777852598745,77.61601500167747,389.44624770165274,0.0
2006,4.0,4.059038847245466,0.05903884724546593,77.61774655104098,77.61601025028085,389.44559296222445,0.0
2007,4.0,4.059036749791721,0.05903674979172102,77.61769869337354,77.61598221422975,389.4451745202024,0.0
2008,4.0,4.059034662509329,0.05903466250932876,77.61765064115806,77.61595787483049,389.4447581073651,0.0
2009,4.0,4.059032600447275,0.05903260044727521,77.61760887321768,77.61592667298021,389.44434672598544,0.0
2010,4.0,4.0590304088499165,0.059030408849916505,77.61756281563775,77.61590458402829,389.4439095023124,0.0
2011,4.0,4.059028148582377,0.05902814858237715,77.61751807113251,77.61588145456776,389.44345857893825,0.0
2012,4.0,4.059028670123112,0.05902867012311219,77.6174742651352,77.6158754358456,389.44356262631493,0.0
2013,4.0,4.059028726344993,0.05902872634499268,77.61742582385631,77.61586596554928,389.44357384258007,0.0
2014,4.0,4.059029195367121,0.05902919536712137,77.61738302214597,77.61588023088296,389.44366741249473,0.0
