Step,Desired Gap (s),Actual Gap (s),Error (s),Ego Speed (km/h),Target Speed (km/h),Req Torque (Nm),Req Decel (m/s^2)
0,4.0,9.540145856315442,5.540145856315442,54.93834280129896,77.52388753084492,630.0,0.0
1,4.0,9.729130752907349,5.7291307529073485,53.99005046972037,77.52434889418845,630.0,0.0
2,4.0,9.890220566698101,5.890220566698101,53.23175633848352,77.52465872079057,630.0,0.0
3,4.0,10.000037596951325,6.000037596951325,52.76983204280348,77.52478261318245,630.0,0.0
4,4.0,10.049333428917105,6.049333428917105,52.634245718694494,77.52472066677348,630.0,0.0
5,4.0,10.053352274724462,6.053352274724462,52.73629323039228,77.5245346693648,630.0,0.0
6,4.0,10.026717489304138,6.026717489304138,52.99870274406574,77.52426618284069,630.0,0.0
7,4.0,9.979574182837911,5.979574182837911,53.37032653900427,77.5240045756642,630.0,0.0
8,4.0,9.91888887579067,5.918888875790669,53.816948555050004,77.52379115587745,630.0,0.0
9,4.0,9.849555864098622,5.8495558640986225,54.31421606063578,77.52366713626235,630.0,0.0
10,4.0,9.775358356561618,5.775358356561618,54.84318787356892,77.52363264402429,630.0,0.0
11,4.0,9.69883147042064,5.6988314704206395,55.39091472514484,77.52368089509368,630.0,0.0
12,4.0,9.621573619953486,5.621573619953486,55.948674656337296,77.52378418127776,630.0,0.0
13,4.0,9.544660452160947,5.544660452160947,56.51060190611563,77.52391501649595,630.0,0.0
14,4.0,9.46874253766075,5.46874253766075,57.07273603729629,77.52403202958077,630.0,0.0
15,4.0,9.394195298020476,5.394195298020476,57.63244589822317,77.5241214935213,630.0,0.0
16,4.0,9.32128448590081,5.32128448590081,58.18795230230021,77.524162865068,630.0,0.0
17,4.0,9.250136966618975,5.2501369666189746,58.738124459331935,77.52416292853698,630.0,0.0
18,4.0,9.18080312882638,5.18080312882638,59.282213180040685,77.5241354110137,630.0,0.0
19,4.0,9.113246655907897,5.113246655907897,59.81978972041753,77.52409410276579,630.0,0.0
20,4.0,9.047493505507722,5.047493505507722,60.350571899910264,77.524048068832,630.0,0.0
21,4.0,8.983465507212596,4.983465507212596,60.87444402509288,77.52399952850556,630.0,0.0
22,4.0,8.921011584388776,4.921011584388776,61.392043849298574,77.5239680138164,630.0,0.0
23,4.0,8.859796833619784,4.859796833619784,61.90535242142199,77.52394819853319,630.0,0.0
24,4.0,8.799474673222964,4.799474673222964,62.4165973092968,77.52394694810108,630.0,0.0
25,4.0,8.739792228995285,4.7397922289952845,62.92733696361124,77.52394888413727,630.0,0.0
26,4.0,8.680601356208689,4.680601356208689,63.43865487257723,77.52394128902638,630.0,0.0
27,4.0,8.62175883196505,4.6217588319650496,63.951343496607905,77.5239436520691,630.0,0.0
28,4.0,8.563205398294368,4.563205398294368,64.4659717932225,77.52397104318348,630.0,0.0
29,4.0,8.504865596849449,4.504865596849449,64.98300055391205,77.5240021440722,630.0,0.0
30,4.0,8.446695132947855,4.4466951329478555,65.50278215817491,77.5240266819181,630.0,0.0
31,4.0,8.388652100895058,4.388652100895058,66.02561329240321,77.52405000386462,630.0,0.0
32,4.0,8.3307156227877,4.3307156227877,66.55175818880657,77.5240463500926,630.0,0.0
33,4.0,8.272856296760471,4.272856296760471,67.08145640590294,77.52403548124852,630.0,0.0
34,4.0,8.21503085411671,4.21503085411671,67.61508076285048,77.5240211533479,630.0,0.0
35,4.0,8.157173810819708,4.1571738108197085,68.15325690423684,77.52400753726829,630.0,0.0
36,4.0,8.099234986574533,4.099234986574533,68.69654312016979,77.52397730800392,630.0,0.0
37,4.0,8.041133275360917,4.041133275360917,69.24539256985449,77.52396375393664,630.0,0.0
38,4.0,7.982882348806319,3.982882348806319,69.80022612839161,77.5239727238342,630.0,0.0
39,4.0,7.9244573995175775,3.9244573995175775,70.36142043369813,77.52398659586906,630.0,0.0
40,4.0,7.865807320331661,3.865807320331661,70.92934121713847,77.5239867854688,630.0,0.0
41,4.0,7.8068869597740935,3.8068869597740935,71.50437583648848,77.52399341845134,630.0,0.0
42,4.0,7.747715269155208,3.747715269155208,72.0868487287572,77.5240020416766,630.0,0.0
43,4.0,7.688256124435588,3.688256124435588,72.67717483841305,77.52401088607665,630.0,0.0
44,4.0,7.628496299259378,3.6284962992593783,73.27571537444929,77.5240185930576,630.0,0.0
45,4.0,7.568414274832274,3.568414274832274,73.88289109245515,77.52402296688184,630.0,0.0
46,4.0,7.508096143797738,3.5080961437977383,74.49811938228387,77.52402295512563,630.0,0.0
47,4.0,7.447800260546066,3.4478002605460656,75.11875351847918,77.52402187891137,630.0,0.0
48,4.0,7.387893834492678,3.3878938344926777,75.74148385140568,77.52400604426855,630.0,0.0
49,4.0,7.32858403246102,3.32858403246102,76.36395619013,77.52400536843794,630.0,0.0
50,4.0,7.270011195960908,3.270011195960908,76.98447570071787,77.52400454334406,630.0,0.0
51,4.0,7.212275788902008,3.2122757889020077,77.6017994168243,77.52400185978308,630.0,0.0
52,4.0,7.155416143273079,3.1554161432730794,78.21506836676322,77.52399865873998,629.5055205829792,0.0
53,4.0,7.099494995340045,3.099494995340045,78.82365454342164,77.52398515342549,618.349251570339,0.0
54,4.0,7.044488362727564,3.044488362727564,79.4271321979623,77.52399284899285,607.375428364149,0.0
55,4.0,6.990409801806831,2.9904098018068312,80.02519497119086,77.52398416688341,596.5867554604629,0.0
56,4.0,6.9372482609969,2.9372482609969,80.6177615146261,77.52400059715649,585.9810280688815,0.0
57,4.0,6.884937385577567,2.884937385577567,81.20499853908593,77.52400208859339,575.5450084227245,0.0
58,4.0,6.833465664486201,2.8334656644862006,81.78706033573636,77.52399612626678,565.276400064997,0.0
59,4.0,6.782917390138861,2.782917390138861,82.362513078164,77.5239886105188,555.1920193327028,0.0
60,4.0,6.73358445859917,2.7335844585991698,82.92733179923648,77.52398825361657,545.3500994905344,0.0
61,4.0,6.68578554065227,2.6857855406522697,83.47723537585414,77.52399642624626,535.8142153601278,0.0
62,4.0,6.639695718522775,2.639695718522775,84.00919146738977,77.52400240048966,526.6192958452937,0.0
63,4.0,6.595460365114039,2.5954603651140387,84.52105740294502,77.52400500572719,517.7943428402507,0.0
64,4.0,6.5531181128460725,2.5531181128460725,85.01143088169015,77.52400944448357,509.34706351279146,0.0
65,4.0,6.51268255900736,2.5126825590073603,85.47944159736146,77.52402035870057,501.28017052196833,0.0
66,4.0,6.474143563964922,2.4741435639649216,85.92463978874635,77.52401360378273,493.5916410110018,0.0
67,4.0,6.437467446769552,2.437467446769552,86.34690655630243,77.52400723528976,486.2747556305256,0.0
68,4.0,6.402579058898439,2.4025790588984393,86.74639658834634,77.52401308309925,479.31452225023867,0.0
69,4.0,6.369445860220088,2.369445860220088,87.12341460232872,77.52401906889719,472.7044491139075,0.0
70,4.0,6.337975262005198,2.337975262005198,87.47841577735008,77.5240113057607,466.42606477003704,0.0
71,4.0,6.3081092725766155,2.3081092725766155,87.81192480449745,77.52398925222228,460.46779987903477,0.0
72,4.0,6.279775868587295,2.2797758685872953,88.12460002466814,77.52397227665234,454.8152857831654,0.0
73,4.0,6.252902442675646,2.252902442675646,88.41708786456684,77.52395952190241,449.4540373137914,0.0
74,4.0,6.2274053801144165,2.2274053801144165,88.69009334005543,77.523960175043,444.3673733328261,0.0
75,4.0,6.203233550317108,2.2032335503171083,88.94430729083004,77.52397367965744,439.54509328826305,0.0
76,4.0,6.18021144659531,2.18021144659531,89.18197156036177,77.52400543950652,434.9521835957644,0.0
77,4.0,6.158264397416974,2.158264397416974,89.40385816686519,77.5240191677517,430.57374728468625,0.0
78,4.0,6.137508537312882,2.1375085373128817,89.60819821258556,77.52400950616105,426.4329531939199,0.0
79,4.0,6.117884813339673,2.117884813339673,89.7958635342475,77.52401951556531,422.5180202612647,0.0
80,4.0,6.099311307607763,2.0993113076077634,89.96766866156977,77.52401504565881,418.8126058677488,0.0
81,4.0,6.081744948821739,2.081744948821739,90.12436979823083,77.52401970594056,415.30811728993694,0.0
82,4.0,6.065114254962813,2.065114254962813,90.26670828532951,77.5240074706755,411.9902938650811,0.0
83,4.0,6.04937726968769,2.0493772696876897,90.39532406769587,77.52398471055038,408.8507653026941,0.0
84,4.0,6.034503081796038,2.0345030817960383,90.51086445921173,77.52400240335793,405.8833648183096,0.0
85,4.0,6.020423020393837,2.020423020393837,90.61391761884846,77.5240179090416,403.07439256857043,0.0
86,4.0,6.007127095123711,2.0071270951237112,90.70505438419325,77.52401847901217,400.4218554771804,0.0
87,4.0,5.994543043525375,1.9945430435253746,90.78484171453564,77.52401326792277,397.9113371833122,0.0
88,4.0,5.982657500825284,1.982657500825284,90.85379046811424,77.52401304674174,395.54017141464413,0.0
89,4.0,5.971443957503674,1.9714439575036744,90.91238979915425,77.52399147281233,393.303069521983,0.0
90,4.0,5.960856077995532,1.9608560779955324,90.96111535815359,77.52396635988245,391.1907875601087,0.0
91,4.0,5.950878174689858,1.9508781746898576,91.00040804919523,77.5239672155633,389.2001958506266,0.0
92,4.0,5.94147017949549,1.9414701794954903,91.03064524499514,77.52398603538244,387.3233008093503,0.0
93,4.0,5.93263578452465,1.93263578452465,91.05218303860946,77.52400243207903,385.56083901266766,0.0
94,4.0,5.924332513988996,1.924332513988996,91.06546255678748,77.52402642588994,383.90433654080465,0.0
95,4.0,5.9165158688427475,1.9165158688427475,91.07084056036679,77.52403323930739,382.34491583412813,0.0
96,4.0,5.909191962510064,1.9091919625100644,91.06872873362978,77.52402771171116,380.8837965207578,0.0
97,4.0,5.902347754145132,1.902347754145132,91.05949490083908,77.52402476824594,379.5183769519538,0.0
98,4.0,5.895955464830962,1.895955464830962,91.04350819777346,77.52401448036134,378.2431152337769,0.0
99,4.0,5.889966145414219,1.8899661454142187,91.02116576196778,77.52400666421109,377.0482460101366,0.0
100,4.0,5.884374950795368,1.884374950795368,90.9928392593225,77.52398154461594,375.9328026836759,0.0
101,4.0,5.879165949490405,1.879165949490405,90.95885436746477,77.52396258813334,374.89360692333577,0.0
102,4.0,5.874317282492941,1.8743172824929406,90.91959066593968,77.5239505602473,373.92629785734164,0.0
103,4.0,5.869773881773676,1.8697738817736758,90.87600131170771,77.52396685389826,373.0198894138483,0.0
104,4.0,5.86550878913732,1.86550878913732,90.82831905871389,77.52399201197335,372.16900343289535,0.0
105,4.0,5.861561272177737,1.8615612721777373,90.77597580869416,77.5239992509356,371.38147379945855,0.0
106,4.0,5.857929392334598,1.857929392334598,90.71928902585105,77.52400624291143,370.6569137707523,0.0
107,4.0,5.854579116773469,1.8545791167734693,90.65854753580797,77.5240152422478,369.98853379630714,0.0
108,4.0,5.851505246373953,1.8515052463739528,90.59403781750756,77.52402135234745,369.37529665160355,0.0
109,4.0,5.848700454833928,1.8487004548339279,90.52598213286164,77.52402176430117,368.81574073936855,0.0
110,4.0,5.8461391452467115,1.8461391452467115,90.45461404040007,77.52401752818783,368.3047594767189,0.0
111,4.0,5.843819015544104,1.8438190155441037,90.38013468313144,77.52401026275454,367.8418936010487,0.0
112,4.0,5.841715657251049,1.841715657251049,90.30277291076571,77.52400595205177,367.4222736215842,0.0
113,4.0,5.839831214413229,1.8398312144132287,90.22270568786377,77.52400287189243,367.04632727543907,0.0
114,4.0,5.8381551894753825,1.8381551894753825,90.14013794184764,77.52398845529584,440.1212257554266,0.0
115,4.0,5.8349891331263954,1.8349891331263954,90.08095893261073,77.52399956532993,439.48959751380363,0.0
116,4.0,5.827434198021906,1.8274341980219058,90.08989293295481,77.52399133704199,437.98238796045797,0.0
117,4.0,5.816643420001821,1.8166434200018209,90.14829874647245,77.52400035421401,435.82962774545103,0.0
118,4.0,5.803654145102438,1.8036541451024384,90.24056787021432,77.52402246199277,433.2382674030242,0.0
119,4.0,5.789206117950078,1.7892061179500782,90.35516843782935,77.52403844872543,430.3558859861284,0.0
120,4.0,5.773840283175292,1.773840283175292,90.48351294234875,77.52402916678614,427.2904019485585,0.0
121,4.0,5.757986464613088,1.7579864646130883,90.61916515405758,77.5240164275365,424.12756514539893,0.0
122,4.0,5.741935878662763,1.7419358786627628,90.75729408750394,77.52402191525101,420.92547324830895,0.0
123,4.0,5.72586547214071,1.7258654721407103,90.8954207899806,77.52400610535938,417.7194271471595,0.0
124,4.0,5.7099422239191995,1.7099422239191995,91.03097112190933,77.52399165809109,414.54273912696806,0.0
125,4.0,5.694396048222491,1.6943960482224911,91.16001029724931,77.52398860951838,411.4412770754748,0.0
126,4.0,5.679313274587234,1.6793132745872343,91.28114170929923,77.52399491507886,408.43226373524107,0.0
127,4.0,5.664764327579385,1.6647643275793849,91.39330594673983,77.52400981460312,405.52974880717505,0.0
128,4.0,5.650791120694616,1.650791120694616,91.49584401927734,77.52400047524488,402.7420940336637,0.0
129,4.0,5.637414035177177,1.6374140351771773,91.58838616968175,77.52400067029856,400.07336547293465,0.0
130,4.0,5.62464625318526,1.6246462531852597,91.67071618944958,77.5240140536788,397.5261929655471,0.0
131,4.0,5.612478006278031,1.6124780062780308,91.74284345488714,77.52400153896906,395.09862770755495,0.0
132,4.0,5.600907057342364,1.600907057342364,91.80487634083707,77.52400513678629,392.79022339488944,0.0
133,4.0,5.5899282171829645,1.5899282171829645,91.8569987323219,77.52401713332307,390.59994478308926,0.0
134,4.0,5.579524270473026,1.5795242704730263,91.89946892426507,77.52400630419929,388.5243574144566,0.0
135,4.0,5.569661987459152,1.5696619874591518,91.93259957281721,77.52400021318547,386.5568319531886,0.0
136,4.0,5.560300515240185,1.5603005152401854,91.9576336407648,77.52398202214239,384.68921824550483,0.0
137,4.0,5.55138274085764,1.5513827408576404,91.97494766422139,77.52397458331123,382.9101222561871,0.0
138,4.0,5.542995150998593,1.5429951509985926,91.98342795822208,77.52396822154921,381.23679807930705,0.0
139,4.0,5.535109614641401,1.5351096146414012,91.98359555285815,77.52397063852155,379.66363357604735,0.0
140,4.0,5.527695592364513,1.5276955923645126,91.97591427778914,77.5239880759994,378.1845361318081,0.0
141,4.0,5.52073342708142,1.52073342708142,91.96082494509116,77.52400572939719,376.79558415783106,0.0
142,4.0,5.5142043807549666,1.5142043807549666,91.93874699534811,77.52403577316059,375.4930394157036,0.0
143,4.0,5.508077212611643,1.508077212611643,91.91004993779437,77.52402222138264,374.2706693711106,0.0
144,4.0,5.5023067963144925,1.5023067963144925,91.87573974814977,77.52401637098416,373.1194713198291,0.0
145,4.0,5.496865756027461,1.4968657560274607,91.83624405842798,77.52400859043499,372.0339837825662,0.0
146,4.0,5.49179129847258,1.49179129847258,91.79081639812232,77.52400583760533,371.0216295003675,0.0
147,4.0,5.4870645846900645,1.4870645846900645,91.73991079971793,77.52399197279553,370.07865010075574,0.0
148,4.0,5.482676163531622,1.4826761635316217,91.68387494808081,77.52398901156916,369.20316007964635,0.0
149,4.0,5.478602845947328,1.4786028459473277,91.62305835655158,77.52398657742032,368.3905332215797,0.0
150,4.0,5.474819477550708,1.4748194775507084,91.55776739039297,77.52399202159165,367.63575122645415,0.0
151,4.0,5.4713109070059485,1.4713109070059485,91.488353133848,77.52401184325929,366.93579140277456,0.0
152,4.0,5.468074267417372,1.4680742674173723,91.4151184464298,77.52400387851037,366.2900818048536,0.0
153,4.0,5.4650800080031905,1.4650800080031905,91.33837163555961,77.52398721516305,365.6927270517243,0.0
154,4.0,5.462317655206124,1.4623176552061237,91.25840651453683,77.52397478889871,365.1416376687095,0.0
155,4.0,5.459744304780484,1.4597443047804841,91.17582790781168,77.52396609381937,364.6282542587944,0.0
156,4.0,5.457355831348455,1.4573558313484547,91.09088822082846,77.52395996021171,364.1517538091045,0.0
157,4.0,5.4551791068968765,1.4551791068968765,91.00316233009654,77.5239556918789,363.7174972810147,0.0
158,4.0,5.45319656059701,1.4531965605970099,90.91291731126039,77.52395268827931,363.3219792941913,0.0
159,4.0,5.4514134341833556,1.4514134341833556,90.8203422811862,77.52395063321848,420.94878834248783,0.0
160,4.0,5.448406871817181,1.4484068718171814,90.74844751121701,77.52396737962694,420.3489791504362,0.0
161,4.0,5.442178365994218,1.4421783659942182,90.73060084220583,77.52399281623988,419.106392238755,0.0
162,4.0,5.433634358770317,1.433634358770317,90.7511827725572,77.52402905165106,417.4018627975867,0.0
163,4.0,5.423520953190393,1.4235209531903932,90.79790110576617,77.52403918907251,415.3842383843919,0.0
164,4.0,5.412366616828014,1.412366616828014,90.86170493171801,77.52403182068818,413.15894828009726,0.0
165,4.0,5.400570851698144,1.400570851698144,90.9358341609047,77.52402874610972,410.8056931366882,0.0
166,4.0,5.388455893275758,1.3884558932757578,91.01524324479311,77.52401672713081,408.38875893142216,0.0
167,4.0,5.376222709214795,1.3762227092147947,91.09610406968042,77.52401178552705,405.94823871126,0.0
168,4.0,5.364063243188749,1.364063243188749,91.17552255691497,77.52401167722759,403.5224252390639,0.0
169,4.0,5.352077621578993,1.3520776215789931,91.25133965930829,77.523998143621,401.13129372791764,0.0
170,4.0,5.3403812581555385,1.3403812581555385,91.32198981376222,77.52400919490148,398.7978692249385,0.0
171,4.0,5.32903412335559,1.3290341233555898,91.38638102332992,77.52399113502912,396.5341158323487,0.0
172,4.0,5.318077302222976,1.3180773022229761,91.44374633308206,77.52399636737749,394.3482300163922,0.0
173,4.0,5.307550673067879,1.3075506730678788,91.49362416319573,77.52400057866042,392.24816749995034,0.0
174,4.0,5.297449156697316,1.2974491566973159,91.53574996227546,77.524009067371,390.232914984023,0.0
175,4.0,5.287800103982602,1.287800103982602,91.56996428861314,77.5240052713825,388.3079289674376,0.0
176,4.0,5.278583959437609,1.2785839594376087,91.5962993340745,77.5240055472386,386.46930813071145,0.0
177,4.0,5.269824176246884,1.2698241762468836,91.61486763845068,77.52401716934902,384.7217313841618,0.0
178,4.0,5.261507171017228,1.2615071710172279,91.62578904183945,77.52401365826609,383.0624888408455,0.0
179,4.0,5.253590943630249,1.2535909436302486,91.62925249588378,77.5240076860109,381.4832014771431,0.0
180,4.0,5.2460883104484415,1.2460883104484415,91.62550220835496,77.52401449385918,379.9864261573726,0.0
181,4.0,5.239013890081761,1.239013890081761,91.61483960655,77.5240116857935,378.57507929421985,0.0
182,4.0,5.2323034823036645,1.2323034823036645,91.59752773163433,77.5240019208451,377.2363529424896,0.0
183,4.0,5.225965071146847,1.225965071146847,91.57381924406721,77.524007214778,375.9718399167045,0.0
184,4.0,5.220001646281963,1.220001646281963,91.54397971274649,77.52401419125123,374.78213665616016,0.0
185,4.0,5.214368036330906,1.2143680363309057,91.50835194531682,77.52280073796437,373.6582314709242,0.0
186,4.0,5.209090121680011,1.2090901216800107,91.46717743147703,77.51871809814371,372.60528749807065,0.0
187,4.0,5.204135327847066,1.204135327847066,91.42074223146892,77.51532989016708,371.61680612839814,0.0
188,4.0,5.199479776931581,1.1994797769315806,91.36930009995561,77.51271163334133,370.68802372075885,0.0
189,4.0,5.195120087502134,1.1951200875021337,91.31315702517001,77.50621376413187,369.81826567958416,0.0
190,4.0,5.191049025743977,1.1910490257439772,91.25259400846312,77.49984492525354,369.00608885883196,0.0
191,4.0,5.187240674122307,1.1872406741223074,91.18791049457118,77.49679483170344,368.24632271030885,0.0
192,4.0,5.1836794423017825,1.1836794423017825,91.11940711462994,77.49292480732089,367.5358569621141,0.0
193,4.0,5.180370211624522,1.1803702116245223,91.04727768986677,77.48797670061833,366.8756654420007,0.0
194,4.0,5.177275823559382,1.1772758235593823,90.97179012732148,77.48617998760943,366.25833502300526,0.0
195,4.0,5.174399658875078,1.1743996588750782,90.89317040748438,77.48591422112018,365.68454016848665,0.0
196,4.0,5.171716368865445,1.1717163688654448,90.81157759601696,77.48203755796412,365.14922381156475,0.0
197,4.0,5.1692288867658345,1.1692288867658345,90.72712145717871,77.47948800776813,364.65297113269247,0.0
198,4.0,5.16692949388813,1.16692949388813,90.63989103277451,77.4784824876497,364.19424225359046,0.0
199,4.0,5.164821661065282,1.1648216610652824,90.54997953221877,77.47630343712446,363.7737296054323,0.0
200,4.0,5.162916139469297,1.1629161394692966,90.45748593361931,77.47163572995996,409.86996232353795,0.0
201,4.0,5.160086549311028,1.1600865493110284,90.38194891446415,77.46894669991785,409.3054590869634,0.0
202,4.0,5.154858837950897,1.154858837950897,90.34874853061423,77.46716632885521,408.2625306706172,0.0
203,4.0,5.14792767379343,1.14792767379343,90.3452141372141,77.46134770311694,406.87976342120254,0.0
204,4.0,5.139872814479843,1.1398728144798431,90.3615145079292,77.4570675252016,405.272818988142,0.0
205,4.0,5.131102570424054,1.131102570424054,90.39056968530161,77.45480436057913,403.52315529901205,0.0
206,4.0,5.1218706072690585,1.1218706072690585,90.42710855376463,77.45208063835774,401.6813786495904,0.0
207,4.0,5.112403787109788,1.1124037871097876,90.46728852663257,77.44746515938755,399.7927480278159,0.0
208,4.0,5.10288881970543,1.1028888197054298,90.50818430283643,77.44534358104208,397.8945120306465,0.0
209,4.0,5.0934316990096615,1.0934316990096615,90.54768570924286,77.44452332461266,396.00781645184077,0.0
210,4.0,5.084113995674294,1.0841139956742936,90.58423377756128,77.43959698434408,394.1489346364348,0.0
211,4.0,5.07503825044427,1.07503825044427,90.61669487797934,77.43614027534989,392.3383234630451,0.0
212,4.0,5.066211906898445,1.0662119068984452,90.6442650871541,77.43442735053279,390.5774679256531,0.0
213,4.0,5.057683197779145,1.057683197779145,90.66642223268086,77.43350755407536,388.87599045635267,0.0
214,4.0,5.049442288103137,1.0494422881031369,90.68276459739107,77.43293480982858,387.23192897598904,0.0
215,4.0,5.041495129812333,1.0414951298123327,90.69387701160645,77.4336945342853,385.6464708969736,0.0
216,4.0,5.033850514786369,1.0338505147863692,90.69967153687165,77.4347952644426,384.1213701992939,0.0
217,4.0,5.026549720484247,1.0265497204842466,90.69892008036344,77.43695956201253,382.6648617360205,0.0
218,4.0,5.019607608238371,1.0196076082383714,90.69179561007775,77.43917985599606,381.2799103429683,0.0
219,4.0,5.0130038856583505,1.0130038856583505,90.67845669644286,77.44071573263017,379.96246768825415,0.0
220,4.0,5.0067525298817985,1.0067525298817985,90.65911591211503,77.44136234152943,378.715322210832,0.0
221,4.0,5.000824301974769,1.0008243019747693,90.63406712613559,77.44114241418649,377.5326407433797,0.0
222,4.0,4.995207583391068,0.9952075833910676,90.60349874175589,77.44025901267835,376.4121053859313,0.0
223,4.0,4.989891825594098,0.989891825594098,90.56766154666819,77.43904826593297,375.3516117054358,0.0
224,4.0,4.984886319164143,0.9848863191641426,90.52681999783813,77.43780994725505,374.3530131726597,0.0
225,4.0,4.980149752976499,0.9801497529764989,90.48116706550553,77.43678680670703,373.4080682182248,0.0
226,4.0,4.975694654765218,0.9756946547652179,90.4309324065554,77.43616086986651,372.5192761250742,0.0
227,4.0,4.971471600175166,0.9714716001751658,90.3768408344406,77.43599379339713,371.67677673435884,0.0
228,4.0,4.9674488034758815,0.9674488034758815,90.31963666492197,77.43623139698144,370.8742287928516,0.0
229,4.0,4.963662482636896,0.963662482636896,90.25865513233293,77.4367446867731,370.118857785474,0.0
230,4.0,4.960137661625763,0.9601376616257626,90.19330561462327,77.43738330588148,369.4156559937529,0.0
231,4.0,4.956873215693301,0.9568732156933013,90.12391433843717,77.4379929207878,368.76439903022685,0.0
232,4.0,4.953860104192578,0.9538601041925778,90.05077056984099,77.43846945012443,368.1632832858325,0.0
233,4.0,4.951072465018975,0.9510724650189752,89.97412390700653,77.43872127597639,367.6071492706988,0.0
234,4.0,4.948500750339143,0.9485007503391429,89.89418842915913,77.43875075256952,367.09409219207225,0.0
235,4.0,4.946137143848846,0.946137143848846,89.81118775550256,77.43861003955081,366.622552697258,0.0
236,4.0,4.943976786932913,0.9439767869329128,89.72529808939196,77.43832450232065,366.1915614925294,0.0
237,4.0,4.94201683457878,0.94201683457878,89.63669177214439,77.4380076808365,365.80055099787984,0.0
238,4.0,4.940234823021939,0.9402348230219388,89.54556531070237,77.43771991531867,403.0315113919834,0.0
239,4.0,4.93770958159535,0.9377095815953496,89.46873898089899,77.43750359443737,402.5277257273788,0.0
240,4.0,4.933341701038706,0.9333417010387057,89.42567070693838,77.43743004190057,401.6563335563284,0.0
241,4.0,4.927702496310983,0.9277024963109826,89.4061019476623,77.43743680227185,400.5313122131476,0.0
242,4.0,4.921229891124823,0.9212298911248231,89.40155879886362,77.43754720617528,399.2400274785088,0.0
243,4.0,4.914242840478849,0.914242840478849,89.4064348289643,77.43768760483644,397.84611087463696,0.0
244,4.0,4.906965762116313,0.9069657621163127,89.41660103205368,77.43783933057279,396.39433374131096,0.0
245,4.0,4.899544117702167,0.8995441177021668,89.42905767115504,77.43796407390359,394.9137156806888,0.0
246,4.0,4.892076588661354,0.8920765886613538,89.44225065246435,77.43805425248112,393.4239436370467,0.0
247,4.0,4.884656051613432,0.8846560516134323,89.45462338121405,77.43806915887825,391.9435464959863,0.0
248,4.0,4.87739138226396,0.8773913822639603,89.46399162904386,77.43805704283336,390.4942449607667,0.0
249,4.0,4.8703396842904985,0.8703396842904985,89.46964167453088,77.43799151099515,389.08743121506103,0.0
250,4.0,4.863507517050776,0.8635075170507758,89.47110274051248,77.43792506741555,387.72441385073637,0.0
251,4.0,4.856894908827786,0.856894908827786,89.46870138602752,77.43785941926235,386.4051985102499,0.0
252,4.0,4.850503513137327,0.8505035131373271,89.46227556250285,77.43780222460644,385.13011507000334,0.0
253,4.0,4.844381255298478,0.8443812552984777,89.45070132688204,77.43774552413352,383.9087246311529,0.0
254,4.0,4.838536910427569,0.8385369104275693,89.4340940476278,77.43773421858663,382.7427778294067,0.0
255,4.0,4.832975789142308,0.8329757891423082,89.41255319441044,77.43775697749608,381.63333413299705,0.0
256,4.0,4.827680397648725,0.8276803976487246,89.38623864762123,77.43780669656492,380.57690353002715,0.0
257,4.0,4.822649534151077,0.8226495341510773,89.3552581172501,77.43785024921661,379.5732462622465,0.0
258,4.0,4.817874702502596,0.8178747025025963,89.3197824046846,77.43788516545521,378.6206673483746,0.0
259,4.0,4.81336402167472,0.8133640216747198,89.27999842273816,77.43790742405967,377.7207865232132,0.0
260,4.0,4.809085114400651,0.8090851144006512,89.23604163240213,77.4379035924237,376.86714452203654,0.0
261,4.0,4.805040293309337,0.8050402933093368,89.1881043951831,77.43789651357838,376.06020271431925,0.0
262,4.0,4.80120729325669,0.8012072932566898,89.1368144063203,77.43789788592603,375.29551920381624,0.0
263,4.0,4.797570055525806,0.7975700555258056,89.08232834354308,77.43788963845478,374.5698902765048,0.0
264,4.0,4.79413359131825,0.7941335913182499,89.02449526105005,77.4378626306039,373.88431566709744,0.0
265,4.0,4.790899785280248,0.7908997852802484,88.9635554108534,77.4378462313928,373.2391713625162,0.0
266,4.0,4.787893442236957,0.7878934422369568,88.89895501851848,77.43784206977298,372.6394059253795,0.0
267,4.0,4.785097506822025,0.7850975068220247,88.8309814441413,77.43784038995506,372.08161681010057,0.0
268,4.0,4.782488395971622,0.7824883959716216,88.76026494729166,77.43784429532919,371.5610991954451,0.0
269,4.0,4.780053447472377,0.780053447472377,88.68699828934184,77.4378294200946,371.07532696984583,0.0
270,4.0,4.777810366961541,0.7778103669615408,88.61071924081729,77.43783409426875,370.62783240793397,0.0
271,4.0,4.775762996223388,0.7757629962233876,88.5316548384467,77.43785227076387,370.2193819456724,0.0
272,4.0,4.773880071967816,0.7738800719678158,88.45039621790303,77.43787619467537,400.796682105999,0.0
273,4.0,4.7713605259718594,0.7713605259718594,88.38159523190077,77.43791273883892,400.29403267980575,0.0
274,4.0,4.76744465548244,0.7674446554824401,88.33918062513874,77.43792382758801,399.5128165171666,0.0
275,4.0,4.762563757015676,0.762563757015676,88.31470299309612,77.43790917964509,398.53907727304716,0.0
276,4.0,4.757049554911692,0.757049554911692,88.30196380721766,77.43788780862259,397.4389939533023,0.0
277,4.0,4.751183168546997,0.751183168546997,88.29645058529205,77.4378657913432,396.2686498735457,0.0
278,4.0,4.745105442647462,0.7451054426474624,88.2948734355865,77.43784490314046,395.05614355658855,0.0
279,4.0,4.738938793095071,0.7389387930950706,88.29485048880221,77.43783649190219,393.8258969708864,0.0
280,4.0,4.732781963729275,0.7327819637292752,88.2946326700929,77.43783013282697,392.5976095124102,0.0
281,4.0,4.7267093251393755,0.7267093251393755,88.29296363559251,77.43783624597695,391.38611811372516,0.0
282,4.0,4.720759613796595,0.720759613796595,88.28896795435386,77.43784656121538,390.19915070084045,0.0
283,4.0,4.714967659361319,0.714967659361319,88.28202576021252,77.4378605521947,389.0436557910029,0.0
284,4.0,4.70935337456717,0.7093533745671703,88.27171280958284,77.43788854053172,387.92360597457025,0.0
285,4.0,4.703927357592935,0.703927357592935,88.25774928511616,77.43788533394886,386.8411155882103,0.0
286,4.0,4.6987219652895575,0.6987219652895575,88.2400134269469,77.43787810818259,385.8026398236865,0.0
287,4.0,4.693734763468635,0.693734763468635,88.21839464604554,77.4378594156734,384.8076930604125,0.0
288,4.0,4.688959044789245,0.6889590447892449,88.19286914531604,77.43786207125103,383.85493718387414,0.0
289,4.0,4.684408391686222,0.6844083916862216,88.16346573660368,77.43786785592097,382.947081889821,0.0
290,4.0,4.680062493613665,0.680062493613665,88.13028596074135,77.43787090828175,382.08007522434593,0.0
291,4.0,4.675949855616743,0.6759498556167429,88.09339369291295,77.43787624273016,381.25960394396003,0.0
292,4.0,4.672160138156664,0.6721601381566638,88.05045012540238,77.43787196415651,380.5035553106742,0.0
293,4.0,4.6686300805928695,0.6686300805928695,88.0027887584987,77.43787277265412,379.79930882669726,0.0
294,4.0,4.665360838289346,0.6653608382893461,87.95070112836935,77.43788167271225,379.1470949871443,0.0
295,4.0,4.662566029568357,0.6625660295683566,87.88998854057722,77.43787857576208,378.58953064730696,0.0
296,4.0,4.660020075897895,0.6600200758978954,87.82509193600372,77.43787291589307,378.0816128900499,0.0
297,4.0,4.657707463734677,0.6577074637346767,87.75610960212353,77.43786372810405,377.6202467634878,0.0
298,4.0,4.655892749446216,0.6558927494462159,87.67871020565812,77.43785401202895,377.2582112629398,0.0
299,4.0,4.654276972625945,0.6542769726259454,87.59825851845933,77.4378529687407,403.10598449019994,0.0
300,4.0,4.652231152094507,0.6522311520945072,87.52651841659338,77.4378543671812,402.69784329417797,0.0
301,4.0,4.649286119016697,0.649286119016697,87.47267611559913,77.43785244806276,402.11030919515485,0.0
302,4.0,4.645649200787023,0.6456492007870231,87.43227129701168,77.43786533332008,401.3847440083349,0.0
303,4.0,4.641523063629498,0.6415230636294984,87.40121614631315,77.43786237445427,400.5615796454087,0.0
304,4.0,4.637378316804961,0.6373783168049609,87.37100771329041,77.4378632492467,399.73470265391353,0.0
305,4.0,4.633156950400681,0.6331569504006813,87.34257178439665,77.43786659781719,398.8925400562597,0.0
306,4.0,4.628895016157566,0.6288950161575659,87.31494266911575,77.43786296073331,398.0422841747582,0.0
307,4.0,4.624895346584648,0.6248953465846476,87.28305515306432,77.4378565351161,397.244350094961,0.0
308,4.0,4.621103801066975,0.6211038010669752,87.24759072018057,77.43786362803057,396.48793676418535,0.0
309,4.0,4.617380264336285,0.6173802643362851,87.21078611076997,77.43786586995157,395.7450911864127,0.0
310,4.0,4.614089288776743,0.6140892887767428,87.16664484371935,77.43786475111028,395.088541562284,0.0
311,4.0,4.611076671904797,0.6110766719047973,87.11768127559804,77.43785307349272,394.4875244963309,0.0
312,4.0,4.60820519612319,0.6082051961231896,87.06659952503152,77.43785567326222,393.9146650779001,0.0
313,4.0,4.6057247881642445,0.6057247881642445,87.00867906537346,77.43785821306717,393.4198236900906,0.0
314,4.0,4.603603779160399,0.603603779160399,86.94481749417442,77.43786839775817,392.9966823938234,0.0
315,4.0,4.601614024819268,0.6016140248192681,86.87892492996461,77.43786814804774,392.59972640276777,0.0
316,4.0,4.599946197988831,0.5999461979888308,86.80766028888462,77.43786251805633,416.27139454038434,0.0
317,4.0,4.597941601811291,0.5979416018112911,86.7440012889177,77.43786195145215,415.8714776029652,0.0
318,4.0,4.594859481173961,0.5948594811739607,86.7010117265858,77.43785742802808,415.2565945358178,0.0
319,4.0,4.591157562183564,0.5911575621835636,86.67030398569442,77.43787102088464,414.5180616972335,0.0
320,4.0,4.586946962737167,0.5869469627371666,86.64943621202053,77.43786431958625,413.67804710767734,0.0
321,4.0,4.582432393437085,0.5824323934370854,86.63484364164016,77.43785459045802,412.77739053231113,0.0
322,4.0,4.57777927019901,0.5777792701990103,86.62302998615155,77.43785748829978,411.8490924463152,0.0
323,4.0,4.573066875066037,0.5730668750660373,86.61250855817417,77.43785259259575,410.9089696172871,0.0
324,4.0,4.568353516974516,0.5683535169745157,86.60190251399952,77.43785885899348,409.96865467802854,0.0
325,4.0,4.563728365450785,0.5637283654507854,86.58958289310314,77.43786184521589,409.0459369490443,0.0
326,4.0,4.559237714493895,0.5592377144938947,86.57497786988195,77.43785573763962,408.1500520831446,0.0
327,4.0,4.554903110769908,0.5549031107699083,86.55779010532412,77.43785090901174,407.2852986402093,0.0
328,4.0,4.550711911532883,0.5507119115328827,86.5377745842075,77.43785152833674,406.44915439242266,0.0
329,4.0,4.546678574603449,0.5466785746034493,86.51481186752112,77.4378613149151,405.64450367500075,0.0
330,4.0,4.542831204447593,0.5428312044475927,86.48886475795115,77.4378604527155,404.87695332890735,0.0
331,4.0,4.539139243540973,0.5391392435409728,86.45995724873926,77.43786326231572,404.14040712803666,0.0
332,4.0,4.535606356852449,0.5356063568524494,86.42851785927638,77.43786132972672,403.4355962336763,0.0
333,4.0,4.532214234182328,0.5322142341823284,86.39457031207738,77.4378693721406,402.75886776098713,0.0
334,4.0,4.528999140756238,0.5289991407562384,86.35755557189253,77.43787877517094,402.11745662248217,0.0
335,4.0,4.525954587803734,0.5259545878037342,86.31762250557159,77.43787973957319,401.51006830845756,0.0
336,4.0,4.5230869552038975,0.5230869552038975,86.27487120447034,77.43786774155403,400.93797560479015,0.0
337,4.0,4.520375356416941,0.5203753564169409,86.22944303883386,77.43786639716537,400.3970116467923,0.0
338,4.0,4.517829334945333,0.5178293349453327,86.1814157409584,77.4378403682597,399.88908036320646,0.0
339,4.0,4.515433939990384,0.515433939990384,86.13092483478272,77.43783635608625,399.41119906969425,0.0
340,4.0,4.5131905870310725,0.5131905870310725,86.07805856263315,77.43783664408296,398.96365015431155,0.0
341,4.0,4.511106190266979,0.5111061902669789,86.0229121525395,77.43784938351655,398.5478129998749,0.0
342,4.0,4.509155102859288,0.509155102859288,85.965626983036,77.4378545311164,418.55170805369306,0.0
343,4.0,4.506862441294753,0.5068624412947527,85.91561981525193,77.4378562145526,418.09432207156823,0.0
344,4.0,4.503715988920737,0.503715988920737,85.88209277268699,77.43787644863265,417.4666048229521,0.0
345,4.0,4.49999446651231,0.4999944665123097,85.85954771706089,77.43787739174981,416.7241611024709,0.0
346,4.0,4.49591465270005,0.4959146527000504,85.84402889774188,77.43788703016152,415.91023824692513,0.0
347,4.0,4.491644861148552,0.49164486114855244,85.83267158309577,77.43787761731183,415.05841483240124,0.0
348,4.0,4.487252008037057,0.48725200803705704,85.82346265313053,77.43786256513575,414.182040636658,0.0
349,4.0,4.482837411168469,0.482837411168469,85.81485103603865,77.43786172773513,413.30132856137465,0.0
350,4.0,4.478443730009649,0.4784437300096487,85.80573583920884,77.43786320192994,412.42478917018997,0.0
351,4.0,4.474100649380462,0.47410064938046226,85.795770533648,77.4378536978639,411.5583445846673,0.0
352,4.0,4.469838597415649,0.4698385974156487,85.78440587250516,77.43784363785308,410.70806521768696,0.0
353,4.0,4.46572558554682,0.46572558554681986,85.77056590951378,77.43784295024305,409.8875193498556,0.0
354,4.0,4.461752492440266,0.46175249244026606,85.75409423751097,77.43785052373983,409.09488727509813,0.0
355,4.0,4.457909458923418,0.4579094589234183,85.73489157102333,77.437856691927,408.32820208848705,0.0
356,4.0,4.454242161806292,0.45424216180629173,85.71291833641685,77.43785990221828,407.59657631362023,0.0
357,4.0,4.450729765727759,0.45072976572775936,85.68810550627654,77.43786618803684,406.89585329595303,0.0
358,4.0,4.447381404874217,0.44738140487421685,85.66052313000803,77.43787385879014,406.2278553056713,0.0
359,4.0,4.444182711401076,0.44418271140107635,85.63018218302716,77.4378766284731,405.5897159577798,0.0
360,4.0,4.44113677783852,0.44113677783852,85.5971716859472,77.43788100993264,404.9820522120498,0.0
361,4.0,4.43824569142644,0.4382456914264399,85.56153285672981,77.43787383423116,404.4052804728398,0.0
362,4.0,4.435516909745802,0.43551690974580204,85.52337128138925,77.43787865976633,403.86088852755256,0.0
363,4.0,4.432930530918382,0.43293053091838196,85.48275118507424,77.43787190657459,403.3449059514823,0.0
364,4.0,4.430484318413281,0.4304843184132814,85.43975250501444,77.43786411547013,402.8568865567147,0.0
365,4.0,4.428167934347475,0.42816793434747513,85.39449721030702,77.43786181371672,402.39476793558634,0.0
366,4.0,4.426010683934699,0.4260106839346989,85.34705050952255,77.43783644216664,401.96439647823746,0.0
367,4.0,4.423978701792221,0.42397870179222075,85.29750850948768,77.43783869744014,418.5568423298076,0.0
368,4.0,4.421684265327975,0.42168426532797465,85.2536953060221,77.43784085751649,418.0991022551905,0.0
369,4.0,4.418699098158661,0.4186990981586609,85.22322497823866,77.43785129348761,417.5035614049124,0.0
370,4.0,4.4152834791590285,0.4152834791590285,85.20152909417403,77.43785958721335,416.82214541448576,0.0
371,4.0,4.4115867127429285,0.41158671274292846,85.18535258404135,77.43786933026489,416.0846405144738,0.0
372,4.0,4.407720373073736,0.40772037307373576,85.17236324398733,77.43788179894268,415.31330575046985,0.0
373,4.0,4.403797171675126,0.40379717167512563,85.16085606692599,77.43787941240373,414.5306270714471,0.0
374,4.0,4.399875216554806,0.39987521655480585,85.14957891601601,77.43787348782006,413.7481970249433,0.0
375,4.0,4.395976658528309,0.3959766585283093,85.1376473133638,77.43787118888852,412.97043469865724,0.0
376,4.0,4.392153315094306,0.39215331509430573,85.12443062631819,77.43786309496811,412.20767768357354,0.0
377,4.0,4.388417431092262,0.3884174310922619,85.10948215918287,77.43784056731775,411.4623688251658,0.0
378,4.0,4.3848173307393825,0.3848173307393825,85.09249950109201,77.437844849957,410.7441488047663,0.0
379,4.0,4.3813278636219195,0.3813278636219195,85.07331561044987,77.4378612590342,410.0480001148325,0.0
380,4.0,4.377962281544916,0.3779622815449164,85.05178843092219,77.43785909511394,409.37656649047034,0.0
381,4.0,4.374746999359327,0.37474699935932687,85.0278341823303,77.437865958402,408.73511769444525,0.0
382,4.0,4.371643469159024,0.37164346915902424,85.00178483907294,77.43787537640611,408.1159634194849,0.0
383,4.0,4.3686555046446545,0.36865550464465446,84.97400384707107,77.43787543197648,407.5198644988681,0.0
384,4.0,4.365784224812687,0.36578422481268724,84.94397108370751,77.43786581957708,406.9470441723907,0.0
385,4.0,4.363079035382892,0.3630790353828921,84.91122031711332,77.43786837191121,406.40735888114654,0.0
386,4.0,4.360517786996151,0.36051778699615067,84.87594830575044,77.43788004880226,405.89638982799164,0.0
387,4.0,4.358107535563436,0.3581075355634358,84.83827513541932,77.43787518133279,405.41554466716497,0.0
388,4.0,4.355819827582297,0.35581982758229724,84.7986033318459,77.43787201241163,404.95914692492784,0.0
389,4.0,4.3536446344096476,0.35364463440964755,84.75709678888903,77.43785470652486,404.52519588698425,0.0
390,4.0,4.351593784687022,0.3515937846870223,84.71332372972729,77.43784270746042,418.2264722802654,0.0
391,4.0,4.349360237035504,0.349360237035504,84.67386167263318,77.43785122318664,417.7808795237875,0.0
392,4.0,4.3465869409612194,0.34658694096121945,84.64528579996784,77.437854328588,417.22760695696775,0.0
393,4.0,4.343454564615791,0.34345456461579094,84.62387118528741,77.43785327305181,416.6026978760548,0.0
394,4.0,4.340115574987545,0.34011557498754463,84.60656683871092,77.43785244047005,415.9365694452196,0.0
395,4.0,4.336669067664999,0.3366690676649986,84.59145886747493,77.43785179613556,415.24899123437166,0.0
396,4.0,4.333183823046765,0.33318382304676497,84.57754479191644,77.43784456660363,414.55368493303405,0.0
397,4.0,4.3296811571704295,0.32968115717042945,84.56384727320604,77.43785332405814,413.85490309070514,0.0
398,4.0,4.326235485048573,0.32623548504857336,84.54913017060731,77.43785082763343,413.16749150239485,0.0
399,4.0,4.322888199500267,0.3228881995002668,84.53295725797325,77.43786498307094,412.4997080355077,0.0
400,4.0,4.319627787114306,0.31962778711430584,84.51506033619299,77.43786506655988,411.8492557645085,0.0
401,4.0,4.316474843663074,0.316474843663074,84.49523424768496,77.43786357759025,411.22024354598767,0.0
402,4.0,4.313447080309451,0.3134470803094507,84.47333593827872,77.43785446372938,410.61620475693985,0.0
403,4.0,4.310531332166898,0.31053133216689766,84.44926723316311,77.43785050632903,410.03451300250055,0.0
404,4.0,4.307729404429841,0.30772940442984087,84.42335684098177,77.43784849481322,409.4755284189577,0.0
405,4.0,4.305028198061115,0.30502819806111514,84.39562874107791,77.43782413194397,408.93663774839695,0.0
406,4.0,4.302459287462334,0.30245928746233375,84.36554451168662,77.43782869693382,408.4241400839401,0.0
407,4.0,4.300031690222377,0.30003169022237675,84.33320849233603,77.43785215069023,407.9398344345686,0.0
408,4.0,4.297710963230551,0.2977109632305508,84.29903203010551,77.43787084838475,407.47684939969935,0.0
409,4.0,4.295496357716234,0.2954963577162344,84.26305655612116,77.43787333911203,407.03503559959324,0.0
410,4.0,4.293423138251271,0.29342313825127064,84.22492920997811,77.43788496535113,406.6214283163329,0.0
411,4.0,4.2914703375827665,0.2914703375827665,84.1847803462689,77.43787752166406,406.23184458296635,0.0
412,4.0,4.289635278823431,0.28963527882343065,84.14270791322664,77.4378687881462,405.8657503604789,0.0
413,4.0,4.287919420286054,0.28791942028605444,84.09883483201102,77.43785750631822,405.5234365822723,0.0
414,4.0,4.286320365962827,0.28632036596282706,84.05323361445048,77.43785352944225,405.20442524478847,0.0
415,4.0,4.284815897217076,0.2848158972170758,84.00627115185864,77.43785324585352,404.90428373001106,0.0
416,4.0,4.283407535388962,0.283407535388962,83.95798983513285,77.43784748840804,404.6233155453024,0.0
417,4.0,4.282100020182991,0.2821000201829911,83.90810952265294,77.43784473790515,404.3624662617112,0.0
418,4.0,4.280899546119068,0.280899546119068,83.85673388523276,77.43785645353464,404.1229716859585,0.0
419,4.0,4.279787459735466,0.27978745973546637,83.80419708647986,77.43784417440789,403.90111045243,0.0
420,4.0,4.278762440072883,0.2787624400728834,83.75055300906891,77.43784818472295,403.6966190297447,0.0
421,4.0,4.2778406557000785,0.27784065570007854,83.69557126135037,77.43785374450076,403.5127230473701,0.0
422,4.0,4.27701798043664,0.27701798043664017,83.63934528188676,77.43784426242682,403.34859933231417,0.0
423,4.0,4.276274928654665,0.2762749286546651,83.58217080400517,77.43785010621487,403.2003605018101,0.0
424,4.0,4.275603386180926,0.2756033861809257,83.52414801151679,77.43783850133453,403.06638777829914,0.0
425,4.0,4.27501811251804,0.2750181125180404,83.46502016368241,77.43783579409154,402.9496256825535,0.0
426,4.0,4.274519118297301,0.2745191182973006,83.4049122631652,77.43784305997416,402.8500763355159,0.0
427,4.0,4.274104631299214,0.27410463129921414,83.34390393424151,77.43785558097616,402.7673861793977,0.0
428,4.0,4.2737674660180085,0.2737674660180085,83.28223495548043,77.43786887004234,402.70012170579713,0.0
429,4.0,4.273483308304217,0.2734833083042174,83.21999959230628,77.43787948582464,402.6434322418958,0.0
430,4.0,4.273277247516131,0.27327724751613136,83.15697212077362,77.43788147769554,402.60232311467263,0.0
431,4.0,4.273155910053572,0.2731559100535721,83.09324235122992,77.43788112867566,402.57811629089207,0.0
432,4.0,4.2731030661319656,0.27310306613196556,83.02890118848745,77.43786709174216,402.56757392853154,0.0
433,4.0,4.273116103831371,0.27311610383137097,82.96402169786488,77.43785655618895,402.57017494956295,0.0
434,4.0,4.273190212647006,0.27319021264700627,82.89863914645392,77.4378477826243,402.5849596582822,0.0
435,4.0,4.273329636828831,0.27332963682883094,82.83284441704625,77.43784352681485,402.6127747825562,0.0
436,4.0,4.273522841680829,0.27352284168082885,82.7668061200065,77.4378445579517,402.6513191505298,0.0
437,4.0,4.2737593283583895,0.27375932835838945,82.70055963674724,77.43784240013908,402.6984982427031,0.0
438,4.0,4.274042706979585,0.27404270697958477,82.6339568891684,77.4378500424175,402.7550322776316,0.0
439,4.0,4.274384167917993,0.2743841679179928,82.56707313457488,77.43785907010836,402.82315373484397,0.0
440,4.0,4.274782618980406,0.2747826189804057,82.4999386701351,77.43785440213169,402.90264472179535,0.0
441,4.0,4.275221315209667,0.2752213152096674,82.43263177792174,77.43787393421181,402.99016461953306,0.0
442,4.0,4.275717166671653,0.2757171666716527,82.36529116967532,77.43787154667721,403.08908698619916,0.0
443,4.0,4.276251587626241,0.27625158762624125,82.29792719961516,77.43786956400928,403.1957039666396,0.0
444,4.0,4.276825124802639,0.276825124802639,82.23045412291108,77.43786579494561,403.31012463333093,0.0
445,4.0,4.2774502778156736,0.27745027781567355,82.16291305390119,77.4378519740524,403.43484265943135,0.0
446,4.0,4.2781048834973205,0.27810488349732054,82.09544286626944,77.43784270984757,403.5654364929199,0.0
447,4.0,4.278803634334024,0.27880363433402433,82.02815160623233,77.43783900497768,403.7048372848423,0.0
448,4.0,4.279527829045556,0.2795278290455556,81.96097905728809,77.43785822699203,403.8493141297928,0.0
449,4.0,4.2802915171161935,0.2802915171161935,81.89380192947486,77.4378701468427,404.00166989988503,0.0
450,4.0,4.281100501363864,0.28110050136386366,81.82669080922987,77.43788645105282,404.1630622572952,0.0
451,4.0,4.281944729040975,0.28194472904097534,81.75968899971325,77.43788375873771,404.33148567887906,0.0
452,4.0,4.2828296515863,0.2828296515863,81.6928480191264,77.43787540789482,404.5080277266713,0.0
453,4.0,4.283740133538091,0.2837401335380907,81.62619199393039,77.43786677535007,404.68966887605353,0.0
454,4.0,4.28467364204384,0.28467364204384005,81.5597638022551,77.43786192130916,404.87590382295053,0.0
455,4.0,4.285647264790301,0.2856472647903008,81.49361114561786,77.43785036372603,405.07014156086944,0.0
456,4.0,4.286643493104766,0.28664349310476567,81.4277190847139,77.43784193017454,405.2688891096052,0.0
457,4.0,4.287671117405781,0.28767111740578066,81.36215868802843,77.43784269486694,405.4739001576577,0.0
458,4.0,4.2887220409165225,0.28872204091652254,81.29693093858907,77.43784221130412,405.6835593980507,0.0
459,4.0,4.289787968201145,0.2897879682011446,81.23205288096777,77.43786971321839,405.8962118913328,0.0
460,4.0,4.290876698710896,0.29087669871089616,81.1675630267926,77.4378792179354,406.11341362802824,0.0
461,4.0,4.291992885481863,0.2919928854818634,81.10348297101925,77.43788627944056,406.33609288883616,0.0
462,4.0,4.293131057064809,0.2931310570648087,81.03981454402692,77.43788391727915,406.5631581196338,0.0
463,4.0,4.294281488773663,0.2942814887736631,80.97658187553284,77.43787433795698,406.79266924555026,0.0
464,4.0,4.29544758358532,0.29544758358531986,80.91379778466525,77.43786923289683,407.02530516047574,0.0
465,4.0,4.296628429253736,0.2966284292537358,80.85148615135171,77.43787008525457,407.2608838713247,0.0
466,4.0,4.297824901959533,0.29782490195953315,80.78964353875355,77.43786350917975,407.4995801761313,0.0
467,4.0,4.299037567717676,0.29903756771767576,80.72830432272114,77.43786039018025,407.74150699488075,0.0
468,4.0,4.300264810505087,0.30026481050508735,80.66747992382602,77.43784779172587,407.9863419309694,0.0
469,4.0,4.301492453839173,0.301492453839173,80.60717438531947,77.4378434168583,420.2118227152725,0.0
470,4.0,4.30245495006006,0.30245495006005996,80.55269062257761,77.43785798947604,420.40384071133946,0.0
471,4.0,4.302870275427753,0.302870275427753,80.50896560559862,77.43786936067201,420.4866981221942,0.0
472,4.0,4.3029041538705775,0.30290415387057745,80.47279068737551,77.43787300408819,420.49345687153766,0.0
473,4.0,4.302682288981966,0.30268228898196625,80.44193354689094,77.43787598517835,432.53507056569583,0.0
474,4.0,4.301984600489305,0.3019846004893054,80.42003736827687,77.43788162097695,432.39588171140997,0.0
475,4.0,4.300632657981647,0.3006326579816472,80.41086956183638,77.43787698305348,432.1261691811322,0.0
476,4.0,4.298803321237262,0.29880332123726205,80.41040120355416,77.43785634467801,431.76121650062737,0.0
477,4.0,4.296682105857239,0.2966821058572391,80.4157463654306,77.43785280825657,431.33803403231275,0.0
478,4.0,4.294339473325246,0.29433947332524557,80.42480202667974,77.43784335595558,430.87067884218,0.0
479,4.0,4.291855028958222,0.2918550289582216,80.4360837089535,77.43783916211378,430.37503219095873,0.0
480,4.0,4.289308482624881,0.2893084826248806,80.44867126918606,77.43785112849118,429.8669961974572,0.0
481,4.0,4.286725183355492,0.28672518335549224,80.46175219555478,77.43785211527894,429.3516279932142,0.0
482,4.0,4.284165340492765,0.2841653404927653,80.47464549350553,77.43785728557253,428.8409393421002,0.0
483,4.0,4.281607388088439,0.2816073880884389,80.48697163041363,77.43785005960102,428.33062783743713,0.0
484,4.0,4.27910041771939,0.2791004177193903,80.49818568362109,77.43786217522977,427.83048724881195,0.0
485,4.0,4.276661606391561,0.2766616063915608,80.50813641838565,77.43786371979267,427.34394438890996,0.0
486,4.0,4.2742957251932445,0.2742957251932445,80.51672426775733,77.43787056814979,426.8719510898458,0.0
487,4.0,4.272006627076574,0.27200662707657397,80.52390524508583,77.4378580551224,426.41527601557,0.0
488,4.0,4.2698007059289225,0.26980070592892247,80.52964722108669,77.4378642836972,425.9751947466136,0.0
489,4.0,4.267663456336352,0.2676634563363516,80.53393833216023,77.43786139354167,425.5488134528957,0.0
490,4.0,4.2655704699443655,0.2655704699443655,80.53679702391612,77.43787012836137,425.13126266769444,0.0
491,4.0,4.263556067350386,0.26355606735038606,80.53822126223238,77.43787938876086,424.72938935019556,0.0
492,4.0,4.261612706487774,0.26161270648777357,80.53824240775096,77.43787794240066,424.3416888581043,0.0
493,4.0,4.259746926010609,0.25974692601060934,80.53689832646755,77.43787481193348,423.96946565291006,0.0
494,4.0,4.2579413004056565,0.25794130040565655,80.53421048281481,77.43786952039764,423.609243344722,0.0
495,4.0,4.256242006846874,0.2562420068468736,80.53023000448117,77.43785941782632,423.2702342797448,0.0
496,4.0,4.254613274931093,0.254613274931093,80.52495643209592,77.43785160092985,422.9453022625466,0.0
497,4.0,4.2530517787255375,0.2530517787255375,80.5184785512932,77.43785416523217,422.63378376953824,0.0
498,4.0,4.25153659918004,0.25153659918003957,80.51096779901317,77.43785650327257,422.33150545021147,0.0
499,4.0,4.25007527097456,0.25007527097455995,80.5024470062709,77.43786600960726,422.0399704732182,0.0
500,4.0,4.24867050679854,0.24867050679853975,80.49286406177254,77.43786469007398,421.7597200201022,0.0
501,4.0,4.247315613353321,0.24731561335332142,80.48229743414748,77.43785650991978,421.4894187777811,0.0
502,4.0,4.246047169517176,0.2460471695171762,80.47069451030008,77.43785752108715,421.23636423247024,0.0
503,4.0,4.24483205327067,0.24483205327067026,80.45817494917652,77.43785601844452,420.99394854129224,0.0
504,4.0,4.243671454936334,0.2436714549363339,80.44454031314605,77.43785724913245,420.7624091735922,0.0
505,4.0,4.242573444827441,0.2425734448274408,80.42987836868767,77.43786690926093,420.543356156868,0.0
506,4.0,4.241540521054439,0.24154052105443924,80.41423711872221,77.43785923829681,420.3372878641541,0.0
507,4.0,4.2405710373502945,0.2405710373502945,80.39768502192214,77.43785645028565,420.14387586517734,0.0
508,4.0,4.239650414000075,0.23965041400007525,80.38027187438796,77.43785473894926,419.96021150680855,0.0
509,4.0,4.238776061939237,0.2387760619392374,80.3620613819673,77.43785664235355,419.7857782706714,0.0
510,4.0,4.237964674691815,0.23796467469181515,80.34322486054582,77.43785992682221,419.62390651481064,0.0
511,4.0,4.237184242560442,0.23718424256044202,80.32375541571166,77.43785355169075,419.4682103046017,0.0
512,4.0,4.236454365981192,0.23645436598119218,80.30361223418282,77.43785886435762,419.3225999270414,0.0
513,4.0,4.235779044766617,0.23577904476661704,80.28285766868392,77.43786285019874,419.18787334473365,0.0
514,4.0,4.235129458365825,0.235129458365825,80.26149041506763,77.43785691849583,419.0582808577756,0.0
515,4.0,4.234546753074637,0.23454675307463724,80.2395708625034,77.43785448998754,418.94203115218363,0.0
516,4.0,4.233993915735207,0.23399391573520667,80.21696587341488,77.43785867373015,418.8317401029673,0.0
517,4.0,4.233489492375932,0.23348949237593164,80.19372820849091,77.43784917801038,418.7311076427919,0.0
518,4.0,4.233044301711098,0.23304430171109836,80.16993092312232,77.43785153501703,418.64229210515765,0.0
519,4.0,4.232616447247967,0.23261644724796682,80.14562840358901,77.43784005001748,418.55693513976297,0.0
520,4.0,4.232254542100571,0.23225454210057084,80.12092261907652,77.43784816688019,418.4847350628574,0.0
521,4.0,4.231903336719506,0.23190333671950558,80.09585108762235,77.43834404973461,418.4146695893349,0.0
522,4.0,4.231602401948046,0.23160240194804604,80.07036938329693,77.4384735095112,418.35463310242875,0.0
523,4.0,4.231333999547841,0.23133399954784117,80.04459643211199,77.43827523669407,418.30108682358787,0.0
524,4.0,4.231093943179064,0.23109394317906418,80.01837500834046,77.43811318809824,418.25319557801686,0.0
525,4.0,4.230907564658507,0.23090756465850681,79.99175245479647,77.43772559894205,418.21601306316563,0.0
526,4.0,4.230752377142604,0.2307523771426041,79.9647619889892,77.43755294284759,418.18505315374307,0.0
527,4.0,4.230630163767368,0.23063016376736822,79.93750356395873,77.4374932349069,418.1606715853835,0.0
528,4.0,4.230534545036742,0.23053454503674242,79.90993923438474,77.43752312517138,418.14159564862365,0.0
529,4.0,4.230480381340629,0.23048038134062931,79.88211027001394,77.43761697084591,418.1307899912491,0.0
530,4.0,4.230441529056747,0.23044152905674675,79.85408246706604,77.43773946939828,418.12303896061456,0.0
531,4.0,4.230439280003807,0.2304392800038073,79.8259088304457,77.43786414695462,418.12259027455315,0.0
532,4.0,4.230460350514879,0.23046035051487923,79.79759719123726,77.43795742040018,418.1267938415119,0.0
533,4.0,4.230503084731932,0.23050308473193226,79.76909484178219,77.43802662775973,418.13531931781404,0.0
534,4.0,4.230574608181699,0.23057460818169861,79.74043347113337,77.43804713533956,418.1495882460424,0.0
535,4.0,4.230668250380224,0.23066825038022376,79.71169390903488,77.43801978591847,418.16826986464815,0.0
536,4.0,4.230788334331192,0.2307883343311916,79.68286660257947,77.43796187384959,418.1922266128663,0.0
537,4.0,4.230930987116274,0.2309309871162739,79.65392763842222,77.43789607668114,418.22068584349023,0.0
538,4.0,4.231090862166071,0.231090862166071,79.62487749087508,77.43785441542589,418.2525809159247,0.0
539,4.0,4.23127589987309,0.23127589987308994,79.59574566477005,77.43780700573699,418.289495938475,0.0
540,4.0,4.231481841701146,0.23148184170114572,79.56655759373328,77.43777986295771,418.3305813331721,0.0
541,4.0,4.231715590132263,0.2317155901322634,79.53735598020104,77.43777942348937,418.37721414518006,0.0
542,4.0,4.231973028682268,0.2319730286822681,79.50813112442322,77.43777684352025,418.42857313590605,0.0
543,4.0,4.23224357797358,0.23224357797357964,79.47888426086672,77.43779262732954,418.4825477195227,0.0
544,4.0,4.232533869718983,0.23253386971898315,79.4496566554966,77.4378225265218,418.5404609227307,0.0
545,4.0,4.232832904756441,0.23283290475644058,79.42048638242493,77.43784972950085,418.6001184127034,0.0
546,4.0,4.2331593330373405,0.2331593330373405,79.39132878517029,77.43786789841151,418.665240854743,0.0
547,4.0,4.23349917095495,0.23349917095494988,79.3622292277048,77.43789665411022,418.7330385193061,0.0
548,4.0,4.23384445190371,0.2338444519037104,79.3332464288132,77.43790857346445,418.8019220685838,0.0
549,4.0,4.234212461581139,0.23421246158113895,79.30436807927921,77.43790429067249,418.8753399992308,0.0
550,4.0,4.234586941477008,0.23458694147700765,79.27556171647782,77.4378817417357,418.95004873845653,0.0
551,4.0,4.2349752733783665,0.23497527337836654,79.24687740064529,77.43784809874718,419.0275209527777,0.0
552,4.0,4.235376052097624,0.23537605209762358,79.21828978334835,77.43784578684884,419.10747630726945,0.0
553,4.0,4.235789567828165,0.2357895678281654,79.18978069541573,77.43781558788807,419.18997269551255,0.0
554,4.0,4.236209659157657,0.23620965915765701,79.16143309038095,77.43781134773276,419.2737809157461,0.0
555,4.0,4.2366380190241655,0.23663801902416548,79.13325432854488,77.43781820881715,419.35923870911455,0.0
556,4.0,4.237082303151082,0.23708230315108203,79.10520530924374,77.43783100619429,419.4478733924344,0.0
557,4.0,4.237536111549224,0.2375361115492236,79.07728907105026,77.43784835718554,419.5384081678636,0.0
558,4.0,4.2379990749287595,0.2379990749287595,79.0495256094131,77.43785745567655,419.6307693620811,0.0
559,4.0,4.238468530376923,0.23846853037692295,79.02194526107688,77.4378804107108,419.72442572398967,0.0
560,4.0,4.238947712907279,0.23894771290727856,78.99450724429217,77.43787595064691,419.82002263879565,0.0
561,4.0,4.23943981393856,0.23943981393856006,78.9672494333868,77.43787468188422,419.91819679453624,0.0
562,4.0,4.239941696103765,0.2399416961037648,78.94022394908261,77.43787449873633,420.01832228649465,0.0
563,4.0,4.2404346058312115,0.24043460583121146,78.91340422200884,77.437865859351,420.1166577771202,0.0
564,4.0,4.240943051924306,0.24094305192430632,78.88676155504182,77.43787041291786,420.2180927726926,0.0
565,4.0,4.241458748159253,0.2414587481592534,78.86032072960106,77.43786465242366,420.3209741715646,0.0
566,4.0,4.241981412556672,0.24198141255667238,78.8341194218346,77.43786925838266,420.4252457188497,0.0
567,4.0,4.242511244947134,0.24251124494713405,78.80811511658388,77.43787516548096,420.5309472807468,0.0
568,4.0,4.243040901359424,0.24304090135942413,78.7823277137976,77.43786727434194,420.6366137349986,0.0
569,4.0,4.24357852759316,0.24357852759315968,78.7567742312591,77.43786810483786,420.74387016862886,0.0
570,4.0,4.24411638508842,0.24411638508841982,78.73146884986096,77.4378605059254,420.8511727389333,0.0
571,4.0,4.244657999280955,0.244657999280955,78.70639787459939,77.43785831358399,420.9592247703441,0.0
572,4.0,4.245204455332661,0.24520445533266066,78.68157998876033,77.43785576028989,421.0682427526594,0.0
573,4.0,4.245756714724371,0.24575671472437133,78.65700383611023,77.43785897026308,421.17841850130566,0.0
574,4.0,4.2463042105440305,0.2463042105440305,78.63269512753702,77.43784975487851,421.28764391732767,0.0
575,4.0,4.2468578684668365,0.24685786846683655,78.60861701269305,77.43784973770948,421.39809867292746,0.0
576,4.0,4.247418679350908,0.24741867935090767,78.58479073651553,77.43785136934103,421.5099804442996,0.0
577,4.0,4.247976319207382,0.24797631920738183,78.56120992786879,77.4378582364996,421.62122959566625,0.0
578,4.0,4.248533151753975,0.24853315175397483,78.53792377407792,77.43786061085574,421.73231768871153,0.0
579,4.0,4.249092710027796,0.24909271002779576,78.51488686017586,77.43785445648,421.84394956433874,0.0
580,4.0,4.249650077862915,0.24965007786291515,78.49211863902023,77.43785668411066,421.95514444744515,0.0
581,4.0,4.250215413028125,0.25021541302812533,78.46961277785789,77.43784762402426,422.06792881290454,0.0
582,4.0,4.250278049640231,0.25027804964023126,78.44738323114038,77.43784476902381,422.0804248170197,0.0
583,4.0,4.250837496948629,0.25083749694862867,78.42540066536223,77.43784798599515,422.192034555045,0.0
584,4.0,4.251405002236907,0.25140500223690676,78.40358462423484,77.43785720635886,422.30525186005644,0.0
585,4.0,4.251964312165954,0.2519643121659536,78.38198079191454,77.43785264674514,422.4168341909013,0.0
586,4.0,4.252540103267241,0.25254010326724075,78.36061158818117,77.43784626435556,422.53170451560806,0.0
587,4.0,4.253112073083174,0.25311207308317396,78.33950764868864,77.437850472191,422.64581249388675,0.0
588,4.0,4.253676329335546,0.25367632933554596,78.31865471765565,77.43785351320213,422.758381616235,0.0
589,4.0,4.2542386101474055,0.25423861014740545,78.29806318318163,77.43785364682185,422.8705566382009,0.0
590,4.0,4.254802071378575,0.2548020713785748,78.27773617790899,77.43785386041024,422.98296715381923,0.0
591,4.0,4.255368140889516,0.25536814088951587,78.25770705797107,77.4378580192698,423.095898021252,0.0
592,4.0,4.255924275568145,0.25592427556814457,78.23794898994124,77.4378581390422,423.2068468896384,0.0
593,4.0,4.256481946430799,0.2564819464307986,78.21848081179205,77.43785453375152,423.31810222673784,0.0
594,4.0,4.257042756853992,0.25704275685399214,78.19928346187884,77.43785261955348,423.4299839061649,0.0
595,4.0,4.257586912620356,0.25758691262035605,78.1803647358847,77.43785984215525,423.5385429815546,0.0
596,4.0,4.258148521770677,0.2581485217706767,78.16170857280484,77.43785004165177,423.65058400704356,0.0
597,4.0,4.258698968187947,0.2586989681879466,78.14336534522774,77.43784524489699,423.76039806728886,0.0
598,4.0,4.259232255837574,0.25923225583757414,78.12531096322394,77.43783297273254,423.86678895338963,0.0
599,4.0,4.259778718091435,0.25977871809143505,78.10753051338934,77.4378357146876,423.9758081730348,0.0
600,4.0,4.260309223221992,0.26030922322199235,78.09003421870776,77.43785606183545,424.08164394658104,0.0
601,4.0,4.260836959767194,0.260836959767194,78.07281056662664,77.43785962266551,424.18692738734876,0.0
602,4.0,4.2613708267283625,0.26137082672836254,78.05586399642755,77.43787070745287,424.29343384610183,0.0
603,4.0,4.2618832686099495,0.2618832686099495,78.03922698324513,77.43789410884136,424.39566600147845,0.0
604,4.0,4.262410263496249,0.26241026349624885,78.02285435538134,77.43789070849452,424.5008014812952,0.0
605,4.0,4.2629163690004885,0.26291636900048854,78.00675527544244,77.43789407419229,424.60176952939094,0.0
606,4.0,4.2634248079108685,0.26342480791086853,77.9909330004288,77.43788029841987,424.7032030920118,0.0
607,4.0,4.263910534476124,0.2639105344761239,77.97582776230212,77.43787488717578,424.8001055417802,0.0
608,4.0,4.26439860463471,0.2643986046347102,77.96067828966987,77.4378692297121,424.8974755384183,0.0
609,4.0,4.264892966461792,0.26489296646179206,77.9457457362959,77.43784828817195,424.9961007229211,0.0
610,4.0,4.2653682748033965,0.26536827480339653,77.93114544504651,77.43782323705996,425.09092473707113,0.0
611,4.0,4.265872139311098,0.26587213931109765,77.91647269253764,77.43782180856559,425.1914457063575,0.0
612,4.0,4.266351878017023,0.26635187801702287,77.90211195841435,77.43781712903012,425.2871535781896,0.0
613,4.0,4.266832175516365,0.26683217551636496,77.88804518540447,77.43782627696528,425.3829729293084,0.0
614,4.0,4.267308617777752,0.2673086177777524,77.8742643320148,77.43784731453323,425.4780231604551,0.0
615,4.0,4.267782634735826,0.2677826347358261,77.86074639544329,77.43785552562946,425.5725895435909,0.0
616,4.0,4.268245849105741,0.2682458491057407,77.84751535789971,77.43787452537576,425.6650008103888,0.0
617,4.0,4.268704922273514,0.26870492227351406,77.83455894525035,77.4378843364038,425.7565859073596,0.0
618,4.0,4.269150622846412,0.26915062284641156,77.82185873611151,77.43787337531991,425.8455031716527,0.0
619,4.0,4.269595643719896,0.26959564371989586,77.8093826341389,77.43787601694058,425.93428483591276,0.0
620,4.0,4.270028009278426,0.27002800927842596,77.7971493519638,77.43787420337974,426.02054176483955,0.0
621,4.0,4.27046977573564,0.2704697757356396,77.78514928632143,77.43787127157898,426.1086741730536,0.0
622,4.0,4.270899018957913,0.2708990189579126,77.77339582880977,77.43786809781312,426.19430819589707,0.0
623,4.0,4.271319914883464,0.2713199148834642,77.76187386403335,77.4378642478453,426.2782769330446,0.0
624,4.0,4.271738529974589,0.2717385299745887,77.75062072153578,77.43785556613896,426.36179064372396,0.0
625,4.0,4.272144063097779,0.2721440630977794,77.73959497627233,77.43786159891248,426.44269450180053,0.0
626,4.0,4.272560536846617,0.2725605368466173,77.72879656250346,77.43784771249521,426.5257810146937,0.0
627,4.0,4.272960262734138,0.27296026273413787,77.71819881026164,77.43784416224177,426.605526329254,0.0
628,4.0,4.273353466895448,0.2733534668954478,77.7078116143386,77.43784536363498,426.68397055943535,0.0
629,4.0,4.273751825063266,0.27375182506326556,77.69763789408013,77.4378468453484,426.76344301391504,0.0
630,4.0,4.274133588862308,0.2741335888623082,77.6876873669496,77.43784808850236,426.839604891824,0.0
631,4.0,4.274520431941316,0.27452043194131637,77.67794509971354,77.43786071467865,426.91678008608613,0.0
632,4.0,4.274894998838316,0.2748949988383158,77.66843084728534,77.4378770497373,426.99150618203754,0.0
633,4.0,4.275257559462567,0.2752575594625668,77.65910423091633,77.43787693774392,427.0638370265756,0.0
634,4.0,4.275625663863727,0.27562566386372733,77.65002218957619,77.43787846344955,427.13727385460714,0.0
635,4.0,4.275981088232708,0.27598108823270806,77.6411655257712,77.43787967902027,427.20818101621876,0.0
636,4.0,4.276331367772324,0.2763313677723236,77.63250328584827,77.43786757479104,427.2780617843721,0.0
637,4.0,4.276677784622957,0.2766777846229571,77.62405707485479,77.43785171634373,427.34717194607344,0.0
638,4.0,4.277020018386198,0.2770200183861977,77.61580373400571,77.43783908816313,427.41544758183994,0.0
639,4.0,4.277364086085863,0.27736408608586327,77.60772070719943,77.437841157823,427.4840890879232,0.0
640,4.0,4.277687217752266,0.27768721775226624,77.59981009871522,77.43784215958533,427.54855385537064,0.0
641,4.0,4.278023003107572,0.2780230031075721,77.59207886471496,77.43786040569093,427.61554303375414,0.0
642,4.0,4.278348772608469,0.278348772608469,77.58453368345447,77.4378580053715,427.6805340491831,0.0
643,4.0,4.278659621247685,0.2786596212476846,77.57717673306583,77.43786740046471,427.74254835270665,0.0
644,4.0,4.278969747387175,0.2789697473871753,77.57000725657048,77.43787013131787,427.80441851753494,0.0
645,4.0,4.279275541067322,0.2792755410673218,77.56301362106106,77.43788169547689,427.8654243567242,0.0
646,4.0,4.279580220876523,0.27958022087652257,77.5562080357582,77.43788330667105,427.9262079786598,0.0
647,4.0,4.279881892023821,0.27988189202382063,77.54957344857299,77.43788038525267,427.98639137254577,0.0
648,4.0,4.280164892676722,0.28016489267672195,77.54314970642501,77.43787818666304,428.0428500027996,0.0
649,4.0,4.280449742282483,0.2804497422824834,77.53690506839268,77.43788091590375,428.099677499149,0.0
650,4.0,4.280732885321646,0.28073288532164575,77.5308204929537,77.43787225857425,428.1561645354618,0.0
651,4.0,4.281011955659941,0.28101195565994086,77.52489387930989,77.43785497616771,428.2118390679517,0.0
652,4.0,4.28128233233541,0.2812823323354099,77.51913186529154,77.43783615422645,428.2657792147078,0.0
653,4.0,4.281532211578816,0.28153221157881614,77.51352355862322,77.43782967470878,428.3156301237674,0.0
654,4.0,4.281800077695717,0.281800077695717,77.50805857546466,77.43783936193728,428.36906941408904,0.0
655,4.0,4.282051857156258,0.282051857156258,77.50272508063662,77.4378577545355,428.4192994164671,0.0
656,4.0,4.282301829570375,0.2823018295703754,77.49755960510484,77.43786551767168,428.4691689130835,0.0
657,4.0,4.2825429640505925,0.28254296405059254,77.4925290008011,77.4378695428257,428.5172752418867,0.0
658,4.0,4.282770600776789,0.2827706007767894,77.48765339238079,77.43786394752479,428.56268876876305,0.0
659,4.0,4.283005147676161,0.28300514767616125,77.48289697632119,77.43787721558107,428.60948087518767,0.0
660,4.0,4.283236391990013,0.2832363919900134,77.47827135701492,77.43787684068359,428.6556141158012,0.0
661,4.0,4.283465315533561,0.2834653155335607,77.47379080505762,77.43786742233486,428.7012843627389,0.0
662,4.0,4.283695486019944,0.2836954860199441,77.46943565077977,77.43786400579026,428.7472033747724,0.0
663,4.0,4.283907403456415,0.2839074034564151,77.465186632112,77.4378644695826,428.78948090334836,0.0
664,4.0,4.2841179588208025,0.2841179588208025,77.46107164971816,77.43786518226099,428.83148669854364,0.0
665,4.0,4.284315914638438,0.2843159146384382,77.45708228884611,77.43785880802577,428.87097888416196,0.0
666,4.0,4.284528348313369,0.28452834831336915,77.45322902357663,77.43785448887472,428.91335940231073,0.0
667,4.0,4.2847348497505084,0.28473484975050845,77.44950259992521,77.43786379183346,428.95455643902,0.0
668,4.0,4.28543379553128,0.28543379553128023,77.44591785006567,77.43786118474962,429.09399612228395,0.0
669,4.0,4.285621901409243,0.28562190140924315,77.44250520081829,77.43785753916221,429.13152324493757,0.0
670,4.0,4.285797649287952,0.2857976492879519,77.43929116158766,77.43786455382643,429.16658494673993,0.0
671,4.0,4.28596426060039,0.28596426060039004,77.43623635168561,77.43785580974918,429.19982390357137,0.0
672,4.0,4.286124422310388,0.2861244223103876,77.43332292893324,77.43784988284355,429.2317761647159,0.0
673,4.0,4.286277204037786,0.2862772040377859,77.43053923658678,77.43785150795084,429.2622561193319,0.0
674,4.0,4.2864258109753575,0.28642581097535746,77.42787280348031,77.43785471878522,429.2919032033774,0.0
675,4.0,4.28658330795254,0.28658330795254017,77.42532670528038,77.43783574749595,429.3233238503253,0.0
676,4.0,4.286733670752535,0.2867336707525352,77.42288606831035,77.43784256118626,429.3533212289243,0.0
677,4.0,4.286886257262514,0.2868862572625144,77.42053908747347,77.43784443486375,429.38376223766517,0.0
678,4.0,4.287026976992918,0.2870269769929177,77.41830491570869,77.43785868916729,429.4118358238806,0.0
679,4.0,4.287165105074259,0.2871651050742594,77.41614832085462,77.43786367598588,429.43939237610823,0.0
680,4.0,4.287298916483834,0.28729891648383443,77.41408502434435,77.43786955579529,429.4660877523185,0.0
681,4.0,4.2874270166914155,0.28742701669141546,77.41210956099054,77.43787495578407,429.49164374373095,0.0
682,4.0,4.287554904700474,0.28755490470047373,77.4102105140396,77.43789132472278,429.51715740153804,0.0
683,4.0,4.287675292788265,0.28767529278826487,77.40839213221885,77.43789085895664,429.54117482505234,0.0
684,4.0,4.287792313158609,0.28779231315860887,77.40664625929512,77.43787611308488,429.564520388936,0.0
685,4.0,4.287903021740974,0.2879030217409744,77.40497038431884,77.43787753582122,429.5866067511179,0.0
686,4.0,4.288008393421418,0.2880083934214177,77.40337331838907,77.43788577900202,429.6076284013664,0.0
687,4.0,4.288118432949605,0.28811843294960493,77.40182818328854,77.43788189981082,429.6295812872397,0.0
688,4.0,4.288219116124894,0.28821911612489437,77.400361535246,77.43786784820415,429.64966758070995,0.0
689,4.0,4.288328507273552,0.28832850727355197,77.39894434249193,77.43787370886051,429.67149111486714,0.0
690,4.0,4.288439498442058,0.28843949844205774,77.39760642290817,77.43786388952665,429.6936338529841,0.0
691,4.0,4.288552861569741,0.288552861569741,77.39631862993043,77.43785821848003,429.71624979695684,0.0
692,4.0,4.288655941125951,0.28865594112595083,77.39507158984254,77.43785741895957,429.7368141684208,0.0
693,4.0,4.288753503150883,0.28875350315088344,77.39390816738045,77.43785960143038,429.75627779239477,0.0
694,4.0,4.288852130901306,0.2888521309013061,77.39281362176725,77.43785199956896,429.7759540286041,0.0
695,4.0,4.288941899125839,0.288941899125839,77.39179093882366,77.437845582546,429.7938627893984,0.0
696,4.0,4.289035333982794,0.2890353339827936,77.39082380932652,77.43784670564891,429.81250304336083,0.0
697,4.0,4.289119383387013,0.28911938338701315,77.3899348151294,77.43784898714073,429.82927089950266,0.0
698,4.0,4.289197795858214,0.2891977958582137,77.38908352684165,77.43784757931324,429.8449141875072,0.0
699,4.0,4.289279376184134,0.28927937618413413,77.38828237082507,77.43784548983146,429.86118946252833,0.0
700,4.0,4.2893526145268925,0.28935261452689254,77.38752449483435,77.43784583331956,429.8758005119086,0.0
701,4.0,4.289430129644896,0.289430129644896,77.38682395220086,77.43784734281235,429.8912647779503,0.0
702,4.0,4.2895009016518335,0.2895009016518335,77.38616184671196,77.43785287474603,429.9053837933343,0.0
703,4.0,4.289567251377874,0.289567251377874,77.38556353543993,77.43786548593711,429.9186205636794,0.0
704,4.0,4.289637638183143,0.2896376381831427,77.38501086621328,77.43786120353562,429.93266273133054,0.0
705,4.0,4.289701260272027,0.28970126027202703,77.38449221023727,77.43786291077161,429.94535533806294,0.0
706,4.0,4.289766762118098,0.2897667621180977,77.38402129394872,77.43786648536494,429.958422956354,0.0
707,4.0,4.289822703381237,0.28982270338123683,77.3835787966868,77.43786012958931,429.96958323835025,0.0
708,4.0,4.289879997422622,0.2898799974226218,77.38318873845076,77.43784902168797,429.98101339960664,0.0
709,4.0,4.289939569542568,0.28993956954256817,77.38283122555308,77.43785582232685,429.9928980375359,0.0
710,4.0,4.289994154480164,0.28999415448016386,77.38252526708017,77.4378471949647,430.0037877325862,0.0
711,4.0,4.290045331511745,0.2900453315117453,77.38225197691953,77.43785469760402,430.0139975503867,0.0
712,4.0,4.290089466816431,0.2900894668164309,77.38201607741237,77.43783897440754,430.0228025436715,0.0
713,4.0,4.290134214613572,0.29013421461357236,77.38181074871999,77.43784862767107,430.0317297292013,0.0
714,4.0,4.290180527204848,0.2901805272048481,77.3816412204551,77.43785084508266,430.0409690911607,0.0
715,4.0,4.29022524528539,0.29022524528538973,77.38149085261993,77.43785829636926,430.0498903482288,0.0
716,4.0,4.290268138573493,0.2902681385734933,77.3813798026428,77.43785750699753,430.0584475592055,0.0
717,4.0,4.290304555324079,0.29030455532407906,77.38128633929641,77.43785586677807,430.06571270094736,0.0
718,4.0,4.290342057116867,0.29034205711686667,77.38122452179738,77.4378712689606,430.07319430860844,0.0
719,4.0,4.290384395543184,0.2903843955431844,77.38119390383058,77.43786613094544,430.0816408246588,0.0
720,4.0,4.290422526305529,0.29042252630552934,77.38121036755163,77.43787282837907,430.0892479117466,0.0
721,4.0,4.290461014171346,0.2904610141713464,77.38122999279078,77.43786404706681,430.0969262409771,0.0
722,4.0,4.290492073580055,0.29049207358005535,77.38127156654446,77.43785771319864,430.1031225930146,0.0
723,4.0,4.290527404607178,0.29052740460717796,77.38136092870552,77.43786955268715,430.11017113292553,0.0
724,4.0,4.290565026108901,0.2905650261089008,77.38144738876883,77.43786728259306,430.11767662251924,0.0
725,4.0,4.2905969236286206,0.29059692362862055,77.3815826682698,77.43786956369745,430.12404017770336,0.0
726,4.0,4.290628008783286,0.290628008783286,77.38171339275281,77.43785256284957,430.13024166605913,0.0
727,4.0,4.290648792609101,0.29064879260910104,77.38188266940752,77.43785440262855,430.1343880393092,0.0
728,4.0,4.290677748034989,0.29067774803498914,77.38205820089453,77.43785808641755,430.1401646467739,0.0
729,4.0,4.2907072713691825,0.2907072713691825,77.38227469774527,77.4378594458001,430.14605455194544,0.0
730,4.0,4.290730049446286,0.2907300494462861,77.38249441883478,77.43785922411182,430.1505987783276,0.0
731,4.0,4.290750881355889,0.2907508813558888,77.38273963452565,77.43785688561643,430.15475474429337,0.0
732,4.0,4.290767698833352,0.29076769883335185,77.38299643630913,77.43785741091925,430.1581098310472,0.0
733,4.0,4.29078838121083,0.29078838121083006,77.3832763497475,77.43785073972052,430.1622359653541,0.0
734,4.0,4.290812119215339,0.2908121192153388,77.38355876283345,77.43783967839236,430.16697169725364,0.0
735,4.0,4.290831563799766,0.2908315637997658,77.38386419440795,77.43784221164456,430.1708508918468,0.0
736,4.0,4.290850551282257,0.290850551282257,77.38419066894706,77.43785186461523,430.17463889460385,0.0
737,4.0,4.290864476107275,0.2908644761072754,77.38452203069062,77.43785616868801,430.17741689719503,0.0
738,4.0,4.290880517453111,0.29088051745311105,77.38487282818892,77.4378668730447,430.18061714568915,0.0
739,4.0,4.290900045021134,0.2909000450211341,77.38523116039673,77.4378629207246,430.18451289550984,0.0
740,4.0,4.290918057293141,0.29091805729314135,77.38559761455403,77.43786381512002,430.18810634377525,0.0
741,4.0,4.290936153671873,0.29093615367187287,77.38598175146795,77.43785673469787,430.19171657133217,0.0
742,4.0,4.290946215653906,0.2909462156539062,77.38637636547266,77.43785537793073,430.19372393674786,0.0
743,4.0,4.290962598931291,0.29096259893129073,77.38677859035914,77.43784946969434,430.19699240058605,0.0
744,4.0,4.290982216306537,0.29098221630653676,77.38719929561778,77.43785175432059,430.20090606694765,0.0
745,4.0,4.290996039970164,0.2909960399701639,77.38762207310435,77.43784899359261,430.2036638878413,0.0
746,4.0,4.291011618427292,0.29101161842729173,77.38807720810676,77.43785692747824,430.20677179003826,0.0
747,4.0,4.291019299692015,0.2910192996920147,77.3885275479972,77.43784415645088,430.20830420235046,0.0
748,4.0,4.291029121320141,0.2910291213201406,77.38900329222437,77.4378393164945,430.2102636171616,0.0
749,4.0,4.291041105671369,0.2910411056713693,77.38947203296286,77.43784236438574,430.21265449523173,0.0
750,4.0,4.2910512680316835,0.29105126803168346,77.38995442888029,77.43783836200728,430.2146818861144,0.0
751,4.0,4.291059569161314,0.29105956916131426,77.39046398961071,77.43785174811853,430.21633796147574,0.0
752,4.0,4.291062834108339,0.291062834108339,77.39095556590853,77.43786188815395,430.21698931840723,0.0
753,4.0,4.291071738087702,0.2910717380877017,77.39146705203497,77.43787052427906,430.21876566229,0.0
754,4.0,4.291082974298714,0.291082974298714,77.39198127770571,77.43786669268614,430.22100728638696,0.0
755,4.0,4.29109006978925,0.29109006978924956,77.39251897586732,77.4378731125192,430.2224228367489,0.0
756,4.0,4.291096165723645,0.29109616572364505,77.3930618986692,77.43787690666976,430.2236389756607,0.0
757,4.0,4.2910978149727725,0.29109781497277254,77.39360181122025,77.43786536305606,430.22396800086165,0.0
758,4.0,4.291104147717472,0.29110414771747184,77.39415326168834,77.43785936435717,430.22523138342916,0.0
759,4.0,4.291111500585836,0.2911115005858358,77.3947119140497,77.43785255090789,430.2266982806678,0.0
760,4.0,4.291113727521527,0.29111372752152676,77.39527340792193,77.43785467222594,430.2271425543381,0.0
761,4.0,4.291116611516522,0.2911166115165216,77.39584865279011,77.43784223739146,430.22771791133954,0.0
762,4.0,4.291115551347663,0.2911155513476631,77.39642642884111,77.43784798375621,430.2275064076523,0.0
763,4.0,4.291119534094381,0.2911195340943813,77.39700755748183,77.43785207613432,430.22830096562257,0.0
764,4.0,4.291124806185983,0.2911248061859828,77.39761003381703,77.43785948990259,430.2293527478971,0.0
765,4.0,4.2911298378776666,0.29112983787766655,77.39820054317808,77.43785627504627,430.230356570388,0.0
766,4.0,4.291134474747974,0.2911344747479738,77.39878917167168,77.43785327957048,430.2312816260144,0.0
767,4.0,4.291133767585226,0.2911337675852259,77.39938478111691,77.43784933247679,430.23114054704615,0.0
768,4.0,4.291133881718399,0.29113388171839905,77.3999911792806,77.43785128854621,430.2311633166142,0.0
769,4.0,4.291121168259639,0.29112116825963863,77.40060373191756,77.43784697496426,430.22862698159145,0.0
770,4.0,4.291100547881578,0.2911005478815776,77.40122072117329,77.43786833324866,430.22451321616825,0.0
771,4.0,4.29108702343664,0.2910870234366403,77.40182188291656,77.43787591362792,430.2218150894033,0.0
772,4.0,4.291067208333682,0.2910672083336818,77.40241873173913,77.4378799788897,430.21786197636305,0.0
773,4.0,4.2910553926609785,0.29105539266097846,77.40302170735417,77.43786820354278,430.21550474965875,0.0
774,4.0,4.291046217238488,0.2910462172384882,77.40362586594237,77.43785842753573,430.2136742528719,0.0
775,4.0,4.291026207031574,0.29102620703157367,77.40421004626008,77.43785017502805,430.20968221659246,0.0
776,4.0,4.291013152746145,0.29101315274614503,77.4048031717693,77.43784974632786,430.2070778866495,0.0
777,4.0,4.290994518567989,0.29099451856798897,77.40538054211659,77.43784798765111,430.2033603681073,0.0
778,4.0,4.29098309065941,0.2909830906594104,77.40595873885277,77.43785820711848,430.20108050034594,0.0
779,4.0,4.290973443427566,0.2909734434275659,77.40652721927779,77.43786958110327,430.19915587759294,0.0
780,4.0,4.2909574643864365,0.29095746438643655,77.40708750901857,77.43786325583984,430.1959680588876,0.0
781,4.0,4.290948851049312,0.2909488510493121,77.40764374504478,77.43786243191363,430.19424969813133,0.0
782,4.0,4.290935084282008,0.2909350842820082,77.40819293689397,77.43786094785553,430.19150322805416,0.0
783,4.0,4.2909275612409115,0.29092756124091146,77.40873671001255,77.43786660699845,430.1900023813554,0.0
784,4.0,4.290923288911856,0.2909232889118556,77.40928024973427,77.43788502697794,430.18915005170874,0.0
785,4.0,4.290907982463397,0.29090798246339666,77.4098132201936,77.43788964941848,430.18609641524114,0.0
786,4.0,4.290900748243086,0.29090074824308587,77.41034858861916,77.43788796341627,430.1846531882892,0.0
787,4.0,4.290886088444924,0.2908860884449238,77.41086749925847,77.43788889818097,430.18172855855585,0.0
788,4.0,4.290874217777695,0.29087421777769507,77.41139370377383,77.43787307129453,430.17936036044375,0.0
789,4.0,4.290867938382402,0.29086793838240244,77.41191505349101,77.43786182680867,430.1781076210828,0.0
790,4.0,4.290854042150204,0.2908540421502037,77.412421798008,77.4378536077955,430.17533532275917,0.0
791,4.0,4.290845325005514,0.2908453250055141,77.41291992134998,77.43784881305099,430.17359625239357,0.0
792,4.0,4.290834244488829,0.29083424448882944,77.41342387966961,77.43783530654812,430.17138568931506,0.0
793,4.0,4.29082317431204,0.29082317431203997,77.41392925430753,77.4378322034844,430.16917718904546,0.0
794,4.0,4.290816674479987,0.29081667447998694,77.41442418594835,77.43784562882325,430.16788047255096,0.0
795,4.0,4.290803521768123,0.2908035217681233,77.41491753000784,77.43785612296601,430.16525650653415,0.0
796,4.0,4.290794100196144,0.2907941001961438,77.41539796846627,77.43785993004273,430.1633769029242,0.0
797,4.0,4.2907860880520134,0.29078608805201345,77.4158689824299,77.43786702569001,430.1617784801702,0.0
798,4.0,4.290774555208254,0.29077455520825435,77.41634751049126,77.43788067509765,430.1594776778403,0.0
799,4.0,4.290765257244874,0.2907652572448738,77.41682572510481,77.43787993369241,430.15762273414583,0.0
800,4.0,4.29075795321586,0.2907579532158602,77.417293570257,77.43787201366823,430.15616558035765,0.0
801,4.0,4.290755560691325,0.29075556069132524,77.41774641247717,77.43787391182389,430.15568827171296,0.0
802,4.0,4.2907502758539415,0.29075027585394153,77.41820983373,77.4378702127519,430.15463394665494,0.0
803,4.0,4.290738735268118,0.29073873526811767,77.41867730969192,77.43785831656447,430.152331599783,0.0
804,4.0,4.290731449099182,0.2907314490991819,77.41913203623692,77.43785688864631,430.1508780090804,0.0
805,4.0,4.2907249777074705,0.2907249777074705,77.41957206291423,77.43786031887255,430.1495869664339,0.0
806,4.0,4.290719124696877,0.290719124696877,77.42001693613861,77.43784708163936,430.14841929082047,0.0
807,4.0,4.290711981925362,0.2907119819253623,77.42045627715818,77.43784892400798,430.14699430790336,0.0
808,4.0,4.290704968659983,0.2907049686599832,77.42088688161222,77.43784979835642,430.14559516146016,0.0
809,4.0,4.290700438955658,0.2907004389556578,77.42133028534104,77.43785786271967,430.14469148544725,0.0
810,4.0,4.290694470400781,0.2906944704007808,77.42175804464358,77.43785997049845,430.1435007587493,0.0
811,4.0,4.290687054208716,0.2906870542087159,77.42218632159289,77.4378573629772,430.1420212284324,0.0
812,4.0,4.290678580382649,0.29067858038264927,77.4226304837293,77.43786103134259,430.14033070013204,0.0
813,4.0,4.290673588275504,0.2906735882755038,77.42305983136094,77.43785647117465,430.1393347747565,0.0
814,4.0,4.29066994606551,0.2906699460655098,77.42348082484037,77.43786052889695,430.1386081538628,0.0
815,4.0,4.290666028131008,0.2906660281310076,77.42390679440831,77.43785292653754,430.1378265259296,0.0
816,4.0,4.290663491663306,0.29066349166330596,77.42433664225382,77.4378627143215,430.1373205006231,0.0
817,4.0,4.290657266526812,0.2906572665268117,77.42476263812001,77.43785489568586,430.1360785858925,0.0
818,4.0,4.290652240125918,0.29065224012591795,77.425186207883,77.43785299591678,430.1350758189141,0.0
819,4.0,4.290650846197456,0.2906508461974564,77.42561464448067,77.43784715171252,430.1347977301861,0.0
820,4.0,4.2906452232704435,0.2906452232704435,77.4260393783869,77.43784167732971,430.13367595624703,0.0
821,4.0,4.2906442989235165,0.2906442989235165,77.42645934216756,77.43784857116233,430.1334915490351,0.0
822,4.0,4.290641416553564,0.290641416553564,77.4268666296935,77.43785422875564,430.13291651622956,0.0
823,4.0,4.2906350981409345,0.29063509814093447,77.4272847126383,77.43785699380062,430.13165599290994,0.0
824,4.0,4.290632714957396,0.29063271495739595,77.42770219743312,77.43785119665708,430.131180547794,0.0
825,4.0,4.290620973631567,0.290620973631567,77.42811892269052,77.43784140894702,430.12883815329116,0.0
826,4.0,4.290595998763821,0.2905959987638207,77.42852801019221,77.43785811351512,430.12385566717575,0.0
827,4.0,4.290569486951221,0.2905694869512212,77.42894563431808,77.43786236126694,430.1185665605622,0.0
828,4.0,4.290542296549842,0.29054229654984187,77.42934350237243,77.4378603139932,430.113142075487,0.0
829,4.0,4.290522961268958,0.29052296126895794,77.4297404497313,77.43785354716351,430.1092846869506,0.0
830,4.0,4.290501566130722,0.29050156613072176,77.43012336232673,77.43785196864029,430.1050163568725,0.0
831,4.0,4.290480256453311,0.29048025645331066,77.43050153563914,77.43785494384194,430.100765076229,0.0
832,4.0,4.29046011256596,0.2904601125659596,77.43085867343788,77.4378563866479,430.0967463707025,0.0
833,4.0,4.290438839932366,0.2904388399323663,77.43119777570632,77.43785211024344,430.0925024803006,0.0
834,4.0,4.290422915572576,0.2904229155725764,77.4315363830752,77.43785054738024,430.08932557052253,0.0
835,4.0,4.290403503105663,0.2904035031056633,77.43187392836583,77.43784879468637,430.0854527833734,0.0
836,4.0,4.290387092514222,0.290387092514222,77.43218290619456,77.43784509226083,430.0821788703808,0.0
837,4.0,4.290365867205015,0.2903658672050149,77.43250196146025,77.43783417338649,430.077944421194,0.0
838,4.0,4.29034350960602,0.2903435096060196,77.43280304497492,77.43783400793482,430.0734840801945,0.0
839,4.0,4.290328552736453,0.29032855273645275,77.43309219527681,77.43783706006049,430.07050018471585,0.0
840,4.0,4.290313048890382,0.2903130488903818,77.43336561236981,77.43783570830499,430.06740716742473,0.0
841,4.0,4.290299723948681,0.29029972394868064,77.4336317146091,77.4378447249228,430.06474884155534,0.0
842,4.0,4.290285438867316,0.2902854388673157,77.43387673655549,77.43787007163546,430.06189896782297,0.0
843,4.0,4.290271733007953,0.2902717330079527,77.4341177077733,77.43787171135693,430.0591646488801,0.0
844,4.0,4.290264202709311,0.2902642027093112,77.43436245283492,77.43788025297991,430.0576623543011,0.0
845,4.0,4.290253620224674,0.29025362022467416,77.43459826842599,77.43787375240426,430.055551148616,0.0
846,4.0,4.290244885406792,0.29024488540679183,77.43481994232623,77.43787860948552,430.0538085524485,0.0
847,4.0,4.290235122784767,0.29023512278476726,77.43503456035396,77.43786844744295,430.0518609093546,0.0
848,4.0,4.290222024166591,0.2902220241665914,77.4352453719774,77.43786403583591,430.0492477350285,0.0
849,4.0,4.290213397728161,0.2902133977281611,77.43544588673949,77.43785410769988,430.0475267605617,0.0
850,4.0,4.290200733340612,0.2902007333406118,77.4356552650627,77.43785756642384,430.0450002152456,0.0
851,4.0,4.290187945152802,0.2901879451528018,77.43583486911504,77.43784586438393,430.04244897177745,0.0
852,4.0,4.290176442191041,0.2901764421910409,77.43601688451153,77.43783221199168,430.0401541309062,0.0
853,4.0,4.290163316834053,0.29016331683405294,77.43619617441863,77.43783986832919,430.03753562218714,0.0
854,4.0,4.290155422801913,0.290155422801913,77.43635146377213,77.4378382463569,430.0359607627752,0.0
855,4.0,4.290145040667656,0.2901450406676558,77.43651965322249,77.43783637559464,430.03388952699083,0.0
856,4.0,4.290135438814421,0.2901354388144206,77.43667455972204,77.4378543641632,430.0319739572705,0.0
857,4.0,4.29012663329214,0.2901266332921404,77.43683189864598,77.43787454611197,430.03021725557556,0.0
858,4.0,4.29011312305519,0.2901131230551899,77.43697992759805,77.43787008738353,430.02752196330385,0.0
859,4.0,4.290108700699815,0.29010870069981465,77.43711296932625,77.4378905989205,430.02663970340654,0.0
860,4.0,4.29010130853979,0.2901013085397901,77.43724179762954,77.43789464566713,430.02516496748166,0.0
861,4.0,4.29009491347816,0.29009491347815963,77.43735923069637,77.43788423239548,430.0238891526864,0.0
862,4.0,4.290085786006296,0.290085786006296,77.43749157341178,77.43788073677862,430.0220682220496,0.0
863,4.0,4.290073798179797,0.2900737981797974,77.4376183278115,77.4378775569545,430.01967665066314,0.0
864,4.0,4.290070800417984,0.2900708004179844,77.43772480655824,77.43787002564326,430.0190785971814,0.0
865,4.0,4.290065279000816,0.2900652790008156,77.4378248208919,77.4378565377226,430.01797707445627,0.0
866,4.0,4.290060518076129,0.2900605180761291,77.43792486290424,77.43784425293757,430.0170272699813,0.0
867,4.0,4.2900553847873475,0.2900553847873475,77.4380187220823,77.4378484838862,430.01600317886937,0.0
868,4.0,4.290049001314484,0.2900490013144843,77.4381131404852,77.43783752191747,430.01472967603314,0.0
869,4.0,4.29005021658682,0.2900502165868204,77.43820444321602,77.43784321984542,430.0149721228642,0.0
870,4.0,4.290048023671378,0.2900480236713783,77.4382924435597,77.43784357872956,430.01453463623346,0.0
871,4.0,4.290042728081436,0.2900427280814357,77.438385631853,77.43785413274536,430.01347816604,0.0
872,4.0,4.29004155630343,0.2900415563034304,77.43846840473827,77.43786527474424,430.0132443963279,0.0
873,4.0,4.290036642644818,0.290036642644818,77.43855469922603,77.4378722996719,430.0122641214347,0.0
874,4.0,4.290037008605325,0.2900370086053252,77.43864492713753,77.4378785989806,430.012337130556,0.0
875,4.0,4.2900346262848394,0.29003462628483945,77.4387343461984,77.43788568749781,430.011861857619,0.0
876,4.0,4.290031326693885,0.2900313266938852,77.43882671812914,77.43787560628088,430.01120358922367,0.0
877,4.0,4.290027310947056,0.2900273109470559,77.43889920594803,77.4378664707768,430.0104024477312,0.0
878,4.0,4.290020858112128,0.2900208581121282,77.43897887268581,77.43783999277439,430.0091151071631,0.0
879,4.0,4.290020070624139,0.2900200706241387,77.43905871075611,77.43783524156638,430.00895800330926,0.0
880,4.0,4.290014082299416,0.2900140822994164,77.43913479468542,77.43782614778061,430.0077633325271,0.0
881,4.0,4.290008818185554,0.29000881818555424,77.43919940662171,77.43782833708946,430.0067131418116,0.0
882,4.0,4.290006056075967,0.29000605607596697,77.43926527135528,77.43784013120258,430.006162100949,0.0
883,4.0,4.290001650592845,0.29000165059284466,77.43934639576025,77.43786841511395,430.005283207066,0.0
884,4.0,4.289996806434516,0.289996806434516,77.43941943319439,77.43788302774021,430.00431679747953,0.0
885,4.0,4.289990325645617,0.28999032564561666,77.43948520070104,77.4378857086503,430.003023880094,0.0
886,4.0,4.289986247899147,0.2899862478991473,77.43954280322524,77.43788532646035,430.0022103696734,0.0
887,4.0,4.289982943838152,0.2899829438381518,77.43960564680445,77.43788306221605,430.00155120950484,0.0
888,4.0,4.289977649196691,0.28997764919669056,77.43965160388291,77.43787620566553,430.0004949285333,0.0
889,4.0,4.289973490056335,0.2899734900563349,77.43971387716738,77.43786573889757,429.99966518003237,0.0
890,4.0,4.2899709042586585,0.28997090425865846,77.4397621548578,77.43785440712028,429.9991493133959,0.0
891,4.0,4.289967388687377,0.28996738868737726,77.4398128110385,77.43783863416992,429.9984479569253,0.0
892,4.0,4.289963273087085,0.2899632730870847,77.43986949691084,77.43784774247545,429.9976268946669,0.0
893,4.0,4.289957638129445,0.28995763812944464,77.43991839654677,77.43785798846906,429.9965027206178,0.0
894,4.0,4.289955279450526,0.2899552794505258,77.43996737648004,77.43786783608581,429.9960321641734,0.0
895,4.0,4.289952602012403,0.289952602012403,77.4400157081844,77.43787121849141,429.9954980152679,0.0
896,4.0,4.2899494003994825,0.28994940039948247,77.44005109381942,77.43787977030375,429.99485929349026,0.0
897,4.0,4.28994643141113,0.2899464314111304,77.44008868264751,77.43787791073237,429.994266980314,0.0
898,4.0,4.289942065745291,0.2899420657452909,77.44012267303837,77.43787225231793,429.993396029979,0.0
899,4.0,4.289937630433462,0.289937630433462,77.44015471952753,77.43786713201882,429.9925111852692,0.0
900,4.0,4.289938808734155,0.28993880873415456,77.440184668387,77.43785103354242,429.99274625625736,0.0
901,4.0,4.28993414032589,0.28993414032589016,77.44021772153677,77.4378405226748,429.99181490880864,0.0
902,4.0,4.289932311503759,0.2899323115037591,77.44023792995431,77.43784683774138,429.99145005879353,0.0
903,4.0,4.289930963212447,0.2899309632124467,77.44025906761145,77.43783959029446,429.99118107467666,0.0
904,4.0,4.289928486124076,0.28992848612407585,77.440274972346,77.43785216547474,429.99068689554673,0.0
905,4.0,4.289927676760805,0.2899276767608052,77.44029598508592,77.43787402972401,429.9905254275742,0.0
906,4.0,4.289923691173622,0.28992369117362227,77.44031671237502,77.43787894842552,429.98973030293115,0.0
907,4.0,4.289923139842901,0.28992313984290075,77.44033946962806,77.43787290293356,429.9896203124522,0.0
908,4.0,4.289922028735567,0.2899220287355666,77.44036592939788,77.43788439316474,429.9893986465391,0.0
909,4.0,4.289915429168301,0.2899154291683006,77.4403826243142,77.4378693732192,429.98808203286956,0.0
910,4.0,4.289916323798208,0.28991632379820764,77.4403984867726,77.43785093851919,429.988260511536,0.0
911,4.0,4.289915252905868,0.2899152529058684,77.44042101944142,77.43784417409285,429.9880468685143,0.0
912,4.0,4.289916923255384,0.289916923255384,77.44041967760228,77.4378469559768,429.98838010324266,0.0
913,4.0,4.289916149451973,0.2899161494519733,77.44043684730177,77.43783932352319,429.9882257294623,0.0
914,4.0,4.289915270660478,0.28991527066047773,77.44044310739437,77.4378607634535,429.98805041055886,0.0
915,4.0,4.28992060877684,0.28992060877684,77.44045238494105,77.43786505427427,429.98911536477306,0.0
916,4.0,4.289922371210888,0.2899223712108876,77.4404621856177,77.43786128936175,429.9894669703656,0.0
917,4.0,4.289923008430321,0.28992300843032126,77.44046988992694,77.43858574578913,429.9895940956426,0.0
918,4.0,4.289910359798758,0.2899103597987578,77.44048373893224,77.44225612798354,429.9870706936457,0.0
919,4.0,4.289893361208896,0.28989336120889586,77.44048647852411,77.44564600469963,429.9836794749682,0.0
920,4.0,4.289875893700056,0.2898758937000556,77.44049448178761,77.44841574636823,429.98019470695465,0.0
921,4.0,4.289874581328307,0.28987458132830657,77.44049896519519,77.45347789737957,429.9799328887907,0.0
922,4.0,4.289862444470736,0.28986244447073606,77.44050357590845,77.45971887151104,429.9775115857054,0.0
923,4.0,4.289842405139438,0.2898424051394377,77.44050678580949,77.46325012037951,429.97351373911135,0.0
924,4.0,4.289852984418751,0.28985298441875074,77.44051108497035,77.46692440524777,429.97562430533435,0.0
925,4.0,4.2898642493712735,0.28986424937127353,77.4404934026179,77.47153298916038,429.9778716633626,0.0
926,4.0,4.289868431053087,0.2898684310530868,77.44047553747325,77.47383101302528,429.97870590888436,0.0
927,4.0,4.289875718811026,0.28987571881102614,77.44045922402285,77.47478498332991,429.98015981659324,0.0
928,4.0,4.289905648654273,0.2899056486542726,77.44044393614817,77.47710100615201,429.9861308203209,0.0
929,4.0,4.289923747887732,0.2899237478877321,77.44042452943984,77.47972366055258,429.9897416173961,0.0
930,4.0,4.289941551667689,0.2899415516676891,77.44042966343933,77.48105776296359,429.9932934714975,0.0
931,4.0,4.289974740944267,0.2899747409442668,77.44042596398882,77.48350201677283,429.9999147321748,0.0
932,4.0,4.290002391771968,0.29000239177196807,77.44043260919005,77.48762378039477,430.0054310723012,0.0
933,4.0,4.290036856593895,0.2900368565938951,77.44046990695176,77.490347648073,430.0123068042756,0.0
934,4.0,4.290075054965694,0.2900750549656941,77.44051023343826,77.49318481544725,430.0199273794495,0.0
935,4.0,4.2901257618325035,0.2901257618325035,77.44055524550073,77.49592109958496,430.030043399378,0.0
936,4.0,4.2901615128085115,0.29016151280851155,77.44062694360382,77.49999852297152,430.03717571909164,0.0
937,4.0,4.290189621975664,0.29018962197566367,77.440727746002,77.50178153979579,430.04278349793844,0.0
938,4.0,4.2902372479493165,0.2902372479493165,77.44084757164772,77.50422196528604,430.0522848796822,0.0
939,4.0,4.290290316673631,0.29029031667363103,77.44099078668864,77.50904815602787,430.06287209018296,0.0
940,4.0,4.290336329852892,0.2903363298528916,77.4411583729519,77.512183607044,430.0720517194455,0.0
941,4.0,4.290386921509267,0.2903869215092669,77.44135104308252,77.51422592391707,430.08214475489234,0.0
942,4.0,4.290447908243746,0.29044790824374633,77.44157598570673,77.51802870002496,430.094311608421,0.0
943,4.0,4.29049244034198,0.2904924403419802,77.44182345539117,77.52189525941839,430.1031957620186,0.0
944,4.0,4.290526252374034,0.2905262523740344,77.44210797556579,77.52395585711113,430.1099412624134,0.0
945,4.0,4.290586351877363,0.29058635187736304,77.44241552879598,77.5253197050701,430.12193111332743,0.0
946,4.0,4.290665390453719,0.29066539045371886,77.44276331722949,77.52573421225324,430.13769930931045,0.0
947,4.0,4.290735078839108,0.2907350788391083,77.44314582868482,77.52473682159396,430.15160214219566,0.0
948,4.0,4.290794228258455,0.2907942282584548,77.44353971217167,77.52367255953375,430.1634024513553,0.0
949,4.0,4.290857201857364,0.29085720185736363,77.44399218387913,77.52123826887882,430.17596568433754,0.0
950,4.0,4.2909264109204175,0.2909264109204175,77.44447732260058,77.5187295127248,430.18977289241684,0.0
951,4.0,4.290993359560788,0.29099335956078765,77.44501564393163,77.51697146917043,430.2031291461707,0.0
952,4.0,4.291052673571955,0.2910526735719552,77.44559552858294,77.51622727906216,430.21496229139854,0.0
953,4.0,4.29111163424547,0.29111163424547026,77.44623297930171,77.51646446031296,430.2267249457649,0.0
954,4.0,4.291168647752913,0.2911686477529134,77.44688455310245,77.51743426914207,430.2380991404998,0.0
955,4.0,4.291224054496867,0.29122405449686717,77.44757950932033,77.51879806156373,430.2491527859185,0.0
956,4.0,4.291279939376222,0.29127993937622243,77.44830222044641,77.52020146926424,430.2603018193499,0.0
957,4.0,4.291329913966845,0.2913299139668446,77.44904997651552,77.52133187340185,430.27027175017906,0.0
958,4.0,4.291379631117203,0.291379631117203,77.449832762486,77.52199154296157,430.28019032167555,0.0
959,4.0,4.291425716953251,0.2914257169532508,77.45065066663311,77.5221677009592,430.28938444596713,0.0
960,4.0,4.291472336346769,0.29147233634676883,77.45150772440152,77.52191736584128,430.29868501497396,0.0
961,4.0,4.291515768135123,0.29151576813512303,77.4524062927004,77.52134643308807,430.30734965675055,0.0
962,4.0,4.291558575973312,0.2915585759733119,77.4533281036886,77.52063898484322,430.3158898204693,0.0
963,4.0,4.2915996118527335,0.29159961185273353,77.4542690765704,77.52002099878783,430.32407647841393,0.0
964,4.0,4.291633238477693,0.29163323847769274,77.45524375566215,77.51953873997672,430.33078499009326,0.0
965,4.0,4.291667144821707,0.29166714482170697,77.45624777003302,77.51928465946739,430.33754930572405,0.0
966,4.0,4.291684143700613,0.29168414370061324,77.4572801278151,77.51928520574536,430.34094058206585,0.0
967,4.0,4.291695599571586,0.291695599571586,77.4583453224623,77.51944965706288,430.3432260283249,0.0
968,4.0,4.291705573932753,0.2917055739327532,77.45943085090195,77.5197271103805,430.3452159133778,0.0
969,4.0,4.291712206807883,0.29171220680788323,77.46055908504141,77.52004633294426,430.34653917196624,0.0
970,4.0,4.291726601339708,0.2917266013397084,77.46168961860766,77.5203234581281,430.34941088106535,0.0
971,4.0,4.291732284299939,0.2917322842999388,77.46284778844931,77.52050135737039,430.35054463163135,0.0
972,4.0,4.291736596206705,0.29173659620670467,77.46400030358315,77.52056773758925,430.35140485703107,0.0
973,4.0,4.291742977925018,0.2917429779250176,77.46516665420434,77.52052467142303,430.35267800983456,0.0
974,4.0,4.291747636978922,0.29174763697892203,77.46635929580354,77.52041425457377,430.3536074910885,0.0
975,4.0,4.291757433044846,0.2917574330448458,77.46756320475005,77.52029717037986,430.3555618062403,0.0
976,4.0,4.29176141920498,0.2917614192049802,77.46876638593389,77.52019009388688,430.3563570451871,0.0
977,4.0,4.291763468106759,0.2917634681067591,77.46998853489252,77.52010900415674,430.35676580109197,0.0
978,4.0,4.291766106135921,0.29176610613592135,77.47120804783975,77.52005279007106,430.3572920879099,0.0
979,4.0,4.291766293077914,0.2917662930779139,77.4724350068523,77.5200469685607,430.35732938283735,0.0
980,4.0,4.291772298288487,0.29177229828848716,77.47368332928137,77.52005676769372,430.35852742234675,0.0
981,4.0,4.291773994201585,0.2917739942015851,77.47493264376891,77.52009361363442,430.35886575700977,0.0
982,4.0,4.291776185275816,0.2917761852758156,77.47618581777951,77.5201412457636,430.3593028763188,0.0
983,4.0,4.2917774370320405,0.2917774370320405,77.47744954793899,77.52018024337059,430.3595526016856,0.0
984,4.0,4.291775821561522,0.29177582156152226,77.47871704162742,77.52022106511473,430.35923031531723,0.0
985,4.0,4.291781228738828,0.29178122873882817,77.47999214793059,77.52023375344903,430.36030904718973,0.0
986,4.0,4.291781627772035,0.29178162777203465,77.48128086949269,77.52023357371708,430.3603886543144,0.0
987,4.0,4.291778035753722,0.29177803575372163,77.48257764778448,77.52023358115474,430.35967204666105,0.0
988,4.0,4.291777822980522,0.2917778229805217,77.48387741563347,77.52021815505412,430.3596295984076,0.0
989,4.0,4.291759119813853,0.29175911981385294,77.48518143400551,77.52020563791223,430.3558983166572,0.0
990,4.0,4.291742167825963,0.2917421678259631,77.48649544457186,77.52017763506112,430.35251639507317,0.0
991,4.0,4.291723165436411,0.2917231654364114,77.48780808756666,77.52016791565399,430.34872541835756,0.0
992,4.0,4.291706652412399,0.29170665241239924,77.48911419378241,77.52014636690187,430.34543107006715,0.0
993,4.0,4.291690512512175,0.2916905125121749,77.49041997272306,77.52014618079944,430.3422111599724,0.0
994,4.0,4.291673862575239,0.2916738625752391,77.49173497085803,77.52016690966936,430.3388894975538,0.0
995,4.0,4.2916578841979645,0.29165788419796446,77.49303785306522,77.52016917845681,430.33570181128744,0.0
996,4.0,4.291640059570464,0.29164005957046424,77.49433248382267,77.52017648214235,430.3321457981011,0.0
997,4.0,4.2916248749944845,0.29162487499448453,77.49561465210138,77.52019559176752,430.3291164751932,0.0
998,4.0,4.2916095777023315,0.29160957770233153,77.49690206479985,77.52020469666633,430.32606466540864,0.0
999,4.0,4.291595560566415,0.29159556056641467,77.49817276935767,77.52020975994414,430.3232682467933,0.0
1000,4.0,4.291585163460356,0.2915851634603559,77.49942610946367,77.52020898025185,430.32119402413457,0.0
1001,4.0,4.291572530424403,0.29157253042440257,77.50067823423804,77.52021884548394,430.3186737334618,0.0
1002,4.0,4.291557860021791,0.29155786002179074,77.50195115960217,77.52022549784863,430.3157469881408,0.0
1003,4.0,4.291505511106705,0.2915055111067053,77.50393015578864,77.52021682546902,430.30530337958123,0.0
1004,4.0,4.291335430786017,0.29133543078601676,77.50817955659338,77.52019952003067,430.27137235560383,0.0
1005,4.0,4.291130768365727,0.2911307683657274,77.51289714993949,77.52019488684317,430.2305422027561,0.0
1006,4.0,4.290852858564208,0.2908528585642083,77.51899927423925,77.52019529825867,430.17509919735306,0.0
1007,4.0,4.290370104236965,0.2903701042369651,77.5288004387179,77.52019681527584,430.078789709068,0.0
1008,4.0,4.289795428640579,0.28979542864057883,77.5401628563524,77.52019806128422,429.964141927589,0.0
1009,4.0,4.289177193425896,0.2891771934258962,77.55247279530907,77.52019814386321,429.84080400225986,0.0
1010,4.0,4.288348864374587,0.28834886437458707,77.56822124926899,77.52019930829691,429.67555235652367,0.0
1011,4.0,4.287388322913057,0.28738832291305716,77.58607360075793,77.5201867171591,429.4839243349485,0.0
1012,4.0,4.286429961658818,0.2864299616588184,77.60371506818377,77.52019214475384,429.2927312647279,0.0
1013,4.0,4.285376442116859,0.285376442116859,77.62279962172954,77.52019262911789,429.08255411610685,0.0
1014,4.0,4.28406201195378,0.2840620119537798,77.64612208548535,77.52019094970908,428.82032529857264,0.0
1015,4.0,4.282750771659361,0.28275077165936136,77.66918938242057,77.52018263501236,428.55873285983614,0.0
1016,4.0,4.281405348692675,0.2814053486926751,77.69266015737628,77.52016678534527,428.2903209779823,0.0
1017,4.0,4.279822750433483,0.2798227504334827,77.719900584189,77.52015044353458,427.9745926252733,0.0
1018,4.0,4.278165052286277,0.2781650522862771,77.7481214958957,77.52015073472029,427.6438818449058,0.0
1019,4.0,4.276526479100938,0.2765264791009381,77.77584305766607,77.52015726379348,427.3169864944307,0.0
1020,4.0,4.2747564203320305,0.2747564203320305,77.80554851838141,77.52016156985613,426.96385977003365,0.0
1021,4.0,4.272828931182151,0.27282893118215057,77.83770286087424,77.52017437652559,426.5793256846326,0.0
1022,4.0,4.270860821412639,0.2708608214126391,77.87033103018867,77.52019528345521,426.18668778561505,0.0
1023,4.0,4.268889201745137,0.26888920174513675,77.90260296061457,77.52020510431593,425.79334966194835,0.0
1024,4.0,4.266723594041955,0.266723594041955,77.93792020008956,77.52020074363708,425.3613109251636,0.0
1025,4.0,4.264459224062607,0.26445922406260713,77.9747957344241,77.52018824022262,424.9095691142836,0.0
1026,4.0,4.262217786226145,0.2622177862261452,78.01074174635002,77.5201813554139,424.46240226590953,0.0
1027,4.0,4.25982542570064,0.25982542570064027,78.04912839987395,77.52016691382745,423.9851263410713,0.0
1028,4.0,4.257350970225066,0.25735097022506626,78.0885337163443,77.52016658357029,423.4914724736942,0.0
1029,4.0,4.254841383604977,0.254841383604977,78.12808922542038,77.52016534530986,422.99080994298646,0.0
1030,4.0,4.252265938445668,0.25226593844566825,78.16876057950513,77.5201609479098,422.4770086337044,0.0
1031,4.0,4.249630716655043,0.24963071665504266,78.20965954805912,77.5201555033627,421.9512818864746,0.0
1032,4.0,4.247048504625197,0.24704850462519712,78.24919686573517,77.52014710509374,421.4361305865204,0.0
1033,4.0,4.244529627387792,0.24452962738779238,78.28696014049437,77.5201581904614,420.93361457765815,0.0
1034,4.0,4.24198006771334,0.24198006771333969,78.3247782628511,77.5201616394505,420.42497742260474,0.0
1035,4.0,4.23953916593684,0.23953916593684,78.36021529887809,77.52018339186546,419.93801751819313,0.0
1036,4.0,4.237168756919104,0.23716875691910388,78.39377159334194,77.5201898361502,419.46512091915474,0.0
1037,4.0,4.234851551613419,0.23485155161341886,78.42581092894869,77.52019566312815,419.0028384606706,0.0
1038,4.0,4.2325882826017045,0.2325882826017045,78.45652378029882,77.52019280383514,418.5513162928336,0.0
1039,4.0,4.230374729481534,0.23037472948153415,78.48605169291437,77.52020749909762,418.1097124453596,0.0
1040,4.0,4.228205482676514,0.22820548267651386,78.51445527051244,77.52020905273616,417.6769477077581,0.0
1041,4.0,4.226083882980483,0.22608388298048343,78.54174616439795,77.52021040399042,417.2536885684,0.0
1042,4.0,4.224012594072845,0.22401259407284524,78.56786775884994,77.52021615590799,416.84046643132615,0.0
1043,4.0,4.221986071322426,0.22198607132242643,78.59281937241349,77.5202012704773,416.4361751426176,0.0
1044,4.0,4.2200129804483675,0.22001298044836748,78.61657498591302,77.52017384406862,416.04254351324283,0.0
1045,4.0,4.218093307598257,0.21809330759825674,78.63911192827152,77.5201545663423,415.6595687796458,0.0
1046,4.0,4.216228519683938,0.21622851968393775,78.66038646780547,77.5201453714527,415.2875435907391,0.0
1047,4.0,4.2144174491444515,0.2144174491444515,78.68045455390951,77.52015222820079,414.92623501811164,0.0
1048,4.0,4.212660626508109,0.21266062650810902,78.69933329098656,77.52016985281504,414.57574890216125,0.0
1049,4.0,4.210957610205135,0.21095761020513493,78.71705235918222,77.52018028484072,414.23599714971795,0.0
1050,4.0,4.209314528952966,0.20931452895296587,78.73362145822546,77.52017444028854,413.90820243991027,0.0
1051,4.0,4.2077121976190135,0.2077121976190135,78.74908508663255,77.52017447599357,413.5885373387867,0.0
1052,4.0,4.206170973314664,0.20617097331466372,78.76346028624319,77.52019314568149,413.281063090069,0.0
1053,4.0,4.204668535352338,0.2046685353523383,78.77681231677983,77.52019309367412,412.98132671658504,0.0
1054,4.0,4.20321060623468,0.20321060623467968,78.78916476650122,77.52020700340783,412.69046985761213,0.0
1055,4.0,4.201797084697393,0.2017970846973931,78.80054097987504,77.52021845334072,412.4084723109235,0.0
1056,4.0,4.200427894120038,0.20042789412003792,78.81098681982583,77.52021969795476,412.1353187907411,0.0
1057,4.0,4.199103508281672,0.1991035082816719,78.82052812703846,77.5202234453809,411.87110381598706,0.0
1058,4.0,4.197813956827785,0.19781395682778502,78.82917758290938,77.52022681416126,411.61383830093666,0.0
1059,4.0,4.196567543589376,0.19656754358937611,78.83696958995841,77.52021040031534,411.3651788598741,0.0
1060,4.0,4.195372123691021,0.19537212369102086,78.8438979123373,77.52019689846972,411.12669259015223,0.0
1061,4.0,4.194215992407754,0.194215992407754,78.85001461732514,77.52017060652388,410.89604439914046,0.0
1062,4.0,4.193086286230882,0.19308628623088175,78.85533151398502,77.52015636158016,410.67066801685445,0.0
1063,4.0,4.191998931362089,0.19199893136208868,78.85988731563872,77.5201663799741,410.4537407205302,0.0
1064,4.0,4.190949293843935,0.19094929384393478,78.86369640216647,77.52014877094233,410.24433803565853,0.0
1065,4.0,4.189937711297388,0.18993771129738768,78.86677469766019,77.52014761678271,410.0425273176224,0.0
1066,4.0,4.188960372231174,0.18896037223117368,78.86917695919567,77.52015896023681,409.8475481739127,0.0
1067,4.0,4.188020801314063,0.18802080131406296,78.87088874172156,77.52017620594123,409.6601037759491,0.0
1068,4.0,4.187116475948287,0.18711647594828662,78.87195049218278,77.52018772624295,409.47969086547675,0.0
1069,4.0,4.186250325477393,0.18625032547739284,78.87236233943925,77.52019903036923,409.3068938465334,0.0
1070,4.0,4.185405733169409,0.185405733169409,78.87216466894189,77.52020011448447,409.1383976810906,0.0
1071,4.0,4.184596103178119,0.18459610317811936,78.87138342392582,77.52020198328026,408.97687649782836,0.0
1072,4.0,4.18381782327073,0.18381782327073015,78.87001745000488,77.52019396722372,408.8216096563042,0.0
1073,4.0,4.183071506426093,0.18307150642609304,78.86810413894177,77.52018766868284,408.6727194457991,0.0
1074,4.0,4.182352206928757,0.18235220692875664,78.8656281450661,77.52018058555349,408.5292191960805,0.0
1075,4.0,4.181658003630991,0.18165800363099116,78.86264844582833,77.52018715914754,408.39072563817626,0.0
1076,4.0,4.180993270020069,0.18099327002006937,78.85916446923875,77.52017735465729,408.2581112827974,0.0
1077,4.0,4.180356806163331,0.18035680616333138,78.85517897243646,77.52016607558997,408.1311367433782,0.0
1078,4.0,4.179745756441758,0.17974575644175772,78.85073253595279,77.52016096980354,408.0092323239242,0.0
1079,4.0,4.179173740160041,0.17917374016004128,78.84583754677021,77.52016722045452,407.8951150757218,0.0
1080,4.0,4.17862305984429,0.1786230598442904,78.84050907893702,77.52017045781531,407.78525435272945,0.0
1081,4.0,4.178090627460315,0.1780906274603149,78.83477572760663,77.52017648060641,407.6790340921264,0.0
1082,4.0,4.177581775069439,0.17758177506943884,78.82865842969844,77.52017193520835,407.5775180401466,0.0
1083,4.0,4.177096920484945,0.17709692048494485,78.82214597665434,77.52017474152696,407.48078955054,0.0
1084,4.0,4.176644981296272,0.17664498129627226,78.81526076945116,77.5201726054954,407.39062768239984,0.0
1085,4.0,4.176215240530142,0.1762152405301416,78.80801436136612,77.52016982696892,407.3048943995568,0.0
1086,4.0,4.1757991528262695,0.17579915282626946,78.80042988870065,77.52016977190229,407.22188490263426,0.0
1087,4.0,4.175412423138307,0.17541242313830718,78.79251026154058,77.52016931282962,407.1447323298858,0.0
1088,4.0,4.175050850842259,0.17505085084225858,78.78427890288981,77.52016998928198,407.07259865682414,0.0
1089,4.0,4.174706732517971,0.1747067325179712,78.77574308115409,77.52016864572272,407.0039470511288,0.0
1090,4.0,4.174379548179453,0.174379548179453,78.76691921940747,77.52016841837892,406.9386737755944,0.0
1091,4.0,4.174079167363296,0.17407916736329643,78.75783498881697,77.52016839825927,406.8787478027712,0.0
1092,4.0,4.17379498259934,0.17379498259933968,78.74847019507978,77.52016802825139,406.82205294236184,0.0
1093,4.0,4.173528545371715,0.17352854537171503,78.73886142881389,77.52016661922154,406.7688987154507,0.0
1094,4.0,4.173286547333802,0.17328654733380233,78.7290437707511,77.52017480688642,406.7206201068871,0.0
1095,4.0,4.173054824915427,0.17305482491542712,78.71902126533018,77.52018759406715,406.6743914844213,0.0
1096,4.0,4.172840991967865,0.17284099196786507,78.70878527067491,77.52018395112569,406.6317318113826,0.0
1097,4.0,4.172651748219335,0.1726517482193346,78.69833458982973,77.52018472426904,406.5939776835508,0.0
1098,4.0,4.172469466967969,0.17246946696796872,78.68769241279512,77.52019356274548,406.5576125739033,0.0
1099,4.0,4.172314125314598,0.1723141253145979,78.67687045139975,77.52017904796645,406.5266219140558,0.0
1100,4.0,4.17217323709489,0.1721732370948903,78.66588049516062,77.52018779851817,406.49851471422414,0.0
1101,4.0,4.172043799218046,0.1720437992180459,78.65472659155044,77.52019833956754,406.4726918577937,0.0
1102,4.0,4.17193616657853,0.17193616657853017,78.64342429246994,77.5202108972737,406.4512191462103,0.0
1103,4.0,4.171834703203032,0.1718347032030323,78.63199854623242,77.52021257971644,406.4309772027985,0.0
1104,4.0,4.171748754613305,0.1717487546133052,78.62047736631762,77.52020488927667,406.41383045914796,0.0
1105,4.0,4.171678747216827,0.17167874721682708,78.60883967262485,77.52018240475871,406.3998639835505,0.0
1106,4.0,4.171617929164844,0.17161792916484409,78.59707454025447,77.52016660050607,406.38773078218,0.0
1107,4.0,4.171572615681822,0.17157261568182225,78.58520792250583,77.52016156779585,406.3786907423171,0.0
1108,4.0,4.171537774890146,0.17153777489014566,78.57326230151206,77.52014101892485,406.3717400043776,0.0
1109,4.0,4.171518718945461,0.17151871894546122,78.56122331636253,77.52015290730809,406.3679383434131,0.0
1110,4.0,4.171509014863333,0.17150901486333314,78.54912005685618,77.52016851035111,406.36600237902854,0.0
1111,4.0,4.171512405265512,0.1715124052655117,78.53693481482289,77.52017852623659,406.3666787642631,0.0
1112,4.0,4.171521533686852,0.1715215336868523,78.52472717371356,77.52018544587979,406.36849988432056,0.0
1113,4.0,4.171542727086467,0.17154272708646712,78.51247028180317,77.52019098673543,406.37272796754377,0.0
1114,4.0,4.171573555435458,0.17157355543545805,78.50017705396279,77.52019491841206,406.3788782231674,0.0
1115,4.0,4.171611643651863,0.17161164365186288,78.48784617487892,77.52019737192504,406.38647682234017,0.0
1116,4.0,4.171667040488072,0.1716670404880718,78.47545985874778,77.52019969427639,406.3975284911638,0.0
1117,4.0,4.171726170694591,0.1717261706945914,78.46304973984589,77.52020104929491,406.4093249673645,0.0
1118,4.0,4.171797791539937,0.17179779153993735,78.4506289317661,77.5202018016218,406.42361332601104,0.0
1119,4.0,4.171874610653868,0.17187461065386778,78.43818626788908,77.52018907735011,406.4389387392402,0.0
1120,4.0,4.171960221738132,0.1719602217381322,78.42576219849553,77.52017393527247,406.4560181505509,0.0
1121,4.0,4.172053788714284,0.17205378871428412,78.41334643902013,77.5201680527942,406.47468476229324,0.0
1122,4.0,4.172145864660748,0.17214586466074788,78.40094300300686,77.52016397506084,406.49305391361275,0.0
1123,4.0,4.172261755480041,0.17226175548004097,78.3885357954289,77.52017843128506,406.51617413206174,0.0
1124,4.0,4.1723698689230835,0.17236986892308348,78.37614741876098,77.52018464797905,406.5377427639487,0.0
1125,4.0,4.172494200963886,0.1724942009638859,78.36378668002519,77.52019392850401,406.5625470060888,0.0
1126,4.0,4.172620909082203,0.17262090908220262,78.35143348602737,77.52018945071809,406.587825275693,0.0
1127,4.0,4.172751823017579,0.1727518230175793,78.33912755529079,77.52019263381263,406.6139426058006,0.0
1128,4.0,4.172887351925876,0.17288735192587623,78.32684026051672,77.52017731426143,406.6409806230059,0.0
1129,4.0,4.173025198373712,0.1730251983737121,78.31463347312096,77.52017374773331,406.6684809893491,0.0
1130,4.0,4.173178561558005,0.1731785615580046,78.30246747987951,77.5201723609959,406.69907694461546,0.0
1131,4.0,4.173327285975802,0.17332728597580171,78.29033736937771,77.52017439597174,406.72874746596597,0.0
1132,4.0,4.173492030641397,0.1734920306413974,78.27825931997515,77.52018577495673,406.76161402675234,0.0
1133,4.0,4.17365402167304,0.17365402167304023,78.26624825683523,77.52019819830171,406.79393123756506,0.0
1134,4.0,4.173825534654583,0.17382553465458273,78.25427141039485,77.52020213081788,406.82814807738276,0.0
1135,4.0,4.173999735330969,0.1739997353309688,78.24234757157313,77.52019089742024,406.8629011123218,0.0
1136,4.0,4.174176697762253,0.17417669776225342,78.23048153745836,77.52018116736548,406.8982051173631,0.0
1137,4.0,4.174357804158022,0.1743578041580216,78.21873049265669,77.52017573505307,406.9343358433189,0.0
1138,4.0,4.174541511005357,0.17454151100535675,78.20705100084088,77.52017125983838,406.9709853593622,0.0
1139,4.0,4.17472717573996,0.17472717573996022,78.19543290569165,77.52016821995271,407.0080254739156,0.0
1140,4.0,4.174915348308631,0.1749153483086312,78.18388976453043,77.52016661704566,407.0455659013655,0.0
1141,4.0,4.175108151271744,0.17510815127174428,78.17243118489279,77.52016515445716,407.0840300925065,0.0
1142,4.0,4.175302884459949,0.17530288445994913,78.16104935876977,77.5201631366452,407.1228793635534,0.0
1143,4.0,4.175503463091899,0.17550346309189901,78.14974336932725,77.52016308694368,407.1628948006274,0.0
1144,4.0,4.175707661024712,0.17570766102471236,78.13852860002856,77.5201618481151,407.2036322882236,0.0
1145,4.0,4.175911814847623,0.1759118148476233,78.1273913906022,77.52016170182691,407.2443609758944,0.0
1146,4.0,4.1761185140791,0.17611851407909995,78.11639016537671,77.52016067687845,407.28559747257395,0.0
1147,4.0,4.176328145273156,0.176328145273156,78.10548152394746,77.52016185517745,407.3274188957881,0.0
1148,4.0,4.176539950940623,0.17653995094062314,78.09465497838954,77.52017553982854,407.3696741264478,0.0
1149,4.0,4.176752380613609,0.17675238061360865,78.08391979130532,77.52019063814122,407.41205384620844,0.0
1150,4.0,4.176969315830653,0.1769693158306529,78.07328888429056,77.52019667154158,407.4553324220088,0.0
1151,4.0,4.177190448586793,0.177190448586793,78.06274501828813,77.5202058861626,407.4994484068588,0.0
1152,4.0,4.177405633698858,0.1774056336988581,78.05231175285586,77.52020600490812,407.54237783671573,0.0
1153,4.0,4.177627993862677,0.1776279938626768,78.04196741518014,77.52019912326027,407.5867386893976,0.0
1154,4.0,4.177853309495639,0.1778533094956387,78.03173004461112,77.52020486069581,407.63168915817346,0.0
1155,4.0,4.178078000829946,0.17807800082994607,78.0216106170573,77.5202112214916,407.6765150793678,0.0
1156,4.0,4.178298326526079,0.1782983265260789,78.01161980123474,77.52019834699638,407.7204700557463,0.0
1157,4.0,4.17852090426624,0.17852090426624034,78.00174904032477,77.52017730682525,407.76487431490847,0.0
1158,4.0,4.178744772526484,0.1787447725264837,77.99198505642883,77.5201800910935,407.809536032827,0.0
1159,4.0,4.178969747683767,0.17896974768376683,77.98233126795941,77.520169544388,407.85441857670503,0.0
1160,4.0,4.179195103693291,0.17919510369329128,77.97277656574245,77.52015780451035,407.89937710060514,0.0
1161,4.0,4.179420330542123,0.17942033054212292,77.96333045019351,77.52015252900618,407.94430985694703,0.0
1162,4.0,4.179642225346363,0.1796422253463632,77.9540033544798,77.52016831104451,407.988577870393,0.0
1163,4.0,4.179869616711888,0.17986961671188784,77.94478173691698,77.52017940677167,408.0339424478152,0.0
1164,4.0,4.180093662432625,0.1800936624326246,77.93566292409717,77.52018775218257,408.0786395691021,0.0
1165,4.0,4.180320172164676,0.18032017216467633,77.92666998333551,77.52019273563785,408.12382826064646,0.0
1166,4.0,4.18054239475998,0.18054239475998024,77.91780719586849,77.52019746556452,408.1681616684096,0.0
1167,4.0,4.180765958984436,0.18076595898443593,77.90908130358181,77.52020708680423,408.2127627311885,0.0
1168,4.0,4.180989645224444,0.18098964522444394,77.90046246312089,77.52019420479151,408.2573881360701,0.0
1169,4.0,4.181210868998201,0.1812108689982006,77.89194625353754,77.52018980252176,408.30152227893456,0.0
1170,4.0,4.181432986142732,0.18143298614273196,77.88355881254728,77.52019425140973,408.34583464926857,0.0
1171,4.0,4.181650014136628,0.18165001413662818,77.87527032230025,77.5201922643404,408.38913173405086,0.0
1172,4.0,4.181869372955241,0.18186937295524075,77.86710348790746,77.52018982858368,408.4328938183641,0.0
1173,4.0,4.182088464710334,0.18208846471033358,77.85904756205828,77.52018716348806,408.4766026235051,0.0
1174,4.0,4.182306957562191,0.18230695756219095,77.85109556848225,77.52016817851842,408.52019194745066,0.0
1175,4.0,4.18252474831217,0.18252474831217036,77.84326910857347,77.52016712536518,408.56364120207155,0.0
1176,4.0,4.1827396462507105,0.18273964625071049,77.83554982695465,77.52016248707314,408.6065133408103,0.0
1177,4.0,4.182951296739776,0.18295129673977595,77.82795413868392,77.52015367552526,408.64873761337884,0.0
1178,4.0,4.183158758239714,0.18315875823971428,77.82046669399546,77.52016947830347,408.69012618261655,0.0
1179,4.0,4.183367403864636,0.18336740386463557,77.81313523454705,77.52018156490203,408.73175098478833,0.0
1180,4.0,4.183573370355827,0.18357337035582688,77.80590685398155,77.52018921364015,408.772841299781,0.0
1181,4.0,4.183776076136934,0.18377607613693403,77.79878905538501,77.52019011779919,408.8132811031119,0.0
1182,4.0,4.1839815956603745,0.18398159566037453,77.79177717972256,77.52015474512233,408.85428224803826,0.0
1183,4.0,4.184183723424166,0.1841837234241659,77.78486514943552,77.52013818845447,408.8946067369146,0.0
1184,4.0,4.184385243046273,0.18438524304627268,77.77806683106292,77.52014453245374,408.93480990152494,0.0
1185,4.0,4.184582654600173,0.18458265460017298,77.77137833457797,77.520129526938,408.974193506528,0.0
1186,4.0,4.184781025177349,0.18478102517734918,77.76480063149384,77.52013781771903,409.0137684366747,0.0
1187,4.0,4.1849761084425126,0.18497610844251255,77.75832072758156,77.52013507822217,409.0526875480748,0.0
1188,4.0,4.185172788511576,0.1851727885115757,77.75194301543695,77.52012441171007,409.09192522185293,0.0
1189,4.0,4.1853626812688685,0.18536268126886846,77.74566573158945,77.52012040595982,409.12980882693284,0.0
1190,4.0,4.185558035600293,0.18555803560029283,77.73950412566465,77.52013132541532,409.168782016052,0.0
1191,4.0,4.185745081675995,0.18574508167599468,77.73344489322648,77.52012567184575,409.2060977081545,0.0
1192,4.0,4.1859351536618385,0.18593515366183855,77.72748748996112,77.52012831760801,409.24401706933037,0.0
1193,4.0,4.186120024063343,0.18612002406334316,77.72163376398703,77.52017283827855,409.2808987144305,0.0
1194,4.0,4.186299645551212,0.1862996455512116,77.71591736279844,77.52021151535412,409.31673320126026,0.0
1195,4.0,4.1864853866450416,0.18648538664504155,77.71029779797266,77.52023340980448,409.35378854947936,0.0
1196,4.0,4.186664838200185,0.1866648382001852,77.70478234525623,77.52024895650793,409.3895891347305,0.0
1197,4.0,4.186846454891878,0.186846454891878,77.69935838536166,77.52024933591883,409.4258216647232,0.0
1198,4.0,4.187025451566776,0.1870254515667762,77.69402943093651,77.52023890301692,409.4615315013654,0.0
1199,4.0,4.187196007019837,0.1871960070198373,77.68881163312841,77.52020926721173,409.4955573142511,0.0
1200,4.0,4.187372120692744,0.18737212069274367,77.68368136184847,77.52018489092485,409.5306919919959,0.0
1201,4.0,4.187545512946159,0.1875455129461594,77.67865447559586,77.52015747267048,409.5652837465524,0.0
1202,4.0,4.187712083689494,0.18771208368949388,77.6737086202095,77.52014889073433,409.5985146098476,0.0
1203,4.0,4.1878815494080595,0.18788154940805946,77.66886686953755,77.52015552743627,409.6323230207014,0.0
1204,4.0,4.188049756044471,0.18804975604447094,77.66411444077782,77.5201557323011,409.6658802446655,0.0
1205,4.0,4.188212301783027,0.18821230178302706,77.65946080230039,77.52016260843045,409.69830811950743,0.0
1206,4.0,4.188378654955945,0.18837865495594475,77.65490087378025,77.52017574537892,409.7314955775045,0.0
1207,4.0,4.188542035417953,0.188542035417953,77.65042920466666,77.52017546384884,409.7640899796752,0.0
1208,4.0,4.188700022262895,0.1887000222628954,77.64603163740938,77.5201988072971,409.79560835524114,0.0
1209,4.0,4.188854451388268,0.18885445138826817,77.64174624340237,77.52019966286029,409.826416965753,0.0
1210,4.0,4.189011078198535,0.18901107819853458,77.63754501042614,77.52021081174667,409.85766401440117,0.0
1211,4.0,4.189161353639982,0.18916135363998166,77.63342901287504,77.52019766689062,409.88764396496987,0.0
1212,4.0,4.189308439077939,0.18930843907793893,77.62939542028384,77.52019953980549,409.91698750984233,0.0
1213,4.0,4.1894545646385355,0.1894545646385355,77.6254511921154,77.5201989076916,409.9461395591814,0.0
1214,4.0,4.189602101410462,0.18960210141046208,77.62158562617668,77.52018038428288,409.9755731451807,0.0
1215,4.0,4.18974036265158,0.18974036265158034,77.61780971201262,77.52017808205055,410.0031562627838,0.0
1216,4.0,4.189880808600712,0.18988080860071221,77.61413717865327,77.5201668223994,410.0311752296356,0.0
1217,4.0,4.190015839076425,0.19001583907642505,77.61055639239274,77.52016799768018,410.0581138095403,0.0
1218,4.0,4.190150682263167,0.1901506822631669,77.60705018009553,77.5201683067712,410.0850150252953,0.0
1219,4.0,4.190280944420562,0.19028094442056176,77.60361879198074,77.52018102194256,410.1110023256956,0.0
1220,4.0,4.190409698037501,0.1904096980375014,77.60026594045291,77.52018977987194,410.13668867227506,0.0
1221,4.0,4.190537819592646,0.19053781959264615,77.59699873423403,77.5201976167073,410.1622489225265,0.0
1222,4.0,4.190668350403264,0.19066835040326424,77.59379843473388,77.52015498484405,410.18828981924474,0.0
1223,4.0,4.190789624326014,0.19078962432601365,77.59066834182018,77.5201372288274,410.2124839668333,0.0
1224,4.0,4.190908685044873,0.19090868504487268,77.58760510642446,77.52015187197672,410.23623658024565,0.0
1225,4.0,4.191032526335183,0.1910325263351833,77.5846114447155,77.52017357668487,410.2609429176626,0.0
1226,4.0,4.1911522923316324,0.19115229233163245,77.58168971068268,77.52018823983997,410.2848362339542,0.0
1227,4.0,4.1912685345652925,0.19126853456529247,77.57883684845783,77.52020553766592,410.3080265595694,0.0
1228,4.0,4.191379273866956,0.1913792738669562,77.5760581453233,77.52022217241198,410.3301190502513,0.0
1229,4.0,4.191492883156663,0.19149288315666269,77.57333909869601,77.52022356268998,410.3527841035478,0.0
1230,4.0,4.1916084412163945,0.19160844121639453,77.57068774775317,77.52020837895702,410.3758379364642,0.0
1231,4.0,4.191718703932261,0.19171870393226076,77.56810259073728,77.52019909211708,410.39783534827956,0.0
1232,4.0,4.191827224945511,0.19182722494551108,77.56556863582951,77.5201869717034,410.419485290423,0.0
1233,4.0,4.191932905596072,0.19193290559607235,77.56310538532877,77.52017856630316,410.44056858020997,0.0
1234,4.0,4.192033520152573,0.1920335201525729,77.56069913697361,77.52017641937518,410.46064118423186,0.0
1235,4.0,4.192139061661782,0.1921390616617824,77.55835909297127,77.52017986883592,410.4816967153191,0.0
1236,4.0,4.192243710106475,0.19224371010647534,77.55608154944183,77.52016502982725,410.5025740800354,0.0
1237,4.0,4.192346297812314,0.19234629781231405,77.55385452493395,77.52017187217986,410.5230403273502,0.0
1238,4.0,4.192445200572865,0.19244520057286518,77.55168594643857,77.52018451191688,410.54277142808013,0.0
1239,4.0,4.192542337406322,0.19254233740632198,77.54959107909568,77.52018127246401,410.5621502263548,0.0
1240,4.0,4.192636966022449,0.19263696602244895,77.54755088980593,77.5201841877487,410.5810286352721,0.0
1241,4.0,4.1927293506284835,0.1927293506284835,77.54556703544868,77.52016946561399,410.59945936417597,0.0
1242,4.0,4.1928278387409526,0.19282783874095255,77.54361777820796,77.52018469191239,410.6191077426136,0.0
1243,4.0,4.192921929285482,0.19292192928548157,77.5417417506726,77.52019553150795,410.63787880624716,0.0
1244,4.0,4.1930111123141725,0.19301111231417245,77.53991398280422,77.52019400041452,410.65567082047096,0.0
1245,4.0,4.19309984723322,0.1930998472332197,77.53814534343086,77.52017676753064,410.6733734368209,0.0
1246,4.0,4.193183813591097,0.19318381359109704,77.53643875417636,77.52016614457183,410.6901247252174,0.0
1247,4.0,4.193270668253088,0.19327066825308759,77.53476888989094,77.52017738947158,410.70745223028456,0.0
1248,4.0,4.193348040145922,0.19334804014592244,77.53315489202255,77.52017663317551,410.7228879229051,0.0
1249,4.0,4.193426940115816,0.19342694011581596,77.53158966070684,77.5201812130469,410.73862846689883,0.0
1250,4.0,4.193510790766624,0.19351079076662359,77.53006395164246,77.52018660866369,410.75535667173494,0.0
1251,4.0,4.193593350189772,0.1935933501897722,77.5285965597282,77.5201937777185,410.7718272766531,0.0
1252,4.0,4.1936684662274555,0.19366846622745548,77.52717841301013,77.52019460206338,410.7868129261709,0.0
1253,4.0,4.193745014848118,0.19374501484811812,77.52578950279516,77.52018784865552,410.8020843759931,0.0
1254,4.0,4.193819785923993,0.19381978592399296,77.524453149248,77.52018139247379,410.81700120563016,0.0
1255,4.0,4.193890128781212,0.19389012878121203,77.52315940392995,77.52017831702584,410.83103460564536,0.0
1256,4.0,4.1939593007614295,0.19395930076142953,77.52191026585264,77.52016975406966,410.8448344156987,0.0
1257,4.0,4.194023647428436,0.1940236474284358,77.520720888547,77.52016227145587,410.8576715757665,0.0
1258,4.0,4.194091657977508,0.19409165797750827,77.51955878414036,77.52015506576106,410.8712396803065,0.0
1259,4.0,4.1941522329826375,0.1941522329826375,77.51843591584196,77.52016357468835,410.8833243938297,0.0
1260,4.0,4.194215129516484,0.19421512951648356,77.5173684010876,77.52018025788934,410.895872252332,0.0
1261,4.0,4.194283804733275,0.1942838047332751,77.51632508797788,77.52019892909198,410.9095729580819,0.0
1262,4.0,4.194348157886823,0.19434815788682336,77.51532566899215,77.5202061740028,410.9224114122148,0.0
1263,4.0,4.194408705364921,0.19440870536492127,77.5143671441635,77.5202195837304,410.9344906340953,0.0
1264,4.0,4.194465390151118,0.19446539015111775,77.51347020710203,77.52021292864855,410.94579924894157,0.0
1265,4.0,4.194517629717172,0.194517629717172,77.51262924759905,77.52019833518489,410.95622104236935,0.0
1266,4.0,4.194571443586688,0.1945714435866881,77.51180832695813,77.52020413898586,410.96695690933785,0.0
1267,4.0,4.1946234638004185,0.1946234638004185,77.51103039351662,77.52018780423916,410.977334941977,0.0
1268,4.0,4.194667865102795,0.19466786510279466,77.51028522515885,77.52016243968994,410.98619300180104,0.0
1269,4.0,4.1947155431584475,0.19471554315844752,77.50956137154498,77.52014879955269,410.9957047739038,0.0
1270,4.0,4.19476042872404,0.19476042872403987,77.50888585889729,77.5201542246963,411.0046594442395,0.0
1271,4.0,4.1948045568302685,0.19480455683026854,77.50822435642824,77.52016233513814,411.0134630014321,0.0
1272,4.0,4.194845348370663,0.19484534837066292,77.50758850578832,77.52018482583345,411.0216009137408,0.0
1273,4.0,4.194885339939708,0.1948853399397077,77.50700018548632,77.52020684315539,411.02957923176524,0.0
1274,4.0,4.194923731747793,0.1949237317477932,77.50642179178352,77.52021985750378,411.0372383974783,0.0
1275,4.0,4.194960557897773,0.19496055789777333,77.50586906200567,77.52021103119655,411.0445852143993,0.0
1276,4.0,4.194999270527401,0.19499927052740063,77.50534041349324,77.52020267975834,411.05230838400996,0.0
1277,4.0,4.195033942615086,0.195033942615086,77.50483077386176,77.52019945060147,411.0592254655032,0.0
1278,4.0,4.195064840222243,0.19506484022224324,77.50433849923694,77.52019567538359,411.06538953813106,0.0
1279,4.0,4.19510047478843,0.19510047478842996,77.50388311251572,77.52019352882787,411.0724986340853,0.0
1280,4.0,4.1951394034565475,0.19513940345654746,77.50344544108376,77.52019379403674,411.08026490337477,0.0
1281,4.0,4.195177781358514,0.19517778135851405,77.50302777329502,77.5201914129686,411.0879212948171,0.0
1282,4.0,4.195216714473017,0.19521671447301703,77.50262277040834,77.52019058758697,411.09568845116047,0.0
1283,4.0,4.195253413947119,0.19525341394711937,77.50224594507579,77.5201908591801,411.1030099962439,0.0
1284,4.0,4.195290072571511,0.19529007257151143,77.50188297462026,77.52018120817834,411.1103233918101,0.0
1285,4.0,4.1953266134317415,0.1953266134317415,77.50154182629755,77.5201753833832,411.117613293426,0.0
1286,4.0,4.195360129363925,0.19536012936392488,77.50123037678549,77.52016706774292,411.12429972189653,0.0
1287,4.0,4.1953967182613034,0.19539671826130345,77.5009341790549,77.52016465693963,411.13159920692357,0.0
1288,4.0,4.195431697312403,0.19543169731240262,77.50068081778129,77.52017255258548,411.1385775276179,0.0
1289,4.0,4.1954613735456725,0.1954613735456725,77.50044031152035,77.52019648894645,411.1444979361552,0.0
1290,4.0,4.195492978988082,0.19549297898808238,77.50020999736873,77.52021493953093,411.15080322191596,0.0
1291,4.0,4.1955249813641124,0.19552498136411245,77.50001817969937,77.52022195171389,411.15718769593394,0.0
1292,4.0,4.195553893775324,0.19555389377532428,77.49983107117023,77.52021864159691,411.1629557219707,0.0
1293,4.0,4.195581682504548,0.19558168250454777,77.49965162883267,77.52020741716765,411.1684995734508,0.0
1294,4.0,4.195609033590459,0.19560903359045856,77.49951955077974,77.52018781322067,411.17395611509005,0.0
1295,4.0,4.195634819776815,0.1956348197768154,77.49939674153181,77.52016721165639,411.1791004592682,0.0
1296,4.0,4.1956602479874,0.19566024798739967,77.49928054606917,77.5201650283779,411.18417338727977,0.0
1297,4.0,4.1956862511330675,0.19568625113306748,77.49919300952796,77.52015290796442,411.18936101484053,0.0
1298,4.0,4.1957091626361445,0.19570916263614446,77.49911675673965,77.5201501882088,411.1939318597044,0.0
1299,4.0,4.1957313763192,0.19573137631920012,77.4990599402997,77.52015283004064,411.198363489474,0.0
1300,4.0,4.195755255710714,0.19575525571071406,77.49901818015293,77.52017063666398,411.203127428081,0.0
1301,4.0,4.195774746397552,0.19577474639755188,77.49899202234793,77.52018350525162,411.20701582010514,0.0
1302,4.0,4.195793540417525,0.19579354041752506,77.49897873266447,77.52018292848508,411.2107652270898,0.0
1303,4.0,4.195815293454426,0.19581529345442572,77.49898934050405,77.52017308712172,411.21510495795144,0.0
1304,4.0,4.195831632822468,0.1958316328224683,77.49900175159912,77.52016803115654,411.21836466187597,0.0
1305,4.0,4.195850065324961,0.19585006532496063,77.49901477726806,77.52017635725987,411.22204194612317,0.0
1306,4.0,4.195868559478631,0.19586855947863135,77.49905305234607,77.52018344420442,411.2257315297805,0.0
1307,4.0,4.195883954672651,0.1958839546726514,77.49910714244608,77.52020749277304,411.2288028709875,0.0
1308,4.0,4.195901315061379,0.19590131506137887,77.4991631870202,77.5202092267724,411.23226626853864,0.0
1309,4.0,4.195917355837333,0.1959173558373326,77.49922672857129,77.52020042564119,411.2354664033414,0.0
1310,4.0,4.195931085032705,0.19593108503270518,77.49932089591367,77.52019741860019,411.23820537781825,0.0
1311,4.0,4.195944812668347,0.19594481266834674,77.49941222766019,77.52019288581504,411.2409440411287,0.0
1312,4.0,4.195959600504993,0.19595960050499261,77.49951916042086,77.52019979299826,411.2438942145396,0.0
1313,4.0,4.195969285212351,0.19596928521235135,77.49963157040489,77.52018563946099,411.24582631365763,0.0
1314,4.0,4.195979285076144,0.19597928507614437,77.49975288686174,77.5201784756569,411.24782128648434,0.0
1315,4.0,4.195989755289511,0.1959897552895109,77.49988433436675,77.52017070094936,411.24991009405096,0.0
1316,4.0,4.195997559193155,0.1959975591931551,77.5000399700888,77.52015726431507,411.251466972828,0.0
1317,4.0,4.196003682137536,0.19600368213753594,77.50019208302537,77.52015807465357,411.252688500232,0.0
1318,4.0,4.196012485949842,0.19601248594984177,77.50035267066313,77.52015867638421,411.254444860787,0.0
1319,4.0,4.196022207330083,0.19602220733008302,77.500513492562,77.52016918659412,411.2563842761451,0.0
1320,4.0,4.196028543004064,0.19602854300406403,77.50068857341216,77.5201913407488,411.2576482431043,0.0
1321,4.0,4.196035916293843,0.19603591629384276,77.50085921668274,77.52021474846134,411.2591192144152,0.0
1322,4.0,4.19604397892478,0.19604397892477987,77.50104126427762,77.52020692037996,411.26072770928715,0.0
1323,4.0,4.1960496665523985,0.19604966655239853,77.50122667645704,77.5201963353428,411.26186239099707,0.0
1324,4.0,4.196055057705162,0.19605505770516185,77.50142001865477,77.52018966980702,411.26293792597335,0.0
1325,4.0,4.196061862025151,0.19606186202515108,77.50161507791766,77.5201850617849,411.26429538781116,0.0
1326,4.0,4.196068615710201,0.1960686157102014,77.50181679918737,77.52018127166929,411.26564274797875,0.0
1327,4.0,4.196072712707349,0.19607271270734916,77.50202258817393,77.52017801464332,411.2664600989097,0.0
1328,4.0,4.1960770303773725,0.19607703037737245,77.50223084648944,77.52017656981833,411.2673214740794,0.0
1329,4.0,4.196079590253657,0.19607959025365673,77.5024470252166,77.52251919913915,411.26783216939805,0.0
1330,4.0,4.196065020297887,0.19606502029788686,77.50267522612474,77.52683669967257,411.26492546322197,0.0
1331,4.0,4.196046704504911,0.19604670450491124,77.50289734106043,77.53012760057965,411.2612714625234,0.0
1332,4.0,4.196044739065624,0.19604473906562436,77.50311528529359,77.53320594543952,411.26087935738565,0.0
1333,4.0,4.196030247063752,0.19603024706375205,77.50334041414257,77.54061049262695,411.2579882030121,0.0
1334,4.0,4.1960027150874,0.19600271508739997,77.50356748498278,77.54703131506325,411.25249557372985,0.0
1335,4.0,4.195984585393564,0.195984585393564,77.50376653246764,77.5509892806467,411.24887869980955,0.0
1336,4.0,4.1959796786397625,0.1959796786397625,77.50396026042469,77.55556656282826,411.24789980242616,0.0
1337,4.0,4.195960464714886,0.1959604647148856,77.50414497235144,77.56026124303735,411.2440666244132,0.0
1338,4.0,4.195936070553074,0.19593607055307416,77.5043271843794,77.56167915901786,411.23919998913186,0.0
1339,4.0,4.195932987656343,0.19593298765634337,77.50451013650954,77.56298473742189,411.23858495123403,0.0
1340,4.0,4.195919380250613,0.19591938025061317,77.5046796613495,77.56666575651477,411.23587027379085,0.0
1341,4.0,4.195900400417718,0.1959004004177176,77.50482732582667,77.56917647763109,411.2320837971282,0.0
1342,4.0,4.195883653689545,0.1958836536895454,77.50497629079548,77.57064621472266,411.2287428248579,0.0
1343,4.0,4.195884647701112,0.1958846477011118,77.50512485006902,77.57276273237339,411.22894113016537,0.0
1344,4.0,4.195870184931387,0.19587018493138686,77.50526272106991,77.57770492914467,411.22605580760523,0.0
1345,4.0,4.195849781062221,0.19584978106222106,77.50538269052049,77.5805972936118,411.22198523570665,0.0
1346,4.0,4.195851047340189,0.19585104734018888,77.5055000378173,77.58325211753375,411.22223785816124,0.0
1347,4.0,4.195845229231591,0.1958452292315913,77.50560423672887,77.58956576017734,411.221077145496,0.0
1348,4.0,4.195827761522996,0.1958277615229962,77.50571415691039,77.59431455159705,411.2175923376313,0.0
1349,4.0,4.195829225020146,0.19582922502014632,77.50579485048804,77.59714313668414,411.21788430531274,0.0
1350,4.0,4.19583076251053,0.19583076251053022,77.50590153734461,77.60094411744466,411.21819103464435,0.0
1351,4.0,4.195816601269337,0.1958166012693372,77.50598883913459,77.60584476081038,411.2153658670263,0.0
1352,4.0,4.19580289952224,0.19580289952224028,77.5060838141001,77.60825654641992,411.21263236848046,0.0
1353,4.0,4.195805167516007,0.1958051675160073,77.50616383869011,77.608896004162,411.213084833237,0.0
1354,4.0,4.195799098497058,0.19579909849705768,77.50625139997277,77.61369357393927,411.21187406395654,0.0
1355,4.0,4.195782830156176,0.19578283015617615,77.50633221362251,77.61722623942975,411.20862852995066,0.0
1356,4.0,4.1957769705308685,0.1957769705308685,77.50640199721049,77.61899086341651,411.2074595347018,0.0
1357,4.0,4.195783983725492,0.19578398372549177,77.50645737230677,77.61974190609311,411.2088586670291,0.0
1358,4.0,4.195782975156238,0.19578297515623788,77.50651036984927,77.62066217594108,411.208657457463,0.0
1359,4.0,4.19578058303162,0.19578058303162038,77.50657665128833,77.62012214566131,411.2081802286018,0.0
1360,4.0,4.195784426402858,0.19578442640285765,77.50663657568704,77.61911537410926,411.20894698116365,0.0
1361,4.0,4.195799081001005,0.19579908100100507,77.50668744318712,77.61692385086388,411.2118705734941,0.0
1362,4.0,4.195812799115466,0.19581279911546634,77.5067466086747,77.61476276391285,411.2146073373291,0.0
1363,4.0,4.19582272250474,0.1958227225047402,77.50681122969048,77.61325444484254,411.2165870534892,0.0
1364,4.0,4.195832691519637,0.19583269151963734,77.50687337109427,77.61260474806839,411.2185758719612,0.0
1365,4.0,4.195843140606255,0.19584314060625463,77.50693891784132,77.61278275781478,411.22066046474134,0.0
1366,4.0,4.19585387268562,0.19585387268562027,77.507015601597,77.61357710436614,411.2228015145748,0.0
1367,4.0,4.19586102510276,0.1958610251027597,77.50710767848817,77.6147221263488,411.2242284217941,0.0
1368,4.0,4.195873928579018,0.19587392857901786,77.50719007230586,77.6158968632375,411.2268026653076,0.0
1369,4.0,4.195887907571523,0.19588790757152275,77.50728696438969,77.6168625222634,411.2295914743123,0.0
1370,4.0,4.195898449235249,0.19589844923524868,77.50738352851137,77.61745345852205,411.23169453622563,0.0
1371,4.0,4.195910682256029,0.19591068225602903,77.50749957952266,77.61763453832756,411.2341350238714,0.0
1372,4.0,4.195926078775872,0.1959260787758721,77.5076079235342,77.61744620636631,411.23720662958004,0.0
1373,4.0,4.195936476959279,0.19593647695927885,77.50773822896919,77.61698898450612,411.23928106716966,0.0
1374,4.0,4.19594909591321,0.1959490959132104,77.50788642367817,77.61643185939832,411.24179854847904,0.0
1375,4.0,4.1959584210359475,0.19595842103594752,77.50802673068478,77.61586833987226,411.24365891046506,0.0
1376,4.0,4.195968204214056,0.19596820421405603,77.50818475890104,77.61542198689433,411.24561065449774,0.0
1377,4.0,4.1959834886433205,0.1959834886433205,77.50833608033261,77.61515088017194,411.248659898136,0.0
1378,4.0,4.195992941330645,0.19599294133064493,77.50850184814965,77.61508800149389,411.2505457092572,0.0
1379,4.0,4.196002040517871,0.19600204051787085,77.50867741793951,77.61519275826537,411.2523609971088,0.0
1380,4.0,4.196011006275197,0.19601100627519674,77.50885217884047,77.61542113946741,411.2541496656953,0.0
1381,4.0,4.196021711741013,0.1960217117410128,77.50904716850152,77.61571342261809,411.25628540612564,0.0
1382,4.0,4.196030916678068,0.19603091667806805,77.5092436923245,77.61597293239689,411.2581217910681,0.0
1383,4.0,4.1960372107209905,0.19603721072099045,77.5094514387183,77.61617897269498,411.25937745263116,0.0
1384,4.0,4.196047493762819,0.19604749376281916,77.5096542286745,77.61629685036884,411.261428919476,0.0
1385,4.0,4.196052923820916,0.19605292382091566,77.50986156915495,77.61630127792883,411.2625122160662,0.0
1386,4.0,4.196056953193919,0.19605695319391891,77.51007841865683,77.61622752147629,411.26331607598036,0.0
1387,4.0,4.196063889779387,0.1960638897793867,77.5103135670649,77.61610660822417,411.26469992478116,0.0
1388,4.0,4.196069187029115,0.19606918702911535,77.51053317755189,77.6159657480671,411.26575672610204,0.0
1389,4.0,4.196072636849198,0.1960726368491983,77.51076073119373,77.61583476231615,411.2664449652086,0.0
1390,4.0,4.196072989121532,0.19607298912153226,77.51099968398786,77.61576162594923,411.26651524353923,0.0
1391,4.0,4.196079260824228,0.1960792608242281,77.51123402070553,77.61571782159095,411.267766448227,0.0
1392,4.0,4.196086112926699,0.1960861129266993,77.51148054492161,77.61571509862571,411.26913344267007,0.0
1393,4.0,4.196088842558264,0.19608884255826364,77.51172140045588,77.6157621349551,411.26967800416713,0.0
1394,4.0,4.196091568789074,0.19609156878907363,77.51197868242744,77.6158341330127,411.2702218872137,0.0
1395,4.0,4.196097754276232,0.19609775427623166,77.51222770038169,77.61589805881039,411.2714558919018,0.0
1396,4.0,4.1961042919212135,0.19610429192121348,77.51248984902847,77.61595511368061,411.27276015207565,0.0
1397,4.0,4.196109061512901,0.1961090615129013,77.51276502064177,77.61599099199887,411.27371168561734,0.0
1398,4.0,4.196112727851892,0.19611272785189193,77.51304093493884,77.61600081513046,411.274443120246,0.0
1399,4.0,4.196119400046399,0.19611940004639905,77.51331041419455,77.61598637577835,411.2757742230502,0.0
1400,4.0,4.196122050638637,0.1961220506386372,77.51357635194772,77.61595585104472,411.27630301620167,0.0
1401,4.0,4.196127055044199,0.19612705504419914,77.51385771770329,77.61592031471967,411.2773013951113,0.0
1402,4.0,4.196133945144568,0.1961339451445676,77.51413994227931,77.61588763318981,411.27867597013477,0.0
1403,4.0,4.1961385089901775,0.19613850899017748,77.51438761511102,77.61587405685688,411.27958645733395,0.0
1404,4.0,4.196143333595531,0.19614333359553093,77.51463722047204,77.61586631933189,411.28054896610195,0.0
1405,4.0,4.196148280040218,0.19614828004021767,77.51490584735949,77.61586331626846,411.28153578181696,0.0
1406,4.0,4.196154378184103,0.19615437818410264,77.51516710751282,77.61587842317734,411.282752361522,0.0
1407,4.0,4.1961596576561515,0.1961596576561515,77.51543203562149,77.6158934596451,411.28380561619576,0.0
1408,4.0,4.1961638009880735,0.1961638009880735,77.51571140551053,77.6159106151767,411.2846322109142,0.0
1409,4.0,4.196167683960936,0.19616768396093587,77.51600049356236,77.61591205880723,411.28540686400027,0.0
1410,4.0,4.196166995497142,0.19616699549714234,77.51628075704241,77.61593043929355,411.28526951547343,0.0
1411,4.0,4.196167682582808,0.19616768258280803,77.5165568825654,77.61593888619669,411.28540658906377,0.0
1412,4.0,4.196171202933541,0.19617120293354073,77.51685266837033,77.61594641456799,411.2861088990349,0.0
1413,4.0,4.196088199681039,0.1960881996810393,77.51865849687181,77.61594623903754,411.2695497501609,0.0
1414,4.0,4.1958941127554334,0.19589411275543345,77.52263534672073,77.61594055197612,411.23082940850253,0.0
1415,4.0,4.1956877553463565,0.19568775534635652,77.5270144055791,77.61592437525543,411.1896611053917,0.0
1416,4.0,4.195401050054572,0.19540105005457242,77.53283617818674,77.61591444795695,411.1324633996807,0.0
1417,4.0,4.194815146372736,0.19481514637273634,77.5442514523829,77.61590010968801,411.01557561515443,0.0
1418,4.0,4.19418957689037,0.19418957689036986,77.5564181189867,77.61588897114791,410.89077450342234,0.0
1419,4.0,4.1934785311734935,0.19347853117349345,77.57022354102969,77.61588923936529,410.74892088290545,0.0
1420,4.0,4.192489337814209,0.19248933781420874,77.58882877479641,77.61588450379219,410.55157680772817,0.0
1421,4.0,4.191445183782414,0.19144518378241404,77.60829987996438,77.61588681650402,410.3432680783851,0.0
1422,4.0,4.190391842472568,0.19039184247256813,77.62789025577895,77.6158959518377,410.13312648707085,0.0
1423,4.0,4.189161553550036,0.1891615535500364,77.65032770827213,77.61590110337897,409.8876838470258,0.0
1424,4.0,4.187737599630719,0.18773759963071868,77.6760440864445,77.6159116089528,409.6036050401219,0.0
1425,4.0,4.186316963124892,0.18631696312489243,77.70154744303385,77.61593069291051,409.3201880572096,0.0
1426,4.0,4.1848365808250945,0.18483658082509447,77.72798090804613,77.6159363249917,409.0248517883999,0.0
1427,4.0,4.18314071008331,0.18314071008331023,77.75788039229052,77.61594682623432,408.68652557541395,0.0
1428,4.0,4.181338150400949,0.1813381504009488,77.78951796654262,77.61593806394964,408.32691491878285,0.0
1429,4.0,4.1795626655245135,0.1795626655245135,77.820489782674,77.6159203135713,407.972705685934,0.0
1430,4.0,4.17759427705729,0.17759427705729003,77.85455023646901,77.615901274022,407.5800121867229,0.0
1431,4.0,4.175435286922368,0.17543528692236787,77.89178716716289,77.61588494738491,407.14929365480594,0.0
1432,4.0,4.173299021425009,0.17329902142500941,77.92837832088637,77.61587207295092,406.7231086880829,0.0
1433,4.0,4.171116267522196,0.171116267522196,77.96545663525045,77.61588075392162,406.2876492844717,0.0
1434,4.0,4.168710725902376,0.16871072590237635,78.00619817767402,77.61587701660325,405.80774373131766,0.0
1435,4.0,4.166244829924048,0.16624482992404843,78.04777942866745,77.6158825426249,405.3157974836412,0.0
1436,4.0,4.163774863479457,0.1637748634794569,78.08912398478788,77.61589543699526,404.8230391779452,0.0
1437,4.0,4.161173449937024,0.16117344993702432,78.13241680199006,77.6159046098724,404.3040571762299,0.0
1438,4.0,4.158408794827165,0.15840879482716463,78.17829536728108,77.61592116149913,403.7525084818129,0.0
1439,4.0,4.155688524250161,0.1556885242501611,78.22303724081901,77.61592552085142,403.2098145017007,0.0
1440,4.0,4.152921796833098,0.15292179683309826,78.26823874764317,77.61593590174357,402.65785238199663,0.0
1441,4.0,4.15008974177749,0.15008974177748957,78.31397425890712,77.61593213580488,402.0928573984027,0.0
1442,4.0,4.147278692541446,0.14727869254144643,78.35880414355822,77.61592255093423,401.53205307581214,0.0
1443,4.0,4.144544464067094,0.14454446406709387,78.40169999757961,77.61592447890185,400.9865744951788,0.0
1444,4.0,4.14179107911761,0.1417910791176098,78.44439589385757,77.61592757437295,400.4372741977567,0.0
1445,4.0,4.139132967818887,0.1391329678188873,78.48459211504692,77.6159250005663,399.9069809936616,0.0
1446,4.0,4.136556845135282,0.13655684513528232,78.5227896580028,77.6159174961035,399.39304451828235,0.0
1447,4.0,4.134038475755894,0.13403847575589367,78.55940371250983,77.61590172735393,398.89062982709436,0.0
1448,4.0,4.131570213969921,0.13157021396992086,78.59462120240622,77.6158931161306,398.39821160079276,0.0
1449,4.0,4.129147072798409,0.12914707279840876,78.62855637772711,77.61589353435664,397.91479493707607,0.0
1450,4.0,4.1267722869429475,0.1267722869429475,78.66126359267041,77.61588747075831,397.4410251589116,0.0
1451,4.0,4.124446938351501,0.12444693835150122,78.69272101363823,77.61588334122425,396.977118114918,0.0
1452,4.0,4.1221717723391835,0.12217177233918353,78.72288825626973,77.61589630487624,396.52322249546063,0.0
1453,4.0,4.119947763404525,0.11994776340452518,78.75174012021877,77.6159153096574,396.0795327129963,0.0
1454,4.0,4.117776490304017,0.11777649030401705,78.77925570122935,77.61591119372251,395.64636372944494,0.0
1455,4.0,4.1156676522351985,0.11566765223519848,78.80536873483767,77.6159220797134,395.2256505347156,0.0
1456,4.0,4.113614725758228,0.11361472575822784,78.83013077857652,77.61593052147758,394.81609170255996,0.0
1457,4.0,4.1116167300913995,0.1116167300913995,78.85354090815153,77.615933242313,394.41749156702775,0.0
1458,4.0,4.109673692635725,0.10967369263572468,78.87563328024046,77.61591987242349,394.0298555946206,0.0
1459,4.0,4.107790173720118,0.1077901737201179,78.8963844128272,77.61592204620452,393.65409357095706,0.0
1460,4.0,4.105957247218551,0.1059572472185506,78.91588117287695,77.61591008660676,393.2884247338944,0.0
1461,4.0,4.104177901269168,0.1041779012691677,78.9341423219158,77.61590698790735,392.9334452169925,0.0
1462,4.0,4.102448030015378,0.10244803001537761,78.95123283722555,77.61589989305013,392.58833590186134,0.0
1463,4.0,4.1007682950172,0.10076829501720042,78.9671696935166,77.6159030355706,392.253228769725,0.0
1464,4.0,4.099137333144684,0.09913733314468409,78.98199390347911,77.61590925447031,391.927851876158,0.0
1465,4.0,4.097556018905082,0.09755601890508192,78.9956984799597,77.61590118474129,391.6123796853574,0.0
1466,4.0,4.096025506508373,0.09602550650837305,79.00835156467365,77.61589170944802,391.307042462214,0.0
1467,4.0,4.094538967224826,0.09453896722482558,79.0199927374044,77.61589410677281,391.01047787514625,0.0
1468,4.0,4.093101534379411,0.09310153437941082,79.03063044682536,77.61588661402277,390.723710022486,0.0
1469,4.0,4.091707029077839,0.09170702907783923,79.0403121293615,77.61589860147365,390.4455062148225,0.0
1470,4.0,4.090351839885169,0.0903518398851686,79.04905593514306,77.6158953778176,390.17514597088467,0.0
1471,4.0,4.089042693244652,0.08904269324465197,79.05689183790302,77.61588803636073,389.91397121610163,0.0
1472,4.0,4.087772583657999,0.08777258365799856,79.06384837315626,77.61589613339086,389.6605843535643,0.0
1473,4.0,4.086544213193054,0.08654421319305428,79.06993440931711,77.61590605456426,389.4155244458079,0.0
1474,4.0,4.085353729633967,0.08535372963396703,79.07518656073546,77.6159066602732,389.17802297577,0.0
1475,4.0,4.084203920032871,0.0842039200328708,79.07962059963806,77.61590913152394,388.9486359603513,0.0
1476,4.0,4.08309465390695,0.08309465390694992,79.08324831969303,77.61591776643823,388.72733736823005,0.0
1477,4.0,4.082020172848013,0.08202017284801322,79.08609641420551,77.6159092192632,388.5129783969722,0.0
1478,4.0,4.080987483760978,0.08098748376097831,79.08819329273439,77.61591284363942,388.3069569241087,0.0
1479,4.0,4.0799903467216625,0.0799903467216625,79.08956503402433,77.6159109160136,388.1080280847652,0.0
1480,4.0,4.079023829306815,0.07902382930681462,79.09024947346057,77.6159142393122,387.9152078605031,0.0
1481,4.0,4.078092152473946,0.07809215247394619,79.09025853553442,77.61590723350164,387.72933833234583,0.0
1482,4.0,4.077196002526517,0.0771960025265166,79.08960875810254,77.61589383470486,387.5505564178336,0.0
1483,4.0,4.07633715257723,0.07633715257722962,79.08833606965538,77.61590355663732,387.37921585295084,0.0
1484,4.0,4.075504605762492,0.07550460576249218,79.086454701204,77.61591159878677,387.2131227634107,0.0
1485,4.0,4.074705081658219,0.07470508165821865,79.0839720807231,77.61591190029228,387.05361770460814,0.0
1486,4.0,4.0739384324828976,0.07393843248289755,79.08091775057775,77.61590872149085,386.9006711941316,0.0
1487,4.0,4.073197772825932,0.07319777282593165,79.07733747586437,77.61591434394234,386.7529095925669,0.0
1488,4.0,4.072486848726642,0.07248684872664235,79.07324260636335,77.61592819981054,386.61108023475873,0.0
1489,4.0,4.071804517622851,0.07180451762285056,79.06863491306959,77.61593107644558,386.47495517955224,0.0
1490,4.0,4.071153456479704,0.07115345647970361,79.06352971189483,77.61591724670689,386.3450684814944,0.0
1491,4.0,4.070529334725713,0.07052933472571343,79.05792327298873,77.61590727603692,386.2205561915734,0.0
1492,4.0,4.069932615608737,0.06993261560873698,79.05186046701562,77.61588887139992,386.1015107277366,0.0
1493,4.0,4.069362695973076,0.06936269597307643,79.04536980523127,77.61589444493347,385.9878117604223,0.0
1494,4.0,4.068819679880653,0.06881967988065263,79.0384390891804,77.61589440406658,385.8794800499837,0.0
1495,4.0,4.068304167818433,0.06830416781843329,79.03109712209489,77.61589830798981,385.776635393571,0.0
1496,4.0,4.067813339620537,0.06781333962053715,79.02336829853884,77.61589156676821,385.6787151680907,0.0
1497,4.0,4.067346910158664,0.06734691015866368,79.01526491104535,77.6158968218333,385.58566249044696,0.0
1498,4.0,4.066905996848066,0.06690599684806564,79.00678552931001,77.61588841212586,385.4977002849826,0.0
1499,4.0,4.0664882572328995,0.06648825723289953,78.9979554339771,77.61587964368013,385.41436123175697,0.0
1500,4.0,4.066089751219102,0.06608975121910188,78.9888039251418,77.61588966724334,385.33485928200435,0.0
1501,4.0,4.065715287735145,0.06571528773514501,78.97934233120559,77.61589866925192,385.260153816955,0.0
1502,4.0,4.065361983428824,0.06536198342882393,78.96960647523183,77.61591255870306,385.18966960784394,0.0
1503,4.0,4.065027973469729,0.06502797346972944,78.95957522922278,77.615914426962,385.1230346210046,0.0
1504,4.0,4.064715016584381,0.06471501658438061,78.94928207466846,77.61590851250332,385.0605997223775,0.0
1505,4.0,4.064423269807197,0.0644232698071967,78.93871730349825,77.6159168424745,385.0023962403293,0.0
1506,4.0,4.064152474483026,0.06415247448302619,78.92789280390623,77.61591775953998,384.9483725731573,0.0
1507,4.0,4.0638929799396,0.06389297993959975,78.9168406524645,77.61590779177665,384.89660341174374,0.0
1508,4.0,4.063654476891196,0.06365447689119641,78.90557549629305,77.61590401855528,384.8490220535872,0.0
1509,4.0,4.063433852251627,0.06343385225162734,78.89408356307759,77.61590202287685,384.8050074379932,0.0
1510,4.0,4.063231810557545,0.06323181055754468,78.88239860710682,77.61590566992247,384.7647001200237,0.0
1511,4.0,4.063048225071576,0.06304822507157581,78.87054349981251,77.61591361025324,384.72807481557294,0.0
1512,4.0,4.062875894627217,0.06287589462721677,78.85854322769845,77.61591500060244,384.69369489192326,0.0
1513,4.0,4.062723759817267,0.06272375981726697,78.84634604749054,77.61590583158042,384.6633439973383,0.0
1514,4.0,4.062583501467141,0.06258350146714076,78.83400538071335,77.61590465129055,384.6353624564881,0.0
1515,4.0,4.06246113934218,0.06246113934218034,78.82151945779876,77.6158966158257,384.6109512125585,0.0
1516,4.0,4.0623529167224515,0.06235291672245147,78.80889369968139,77.61588726951246,384.5893607999226,0.0
1517,4.0,4.062259616029385,0.0622596160293849,78.79614009517351,77.6158913994043,384.57074731165585,0.0
1518,4.0,4.062179690226889,0.062179690226889406,78.78326849569166,77.6158893865439,384.554802114058,0.0
1519,4.0,4.062116530329994,0.06211653032999376,78.77031468659064,77.61588803299875,384.5422017146273,0.0
1520,4.0,4.0620626934485875,0.0620626934485875,78.75727437687158,77.61590113433599,384.53146125678677,0.0
1521,4.0,4.062020851345053,0.06202085134505264,78.74414319084183,77.6159067364578,384.5231137571315,0.0
1522,4.0,4.061993433468562,0.061993433468561676,78.73093500856349,77.61590959109085,384.51764389077164,0.0
1523,4.0,4.061977814935415,0.06197781493541488,78.7176535053777,77.61592060931247,384.5145279934088,0.0
1524,4.0,4.061973671083607,0.06197367108360741,78.70430508679097,77.61593316478248,384.5137012949732,0.0
1525,4.0,4.061984030306723,0.06198403030672317,78.69089969967952,77.61593275712632,384.5157679599848,0.0
1526,4.0,4.062002244781111,0.062002244781110605,78.67744114695539,77.61593147992724,384.5194017476251,0.0
1527,4.0,4.062028055024498,0.0620280550244976,78.66398673679147,77.61592360134152,384.5245508911808,0.0
1528,4.0,4.062064667976025,0.062064667976025056,78.65049881648775,77.61590996839193,384.53185517501055,0.0
1529,4.0,4.062110676683441,0.06211067668344139,78.63698434121095,77.61590947715908,384.5410339121401,0.0
1530,4.0,4.062167459535133,0.06216745953513314,78.62343701097983,77.6159101392148,384.5523620910526,0.0
1531,4.0,4.062233813309306,0.06223381330930611,78.60988359960594,77.6159077376265,384.5655996690001,0.0
1532,4.0,4.062308669282518,0.0623086692825181,78.59631741340922,77.61590701182327,384.5805334356559,0.0
1533,4.0,4.062392074263724,0.06239207426372406,78.5827621414175,77.61589986996083,384.5971727294065,0.0
1534,4.0,4.062483459154978,0.06248345915497833,78.56922126904904,77.61590177132113,384.6154040152117,0.0
1535,4.0,4.062581299792551,0.06258129979255056,78.55572434696363,77.61590915739309,384.6349232224074,0.0
1536,4.0,4.062686326379861,0.06268632637986116,78.54224126339511,77.6159122674826,384.65587602657587,0.0
1537,4.0,4.06279767247438,0.06279767247437995,78.5287787483907,77.61590644905705,384.6780895724324,0.0
1538,4.0,4.062918089013219,0.06291808901321883,78.51532452639168,77.61589894826534,384.7021126719307,0.0
1539,4.0,4.063044279263846,0.06304427926384637,78.50191212160742,77.6158960310805,384.7272876269309,0.0
1540,4.0,4.0631763295491625,0.06317632954916252,78.48853352979398,77.61590240491688,384.7536316588515,0.0
1541,4.0,4.063316978355889,0.06331697835588912,78.47518281064887,77.61591077397847,384.78169109579346,0.0
1542,4.0,4.063460740441509,0.06346074044150907,78.46192033652154,77.61591139178168,384.8103716318746,0.0
1543,4.0,4.063610746622433,0.06361074662243293,78.44870892150432,77.61591067552772,384.84029786496893,0.0
1544,4.0,4.063766520971338,0.06376652097133828,78.43554682390392,77.615897104477,384.87137484757557,0.0
1545,4.0,4.063927408922889,0.06392740892288895,78.42245686303882,77.6159004897114,384.9034719939099,0.0
1546,4.0,4.06409390835093,0.0640939083509302,78.40941511306316,77.61590411165353,384.9366886298041,0.0
1547,4.0,4.0642667130400945,0.06426671304009446,78.39644202891856,77.61590973454598,384.97116316529235,0.0
1548,4.0,4.064445416027766,0.0644454160277661,78.38353284010302,77.615905864819,385.00681441133287,0.0
1549,4.0,4.064628323940193,0.0646283239401928,78.37069068148453,77.61591385518291,385.04330453986205,0.0
1550,4.0,4.0648131200914195,0.06481312009141948,78.35798135844774,77.61591486714582,385.0801713720317,0.0
1551,4.0,4.065001944869657,0.06500194486965682,78.3453433485892,77.61591113532873,385.11784191529006,0.0
1552,4.0,4.065194599165222,0.0651945991652223,78.3327948734294,77.6159179393115,385.1562764472554,0.0
1553,4.0,4.065390323515707,0.0653903235157074,78.32032525181464,77.61590488623303,385.1953234551772,0.0
1554,4.0,4.065591013691628,0.06559101369162779,78.30793007536236,77.61589718076807,385.2353611452733,0.0
1555,4.0,4.065794019065222,0.06579401906522175,78.29564015598531,77.61590988759967,385.27586071730525,0.0
1556,4.0,4.065998983871377,0.06599898387137682,78.2834420835274,77.61589869248324,385.3167511961332,0.0
1557,4.0,4.066206371835089,0.06620637183508915,78.2713320013762,77.61591078006293,385.3581250948938,0.0
1558,4.0,4.066414219525212,0.0664142195252122,78.2593544588242,77.61592094089664,385.3995907090734,0.0
1559,4.0,4.066622533883685,0.06662253388368544,78.24748060169333,77.61593352663924,385.4411494235888,0.0
1560,4.0,4.066837523362313,0.06683752336231308,78.23570917127677,77.61593041470204,385.484039824575,0.0
1561,4.0,4.0670520496510125,0.06705204965101252,78.22404581629091,77.6159227240992,385.52683781917057,0.0
1562,4.0,4.0672693654885155,0.06726936548851548,78.21248874236811,77.61591616334024,385.5701923287524,0.0
1563,4.0,4.067490186637444,0.06749018663744444,78.20102757135369,77.6159108502608,385.6142461479637,0.0
1564,4.0,4.067712178609574,0.06771217860957357,78.18967511811502,77.61590299930539,385.6585335464035,0.0
1565,4.0,4.067935340169939,0.06793534016993874,78.17844152606553,77.61589164565461,385.7030542776963,0.0
1566,4.0,4.0681606879743,0.06816068797430042,78.16730725088802,77.61589708050663,385.7480111646665,0.0
1567,4.0,4.068384639281504,0.06838463928150418,78.156341120779,77.6159164207588,385.7926894504536,0.0
1568,4.0,4.0686072898835075,0.0686072898835075,78.1454754377882,77.61590511378415,385.8371082455533,0.0
1569,4.0,4.068832420211196,0.06883242021119607,78.13472533237395,77.6159026910236,385.8820217459272,0.0
1570,4.0,4.069058839159341,0.06905883915934119,78.12410017384886,77.61589803472286,385.92719232608215,0.0
1571,4.0,4.0692871981991,0.0692871981990999,78.11359419542099,77.6158931977588,385.972749954514,0.0
1572,4.0,4.069512930221513,0.06951293022151273,78.10319043317898,77.61589130107413,386.0177834929853,0.0
1573,4.0,4.069743112174188,0.06974311217418805,78.09291164931659,77.61588894749687,386.06370479254406,0.0
1574,4.0,4.069972837683373,0.06997283768337326,78.08274401105966,77.6158887379428,386.1095350316265,0.0
1575,4.0,4.070204211954818,0.07020421195481763,78.07271459533231,77.61590832646623,386.15569419877966,0.0
1576,4.0,4.070433042490269,0.0704330424902686,78.06280595375057,77.61591439063302,386.2013458906021,0.0
1577,4.0,4.070661254567174,0.07066125456717387,78.05304860370568,77.615921166514,386.2468741999447,0.0
1578,4.0,4.0708904782348885,0.07089047823488848,78.04341463891109,77.61592169165584,386.2926043216538,0.0
1579,4.0,4.071116106308711,0.07111610630871112,78.03388778392399,77.61592378997149,386.33761712238146,0.0
1580,4.0,4.071343925004856,0.07134392500485642,78.02449540258573,77.61591506459933,386.38306695226237,0.0
1581,4.0,4.071569965555508,0.07156996555550776,78.01521571946006,77.61591863406447,386.4281620421173,0.0
1582,4.0,4.071795338968702,0.07179533896870183,78.00606451892082,77.61590559583978,386.47312403804955,0.0
1583,4.0,4.07202309414492,0.07202309414492003,77.99702384540149,77.61591314677796,386.5185611957051,0.0
1584,4.0,4.072248249058226,0.07224824905822569,77.9881047996572,77.61591554719712,386.56347960090955,0.0
1585,4.0,4.072472388874097,0.0724723888740968,77.97930734101351,77.61591524132776,386.6081954941759,0.0
1586,4.0,4.072696384752705,0.0726963847527049,77.97063499637314,77.61591311572094,386.6528826719582,0.0
1587,4.0,4.072918768200805,0.07291876820080478,77.96210910992777,77.61589749551437,386.6972481698541,0.0
1588,4.0,4.073138497471195,0.07313849747119505,77.95372261239822,77.61588740711774,386.741084159297,0.0
1589,4.0,4.07335861305128,0.07335861305127978,77.94546448335642,77.61589120260876,386.7849972175238,0.0
1590,4.0,4.073578216775203,0.0735782167752026,77.93732491868835,77.61588922323362,386.8288081604465,0.0
1591,4.0,4.073797968280693,0.07379796828069285,77.92929127767887,77.61589576124379,386.87264858579175,0.0
1592,4.0,4.074016501939927,0.07401650193992726,77.92138629278453,77.61589584151487,386.91624605080904,0.0
1593,4.0,4.074229230826455,0.07422923082645472,77.9136167581558,77.61589706977743,386.95868546367126,0.0
1594,4.0,4.074442316625957,0.0744423166259569,77.90594906645279,77.61589356365255,387.00119608067195,0.0
1595,4.0,4.0746534154379015,0.0746534154379015,77.89840779196368,77.6158946048091,387.0433102936549,0.0
1596,4.0,4.074864452188164,0.07486445218816407,77.89097295982774,77.61590519257108,387.0854121253323,0.0
1597,4.0,4.075072275013316,0.0750722750133157,77.88367783241351,77.61590857487289,387.12687277895003,0.0
1598,4.0,4.075281145596363,0.0752811455963629,77.87649821923809,77.61591107854615,387.16854246026793,0.0
1599,4.0,4.07548945705333,0.07548945705333043,77.86942437482386,77.61591495655992,387.21010059593294,0.0
1600,4.0,4.075695528010716,0.07569552801071566,77.86246818436823,77.61591687175779,387.25121175193135,0.0
1601,4.0,4.07589750697924,0.07589750697924025,77.85567846190854,77.61591283575517,387.29150655615194,0.0
1602,4.0,4.076099613883203,0.07609961388320308,77.84898804282058,77.61589892663439,387.33182688349257,0.0
1603,4.0,4.0762983783346645,0.07629837833466446,77.8424092812322,77.61589522296683,387.3714803915591,0.0
1604,4.0,4.0764952222527935,0.07649522225279348,77.83594868276488,77.61589594642132,387.41075075322584,0.0
1605,4.0,4.076690054140787,0.07669005414078711,77.82960123068641,77.61589692367374,387.4496197148806,0.0
1606,4.0,4.07688193141435,0.07688193141435029,77.82336468141327,77.61588899194186,387.48789923095643,0.0
1607,4.0,4.077073703013351,0.07707370301335104,77.81724525917173,77.61587976982368,387.5261576649571,0.0
1608,4.0,4.0772640747274815,0.07726407472748154,77.81123396422245,77.61589216199995,387.5641368219261,0.0
1609,4.0,4.077449774638652,0.07744977463865244,77.805325849225,77.61591047420269,387.6011839542047,0.0
1610,4.0,4.077637353378637,0.07763735337863675,77.79951713955867,77.61592384035114,387.63860591283157,0.0
1611,4.0,4.07782020135087,0.0778202013508702,77.79382615612978,77.61592886459879,387.6750840832921,0.0
1612,4.0,4.078004154155032,0.07800415415503181,77.788235840357,77.61592412321954,387.7117826677224,0.0
1613,4.0,4.078179539081277,0.07817953908127695,77.78274882963309,77.61592416222035,387.7467719605083,0.0
1614,4.0,4.078356716984104,0.0783567169841044,77.77735605354373,77.6159151882007,387.7821189521224,0.0
1615,4.0,4.078529812627565,0.07852981262756487,77.7720752603035,77.61591812203693,387.8166515329927,0.0
1616,4.0,4.078701026781911,0.0787010267819106,77.76689139447276,77.61590681865896,387.8508087567847,0.0
1617,4.0,4.078869797181658,0.07886979718165765,77.7618084223248,77.61589739006507,387.8844784515342,0.0
1618,4.0,4.079037932529608,0.07903793252960778,77.75683984555315,77.61590116410213,387.91802145345025,0.0
1619,4.0,4.079203129538045,0.07920312953804487,77.75200022374257,77.61589761644676,387.9509782566335,0.0
1620,4.0,4.0793673666563715,0.07936736665637145,77.7472533758821,77.61590285539351,387.9837435617397,0.0
1621,4.0,4.079530199450409,0.07953019945040918,77.74260752019566,77.61590159328642,388.0162287041502,0.0
1622,4.0,4.079691590465711,0.07969159046571139,77.73804631227897,77.6158955813788,388.048426211703,0.0
1623,4.0,4.079847721614366,0.0798477216143656,77.73357347977894,77.61589171737023,388.07957437585947,0.0
1624,4.0,4.080003421516127,0.08000342151612738,77.72920597520456,77.61590773411233,388.11063650626096,0.0
1625,4.0,4.080156718969234,0.08015671896923404,77.72492285509148,77.61590605110351,388.14121934815574,0.0
1626,4.0,4.080307611041864,0.08030761104186368,77.72072542032862,77.61590872682373,388.1713223166454,0.0
1627,4.0,4.080460021984636,0.08046002198463587,77.71660916798082,77.6159075105066,388.2017282997284,0.0
1628,4.0,4.080607553344383,0.0806075533443833,77.71259793050275,77.6159067708858,388.23116080599806,0.0
1629,4.0,4.080752806551309,0.08075280655130879,77.70866990740035,77.6159027013946,388.2601388207796,0.0
1630,4.0,4.080900186862304,0.08090018686230405,77.70482635677256,77.61590243175564,388.2895411928232,0.0
1631,4.0,4.0810430223512615,0.08104302235126148,77.7010675642746,77.61590880022939,388.3180368728702,0.0
1632,4.0,4.081183941394888,0.0811839413948876,77.69739470589533,77.61589740445386,388.3461502220736,0.0
1633,4.0,4.0813209065894895,0.08132090658948954,77.6937990506716,77.61590296317264,388.3734747783967,0.0
1634,4.0,4.081455238964687,0.0814552389646872,77.690293497927,77.61591713498356,388.40027408724865,0.0
1635,4.0,4.081589637321098,0.08158963732109825,77.68686556756805,77.61591923570661,388.4270865593527,0.0
1636,4.0,4.081720002781667,0.08172000278166713,77.68351503772715,77.61592280880926,388.45309446873614,0.0
1637,4.0,4.08184711616746,0.08184711616746032,77.68023796577273,77.615923430109,388.4784535892019,0.0
1638,4.0,4.081974912255838,0.08197491225583775,77.67704525020112,77.6159176095504,388.5039489088332,0.0
1639,4.0,4.08209976113031,0.08209976113031026,77.67392773737537,77.61591962770909,388.5288562592905,0.0
1640,4.0,4.08222082542076,0.0822208254207597,77.6708950383241,77.6159020559047,388.5530085852351,0.0
1641,4.0,4.08233999980844,0.08233999980843976,77.66793379695835,77.61590617995445,388.57678387557723,0.0
1642,4.0,4.082458349040732,0.08245834904073224,77.66503972550231,77.61591117677825,388.6003945474196,0.0
1643,4.0,4.082577663564353,0.08257766356435337,77.66220482630948,77.6159040035166,388.62419779488204,0.0
1644,4.0,4.082693256968375,0.08269325696837537,77.65945685199533,77.61590495847193,388.64725867898443,0.0
1645,4.0,4.082809232025439,0.082809232025439,77.65676400056381,77.61591974261339,388.67039570286863,0.0
1646,4.0,4.082921564787079,0.08292156478707913,77.65419186919688,77.61591846195294,388.6928060888158,0.0
1647,4.0,4.083030531585411,0.08303053158541118,77.65167212176021,77.61592076316583,388.7145449650831,0.0
1648,4.0,4.083137026265652,0.08313702626565167,77.64922979107476,77.61593023724473,388.73579065379107,0.0
1649,4.0,4.083241916524415,0.0832419165244147,77.64685341139737,77.61592942000425,388.7567162604143,0.0
1650,4.0,4.083347568154706,0.08334756815470623,77.6445400288451,77.61592931279151,388.77779376065746,0.0
1651,4.0,4.08344913738273,0.08344913738272997,77.64228420992556,77.6159151695469,388.7980568216482,0.0
1652,4.0,4.083547015102703,0.08354701510270335,77.6400818745295,77.61590986438848,388.8175834267829,0.0
1653,4.0,4.083644436159198,0.08364443615919814,77.63795558485958,77.61590268838737,388.8370189275536,0.0
1654,4.0,4.083739398571198,0.08373939857119783,77.63587613784448,77.61590449304525,388.8559639287475,0.0
1655,4.0,4.083830772042569,0.08383077204256928,77.63384988106719,77.61590399856448,388.8741929362861,0.0
1656,4.0,4.083923769598897,0.08392376959889702,77.63188195342335,77.61589537400174,388.8927459487735,0.0
1657,4.0,4.08401273246447,0.08401273246446994,77.62998744519095,77.61588865337234,388.9104940404553,0.0
1658,4.0,4.084103138190444,0.0841031381904438,77.62813788884705,77.6158919744681,388.9285299827871,0.0
1659,4.0,4.084192555580662,0.08419255558066219,77.62634250497688,77.61590898381925,388.94636875213564,0.0
1660,4.0,4.084278336380197,0.08427833638019688,77.62459782254254,77.61589944835009,388.9634820216428,0.0
1661,4.0,4.084362913802916,0.0843629138029156,77.6229130688852,77.6159026960339,388.9803552174752,0.0
1662,4.0,4.084444096292308,0.08444409629230787,77.62127272920777,77.61590768682142,388.9965511241089,0.0
1663,4.0,4.084523783912976,0.08452378391297621,77.61968439751877,77.6159100404638,389.0124488044323,0.0
1664,4.0,4.084600936843833,0.08460093684383274,77.6181577420088,77.61591100405518,389.0278408141382,0.0
1665,4.0,4.084676332166908,0.08467633216690817,77.6166679041227,77.61590391651167,389.0428821810917,0.0
1666,4.0,4.084751959571411,0.08475195957141057,77.61523422729545,77.61590817845666,389.05796984828993,0.0
1667,4.0,4.0848241159856595,0.08482411598565953,77.61384302065044,77.6158992804628,389.07236505293264,0.0
1668,4.0,4.084894204449327,0.08489420444932705,77.6125046014495,77.61589874246856,389.0863477014343,0.0
1669,4.0,4.084966234107899,0.08496623410789894,77.61120666878857,77.61590649569484,389.1007176183194,0.0
1670,4.0,4.085038252111589,0.08503825211158933,77.60994262090584,77.61590717800084,389.1150852100556,0.0
1671,4.0,4.085105907814664,0.08510590781466387,77.60873459878565,77.61591228848826,389.128582522819,0.0
1672,4.0,4.085172948369185,0.08517294836918499,77.60755847276371,77.61590934680454,389.141957113446,0.0
1673,4.0,4.085239725081722,0.08523972508172228,77.60643445978157,77.61591619623023,389.1552790675972,0.0
1674,4.0,4.0853048734441595,0.08530487344415949,77.60534813910293,77.6159107152396,389.16827616590336,0.0
1675,4.0,4.08536681316926,0.08536681316926042,77.6042959113714,77.61590539751958,389.18063314106104,0.0
1676,4.0,4.085429301997108,0.08542930199710774,77.60327362250503,77.61591081731301,389.1930996622165,0.0
1677,4.0,4.085490269494103,0.08549026949410266,77.60230379168394,77.61590530770269,389.20526267786704,0.0
1678,4.0,4.085548149186523,0.08554814918652287,77.6013691105255,77.61590707909136,389.21680967650485,0.0
1679,4.0,4.0856062075682535,0.08560620756825355,77.60047475867285,77.61590326861375,389.22839232366016,0.0
1680,4.0,4.085664471856192,0.08566447185619186,77.59961013386125,77.61590247503506,389.2400160491038,0.0
1681,4.0,4.085718990140843,0.08571899014084305,77.59878642956284,77.61590432445215,389.2508924468917,0.0
1682,4.0,4.085770132989039,0.08577013298903857,77.59799996512864,77.61589455246094,389.2610954451068,0.0
1683,4.0,4.085823173797776,0.08582317379777571,77.59723797468003,77.61590864695052,389.27167708644976,0.0
1684,4.0,4.085869431147775,0.08586943114777501,77.59652080469752,77.61589902648527,389.28090542777466,0.0
1685,4.0,4.085917269920265,0.08591726992026505,77.5958341167278,77.61589751604407,389.2904492628864,0.0
1686,4.0,4.085966056546089,0.08596605654608869,77.59517985940779,77.61589727509896,389.3001821947382,0.0
1687,4.0,4.0860113607496755,0.08601136074967553,77.59454805746032,77.61590342942384,389.3092203833538,0.0
1688,4.0,4.086054784383337,0.0860547843833368,77.59395198142442,77.61589437947822,389.31788339826926,0.0
1689,4.0,4.086099923724847,0.08609992372484676,77.59337711162478,77.61589844562619,389.3268886969005,0.0
1690,4.0,4.086140432446978,0.08614043244697811,77.59283977381465,77.61589993645946,389.3349701869657,0.0
1691,4.0,4.0861800181916905,0.08618001819169052,77.59231661221956,77.61589450877374,389.3428675430358,0.0
1692,4.0,4.086221744304568,0.0862217443045683,77.59182675533644,77.61590078739522,389.35119190255494,0.0
1693,4.0,4.086263765948504,0.08626376594850438,77.5913514613142,77.61590564146131,389.3595752205202,0.0
1694,4.0,4.08630122000979,0.08630122000978968,77.59091585647153,77.61591876074269,389.3670473057466,0.0
1695,4.0,4.086340062137169,0.08634006213716905,77.59049423158073,77.61592444428587,389.3747963101588,0.0
1696,4.0,4.086380833338366,0.08638083333836644,77.59009647821898,77.61591348847695,389.38293016479764,0.0
1697,4.0,4.0864173731089295,0.0864173731089295,77.58972530591576,77.6159118485281,389.390219849025,0.0
1698,4.0,4.08645276189367,0.08645276189367035,77.58938271517187,77.61591366750271,389.39727991158077,0.0
1699,4.0,4.086488297798561,0.08648829779856104,77.58905750042227,77.61590584704302,389.4043693246065,0.0
1700,4.0,4.086523542146193,0.0865235421461934,77.58875799019428,77.61590371171101,389.4114005719591,0.0
1701,4.0,4.086555145265184,0.0865551452651836,77.58848729237756,77.61589496193784,389.41770539419764,0.0
1702,4.0,4.086589138119029,0.08658913811902913,77.58822499481973,77.61589596160262,389.4244869685399,0.0
1703,4.0,4.086622285488528,0.08662228548852813,77.5879921956771,77.61589153172916,389.43109986875487,0.0
1704,4.0,4.086650971184112,0.08665097118411236,77.58779034122587,77.6158965979187,389.43682266502395,0.0
1705,4.0,4.086682958491777,0.0866829584917772,77.58758629424929,77.61589821519459,389.4432041329031,0.0
1706,4.0,4.086710868607107,0.0867108686071072,77.58739917025879,77.61591783126443,389.44877220091143,0.0
1707,4.0,4.086734176441421,0.08673417644142134,77.58725237868268,77.6159221667793,389.45342211385713,0.0
1708,4.0,4.086758643734546,0.08675864373454623,77.58711717988588,77.6159176702129,389.45830333883555,0.0
1709,4.0,4.086786556730387,0.08678655673038715,77.58699721427641,77.61590916094332,389.46387198150575,0.0
1710,4.0,4.086807512132101,0.08680751213210058,77.58690180856446,77.61591146181564,389.46805258414764,0.0
1711,4.0,4.0868315061117695,0.08683150611176949,77.58680920277753,77.61591108708005,389.4728393830916,0.0
1712,4.0,4.086851888918138,0.08685188891813844,77.58673188881946,77.61591126824294,389.4769057529622,0.0
1713,4.0,4.08687320112769,0.08687320112769026,77.58669515832061,77.61590691309785,389.4811575387678,0.0
1714,4.0,4.086895786690897,0.08689578669089659,77.58665575476066,77.615914995932,389.48566335862745,0.0
1715,4.0,4.086918240068783,0.08691824006878335,77.58663146185404,77.61591836260037,389.49014280751584,0.0
1716,4.0,4.086936730441542,0.0869367304415416,77.58662233958695,77.615912590276,389.49383163688105,0.0
1717,4.0,4.086953767224738,0.08695376722473824,77.58661309080013,77.61589725573958,389.49723047512884,0.0
1718,4.0,4.0869707774748765,0.08697077747487647,77.58663332724375,77.6158955501191,389.5006240200314,0.0
1719,4.0,4.08698910257432,0.08698910257431969,77.58665842402124,77.61589362446965,389.5042798773703,0.0
1720,4.0,4.087002722959157,0.08700272295915656,77.58669891062455,77.61588929429396,389.50699714414526,0.0
1721,4.0,4.087016959953639,0.08701695995363856,77.58674785220286,77.61589366606896,389.50983742454446,0.0
1722,4.0,4.087032707097281,0.08703270709728095,77.58681348688405,77.61589524688475,389.5129789797011,0.0
1723,4.0,4.087047872784327,0.08704787278432669,77.58688259896218,77.61589853389681,389.51600453426676,0.0
1724,4.0,4.087059202618694,0.08705920261869426,77.58695113159287,77.6159003800766,389.51826483622307,0.0
1725,4.0,4.0870724219262495,0.08707242192624953,77.58704448652493,77.6159037257994,389.52090208808033,0.0
1726,4.0,4.08708776221081,0.08708776221081038,77.58714346332083,77.61590531818602,389.5239624748502,0.0
1727,4.0,4.0871007396338,0.08710073963379994,77.5872530639935,77.61590946532753,389.5265514707366,0.0
1728,4.0,4.087114396407061,0.08711439640706065,77.58737244792626,77.61590112119887,389.5292759970021,0.0
1729,4.0,4.0871282331203584,0.08712823312035844,77.58751130545731,77.61590143943818,389.53203642130507,0.0
1730,4.0,4.087141359232914,0.08714135923291444,77.58763971143263,77.61590566872657,389.53465508076,0.0
1731,4.0,4.08715179886505,0.08715179886505009,77.5877918147793,77.61591294425128,389.53673778737107,0.0
1732,4.0,4.087163754125838,0.08716375412583766,77.58794454576835,77.61591931443826,389.53912286189814,0.0
1733,4.0,4.087175345697091,0.08717534569709073,77.58809829989293,77.61591376269696,389.54143538036317,0.0
1734,4.0,4.087184287376088,0.08718428737608797,77.58826959691861,77.61591019314133,389.5432192453231,0.0
1735,4.0,4.087195609087211,0.08719560908721125,77.58843855213301,77.61590792138072,389.5454779266922,0.0
1736,4.0,4.087204907329349,0.08720490732934927,77.58863331860583,77.61591414509101,389.5473329259987,0.0
1737,4.0,4.087210303969496,0.08721030396949558,77.58881059033475,77.61591615474795,389.5484095557079,0.0
1738,4.0,4.087216755035079,0.08721675503507864,77.5890006047591,77.61591407394602,389.54969654329176,0.0
1739,4.0,4.087223664819405,0.08722366481940469,77.5892113102205,77.61591333693612,389.5510750452648,0.0
1740,4.0,4.087228323593845,0.08722832359384469,77.58942358728355,77.61590955086902,389.55200447076555,0.0
1741,4.0,4.087234539696657,0.08723453969665673,77.58963486005314,77.61590967111587,389.5532445832766,0.0
1742,4.0,4.087239770369957,0.08723977036995656,77.58984803927972,77.61591253721399,389.55428810259986,0.0
1743,4.0,4.087243518928378,0.08724351892837756,77.59006751400544,77.61590485033217,389.55503594000487,0.0
1744,4.0,4.087249129688501,0.08724912968850074,77.59029699641013,77.61590083622993,389.55615528664947,0.0
1745,4.0,4.087254303556265,0.08725430355626518,77.59052469213924,77.61590408593113,389.55718747326847,0.0
1746,4.0,4.0872568658778565,0.08725686587785653,77.5907650045123,77.61591031485682,389.55769865642594,0.0
1747,4.0,4.087260929618132,0.08726092961813237,77.59099361387283,77.61590900348943,389.55850937261096,0.0
1748,4.0,4.087261169757415,0.08726116975741505,77.59124608978239,77.61590861445588,389.55855728039785,0.0
1749,4.0,4.0872607329638555,0.0872607329638555,77.59148621690456,77.61590340964806,389.5584701400827,0.0
1750,4.0,4.087261770861309,0.08726177086130882,77.59173866800128,77.61590632256078,389.55867720062463,0.0
1751,4.0,4.087265388714701,0.0872653887147008,77.59198246061439,77.61590221491564,389.55939896237635,0.0
1752,4.0,4.087266210162859,0.08726621016285918,77.59223902034836,77.61590175835536,389.55956284128393,0.0
1753,4.0,4.087268996987133,0.08726899698713275,77.59249186861695,77.6159102235635,389.56011881272656,0.0
1754,4.0,4.08727144070618,0.08727144070618031,77.59275123004895,77.6159045510049,389.5606063346765,0.0
1755,4.0,4.087273292526008,0.08727329252600757,77.5930117480575,77.61591242287338,389.56097577273204,0.0
1756,4.0,4.087273339314205,0.08727333931420489,77.59327293356344,77.61592660820064,389.56098510697745,0.0
1757,4.0,4.0872743253147314,0.08727432531473145,77.59354316824249,77.61591262238207,389.56118181408243,0.0
1758,4.0,4.087275718525674,0.08727571852567362,77.5937989523764,77.61590488558404,389.5614597596654,0.0
1759,4.0,4.087275278411176,0.08727527841117588,77.59406266138896,77.61589676660039,389.56137195682317,0.0
1760,4.0,4.087275126374436,0.08727512637443624,77.59432090148476,77.61589699027662,389.5613416254936,0.0
1761,4.0,4.087273397109942,0.08727339710994197,77.5945822050216,77.61589529864706,389.560996637227,0.0
1762,4.0,4.087270469745089,0.08727046974508923,77.59485617436647,77.6158959975697,389.5604126279389,0.0
1763,4.0,4.087271091698184,0.08727109169818359,77.59511316061182,77.61589542619097,389.56053670758115,0.0
1764,4.0,4.087269285213837,0.08726928521383659,77.59537593073364,77.61588583191678,389.56017631395395,0.0
1765,4.0,4.0872653016226375,0.08726530162263746,77.59564643361615,77.61589354389788,389.55938158750973,0.0
1766,4.0,4.087265228916056,0.08726522891605626,77.59591996796595,77.61589533958775,389.55936708254677,0.0
1767,4.0,4.087265559897816,0.08726555989781559,77.59617239865165,77.6159059807828,389.55943311340775,0.0
1768,4.0,4.087261965499757,0.08726196549975729,77.59644223360475,77.61590873150585,389.55871603099513,0.0
1769,4.0,4.087262660912949,0.08726266091294921,77.59670454536013,77.61590700702953,389.55885476592687,0.0
1770,4.0,4.0872620715597945,0.08726207155979449,77.59696100904796,77.61591552168642,389.55873718997253,0.0
1771,4.0,4.087258647175401,0.08725864717540066,77.59723769698473,77.61592046456603,389.55805402528597,0.0
1772,4.0,4.087257580555096,0.08725758055509569,77.59750322202427,77.61592025730697,389.55784123453515,0.0
1773,4.0,4.087255341749802,0.08725534174980165,77.59776412201022,77.61592261041324,389.557394592879,0.0
1774,4.0,4.087253041762378,0.08725304176237803,77.59802954378391,77.61591939518418,389.556935745388,0.0
1775,4.0,4.087251902972674,0.08725190297267371,77.59828971968778,77.61591791718047,389.55670855684195,0.0
1776,4.0,4.087250239538565,0.08725023953856503,77.59854305668736,77.6159136711069,389.5563767017373,0.0
1777,4.0,4.087246863644479,0.08724686364447898,77.59881546619171,77.61591936099924,389.5557032108671,0.0
1778,4.0,4.087245273499991,0.0872452734999909,77.59906741226543,77.61592200882099,389.55538597704174,0.0
1779,4.0,4.087242178440164,0.0872421784401638,77.5993277707955,77.61591338209134,389.55476851260624,0.0
1780,4.0,4.087235775129884,0.08723577512988356,77.59959718041135,77.61590191854998,389.5534910522053,0.0
1781,4.0,4.087232545334401,0.08723254533440095,77.59985673807435,77.61590691943118,389.55284670800654,0.0
1782,4.0,4.087230214139698,0.08723021413969789,77.60010259527635,77.61590970341929,389.5523816346633,0.0
1783,4.0,4.087227246245332,0.08722724624533207,77.6003538212627,77.61590932482063,389.5517895397373,0.0
1784,4.0,4.087222130108544,0.08722213010854407,77.60060887488325,77.61590946869518,389.55076887044805,0.0
1785,4.0,4.087219708616772,0.08721970861677164,77.60086316746836,77.61590641170785,389.55028578283947,0.0
1786,4.0,4.087216244411411,0.08721624441141085,77.601117097829,77.6159159085647,389.54959467387,0.0
1787,4.0,4.087212861426887,0.08721286142688722,77.6013560466529,77.6159182996536,389.54891976845755,0.0
1788,4.0,4.087208644326488,0.08720864432648767,77.60160411282854,77.61590861489215,389.54807845692784,0.0
1789,4.0,4.087201757770897,0.087201757770897,77.60184238364153,77.61591322116102,389.5467045890875,0.0
1790,4.0,4.0871934782282935,0.08719347822829349,77.60208694349157,77.61591246797927,389.54505282033807,0.0
1791,4.0,4.087190314884191,0.08719031488419127,77.60232844417455,77.61591572827392,389.5444217331897,0.0
1792,4.0,4.087187861789696,0.08718786178969573,77.60255645987255,77.61591625918912,389.54393234083784,0.0
1793,4.0,4.0871838661122135,0.08718386611221352,77.60279360469076,77.61591146830412,389.54313520318016,0.0
1794,4.0,4.087180328003196,0.0871803280031962,77.60302206214953,77.61591823567667,389.5424293504312,0.0
1795,4.0,4.087176726088091,0.08717672608809135,77.60324501149222,77.61590168556523,389.5417107683678,0.0
1796,4.0,4.087170787957593,0.08717078795759292,77.60347199910528,77.61589528853673,389.54052611133335,0.0
1797,4.0,4.087168791703996,0.08716879170399583,77.60369806248214,77.61589811336229,389.54012785874073,0.0
1798,4.0,4.087165734366469,0.08716573436646868,77.60391739305108,77.61589990668952,389.53951791990403,0.0
1799,4.0,4.087161434585165,0.08716143458516523,77.60413343450024,77.61590302451407,389.53866011353404,0.0
1800,4.0,4.087159730107104,0.08715973010710432,77.60434723864519,77.61590677417257,389.53832007016086,0.0
1801,4.0,4.087154484420451,0.08715448442045126,77.60456780110681,77.61590656765812,389.5372735556736,0.0
1802,4.0,4.08714947433641,0.0871494743364103,77.60479061067086,77.61590445720422,389.53627404390744,0.0
1803,4.0,4.087147273864399,0.08714727386439858,77.60501383343654,77.61591771935232,389.5358350497411,0.0
1804,4.0,4.087141983996279,0.08714198399627904,77.60523523632827,77.61591074463584,389.5347797210512,0.0
1805,4.0,4.087136958265201,0.08713695826520063,77.60544490436648,77.61591519596364,389.533777087701,0.0
1806,4.0,4.087134458066542,0.08713445806654185,77.60566284670531,77.61592028692613,389.53327829806864,0.0
1807,4.0,4.087132393199932,0.08713239319993171,77.60586716823195,77.61591907332584,389.53286635717996,0.0
1808,4.0,4.0871280600891815,0.0871280600891815,77.60607628626377,77.61591349044629,389.53200190158526,0.0
1809,4.0,4.087121740520399,0.08712174052039856,77.60628952316965,77.61592888720851,389.530741147613,0.0
1810,4.0,4.0871165520890465,0.08711655208904645,77.60648674268401,77.61592463674296,389.52970605555834,0.0
1811,4.0,4.087111347122957,0.0871113471229572,77.60668469666976,77.61591131549469,389.5286676648235,0.0
1812,4.0,4.087104066601164,0.08710406660116377,77.60688888171312,77.61592021261976,389.5272152007257,0.0
1813,4.0,4.087099865940871,0.08709986594087127,77.60708162701087,77.61592497880888,389.5263771689974,0.0
1814,4.0,4.087096219818104,0.087096219818104,77.60727266311532,77.61591769451044,389.5256497675053,0.0
1815,4.0,4.087090623182681,0.08709062318268135,77.60745789585658,77.6159214223081,389.52453323873846,0.0
1816,4.0,4.087086422106166,0.08708642210616624,77.60765023026741,77.61591191741611,389.5236951239737,0.0
1817,4.0,4.087081758524027,0.08708175852402711,77.6078286668736,77.61590079487586,389.52276473933694,0.0
1818,4.0,4.087076952981202,0.0870769529812021,77.60801032453912,77.61589766910018,389.5218060335434,0.0
1819,4.0,4.087071124997055,0.08707112499705527,77.60819260198886,77.61590710874427,389.5206433507061,0.0
1820,4.0,4.0870674235373885,0.0870674235373885,77.60835833550965,77.61591134480031,389.51990490950254,0.0
1821,4.0,4.087067771544429,0.08706777154442857,77.60853506212533,77.61589061631778,389.51997433690707,0.0
1822,4.0,4.087064039000968,0.0870640390009676,77.60870947155897,77.61588814711689,389.51922969448657,0.0
1823,4.0,4.087063351093725,0.08706335109372532,77.60887793840885,77.61589352893678,389.51909245699176,0.0
1824,4.0,4.087061961559838,0.08706196155983825,77.60906056849744,77.61589832253979,389.5188152449813,0.0
1825,4.0,4.087058636580137,0.0870586365801369,77.60923122953709,77.61589119802598,389.5181519115309,0.0
1826,4.0,4.087055248147946,0.08705524814794607,77.6093946955111,77.6158992056161,389.51747591930877,0.0
1827,4.0,4.087052860844872,0.08705286084487174,77.60956939209856,77.61589778924528,389.5169996523455,0.0
1828,4.0,4.0870489537144135,0.08704895371441346,77.60973430798146,77.61589493071808,389.516220179819,0.0
1829,4.0,4.087046507726926,0.08704650772692624,77.60989415890451,77.6159006947583,389.5157322053153,0.0
1830,4.0,4.087045081418276,0.08704508141827638,77.61005564772013,77.61590106596918,389.5154476567397,0.0
1831,4.0,4.087041374312261,0.08704137431226133,77.61021928613229,77.61590496838004,389.51470808908965,0.0
1832,4.0,4.087037211744541,0.0870372117445406,77.6103756132451,77.61589713049966,389.5138776568294,0.0
1833,4.0,4.087033218971138,0.08703321897113803,77.61051947605281,77.61590549827754,389.5130810985356,0.0
1834,4.0,4.087030331547288,0.08703033154728779,77.61066839003192,77.61590093784706,389.5125050574774,0.0
1835,4.0,4.08702312395923,0.08702312395922984,77.6108186992787,77.61589761471977,389.5110671436599,0.0
1836,4.0,4.087017675707428,0.08701767570742813,77.6109675211381,77.61589354185162,389.50998021742544,0.0
1837,4.0,4.087013975615045,0.08701397561504542,77.61111506765663,77.61591256753435,389.50924204899513,0.0
1838,4.0,4.08700901917762,0.0870090191776196,77.61125959101955,77.61591737221427,389.5082532397287,0.0
1839,4.0,4.087003576668876,0.08700357666887637,77.61140998499145,77.61590883712427,389.5071674592344,0.0
1840,4.0,4.087000079658944,0.08700007965894407,77.61154023533503,77.61592287496202,389.5064698057529,0.0
1841,4.0,4.086997735094556,0.0869977350945561,77.61167380217499,77.61592978130165,389.5060020651575,0.0
1842,4.0,4.086991762682658,0.08699176268265774,77.61181913927501,77.61592690318957,389.50481056898377,0.0
1843,4.0,4.08698863198213,0.08698863198212958,77.61194579428017,77.61591927482233,389.5041859942284,0.0
1844,4.0,4.086989524947778,0.08698952494777767,77.61207500351527,77.61590346620963,389.5043641408752,0.0
1845,4.0,4.086988165102171,0.08698816510217089,77.61221339220312,77.61589943856502,389.5040928516766,0.0
1846,4.0,4.086986713086186,0.08698671308618611,77.6123333703773,77.61589247674834,389.5038031744877,0.0
1847,4.0,4.086984894312361,0.08698489431236123,77.61246535365811,77.6158843074597,389.50344032910965,0.0
1848,4.0,4.086983897655842,0.08698389765584214,77.6125884452085,77.61588934644716,389.503241496134,0.0
1849,4.0,4.086981366711419,0.0869813667114192,77.61271043185992,77.61589498684849,389.5027365727217,0.0
1850,4.0,4.086976804924057,0.08697680492405713,77.61284410363,77.61589133146659,389.50182649614294,0.0
1851,4.0,4.086973135798015,0.08697313579801502,77.61297426442934,77.61590562139601,389.5010945054975,0.0
1852,4.0,4.086970545135939,0.08697054513593905,77.61308058485837,77.61591227548838,389.50057766841337,0.0
1853,4.0,4.086965144435361,0.08696514443536074,77.61321002767761,77.61592473615266,389.49950022864806,0.0
1854,4.0,4.086959182156718,0.08695918215671838,77.61331653369952,77.61592348120986,389.4983107540589,0.0
1855,4.0,4.086954634087205,0.08695463408720538,77.61342978527225,77.61590909156446,389.497403414191,0.0
1856,4.0,4.086950371421984,0.0869503714219837,77.61354097729026,77.61591531336933,389.4965530124793,0.0
1857,4.0,4.0869437858538955,0.0869437858538955,77.61365596065015,77.6159064768352,389.4952391916457,0.0
1858,4.0,4.086938252917956,0.08693825291795587,77.61376775514726,77.61591331209685,389.49413537092573,0.0
1859,4.0,4.0869357664453245,0.08693576644532452,77.61386537795919,77.61591526762916,389.4936393196358,0.0
1860,4.0,4.086931837527464,0.08693183752746414,77.61397695322685,77.61591976683376,389.49285550052264,0.0
1861,4.0,4.086929752182666,0.08692975218266596,77.61407367898425,77.6159189831295,389.4924394742354,0.0
1862,4.0,4.086927768953217,0.08692776895321686,77.61417182578842,77.61591785005577,389.4920438199603,0.0
1863,4.0,4.08692921919309,0.08692921919308993,77.61426189162246,77.61591312638868,389.49233314281497,0.0
1864,4.0,4.086925673859441,0.08692567385944105,77.61436618284282,77.61590212420157,389.49162584875205,0.0
1865,4.0,4.086924651846722,0.08692465184672216,77.6144527959083,77.61588907914656,389.49142195721464,0.0
1866,4.0,4.086924923200379,0.08692492320037903,77.61454172842497,77.61589514119129,389.4914760922691,0.0
1867,4.0,4.086921247588217,0.08692124758821684,77.61463505327796,77.61590401518507,389.49074280764285,0.0
1868,4.0,4.0869212280652265,0.08692122806522651,77.61471942926771,77.61591055564833,389.49073891280625,0.0
1869,4.0,4.086920731560212,0.08692073156021163,77.61481286363465,77.6159055653679,389.49063986005575,0.0
1870,4.0,4.086917198846053,0.08691719884605309,77.61491019546703,77.61590967609638,389.48993508358114,0.0
1871,4.0,4.08691634384829,0.08691634384828983,77.6149936370521,77.61591449682061,389.48976451152737,0.0
1872,4.0,4.086916264244167,0.08691626424416743,77.6150858745787,77.6159158794237,389.48974863050495,0.0
1873,4.0,4.086913471713989,0.08691347171398878,77.61516242937803,77.61591594925639,389.48919152073427,0.0
1874,4.0,4.086908573007349,0.08690857300734933,77.61525546153295,77.61590802033419,389.4882142287597,0.0
1875,4.0,4.086907040905504,0.08690704090550394,77.61533832151369,77.61590653702045,389.4879085744416,0.0
1876,4.0,4.086902925808598,0.08690292580859804,77.61541983251475,77.61591294221341,389.4870876126089,0.0
1877,4.0,4.086897239498837,0.08689723949883721,77.61550094099843,77.61591415223876,389.48595319381155,0.0
1878,4.0,4.086894276618274,0.08689427661827409,77.6155908123129,77.61590379055545,389.48536209913925,0.0
1879,4.0,4.08689448503447,0.08689448503447039,77.61565405883367,77.61591089998787,389.4854036781704,0.0
1880,4.0,4.086890228715273,0.08689022871527285,77.61572817170706,77.6159062170112,389.48455454249046,0.0
1881,4.0,4.086886395301576,0.08688639530157616,77.61580097363172,77.61590997299263,389.48378977645797,0.0
1882,4.0,4.08688369256125,0.08688369256125039,77.61587918447904,77.61589834823937,389.48325057976297,0.0
1883,4.0,4.0868840206041375,0.08688402060413747,77.61594687974147,77.61590505372547,389.483316024319,0.0
1884,4.0,4.086883439844302,0.08688343984430169,77.61602511403233,77.61591885977218,389.48320016273175,0.0
1885,4.0,4.08688262193556,0.08688262193556007,77.61609441119941,77.6159179875467,389.4830369899378,0.0
1886,4.0,4.08688201403005,0.08688201403005014,77.61616644059329,77.6159155464129,389.48291571278855,0.0
1887,4.0,4.086880528266292,0.08688052826629189,77.61623498045077,77.61591810553907,389.4826193029188,0.0
1888,4.0,4.086876281239202,0.08687628123920188,77.6163089177103,77.61590406837388,389.4817720210143,0.0
1889,4.0,4.086874915513404,0.08687491551340365,77.61637517800035,77.61590646503355,389.4814995587176,0.0
1890,4.0,4.0868736108180235,0.08687361081802347,77.61644699976347,77.6159006660214,389.48123927198924,0.0
1891,4.0,4.086871011566306,0.08687101156630561,77.61651652535977,77.6159086322014,389.48072072127155,0.0
1892,4.0,4.086865289361497,0.08686528936149696,77.6165848766908,77.61590678435452,389.4795791414122,0.0
1893,4.0,4.086859687993543,0.0868596879935426,77.61665765382837,77.61589487002817,389.4784616685053,0.0
1894,4.0,4.086857467634814,0.08685746763481372,77.6167199839405,77.61589009408866,389.4780187069389,0.0
1895,4.0,4.086850428340987,0.08685042834098677,77.61677974704627,77.61588876982054,389.4766143678204,0.0
1896,4.0,4.086846671655087,0.08684667165508664,77.61683093183933,77.61589402964393,389.47586490898334,0.0
1897,4.0,4.0868436762846185,0.08684367628461853,77.61688109899988,77.61589067139525,389.47526733257496,0.0
1898,4.0,4.086838787579762,0.0868387875797616,77.61693362152717,77.61589966634017,389.47429203595595,0.0
1899,4.0,4.086833400382949,0.0868334003829494,77.61698889095781,77.6159156684113,389.47321729019194,0.0
1900,4.0,4.086832804946317,0.08683280494631695,77.61704041784355,77.6158989710079,389.4730985005838,0.0
1901,4.0,4.086832103672996,0.08683210367299576,77.61708187877905,77.61589691697475,389.47295859655617,0.0
1902,4.0,4.086831443221096,0.08683144322109637,77.61712749986377,77.6158961454701,389.4728268364023,0.0
1903,4.0,4.08682979515657,0.08682979515656974,77.61715459957243,77.61589743928083,389.4724980475292,0.0
1904,4.0,4.086832104712606,0.08683210471260594,77.61718613279925,77.61589363849586,389.4729588039584,0.0
1905,4.0,4.086830012256339,0.08683001225633902,77.61721831214591,77.61588206329053,389.4725413589332,0.0
1906,4.0,4.086827946985421,0.08682794698542118,77.6172533355058,77.61589219405012,389.47212933738507,0.0
1907,4.0,4.086829324814957,0.08682932481495698,77.61728975300593,77.61588916902828,389.4724042143775,0.0
1908,4.0,4.086830382160817,0.08683038216081673,77.61731419560088,77.61589861975659,389.4726151548765,0.0
1909,4.0,4.086828260972638,0.08682826097263785,77.61734776077667,77.61589743935829,389.47219197783477,0.0
1910,4.0,4.086826409407732,0.08682640940773201,77.61738460599523,77.61589941258451,389.47182259063607,0.0
1911,4.0,4.086826235763033,0.08682623576303339,77.61742402695963,77.61589520333744,389.4717879485187,0.0
1912,4.0,4.086822946319335,0.08682294631933463,77.61746486859613,77.61590739691925,389.4711317045008,0.0
1913,4.0,4.086818500542188,0.0868185005421882,77.617495538759,77.61590314787308,389.4702447719601,0.0
1914,4.0,4.0868157110966425,0.08681571109664254,77.61752730451282,77.61591222818528,389.4696882775737,0.0
1915,4.0,4.086812864674518,0.08681286467451788,77.6175622526069,77.61590861075781,389.4691204163599,0.0
1916,4.0,4.086807005846434,0.08680700584643386,77.61760610871346,77.61590328302381,389.4679515801571,0.0
1917,4.0,4.086805201164861,0.08680520116486079,77.61763660332561,77.61590943981979,389.46759154618326,0.0
1918,4.0,4.086802643061276,0.08680264306127583,77.61766292547378,77.61590801567976,389.4670812045181,0.0
1919,4.0,4.086799239687541,0.086799239687541,77.61767379837217,77.61591234405651,389.466402231458,0.0
1920,4.0,4.086798155971964,0.08679815597196416,77.6176918603847,77.61591612098492,389.4661860302004,0.0
1921,4.0,4.086794436166543,0.08679443616654314,77.61771378356069,77.61591841754277,389.4654439290189,0.0
1922,4.0,4.08679174877717,0.08679174877716989,77.61774214122674,77.61591938427387,389.4649077948389,0.0
1923,4.0,4.086792566462203,0.08679256646220335,77.61776777533507,77.61592377687765,389.4650709230031,0.0
1924,4.0,4.08679204858256,0.08679204858256018,77.61778601187277,77.61591066538034,389.4649676060143,0.0
1925,4.0,4.086792101763947,0.08679210176394658,77.61780768396176,77.61591660413025,389.4649782157009,0.0
1926,4.0,4.086793590051327,0.08679359005132703,77.61780798055923,77.61590646824617,389.4652751290333,0.0
1927,4.0,4.086791805704942,0.08679180570494172,77.61782758816118,77.61590438066055,389.46491915192945,0.0
1928,4.0,4.086793260622165,0.08679326062216486,77.61783859947242,77.6159070685913,389.46520940791544,0.0
1929,4.0,4.086791912303292,0.0867919123032923,77.61785916676168,77.61590562132344,389.46494041830033,0.0
1930,4.0,4.08679441175579,0.08679441175578972,77.61786882159545,77.61590754757997,389.46543905907356,0.0
1931,4.0,4.086791489053237,0.08679148905323686,77.61787728623115,77.61590147834089,389.4648559799143,0.0
1932,4.0,4.086789584538354,0.08678958453835417,77.61789329560482,77.61589634000855,389.4644760291952,0.0
1933,4.0,4.086785805704643,0.08678580570464334,77.6179079392984,77.61590766978802,389.4637221518699,0.0
1934,4.0,4.086784076133074,0.08678407613307382,77.61792062611156,77.61591306856708,389.4633771023418,0.0
1935,4.0,4.086784081248398,0.08678408124839798,77.61793397024687,77.6159166733386,389.46337812284895,0.0
1936,4.0,4.086779638270859,0.08677963827085922,77.61795282690076,77.61591774979071,389.46249174882996,0.0
1937,4.0,4.0867767243523705,0.0867767243523705,77.61795608430415,77.6159257852895,389.4619104220915,0.0
1938,4.0,4.0867783576352235,0.08677835763522346,77.61796538817185,77.6159213356123,389.4622362620206,0.0
1939,4.0,4.0867769065799395,0.08677690657993953,77.61797110515697,77.6159222546275,389.46194677649146,0.0
1940,4.0,4.086778006741812,0.08677800674181224,77.61798885413532,77.61590096241768,389.4621662587851,0.0
1941,4.0,4.0867787022709114,0.08677870227091145,77.61800252693618,77.61589688403141,389.4623050168404,0.0
1942,4.0,4.086778200792553,0.08677820079255305,77.61799692977722,77.61590183158862,389.46220497190785,0.0
1943,4.0,4.086776554607909,0.08677655460790934,77.61801139325549,77.6158998505335,389.4618765580714,0.0
1944,4.0,4.086775697548278,0.08677569754827807,77.61801422962931,77.6159032861904,389.461705574675,0.0
1945,4.0,4.086774006415758,0.08677400641575783,77.61802618646543,77.61588353739057,389.46136819373726,0.0
1946,4.0,4.086771200508197,0.08677120050819731,77.61803243302613,77.61589191879924,389.4608084151789,0.0
1947,4.0,4.086768588616212,0.08676858861621195,77.61803163441581,77.6158866329092,389.46028734272784,0.0
1948,4.0,4.086767441091246,0.08676744109124623,77.61802654612723,77.61589469608144,389.4600584114972,0.0
1949,4.0,4.086767474018243,0.08676747401824336,77.61802256042488,77.61590156392418,389.46006498043306,0.0
1950,4.0,4.086765123937508,0.08676512393750802,77.61802351002375,77.61587845406916,389.4595961393264,0.0
1951,4.0,4.086763258104897,0.08676325810489693,77.61801862285971,77.61651267787012,389.4592239057205,0.0
1952,4.0,4.086756666717452,0.08675666671745219,77.61801947751242,77.61728540068195,389.45790892392523,0.0
1953,4.0,4.086753406393942,0.08675340639394236,77.61801419254724,77.61752399349253,389.457258489385,0.0
1954,4.0,4.086754112032767,0.08675411203276706,77.61800415099029,77.61722312466193,389.4573992643306,0.0
1955,4.0,4.086755113114415,0.08675511311441486,77.61801538098344,77.61637017687944,389.4575989801193,0.0
1956,4.0,4.086754532689349,0.08675453268934863,77.6180163237147,77.61558276961927,389.4574831853186,0.0
1957,4.0,4.086752771017644,0.08675277101764411,77.61801953929256,77.61502092370534,389.45713173181355,0.0
1958,4.0,4.086752901950398,0.08675290195039764,77.6180204128881,77.61486459643447,389.45715785289786,0.0
1959,4.0,4.0867494810963105,0.08674948109631053,77.618004735411,77.6149618411241,389.4564753925075,0.0
1960,4.0,4.086745752781979,0.0867457527819786,77.61800161808863,77.61522426742731,389.4557315937983,0.0
1961,4.0,4.086749041948942,0.08674904194894228,77.61799963455996,77.61559153392666,389.4563877826075,0.0
1962,4.0,4.086748526232832,0.08674852623283158,77.61798926724526,77.61593649476995,389.45628489724345,0.0
1963,4.0,4.086746279336673,0.08674627933667267,77.61797145531962,77.61620419449423,389.4558366414597,0.0
1964,4.0,4.0867435979999875,0.08674359799998754,77.61796861524708,77.61636814791909,389.45530171479106,0.0
1965,4.0,4.086744021990655,0.08674402199065501,77.61796392290913,77.61640831237771,389.45538630092926,0.0
1966,4.0,4.086739839349906,0.0867398393499057,77.61794591189334,77.61633144213727,389.45455186409976,0.0
1967,4.0,4.086735017654838,0.0867350176548376,77.61793331745116,77.61619999409504,389.4535899359336,0.0
1968,4.0,4.086732875833342,0.08673287583334233,77.61791687015287,77.61602253170577,389.45316264254535,0.0
1969,4.0,4.086729175836746,0.08672917583674611,77.61789305270572,77.61585838936827,389.4524244932244,0.0
1970,4.0,4.086724208997211,0.0867242089972109,77.61787985448085,77.61573327511063,389.4514336087371,0.0
1971,4.0,4.0867203931547,0.0867203931546996,77.61785823717642,77.61568627556149,389.4506723481561,0.0
1972,4.0,4.086717439624867,0.08671743962486733,77.61783368368442,77.61569088602735,389.4500831189546,0.0
1973,4.0,4.086713565686568,0.0867135656865683,77.6178064489384,77.61573544007655,389.4493102682639,0.0
1974,4.0,4.086711237718385,0.08671123771838474,77.61777673501136,77.61579812280792,389.4488458386113,0.0
1975,4.0,4.086707724337358,0.08670772433735774,77.61775609374078,77.61588377741535,389.4481449190964,0.0
1976,4.0,4.086703444157958,0.08670344415795839,77.61772985371485,77.61594599637712,389.4472910233062,0.0
1977,4.0,4.086701718924009,0.08670171892400891,77.61769541286984,77.61599320167362,389.4469468391333,0.0
1978,4.0,4.086698485124468,0.08669848512446787,77.61765601988856,77.61601500167747,389.44630169612486,0.0
1979,4.0,4.086695138733829,0.08669513873382861,77.61761204447043,77.61601025028085,389.44563409119235,0.0
1980,4.0,4.086692711509657,0.08669271150965674,77.61757749464994,77.61598221422975,389.44514985997006,0.0
1981,4.0,4.086691146654743,0.08669114665474265,77.61752656601631,77.61595787483049,389.4448376714147,0.0
1982,4.0,4.086687444017309,0.08668744401730866,77.61748935652385,77.61592667298021,389.44409899524663,0.0
1983,4.0,4.086685679125643,0.08668567912564296,77.61744222704075,77.61590458402829,389.4437468993593,0.0
1984,4.0,4.0866879517788695,0.08668795177886945,77.6173856215025,77.61588145456776,389.444200293678,0.0
1985,4.0,4.086686217833977,0.0866862178339769,77.61733790421667,77.6158754358456,389.44385437167193,0.0
1986,4.0,4.086685703416103,0.08668570341610327,77.6172871871682,77.61586596554928,389.44375174530614,0.0
1987,4.0,4.0866869907758865,0.08668699077588649,77.6172358534948,77.61588023088296,389.4440085735829,0.0
1988,4.0,4.086686517796453,0.08668651779645309,77.61719779102408,77.61589560880674,389.44391421418595,0.0
1989,4.0,4.086687296491566,0.08668729649156592,77.61714267668866,77.61590549115166,389.444069563861,0.0
1990,4.0,4.086689415318389,0.08668941531838925,77.61708899291135,77.61592093579452,389.4444922698122,0.0
1991,4.0,4.086690545762838,0.08669054576283841,77.61702719798794,77.61592917539022,389.4447177934798,0.0
1992,4.0,4.086689651367357,0.08668965136735718,77.61697025612915,77.61592745036656,389.4445393615813,0.0
1993,4.0,4.086690700746111,0.08669070074611085,77.61692344248584,77.61592706604861,389.4447487126427,0.0
1994,4.0,4.086693006146311,0.08669300614631137,77.61687346121158,77.61591175481179,389.44520863998264,0.0
1995,4.0,4.086690995554216,0.08669099555421589,77.61682984287597,77.61590593893328,389.4448075268596,0.0
1996,4.0,4.086694620098645,0.08669462009864493,77.6167815858879,77.61590623786036,389.4455306234732,0.0
1997,4.0,4.086695636157444,0.0866956361574438,77.61673603525458,77.61591985672818,389.4457333272036,0.0
1998,4.0,4.086696154226543,0.08669615422654342,77.61668671117486,77.61591489324144,389.44583668198896,0.0
1999,4.0,4.086699345994959,0.08669934599495921,77.616631552111,77.6159219816457,389.4464734397879,0.0
2000,4.0,4.0866977911484,0.08669779114840015,77.616579593016,77.61592038836973,389.4461632478994,0.0
2001,4.0,4.086699307606946,0.08669930760694644,77.6165188679777,77.61593299744051,389.44646578137935,0.0
2002,4.0,4.086697478390717,0.08669747839071729,77.61647716038594,77.61594434041024,389.4461008527416,0.0
2003,4.0,4.086693722585781,0.0866937225857809,77.61643927958485,77.61593679915865,389.44535156965685,0.0
2004,4.0,4.08669306348631,0.0866930634863099,77.61637870888919,77.6159218092362,389.4452200793124,0.0
2005,4.0,4.086692035732799,0.08669203573279916,77.61632934031658,77.6159144824362,389.445015042487,0.0
2006,4.0,4.088209338497684,0.08820933849768409,77.6162683405277,77.61590640713678,389.7477169440815,0.0
2007,4.0,4.0882011604789135,0.08820116047891347,77.61633742037776,77.61591096411738,389.74608542933674,0.0
2008,4.0,4.088183563481314,0.08818356348131395,77.61666395059216,77.61590254533463,389.7425748283157,0.0
2009,4.0,4.0881552966270105,0.0881552966270105,77.61717668354736,77.61589635323989,389.7369355908821,0.0
2010,4.0,4.0881204387279,0.08812043872790021,77.61778894811411,77.61587657989817,389.7299814400096,0.0
2011,4.0,4.088081820858541,0.088081820858541,77.61846463359893,77.61589200807157,389.72227717507246,0.0
2012,4.0,4.088042982438126,0.08804298243812614,77.6191957485524,77.61590623202353,389.7145289101997,0.0
2013,4.0,4.088001825943908,0.08800182594390815,77.61995157515733,77.61591092342785,389.7063181896032,0.0
2014,4.0,4.087959104970973,0.08795910497097292,77.62072242556157,77.61591208066682,389.69779535550265,0.0
2015,4.0,4.0879174942200445,0.08791749422004447,77.62149488703464,77.61591318752274,389.6894940106924,0.0
2016,4.0,4.087869212115578,0.08786921211557797,77.62224790764152,77.6159299151374,389.6798617308513,0.0
2017,4.0,4.087823157549237,0.08782315754923697,77.6230014808959,77.61593205277751,389.6706738448663,0.0
2018,4.0,4.087780347104267,0.08778034710426663,77.6237161444451,77.61593080593573,389.66213316109474,0.0
2019,4.0,4.087736547230486,0.0877365472304863,77.62442693492054,77.61591741167119,389.65339508627557,0.0
2020,4.0,4.087692819079022,0.08769281907902204,77.62512126053713,77.61590723528023,389.6446713200585,0.0
2021,4.0,4.0876536608926815,0.08765366089268145,77.62578256966175,77.61590349198794,389.6368592618835,0.0
2022,4.0,4.087615279626049,0.08761527962604898,77.62640393996193,77.6159026982345,389.6292021991903,0.0
2023,4.0,4.087575751587099,0.0875757515870994,77.62702358255115,77.61589468670859,389.6213163554199,0.0
2024,4.0,4.087534569459286,0.08753456945928573,77.62761585560524,77.61588865349178,389.613100520921,0.0
2025,4.0,4.087495810294271,0.08749581029427134,77.62817052392282,77.61589450072142,389.60536806750065,0.0
2026,4.0,4.087457217298363,0.08745721729836298,77.62870860781248,77.61589709792517,389.59766876481694,0.0
2027,4.0,4.08742061086105,0.08742061086104957,77.6292341711682,77.61590107195683,389.59036578057294,0.0
2028,4.0,4.0873842674909735,0.0873842674909735,77.62972450916942,77.6159050763762,389.58311527824276,0.0
2029,4.0,4.087350845821405,0.08735084582140473,77.63019296319275,77.61590085746022,389.57644765516375,0.0
2030,4.0,4.087315084430867,0.087315084430867,77.63064370548186,77.61590721710638,389.5693132577515,0.0
2031,4.0,4.08728245092898,0.08728245092897957,77.63107536559107,77.61591233695879,389.56280287412494,0.0
2032,4.0,4.087248219973729,0.08724821997372878,77.63149873464972,77.61592109738292,389.55597379855243,0.0
2033,4.0,4.087191367515224,0.08719136751522427,77.63243746224745,77.61592729363022,389.5446317330808,0.0
2034,4.0,4.087129058730343,0.08712905873034327,77.63346473651822,77.61591768585058,389.532201130497,0.0
2035,4.0,4.087069666802791,0.08706966680279127,77.63433919344894,77.61591684363582,389.5203524409504,0.0
2036,4.0,4.087015929744875,0.08701592974487493,77.63512137889067,77.6159152675645,389.5096318978961,0.0
2037,4.0,4.086983189767824,0.08698318976782371,77.63543416323516,77.61591188157246,389.5031002724744,0.0
2038,4.0,4.086960761771197,0.08696076177119672,77.63548050290392,77.61592610825066,389.4986258871473,0.0
2039,4.0,4.0869470308381,0.0869470308381004,77.63543555805042,77.61592470745337,389.49588656599457,0.0
2040,4.0,4.086927389350433,0.08692738935043298,77.63547936853142,77.61592327978978,389.49196808920493,0.0
2041,4.0,4.0869038994897045,0.08690389948970445,77.63559292356085,77.61591613197066,389.4872818619896,0.0
2042,4.0,4.08688107110543,0.08688107110542997,77.63573759742458,77.61591416032748,389.48272759932684,0.0
2043,4.0,4.086860593956387,0.0868605939563869,77.63591153345774,77.61591226807717,389.47864240809275,0.0
2044,4.0,4.086835469844037,0.08683546984403723,77.63608638058702,77.61591636681678,389.473630147679,0.0
2045,4.0,4.086814608396791,0.08681460839679112,77.63624073835697,77.61591737169518,389.46946828895335,0.0
2046,4.0,4.086797553058221,0.08679755305822123,77.63638999973706,77.61296884023251,389.46606574890865,0.0
2047,4.0,4.086793992507344,0.08679399250734399,77.63650804384933,77.60876001222645,389.4653554190087,0.0
2048,4.0,4.086793050531815,0.0867930505318153,77.6366032257241,77.60575415926863,389.4651674948907,0.0
2049,4.0,4.086787786259682,0.08678778625968242,77.63668306905411,77.60210462241652,389.46411727260016,0.0
2050,4.0,4.0868006177958645,0.08680061779586445,77.63676189880317,77.59386472435331,389.4666771640685,0.0
2051,4.0,4.086824108176975,0.08682410817697495,77.63683650048432,77.58825693375539,389.47136349510004,0.0
2052,4.0,4.086843917693841,0.08684391769384092,77.6368634163634,77.58505983746002,389.4753154937148,0.0
2053,4.0,4.086851716484231,0.08685171648423129,77.63689335887719,77.58000948122117,389.4768713523977,0.0
2054,4.0,4.08687000034333,0.08687000034333003,77.63697613872606,77.57612254507171,389.4805189822879,0.0
2055,4.0,4.086892863608118,0.0868928636081181,77.63705929075196,77.57570645978178,389.4850802036131,0.0
2056,4.0,4.086898645883102,0.08689864588310225,77.63715106101985,77.57484544804194,389.4862337674724,0.0
2057,4.0,4.086915051881846,0.08691505188184578,77.63725271053818,77.57073043504984,389.4895067642218,0.0
2058,4.0,4.086940753549391,0.08694075354939113,77.63736258517953,77.56867598221355,389.4946342468971,0.0
2059,4.0,4.086961380501667,0.08696138050166713,77.63749157560844,77.56776635875146,389.49874932387615,0.0
2060,4.0,4.086968449684108,0.08696844968410833,77.63763282089761,77.56327457066334,389.50015962577316,0.0
2061,4.0,4.086986455909289,0.08698645590928944,77.63777463158615,77.55854759618022,389.5037518676968,0.0
2062,4.0,4.086999941267286,0.08699994126728594,77.63792839764028,77.55626328124148,389.5064421966171,0.0
2063,4.0,4.086999127982445,0.08699912798244469,77.6380950535866,77.55212552346761,389.5062799462912,0.0
2064,4.0,4.08699932855855,0.08699932855854975,77.63826933105383,77.54603360483415,389.5063199612242,0.0
2065,4.0,4.087011155220846,0.08701115522084635,77.63844452380197,77.54270648504621,389.50867938035236,0.0
2066,4.0,4.087014734644993,0.08701473464499276,77.63861845726058,77.54065188639191,389.5093934754696,0.0
2067,4.0,4.0870098131411465,0.08700981314114653,77.63881621752165,77.53650883802867,389.50841163545226,0.0
2068,4.0,4.087016456292444,0.08701645629244403,77.63900429845026,77.5328429149554,389.50973694413614,0.0
2069,4.0,4.087027238598157,0.0870272385981572,77.63920940781473,77.53197420649374,389.51188801412593,0.0
2070,4.0,4.087019733715666,0.08701973371566574,77.63942022717383,77.5292569441376,389.51039079006887,0.0
2071,4.0,4.087012440060023,0.08701244006002273,77.63962472460797,77.52425793921847,389.50893570576807,0.0
2072,4.0,4.087013506153797,0.08701350615379688,77.63982750122953,77.52157155481005,389.509148391476,0.0
2073,4.0,4.087006446817195,0.08700644681719538,77.64002208816477,77.51977634375146,389.507740053824,0.0
2074,4.0,4.0869823274985135,0.08698232749851353,77.64023792914952,77.51872522820061,389.502928249747,0.0
2075,4.0,4.086961397314402,0.08696139731440233,77.64043477052242,77.51860225389227,389.4987526780168,0.0
2076,4.0,4.086940365591159,0.08694036559115936,77.64064278340776,77.51977622193989,389.4945568492298,0.0
2077,4.0,4.086908586571035,0.08690858657103462,77.64081891426972,77.52103786681612,389.48821693471496,0.0
2078,4.0,4.086867545262275,0.08686754526227514,77.64100971769261,77.52339885209692,389.48002919361744,0.0
2079,4.0,4.086825765969099,0.08682576596909897,77.64116750109159,77.52548796535098,389.47169422462883,0.0
2080,4.0,4.0867886061053005,0.08678860610530048,77.64130389349936,77.52675842919912,389.464280831801,0.0
2081,4.0,4.086758791835721,0.0867587918357211,77.64144858971714,77.52710763130894,389.4583328850199,0.0
2082,4.0,4.086734090472568,0.08673409047256797,77.64152051340605,77.52663631762749,389.45340496307085,0.0
2083,4.0,4.086700651383449,0.08670065138344896,77.64156606017036,77.52560924593004,389.4467338647916,0.0
2084,4.0,4.086667935938779,0.0866679359387792,77.6415978593349,77.52434417214715,389.44020713358,0.0
2085,4.0,4.086637787879928,0.08663778787992804,77.6416077650355,77.52315741606587,389.4341925958392,0.0
2086,4.0,4.086609365892947,0.08660936589294721,77.6415999992846,77.52225673280407,389.42852240943654,0.0
2087,4.0,4.085062188426698,0.085062188426698,77.64158464201995,77.5217790741455,389.11986050491976,0.0
2088,4.0,4.0850416455949565,0.08504164559495653,77.64140437505324,77.52175507553349,389.11576220998734,0.0
2089,4.0,4.085033897542314,0.08503389754231439,77.64096910665785,77.52208713842792,389.11421647348527,0.0
2090,4.0,4.085038362040864,0.0850383620408639,77.64034364090158,77.52264082170295,389.1151071409459,0.0
2091,4.0,4.085046357208443,0.08504635720844256,77.63962291853079,77.52329345272149,389.1167021768778,0.0
2092,4.0,4.085063471683077,0.08506347168307737,77.63882069893047,77.52386671654011,389.1201165145675,0.0
2093,4.0,4.085085158362773,0.08508515836277297,77.6379433562215,77.524257165899,389.12444300716675,0.0
2094,4.0,4.085108345643925,0.085108345643925,77.63701271151044,77.5244371076338,389.12906886975657,0.0
2095,4.0,4.085135248550937,0.08513524855093735,77.63607659615023,77.52441695864542,389.13443599970554,0.0
2096,4.0,4.085158450788974,0.085158450788974,77.63511627468515,77.52422233497813,389.1390648461939,0.0
2097,4.0,4.085183320960685,0.08518332096068537,77.63415956419556,77.52393221040349,389.14402644545027,0.0
2098,4.0,4.085217437435226,0.08521743743522592,77.6332053191126,77.52363276940466,389.1508326821211,0.0
2099,4.0,4.085246355614454,0.08524635561445404,77.63226415311085,77.52337923778956,389.15660185887714,0.0
2100,4.0,4.085280103672222,0.08528010367222194,77.63131777987968,77.52321503189079,389.1633345964018,0.0
2101,4.0,4.085310100496489,0.08531010049648913,77.63038387757419,77.52315642331912,389.16931896284314,0.0
2102,4.0,4.085342792132942,0.08534279213294216,77.62945928944995,77.52318696785547,389.1758409443155,0.0
2103,4.0,4.085373320648807,0.08537332064880676,77.62856825548971,77.52328881540744,389.1819313832305,0.0
2104,4.0,4.08540101097034,0.08540101097034025,77.62766561559151,77.52343156416842,389.1874556023764,0.0
2105,4.0,4.085432832341826,0.08543283234182564,77.6267903795518,77.52358697665638,389.1938039659878,0.0
2106,4.0,4.085459048620466,0.08545904862046605,77.62593930233096,77.52369314954537,389.19903411357654,0.0
2107,4.0,4.085484497251354,0.08548449725135399,77.62509609872421,77.52375327693083,389.2041111154387,0.0
2108,4.0,4.085513971738986,0.0855139717389859,77.6242722137968,77.5237685812673,389.2099912757212,0.0
2109,4.0,4.085537829251548,0.08553782925154785,77.6234575817874,77.52373928834425,389.21475084947735,0.0
2110,4.0,4.085563052806601,0.08556305280660137,77.6226724673886,77.52368585061693,389.21978294871053,0.0
2111,4.0,4.0855849263099655,0.0855849263099655,77.62189386796119,77.52363499875993,389.2241467126317,0.0
2112,4.0,4.085608163564857,0.08560816356485734,77.62113306416568,77.52358009740792,389.2287825449826,0.0
2113,4.0,4.085632939958015,0.08563293995801491,77.62037159868791,77.52353406284001,389.2337254354175,0.0
2114,4.0,4.0856616091748155,0.08566160917481547,77.61963702373471,77.52348268527473,389.23944494416924,0.0
2115,4.0,4.085691979714318,0.0856919797143183,77.61891215306066,77.52348033554259,389.24550386680005,0.0
2116,4.0,4.08572189750704,0.08572189750703973,77.61820429717397,77.52349250003387,389.251472466448,0.0
2117,4.0,4.085749677342851,0.085749677342851,77.61751017730661,77.52353263446967,389.2570145436923,0.0
2118,4.0,4.085776656215569,0.08577665621556907,77.61684304666676,77.52357994867135,389.2623968287996,0.0
2119,4.0,4.085801919269084,0.08580191926908398,77.61618499158945,77.52362065562852,389.2674368079758,0.0
2120,4.0,4.085828398853904,0.08582839885390392,77.61554080727149,77.5236203535256,389.2727194851474,0.0
2121,4.0,4.085853025841574,0.08585302584157439,77.61491501781512,77.52361000567309,389.27763256918763,0.0
2122,4.0,4.085877257679232,0.08587725767923171,77.61430682527514,77.52359472995887,389.28246682080027,0.0
2123,4.0,4.085900588396942,0.08590058839694237,77.61370231297316,77.52359881582926,389.28712129898355,0.0
2124,4.0,4.085923507836272,0.0859235078362719,77.61310898093599,77.52359077358318,389.29169372712977,0.0
2125,4.0,4.085947478078812,0.08594747807881209,77.61252930566238,77.52357463227861,389.2964757905166,0.0
2126,4.0,4.0859653286577,0.08596532865770001,77.61198521487408,77.52355332448862,389.30003698100467,0.0
2127,4.0,4.085987435529408,0.08598743552940835,77.61143422402259,77.52353792179755,389.3044473019105,0.0
2128,4.0,4.086137255999895,0.08613725599989497,77.60835329831873,77.5235281998818,389.3343364857726,0.0
2129,4.0,4.086336332369088,0.086336332369088,77.60406494386086,77.52353478077282,389.3740522214266,0.0
2130,4.0,4.086571672665653,0.08657167266565313,77.59907831118807,77.52354958169278,389.4210026105913,0.0
2131,4.0,4.0869937562165095,0.08699375621650951,77.59062410063424,77.52356973451107,389.5052082789872,0.0
2132,4.0,4.087603371429204,0.08760337142920438,77.57839057316811,77.52358592699422,389.6268265139198,0.0
2133,4.0,4.088206741385523,0.0882067413855232,77.56623215816646,77.52357871264958,389.7471988202054,0.0
2134,4.0,4.088915369329957,0.08891536932995692,77.5520775544691,77.5235885259935,389.88857009512,0.0
2135,4.0,4.089886066038476,0.08988606603847593,77.53324820522633,77.52360006939664,390.0822240884695,0.0
2136,4.0,4.090871600404153,0.09087160040415299,77.51416678751576,77.5235778104067,390.27883819442206,0.0
2137,4.0,4.091864595008912,0.09186459500891164,77.49507073852358,77.52356083302894,390.4769406180714,0.0
2138,4.0,4.093087464072352,0.0930874640723518,77.47208572295936,77.52354862393167,390.7209029962277,0.0
2139,4.0,4.094438023877055,0.09443802387705524,77.44689361355007,77.5235401333259,390.9903396772661,0.0
2140,4.0,4.095749719631591,0.09574971963159129,77.42262041119258,77.5235341949523,391.25202298029603,0.0
2141,4.0,4.09715726326561,0.09715726326561036,77.39684707280082,77.52355063528252,391.5328279352828,0.0
2142,4.0,4.0988816001339226,0.09888160013392255,77.36562756335412,77.52356148338345,391.8768331405111,0.0
2143,4.0,4.10057204744515,0.10057204744514969,77.33530453017879,77.52357000864347,392.2140773791009,0.0
2144,4.0,4.102280270196302,0.10228027019630215,77.30492928774942,77.52357458943366,392.5548678179558,0.0
2145,4.0,4.104207332840538,0.10420733284053796,77.27095085454708,77.5235900415462,392.9393168154809,0.0
2146,4.0,4.106275124075294,0.10627512407529416,77.23487231243787,77.52359819777624,393.3518411668147,0.0
2147,4.0,4.108299373880302,0.10829937388030242,77.19990566245436,77.52359457698492,393.7556790029139,0.0
2148,4.0,4.1104523697907815,0.11045236979078155,77.16293739065168,77.5236034528195,394.1852016870545,0.0
2149,4.0,4.112866096006374,0.11286609600637387,77.12179727156749,77.52359729417847,394.6667400670651,0.0
2150,4.0,4.115228790450714,0.11522879045071388,77.08193063399312,77.52358501728973,395.13809760871095,0.0
2151,4.0,4.117593430040398,0.11759343004039824,77.04250473771168,77.52358135525516,395.609843206853,0.0
2152,4.0,4.120168118139076,0.12016811813907591,76.99988474026281,77.52356200514818,396.1234934825392,0.0
2153,4.0,4.122858445324725,0.12285844532472456,76.9556157915271,77.52356503846248,396.66021375607613,0.0
2154,4.0,4.1254893030665585,0.12548930306655848,76.91293394361077,77.52354960675639,397.18506987557197,0.0
2155,4.0,4.128236994672548,0.12823699467254812,76.8686021067382,77.52354497697964,397.7332343509669,0.0
2156,4.0,4.131057800036339,0.1310578000363387,76.82382972890909,77.52354721211884,398.2959850210431,0.0
2157,4.0,4.133796313393994,0.13379631339399367,76.78125900278025,77.52355914243918,398.84231843589527,0.0
2158,4.0,4.136490154822016,0.13649015482201587,76.74008880230771,77.52357830567014,399.3797398007857,0.0
2159,4.0,4.1391922573709525,0.13919225737095253,76.6994818377521,77.52358768909076,399.91880925929854,0.0
2160,4.0,4.141805644264704,0.14180564426470443,76.66117828395691,77.5235836932362,400.44017994460205,0.0
2161,4.0,4.144355916390837,0.144355916390837,76.62474085788791,77.52356539887737,400.9489592337655,0.0
2162,4.0,4.146852631178312,0.14685263117831227,76.58981903825301,77.52355317433761,401.44705383386685,0.0
2163,4.0,4.149300984271852,0.1493009842718518,76.5562504045206,77.52357770431048,401.935500276028,0.0
2164,4.0,4.151701627345155,0.15170162734515458,76.52397430947589,77.5235991774069,402.4144285691519,0.0
2165,4.0,4.154055740058396,0.1540557400583964,76.4929361313022,77.52359714528657,402.8840740554436,0.0
2166,4.0,4.1563649984516235,0.15636499845162355,76.46315310370963,77.52358460768399,403.34477110489246,0.0
2167,4.0,4.1586225896855336,0.15862258968553355,76.43469042641739,77.52357110761118,403.7951605560575,0.0
2168,4.0,4.160826616887444,0.16082661688744437,76.40751330018233,77.52356925359693,404.2348639828387,0.0
2169,4.0,4.162976155169526,0.16297615516952568,76.38166735494991,77.52356117216675,404.66369687011394,0.0
2170,4.0,4.165067034017845,0.16506703401784506,76.3571501375564,77.52356511214857,405.0808272003536,0.0
2171,4.0,4.1671013824716425,0.16710138247164252,76.33400282503132,77.52356873260919,405.4866797168862,0.0
2172,4.0,4.169080552688638,0.16908055268863809,76.31216889764632,77.52358460677787,405.8815241751769,0.0
2173,4.0,4.171003704391289,0.1710037043912891,76.29162806401355,77.5235975839413,406.2651929398557,0.0
2174,4.0,4.172872607765276,0.17287260776527624,76.27234946707193,77.52357877138655,406.63803916296615,0.0
2175,4.0,4.174681964487577,0.17468196448757656,76.25430407981209,77.52356660896692,406.999005829065,0.0
2176,4.0,4.176441608494371,0.17644160849437096,76.23747935870114,77.52357005423374,407.35005480842057,0.0
2177,4.0,4.178144184974137,0.17814418497413698,76.22180355036936,77.52356910793422,407.68971881613385,0.0
2178,4.0,4.179799048060395,0.17979904806039482,76.20724205437614,77.52357013291754,408.01986400184234,0.0
2179,4.0,4.181405863212078,0.18140586321207763,76.19375316531595,77.52356817254379,408.34042362460303,0.0
2180,4.0,4.182960800480411,0.1829608004804113,76.18129987655702,77.52357724599928,408.65063360963563,0.0
2181,4.0,4.184473064436756,0.18447306443675604,76.16986070410627,77.52357177989096,408.9523302689264,0.0
2182,4.0,4.185936711436619,0.18593671143661883,76.15939470572417,77.52356486097285,409.244327845399,0.0
2183,4.0,4.187355095263957,0.18735509526395688,76.14989197936495,77.52356881437683,409.5272954189529,0.0
2184,4.0,4.188727556663354,0.18872755666335372,76.14134027237905,77.52358850075802,409.80110146813263,0.0
2185,4.0,4.1900520063227065,0.19005200632270647,76.13368783951653,77.52358108289368,410.0653291751735,0.0
2186,4.0,4.1913382488919195,0.19133824889191953,76.12690456488768,77.52356515046057,410.3219345677315,0.0
2187,4.0,4.192580971373723,0.1925809713737232,76.12096145648854,77.52355381235851,410.5698577028513,0.0
2188,4.0,4.193783013832191,0.1937830138321912,76.11583387012732,77.52354586249409,410.8096651733157,0.0
2189,4.0,4.194946480357307,0.19494648035730666,76.11151551656131,77.5235402838477,411.0417767450762,0.0
2190,4.0,4.19606311641548,0.19606311641547958,76.10796550103075,77.52355014366091,411.26454563868174,0.0
2191,4.0,4.197143826189442,0.19714382618944182,76.10516369226548,77.5235581405855,411.48014723858716,0.0
2192,4.0,4.198186552311489,0.19818655231148874,76.10309439724196,77.52357617721535,411.6881710999356,0.0
2193,4.0,4.1991955512470165,0.1991955512470165,76.10172238923738,77.52359013856803,411.88946638757335,0.0
2194,4.0,4.200171839014374,0.20017183901437363,76.10101891507134,77.52359458755214,412.08423579716106,0.0
2195,4.0,4.2011079736100045,0.20110797361000454,76.10097446979121,77.52358585774812,412.2709946489895,0.0
2196,4.0,4.20201145958532,0.20201145958531974,76.10157035290186,77.52357882746635,412.4512401010648,0.0
2197,4.0,4.202882981050952,0.20288298105095226,76.1027676379711,77.52357904104159,412.6251086334585,0.0
2198,4.0,4.203710757695092,0.20371075769509162,76.10457670570828,77.52359608822697,412.79025007396433,0.0
2199,4.0,4.204505923933232,0.2045059239332323,76.10695248325706,77.52359212238579,412.9488857384734,0.0
2200,4.0,4.205267396192968,0.2052673961929683,76.10988819051127,77.52357410244667,413.1007994542907,0.0
2201,4.0,4.206003154126118,0.20600315412611803,76.11335673383878,77.5235687851175,413.2475831619541,0.0
2202,4.0,4.206708888983371,0.20670888898337125,76.11732486709023,77.52355082615334,413.3883772659761,0.0
2203,4.0,4.2073802747180675,0.20738027471806753,76.12179562045651,77.52355736520988,413.522318720048,0.0
2204,4.0,4.2080239813451,0.20802398134510014,76.12675262872328,77.52355057909367,413.65073819214103,0.0
2205,4.0,4.208635797302734,0.20863579730273418,76.13215774560753,77.5235536721898,413.772795475689,0.0
2206,4.0,4.2092202480485446,0.20922024804854455,76.13801712993975,77.52357653645974,413.8893933994782,0.0
2207,4.0,4.209781906101087,0.20978190610108705,76.14429367146397,77.52359312438074,414.00144418096045,0.0
2208,4.0,4.210312182370772,0.21031218237077187,76.15097304406994,77.52360476790285,414.10723429676256,0.0
2209,4.0,4.2108219304346495,0.21082193043464947,76.15800244303666,77.52361291290445,414.2089290355061,0.0
2210,4.0,4.21130176127779,0.21130176127778988,76.16541143176397,77.52361852272779,414.30465528871264,0.0
2211,4.0,4.211761058452959,0.211761058452959,76.17318031710671,77.52362244573496,414.39628507515886,0.0
2212,4.0,4.212191178705925,0.2121911787059254,76.18130892276882,77.52359085166619,414.4820940656257,0.0
2213,4.0,4.212602249532167,0.2126022495321669,76.18975105823553,77.52355144433253,414.5641026954608,0.0
2214,4.0,4.212987879456728,0.21298787945672792,76.19851151765941,77.52355265103472,414.6410358654108,0.0
2215,4.0,4.213347578159203,0.2133475781592029,76.20757642516692,77.52355355643404,414.7127957565545,0.0
2216,4.0,4.21368911658279,0.2136891165827901,76.21692589717985,77.52355416007666,414.78093267206015,0.0
2217,4.0,4.2140085133642335,0.21400851336423354,76.2265537907536,77.52355629598952,414.84465232995814,0.0
2218,4.0,4.214307122728361,0.2143071227283606,76.23644221380452,77.52355690875413,414.9042248981015,0.0
2219,4.0,4.214587222007412,0.21458722200741231,76.2465598330589,77.52356559036359,414.96010470427234,0.0
2220,4.0,4.214844788200176,0.2148447882001756,76.25691109939365,77.52358248738923,415.01148915972857,0.0
2221,4.0,4.2150858367281705,0.2150858367281705,76.26746548624331,77.5235929232745,415.05957834106357,0.0
2222,4.0,4.215310401293717,0.21531040129371704,76.27821921510856,77.52358498626253,415.10437897189007,0.0
2223,4.0,4.215514315107478,0.21551431510747765,76.28916960270178,77.5235919089351,415.14505977773536,0.0
2224,4.0,4.215703036887112,0.21570303688711157,76.30030919538963,77.52357731708656,415.1827097727723,0.0
2225,4.0,4.215870062342445,0.21587006234244477,76.3116190104686,77.52355558537661,415.21603135111127,0.0
2226,4.0,4.216022071186217,0.21602207118621664,76.32310857134213,77.52354126331183,415.2463571154438,0.0
2227,4.0,4.216161467451918,0.21616146745191767,76.33475399888022,77.52355347155132,415.2741666704511,0.0
2228,4.0,4.216279282277094,0.21627928227709425,76.34654841637526,77.52356017572748,415.29767072807385,0.0
2229,4.0,4.21638396472363,0.2163839647236303,76.35846926177989,77.52356152576422,415.3185548761578,0.0
2230,4.0,4.21647480622132,0.21647480622131976,76.37048387346725,77.5235695967902,415.33667775494683,0.0
2231,4.0,4.2165517493389295,0.2165517493389295,76.38259991786622,77.52358248877731,415.35202790691,0.0
2232,4.0,4.216617049895152,0.2166170498951523,76.39483526268717,77.52357425727627,415.36505536787644,0.0
2233,4.0,4.216664399767416,0.21666439976741625,76.40716752238617,77.52357101542911,415.3745016673931,0.0
2234,4.0,4.216702098236411,0.21670209823641073,76.41958322788136,77.52358480432207,415.3820225119575,0.0
2235,4.0,4.216726400487584,0.21672640048758396,76.43207869147805,77.52360011806307,415.38687081106656,0.0
2236,4.0,4.216737942670632,0.2167379426706324,76.44465552526555,77.52358066895633,415.38917347658474,0.0
2237,4.0,4.216740977029195,0.21674097702919504,76.45730187689227,77.52356653647524,415.38977883111795,0.0
2238,4.0,4.21673228877756,0.21673228877755957,76.46997841959359,77.523556600547,415.3880455249167,0.0
2239,4.0,4.21671171601965,0.2167117160196499,76.48268168218596,77.5235496388239,415.3839412597137,0.0
2240,4.0,4.216676751098366,0.21667675109836626,76.49543772342913,77.52355395399738,415.3769657579176,0.0
2241,4.0,4.2166343388192,0.21663433881920025,76.50822488494319,77.52356283396932,415.368504508224,0.0
2242,4.0,4.216585280167544,0.21658528016754364,76.52104172695037,77.52357846954597,415.3587173072185,0.0
2243,4.0,4.216523002847166,0.21652300284716564,76.53388384125084,77.52358107540456,415.34629298180306,0.0
2244,4.0,4.21645707773541,0.21645707773541023,76.54673866510419,77.52357158512618,415.3331409220079,0.0
2245,4.0,4.216375247646126,0.21637524764612603,76.55961306645045,77.52355409030231,415.3168158191957,0.0
2246,4.0,4.2162898233403,0.21628982334029967,76.57248163700238,77.52357330325769,415.29977367018336,0.0
2247,4.0,4.216199618486294,0.21619961848629377,76.58532254642189,77.52357395236288,415.28177780180914,0.0
2248,4.0,4.216102616522979,0.21610261652297869,76.5981480440957,77.52357087050943,415.2624259101278,0.0
2249,4.0,4.21599644435456,0.2159964443545599,76.6109711833478,77.5235590687084,415.24124456252827,0.0
2250,4.0,4.2158792066184905,0.21587920661849047,76.6237786525465,77.5235811110645,415.2178556341824,0.0
2251,4.0,4.215758368554577,0.2157583685545772,76.63656270124802,77.52359778039084,415.1937484404317,0.0
2252,4.0,4.215631355130006,0.21563135513000642,76.649318872416,77.52360981155097,415.16840926222983,0.0
2253,4.0,4.215493945932586,0.21549394593258597,76.6620531156123,77.52361814512372,415.14099612734447,0.0
2254,4.0,4.2153507486460295,0.21535074864602954,76.67473560606923,77.5235966121301,415.1124282686764,0.0
2255,4.0,4.215202846206586,0.21520284620658625,76.68735023950536,77.52357324605252,415.08292173200755,0.0
2256,4.0,4.215049956104177,0.21504995610417676,76.69991472768332,77.52357610370659,415.05242015657683,0.0
2257,4.0,4.214893854831702,0.2148938548317023,76.71244907344453,77.52357802874764,415.02127795271815,0.0
2258,4.0,4.214730657072496,0.21473065707249628,76.72492821563456,77.52357941284261,414.98871999975654,0.0
2259,4.0,4.214561585675462,0.21456158567546169,76.73734562690554,77.52358037484231,414.9549902560482,0.0
2260,4.0,4.214388122933865,0.21438812293386533,76.74970673929735,77.5235810381586,414.9203844390997,0.0
2261,4.0,4.21421055216223,0.21421055216223017,76.76201212666565,77.52358154856289,414.88495907015846,0.0
2262,4.0,4.2140302324226555,0.2140302324226555,76.77424805620666,77.5235818199721,414.84898528211335,0.0
2263,4.0,4.213846311694368,0.2138463116943683,76.78638199862058,77.52358203021053,414.81229309682004,0.0
2264,4.0,4.213658255044199,0.21365825504419877,76.79843675795652,77.52358224124372,414.7747757951112,0.0
2265,4.0,4.2134623185774,0.21346231857739983,76.81042683107641,77.52358230134023,414.7356864699848,0.0
2266,4.0,4.213269707514785,0.2132697075147849,76.82233375485518,77.52358233193017,414.6972605629931,0.0
2267,4.0,4.213072088907474,0.21307208890747376,76.83416522130462,77.52358239075387,414.65783565083456,0.0
2268,4.0,4.212869748401634,0.21286974840163442,76.84591197690429,77.5235658465423,414.61746871991966,0.0
2269,4.0,4.212663816812781,0.21266381681278101,76.85757134739586,77.5235575127229,414.5763853679434,0.0
2270,4.0,4.212459055815125,0.21245905581512492,76.86915100055714,77.52355107348178,414.53553554891096,0.0
2271,4.0,4.212257376155881,0.2122573761558808,76.88063804734189,77.52355503509634,414.49530045689175,0.0
2272,4.0,4.2120539221131015,0.21205392211310148,76.89199556682482,77.52356072034506,414.45471137535725,0.0
2273,4.0,4.211846820328233,0.21184682032823332,76.90326591120765,77.52357576036772,414.4133945692761,0.0
2274,4.0,4.21163841754145,0.21163841754145007,76.91444862906894,77.52357918414486,414.3718182133128,0.0
2275,4.0,4.211425390664577,0.21142539066457733,76.92553756918203,77.52357341565862,414.32931935137674,0.0
2276,4.0,4.211214035233464,0.21121403523346416,76.93652861305344,77.52357161890565,414.2871539428697,0.0
2277,4.0,4.210999007255029,0.21099900725502874,76.94743133103213,77.52358627699574,414.2442558611718,0.0
2278,4.0,4.210781746228602,0.21078174622860235,76.9582243211935,77.52359527913308,414.20091228639967,0.0
2279,4.0,4.2105627862729245,0.21056278627292446,76.96892228159064,77.52357607080646,414.15722977524194,0.0
2280,4.0,4.210345736824378,0.21034573682437774,76.97951629735726,77.5235618782007,414.1139284102569,0.0
2281,4.0,4.210128885504072,0.21012888550407194,76.98998872390437,77.52355197349712,414.0706665718559,0.0
2282,4.0,4.209907121625366,0.20990712162536607,77.00034494156623,77.52354844746772,414.02642467805407,0.0
2283,4.0,4.209685240471703,0.20968524047170334,77.01059837366128,77.52355629953561,413.9821593878983,0.0
2284,4.0,4.209462267319284,0.2094622673192843,77.02075542099773,77.52355812893637,413.9376762439908,0.0
2285,4.0,4.209243343589606,0.2092433435896064,77.03079702500546,77.5235766735712,413.89400095992005,0.0
2286,4.0,4.209023943389862,0.2090239433898624,77.04074072467799,77.52358250693253,413.8502306200711,0.0
2287,4.0,4.208803112982526,0.20880311298252607,77.05057133914539,77.52358408357438,413.8061749538075,0.0
2288,4.0,4.208583788509568,0.20858378850956782,77.06030362359121,77.52358732663785,413.7624197214523,0.0
2289,4.0,4.208362297107851,0.20836229710785137,77.06992649741571,77.52357207251995,413.71823218680987,0.0
2290,4.0,4.208138511441795,0.20813851144179463,77.07943250033227,77.52357102262167,413.67358694643156,0.0
2291,4.0,4.207920469866265,0.20792046986626467,77.08883428283163,77.5235710036389,413.63008765211333,0.0
2292,4.0,4.207700085732916,0.20770008573291587,77.09809066481716,77.52356707723271,413.58612101751027,0.0
2293,4.0,4.207479442107438,0.20747944210743796,77.10723200666683,77.5235609091051,413.5421026142274,0.0
2294,4.0,4.2072611147554495,0.2072611147554495,77.11627962597224,77.52358200727333,413.4985463075057,0.0
2295,4.0,4.207040337940077,0.20704033794007692,77.12521313982381,77.52359795768805,413.4545013328389,0.0
2296,4.0,4.206819719682272,0.2068197196822723,77.13403369316026,77.52360930787164,413.41048799040686,0.0
2297,4.0,4.206604198687526,0.20660419868752644,77.14274210784293,77.52361716455184,413.3674915519551,0.0
2298,4.0,4.206384360256689,0.20638436025668927,77.15134451087964,77.52359518366782,413.32363378500304,0.0
2299,4.0,4.206171013952536,0.20617101395253634,77.15984177833562,77.52357148885235,413.28107119732454,0.0
2300,4.0,4.205951898699375,0.20595189869937514,77.16823025564206,77.52357419708261,413.2373577043189,0.0
2301,4.0,4.205736104041882,0.2057361040418817,77.17650969379336,77.52357603334163,413.19430667014893,0.0
2302,4.0,4.205521027761228,0.20552102776122805,77.1846788336607,77.52357729875487,413.15139895215856,0.0
2303,4.0,4.205307777522083,0.20530777752208262,77.19270752497243,77.52357820065237,413.108855529449,0.0
2304,4.0,4.205098991619871,0.2050989916198711,77.20061588123848,77.52357880237878,413.06720274195783,0.0
2305,4.0,4.204886408578783,0.20488640857878337,77.20841838366934,77.52357922539264,413.02479242526084,0.0
2306,4.0,4.204677659293812,0.20467765929381176,77.21609901293805,77.52357955616517,412.983146942909,0.0
2307,4.0,4.204469037660774,0.20446903766077362,77.22367680607594,77.52357973613414,412.9415269271179,0.0
2308,4.0,4.204265666484429,0.2042656664844289,77.2311491024779,77.5235798564563,412.9009543774371,0.0
2309,4.0,4.204058660504232,0.2040586605042316,77.23850923975964,77.52357994638665,412.85965668438774,0.0
2310,4.0,4.203854027204402,0.20385402720440204,77.2457644357511,77.52358000691777,412.81883234107175,0.0
2311,4.0,4.203646657798735,0.2036466577987346,77.25291054292336,77.52357554937474,412.7774621446411,0.0
2312,4.0,4.203445191408018,0.20344519140801776,77.25994885673067,77.5235737105945,412.7372695996931,0.0
2313,4.0,4.203241160481994,0.20324116048199414,77.26688469628853,77.52358390523344,412.69656542995136,0.0
2314,4.0,4.203042938438136,0.20304293843813603,77.27372421383829,77.52358636497249,412.6570201322017,0.0
2315,4.0,4.202838037621888,0.20283803762188768,77.28045192152402,77.52359538475811,412.61614241936013,0.0
2316,4.0,4.202642400182719,0.20264240018271895,77.28706874875986,77.52357839869796,412.57711275024593,0.0
2317,4.0,4.202444695810661,0.20244469581066138,77.29357388767095,77.52357671262617,412.5376707280205,0.0
2318,4.0,4.202251634315607,0.20225163431560667,77.29994194551618,77.52354268994843,412.49915495975705,0.0
2319,4.0,4.202060848512336,0.2020608485123363,77.30620335933594,77.52352212034445,412.4610931920046,0.0
2320,4.0,4.201870804536467,0.20187080453646722,77.31235364393412,77.5235166794675,412.42317941881873,0.0
2321,4.0,4.201681989003787,0.2016819890037871,77.31840997383392,77.5235283567061,412.38551072004907,0.0
2322,4.0,4.201493721944329,0.20149372194432935,77.32437177092439,77.5235561222585,412.34795144168726,0.0
2323,4.0,4.201311010598642,0.20131101059864243,77.33023184253487,77.52357726537825,412.3115005282227,0.0
2324,4.0,4.201124172843629,0.20112417284362927,77.33599186583517,77.52358238199648,412.2742263960976,0.0
2325,4.0,4.200939911564319,0.20093991156431912,77.34166573896566,77.52360367543045,412.23746627087525,0.0
2326,4.0,4.200758899930604,0.20075889993060425,77.34722796868482,77.52361780199094,412.20135444994906,0.0
2327,4.0,4.200576558763713,0.2005765587637134,77.35269746636997,77.52360645135201,412.16497738715435,0.0
2328,4.0,4.200401706873699,0.2004017068736994,77.35806874316847,77.52359479056446,412.13009443509657,0.0
2329,4.0,4.200223499949527,0.20022349994952737,77.36334532397095,77.52357891362492,412.09454215372426,0.0
2330,4.0,4.200052598613777,0.20005259861377667,77.36851393484446,77.52355632202347,412.060447337242,0.0
2331,4.0,4.199879684722142,0.19987968472214224,77.37358924997368,77.52353046038267,412.0259510158609,0.0
2332,4.0,4.1997107541610825,0.19971075416108253,77.37855889146418,77.52353061251976,411.99224936892955,0.0
2333,4.0,4.1995453423749876,0.19954534237498756,77.38345101317853,77.52353818740943,411.9592497176036,0.0
2334,4.0,4.1993834452728525,0.19938344527285246,77.388239507285,77.52355625137037,411.9269512457276,0.0
2335,4.0,4.199220217733169,0.19922021773316878,77.39294823990467,77.52356410533463,411.89438735156074,0.0
2336,4.0,4.199061062018405,0.199061062018405,77.39754958146392,77.52356680970314,411.8626357864653,0.0
2337,4.0,4.198906573642036,0.19890657364203612,77.4020259875706,77.52357521810039,411.8318153553797,0.0
2338,4.0,4.198750225329573,0.1987502253295732,77.40642446636234,77.52358079547872,411.8006238670434,0.0
2339,4.0,4.198599444216834,0.19859944421683373,77.4107393592443,77.52357438756647,411.77054303505184,0.0
2340,4.0,4.198451848166217,0.19845184816621675,77.41496464385972,77.52357389880858,411.74109762295376,0.0
2341,4.0,4.19830005999658,0.19830005999657985,77.41910632862651,77.52358925204511,411.71081588311125,0.0
2342,4.0,4.198153419032458,0.1981534190324581,77.42316463169233,77.52359945373125,411.6815610107689,0.0
2343,4.0,4.198011149389665,0.19801114938966524,77.4271538396188,77.52359854343881,411.6531782170318,0.0
2344,4.0,4.197869482911324,0.1978694829113241,77.43104263779126,77.52358129477847,411.62491575460274,0.0
2345,4.0,4.197726284894087,0.19772628489408728,77.43485853369235,77.52356324516217,411.59634775016394,0.0
2346,4.0,4.1975882034809695,0.1975882034809695,77.43858438644791,77.52354653255608,411.56880050824697,0.0
2347,4.0,4.197456718050342,0.1974567180503417,77.44224522686424,77.52355912801208,411.5425691648367,0.0
2348,4.0,4.197314929245134,0.19731492924513372,77.44582282586194,77.52355664196746,411.5142822981977,0.0
2349,4.0,4.197180117055994,0.1971801170559937,77.44933291997107,77.52356126088647,411.4873872664643,0.0
2350,4.0,4.197051914135258,0.19705191413525824,77.45274992731905,77.52357618436747,411.4618107837776,0.0
2351,4.0,4.196926334592134,0.19692633459213393,77.45611146775879,77.52359302169222,411.4367576649243,0.0
2352,4.0,4.196793778677289,0.1967937786772893,77.45939438838847,77.52360397502622,411.41031275991276,0.0
2353,4.0,4.196667467406279,0.19666746740627872,77.46260438323284,77.52360499311486,411.3851136613461,0.0
2354,4.0,4.196539199139222,0.19653919913922202,77.46573329770926,77.52358307413945,411.3595241420683,0.0
2355,4.0,4.196407165997017,0.1964071659970168,77.46879691364383,77.52356564171873,411.33318353019837,0.0
2356,4.0,4.196282908571498,0.1962829085714981,77.47178507414267,77.52355194201334,411.3083941738074,0.0
2357,4.0,4.196162026491588,0.19616202649158776,77.47471068268442,77.52354131394428,411.2842781988653,0.0
2358,4.0,4.196043602220669,0.1960436022206693,77.47756325870095,77.52353375833005,411.26065255681704,0.0
2359,4.0,4.195932334380828,0.1959323343808279,77.48033866917801,77.52355591897317,411.2384546227687,0.0
2360,4.0,4.195822029856096,0.19582202985609598,77.48304897912841,77.5235659151011,411.2164488700847,0.0
2361,4.0,4.1957152179955814,0.19571521799558145,77.48569902100314,77.52356335585567,411.19513990391204,0.0
2362,4.0,4.1956126929869395,0.1956126929869395,77.48828557187937,77.5235615201122,411.17468616468796,0.0
2363,4.0,4.195515194662348,0.1955151946623479,77.49080968409729,77.52356019595096,411.15523524893194,0.0
2364,4.0,4.195407801794593,0.19540780179459283,77.49327772331276,77.5235593226364,411.1338103718148,0.0
2365,4.0,4.195294718966237,0.1952947189662373,77.49568077698929,77.52355869084758,411.1112503475579,0.0
2366,4.0,4.195188813913072,0.19518881391307197,77.49802010785528,77.52355823821033,411.0901222894514,0.0
2367,4.0,4.195084844306859,0.19508484430685868,77.50025341943312,77.52357423500005,411.06938035301187,0.0
2368,4.0,4.194986009463277,0.19498600946327738,77.5024378079068,77.5235827943411,411.0496628017174,0.0
2369,4.0,4.194891608358795,0.1948916083587946,77.50457148211663,77.52359145781433,411.0308297813731,0.0
2370,4.0,4.194796820673249,0.19479682067324866,77.50663873475146,77.52360249148356,411.01191963810663,0.0
2371,4.0,4.194707914632047,0.19470791463204673,77.50864978319177,77.52361004857758,410.9941828828869,0.0
2372,4.0,4.194619118717196,0.1946191187171964,77.51059831410477,77.52360029831401,410.9764680978742,0.0
2373,4.0,4.194532030790728,0.1945320307907279,77.51249735785431,77.52358303672356,410.9590940565438,0.0
2374,4.0,4.194448093641122,0.19444809364112192,77.5143546237002,77.52359022935329,410.94234859519736,0.0
2375,4.0,4.194366551333769,0.19436655133376934,77.51616115646635,77.52355687739657,410.92608090488056,0.0
2376,4.0,4.194289382727851,0.19428938272785068,77.51791148209442,77.52354149732047,410.9106857679998,0.0
2377,4.0,4.194211947857167,0.1942119478571671,77.51960621970119,77.52353142481893,410.8952375112984,0.0
2378,4.0,4.194122570242203,0.19412257024220292,77.52127291291188,77.52353564149658,410.877406677113,0.0
2379,4.0,4.194033277757171,0.19403327775717116,77.52288407613635,77.52354362468174,410.8595928263492,0.0
2380,4.0,4.1939450878990385,0.19394508789903853,77.52444873037193,77.52357881092597,410.8419989496517,0.0
2381,4.0,4.193863133606963,0.19386313360696317,77.52596694735269,77.52358541290734,410.8256490683827,0.0
2382,4.0,4.193782076981431,0.19378207698143068,77.52743915784843,77.5235904417872,410.809478271589,0.0
2383,4.0,4.19370292357116,0.19370292357116004,77.52885659264652,77.52358369741627,410.79368716624,0.0
2384,4.0,4.193627024875614,0.19362702487561378,77.53023028249949,77.52358849307794,410.7785453764785,0.0
2385,4.0,4.1935545093911,0.19355450939109975,77.53157094522386,77.52359788139533,410.7640785373179,0.0
2386,4.0,4.193482084818588,0.19348208481858808,77.53284775182054,77.52358101007118,410.74962983510187,0.0
2387,4.0,4.193412789587605,0.19341278958760544,77.53408639180716,77.5235635381293,410.7358054365208,0.0
2388,4.0,4.1933464645276715,0.19334646452767146,77.53528652866403,77.52357208972323,410.722573587064,0.0
2389,4.0,4.193281831520548,0.19328183152054823,77.53642266654721,77.52357949435807,410.70967930214294,0.0
2390,4.0,4.193220948161553,0.193220948161553,77.53752880439515,77.5235851337887,410.69753307202336,0.0
2391,4.0,4.193163324574171,0.1931633245741713,77.53859762121186,77.52358912414236,410.6860371663407,0.0
2392,4.0,4.193105012532639,0.193105012532639,77.53963007166797,77.52358205733739,410.67440391405506,0.0
2393,4.0,4.193048887437187,0.19304888743718696,77.5406253835327,77.52356834539829,410.66320695751233,0.0
2394,4.0,4.192998526846097,0.19299852684609675,77.54158617278492,77.5235496700519,410.65316001958985,0.0
2395,4.0,4.192948905651961,0.19294890565196088,77.54251693484036,77.52354802205433,410.6432605913597,0.0
2396,4.0,4.192900081512561,0.192900081512561,77.54340677598682,77.52355603594987,410.63352017554945,0.0
2397,4.0,4.192855944815163,0.19285594481516277,77.54426235148219,77.52354439769209,410.6247149044185,0.0
2398,4.0,4.1928115994261885,0.19281159942618853,77.54509560192393,77.52356951744277,410.6158679993182,0.0
2399,4.0,4.192768067856779,0.1927680678567789,77.54590071674473,77.52357291526431,410.6071834512209,0.0
2400,4.0,4.192727547782472,0.19272754778247236,77.54668290321484,77.52359314515131,410.5990996963968,0.0
2401,4.0,4.192687060745658,0.19268706074565767,77.54742846386607,77.52359053052648,410.59102253255224,0.0
2402,4.0,4.192646076351727,0.1926460763517266,77.5481537588706,77.52358194869498,410.582846145963,0.0
2403,4.0,4.1925902431169,0.19259024311689998,77.54885564963092,77.52358449519924,410.5717074156151,0.0
2404,4.0,4.192537513086556,0.1925375130865561,77.54952636345475,77.52358117420566,410.56118777456146,0.0
2405,4.0,4.192485101687112,0.19248510168711164,77.55017482229043,77.52356799791706,410.55073170037235,0.0
2406,4.0,4.192432195236875,0.19243219523687483,77.55079642262568,77.52354770838454,410.5401768635501,0.0
2407,4.0,4.1923841923401275,0.1923841923401275,77.55138629414881,77.5235576217281,410.530600285649,0.0
2408,4.0,4.192335728281297,0.1923357282812974,77.55193884993908,77.52356639165399,410.5209317059124,0.0
2409,4.0,4.192291008273878,0.19229100827387757,77.55247784572505,77.52358410066859,410.51201006443216,0.0
2410,4.0,4.192247789297181,0.19224778929718056,77.5529759820718,77.52360284310475,410.50338787858107,0.0
2411,4.0,4.192202759520876,0.1922027595208764,77.55344866270217,77.52360827923148,410.4944044382084,0.0
2412,4.0,4.192163716766183,0.19216371676618316,77.5539023190399,77.5235828135247,410.4866154086471,0.0
2413,4.0,4.192121529477178,0.19212152947717787,77.55432243299916,77.52356156661543,410.47819904449057,0.0
2414,4.0,4.19208301033235,0.1920830103323503,77.55472055650928,77.52354460600726,410.4705144750974,0.0
2415,4.0,4.192046029949369,0.1920460299493687,77.5550967712985,77.52353125363187,410.4631368886926,0.0
2416,4.0,4.192009022062559,0.19200902206255943,77.55544729378047,77.52354816841937,410.45575381527414,0.0
2417,4.0,4.19197502426592,0.19197502426592017,77.55576834072441,77.52358185461985,410.4489712548446,0.0
2418,4.0,4.1919396888743865,0.1919396888743865,77.55606172360064,77.52357664384625,410.44192184423366,0.0
2419,4.0,4.19190816648949,0.19190816648949038,77.55633698212924,77.52357305802977,410.43563312844685,0.0
2420,4.0,4.191878401239012,0.1918784012390118,77.55659283923666,77.52357046864724,410.4296949609764,0.0
2421,4.0,4.191847508341625,0.1918475083416249,77.55682369811359,77.52356866117373,410.4235318279477,0.0
2422,4.0,4.19182021496757,0.19182021496756985,77.55704037995093,77.52357661769575,410.4180867998237,0.0
2423,4.0,4.191789672830045,0.191789672830045,77.55721888947866,77.52358762563401,410.4119936433875,0.0
2424,4.0,4.191765406864167,0.19176540686416743,77.55739921975027,77.52359278527126,410.40715258319494,0.0
2425,4.0,4.19174171897885,0.19174171897885017,77.55756230382627,77.52359700849121,410.40242685007416,0.0
2426,4.0,4.191712931937409,0.1917129319374089,77.55770834659485,77.52358116206989,410.3966838353066,0.0
2427,4.0,4.191690400775219,0.1916904007752187,77.55783692699097,77.52355901402541,410.39218886844964,0.0
2428,4.0,4.191666033666894,0.19166603366689383,77.55794050674513,77.52355073761298,410.38732763033886,0.0
2429,4.0,4.191643653301146,0.19164365330114563,77.55804008956628,77.52354494509723,410.3828627473721,0.0
2430,4.0,4.191622400875795,0.1916224008757954,77.55811880302153,77.52355123887413,410.37862288851477,0.0
2431,4.0,4.191599169430316,0.19159916943031607,77.55818171487456,77.52356406057454,410.3739882151416,0.0
2432,4.0,4.191577800112159,0.1915778001121593,77.5582278331864,77.52357787139225,410.3697250361693,0.0
2433,4.0,4.191552980103824,0.1915529801038236,77.55826684869157,77.52358509752155,410.36477344450634,0.0
2434,4.0,4.191534330533713,0.19153433053371316,77.55827979253597,77.52359471954128,410.36105285526935,0.0
2435,4.0,4.191516101713207,0.19151610171320677,77.55827880792506,77.52359326103682,410.3574162055783,0.0
2436,4.0,4.1914938990439055,0.19149389904390546,77.55827108312401,77.52358306311925,410.3529867730527,0.0
2437,4.0,4.191476393260922,0.19147639326092225,77.55825016673951,77.52357763909427,410.3494943693475,0.0
2438,4.0,4.191457761924362,0.1914577619243616,77.55822509470542,77.52358266649236,410.3457774177037,0.0
2439,4.0,4.1914408818125715,0.19144088181257146,77.55816966563894,77.5235827251285,410.34240983540155,0.0
2440,4.0,4.191426152045008,0.19142615204500757,77.5581092582326,77.52356211139477,410.3394712467726,0.0
2441,4.0,4.191407015183382,0.19140701518338243,77.55804562154945,77.52354678081608,410.3356534428783,0.0
2442,4.0,4.191392530702654,0.19139253070265383,77.55798292696768,77.52354635349606,410.332763788973,0.0
2443,4.0,4.191377916287548,0.1913779162875482,77.5578865951452,77.52355454309767,410.32984821315944,0.0
2444,4.0,4.191365823400112,0.19136582340011188,77.55778148810299,77.52357963975582,410.3274356821159,0.0
2445,4.0,4.191352286706143,0.19135228670614257,77.55767483726014,77.52357592109148,410.324735111669,0.0
2446,4.0,4.191335786469332,0.19133578646933191,77.55755503652904,77.52356445452888,410.32144331442527,0.0
2447,4.0,4.191325534326834,0.1913255343268343,77.55743142923023,77.5235601790416,410.319398011997,0.0
2448,4.0,4.191311732006193,0.19131173200619322,77.55729078281306,77.52356329428595,410.31664444902907,0.0
2449,4.0,4.191302808968494,0.19130280896849428,77.55714298955671,77.52356594235417,410.31486430300816,0.0
2450,4.0,4.191293546131699,0.1912935461316989,77.55698510075565,77.52356720055533,410.31301636706746,0.0
2451,4.0,4.191283940035379,0.19128394003537874,77.55681308466218,77.52356449404188,410.3110999508516,0.0
2452,4.0,4.19127719366735,0.19127719366735008,77.55665122401611,77.52357043454717,410.3097540504299,0.0
2453,4.0,4.19126824019579,0.19126824019579036,77.55646549184658,77.5235716343787,410.30796783285376,0.0
2454,4.0,4.191260193956053,0.19126019395605276,77.5562850879773,77.5235890375995,410.30636260802606,0.0
2455,4.0,4.191255983020003,0.19125598302000313,77.55608040495444,77.52359935892882,410.30552252628416,0.0
2456,4.0,4.191249883275955,0.1912498832759546,77.55587381109235,77.52360254320797,410.3043056273465,0.0
2457,4.0,4.1912430013520385,0.19124300135203853,77.55567022225182,77.52358326166366,410.3029326835252,0.0
2458,4.0,4.191236341751008,0.1912363417510079,77.55545596568132,77.52356998092841,410.3016040931196,0.0
2459,4.0,4.19123265266829,0.19123265266829037,77.55522442215523,77.52356462668523,410.30086812111745,0.0
2460,4.0,4.191226854116748,0.19122685411674833,77.55500406112932,77.52355587297977,410.29971131008483,0.0
2461,4.0,4.1912219755256865,0.19122197552568654,77.55476995304304,77.52354564918555,410.29873803116806,0.0
2462,4.0,4.191218666531432,0.19121866653143194,77.55453465153305,77.52355187649574,410.2980778868142,0.0
2463,4.0,4.191212368512567,0.1912123685125673,77.5543005948024,77.5235631861867,410.2968214320507,0.0
2464,4.0,4.191207223000023,0.19120722300002324,77.55406323270088,77.52358291584605,410.2957949022982,0.0
2465,4.0,4.19120592962027,0.19120592962026972,77.55381848410231,77.52360311132236,410.29553687303735,0.0
2466,4.0,4.191200568213212,0.19120056821321185,77.55356709460668,77.52361651550893,410.2944672723293,0.0
2467,4.0,4.191197023837179,0.19119702383717918,77.55332140168065,77.52359162621032,410.2937601693108,0.0
2468,4.0,4.191191771221581,0.1911917712215807,77.55306472134485,77.5235708689818,410.2927122724989,0.0
2469,4.0,4.191188574087678,0.1911885740876782,77.5527978574211,77.5235542118733,410.29207444428533,0.0
2470,4.0,4.191188148924794,0.19118814892479374,77.55253704210507,77.52354122597427,410.2919896242899,0.0
2471,4.0,4.191185136922744,0.1911851369227442,77.55227166685717,77.52353116473233,410.291388729881,0.0
2472,4.0,4.191180845759616,0.19118084575961625,77.55202013047256,77.52353096445701,410.290532642837,0.0
2473,4.0,4.191176115952133,0.1911761159521328,77.55175377369328,77.52356712130187,410.28958904624403,0.0
2474,4.0,4.191177072864921,0.19117707286492092,77.55146738424304,77.5235842666018,410.28977995034523,0.0
2475,4.0,4.191174521856303,0.19117452185630324,77.55119020092894,77.52358185634117,410.28927102412604,0.0
2476,4.0,4.191169885211796,0.1911698852117958,77.55091884234935,77.52358010977719,410.2883460135468,0.0
2477,4.0,4.191167398610761,0.19116739861076137,77.55064374310118,77.52358108018215,410.28784993664044,0.0
2478,4.0,4.191165983087379,0.1911659830873793,77.55035537832862,77.52358044367391,410.28756753972567,0.0
2479,4.0,4.1911638182437905,0.19116381824379047,77.55006449503486,77.52358127855591,410.28713565342974,0.0
2480,4.0,4.191162771527532,0.19116277152753192,77.54977585899104,77.52356344709419,410.28692683353614,0.0
2481,4.0,4.191162413422924,0.19116241342292373,77.54947775798966,77.52357792182154,410.28685539166685,0.0
2482,4.0,4.19116097169922,0.19116097169921975,77.54918987726572,77.52355793322984,410.2865677677879,0.0
2483,4.0,4.191156746813537,0.19115674681353667,77.54889779026932,77.52355435761051,410.2857249030941,0.0
2484,4.0,4.1911570136702085,0.19115701367020854,77.54860778499861,77.52355401893935,410.28577814100015,0.0
2485,4.0,4.191157066243733,0.19115706624373274,77.54830536141534,77.52356946142037,410.2857886294182,0.0
2486,4.0,4.191165405117031,0.19116540511703128,77.54799706714743,77.52358572778779,410.2874522346413,0.0
2487,4.0,4.1911820478442126,0.19118204784421255,77.54770223898107,77.52358354500694,410.29077245871395,0.0
2488,4.0,4.191195889906099,0.1911958899060986,77.54740025337388,77.52358845158417,410.2935339500602,0.0
2489,4.0,4.191209744219741,0.19120974421974068,77.54710459627181,77.5235887135879,410.2962978856318,0.0
2490,4.0,4.191225308567197,0.19122530856719688,77.54681662080132,77.52358395716507,410.2994029729493,0.0
2491,4.0,4.191238221834965,0.19123822183496486,77.54653510241054,77.52357793295144,410.301979169869,0.0
2492,4.0,4.191251014579173,0.19125101457917282,77.54625581567355,77.52355607692121,410.30453132233856,0.0
2493,4.0,4.191264797931388,0.19126479793138795,77.54600079781893,77.52354333156072,410.30728110110545,0.0
2494,4.0,4.191275219586428,0.19127521958642824,77.54574244783797,77.52353139550782,410.309360221286,0.0
2495,4.0,4.191287903289675,0.19128790328967504,77.54548811917556,77.52353537640691,410.3118906200837,0.0
2496,4.0,4.191300085658682,0.19130008565868195,77.54525617358553,77.52354154633753,410.3143210027006,0.0
2497,4.0,4.191310858465998,0.19131085846599838,77.54501098994729,77.52355558408162,410.3164701777602,0.0
2498,4.0,4.19132058263748,0.19132058263747975,77.54477865564412,77.52358313102656,410.31841014997076,0.0
2499,4.0,4.191331090764385,0.19133109076438526,77.54454492433644,77.52360847926843,410.3205065212884,0.0
2500,4.0,4.191342457364742,0.1913424573647422,77.54432152348045,77.52360399114932,410.32277415805964,0.0
2501,4.0,4.191351604553338,0.1913516045533381,77.54410642024868,77.52359601081365,410.3245990221845,0.0
2502,4.0,4.191361742669623,0.19136174266962325,77.543892643795,77.52359040321242,410.3266215763834,0.0
2503,4.0,4.191371592222963,0.1913715922229633,77.5436842070175,77.52358857460067,410.3285865622747,0.0
2504,4.0,4.191379585151274,0.19137958515127362,77.54349701422937,77.5235736500863,410.33018115147263,0.0
2505,4.0,4.191389680040188,0.19138968004018775,77.54331025206976,77.52357407038849,410.332195081811,0.0
2506,4.0,4.19139816975774,0.19139816975773982,77.54312042283583,77.52355549171652,410.33388878046264,0.0
2507,4.0,4.1914084885424066,0.19140848854240655,77.54293607312528,77.52354374577209,410.33594737800365,0.0
2508,4.0,4.191420390073858,0.19142039007385758,77.54276176015202,77.52354583828651,410.3383217335281,0.0
2509,4.0,4.1914305523414646,0.19143055234146455,77.54258030790889,77.52354521180975,410.3403491059157,0.0
2510,4.0,4.191438504744141,0.19143850474414137,77.54241352810683,77.52355898829859,410.3419356102497,0.0
2511,4.0,4.19144858214354,0.19144858214353988,77.5422664116774,77.52356621686504,410.3439460514297,0.0
2512,4.0,4.191457529176182,0.19145752917618175,77.54210744373755,77.52357258557251,410.3457309844418,0.0
2513,4.0,4.191465346419985,0.19146534641998514,77.54196282472992,77.52358677104726,410.3472905245806,0.0
2514,4.0,4.191474997890973,0.1914749978909729,77.54181048439062,77.52358773498493,410.34921599304266,0.0
2515,4.0,4.191481258235732,0.19148125823573192,77.54168811612615,77.52357732024667,410.35046493182205,0.0
2516,4.0,4.19148931662423,0.19148931662422974,77.54155869587818,77.52358597059956,410.3520725803274,0.0
2517,4.0,4.191498863001718,0.19149886300171826,77.54143451251446,77.52358238035872,410.35397708263633,0.0
2518,4.0,4.191505974450937,0.1915059744509371,77.54130950585653,77.52356223978016,410.3553958167555,0.0
2519,4.0,4.191511406014587,0.1915114060145866,77.54119591861972,77.52355552840044,410.3564794137036,0.0
2520,4.0,4.191519086400155,0.19151908640015503,77.54108659854481,77.52357033631866,410.35801165062446,0.0
2521,4.0,4.191526251381455,0.19152625138145485,77.5409737081688,77.52358077223634,410.3594410643938,0.0
2522,4.0,4.191531041419708,0.191531041419708,77.54087854245333,77.52358800977936,410.3603966770253,0.0
2523,4.0,4.191539358888221,0.19153935888822105,77.54077709589231,77.52359292573318,410.3620560119936,0.0
2524,4.0,4.191544436016062,0.19154443601606186,77.54068317241276,77.52359627360319,410.3630688989979,0.0
2525,4.0,4.191549395175871,0.19154939517587088,77.54058487881747,77.52359862770356,410.3640582513798,0.0
2526,4.0,4.19155531789968,0.19155531789968006,77.54048872540024,77.52360022501918,410.3652398347797,0.0
2527,4.0,4.191560221342703,0.19156022134270323,77.54040436353107,77.5236013105797,410.36621807166284,0.0
2528,4.0,4.191564185327545,0.19156418532754493,77.54032929260715,77.52360200575784,410.36700888663876,0.0
2529,4.0,4.191570240321995,0.19157024032199477,77.5402533200638,77.52360248767496,410.36821685803153,0.0
2530,4.0,4.191574874722056,0.1915748747220558,77.5401753691974,77.52360284928957,410.3691414208437,0.0
2531,4.0,4.191578662113688,0.19157866211368813,77.54010407747732,77.52360312108735,410.36989700547434,0.0
2532,4.0,4.191583966620556,0.19158396662055566,77.54003502662704,77.52360327134511,410.3709552545944,0.0
2533,4.0,4.19158822778419,0.19158822778419005,77.53996889519055,77.52359829388575,410.37180535673946,0.0
2534,4.0,4.191592421457515,0.1915924214575151,77.5399109745213,77.52358481156338,410.3726419945678,0.0
2535,4.0,4.191597449423112,0.19159744942311185,77.53984663030788,77.52357963842049,410.3736450737044,0.0
2536,4.0,4.191600487456816,0.19160048745681557,77.53978049887381,77.52355541540618,410.3742511614282,0.0
2537,4.0,4.191604713917053,0.19160471391705336,77.53971726237737,77.52353609286551,410.3750943402457,0.0
2538,4.0,4.191610081858552,0.19161008185855177,77.5396622941859,77.52351623424666,410.3761652445746,0.0
2539,4.0,4.191614014820367,0.19161401482036666,77.53960530637644,77.52350598507479,410.3769498704567,0.0
2540,4.0,4.191616092939456,0.19161609293945592,77.53955048239456,77.52351250136005,410.377364455215,0.0
2541,4.0,4.191620506445169,0.19162050644516881,77.53949709614487,77.52352117338312,410.3782449496047,0.0
2542,4.0,4.191623854345984,0.19162385434598406,77.5394519553146,77.52354443456987,410.37891285581736,0.0
2543,4.0,4.191626271583035,0.19162627158303458,77.53940764921231,77.52356671545677,410.379395094609,0.0
2544,4.0,4.191631419082178,0.19163141908217796,77.53935501905941,77.52359387856171,410.380422020688,0.0
2545,4.0,4.19163356798838,0.19163356798838027,77.53931526730197,77.52362192027803,410.38085072747543,0.0
2546,4.0,4.191635282497963,0.19163528249796258,77.53928600850244,77.52363093297096,410.38119277213707,0.0
2547,4.0,4.191639453370902,0.19163945337090205,77.53926618795657,77.52361501826627,410.38202486128847,0.0
2548,4.0,4.19163828508773,0.19163828508772962,77.53924356995837,77.52359868987375,410.38179178879557,0.0
2549,4.0,4.191636209926078,0.19163620992607822,77.53922380376532,77.52358156349037,410.38137779404616,0.0
2550,4.0,4.191636792585333,0.19163679258533328,77.53919664408932,77.52358723040234,410.38149403456754,0.0
2551,4.0,4.191637447332567,0.1916374473325666,77.53916896996455,77.5235671916332,410.38162465664055,0.0
2552,4.0,4.191635408196232,0.19163540819623215,77.53915427077922,77.52355064577769,410.38121784894184,0.0
2553,4.0,4.191636087753471,0.19163608775347107,77.53912531863695,77.5235465957336,410.38135342061105,0.0
2554,4.0,4.191635237550897,0.19163523755089695,77.53910828348633,77.52356739606904,410.38118380519745,0.0
2555,4.0,4.1916332949764,0.19163329497640014,77.53908360734309,77.52356282402046,410.3807962615854,0.0
2556,4.0,4.191635081418361,0.19163508141836072,77.5390521989273,77.52356417527083,410.3811526567565,0.0
2557,4.0,4.191634815363882,0.19163481536388183,77.53902927228211,77.52357559872735,410.381099578888,0.0
2558,4.0,4.191632837974337,0.19163283797433728,77.53900687826032,77.52360142877238,410.3807050896738,0.0
2559,4.0,4.191633665611605,0.19163366561160533,77.53897682499766,77.52358539743862,410.3808702033088,0.0
2560,4.0,4.191633457440555,0.19163345744055515,77.5389544657165,77.52357415954972,410.3808286731843,0.0
2561,4.0,4.191632706039006,0.19163270603900617,77.53893396471554,77.5235662772553,410.3806787685753,0.0
2562,4.0,4.191631716223822,0.1916317162238217,77.53891132146605,77.5235607638355,410.380481300446,0.0
2563,4.0,4.1916327569322815,0.19163275693228154,77.5388887936549,77.52355695782495,410.3806889217837,0.0
2564,4.0,4.191632298790508,0.19163229879050814,77.53885467710606,77.52355429090726,410.3805975224999,0.0
2565,4.0,4.1916313469635345,0.19163134696353445,77.53881331163399,77.52355566686502,410.38040763301865,0.0
2566,4.0,4.191632773384081,0.19163277338408058,77.53879020129692,77.52356031393467,410.3806922039176,0.0
2567,4.0,4.191632204108821,0.19163220410882076,77.53875486426828,77.52356489318882,410.3805786335033,0.0
2568,4.0,4.191631782157516,0.19163178215751575,77.53871680196423,77.52356928131361,410.38049445421797,0.0
2569,4.0,4.191631630669222,0.19163163066922184,77.53870322292201,77.52356458605509,410.3804642323033,0.0
2570,4.0,4.191631234663469,0.1916312346634692,77.53866468065515,77.52355516112564,410.38038522915565,0.0
2571,4.0,4.191632865396057,0.19163286539605728,77.53863451464791,77.52356079306827,410.38071056030697,0.0
2572,4.0,4.191636697614901,0.19163669761490087,77.53861276864019,77.52356481037565,410.38147508796624,0.0
2573,4.0,4.191638663123985,0.19163866312398525,77.53857640986502,77.52357436824393,410.3818672070286,0.0
2574,4.0,4.191640168481344,0.19164016848134402,77.53854856318404,77.52358495671695,410.38216752582167,0.0
2575,4.0,4.191643300212101,0.1916433002121014,77.53852994639584,77.523579174215,410.3827923061078,0.0
2576,4.0,4.191646637447154,0.19164663744715416,77.5384878706069,77.5235751742098,410.38345808450083,0.0
2577,4.0,4.191647637969897,0.19164763796989703,77.53846281009373,77.52356757002022,410.383657688788,0.0
2578,4.0,4.1916508662284455,0.19165086622844552,77.53843913154873,77.52355621937564,410.3843017263684,0.0
2579,4.0,4.191652938345347,0.1916529383453467,77.53841718217438,77.52357312727104,410.3847151136902,0.0
2580,4.0,4.191654116035774,0.19165411603577365,77.5383986731707,77.523578251255,410.3849500629304,0.0
2581,4.0,4.191656733815453,0.1916567338154529,77.53837973501378,77.52358354288668,410.38547230997636,0.0
2582,4.0,4.191657716840623,0.1916577168406226,77.53835827450933,77.52357401967915,410.38566842349775,0.0
2583,4.0,4.191658304460003,0.19165830446000331,77.5383441283295,77.5235942925639,410.3857856535642,0.0
2584,4.0,4.191661149125999,0.1916611491259994,77.53833082196549,77.52359927961108,410.38635316443043,0.0
2585,4.0,4.191662672890672,0.19166267289067207,77.53830918750774,77.52360162422119,410.3866571554826,0.0
2586,4.0,4.1916643572854975,0.19166435728549747,77.53828785793822,77.52359485687674,410.3869931922503,0.0
2587,4.0,4.19166726339369,0.19166726339368978,77.53827013882142,77.52357351782385,410.38757296083463,0.0
2588,4.0,4.191668808803356,0.1916688088033558,77.53825465650291,77.52355251851216,410.387881270063,0.0
2589,4.0,4.1916698046786625,0.19166980467866246,77.53823623462412,77.52356105543137,410.3880799471867,0.0
2590,4.0,4.191672701731114,0.19167270173111373,77.5382121306081,77.52357198019742,410.3886579091507,0.0
2591,4.0,4.191674941231215,0.19167494123121465,77.53819691388601,77.52357967625629,410.38910468942083,0.0
2592,4.0,4.191674515438446,0.1916745154384456,77.53819168532235,77.52358501683175,410.38901974376347,0.0
2593,4.0,4.191676772879985,0.19167677287998508,77.53817941296782,77.52358878930008,410.38947010335056,0.0
2594,4.0,4.191678120031649,0.19167812003164908,77.5381708743502,77.52359138476832,410.38973886010757,0.0
2595,4.0,4.191678134386417,0.19167813438641712,77.53816405634991,77.52359316428985,410.38974172388373,0.0
2596,4.0,4.191681698953986,0.19168169895398623,77.53815053827613,77.52359440114533,410.3904528551138,0.0
2597,4.0,4.191681780138588,0.1916817801385884,77.53814903651522,77.52359524787612,410.3904690514419,0.0
2598,4.0,4.191682139019988,0.19168213901998765,77.53813584543394,77.5235957901094,410.39054064828105,0.0
2599,4.0,4.1916852890528915,0.1916852890528915,77.53812344303886,77.52358412218129,410.3911690798454,0.0
2600,4.0,4.191686422003502,0.19168642200350217,77.53812214298851,77.52357583745435,410.3913951034922,0.0
2601,4.0,4.191686690381093,0.19168669038109343,77.53811717852052,77.52355897953693,410.39144864482165,0.0
2602,4.0,4.191689724369788,0.19168972436978837,77.53810692274502,77.52355402454009,410.39205392556636,0.0
2603,4.0,4.191689440596219,0.19168944059621928,77.53810561955807,77.52355582404905,410.3919973127393,0.0
2604,4.0,4.191690132451525,0.19169013245152478,77.53809937402737,77.52354980688229,410.39213533787273,0.0
2605,4.0,4.191692543254771,0.1916925432547707,77.5380875410984,77.5235502103584,410.3926162931203,0.0
2606,4.0,4.19169361431185,0.19169361431185017,77.5380873859686,77.52355349642798,410.39282996900766,0.0
2607,4.0,4.19169389584662,0.1916938958466199,77.53808873056886,77.52356739453002,410.3928861351942,0.0
2608,4.0,4.191695532539323,0.19169553253932303,77.53807811229692,77.52358057714599,410.3932126553885,0.0
2609,4.0,4.191695237532812,0.19169523753281226,77.53808356933436,77.52357898645096,410.3931538015896,0.0
2610,4.0,4.191696649239018,0.1916966492390184,77.5380771128717,77.52358153287084,410.3934354369777,0.0
2611,4.0,4.191699078118815,0.19169907811881526,77.53807149802516,77.52359335476909,410.3939199984972,0.0
2612,4.0,4.1916983603881635,0.19169836038816346,77.53808477461278,77.52358511837797,410.39377681123216,0.0
2613,4.0,4.191698633658091,0.19169863365809103,77.53809282452684,77.52357802893229,410.39383132858273,0.0
2614,4.0,4.191699169856303,0.1916991698563031,77.53810256322052,77.52356679370047,410.393938300126,0.0
2615,4.0,4.1916988503588435,0.1916988503588435,77.5381084732889,77.52356908878342,410.3938745603828,0.0
2616,4.0,4.191694424803101,0.19169442480310117,77.5381182605476,77.52355700304366,410.39299166201226,0.0
2617,4.0,4.191693515626337,0.19169351562633707,77.53812197365659,77.5235434360795,410.3928102812478,0.0
2618,4.0,4.191690378607227,0.19169037860722682,77.53812103040647,77.5235337676345,410.3921844459353,0.0
2619,4.0,4.1916885034785745,0.19168850347857447,77.53812950686438,77.52353639850122,410.39181035776915,0.0
2620,4.0,4.191688995300004,0.19168899530000427,77.53812440201774,77.52355420245887,410.3919084761444,0.0
2621,4.0,4.191687519745244,0.19168751974524412,77.53812047041471,77.52357936057727,410.39161410296975,0.0
2622,4.0,4.191683997661165,0.19168399766116462,77.53813791215784,77.52358312140663,410.3909114471959,0.0
2623,4.0,4.191682671488573,0.19168267148857332,77.53813254823748,77.52359065446898,410.39064687576393,0.0
2624,4.0,4.191681742474878,0.19168174247487801,77.5381321234903,77.5235998256662,410.39046153753173,0.0
2625,4.0,4.191679858080246,0.19167985808024568,77.53811210435526,77.52358086911869,410.39008560080254,0.0
2626,4.0,4.191679331398163,0.19167933139816284,77.53811160875202,77.52356719487871,410.38998052772706,0.0
2627,4.0,4.191677261291179,0.19167726129117924,77.5381195966684,77.52355759892,410.3895675413838,0.0
2628,4.0,4.191675025924271,0.19167502592427077,77.538099517364,77.52355091143106,410.38912158568553,0.0
2629,4.0,4.191674498706371,0.1916744987063712,77.53809944119958,77.52354629226,410.3890164057146,0.0
2630,4.0,4.191670390468291,0.19167039046829082,77.53809655028654,77.52356047379698,410.3881968122176,0.0
2631,4.0,4.1916676972668805,0.1916676972668805,77.5381032153032,77.52357141773527,410.3876595185362,0.0
2632,4.0,4.191665482420665,0.19166548242066472,77.53809934232399,77.52357545821562,410.3872176567162,0.0
2633,4.0,4.191665501613126,0.19166550161312568,77.53808444897533,77.52358874472267,410.38722148561214,0.0
2634,4.0,4.191667578452581,0.19166757845258076,77.5380755174556,77.52359297052062,410.3876358150834,0.0
2635,4.0,4.191667606957108,0.19166760695710838,77.53805901850347,77.52359037996949,410.38764150173665,0.0
2636,4.0,4.191670529444517,0.1916705294445169,77.53803608221732,77.52357681502176,410.3882245379747,0.0
2637,4.0,4.191672471915785,0.19167247191578518,77.538014893226,77.52356666526093,410.3886120609927,0.0
2638,4.0,4.1916730636547435,0.19167306365474346,77.53800230905773,77.52357305162255,410.38873011291486,0.0
2639,4.0,4.191676150536018,0.1916761505360176,77.53799107492047,77.52356418801267,410.3893459457291,0.0
2640,4.0,4.19167669785815,0.1916766978581501,77.5379776742761,77.52357054801985,410.3894551364945,0.0
2641,4.0,4.191677101516295,0.19167710151629525,77.53797184549191,77.52356111791224,410.3895356662944,0.0
2642,4.0,4.191680534177135,0.19168053417713526,77.53795421513655,77.5235771382606,410.390220482132,0.0
2643,4.0,4.1916811446963385,0.19168114469633846,77.53795438852177,77.52357899736333,410.39034228071307,0.0
2644,4.0,4.191682101791963,0.19168210179196343,77.53794323657479,77.52357599353374,410.39053322129024,0.0
2645,4.0,4.191683386967484,0.1916833869674841,77.5379407588231,77.52357022845918,410.3907896138066,0.0
2646,4.0,4.191684316512996,0.19168431651299578,77.53792684028099,77.52358477950797,410.3909750581362,0.0
2647,4.0,4.191685321995575,0.19168532199557475,77.53792134573828,77.5235892205721,410.3911756519107,0.0
2648,4.0,4.19168773457525,0.19168773457525035,77.53790948003771,77.52359208823572,410.391656961556,0.0
2649,4.0,4.191688492570482,0.19168849257048226,77.53791020163952,77.5235693739555,410.39180818160474,0.0
2650,4.0,4.191688673803431,0.1916886738034309,77.53790521107824,77.52354060290402,410.391844337578,0.0
2651,4.0,4.191690831140031,0.19169083114003094,77.53789479066053,77.52355332112712,410.39227472622974,0.0
2652,4.0,4.191691656032083,0.19169165603208338,77.53789427480736,77.52356917189839,410.3924392921942,0.0
2653,4.0,4.191691735401286,0.19169173540128615,77.5378895304148,77.52358915617229,410.3924551263501,0.0
2654,4.0,4.191694666243155,0.1916946662431549,77.53788118282425,77.52357929025919,410.39303982930295,0.0
2655,4.0,4.19169565873599,0.19169565873599037,77.53788084291747,77.52356606912842,410.39323783162365,0.0
2656,4.0,4.191695029317491,0.19169502931749083,77.5378777429021,77.52355579846416,410.393112262633,0.0
2657,4.0,4.191697415205331,0.191697415205331,77.53787619964956,77.52354863081393,410.39358824725707,0.0
2658,4.0,4.191697500902941,0.1916975009029409,77.53786970009278,77.52354360179528,410.39360534393023,0.0
2659,4.0,4.1916985481137266,0.19169854811372655,77.53787162423463,77.52354692812388,410.393814262482,0.0
2660,4.0,4.191700952257577,0.19170095225757677,77.53785336221716,77.5235718574417,410.3942938891801,0.0
2661,4.0,4.1917010514624815,0.1917010514624815,77.53785480334446,77.52357932456451,410.3943136805586,0.0
2662,4.0,4.191702019919471,0.19170201991947078,77.53784999373808,77.52358978016242,410.39450688772797,0.0
2663,4.0,4.191703969496021,0.19170396949602075,77.53784669272432,77.52360600479489,410.3948958282497,0.0
2664,4.0,4.191703952205853,0.19170395220585323,77.53786011740401,77.52361197740203,410.3948923788613,0.0
2665,4.0,4.191703104184936,0.19170310418493575,77.53786925161654,77.52359954165283,410.3947231986882,0.0
2666,4.0,4.191704935078143,0.19170493507814257,77.53786814599088,77.52357110486963,410.395088461883,0.0
2667,4.0,4.1917059710372335,0.19170597103723352,77.53788174499867,77.52354769293983,410.39529513572165,0.0
2668,4.0,4.191708416879702,0.19170841687970164,77.53788564512881,77.52353857273818,410.39578308129404,0.0
2669,4.0,4.191710593457242,0.19171059345724206,77.53789124988639,77.52354252326377,410.39621730851337,0.0
2670,4.0,4.191710241598601,0.19171024159860117,77.53789775853691,77.52354852182638,410.3961471127145,0.0
2671,4.0,4.191708642789624,0.1917086427896244,77.53790767593088,77.52356293758987,410.3958281503236,0.0
2672,4.0,4.191707814068137,0.19170781406813742,77.53790990072564,77.52357676603364,410.3956628203869,0.0
2673,4.0,4.191705968344863,0.19170596834486275,77.53791783311496,77.52360226338276,410.39529459859364,0.0
2674,4.0,4.191702639571795,0.1917026395717949,77.53793354162201,77.52360956778008,410.3946305083666,0.0
2675,4.0,4.1917016970572645,0.19170169705726448,77.53793787136436,77.52360395630748,410.3944424767178,0.0
2676,4.0,4.191698503160213,0.19169850316021275,77.53795108496952,77.52360081600126,410.39380529425597,0.0
2677,4.0,4.191695510363004,0.19169551036300359,77.53796057865087,77.52359980875175,410.3932082312127,0.0
2678,4.0,4.1916956318548895,0.19169563185488947,77.53795833129469,77.52357248524433,410.393232468844,0.0
2679,4.0,4.191693776848906,0.19169377684890598,77.53796643543998,77.52355185754456,410.39286239515025,0.0
2680,4.0,4.191690330952219,0.19169033095221888,77.53797120569668,77.52353594451702,410.39217493876123,0.0
2681,4.0,4.191689373183239,0.1916893731832392,77.5379758176374,77.52352456625839,410.39198386384976,0.0
2682,4.0,4.191686483162169,0.19168648316216874,77.53798341019993,77.52353724875684,410.39140730464624,0.0
2683,4.0,4.191684936093191,0.19168493609319093,77.5379792656869,77.52357288335196,410.39109866438514,0.0
2684,4.0,4.191684461433424,0.19168446143342432,77.53797494105758,77.52357591844665,410.3910039697617,0.0
2685,4.0,4.19168191512396,0.1916819151239597,77.53797617563058,77.52357324899852,410.3904959810235,0.0
2686,4.0,4.19167970393845,0.19167970393845035,77.53797776352086,77.52357138600286,410.3900548495144,0.0
2687,4.0,4.191678803511427,0.19167880351142674,77.53797476229606,77.52358087661484,410.3898752143232,0.0
2688,4.0,4.191676644548546,0.19167664454854627,77.5379884891011,77.52358911747024,410.3894445012285,0.0
2689,4.0,4.191674031794224,0.19167403179422404,77.537990952788,77.52358496240225,410.38892325674124,0.0
2690,4.0,4.191675214289488,0.19167521428948842,77.53798218381982,77.52358194284368,410.38915916454647,0.0
2691,4.0,4.191676241561002,0.1916762415610016,77.5379828386654,77.52357499500894,410.38936410521336,0.0
2692,4.0,4.191676774559521,0.1916767745595207,77.53797297921481,77.5235927243092,410.3894704384179,0.0
2693,4.0,4.191678288093923,0.1916782880939234,77.53797119159948,77.52360265047918,410.3897723885313,0.0
2694,4.0,4.191679016100646,0.19167901610064586,77.53795772488029,77.52361296768832,410.3899176258724,0.0
2695,4.0,4.191679997302698,0.1916799973026979,77.53795267946589,77.52360766168096,410.3901133756818,0.0
2696,4.0,4.191682364443199,0.1916823644431993,77.53794165426822,77.52360054451034,410.3905856202118,0.0
2697,4.0,4.191683353702471,0.19168335370247114,77.53793645981882,77.52358582436804,410.3907829774365,0.0
2698,4.0,4.191684113970153,0.19168411397015284,77.53792239635757,77.52355791287492,410.39093465083903,0.0
2699,4.0,4.191686407905564,0.19168640790556424,77.53791272533725,77.52353227301053,410.3913922909536,0.0
2700,4.0,4.1916876621300485,0.1916876621300485,77.53791573446715,77.52354349401021,410.39164250873824,0.0
2701,4.0,4.191686496402588,0.19168649640258817,77.53792419321925,77.52355143698593,410.3914099461099,0.0
2702,4.0,4.191689051528275,0.1916890515282752,77.5379162431496,77.5235570018028,410.39191969368443,0.0
2703,4.0,4.191690106153279,0.19169010615327942,77.53791639202407,77.52356088164093,410.3921300913728,0.0
2704,4.0,4.1916900590912185,0.1916900590912185,77.53789760524222,77.52356368071574,410.39212070249164,0.0
2705,4.0,4.191692898519021,0.19169289851902072,77.53789094861907,77.52356560594681,410.39268716833817,0.0
2706,4.0,4.191694057321762,0.1916940573217616,77.53788917042164,77.52356689888997,410.392918349485,0.0
2707,4.0,4.191694345392265,0.19169434539226504,77.5378969465759,77.52356786351238,410.39297581955043,0.0
2708,4.0,4.191693799264591,0.1916937992645913,77.5378939439593,77.5235685237104,410.39286686707953,0.0
2709,4.0,4.1916963545759245,0.1916963545759245,77.53788599048785,77.5235689454457,410.39337665169046,0.0
2710,4.0,4.19169821026389,0.19169821026388956,77.53788442620053,77.52356921632246,410.3937468614395,0.0
2711,4.0,4.191698215698929,0.19169821569892864,77.53788432566338,77.52356939568494,410.3937479457298,0.0
2712,4.0,4.191698972618636,0.191698972618636,77.53788342905509,77.52356960765908,410.3938989512114,0.0
2713,4.0,4.191698486952107,0.19169848695210678,77.53789241289657,77.52356963615375,410.39380206073884,0.0
2714,4.0,4.191699656811325,0.19169965681132517,77.53789698260923,77.52356963701153,410.3940354476529,0.0
2715,4.0,4.19170151403301,0.19170151403301006,77.53789538994762,77.52356963664124,410.39440596337903,0.0
2716,4.0,4.191701394114955,0.19170139411495501,77.53789760818616,77.52356966772668,410.3943820397271,0.0
2717,4.0,4.191701407032963,0.191701407032963,77.53789736922944,77.52356966674273,410.3943846168697,0.0
2718,4.0,4.19170367492468,0.1917036749246801,77.53790128486573,77.52356966633631,410.39483706126725,0.0
2719,4.0,4.1917039013278075,0.19170390132780746,77.53791020172106,77.52356972756857,410.39488222869113,0.0
2720,4.0,4.191704194639128,0.19170419463912758,77.53791788091127,77.52356972765895,410.3949407442995,0.0
2721,4.0,4.191703762312842,0.1917037623128417,77.53792587806039,77.52356975749856,410.39485449520544,0.0
2722,4.0,4.191703548167166,0.19170354816716628,77.53794294416521,77.52356975728168,410.39481177314326,0.0
2723,4.0,4.191705173015052,0.19170517301505186,77.537945649923,77.52358744539308,410.3951359302964,0.0
2724,4.0,4.191702661269316,0.191702661269316,77.53795934996508,77.52359702689812,410.39463483702207,0.0
2725,4.0,4.191700399686624,0.19170039968662422,77.53796187008435,77.52359315909536,410.39418365127506,0.0
2726,4.0,4.191697538456862,0.19169753845686177,77.537968930036,77.52358957031706,410.39361283593746,0.0
2727,4.0,4.19169741125469,0.1916974112546903,77.53797128302025,77.52358363614263,410.39358745910425,0.0
2728,4.0,4.191695084980921,0.19169508498092114,77.53798155224221,77.52357981539917,410.3931233674873,0.0
2729,4.0,4.1916929147158255,0.1916929147158255,77.53798238318406,77.52356212451576,410.3926903996007,0.0
2730,4.0,4.191689320385678,0.1916893203856782,77.53798989918117,77.5235514911915,410.39197333073633,0.0
2731,4.0,4.191690026826187,0.19169002682618697,77.53798993631742,77.52354680248355,410.3921142656178,0.0
2732,4.0,4.191687219519554,0.1916872195195536,77.53799599883352,77.52355291373902,410.3915542079445,0.0
2733,4.0,4.191684723721139,0.19168472372113943,77.53799629906251,77.52357458028332,410.39105629616085,0.0
2734,4.0,4.191682570729691,0.1916825707296912,77.53799681048507,77.52359590987203,410.3906267743669,0.0
2735,4.0,4.191682607651204,0.19168260765120415,77.53798302259459,77.5236089404489,410.39063414020876,0.0
2736,4.0,4.191680983005653,0.19168098300565273,77.53799341801313,77.52359886284222,410.39031002342125,0.0
2737,4.0,4.191677705864521,0.19167770586452093,77.53799506665246,77.52358702186363,410.3896562337655,0.0
2738,4.0,4.191676636503374,0.19167663650337374,77.53800174285418,77.52358739882592,410.3894428962166,0.0
2739,4.0,4.191675151684005,0.19167515168400495,77.53800299930782,77.52358125183595,410.38914667475257,0.0
2740,4.0,4.1916736019091765,0.19167360190917648,77.53798579990163,77.52356931101902,410.38883749467425,0.0
2741,4.0,4.191673012871638,0.19167301287163774,77.5379835910327,77.52355630609098,410.38871998168526,0.0
2742,4.0,4.191676822376727,0.1916768223767269,77.53797209468831,77.52354729779516,410.38947997795054,0.0
2743,4.0,4.191678160334066,0.1916781603340656,77.53796044998272,77.52354933207071,410.3897469004396,0.0
2744,4.0,4.191678828272576,0.19167882827257632,77.53794809441065,77.52355373473635,410.38988015417254,0.0
2745,4.0,4.191679706381047,0.1916797063810467,77.53794495602955,77.52355751342311,410.3900553368124,0.0
2746,4.0,4.1916833066223145,0.19168330662231448,77.53792422579762,77.52357648110531,410.3907735849453,0.0
2747,4.0,4.191683516145005,0.19168351614500523,77.53792035003877,77.5235818828558,410.3908153847221,0.0
2748,4.0,4.191683556609191,0.191683556609191,77.53791960153073,77.5235741372072,410.39082345732714,0.0
2749,4.0,4.1916842079344905,0.19168420793449048,77.5379075532928,77.52357904412209,410.3909533967244,0.0
2750,4.0,4.191687314434196,0.19168731443419595,77.53790906125256,77.5235904666212,410.3915731434156,0.0
2751,4.0,4.1916875234520585,0.19168752345205853,77.5379051948365,77.52358302449552,410.3916148424792,0.0
2752,4.0,4.191687727723279,0.1916877277232789,77.53790868534745,77.52357258048444,410.3916555945877,0.0
2753,4.0,4.191689039896235,0.19168903989623498,77.53790560582887,77.52356129793301,410.39191737309244,0.0
2754,4.0,4.191690196156166,0.19169019615616634,77.53789875556484,77.52357857168222,410.39214804694876,0.0
2755,4.0,4.19169102156334,0.19169102156334006,77.53789659207112,77.52359080863046,410.3923127156799,0.0
2756,4.0,4.1916926469098135,0.19169264690981347,77.53788905044243,77.52359940182403,410.3926369723013,0.0
2757,4.0,4.191693659288116,0.19169365928811644,77.5378899808025,77.52360540065274,410.39283894177277,0.0
2758,4.0,4.191693699967936,0.19169369996793595,77.53788922830778,77.52360952981627,410.39284705739675,0.0
2759,4.0,4.191696429682345,0.19169642968234513,77.53788214400805,77.52361236399021,410.3933916354214,0.0
2760,4.0,4.191697335076743,0.1916973350767428,77.53787194848572,77.52359380632242,410.3935722616037,0.0
2761,4.0,4.191696926531848,0.191696926531848,77.5378713151924,77.52358825215032,410.3934907568972,0.0
2762,4.0,4.191699424803665,0.19169942480366498,77.53786336744221,77.52358915602156,410.3939891621247,0.0
2763,4.0,4.191699758537834,0.19169975853783416,77.53785742440226,77.52358978918966,410.39405574209144,0.0
2764,4.0,4.1916995859955914,0.19169958599559145,77.53785877320928,77.52359018114966,410.39402131991403,0.0
2765,4.0,4.19170159429324,0.19170159429323963,77.53785131451967,77.52357198178034,410.39442197529485,0.0
2766,4.0,4.191701151742582,0.19170115174258218,77.53786072937703,77.52356561359325,410.3943336864387,0.0
2767,4.0,4.191703031166475,0.19170303116647514,77.53785504029784,77.52355352175341,410.39470863150535,0.0
2768,4.0,4.191705870608951,0.19170587060895095,77.53784551676864,77.52353618084229,410.39527510027926,0.0
2769,4.0,4.191704973276795,0.1917049732767948,77.53784819165487,77.52355120656128,410.3950960825141,0.0
2770,4.0,4.191705449803917,0.19170544980391657,77.53785452936684,77.52355195235738,410.39519114967493,0.0
2771,4.0,4.191707930624934,0.19170793062493363,77.53785450627437,77.52354858350962,410.3956860734678,0.0
2772,4.0,4.191708578271784,0.19170857827178356,77.53785645004523,77.52354841929474,410.39581527901436,0.0
2773,4.0,4.19170745249689,0.1917074524968898,77.53786089349018,77.52355698303191,410.3955906869231,0.0
2774,4.0,4.191708636764012,0.1917086367640124,77.53786847289388,77.5235800777232,410.39582694821405,0.0
2775,4.0,4.1917090741677,0.1917090741676999,77.53787512477396,77.52360227792292,410.39591421024966,0.0
2776,4.0,4.1917087534750275,0.19170875347502747,77.537881875972,77.52360883740211,410.3958502320615,0.0
2777,4.0,4.19171003084925,0.19171003084924987,77.53788691402858,77.52359893938414,410.3961050682189,0.0
2778,4.0,4.1917088620831935,0.1917088620831935,77.53789542893524,77.52358880489336,410.39587189939067,0.0
2779,4.0,4.191708170560963,0.1917081705609629,77.537906582556,77.5235918405386,410.39573394070567,0.0
2780,4.0,4.191708688583867,0.19170868858386658,77.53791338124871,77.52358373080452,410.3958372862749,0.0
2781,4.0,4.191706069230601,0.19170606923060074,77.53791596693681,77.52357645484598,410.39531472529836,0.0
2782,4.0,4.191702553282758,0.19170255328275765,77.53792367104754,77.52358283987765,410.3946132937037,0.0
2783,4.0,4.191701927229124,0.19170192722912383,77.53793361365426,77.52356387721595,410.39448839600374,0.0
2784,4.0,4.191699343462661,0.19169934346266082,77.5379420935064,77.52354324367688,410.3939729345944,0.0
2785,4.0,4.19169647621819,0.19169647621818964,77.5379476265975,77.52354159261346,410.39340091932235,0.0
2786,4.0,4.191694951757017,0.19169495175701723,77.53794634010102,77.52354387899337,410.3930967893185,0.0
2787,4.0,4.191692960970622,0.19169296097062194,77.53795367968851,77.52356229535965,410.3926996274326,0.0
2788,4.0,4.191689310730032,0.19168931073003215,77.53796059178188,77.52358133220454,410.39197140443497,0.0
2789,4.0,4.191688085555804,0.1916880855558043,77.53796687396694,77.52360565053705,410.3917269821765,0.0
2790,4.0,4.191687553715507,0.19168755371550716,77.53796852140364,77.52359355703473,410.39162088003724,0.0
2791,4.0,4.19168484395367,0.19168484395367003,77.53797277952096,77.52358500610254,410.3910802825507,0.0
2792,4.0,4.191683437932969,0.19168343793296927,77.5379840451377,77.5235790644097,410.3907997814209,0.0
2793,4.0,4.191681280527796,0.19168128052779565,77.53798136196994,77.52357188994476,410.3903693790888,0.0
2794,4.0,4.191678938848758,0.1916789388487583,77.5379820875106,77.52357816501896,410.3899022141208,0.0
2795,4.0,4.191679934207005,0.1916799342070048,77.53797678022818,77.52355909463262,410.390100788091,0.0
2796,4.0,4.191678344678642,0.19167834467864164,77.5379766973549,77.5235549271068,410.38978367718255,0.0
2797,4.0,4.1916755839582684,0.19167558395826845,77.5379786218883,77.52356813764868,410.3892329134681,0.0
2798,4.0,4.191675482609445,0.1916754826094449,77.53798049664768,77.5235689034148,410.38921269437776,0.0
2799,4.0,4.1916761775021865,0.19167617750218646,77.53796764246295,77.5235735221771,410.38935132547977,0.0
2800,4.0,4.191677866429102,0.19167786642910212,77.53796588665791,77.5235703856311,410.3896882663994,0.0
2801,4.0,4.19168033095096,0.19168033095095982,77.53796616500225,77.5235738598599,410.39017993851,0.0
2802,4.0,4.191681473669704,0.19168147366970434,77.53796140807196,77.52358217756606,410.39040791089957,0.0
2803,4.0,4.191681143311031,0.1916811433110306,77.53794786168784,77.52358230386234,410.3903420043442,0.0
2804,4.0,4.191683966451296,0.19168396645129615,77.53794805875894,77.52357595911678,410.3909052208271,0.0
2805,4.0,4.191684208487599,0.19168420848759915,77.53794030533412,77.52357587620392,410.3909535070696,0.0
2806,4.0,4.191684692609192,0.19168469260919174,77.53793462626169,77.52357657467068,410.3910500893273,0.0
2807,4.0,4.1916863354653175,0.19168633546531755,77.53793044646666,77.52357279830106,410.3913778391244,0.0
2808,4.0,4.191687345588246,0.19168734558824596,77.53792814231329,77.52355317414842,410.39157935864864,0.0
2809,4.0,4.191687727361943,0.19168772736194306,77.53791780403083,77.52355018042194,410.3916555225012,0.0
2810,4.0,4.191689722956684,0.19168972295668407,77.53791365172937,77.52355748079972,410.392053643652,0.0
2811,4.0,4.191690572766651,0.19169057276665136,77.53792414171869,77.52357303388922,410.3922231807405,0.0
2812,4.0,4.191691208226826,0.19169120822682562,77.53791238697332,77.52357324598539,410.3923499550453,0.0
2813,4.0,4.191693352024602,0.19169335202460225,77.53790549321937,77.52358067101298,410.3927776427017,0.0
2814,4.0,4.191694761414333,0.1916947614143334,77.53790890832101,77.52358580137052,410.39305881595305,0.0
2815,4.0,4.191695565980997,0.19169556598099735,77.53789074924298,77.52359701007353,410.3932193270025,0.0
2816,4.0,4.19169584800286,0.1916958480028601,77.53788553240923,77.52358678223749,410.39327559036417,0.0
2817,4.0,4.191699665949911,0.19169966594991106,77.53787060384235,77.52356812218812,410.3940372708008,0.0
2818,4.0,4.191699354383478,0.19169935438347796,77.53787636718455,77.5235536179452,410.39397511329736,0.0
2819,4.0,4.191698919146385,0.19169891914638537,77.53788114196684,77.52354281730224,410.39388828349746,0.0
2820,4.0,4.191700325875202,0.19170032587520236,77.53787477764955,77.52353526232481,410.3941689258964,0.0
2821,4.0,4.1916998089133095,0.1916998089133095,77.53788434038742,77.52352999695485,410.3940657919988,0.0
2822,4.0,4.19170197190109,0.1917019719010904,77.53787381547289,77.52356748379954,410.3944973080611,0.0
2823,4.0,4.191704414072332,0.19170441407233163,77.53787450731,77.52358553537202,410.3949845212237,0.0
2824,4.0,4.191704848337459,0.1917048483374586,77.53787957914746,77.5235837001085,410.3950711571165,0.0
2825,4.0,4.191703210547287,0.19170321054728667,77.5378902176192,77.52358243467263,410.3947444179772,0.0
2826,4.0,4.191704453525928,0.19170445352592758,77.53789998719161,77.52358150188947,410.3949923922161,0.0
2827,4.0,4.191704873957474,0.19170487395747404,77.53790531491914,77.52358090085369,410.39507626830965,0.0
2828,4.0,4.19170460000252,0.1917046000025202,77.53791693494446,77.52358047892992,410.3950216142963,0.0
2829,4.0,4.191706022174329,0.19170602217432897,77.53791683738078,77.52358011767343,410.3953053375722,0.0
2830,4.0,4.191705696921903,0.1917056969219031,77.53792940630132,77.52357993876099,410.3952404497132,0.0
2831,4.0,4.191705353448704,0.19170535344870387,77.53794231227072,77.52357978739198,410.39517192681,0.0
2832,4.0,4.191708256998956,0.19170825699895566,77.53794102192579,77.52357963619463,410.3957511850852,0.0
2833,4.0,4.191707438058305,0.19170743805830526,77.53794961822028,77.5235697553885,410.39558780642545,0.0
2834,4.0,4.191707448416274,0.19170744841627396,77.53796253145566,77.5235613534284,410.3955898728402,0.0
2835,4.0,4.191708366353281,0.19170836635328126,77.53797176118078,77.52356582323311,410.39577300127314,0.0
2836,4.0,4.191707470242841,0.19170747024284118,77.53798178496369,77.52355615231092,410.39559422724034,0.0
2837,4.0,4.1917034848667685,0.19170348486676847,77.53798998206406,77.52356111650016,410.39479914471383,0.0
2838,4.0,4.191703339363657,0.1917033393636567,77.53798612115116,77.52355694519979,410.39477011684306,0.0
2839,4.0,4.1917002932633025,0.1917002932633025,77.53799660084717,77.52355638275685,410.3941624198224,0.0
2840,4.0,4.191698929865192,0.19169892986519166,77.53799561124289,77.52355407357562,410.3938904218993,0.0
2841,4.0,4.191698292999169,0.19169829299916863,77.5379942871195,77.52354371297824,410.3937633671277,0.0
2842,4.0,4.191694892061153,0.19169489206115298,77.53801133062387,77.52354312554088,410.3930848799935,0.0
2843,4.0,4.1916926014597715,0.19169260145977152,77.53801438756417,77.52355656210831,410.39262790501795,0.0
2844,4.0,4.191690882248223,0.19169088224822328,77.53800687492239,77.52356748580735,410.3922849223141,0.0
2845,4.0,4.191690477348619,0.19169047734861877,77.53800781232175,77.52359066485512,410.392204144843,0.0
2846,4.0,4.191688527109277,0.1916885271092772,77.53799753447139,77.52359176217429,410.39181507209435,0.0
2847,4.0,4.191687272525722,0.19168727252572193,77.53800423270583,77.5235990153264,410.39156478267506,0.0
2848,4.0,4.191684978233445,0.19168497823344488,77.53800080546883,77.52360455089185,410.3911070713658,0.0
2849,4.0,4.191682455113536,0.19168245511353632,77.53800140633122,77.52358358592295,410.390603708944,0.0
2850,4.0,4.191682962244478,0.191682962244478,77.53799489209256,77.52355462781483,410.39070488156693,0.0
2851,4.0,4.191681042837074,0.19168104283707432,77.53799927323577,77.52356479695477,410.39032195978984,0.0
2852,4.0,4.191677700750597,0.19167770075059742,77.53800662806351,77.52357340354901,410.3896552135377,0.0
2853,4.0,4.191676723655331,0.1916767236553314,77.53800832129247,77.5235801800281,410.3894602830322,0.0
2854,4.0,4.191674432665097,0.19167443266509743,77.5380113854374,77.52358510045705,410.38900323048045,0.0
2855,4.0,4.191672408313381,0.19167240831338095,77.53801606975024,77.52358854796546,410.3885993723131,0.0
2856,4.0,4.191671336702579,0.19167133670257908,77.53799939319785,77.52359464729415,410.3883855859581,0.0
2857,4.0,4.191669616352237,0.1916696163522369,77.53798816461759,77.52357830111343,410.3880423760648,0.0
2858,4.0,4.1916690226824835,0.19166902268248354,77.53798389140219,77.52356471443272,410.38792393894903,0.0
2859,4.0,4.19166968980911,0.19166968980911037,77.5379705269932,77.5235566696663,410.3880570307111,0.0
2860,4.0,4.19166998331259,0.19166998331258966,77.53796673585289,77.52355251589195,410.38811558465517,0.0
2861,4.0,4.191672341783105,0.19167234178310544,77.53795259476263,77.52354354546264,410.3885860995231,0.0
2862,4.0,4.19167368986229,0.19167368986228972,77.53794117234546,77.52354563670124,410.3888550413203,0.0
2863,4.0,4.19167541822922,0.19167541822922018,77.53792353440262,77.52355891837222,410.38919985052297,0.0
2864,4.0,4.1916761310364805,0.1916761310364805,77.53791034884317,77.52357261449124,410.38934205557143,0.0
2865,4.0,4.191678838244531,0.19167883824453114,77.5379069570553,77.52358416204895,410.3898821435775,0.0
2866,4.0,4.19167986977977,0.1916798697797697,77.5379009805868,77.52358422513825,410.3900879348576,0.0
2867,4.0,4.191679905874715,0.1916799058747154,77.5378880270358,77.52357612726222,410.39009513579924,0.0
2868,4.0,4.191682040426529,0.19168204042652892,77.53787475184991,77.52357197565573,410.39052097888606,0.0
2869,4.0,4.191682871865726,0.1916828718657264,77.53787493394739,77.52357886720407,410.39068685100597,0.0
2870,4.0,4.191682696831464,0.19168269683146377,77.53787899079366,77.5235902518328,410.39065193167056,0.0
2871,4.0,4.1916839460443835,0.19168394604438355,77.53787144490103,77.52358985043435,410.3909011496481,0.0
2872,4.0,4.19168531238948,0.19168531238948017,77.53787238003585,77.52360146749398,410.3911737354948,0.0
2873,4.0,4.191686146511462,0.19168614651146232,77.53785858854795,77.52359650370633,410.3913401428303,0.0
2874,4.0,4.1916888338100025,0.19168883381000246,77.53785146980815,77.52358928128368,410.39187625888906,0.0
2875,4.0,4.191688519816113,0.1916885198161129,77.53785563995494,77.52356739810443,410.3918136171081,0.0
2876,4.0,4.191688627061732,0.1916886270617324,77.53785693234933,77.52354600366792,410.39183501260914,0.0
2877,4.0,4.191691362852844,0.19169136285284427,77.53785219282155,77.52355423828176,410.392380802936,0.0
2878,4.0,4.191691792418712,0.1916917924187116,77.53785735160396,77.52356501082772,410.3924665013265,0.0
2879,4.0,4.191692279919085,0.191692279919085,77.53785161005075,77.52356078112896,410.39256375765103,0.0
2880,4.0,4.1916877183593915,0.19168771835939147,77.5378540841818,77.52356454234662,410.3916537264921,0.0
2881,4.0,4.191688802151257,0.1916888021512566,77.53785041731972,77.52357882984958,410.3918699429692,0.0
2882,4.0,4.191688806347021,0.19168880634702123,77.537855254042,77.52359514249144,410.39187078002425,0.0
2883,4.0,4.191690969582461,0.1916909695824609,77.53783981020068,77.52359896181792,410.3923023454945,0.0
2884,4.0,4.191690562455202,0.19169056245520188,77.5378489793468,77.52358111435292,410.3922211236063,0.0
2885,4.0,4.1916932226400565,0.1916932226400565,77.5378456383892,77.5235708604294,410.3927518304848,0.0
2886,4.0,4.19169371481133,0.19169371481133002,77.53784636287683,77.52357011554123,410.3928500186539,0.0
2887,4.0,4.191692301420664,0.19169230142066418,77.53785940286731,77.52356294692477,410.39256804721606,0.0
