Step,Desired Gap (s),Actual Gap (s),Error (s),Ego Speed (km/h),Target Speed (km/h),Incremental Torque (Nm),Incremental Brake Torque (Nm),Vehicle Distance (m)
0,4.0,17.692808987682493,13.692808987682493,40.19124149278798,67.95949144984924,800.0,0.0,197.52665519714355
1,4.0,17.935082494897095,13.935082494897095,39.72648601318141,67.95948678449005,800.0,0.0,197.9160566329956
2,4.0,18.15573895498571,14.155738954985711,39.32208999450764,67.9594870505242,800.0,0.0,198.31155586242676
3,4.0,18.358257906460338,14.358257906460338,38.966890716357184,67.95948122799618,800.0,0.0,198.7122859954834
4,4.0,18.48951043017554,14.489510430175539,38.76902965169465,67.95948221461937,800.0,0.0,199.11677169799805
5,4.0,18.502791655639474,14.502791655639474,38.82000268670392,67.95948501066394,800.0,0.0,199.52178382873535
6,4.0,18.38654292418895,14.386542924188952,39.14408585632403,67.95949753575884,800.0,0.0,199.92344856262207
7,4.0,7.899431843149857,3.8994318431498574,91.06207096028852,67.95950107195118,520.2460273314305,0.0,199.8162841796875
8,4.0,7.8435252443647725,3.8435252443647725,91.56196788980253,67.95950246431468,514.9349004468473,0.0,199.49127960205078
9,4.0,7.788309393756845,3.788309393756845,92.05774503696321,67.95950327652744,509.6893946390942,0.0,199.1595001220703
10,4.0,7.733747180887699,3.7337471808876987,92.54944429462122,67.95950385667977,504.50598441652534,0.0,198.820556640625
11,4.0,7.679841122254829,3.679841122254829,93.03709451743639,67.95950420477097,499.3849088464027,0.0,198.47502899169922
12,4.0,7.626564881064808,3.626564881064808,93.52073130849003,67.95950449569672,494.3236659333507,0.0,198.1227569580078
13,4.0,7.57391055665059,3.57391055665059,94.00026188327598,67.95948828170172,489.321505114,0.0,197.7637710571289
14,4.0,7.521976654440252,3.5219766544402518,94.4742401926115,67.95948142523562,484.38778440401785,0.0,197.39806365966797
15,4.0,7.470956845728111,3.470956845728111,94.94018004436518,67.95947941559545,479.5409025763645,0.0,197.02610778808594
16,4.0,7.420963793953435,3.420963793953435,95.39622853093988,67.9594821862629,474.79156265777027,0.0,196.64776611328125
17,4.0,7.372062466466179,3.372062466466179,95.84102257176185,67.95949088126774,470.145936546481,0.0,196.26277923583984
18,4.0,7.324332222160293,3.324332222160293,96.27353720986186,67.95949883857861,465.6115633374218,0.0,195.8720474243164
19,4.0,7.277789859378025,3.277789859378025,96.69307339813916,67.95949449365838,461.19003887310635,0.0,195.47551918029785
20,4.0,7.232435425805541,3.2324354258055408,97.0991524520526,67.95949767436477,456.8813676837203,0.0,195.07315278053284
21,4.0,7.1882659568903735,3.1882659568903735,97.49149906807878,67.95949658704428,452.6852681367794,0.0,194.66522884368896
22,4.0,7.145262757333171,3.145262757333171,97.8699133268137,67.95949636740454,448.5999641788452,0.0,194.2517352104187
23,4.0,7.103430192703071,3.1034301927030707,98.23428535184665,67.95949141004803,444.6258705389857,0.0,193.8334412574768
24,4.0,7.062736028071365,3.062736028071365,98.58466112928707,67.95948985119986,440.7599248989736,0.0,193.41039943695068
25,4.0,7.023129037445245,3.023129037445245,98.92106086320787,67.9594910405073,436.9972607894922,0.0,192.9820486009121
26,4.0,6.984607977999935,2.984607977999935,99.2436010470003,67.95949564230536,433.33776014218773,0.0,192.54934656620026
27,4.0,6.947135524987458,2.9471355249874582,99.55243012481225,67.95949410825742,429.7778771060025,0.0,192.11228442192078
28,4.0,6.910688467039706,2.910688467039706,99.84771199050779,67.95949300757103,426.315406600966,0.0,191.67123103141785
29,4.0,6.875235238987518,2.8752352389875178,100.12962513736156,67.9594926589578,422.94734993600815,0.0,191.22631311416626
30,4.0,6.8407298964167875,2.8407298964167875,100.39833346977889,67.95949087714257,419.66934239178875,0.0,190.77718925476074
31,4.0,6.807156557615751,2.807156557615751,100.65406100092868,67.95949092722398,416.4798752056903,0.0,190.3244309425354
32,4.0,6.774493607687106,2.7744936076871056,100.89696136148639,67.959495957861,413.376894962469,0.0,189.86828327178955
33,4.0,6.742714321238345,2.7427143212383447,101.12724884965439,67.95950083074632,410.35786274983667,0.0,189.40893030166626
34,4.0,6.711791417462975,2.711791417462975,101.3451026162135,67.95950175891701,407.42018689117657,0.0,188.94644165039062
35,4.0,6.681708950526016,2.6817089505260157,101.5507282752897,67.95950129483153,404.56235253216545,0.0,188.4812250137329
36,4.0,6.6524416811746985,2.6524416811746985,101.74427240871513,67.95950013461882,401.7819619437903,0.0,188.0132884979248
37,4.0,6.623961953289149,2.6239619532891494,101.9259626627564,67.95949885838563,399.0763877946631,0.0,187.54269409179688
38,4.0,6.596245798160131,2.5962457981601306,102.09599252290988,67.95949781419594,396.44335305740634,0.0,187.06951713562012
39,4.0,6.569277865607065,2.5692778656070647,102.2545236551925,67.95949677000714,393.8813994648651,0.0,186.593994140625
40,4.0,6.543039949880095,2.543039949880095,102.40179606416109,67.9594959578609,391.38879747080296,0.0,186.11640071868896
41,4.0,6.517520296787122,2.517520296787122,102.53795565439528,67.95949560979838,388.9644304269706,0.0,185.63700199127197
42,4.0,6.492684112715222,2.4926841127152217,102.66323464586553,67.95949514571521,386.60499294014005,0.0,185.15554237365723
43,4.0,6.468530136597584,2.4685301365975842,102.77779269021714,67.95949491367367,384.3103652089644,0.0,184.67256927490234
44,4.0,6.445039780974897,2.4450397809748967,102.88184362771383,67.95949468163212,382.0787814248091,0.0,184.1882152557373
45,4.0,6.422189813055144,2.4221898130551436,102.97553224130691,67.95949468163212,379.9080344724326,0.0,183.70233726501465
46,4.0,6.399975335366933,2.399975335366933,103.05908152318976,67.95949468163212,377.7976590920525,0.0,183.21543884277344
47,4.0,6.378374691485386,2.3783746914853863,103.13263429322727,67.95949468163214,375.74559792330564,0.0,182.72738456726074
48,4.0,6.357372578776825,2.3573725787768254,103.19638811498336,67.95949468163215,373.7503972159924,0.0,182.23830223083496
49,4.0,6.336966282747348,2.3369662827473476,103.2505187748417,67.95949468163217,371.811799093192,0.0,181.74862670898438
50,4.0,6.3171308874170915,2.3171308874170915,103.29517402728669,67.95949468163218,369.92743653681765,0.0,181.25809288024902
51,4.0,6.29786625921969,2.29786625921969,103.33058038475436,67.95949468163221,368.0972968580645,0.0,180.76727104187012
52,4.0,6.279148533884937,2.2791485338849373,103.35684341587361,67.95949468163222,366.319112951263,0.0,180.27582550048828
53,4.0,6.2609801299802434,2.2609801299802434,103.37419621457748,67.95949468163224,364.5931145803171,0.0,179.78438568115234
54,4.0,6.243331588038687,2.2433315880386866,103.38280337133403,67.95949468163221,362.9165030958692,0.0,179.29253387451172
55,4.0,6.226201122667682,2.226201122667682,103.38279886995996,67.95949468163231,361.2891088856237,0.0,178.8005828857422
56,4.0,6.209573901828577,2.209573901828577,103.37438489609269,67.95949468163225,359.7095229059088,0.0,178.30857849121094
57,4.0,6.193441588514248,2.193441588514248,103.3576925517647,67.95949468163238,358.17695314104753,0.0,177.81661987304688
58,4.0,6.177809214109338,2.177809214109338,103.33290583419834,67.95949468163232,356.69187757258106,0.0,177.3252716064453
59,4.0,6.162660387871501,2.162660387871501,103.30023501056439,67.95949468163234,355.25273907998655,0.0,176.8345184326172
60,4.0,6.147966768679768,2.147966768679768,103.25979279724214,67.95949468163234,353.8568452567719,0.0,176.3438262939453
61,4.0,6.1337429517505235,2.1337429517505235,103.21180618435085,67.9594830019955,352.5055826484937,0.0,175.8540802001953
62,4.0,6.119975526369013,2.1199755263690134,103.15640581158299,67.95947395323716,351.1976772372502,0.0,175.3651885986328
63,4.0,6.106646931236063,2.106646931236063,103.09379645828876,67.95948077042705,349.93146069961995,0.0,174.87705993652344
64,4.0,6.093751399392544,2.093751399392544,103.02414100459552,67.95948163930785,348.7063851744856,0.0,174.38986206054688
65,4.0,6.081284820197096,2.081284820197096,102.94760555503952,67.95948773233741,347.5220601509181,0.0,173.90380859375
66,4.0,6.069228816652713,2.0692288166527133,102.86433059021566,67.95948725826318,346.3767398142017,0.0,173.4186553955078
67,4.0,6.057585607101556,2.057585607101556,102.77451814542617,67.95948120154645,345.2706349068418,0.0,172.93484497070312
68,4.0,6.04633685809886,2.0463368580988597,102.6783057381498,67.95948193944095,344.2020037515856,0.0,172.45211791992188
69,4.0,6.035485163431311,2.0354851634313107,102.57585080083206,67.95948757203406,343.17109275816847,0.0,171.97084045410156
70,4.0,6.025024303524271,2.0250243035242708,102.4673185725864,67.95949625183381,342.17731106699966,0.0,171.4911346435547
71,4.0,6.014935883517772,2.014935883517772,102.35286539604948,67.95949225859981,341.2189111663823,0.0,171.01275634765625
72,4.0,6.005224493078314,2.0052244930783143,102.2326332741932,67.95948092003152,340.29632907463383,0.0,170.5360870361328
73,4.0,5.995877024552172,1.995877024552172,102.10681253976321,67.95948052926444,339.4083195646503,0.0,170.0610809326172
74,4.0,5.986879089345158,1.986879089345158,101.97553493947113,67.95948370003852,338.5535157199839,0.0,169.58755493164062
75,4.0,5.978238748325646,1.978238748325646,101.8389280133089,67.95948649230955,337.73268332313035,0.0,169.11595153808594
76,4.0,5.969964902734128,1.9699649027341284,101.69715438440173,67.9594880447627,336.9466679919361,0.0,168.64678955078125
77,4.0,5.962025741659392,1.9620257416593923,101.5503919741344,67.95947969898188,336.1924476898362,0.0,168.17945861816406
78,4.0,5.9544221915270015,1.9544221915270015,101.39876817915342,67.95947678967431,335.4701104272591,0.0,167.7141876220703
79,4.0,5.947161468507989,1.9471614685079892,101.24244427573505,67.95947551052531,334.7803417404529,0.0,167.25143432617188
80,4.0,5.940220056546212,1.9402200565462122,101.08154358475777,67.95947717127565,334.1209076040841,0.0,166.7907257080078
81,4.0,5.93359155306408,1.9335915530640797,100.91624971650606,67.95947107120072,333.49119977328155,0.0,166.33216857910156
82,4.0,5.927268614437793,1.9272686144377928,100.74667112817357,67.95947396364241,332.89052060378424,0.0,165.87571716308594
83,4.0,5.921257078028994,1.9212570780289937,100.57298095559581,67.95947798098047,332.31942464494836,0.0,165.4217987060547
84,4.0,5.915555685910658,1.9155556859106584,100.39530830209884,67.9594786938257,331.7777923937065,0.0,164.97056579589844
85,4.0,5.91014919399528,1.91014919399528,100.21379797251294,67.95948497208747,331.2641756617455,0.0,164.5218048095703
86,4.0,5.905028263356316,1.905028263356316,100.02857830447073,67.95948267063498,330.777687251044,0.0,164.075439453125
87,4.0,5.900199690053801,1.9001996900538014,99.83980290750979,67.95948396408711,330.3189727873051,0.0,163.6318817138672
88,4.0,5.8956450775245095,1.8956450775245095,99.6476064011459,67.95948529662513,329.8862845970224,0.0,163.19081115722656
89,4.0,5.891362221969172,1.891362221969172,99.45212878261262,67.95948989205678,329.4794133192653,0.0,162.7523651123047
90,4.0,5.887345816568684,1.8873458165686836,99.25348875751558,67.95948887097467,329.0978548062189,0.0,162.31655883789062
91,4.0,5.883595427718517,1.8835954277185172,99.05181683717089,67.95949009753335,328.7415678654531,0.0,161.88356018066406
92,4.0,5.880106969620463,1.8801069696204626,98.84725932691833,67.95948933478175,328.4101643461379,0.0,161.45346069335938
93,4.0,5.876866529071476,1.876866529071476,98.63992241097488,67.95948479164458,328.10232249398416,0.0,161.02601623535156
94,4.0,5.87388505265107,1.8738850526510697,98.429952929893,67.95948251351298,327.8190822340456,0.0,160.6017303466797
95,4.0,5.871143804470501,1.8711438044705009,98.21745418130293,67.95948599874994,327.55866365689155,0.0,160.1802215576172
96,4.0,5.868645612400208,1.8686456124002078,98.00256061603535,67.95948483468105,327.3213354102137,0.0,159.76174926757812
97,4.0,5.866381185055267,1.8663811850552667,97.78539457803353,67.95948371387567,327.10621481244425,0.0,159.34622192382812
98,4.0,5.86434831169189,1.8643483116918897,97.56608175467245,67.95947906615729,326.91309184292345,0.0,158.93374633789062
99,4.0,5.862537569823082,1.8625375698230817,97.34473676573708,67.9594828493257,326.7410713653867,0.0,158.5242156982422
100,4.0,5.860938876738796,1.8609388767387962,97.12147499500729,67.95948075604554,344.2681148513982,0.0,158.1175079345703
101,4.0,5.859046139884631,1.8590461398846312,96.90501696362331,67.95948349388591,344.0883048502525,0.0,157.7141571044922
102,4.0,5.856287374094867,1.856287374094867,96.70460270662294,67.95948324969969,343.82622210022487,0.0,157.31387329101562
103,4.0,5.85293610458874,1.85293610458874,96.51543002095086,67.95948391505928,343.50785149714284,0.0,156.91629028320312
104,4.0,5.84919479570878,1.8491947957087804,96.33394767498855,67.95948169738665,343.1524271535467,0.0,156.5211181640625
105,4.0,5.845219306430188,1.845219306430188,96.15754186463194,67.9594866577694,342.7747556720804,0.0,156.12831115722656
106,4.0,5.841134201558069,1.8411342015580692,95.98423002321674,67.9594807382581,342.38667070922907,0.0,155.7379913330078
107,4.0,5.8370183888750455,1.8370183888750455,95.81260068929812,67.95948748562026,341.9956685043419,0.0,155.3499755859375
108,4.0,5.832940519171023,1.8329405191710233,95.6415573001356,67.95948190349887,341.60827088245975,0.0,154.9643096923828
109,4.0,5.82894004070484,1.8289400407048397,95.47033579879098,67.95948399562278,341.2282254281723,0.0,154.58079528808594
110,4.0,5.825065272971232,1.8250652729712318,95.29836902369158,67.95948726544269,340.86012249347954,0.0,154.1997833251953
111,4.0,5.821371042969996,1.8213710429699956,95.12526139480542,67.95948640700108,340.50917064336215,0.0,153.8220672607422
112,4.0,5.817835980378365,1.8178359803783648,94.95075246463176,67.95948330883483,340.1733396971572,0.0,153.44664001464844
113,4.0,5.814468639317978,1.8144686393179779,94.7746578933626,67.95948052085096,339.85344229642044,0.0,153.0734100341797
114,4.0,5.811279686777896,1.8112796867778957,94.59688270070077,67.95948129232713,339.55049180511264,0.0,152.70248413085938
115,4.0,5.808282488814889,1.8082824888148892,94.41734617148384,67.9594819000137,339.265757998627,0.0,152.3340606689453
116,4.0,5.805487280121166,1.8054872801211657,94.23603916630513,67.95947563587978,339.00021317272325,0.0,151.96836853027344
117,4.0,5.8028826192545155,1.8028826192545155,94.0529741769514,67.95948501410719,338.75277039039145,0.0,151.6051025390625
118,4.0,5.800460042677143,1.8004600426771429,93.86819966848346,67.95948035280989,338.5226256155411,0.0,151.2440948486328
119,4.0,5.798231915077072,1.7982319150770723,93.681749028981,67.95948437273037,338.3109534935344,0.0,150.8856964111328
120,4.0,5.796197211514262,1.7961972115142624,93.49374091755871,67.95947773580359,338.11765665506744,0.0,150.53004455566406
121,4.0,5.794341988877411,1.7943419888774113,93.30432224010853,67.959488787531,354.987659398902,0.0,150.17698669433594
122,4.0,5.792151148574789,1.7921511485747894,93.12175193906845,67.95949125382536,354.77952957015293,0.0,149.8264617919922
123,4.0,5.789089965842959,1.789089965842959,92.9544489126128,67.95948746886181,354.48871721062903,0.0,149.47824096679688
124,4.0,5.7854455427856335,1.7854455427856335,92.79775658021309,67.95947889506795,354.1424970201831,0.0,149.13232421875
125,4.0,5.781415607988112,1.7814156079881123,92.64827930165194,67.95948404271557,353.75965321441856,0.0,148.78839111328125
126,4.0,5.777157339341454,1.7771573393414544,92.50354251078228,67.95948497215028,353.3551176929861,0.0,148.446533203125
127,4.0,5.772775796980399,1.7727757969803992,92.36172535814389,67.95948514487431,352.93887116868586,0.0,148.10653686523438
128,4.0,5.768355475415923,1.7683554754159232,92.2215126221567,67.95948597937243,352.5189406200606,0.0,147.76846313476562
129,4.0,5.763962916265007,1.7639629162650072,92.08193742206086,67.95948841617017,352.10164750072363,0.0,147.43246459960938
130,4.0,5.759633506370801,1.7596335063708013,91.94232389434545,67.95948594061626,351.69035356077404,0.0,147.09835815429688
131,4.0,5.755410565510163,1.7554105655101626,91.80217645546192,67.9594801549835,351.28917417901334,0.0,146.76644897460938
132,4.0,5.751300629185662,1.7513006291856623,91.66114922251172,67.95948895037321,350.89873022818585,0.0,146.43634033203125
133,4.0,5.747329468705803,1.7473294687058027,91.51900073199724,67.95948957232467,350.5214699825992,0.0,146.10829162597656
134,4.0,5.743499577655439,1.743499577655439,91.37557495670795,67.95948699481802,350.1576303328146,0.0,145.7821044921875
135,4.0,5.739821940677169,1.739821940677169,91.23080103858034,67.95948511293375,349.808254819879,0.0,145.4579315185547
136,4.0,5.736302974973529,1.7363029749735288,91.08461474450175,67.9594846654782,349.47395307803316,0.0,145.1358184814453
137,4.0,5.732957147460273,1.7329571474602732,90.937006933349,67.9594833788671,349.1560994642739,0.0,144.81610107421875
138,4.0,5.7297733125518615,1.7297733125518615,90.78799253011641,67.95948455016797,348.8536351479747,0.0,144.49850463867188
139,4.0,5.726744701848326,1.7267447018483262,90.63748752363907,67.95948898781,348.5659171311389,0.0,144.18270874023438
140,4.0,5.72388902231439,1.7238890223143901,90.48536582724546,67.95948900445828,348.294627575415,0.0,143.8689422607422
141,4.0,5.721225096382373,1.7212250963823728,90.33150485293429,67.9594915670534,348.0415546118734,0.0,143.55746459960938
142,4.0,5.718763343767696,1.7187633437676961,90.17586861087727,67.95949199017184,347.80768811347906,0.0,143.2484588623047
143,4.0,5.716496525717777,1.716496525717777,90.01846038904746,67.95948774634357,347.5923403987367,0.0,142.9417266845703
144,4.0,5.714407389259477,1.7144073892594767,89.85925788065057,67.95947859975834,347.3938724351982,0.0,142.63677978515625
145,4.0,5.712504887095792,1.7125048870957924,89.6983257171339,67.95947414697541,363.4819311570582,0.0,142.33392333984375
146,4.0,5.7103078699686005,1.7103078699686005,89.54328954235073,67.9594750485809,363.273214529975,0.0,142.03326416015625
147,4.0,5.707318119982884,1.707318119982884,89.40179141667652,67.95947444141039,362.98918828133196,0.0,141.7345733642578
148,4.0,5.703809964714006,1.7038099647140061,89.26941328566848,67.9594760562157,362.65591353078855,0.0,141.43771362304688
149,4.0,5.699981071369479,1.6999810713694794,89.14299622247724,67.95947760166375,362.2921686630585,0.0,141.14260864257812
150,4.0,5.695966489395526,1.6959664893955262,89.02025625122408,67.95948324507192,361.9107833755329,0.0,140.8489990234375
151,4.0,5.691888947237312,1.6918889472373122,88.89952317578296,67.9594828607744,361.5234168705026,0.0,140.55728149414062
152,4.0,5.6878093616321035,1.6878093616321035,88.77963398475855,67.95948028860109,361.1358562380078,0.0,140.26712036132812
153,4.0,5.683793691535918,1.683793691535918,88.65974511031166,67.9594856005433,360.7543675788702,0.0,139.9788055419922
154,4.0,5.6798809116374995,1.6798809116374995,88.53924337886417,67.95948173161204,360.3826534885204,0.0,139.69232177734375
155,4.0,5.67609092121642,1.67609092121642,88.4177273218553,67.95948334434918,360.02260439851784,0.0,139.4075164794922
156,4.0,5.672439053607811,1.6724390536078113,88.29490602036172,67.95948246943703,359.6756769757,0.0,139.12429809570312
157,4.0,5.668947859195439,1.6689478591954394,88.17058054562237,67.959487675808,359.3440135065247,0.0,138.8428955078125
158,4.0,5.665617154781378,1.665617154781378,88.04464519391165,67.95948529395494,359.0275965871889,0.0,138.56312561035156
159,4.0,5.662456474651046,1.6624564746510462,87.91702770732847,67.9594884038315,358.7273319748073,0.0,138.28509521484375
160,4.0,5.659484426898576,1.659484426898576,87.78768107473748,67.95948736831869,358.44498743832264,0.0,138.00917053222656
161,4.0,5.656691195987212,1.6566911959872117,87.65661223835188,67.95948168418936,358.1796305017431,0.0,137.735107421875
162,4.0,5.654075569707095,1.6540755697070946,87.52384984611673,67.95948485840746,357.93114600513195,0.0,137.46290588378906
163,4.0,5.65163012696416,1.65163012696416,87.38940217772182,67.9594836886554,357.69882894455316,0.0,137.1923828125
164,4.0,5.649358275628044,1.6493582756280443,87.25334324343532,67.95948548534774,357.4830030676221,0.0,136.92372131347656
165,4.0,5.647264174587128,1.6472641745871277,87.11571676112733,67.95948756171326,357.2840634687351,0.0,136.65707397460938
166,4.0,5.645340343865283,1.645340343865283,86.97656165478939,67.95948111323598,372.73203281688006,0.0,136.39230346679688
167,4.0,5.64311994847838,1.6431199484783798,86.84309204513083,67.9594828880304,372.52109525512424,0.0,136.1294403076172
168,4.0,5.640130387665327,1.6401303876653266,86.72238437778215,67.95948070616912,372.2370869778842,0.0,135.8682098388672
169,4.0,5.636642428442422,1.6366424284424221,86.61025859760127,67.95948524314561,371.90573085170826,0.0,135.60862731933594
170,4.0,5.632836395534207,1.6328363955342073,86.50376574844277,67.95948376952812,371.54415772542785,0.0,135.35043334960938
171,4.0,5.628855149881415,1.6288551498814154,86.40073556556926,67.95948866987175,371.16593938841265,0.0,135.0936737060547
172,4.0,5.624795551005894,1.624795551005894,86.29965036106753,67.95948255738148,370.78027749523807,0.0,134.8383026123047
173,4.0,5.6207223828142885,1.6207223828142885,86.19939930636039,67.95948094555872,370.3933265170356,0.0,134.58413696289062
174,4.0,5.616701741988714,1.616701741988714,86.09921477652006,67.95948481900405,370.011365638606,0.0,134.33155822753906
175,4.0,5.61275917984332,1.6127591798433203,85.99854185051346,67.95948420495908,369.6368222347936,0.0,134.08030700683594
176,4.0,5.608920308330997,1.6089203083309966,85.89699147039137,67.95948114460221,369.27212944112284,0.0,133.83038330078125
177,4.0,5.605207975027454,1.6052079750274544,85.79430595992474,67.95948914202506,368.9194577772863,0.0,133.58192443847656
178,4.0,5.601630795678024,1.601630795678024,85.69028957791822,67.95948555338973,368.57962573909043,0.0,133.33482360839844
179,4.0,5.598200287029265,1.5982002870292646,85.58484973844044,67.95948884195344,368.2537274174583,0.0,133.08920288085938
180,4.0,5.5949172667354325,1.5949172667354325,85.47791089655519,67.95948565594522,367.94184048954423,0.0,132.84495544433594
181,4.0,5.591786938341926,1.5917869383419259,85.36945837338608,67.95948729777263,367.6444592921611,0.0,132.6021728515625
182,4.0,5.588832746081948,1.5888327460819482,85.25946521611911,67.95948352543697,367.36381102746327,0.0,132.36135864257812
183,4.0,5.5860432635324555,1.5860432635324555,85.14795621821712,67.95948021527435,367.0988101852614,0.0,132.1222686767578
184,4.0,5.583416021747844,1.5834160217478441,85.03496673968012,67.95948509917176,366.84922221572333,0.0,131.8848876953125
185,4.0,5.580944248762318,1.580944248762318,84.92051900249871,67.95948878151681,366.61440378209835,0.0,131.64907836914062
186,4.0,5.578624348184166,1.5786243481841664,84.80467530810944,67.95949279420627,366.39401322717396,0.0,131.4148406982422
187,4.0,5.5764590863502725,1.5764590863502725,84.6874506210555,67.95948557812467,366.1883133529541,0.0,131.1822509765625
188,4.0,5.574436600868038,1.5744366008680384,84.56892465389411,67.95949037679416,380.95332494038814,0.0,130.95114135742188
189,4.0,5.5720986238639805,1.5720986238639805,84.45585330788793,67.95948829577681,380.7312171250027,0.0,130.72120666503906
190,4.0,5.56903008837875,1.5690300883787502,84.35477714018738,67.95948514851827,380.4397062539058,0.0,130.49285888671875
191,4.0,5.565470356384404,1.5654703563844041,84.26175595269851,67.95948651069612,380.1015317144429,0.0,130.26564025878906
192,4.0,5.561613167453444,1.5616131674534444,84.17398653236836,67.95948737792895,379.7350987660017,0.0,130.03976440429688
193,4.0,5.55864544648781,1.5586454464878097,84.08945610243349,67.95948364654049,379.45316527426644,0.0,129.83985340595237
194,4.0,5.554534511815532,1.5545345118155316,84.00678073043683,67.9594878580005,379.0626264804,0.0,129.61626744270316
195,4.0,5.550403765680028,1.550403765680028,83.92499138787899,67.95948902540076,378.6702055975272,0.0,129.39377450942985
196,4.0,5.5463055963903685,1.5463055963903685,83.84332979385763,67.95948822842082,378.2808795150095,0.0,129.17242479324332
197,4.0,5.542266857170858,1.5422668571708584,83.76127304965405,67.95948700928702,377.89719928915605,0.0,128.95203542709342
198,4.0,5.538351281567552,1.538351281567552,83.67846779627892,67.9594864034697,377.5252196068419,0.0,128.73354148864738
199,4.0,5.5345400673433085,1.5345400673433085,83.59462878372435,67.95948183855116,377.1631542555388,0.0,128.51606178283683
200,4.0,5.530864786199854,1.5308647861998539,83.50959012136765,67.95948345333764,376.8140025469106,0.0,128.30006980895988
201,4.0,5.527322222444676,1.5273222224446759,83.42326757408726,67.95947796700192,376.4774589901687,0.0,128.0853557586669
202,4.0,5.523914621111391,1.5239146211113912,83.33558565335316,67.95947448981941,376.15373686350665,0.0,127.87185001373284
203,4.0,5.52064190749438,1.5206419074943804,83.24650773252317,67.95946995775105,375.8428290698906,0.0,127.65948867797844
204,4.0,5.51750630387693,1.5175063038769299,83.15603859123422,67.95947005596443,375.54494672623287,0.0,127.44832420349114
205,4.0,5.514499113856663,1.5144991138566626,83.06417662919274,67.95946927185759,375.2592636743075,0.0,127.23814678192132
206,4.0,5.511626148605102,1.5116261486051021,82.97094128672865,67.95947156508757,374.9863319754092,0.0,127.02911376953118
207,4.0,5.508896307048904,1.5088963070489037,82.87636725951982,67.95947894966946,374.72699702757035,0.0,126.82147598266594
208,4.0,5.506299713869261,1.5062997138692609,82.78047434009946,67.95947673311329,374.4803206755043,0.0,126.61502838134759
209,4.0,5.503830605265352,1.5038306052653523,82.68330930249459,67.95947881930712,374.24575535813295,0.0,126.40970230102532
210,4.0,5.50149198678491,1.5014919867849104,82.58492567936389,67.95947648880983,374.023586602491,0.0,126.20564079284661
211,4.0,5.499290654186132,1.4992906541861322,82.48535309752896,67.95948279414448,373.8144600056071,0.0,126.00303649902337
212,4.0,5.497215318429986,1.4972153184299861,82.38462812535992,67.95948858329857,387.84084863385806,0.0,125.80167770385735
213,4.0,5.4948646861262365,1.4948646861262365,82.28909794360634,67.95949028883368,387.61753856500184,0.0,125.60207176208489
214,4.0,5.491798625391317,1.4917986253913167,82.20481992180672,67.95948883117028,387.32626279518445,0.0,125.40342140197747
215,4.0,5.488281753986616,1.488281753986616,82.12803891617847,67.9594843182162,386.99216001173784,0.0,125.20606040954583
216,4.0,5.4844828934248016,1.4844828934248016,82.05614688753327,67.95948580583921,386.6312682583655,0.0,125.00987052917473
217,4.0,5.480515579169961,1.4805155791699613,81.98726649191326,67.95948200936846,386.2543734041557,0.0,124.81458091735833
218,4.0,5.476490613522301,1.4764906135223006,81.92007898303906,67.95948150435851,385.87200166762796,0.0,124.62070655822747
219,4.0,5.472457109433528,1.4724571094335284,81.85364182320389,67.95948444105994,385.48881877919456,0.0,124.42792892456048
220,4.0,5.468435863133781,1.4684358631337808,81.78727741925918,67.95948844848009,385.10680038071854,0.0,124.23568916320794
221,4.0,5.464483242571462,1.464483242571462,81.72054047267511,67.9594810300771,384.73130142729826,0.0,124.0445899963378
222,4.0,5.460608132400899,1.4606081324008988,81.65308229752995,67.95947778463042,384.36316596109475,0.0,123.85430145263663
223,4.0,5.456828283268551,1.4568282832685506,81.5846703005082,67.95947212235801,384.00408029352167,0.0,123.66487121582023
224,4.0,5.453131750502195,1.4531317505021946,81.51517236080039,67.95947212182689,383.6529096807178,0.0,123.47582626342765
225,4.0,5.449565490460486,1.4495654904604862,81.44449752642679,67.95947741254234,383.31411497675555,0.0,123.28808975219718
226,4.0,5.446119600962127,1.4461196009621267,81.37257460913625,67.95947712292559,382.9867554744114,0.0,123.10132598876945
227,4.0,5.442780694280297,1.4427806942802972,81.29937133195239,67.95947575585777,382.6695593396376,0.0,122.91518020629874
228,4.0,5.439591243185824,1.4395912431858244,81.22490427357334,67.95947687417309,382.3665614856627,0.0,122.73063278198234
229,4.0,5.436526797714739,1.4365267977147393,81.14915834868248,67.95947638118933,382.0754391659096,0.0,122.54710388183585
230,4.0,5.433587747648697,1.433587747648697,81.07214091524688,67.95947717131912,381.79622940963554,0.0,122.36460876464835
231,4.0,5.430769921037483,1.4307699210374833,80.99390734893092,67.9594818709645,381.5285358815703,0.0,122.18313217163077
232,4.0,5.428062756678551,1.4280627566785506,80.91446157087964,67.95948505795255,381.2713552674717,0.0,122.00243759155265
233,4.0,5.42549452721866,1.4254945272186603,80.83385872788189,67.95948454359063,381.0273734687821,0.0,121.82323837280265
234,4.0,5.423047065420015,1.4230470654200147,80.75212065865375,67.95948680148918,380.79486459791076,0.0,121.64515304565421
235,4.0,5.420719742792494,1.4207197427924942,80.66928850911772,67.95948605450141,380.57376894829633,0.0,121.46822357177726
236,4.0,5.418508029787355,1.418508029787355,80.58540079593138,67.95948878990875,380.3636562128081,0.0,121.29240036010734
237,4.0,5.416415814281695,1.4164158142816952,80.50047734205178,67.95948808675901,393.6208459754465,0.0,121.11779403686515
238,4.0,5.414039970919515,1.4140399709195153,80.42046959008177,67.95948989953455,393.3951408560394,0.0,120.94434356689445
239,4.0,5.410988482021958,1.410988482021958,80.35094361040689,67.95948773947323,393.1052494107715,0.0,120.7716751098632
240,4.0,5.40752295708989,1.4075229570898902,80.2883926789224,67.95947480052035,392.77602454222506,0.0,120.60036849975577
241,4.0,5.403794666712279,1.4037946667122787,80.23035637491787,67.95947428100695,392.42183695635197,0.0,120.43010330200187
242,4.0,5.399905554933492,1.3999055549334916,80.17511847617587,67.95947355422739,392.05237133736716,0.0,120.26057434082023
243,4.0,5.395944025045182,1.395944025045182,80.12139287227699,67.95947279890939,391.6760259979777,0.0,120.09181976318351
244,4.0,5.391960357998142,1.3919603579981423,80.06837804070804,67.95947158079072,391.297577628509,0.0,119.92375564575187
245,4.0,5.387997188939002,1.3879971889390017,80.01542899450483,67.95947373346591,390.9210765678906,0.0,119.75636291503898
246,4.0,5.384087745222396,1.3840877452223959,79.96212442103553,67.9594753135928,390.54967941481306,0.0,119.58974838256827
247,4.0,5.380253447360579,1.3802534473605794,79.90813679108253,67.95947502096598,390.1854211179405,0.0,119.4238967895507
248,4.0,5.376487147816475,1.3764871478164746,79.85328698832186,67.95948039075432,389.82762266125053,0.0,119.25838088989249
249,4.0,5.372819176249789,1.3728191762497888,79.7974264310888,67.95947923847045,389.4791653624154,0.0,119.09365081787101
250,4.0,5.369252342930177,1.369252342930177,79.7404555536243,67.9594785234393,389.14031619705224,0.0,118.92961883544913
251,4.0,5.365791451860471,1.3657914518604706,79.68233729490962,67.95948117645133,388.81153154543017,0.0,118.76633453369132
252,4.0,5.3624426434158625,1.3624426434158625,79.62302267907009,67.959473216532,388.4933947431924,0.0,118.60385894775382
253,4.0,5.359205467083446,1.359205467083446,79.56254037313884,67.95947726456363,388.1858629916128,0.0,118.44222259521476
254,4.0,5.356073980664576,1.3560739806645756,79.50085204303409,67.9594756010859,387.8883717818202,0.0,118.28123474121085
255,4.0,5.353056547071792,1.353056547071792,79.43800957215242,67.95947920152648,387.6017155905057,0.0,118.12115478515616
256,4.0,5.350160890235532,1.3501608902355322,79.37401337602283,67.95947755254261,387.326628191061,0.0,117.96215057373038
257,4.0,5.347382088524392,1.347382088524392,79.30889272017714,67.95946093048117,387.0626420285027,0.0,117.80415344238273
258,4.0,5.344718246131766,1.344718246131766,79.242693646573,67.95946454076403,386.80957700120325,0.0,117.64718627929679
259,4.0,5.342152256531687,1.342152256531687,79.1754204238108,67.95946102401791,386.5658079891957,0.0,117.49087524414054
260,4.0,5.339698279626091,1.3396982796260906,79.10710717835238,67.95946668615949,386.33268018316403,0.0,117.33557891845695
261,4.0,5.337355747700025,1.337355747700025,79.03781664320834,67.95947530836332,386.1101396501879,0.0,117.18137359619132
262,4.0,5.335119198812897,1.3351191988128974,78.96755549620617,67.95948795093028,385.8976675059107,0.0,117.0281448364257
263,4.0,5.332992424175857,1.332992424175857,78.89635817079629,67.95943177397375,398.3590519450625,0.0,116.8760223388671
264,4.0,5.330593888102457,1.3305938881024568,78.82977186837486,67.95941969160931,398.13119101808945,0.0,116.72486114501945
265,4.0,5.327559919131127,1.3275599191311267,78.7729014155068,67.95942640833925,397.84296396581317,0.0,116.5742645263671
266,4.0,5.324131628815183,1.3241316288151834,78.72246673166596,67.95943599278758,397.5172763857985,0.0,116.42465972900382
267,4.0,5.320439381193693,1.320439381193693,78.67619018729428,67.95944444779745,397.1665128617569,0.0,116.27552795410148
268,4.0,5.31659522678215,1.31659522678215,78.6324524539262,67.95929015088721,396.80131819266035,0.0,116.12692260742179
269,4.0,5.311785347902379,1.3117853479023793,78.59010709843632,67.95925725068959,396.34437969908214,0.0,115.95938315987578
270,4.0,5.307850377619005,1.3078503776190047,78.54833718485409,67.95927991742523,395.9705575221615,0.0,115.81189477443687
271,4.0,5.303954911779511,1.3039549117795106,78.50650970827951,67.95931797280993,395.6004882674096,0.0,115.66527438163749
272,4.0,5.3000874042382335,1.3000874042382335,78.46427380370447,67.95937161084576,395.2330750509883,0.0,115.51875257492057
273,4.0,5.29630265605821,1.2963026560582103,78.42135608822406,67.95914539964784,394.8735239738861,0.0,115.3731212615966
274,4.0,5.292598913277238,1.2925989132772377,78.37758669747687,67.95910112366869,394.5216684096937,0.0,115.22809171676627
275,4.0,5.288975596296254,1.288975596296254,78.33285337499676,67.95911934595686,394.1774532965002,0.0,115.08348608016959
276,4.0,5.285453444985045,1.2854534449850448,78.28706951148331,67.959190889813,393.84284892193534,0.0,114.93962812423698
277,4.0,5.282023589123115,1.2820235891231153,78.2402175304484,67.95928705155826,393.51701261505207,0.0,114.79629850387565
278,4.0,5.278717886497058,1.2787178864970583,78.19222296951042,67.95939136333965,393.2029708655766,0.0,114.65407943725577
279,4.0,5.275506927462795,1.2755069274627946,78.1431348290183,67.95898862791653,392.89792975732155,0.0,114.51240253448478
280,4.0,5.272415491499399,1.272415491499399,78.09291720101315,67.95892592402512,392.60424334079903,0.0,114.37175178527824
281,4.0,5.269415467488227,1.2694154674882272,78.04161386540005,67.95896259878087,392.3192410597377,0.0,114.23157978057853
282,4.0,5.26652195841942,1.2665219584194203,77.98923666855282,67.95906756051257,392.044357698201,0.0,114.09222984313956
283,4.0,5.2625834565579,1.2625834565579002,77.93582831417525,67.95919803667871,391.6702000213566,0.0,113.9288335442543
284,4.0,5.25988931991503,1.2598893199150298,77.88132700770178,67.95865810097958,391.4142570402839,0.0,113.79087781906128
285,4.0,5.257302875289646,1.2573028752896462,77.8257576788373,67.9585934239246,391.1685448008725,0.0,113.6537721157074
286,4.0,5.254794792467114,1.2547947924671137,77.76914279499888,67.95869019703434,390.9302769327319,0.0,113.5169129371643
287,4.0,5.252405248930883,1.2524052489308826,77.71155746920016,67.95888011295439,390.7032702967899,0.0,113.38127565383911
288,4.0,5.250106616127394,1.2501066161273942,77.65303118944624,67.95910103011504,390.48490018045857,0.0,113.24630355834961
289,4.0,5.24789353028579,1.2478935302857899,77.59360548804109,67.95838888142423,390.27465702550614,0.0,113.11193895339966
290,4.0,5.245789341823907,1.2457893418239072,77.53333362312189,67.95828654428006,401.9097578689544,0.0,112.978759765625
291,4.0,5.243428088210026,1.2434280882100257,77.47729841063176,67.95839963533255,401.68543877563565,0.0,112.84628963470459
292,4.0,5.240496014928734,1.240496014928734,77.4302491711187,67.95864424323152,401.4068918139129,0.0,112.71469783782959
293,4.0,5.2326302803432325,1.2326302803432325,77.38908456342844,67.95892678484557,400.6596470282903,0.0,112.48568534851074
294,4.0,5.224937817994805,1.224937817994805,77.35155314471083,67.95921068227638,399.92886310518963,0.0,112.26584869623184
295,4.0,5.221297379910383,1.221297379910383,77.31581182014057,67.95824842767954,399.5830214871696,0.0,112.13579046726227
296,4.0,5.217631794510179,1.2176317945101793,77.28075075283299,67.95807554339291,399.23479087415024,0.0,112.0062506198883
297,4.0,5.213977815391885,1.2139778153918854,77.24586080258187,67.95816417441596,398.88766285791235,0.0,111.87727904319763
298,4.0,5.210343805712305,1.2103438057123048,77.21070391123335,67.95842487752132,398.54243193835214,0.0,111.74842023849487
299,4.0,5.206783786373318,1.2067837863733182,77.1749925472393,67.95876202236647,398.2042301011484,0.0,111.62041664123535
300,4.0,5.2032879680618205,1.2032879680618205,77.1385962532454,67.95755327610439,397.8721273615562,0.0,111.49286937713623
301,4.0,5.199867060967525,1.1998670609675246,77.10137335619298,67.9574518776173,397.5471411875981,0.0,111.36580324172974
302,4.0,5.1965380756375845,1.1965380756375845,77.06320139415783,67.95766827804356,397.23088758125374,0.0,111.23940563201904
303,4.0,5.193280867757054,1.1932808677570543,77.02409209540983,67.95808940753783,396.92145283260334,0.0,111.11326217651367
304,4.0,5.190121447930257,1.1901214479302569,76.98396412503755,67.95859368578948,396.6213079490576,0.0,110.98781204223633
305,4.0,5.187048963086533,1.187048963086533,76.94283459086208,67.95716828114446,396.3294218889039,0.0,110.86284732818604
306,4.0,5.175799989488785,1.1757999894887847,76.90071507882857,67.95703568857567,395.26076939711777,0.0,110.56186674907804
307,4.0,5.172928798646082,1.1729287986460823,76.85723243696188,67.95730796662205,394.988006267061,0.0,110.43805307149887
308,4.0,5.170188248549264,1.1701882485492643,76.81217018771999,67.95782236919932,394.7276540078633,0.0,110.31482768058777
309,4.0,5.167574213631897,1.1675742136318972,76.7656581716991,67.95843212563356,394.47932069071345,0.0,110.19228768348694
310,4.0,5.165069680587896,1.1650696805878962,76.71792641953093,67.95899741439298,394.24139005153336,0.0,110.07039880752563
311,4.0,5.162669798450041,1.1626697984500414,76.66907150860813,67.95718383026362,394.01340124843716,0.0,109.94919443130493
312,4.0,5.160361798604164,1.160361798604164,76.61920675310053,67.95684914374543,393.7941412630788,0.0,109.82856321334839
313,4.0,5.158145915656503,1.1581459156565028,76.56839787016828,67.95699456147226,393.58363238305094,0.0,109.70860242843628
314,4.0,5.156022599286929,1.1560225992869286,76.51669595822484,67.95746213983726,393.38191732794144,0.0,109.58939266204834
315,4.0,5.153983204280879,1.1539832042808786,76.46418233146747,67.95807639016665,393.1881748023667,0.0,109.47086429595947
316,4.0,5.152022739914127,1.152022739914127,76.41085830888663,67.95609634929639,403.94614671670945,0.0,109.3529109954834
317,4.0,5.140946959431713,1.1409469594317132,76.3614707075239,67.95593693056779,402.8939475708802,0.0,109.04729740321636
318,4.0,5.138248947498224,1.1382489474982238,76.31991372146305,67.95635711974634,402.6376364371987,0.0,108.93075454235077
319,4.0,5.135266663550465,1.135266663550465,76.28311284350426,67.95713192068413,402.3543194621616,0.0,108.81503510475159
320,4.0,5.132104378835419,1.132104378835419,76.24927932582797,67.95801444352337,402.0539024142322,0.0,108.69979453086853
321,4.0,5.128844630378137,1.1288446303781372,76.21722158530565,67.95884274114277,401.74422631079045,0.0,108.58507990837097
322,4.0,5.125535425587525,1.1255354255875254,76.18614469871952,67.9567238530873,401.42985185568233,0.0,108.47077322006226
323,4.0,5.122217354809796,1.1222173548097958,76.15540261119739,67.95635884710873,401.114635131798,0.0,108.35681247711182
324,4.0,5.118924193618815,1.118924193618815,76.12458692179318,67.95651008620779,400.8017848186548,0.0,108.24333047866821
325,4.0,5.115668033683692,1.1156680336836917,76.09343184041394,67.95701742132403,400.49244962481816,0.0,108.13020467758179
326,4.0,5.112468553548593,1.1124685535485934,76.0617077476879,67.95770643333569,400.1884990119838,0.0,108.01752471923828
327,4.0,5.099968802940215,1.0999688029402153,76.02928095601646,67.95562077042786,399.0010227041879,0.0,107.70748916268349
328,4.0,5.096927113878471,1.096927113878471,75.99570266046297,67.955510181723,398.7120622433222,0.0,107.59571039676666
329,4.0,5.094012294830908,1.0940122948309083,75.96057175773721,67.95602714753483,398.43515443380375,0.0,107.48446846008301
330,4.0,5.091211792655413,1.0912117926554128,75.92408769484358,67.956907012536,398.16910672713163,0.0,107.37378072738647
331,4.0,5.088508364647245,1.0885083646472449,75.88644500984174,67.95789011676452,397.91228106635566,0.0,107.26355838775635
332,4.0,5.0859042558744045,1.0859042558744045,75.84775971470937,67.95593598299045,397.6648907329359,0.0,107.15401220321655
333,4.0,5.083371348343755,1.0833713483437553,75.8081046493216,67.95585230256745,397.4242645175242,0.0,107.04465198516846
334,4.0,5.0809174721252015,1.0809174721252015,75.7676102392286,67.95632607393388,397.1911462767615,0.0,106.9358263015747
335,4.0,5.078560739885325,1.078560739885325,75.7262707300398,67.957097427727,396.96725671397326,0.0,106.8279070854187
336,4.0,5.067749797439411,1.0677497974394106,75.68412772487636,67.95797880095964,395.9402171816114,0.0,106.54117304086685
337,4.0,5.065566856464245,1.0655668564642449,75.64084890506722,67.95876447748283,395.73283778897064,0.0,106.43438255786896
338,4.0,5.063510187601926,1.063510187601926,75.59609695126319,67.95664436037693,395.5374542470504,0.0,106.3282241821289
339,4.0,5.061565259222377,1.0615652592223768,75.55012037576158,67.95627765791248,395.3526860509932,0.0,106.22274017333984
340,4.0,5.059725132772854,1.0597251327728543,75.50304767667173,67.95645959297299,395.17787403828856,0.0,106.1179633140564
341,4.0,5.057974822300833,1.0579748223008334,75.45502167301169,67.95700556202137,395.01159454344656,0.0,106.01377773284912
342,4.0,5.056312991066333,1.0563129910663331,75.40611173856908,67.95774239826972,404.88869399129925,0.0,105.91025066375732
343,4.0,5.054441951083157,1.0544419510831569,75.3606419671095,67.95572731267936,404.7109451928975,0.0,105.80721950531006
344,4.0,5.043544305406503,1.0435443054065026,75.32243008829278,67.95563497334709,403.6756688536153,0.0,105.52555926144123
345,4.0,5.040940845671192,1.0409408456711917,75.28856027828151,67.95616364048581,403.4283401787608,0.0,105.42366075515747
346,4.0,5.038199466755965,1.038199466755965,75.25698680462588,67.95702041655733,403.16790918181425,0.0,105.32214188575745
347,4.0,5.035390378217238,1.0353903782172376,75.22671656970292,67.9579952894886,402.90104577063516,0.0,105.22107911109924
348,4.0,5.032563304483945,1.0325633044839453,75.1970290292715,67.958859041801,402.6324737659724,0.0,105.12050247192383
349,4.0,5.029743627717574,1.0297436277175738,75.16747453021428,67.95677018946887,402.3646044731671,0.0,105.0203127861023
350,4.0,5.0269535018624945,1.0269535018624945,75.13774499962189,67.95641160745774,402.09954251693455,0.0,104.92054176330566
351,4.0,5.024206418715451,1.0242064187154512,75.10759456205056,67.95656064945746,401.83856961796545,0.0,104.82112741470337
352,4.0,5.021510883569287,1.0215108835692872,75.07686810682834,67.95705637663823,401.58249377907987,0.0,104.72203063964844
353,4.0,5.010280137322806,1.0102801373228063,75.04548435557258,67.95773849337624,400.5155728856642,0.0,104.4441387951374
354,4.0,5.007735090549149,1.007735090549149,75.01302153805536,67.955653842335,400.2737934421667,0.0,104.3459278345108
355,4.0,5.005304111426106,1.0053041114261063,74.97912031787064,67.95553014648604,400.0428504254777,0.0,104.24813866615295
356,4.0,5.0029700705205915,1.0029700705205915,74.94399949167622,67.95602900758384,399.8211165394538,0.0,104.15071845054626
357,4.0,5.00073797377636,1.00073797377636,74.9077858234466,67.95688593726348,399.60906734875175,0.0,104.05394697189331
358,4.0,4.998594171223499,0.9985941712234991,74.87057187676795,67.95789803655583,399.40540610623,0.0,103.9576678276062
359,4.0,4.99653254979297,0.9965325497929696,74.83243735153006,67.95602457432136,399.20955207032966,0.0,103.86186361312866
360,4.0,4.994547376383353,0.9945473763833528,74.79346918710657,67.95598599710043,399.0209605964161,0.0,103.76653480529785
361,4.0,4.992653422909661,0.9926534229096609,74.75367255432974,67.95646497321184,408.27124253405714,0.0,103.67199420928955
362,4.0,4.9819277358736525,0.9819277358736525,74.71709485805656,67.95722194435575,407.2523022656364,0.0,103.39865756034851
363,4.0,4.979431832710592,0.979431832710592,74.68693014650792,67.95807739444099,407.0151914651456,0.0,103.30513262748718
364,4.0,4.976711125466583,0.9767111254665828,74.66043709544716,67.9588307877014,406.75672427696475,0.0,103.21206331253052
365,4.0,4.973851617563876,0.9738516175638763,74.63617968333068,67.95669661619398,406.4850710262076,0.0,103.11924529075623
366,4.0,4.970923250779268,0.9709232507792684,74.613203831822,67.95630013740514,406.2068761816699,0.0,103.02680826187134
367,4.0,4.967969569108265,0.9679695691082646,74.59082337129249,67.95645589676714,405.9262764229245,0.0,102.93470573425293
368,4.0,4.965011691409542,0.9650116914095417,74.56854948741763,67.95698236738085,405.64527804154585,0.0,102.84270000457764
369,4.0,4.962085298310665,0.9620852983106651,74.54605799618234,67.9577209562652,405.36727069715255,0.0,102.75108289718628
370,4.0,4.950543071138445,0.950543071138445,74.52313815535382,67.95571546959697,404.27075911579163,0.0,102.48055700957775
371,4.0,4.947722882475838,0.9477228824758379,74.49931911848472,67.95563921012149,404.002841192844,0.0,102.38944053649902
372,4.0,4.945012332187337,0.9450123321873374,74.47417996058982,67.95617689241392,403.74533891543643,0.0,102.29881620407104
373,4.0,4.942387238537305,0.9423872385373047,74.44785065266412,67.95706509461183,403.49595501868333,0.0,102.20836305618286
374,4.0,4.939854193838992,0.9398541938389924,74.42044836424688,67.95804853491386,403.2553157723437,0.0,102.11837887763977
375,4.0,4.937405272533846,0.9374052725338462,74.39205362525509,67.95891566813319,403.02266824835476,0.0,102.02881050109863
376,4.0,4.935022592465543,0.9350225924655433,74.36272420240142,67.95682462826143,402.796313641866,0.0,101.93936777114868
377,4.0,4.932744373607742,0.9327443736077417,74.33249385544428,67.95641403963414,402.5798828503748,0.0,101.85088634490967
378,4.0,4.930527897885485,0.9305278978854847,74.30144785834624,67.95655508612114,402.3693176567604,0.0,101.76260042190552
379,4.0,4.9206480566232305,0.9206480566232305,74.26957178282372,67.95703711961166,401.43073273684627,0.0,101.51511779427528
380,4.0,4.918596297497983,0.9185962974979827,74.23658162397753,67.9577011321563,401.23581561994774,0.0,101.42771542072296
381,4.0,4.9166691349269875,0.9166691349269875,74.20221045275848,67.9556405631887,401.0527351757032,0.0,101.34103274345398
382,4.0,4.914821351323159,0.9148213513231589,74.16677205613894,67.95553306237895,400.8771957333395,0.0,101.25456523895264
383,4.0,4.913055147505916,0.9130551475059159,74.13031733436165,67.95604789945004,400.7094063707014,0.0,101.16842699050903
384,4.0,4.9113888493092315,0.9113888493092315,74.09295868398112,67.95690795273141,409.2093021104541,0.0,101.08314752578735
385,4.0,4.9095632848384865,0.9095632848384865,74.05841514656248,67.95791895581853,409.0358734857333,0.0,100.9984655380249
386,4.0,4.907332960644497,0.9073329606444966,74.03001790403253,67.95884432895167,408.82399268730427,0.0,100.91387414932251
387,4.0,4.904864358416572,0.9048643584165719,74.0054201187482,67.9567823600464,417.18568688060884,0.0,100.82959651947021
388,4.0,4.893295375349873,0.8932953753498731,73.98688324401752,67.95642921146967,416.08663348927246,0.0,100.56657600402832
389,4.0,4.889933526749966,0.8899335267499664,73.97609372334412,67.95658785965972,415.76725787228133,0.0,100.4828280210495
390,4.0,4.886275656677145,0.886275656677145,73.96986449089034,67.95707113188124,415.4197602153633,0.0,100.39920783042908
391,4.0,4.882435625234654,0.8824356252346544,73.96641685239497,67.95774864818597,415.05495722832666,0.0,100.31563019752502
392,4.0,4.878491505309169,0.8784915053091691,73.96459905478619,67.95563053587132,414.6802658354056,0.0,100.23213005065918
393,4.0,4.874514905577447,0.8745149055774473,73.96337309396992,67.95548589201994,414.302488860892,0.0,100.14876794815063
394,4.0,4.870511031586279,0.870511031586279,73.96238872410933,67.95600284234798,413.92212083173104,0.0,100.06517505645752
395,4.0,4.866536041434669,0.866536041434669,73.96106534778849,67.9568714586987,413.5444967673281,0.0,99.98171949386597
396,4.0,4.853859150890467,0.8538591508904672,73.95923321863205,67.95786526987928,412.3401921656289,0.0,99.71880581974983
397,4.0,4.849981578515275,0.8499815785152753,73.956366188076,67.95599368573204,411.97182278998565,0.0,99.63528156280518
398,4.0,4.846231819762346,0.8462318197623464,73.95184825039638,67.95593467825188,411.6155957084574,0.0,99.55216670036316
399,4.0,4.8425628593897665,0.8425628593897665,73.94612051878359,67.95640760370023,411.26704447306236,0.0,99.46909356117249
400,4.0,4.838997184931777,0.8389971849317774,73.93898094881287,67.95718651538668,410.9283053995534,0.0,99.38625574111938
401,4.0,4.844636780399599,0.8446367803995987,73.93071806986865,67.95804985642673,419.48811638279255,0.0,99.49096554517746
402,4.0,4.840991986319979,0.8409919863199793,73.92488765801708,67.95879360173001,419.1418609452287,0.0,99.40827465057373
403,4.0,4.83694979180064,0.8369497918006399,73.92493807228134,67.95669839157135,418.75785246589146,0.0,99.32533717155457
404,4.0,4.832677007153341,0.8326770071533414,73.9285565570734,67.95630821760597,418.3519379243981,0.0,99.24245429039001
405,4.0,4.8195214582886985,0.8195214582886985,73.93433368079954,67.95648490487729,417.10216078225704,0.0,98.98002991080284
406,4.0,4.815057037229112,0.8150570372291117,73.94069411467154,67.95700873078896,416.6780407815963,0.0,98.89684987068176
407,4.0,4.810614572877362,0.8106145728773617,73.94671142507212,67.95772556557,416.2560066681801,0.0,98.8136465549469
408,4.0,4.806195070985252,0.8061950709852521,73.95224099137337,67.95573007333465,415.83615398842966,0.0,98.73024892807007
409,4.0,4.801847063772822,0.8018470637728221,73.95685135340105,67.95563594617742,415.4230933032488,0.0,98.64708042144775
410,4.0,4.797557202968846,0.7975572029688456,73.96049243612325,67.95617787501297,415.015556526871,0.0,98.56380367279053
411,4.0,4.793318453895388,0.7933184538953881,73.96321776656178,67.95704319642212,414.61287536489255,0.0,98.48034906387329
412,4.0,4.789171553633825,0.7891715536338246,73.96471360658286,67.95801932077474,414.218919840044,0.0,98.39713954925537
413,4.0,4.793727277482036,0.7937272774820361,73.96506845664705,67.95889779538497,422.1921227417035,0.0,98.49121284484863
414,4.0,4.780772881031404,0.7807728810314041,73.96780534834163,67.95682757828969,420.96145507889344,0.0,98.22868829965591
415,4.0,4.77619880473625,0.77619880473625,73.97562438172278,67.95647171297568,420.5269178308538,0.0,98.14508020877838
416,4.0,4.771458758656842,0.7714587586568422,73.98588617578618,67.95660304456851,420.0766134533101,0.0,98.06127905845642
417,4.0,4.766628401110557,0.7666284011105571,73.99755189866487,67.9570722871096,419.61772948641294,0.0,97.9774534702301
418,4.0,4.7617608649334136,0.7617608649334136,74.00979047471486,67.95772750587773,419.1553135495843,0.0,97.8935899734497
419,4.0,4.756891247766613,0.756891247766613,74.02187952128025,67.95564036120024,418.6926999187383,0.0,97.80945301055908
420,4.0,4.752040517137955,0.7520405171379547,74.03344804326788,67.95552421863344,418.23188050901575,0.0,97.7249846458435
421,4.0,4.747233035951652,0.7472330359516519,74.04441769393333,67.95602474729708,417.77516979631696,0.0,97.64058494567871
422,4.0,4.733763699969436,0.7337636999694359,74.05436151036514,67.95690943059935,416.4955828780065,0.0,97.37662453949451
423,4.0,4.738303692547627,0.7383036925476274,74.06293637829988,67.95791608319838,416.92688217293465,0.0,97.48130136728287
424,4.0,4.73371905976185,0.7337190597618504,74.0700391832246,67.95603646029426,416.49134205828585,0.0,97.3963211774826
425,4.0,4.72919848199561,0.7291984819956099,74.07615082749584,67.95596871809211,416.061887170493,0.0,97.31133890151978
426,4.0,4.7247508839811605,0.7247508839811605,74.08121116629259,67.9564358798343,415.6393653591203,0.0,97.2264633178711
427,4.0,4.720357341924147,0.7203573419241467,74.08530062045077,67.95721179737646,415.22197886370395,0.0,97.14141464233398
428,4.0,4.716046549558123,0.716046549558123,74.08800596477077,67.95806112430702,414.8124535889317,0.0,97.05624580383301
429,4.0,4.7118023846634145,0.7118023846634145,74.08981940532581,67.95881051600058,414.40925792393443,0.0,96.97127437591553
430,4.0,4.70762640159064,0.7076264015906402,74.09018525409682,67.95667556340234,414.01253953202087,0.0,96.88580894470215
431,4.0,4.6948394117167265,0.6948394117167265,74.08939314402119,67.95626379883454,412.79777549399904,0.0,96.62161192297935
432,4.0,4.700506738738528,0.700506738738528,74.08719354841963,67.95642977149541,413.3361715610702,0.0,96.73537570238113
433,4.0,4.696606505102226,0.6966065051022259,74.08349504149412,67.95698323473879,412.9656493656215,0.0,96.65028464794159
434,4.0,4.692768234410694,0.6927682344106936,74.07902792767187,67.95772065981107,412.6010136499259,0.0,96.56547474861145
435,4.0,4.6889864620795265,0.6889864620795265,74.07352926149657,67.95574950305881,412.2417452784651,0.0,96.48049330711365
436,4.0,4.6852610472346345,0.6852610472346345,74.06711996996059,67.955684062285,411.8878308682003,0.0,96.39549779891968
437,4.0,4.681611703169922,0.6816117031699216,74.05967509604316,67.95622433108016,411.54114318205256,0.0,96.31073379516602
438,4.0,4.6780137477548545,0.6780137477548545,74.05129578005989,67.9570887194949,411.1993374176212,0.0,96.22582769393921
439,4.0,4.6744932198325015,0.6744932198325015,74.04191729934135,67.95803971945115,410.86488726499766,0.0,96.14123344421387
440,4.0,4.671103792526238,0.671103792526238,74.03142247317574,67.95889430087061,410.54289167090263,0.0,96.05790507793427
441,4.0,4.667718102258764,0.6677181022587639,74.02014115430514,67.95681220017063,410.2212510954926,0.0,95.97365355491638
442,4.0,4.664404651643157,0.6644046516431574,74.00769568686967,67.95642816166001,409.90647328701,0.0,95.88940000534058
443,4.0,4.66115930780064,0.6611593078006397,73.99436494254469,67.95656605479154,409.5981656219708,0.0,95.80542302131653
444,4.0,4.657989935956538,0.6579899359565378,73.98018378493806,67.95704593917293,409.29707529678114,0.0,95.72193098068237
445,4.0,4.654883339698699,0.6548833396986993,73.96479792160456,67.9577211397745,409.0019486522865,0.0,95.63819599151611
446,4.0,4.6518363038605415,0.6518363038605415,73.94874949618303,67.95564399212246,408.71248024766146,0.0,95.55485486984253
447,4.0,4.648872983291145,0.6488729832911453,73.93170463989792,67.95551520330888,408.4309647935688,0.0,95.47197341918945
448,4.0,4.646025215688659,0.6460252156886588,73.91366036318799,67.95604935080992,408.1604268713326,0.0,95.39020273089409
449,4.0,4.643176736861472,0.6431767368614718,73.89481072557857,67.95695111769768,407.88982138274986,0.0,95.3074072599411
450,4.0,4.640409838659012,0.6404098386590116,73.87514243465357,67.95794520884122,407.6269660535161,0.0,95.22526049613953
451,4.0,4.637693345044736,0.6376933450447364,73.8546686152942,67.95886626342842,407.36889916016,0.0,95.14314031600952
452,4.0,4.635064227005158,0.6350642270051576,73.83316522853158,67.95679508351321,407.11913294640004,0.0,95.06151747703552
453,4.0,4.632485628260354,0.6324856282603539,73.81093179514441,67.95644165210567,406.8741660656437,0.0,94.98002243041992
454,4.0,4.629966886815699,0.6299668868156987,73.78796267309475,67.95656885076204,406.63488562840143,0.0,94.89883995056152
455,4.0,4.627528548672465,0.6275285486724647,73.76409382017985,67.9570402248527,406.4032435047942,0.0,94.81818056106567
456,4.0,4.633914228856482,0.6339142288564821,73.73953807736162,67.95769770821235,413.0320682964124,0.0,94.91741520166397
457,4.0,4.622688244222604,0.622688244222604,73.7169156299693,67.95558790834804,411.96559975619397,0.0,94.65842202305794
458,4.0,4.619939020536433,0.6199390205364326,73.6986231201194,67.95547445866077,411.7044235060077,0.0,94.57865130901337
459,4.0,4.617046406596458,0.617046406596458,73.6825253600819,67.95600750880345,411.4296251817101,0.0,94.49878859519958
460,4.0,4.614081416337682,0.6140814163376822,73.66772971138982,67.95689146097664,411.1479511071264,0.0,94.41913962364197
461,4.0,4.611097311459332,0.6110973114593321,73.65344427814757,67.95788898749127,410.8644611436832,0.0,94.33977746963501
462,4.0,4.608142883189452,0.6081428831894522,73.63928951233719,67.95602786944632,410.5837904580446,0.0,94.2612133026123
463,4.0,4.605184214868517,0.6051842148685171,73.62507888212811,67.95597320969264,410.30271696755574,0.0,94.18251419067383
464,4.0,4.611058981517834,0.611058981517834,73.61032597261477,67.95645367176886,416.66588012366026,0.0,94.28376519680023
465,4.0,4.608015070953561,0.6080150709535612,73.59776277128114,67.95720862277962,416.3767086200544,0.0,94.20544445514679
466,4.0,4.595887445018812,0.5958874450188123,73.58983877085117,67.95805212581314,415.22458415625323,0.0,93.94739335775375
467,4.0,4.592399928913321,0.5923999289133208,73.5843466493337,67.95880460328027,414.8932701262315,0.0,93.86909675598145
468,4.0,4.588866469493642,0.5888664694936416,73.57976385372973,67.95667493348955,414.557591481362,0.0,93.79103088378906
469,4.0,4.585309408835153,0.5853094088351529,73.57543551839446,67.95627444403972,414.21967071880556,0.0,93.71281576156616
470,4.0,4.581774480999959,0.5817744809999592,73.57119128985742,67.95642492103659,413.8838525744622,0.0,93.63516855239868
471,4.0,4.578260260800018,0.5782602608000182,73.5665046503912,67.95697677622415,413.5500016554678,0.0,93.5573902130127
472,4.0,4.583574085964148,0.5835740859641483,73.56116547625099,67.95772201700882,419.59876886271957,0.0,93.65918105840683
473,4.0,4.5799484202564775,0.5799484202564775,73.55802115524796,67.95574408022037,419.2543306204908,0.0,93.58109521865845
474,4.0,4.567302956930042,0.5673029569300416,73.55901199273994,67.95567245245425,418.0530116044794,0.0,93.32397027313709
475,4.0,4.5633035963989546,0.5633035963989546,73.5619965363103,67.9562177287645,417.67307235402615,0.0,93.24603426456451
476,4.0,4.55926518096018,0.5592651809601801,73.56573937302717,67.95709979539208,417.2894228873426,0.0,93.1682538986206
477,4.0,4.555221947942171,0.5552219479421714,73.56975554652875,67.95805535187678,416.90531575063176,0.0,93.09071254730225
478,4.0,4.5511728357448105,0.5511728357448105,73.57345353040138,67.95891328837732,416.52065009188243,0.0,93.01263976097107
479,4.0,4.547156331820658,0.5471563318206583,73.5767308871055,67.95685444028182,416.139082219088,0.0,92.93469381332397
480,4.0,4.551967942698058,0.5519679426980577,73.57936098406167,67.956466165224,421.8398807080725,0.0,93.03635901212692
481,4.0,4.547886732881681,0.5478867328816808,73.58356141989297,67.95658617165104,421.4521657755167,0.0,92.9582507610321
482,4.0,4.543578281712188,0.5435782817121879,73.59169457534192,67.95706456751873,421.04286291441485,0.0,92.88045144081116
483,4.0,4.530320107369336,0.5303201073693362,73.60197217045,67.9577364750968,419.78333635184396,0.0,92.6223595738411
484,4.0,4.525780156408848,0.5257801564088478,73.61307066935436,67.95565007482557,419.3520410105976,0.0,92.54349291324615
485,4.0,4.521253964314467,0.5212539643144671,73.62410261974628,67.95551746011299,418.9220527616314,0.0,92.46479606628418
486,4.0,4.516764003223446,0.5167640032234457,73.63451708749456,67.95602881164973,418.4955064579844,0.0,92.38603782653809
487,4.0,4.512294229407764,0.5122942294077637,73.6441936801036,67.9569247611822,418.0708779454946,0.0,92.30674171447754
488,4.0,4.516682555422929,0.5166825554229293,73.65300783967133,67.95791603991526,418.4877689169353,0.0,92.40757101774216
489,4.0,4.512329092429467,0.512329092429467,73.66101479132031,67.95602143962005,418.0741899325564,0.0,92.32853889465332
490,4.0,4.507955943973617,0.5079559439736174,73.66883240917109,67.95596846154402,417.6587408292507,0.0,92.24884748458862
491,4.0,4.50362356852371,0.50362356852371,73.67615636929617,67.95644344136099,417.2471651615095,0.0,92.16935396194458
492,4.0,4.490623499734705,0.4906234997347054,73.68243373967893,67.95720299832695,416.012158626554,0.0,91.91113013029099
493,4.0,4.486414906026544,0.48641490602654436,73.68758631278305,67.95807665932342,415.61234222427873,0.0,91.83141267299652
494,4.0,4.482322054680455,0.48232205468045475,73.69120351194086,67.95883279047358,415.2235213464002,0.0,91.75214076042175
495,4.0,4.478315997604139,0.4783159976041391,73.69315304947688,67.95671177815908,414.84294592415023,0.0,91.67256283760071
496,4.0,4.483161150346394,0.48316115034639395,73.69378680295257,67.95631476491569,415.30323543466443,0.0,91.7725338935852
497,4.0,4.479304613609719,0.47930461360971943,73.69355873318554,67.95647677974462,414.9368644446804,0.0,91.69330489635468
498,4.0,4.47545112355488,0.47545112355487973,73.69271933541911,67.95700148821989,414.5707828894706,0.0,91.61337876319885
499,4.0,4.47164876085916,0.47164876085915974,73.69131011448832,67.95772308666571,414.2095584333772,0.0,91.53379321098328
500,4.0,4.459153247588886,0.459153247588886,73.68894585015613,67.95571391190742,413.0224846727012,0.0,91.27508394420147
501,4.0,4.455452338948093,0.4554523389480929,73.68536060058624,67.95563262660781,412.6708983518258,0.0,91.19489228725433
502,4.0,4.451892984239878,0.451892984239878,73.68031029516105,67.95617150491498,412.33275965454544,0.0,91.115793466568
503,4.0,4.448398332756196,0.448398332756196,73.67390253231967,67.95707077217222,412.00076776359566,0.0,91.03635144233704
504,4.0,4.453768763348769,0.45376876334876926,73.66608048444775,67.95803009268676,416.8217619217034,0.0,91.13658004999161
505,4.0,4.450276019485627,0.450276019485627,73.65929472446247,67.95889895560228,416.48995125470486,0.0,91.05672025680542
506,4.0,4.446635964317585,0.44663596431758457,73.655530948328,67.95683296285497,416.14414601374085,0.0,90.97759246826172
507,4.0,4.442903782163015,0.4429037821630146,73.65326755936073,67.95647606304475,415.7895887090567,0.0,90.89843916893005
508,4.0,4.439131954451441,0.43913195445144115,73.65170338009642,67.95660061187814,415.43126507645724,0.0,90.8193416595459
509,4.0,4.42657945386285,0.4265794538628498,73.65060691312495,67.95707947659842,414.238777520541,0.0,90.5611842572689
510,4.0,4.422817191974712,0.4228171919747119,73.6489448997784,67.95772904614009,413.8813626411679,0.0,90.48217213153839
511,4.0,4.419125730515673,0.41912573051567303,73.64605300248454,67.95583015578548,413.53067380255925,0.0,90.40310215950012
512,4.0,4.424286171774775,0.42428617177477523,73.64212858121503,67.95574787987147,418.0516343540343,0.0,90.5038475394249
513,4.0,4.420614835843425,0.4206148358434252,73.63914449575529,67.95627341743392,417.7028574405561,0.0,90.4250818490982
514,4.0,4.416767186002117,0.41676718600211693,73.63900336998702,67.95712878437857,417.3373307056318,0.0,90.34620380401611
515,4.0,4.412843521990004,0.41284352199000374,73.64033830198545,67.95808459117075,416.96458262448107,0.0,90.26758050918579
516,4.0,4.408892165347504,0.4088921653475044,73.64242121904995,67.9589421007707,416.5892037434436,0.0,90.18930387496948
517,4.0,4.404893156173877,0.4048931561738769,73.64447215366116,67.95732814957483,416.209297871949,0.0,90.11000871658325
518,4.0,4.392151746654723,0.3921517466547231,73.64661243132802,67.95705923725922,414.9988639676294,0.0,89.85197150707245
519,4.0,4.388208578030964,0.3882085780309641,73.64773117002822,67.95718083630078,414.6242629483723,0.0,89.77266824245453
520,4.0,4.393149204710983,0.3931492047109826,73.6475179090114,67.95754486624581,415.09362248297407,0.0,89.87348186969757
521,4.0,4.389366158521783,0.38936615852178313,73.64637437021767,67.95806098421609,414.7342330950001,0.0,89.79469537734985
522,4.0,4.385600774747493,0.385600774747493,73.64482785095288,67.95670266416745,414.37652163644253,0.0,89.71578168869019
523,4.0,4.381900686118077,0.3819006861180769,73.6425203683021,67.9566659460759,414.025013216648,0.0,89.63728070259094
524,4.0,4.378196035982646,0.3781960359826462,73.63944626041123,67.95707632520524,413.6730714537821,0.0,89.55775880813599
525,4.0,4.374589683762556,0.3745896837625562,73.63559464581704,67.9577075699068,413.33046799287354,0.0,89.47930908203125
526,4.0,4.371033137107646,0.37103313710764585,73.63070721001746,67.95841912513694,412.99259606065704,0.0,89.40062808990479
527,4.0,4.358681057641711,0.35868105764171077,73.62497524611356,67.95751408290923,411.8191485113932,0.0,89.1410513818264
528,4.0,4.3639679558218365,0.3639679558218365,73.618051777884,67.9575815357606,412.32140383850515,0.0,89.24078303575516
529,4.0,4.360645536195385,0.36064553619538486,73.60965949257472,67.95787849893095,412.00577397399223,0.0,89.16267585754395
530,4.0,4.357352875825383,0.35735287582538344,73.60060030975376,67.95831147595688,411.6929712388421,0.0,89.08438539505005
531,4.0,4.354112760585713,0.3541127605857133,73.59067895012048,67.95876299139047,411.3851602910735,0.0,89.00614285469055
532,4.0,4.350921652864125,0.350921652864125,73.5800603958377,67.95913106821929,411.08200505752257,0.0,88.92807722091675
533,4.0,4.347770214261001,0.34777021426100063,73.5684910642815,67.95824696128587,410.78261839022576,0.0,88.84969282150269
534,4.0,4.344742620749129,0.34474262074912865,73.55602791751163,67.95809641045494,410.49499700659794,0.0,88.772780418396
535,4.0,4.341721162954774,0.34172116295477384,73.54264558785086,67.9581608837746,410.2079585161342,0.0,88.69490575790405
536,4.0,4.347532537663288,0.3475325376632883,73.52847241668302,67.95837884311034,414.0615982212443,0.0,88.79650729894638
537,4.0,4.344534075186322,0.3445340751863224,73.51509515803916,67.95869433312785,413.7767442859325,0.0,88.71912109851837
538,4.0,4.341420394296839,0.341420394296839,73.50412889224673,67.95813089831374,413.48094460143164,0.0,88.6423122882843
539,4.0,4.32940128322172,0.3294012832217197,73.49427665714985,67.95820222352783,412.3391290492953,0.0,88.38505990803242
540,4.0,4.326182417189728,0.3261824171897283,73.4848815398868,67.95844865411507,412.03333677625614,0.0,88.30805623531342
541,4.0,4.323013600713142,0.3230136007131419,73.47492679656102,67.95876466518693,411.7322992109804,0.0,88.23141884803772
542,4.0,4.319888052695704,0.3198880526957044,73.4643377485394,67.95910325553426,411.4353721493238,0.0,88.15492081642151
543,4.0,4.316833236724111,0.31683323672411134,73.45296485008225,67.95870694752446,411.1451646320225,0.0,88.07894444465637
544,4.0,4.3225740908290025,0.32257409082900246,73.44093222563093,67.95871615912776,414.7549996348627,0.0,88.18163079023361
545,4.0,4.319503309216616,0.31950330921661596,73.42962220234722,67.95881574475375,414.463275381686,0.0,88.10541558265686
546,4.0,4.316328035874646,0.31632803587464586,73.4205830377858,67.95897149187917,414.1616244141988,0.0,88.0298113822937
547,4.0,4.313040936843867,0.31304093684386736,73.41269881408031,67.95915697759713,416.82323890629164,0.0,87.95332646369934
548,4.0,4.309702376959859,0.3097023769598586,73.40663302961596,67.95929922948106,416.5060757173108,0.0,87.87798357009888
549,4.0,4.306183332850327,0.30618333285032673,73.40301338267122,67.95898913880282,416.17176652690523,0.0,87.80189800262451
550,4.0,4.302636538067684,0.3026365380676843,73.4006244437544,67.95895987148386,415.83482102255425,0.0,87.72672462463379
551,4.0,4.299053422524515,0.2990534225245147,73.39880135969182,67.95899395462202,415.4944250459531,0.0,87.65149116516113
552,4.0,4.304189279734502,0.30418927973450227,73.39716963197165,67.95910196634344,418.8721296383797,0.0,87.75425297021866
553,4.0,4.3004972847712555,0.3004972847712555,73.39673017783458,67.95921697091946,418.52139011687126,0.0,87.67845523357391
554,4.0,4.296677250615193,0.29667725061519334,73.39880480472632,67.95907124976515,418.15848687204533,0.0,87.60304856300354
555,4.0,4.2927941703432895,0.2927941703432895,73.40215596864279,67.9590889246794,417.7895942462145,0.0,87.5278742313385
556,4.0,4.279950408838056,0.2799504088380562,73.40599277108699,67.95916334501001,416.5694369032173,0.0,87.27055799216032
557,4.0,4.276057574608126,0.2760575746081262,73.4097691877994,67.9592641219633,416.19961765137396,0.0,87.19566655158997
558,4.0,4.2721875478235285,0.2721875478235285,73.41234648584923,67.95936300361092,415.8319651068372,0.0,87.11980903148651
559,4.0,4.268361940761534,0.2683619407615341,73.414091855642,67.95943410562361,415.46853243594774,0.0,87.043865442276
560,4.0,4.273360517878085,0.2733605178780847,73.41486751487408,67.95936370334185,415.94339726202,0.0,87.14672118425369
561,4.0,4.2696954254975985,0.2696954254975985,73.414782515928,67.95935958987889,415.59521348587384,0.0,87.07187807559967
562,4.0,4.2660085511077,0.26600855110770016,73.41447270651702,67.95936110021984,415.2449604188335,0.0,86.99632453918457
563,4.0,4.262321762944923,0.26232176294492326,73.4137046705561,67.95936781310513,414.89471554336967,0.0,86.92023086547852
564,4.0,4.258675248367572,0.25867524836757205,73.41201572557652,67.95939519345674,414.54829665852134,0.0,86.84387063980103
565,4.0,4.2550966449126815,0.25509664491268147,73.40967388975928,67.95937553426957,414.2083293303067,0.0,86.76812696456909
566,4.0,4.251597308452294,0.2515973084522942,73.40639071453622,67.95937881852554,413.87589236656993,0.0,86.69289255142212
567,4.0,4.248160102542054,0.24816010254205434,73.40221042690797,67.9593900219812,413.54935780509715,0.0,86.61787271499634
568,4.0,4.253514047282269,0.2535140472822688,73.39723915611883,67.95943715273694,414.05798255541754,0.0,86.72116327285767
569,4.0,4.250148524607686,0.25014852460768644,73.39158820939052,67.95946887786529,413.7382579013322,0.0,86.6458750963211
570,4.0,4.246744544403027,0.24674454440302718,73.38560051490673,67.95949129350826,413.41487978188957,0.0,86.56941628456116
571,4.0,4.2433964187067925,0.24339641870679252,73.37927418438215,67.95949129244846,413.09680784074726,0.0,86.49370813369751
572,4.0,4.240048106715593,0.24004810671559262,73.37226477269483,67.95948538562703,412.7787182015833,0.0,86.41720342636108
573,4.0,4.236855262161957,0.2368552621619573,73.36450023286416,67.95947912727148,412.4753979689879,0.0,86.3429913520813
574,4.0,4.23370535538929,0.23370535538929005,73.35598568222079,67.9594678538488,412.17615682558454,0.0,86.26878595352173
575,4.0,4.2306253977808925,0.23062539778089253,73.34663931152691,67.95947410186359,411.8835608527868,0.0,86.19504308700562
576,4.0,4.236378887041155,0.2363788870411554,73.3363647432542,67.95947844838233,412.43014233251176,0.0,86.30017423629761
577,4.0,4.233345025564699,0.23334502556469872,73.32564030973559,67.95948619096016,412.14192549224833,0.0,86.22575962543488
578,4.0,4.230348235869471,0.23034823586947084,73.31475976744045,67.95949256239008,411.8572304712017,0.0,86.15193462371826
579,4.0,4.22736256781211,0.22736256781210962,73.30343511939151,67.95949731975635,411.5735920057524,0.0,86.07783269882202
580,4.0,4.224415819292835,0.22441581929283494,73.29164678245928,67.95950801699036,411.2936508964213,0.0,86.00399780273438
581,4.0,4.221511332106367,0.22151133210636686,73.2791815816479,67.95951224611635,411.01772461370683,0.0,85.9302487373352
582,4.0,4.218664501955241,0.21866450195524134,73.26599572850515,67.9595094969436,410.7472757493499,0.0,85.85684871673584
583,4.0,4.215868866144316,0.21586886614431577,73.25200229932709,67.95950465229971,410.481690347312,0.0,85.78356552124023
584,4.0,4.2218823704540736,0.22188237045407355,73.23729110863897,67.95949839982033,411.052973256739,0.0,85.88867449760437
585,4.0,4.219168508209684,0.21916850820968392,73.22221263410097,67.95949004556859,410.79515634352197,0.0,85.81579267978668
586,4.0,4.216465388689688,0.2164653886896879,73.20696528019299,67.95948042184845,410.53835998912234,0.0,85.74295425415039
587,4.0,4.213797298393995,0.2137972983939953,73.191391281501,67.95946990944658,410.28489141103154,0.0,85.67046856880188
588,4.0,4.211160676487205,0.21116067648720538,73.17531880830097,67.95946657745773,410.0344123298865,0.0,85.59806251525879
589,4.0,4.208570573152581,0.20857057315258132,73.15871632185176,67.95947137329799,409.7883525130972,0.0,85.52600574493408
590,4.0,4.206022103076909,0.2060221030769087,73.14145305831059,67.95947926950586,409.5462478559083,0.0,85.4540467262268
591,4.0,4.203555572121327,0.2035555721213269,73.12358226220235,67.9594885024375,409.311927415128,0.0,85.38306713104248
592,4.0,4.209902046358121,0.20990204635812137,73.10483713494068,67.95949008448565,409.9148424676235,0.0,85.49005651473999
593,4.0,4.207489988356997,0.20748998835699695,73.08591291948184,67.95949435408214,409.6856969575167,0.0,85.41895747184753
594,4.0,4.20509359307282,0.20509359307281994,73.06695671604537,67.95949765036714,409.45803940551986,0.0,85.34816431999207
595,4.0,4.202735345220038,0.202735345220038,73.04763076829782,67.95949732484138,409.2340058595056,0.0,85.27773880958557
596,4.0,4.200397100445141,0.2003971004451408,73.02795925329119,67.95950115358744,409.01187260589035,0.0,85.20734119415283
597,4.0,4.1981206090927286,0.19812060909272855,73.00780421807607,67.95949691429816,408.7956059274112,0.0,85.1376576423645
598,4.0,4.195871979732922,0.1958719797329218,72.98714837771583,67.95949065234736,408.5819861382296,0.0,85.06798076629639
599,4.0,4.193676203526948,0.19367620352694814,72.96587211222555,67.95948641830657,408.37338739866203,0.0,84.99867820739746
600,4.0,4.200326731968952,0.20032673196895168,72.94401712961144,67.95948378559999,409.0051876006524,0.0,85.10797363519669
601,4.0,4.198230201509769,0.19823020150976944,72.92183298617846,67.95948097785454,408.8060172070301,0.0,85.0396226644516
602,4.0,4.196141739463216,0.1961417394632159,72.89971053196368,67.95948265318361,408.6076133126075,0.0,84.97153282165527
603,4.0,4.194064995557367,0.19406499555736723,72.87736396192273,67.9594795614603,408.4103226415519,0.0,84.90344476699835
604,4.0,4.19202434403401,0.19202434403401014,72.85484914233845,67.9594871178898,408.2164607468329,0.0,84.83591699600225
605,4.0,4.1900092929967006,0.19000929299670055,72.8318186413206,67.9594922504337,408.02503089828855,0.0,84.76833248138433
606,4.0,4.188039741098488,0.1880397410984882,72.80846397140608,67.95949340638413,407.8379234679584,0.0,84.70131683349615
607,4.0,4.186131098153142,0.1861310981531421,72.7845347272131,67.95949357715318,407.6566023881505,0.0,84.63489007949835
608,4.0,4.193078547313601,0.1930785473136014,72.76003030741167,67.95949530130915,408.31661005839413,0.0,84.7468117177487
609,4.0,4.191248129832518,0.19124812983251793,72.73540444152059,67.95949969113722,408.14272039769116,0.0,84.68114662170416
610,4.0,4.1894152260665445,0.18941522606654448,72.71090436173888,67.95949817509434,407.9685945399237,0.0,84.61560273170477
611,4.0,4.187588347271453,0.18758834727145324,72.6863813528449,67.95949261777156,407.79504105439,0.0,84.55017876625067
612,4.0,4.185811137902266,0.18581113790226578,72.6616044353438,67.95948978520926,407.62620616431724,0.0,84.48548698425299
613,4.0,4.184071928283062,0.1840719282830623,72.63650843781485,67.9594873133364,407.4609812504929,0.0,84.42121553421026
614,4.0,4.182357057662298,0.1823570576622977,72.61103837472767,67.95949376630836,407.29806854152025,0.0,84.35702466964727
615,4.0,4.180677124288625,0.18067712428862492,72.58527383257464,67.95949365202162,407.13847487102134,0.0,84.29322052001959
616,4.0,4.1790420033261295,0.17904200332612952,72.55899599445041,67.9594918213408,406.98313837958426,0.0,84.22974777221685
617,4.0,4.186391074319747,0.18639107431974722,72.5324052070425,67.95949284083876,407.68130012397796,0.0,84.34694826602941
618,4.0,4.184800484575196,0.18480048457519604,72.50558957589168,67.95949128648316,407.5301940982456,0.0,84.28372955322271
619,4.0,4.183239245344229,0.18323924534422886,72.47921069403272,67.95948908583446,407.38187637130375,0.0,84.22163295745855
620,4.0,4.181708489206056,0.18170848920605565,72.4527022659713,67.9594859537415,407.23645453817727,0.0,84.1600222587586
621,4.0,4.180189190867262,0.18018919086726193,72.42609335223338,67.95948477716976,407.09212119599187,0.0,84.0985479354859
622,4.0,4.178683577038167,0.17868357703816695,72.39930645613329,67.9594799168627,406.94908788222784,0.0,84.03716468811041
623,4.0,4.177257368492586,0.17725736849258578,72.37229653345766,67.95947728743286,406.81359807039763,0.0,83.97714138031012
624,4.0,4.175790239029442,0.17579023902944169,72.3448499118802,67.95946192677124,406.67422077139895,0.0,83.91581058502203
625,4.0,4.174428875964276,0.17442887596427603,72.31723196078428,67.95945657143778,406.5448912802082,0.0,83.85642814636236
626,4.0,4.173077083906783,0.173077083906783,72.28910440044073,67.95944401569706,406.4164710347464,0.0,83.7966680526734
627,4.0,4.171785731367438,0.17178573136743758,72.26072151347773,67.95945033370414,406.2937925435086,0.0,83.73784637451178
628,4.0,4.17940929178045,0.17940929178045018,72.23193543548119,67.95945843412674,407.01803078274475,0.0,83.85745058953768
629,4.0,4.178190896757962,0.17819089675796196,72.20314498924138,67.95946494254319,406.9022832556084,0.0,83.799589753151
630,4.0,4.176940703177287,0.17694070317728716,72.17461728180501,67.95946848782884,406.78351486544426,0.0,83.7414157390595
631,4.0,4.175717479550238,0.1757174795502383,72.14620599628375,67.95947113946914,406.6673086208746,0.0,83.68393707275396
632,4.0,4.174512599286658,0.17451259928665763,72.11771879025723,67.95947732420785,406.55284499583445,0.0,83.62675714492804
633,4.0,4.173362946029812,0.17336294602981184,72.08908011362634,67.95948176329047,406.4436279364341,0.0,83.57052659988409
634,4.0,4.172187755968994,0.17218775596899416,72.0601890709303,67.95947861412495,406.3319848806564,0.0,83.51351070404058
635,4.0,4.17108158164015,0.1710815816401503,72.03111836742778,67.9594727610366,406.22689831941625,0.0,83.45768642425543
636,4.0,4.170020033137088,0.1700200331370878,72.00171040982411,67.95947224034488,406.12605121162534,0.0,83.40238189697271
637,4.0,4.16896412390461,0.16896412390461002,71.97201635759116,67.95947233746125,406.02573983453993,0.0,83.34687614440924
638,4.0,4.1679466047552145,0.1679466047552145,71.94203341087513,67.95946103607989,405.92907551534734,0.0,83.2918205261231
639,4.0,4.1670163050815106,0.16701630508151055,71.91175084023024,67.95945554404757,405.8406970463455,0.0,83.23817729949957
640,4.0,4.166077299805106,0.16607729980510566,71.88108659823494,67.9594551487223,405.751491545087,0.0,83.18393421173101
641,4.0,4.165186589206341,0.16518658920634088,71.85018374536091,67.95945985080547,405.66687403820436,0.0,83.13039493560797
642,4.0,4.16432830158502,0.16432830158502032,71.81898468272463,67.9594668251685,405.5853367141789,0.0,83.07717514038092
643,4.0,4.163587102559607,0.16358710255960673,71.78749051172808,67.95947139560863,405.5149228067646,0.0,83.02596378326422
644,4.0,4.171705934789422,0.1717059347894221,71.75563505806608,67.95947733212479,406.2862118685971,0.0,83.15094684064394
645,4.0,4.1709151534081315,0.17091515340813146,71.72397881178705,67.9594806299403,406.2110876373745,0.0,83.09850835800177
646,4.0,4.170180590005374,0.17018059000537367,71.69267633988248,67.95948185466618,406.1413041141125,0.0,83.04761314392096
647,4.0,4.1694457972913606,0.16944579729136056,71.66149976281673,67.95948336220981,406.0714988062812,0.0,82.99687194824224
648,4.0,4.168766234309073,0.16876623430907323,71.63036629945806,67.95948251383645,406.00694032296394,0.0,82.94729232788092
649,4.0,4.168075963785717,0.168075963785717,71.59915950950055,67.95947210035291,405.9413646232451,0.0,82.89742660522467
650,4.0,4.1673590576347115,0.16735905763471148,71.56786431275845,67.95945711640236,405.87325853889956,0.0,82.84694099426275
651,4.0,4.166681111582552,0.16668111158255172,71.5364608764051,67.95945212175313,405.8088536639444,0.0,82.79711675643927
652,4.0,4.166067591532167,0.1660675915321672,71.50484546220956,67.95945212175285,405.7505692591578,0.0,82.74833869934088
653,4.0,4.165479535820588,0.16547953582058827,71.47302406306281,67.95945212175292,405.6947039665579,0.0,82.69983863830572
654,4.0,4.164935224609197,0.16493522460919685,71.44101870129701,67.9594521217529,405.6429944014757,0.0,82.65200424194342
655,4.0,4.1644321589512,0.16443215895120034,71.40880143933283,67.95945447768611,405.595203163966,0.0,82.60475254058844
656,4.0,4.163986791067382,0.1639867910673818,71.37639043967228,67.9594568336194,405.5528932150032,0.0,82.55842971801763
657,4.0,4.163563861209969,0.16356386120996902,71.343768608395,67.95946512048513,405.51271487854905,0.0,82.51231575012213
658,4.0,4.163180021885747,0.1631800218857471,71.31096041787298,67.95946774302897,405.476250142748,0.0,82.46676826477056
659,4.0,4.162830429891356,0.16283042989135588,71.277961421903,67.95947241817805,405.4430389032808,0.0,82.42168521881109
660,4.0,4.162515907727627,0.16251590772762725,71.24479377539635,67.95947596565901,405.41315929772657,0.0,82.37710762023931
661,4.0,4.162234051222125,0.16223405122212498,71.21146229302752,67.9594757911428,405.3863829297038,0.0,82.332992553711
662,4.0,4.157447255499836,0.15744725549983585,71.17796487930214,67.95947495573893,404.9316373360864,0.0,82.19962076097733
663,4.0,4.157235524679839,0.15723552467983914,71.14413549124244,67.95947567366746,404.9115229081867,0.0,82.15636873245245
664,4.0,4.157071187952159,0.1570711879521589,71.1098328529077,67.95946837895984,404.8959109190571,0.0,82.11351037025457
665,4.0,4.156945525023436,0.15694552502343573,71.07518381620534,67.9594673488056,404.88397294082836,0.0,82.07101869583136
666,4.0,4.156854437336359,0.15685443733635918,71.04024944966639,67.95946480925721,404.87531961055606,0.0,82.028882265091
667,4.0,4.15679005324332,0.15679005324331996,71.00511922811687,67.95946061911482,404.8692031217174,0.0,81.98704814910894
668,4.0,4.156751803152503,0.1567518031525026,70.9697996211425,67.95946448484035,404.8655693630897,0.0,81.94551181793219
669,4.0,4.156734911694008,0.15673491169400844,70.93434449237274,67.95946114121928,404.8639646745328,0.0,81.90424060821539
670,4.0,4.156737183969436,0.1567371839694358,70.89876167672875,67.9594776338976,404.8641805406984,0.0,81.863199710846
671,4.0,4.156756306806726,0.15675630680672636,70.8630700393282,67.95947998999483,404.86599721024095,0.0,81.82236480712896
672,4.0,4.156915673964028,0.15691567396402828,70.82729553169511,67.95947998999489,404.88113709018467,0.0,81.78419303894049
673,4.0,4.157072549909093,0.1570725499090928,70.79144065709336,67.9594788310512,404.8960403049658,0.0,81.74587631225592
674,4.0,4.157261560036272,0.15726156003627167,70.75552881732523,67.95947635482399,404.91399626704776,0.0,81.70812225341803
675,4.0,4.15744427395425,0.1574442739542503,70.71958117662781,67.95947312403334,404.93135408925576,0.0,81.67019939422613
676,4.0,4.157637895655399,0.15763789565539899,70.68358089816789,67.95946945746671,404.9497481508649,0.0,81.63242626190191
677,4.0,4.1578579707206735,0.15785797072067353,70.64756469473961,67.95946903786248,404.970655282066,0.0,81.59514999389654
678,4.0,4.158124089910981,0.15812408991098081,70.6115168047304,67.95946711232257,404.9959366051452,0.0,81.5587358474732
679,4.0,4.158471165553629,0.15847116555362906,70.57546346521353,67.95946800392925,405.0289087911967,0.0,81.52389717102056
680,4.0,4.158810373447675,0.15881037344767535,70.53940182166039,67.95946242527626,405.06113354113114,0.0,81.48888778686529
681,4.0,4.159175142522771,0.15917514252277076,70.5033502586496,67.95945964250078,405.0957866032652,0.0,81.45438385009771
682,4.0,4.159548660615181,0.15954866061518125,70.46731197307732,67.95946228500637,405.1312708220442,0.0,81.42005920410162
683,4.0,4.15992940802146,0.15992940802146016,70.43130466558398,67.95946837209374,405.1674418256407,0.0,81.38590431213385
684,4.0,4.160318895186251,0.16031889518625064,70.39530790904765,67.9594752008684,405.2044431062958,0.0,81.35192489624029
685,4.0,4.160750503666833,0.16075050366683286,70.35935649309249,67.95947925341943,405.2454459119511,0.0,81.31881332397467
686,4.0,4.161263480134822,0.1612634801348216,70.32344167977148,67.9594835897138,405.29417867641007,0.0,81.28732490539556
687,4.0,4.161785477735322,0.1617854777353216,70.28756815084249,67.95948482756388,405.3437684484575,0.0,81.25605010986334
688,4.0,4.162333692264886,0.1623336922648857,70.25175768054731,67.95948070807528,405.39584882876613,0.0,81.22534942626959
689,4.0,4.162872375601439,0.16287237560143897,70.21601184164987,67.95947687843994,405.44702374573865,0.0,81.19452667236328
690,4.0,4.1634185573485905,0.16341855734859045,70.18034181693379,67.95946889994728,405.49891101171806,0.0,81.16392707824707
691,4.0,4.163972757614886,0.16397275761488572,70.14474725278795,67.95946299626436,405.5515600370161,0.0,81.13356018066406
692,4.0,4.164533252062238,0.16453325206223823,70.10922932414888,67.95946024333651,405.6048070095146,0.0,81.1033935546875
693,4.0,4.16511841687913,0.16511841687912998,70.07379882181571,67.95946032603024,405.66039766711935,0.0,81.07379722595215
694,4.0,4.165802767801689,0.16580276780168912,70.0384529311176,67.95946995924805,405.72541100476246,0.0,81.04621696472168
695,4.0,4.1665137876836935,0.16651378768369351,70.00319958782552,67.95947412729765,405.79295789355285,0.0,81.01924896240234
696,4.0,4.167215750361832,0.1672157503618319,69.96805597069567,67.95947466237604,405.85964434797603,0.0,80.99221801757812
697,4.0,4.16794330765989,0.16794330765988974,69.93302522248082,67.95947629690819,405.9287622912915,0.0,80.96580123901367
698,4.0,4.168677246373389,0.168677246373389,69.89811712652515,67.9594745646907,405.99848646907395,0.0,80.93963623046875
699,4.0,4.169399151751622,0.16939915175162223,69.86333731585464,67.95947100658437,406.0670674800061,0.0,80.91337203979492
700,4.0,4.17014566629099,0.17014566629099015,69.82867778708456,67.9594738534748,406.137986361246,0.0,80.88771057128906
701,4.0,4.170879101928336,0.17087910192833622,69.79416720870164,67.95946938824535,406.2076627467939,0.0,80.86195373535156
702,4.0,4.1716352072399445,0.17163520723994452,69.75978676233896,67.95946759722088,406.27949275139673,0.0,80.83677291870117
703,4.0,4.172431939056317,0.1724319390563167,69.72554295595287,67.95946129424121,406.3551822739521,0.0,80.8125228881836
704,4.0,4.173305582706641,0.1733055827066412,69.69144941362175,67.95946341958494,406.43817842073287,0.0,80.78992080688477
705,4.0,4.174184560444071,0.17418456044407105,69.65750155670092,67.95947196973583,406.5216813057887,0.0,80.76757431030273
706,4.0,4.1750678275435265,0.17506782754352646,69.62372013446162,67.95947948202455,406.605591680237,0.0,80.74548721313477
707,4.0,4.175954190512374,0.17595419051237382,69.59010859148438,67.95947786366771,406.6897961622775,0.0,80.72364044189453
708,4.0,4.1768429225139245,0.17684292251392453,69.5566658468436,67.959477266436,406.7742257024248,0.0,80.70201873779297
709,4.0,4.177733897900905,0.17773389790090466,69.52340051498848,67.95946781476596,406.8588683641879,0.0,80.68062973022461
710,4.0,4.178625745034064,0.17862574503406403,69.49031562750159,67.95946701270618,406.94359384183804,0.0,80.65945053100586
711,4.0,4.179518353925863,0.17951835392586268,69.45741291740278,67.9594645900377,407.02839168655896,0.0,80.63848114013672
712,4.0,4.180411826536572,0.18041182653657195,69.42468402259041,67.95946663616661,407.1132715845763,0.0,80.61771392822266
713,4.0,4.181395530092583,0.18139553009258336,69.39214996706524,67.95946105114449,407.2067234223974,0.0,80.59889602661133
714,4.0,4.182416556894026,0.18241655689402592,69.35981343176107,67.9594643283584,407.30372096853444,0.0,80.58100891113281
715,4.0,4.183421233969789,0.18342123396978938,69.32766514689092,67.95946726820756,407.39916529073196,0.0,80.56300735473633
716,4.0,4.184423433563893,0.184423433563893,69.29573742315286,67.95947305239521,407.49437425217184,0.0,80.54519653320312
717,4.0,4.185444014363011,0.18544401436301072,69.26400968948224,67.95947825514224,407.591329428088,0.0,80.5279541015625
718,4.0,4.1864443734125105,0.18644437341251052,69.2324907831811,67.95947417735361,407.6863635377905,0.0,80.51054763793945
719,4.0,4.187460982591864,0.1874609825918636,69.20120048162741,67.95947575944973,407.78294140982905,0.0,80.49370193481445
720,4.0,4.188457402740586,0.1884574027405863,69.17011779309935,67.9594799386837,407.87760132395766,0.0,80.47669219970703
721,4.0,4.189450773119353,0.18945077311935332,69.13926084146026,67.9594797869966,407.97197150994054,0.0,80.45986938476562
722,4.0,4.1904788625412435,0.19047886254124347,69.10861935300211,67.95947541524954,408.0696400050201,0.0,80.4439468383789
723,4.0,4.191596815346233,0.19159681534623285,69.0781926768319,67.95947413440237,408.1758455214941,0.0,80.42998123168945
724,4.0,4.192712708123586,0.19271270812358576,69.04799630061494,67.95946785412845,408.28185533534264,0.0,80.41622543334961
725,4.0,4.193827914562256,0.1938279145622559,69.01803358557387,67.95945682474893,408.3877999470163,0.0,80.4027099609375
726,4.0,4.194920517464782,0.1949205174647819,68.98830466681034,67.95945635018985,408.49159722275624,0.0,80.3890151977539
727,4.0,4.196029200524275,0.19602920052427475,68.95883098155366,67.9594573135461,408.5969221134081,0.0,80.37590789794922
728,4.0,4.197133519165852,0.19713351916585165,68.92959505483756,67.95945866260342,408.7018323843579,0.0,80.36297607421875
729,4.0,4.198234138781496,0.19823413878149587,68.9006085853877,67.95946925492642,408.8063912478441,0.0,80.35024642944336
730,4.0,4.199330898152258,0.19933089815225813,68.87187721482262,67.95947084803649,408.9105833880665,0.0,80.33772277832031
731,4.0,4.20040359863518,0.2004035986351802,68.84338188540517,67.95947785407826,409.0124899339441,0.0,80.32499694824219
732,4.0,4.201488289246091,0.2014882892460914,68.81513617675978,67.95947928463701,409.11553554198065,0.0,80.31277465820312
733,4.0,4.202658884638745,0.20265888463874493,68.78714591107223,67.95947864861031,409.2267421042828,0.0,80.30247497558594
734,4.0,4.20384510952331,0.2038451095233098,68.7593925391669,67.95947340879657,409.33943346831643,0.0,80.29273223876953
735,4.0,4.205025499994591,0.20502549999459063,68.73190694969402,67.95947236457019,409.45157056308807,0.0,80.28317260742188
736,4.0,4.206219746944198,0.20621974694419798,68.70468060135889,67.9594671380025,409.5650240233008,0.0,80.27416229248047
737,4.0,4.207390956196762,0.20739095619676196,68.67770866677712,67.95946588177796,409.67628890229435,0.0,80.2649917602539
738,4.0,4.2085551241587,0.2085551241586998,68.65101670553068,67.95946267636248,409.7868848586785,0.0,80.25599670410156
739,4.0,4.209713609184289,0.2097136091842886,68.62458873260087,67.95946716627601,409.8969409361094,0.0,80.24718475341797
740,4.0,4.210865918550914,0.21086591855091363,68.59842592734846,67.95946877706862,410.00641032593876,0.0,80.2385482788086
741,4.0,4.212029495885654,0.21202949588565367,68.57253088735709,67.95947108118415,410.11695017273905,0.0,80.23042297363281
742,4.0,4.213167439697403,0.21316743969740326,68.54691074122131,67.95946931098797,410.2250548348553,0.0,80.22211456298828
743,4.0,4.2142984745219545,0.2142984745219545,68.52155362902256,67.95946869123432,410.33250314318764,0.0,80.2139663696289
744,4.0,4.2154212723174735,0.21542127231747354,68.49646776261996,67.95947490094866,410.43916893376195,0.0,80.20596313476562
745,4.0,4.216664447767189,0.2166644477671893,68.47164865243631,67.95946937372601,410.55727060148496,0.0,80.20054626464844
746,4.0,4.217882915248042,0.21788291524804215,68.44708884567206,67.95946734279907,410.67302501216597,0.0,80.1949462890625
747,4.0,4.223849962486004,0.2238499624860042,68.42280598630052,67.95946395944561,411.2398944997724,0.0,80.27990736067295
748,4.0,4.225062854763429,0.22506285476342924,68.39898455015359,67.95946350387075,411.35511926612776,0.0,80.27500247955322
749,4.0,4.226229309197007,0.22622930919700668,68.37577893673337,67.95946895683488,411.46593243731763,0.0,80.2699224948883
750,4.0,4.227396471817224,0.2273964718172241,68.35307170700393,67.95945139046137,411.57681288623826,0.0,80.26542615890503
751,4.0,4.228532322633038,0.22853232263303802,68.33079307116441,67.95944722058003,411.6847187137406,0.0,80.26082420349121
752,4.0,4.229676093067127,0.22967609306712689,68.30889526077645,67.95944714517805,411.793376904979,0.0,80.25680589675903
753,4.0,4.230812875893634,0.2308128758936343,68.28733427546692,67.95945046645899,411.90137127349726,0.0,80.2530369758606
754,4.0,4.231832417265948,0.23183241726594783,68.26608238163796,67.95945121977492,411.99822770386703,0.0,80.24739456176758
755,4.0,4.232828608515932,0.23282860851593234,68.24513202863113,67.95945567683385,412.09286587261556,0.0,80.24165201187134
756,4.0,4.233822597304258,0.23382259730425758,68.2244573222428,67.95943627214136,412.1872948075065,0.0,80.23618030548096
757,4.0,4.234851257162663,0.23485125716266264,68.20404423393356,67.95945051168928,412.28501749405496,0.0,80.23166179656982
758,4.0,4.235878282831419,0.2358782828314192,68.183887824181,67.95946749099006,412.3825849325868,0.0,80.22740268707275
759,4.0,4.236977866984031,0.23697786698403078,68.16398056095127,67.95948296231754,412.4870454270849,0.0,80.22479915618896
760,4.0,4.2380962090507115,0.2380962090507115,68.14431343762554,67.95949710781419,412.59328792341955,0.0,80.22282123565674
761,4.0,4.239195521066395,0.23919552106639497,68.12490824569352,67.95949464296291,412.6977225649095,0.0,80.22077941894531
762,4.0,4.24031115283771,0.24031115283770976,68.10576351403124,67.95949978867621,412.8037075831844,0.0,80.21934127807617
763,4.0,4.241424667754891,0.2414246677548908,68.08687248304716,67.95947881799857,412.9094915003166,0.0,80.21815013885498
764,4.0,4.242517279795814,0.2425172797958144,68.06823448569213,67.95946358060066,413.01328964420435,0.0,80.21685028076172
765,4.0,4.24362588516317,0.24362588516317008,68.04986821060342,67.95945098746938,413.11860715410313,0.0,80.21616172790527
766,4.0,4.244712198281174,0.2447121982811744,68.03175557939007,67.95944470615356,413.22180690031354,0.0,80.21533966064453
767,4.0,4.245813214033296,0.24581321403329603,68.01391318474191,67.95943666811054,413.3264033967651,0.0,80.21510314941406
768,4.0,4.2469301100924675,0.24693011009246746,67.99631891280931,67.95944620065823,413.4325085223864,0.0,80.2154483795166
769,4.0,4.249795368884562,0.24979536888456177,67.97898654666646,67.95945535094732,413.7047081076353,0.0,80.24910616874695
770,4.0,4.250879109750129,0.2508791097501293,67.96198414820888,67.95946420653708,413.80766348986424,0.0,80.24949407577515
771,4.0,4.251948053967453,0.25194805396745323,67.94536594631386,67.95947534112251,413.90921319051006,0.0,80.25004625320435
772,4.0,4.25298517237775,0.2529851723777501,67.92909691571955,67.9594767403707,414.00773943948826,0.0,80.25040054321289
773,4.0,4.254030054358032,0.25403005435803205,67.91313457142908,67.95948122201031,414.10700322761505,0.0,80.25125432014465
774,4.0,4.255045912131846,0.2550459121318456,67.8974539931275,67.95948052439887,414.2035097161273,0.0,80.25188446044922
775,4.0,4.256069822805852,0.256069822805852,67.88206164270956,67.95949040063988,414.3007812301579,0.0,80.25299835205078
776,4.0,4.257177761065256,0.2571777610652557,67.86693635622646,67.95950065601816,414.40603536480126,0.0,80.25600337982178
777,4.0,4.258239505197003,0.258239505197003,67.85207125578144,67.9595097675575,414.5069010573173,0.0,80.25843620300293
778,4.0,4.2592369603439,0.2592369603439,67.83746206645445,67.95951433236876,414.6016592962725,0.0,80.2599515914917
779,4.0,4.2602068915842155,0.2602068915842155,67.82310690680013,67.95951747277424,414.69380276410243,0.0,80.26124095916748
780,4.0,4.261187628943395,0.26118762894339476,67.8089956174666,67.95951037921905,414.7869728132245,0.0,80.263014793396
781,4.0,4.262140788916082,0.2621407889160823,67.79513937436904,67.95950143304935,414.8775230106298,0.0,80.26456356048584
782,4.0,4.263103851977425,0.2631038519774247,67.78153212461069,67.95948651130354,414.9690140014573,0.0,80.26658630371094
783,4.0,4.264058931171496,0.2640589311714958,67.76814647461003,67.9594794549062,415.0597465248941,0.0,80.26871395111084
784,4.0,4.2649860519288785,0.2649860519288785,67.75499846051717,67.95947040591452,415.14782299684543,0.0,80.27058982849121
785,4.0,4.265922648912279,0.26592264891227924,67.74207830495303,67.95946827258521,415.2367997102685,0.0,80.27290725708008
786,4.0,4.266887602424075,0.2668876024240747,67.7293783295755,67.95947093964325,415.3284702938891,0.0,80.2760124206543
787,4.0,4.267916292459521,0.2679162924595211,67.71691968666917,67.95947051887288,415.4261958472565,0.0,80.28059577941895
788,4.0,4.2689342747061,0.2689342747061003,67.70468512565976,67.95947927346556,415.5229041606815,0.0,80.28523635864258
789,4.0,4.2699428766756915,0.2699428766756915,67.69268872679014,67.95948666529644,415.6187213477927,0.0,80.28997611999512
790,4.0,4.270937825012918,0.2709378250129184,67.68093847603679,67.95949419766488,415.71324143982923,0.0,80.29474449157715
791,4.0,4.271921559519307,0.2719215595193072,67.6694163365311,67.95948556244836,415.8066962179362,0.0,80.2995662689209
792,4.0,4.272894015458499,0.27289401545849934,67.65813272693687,67.95947277034601,415.8990795321594,0.0,80.30445289611816
793,4.0,4.273854117818843,0.2738541178188427,67.647093164184,67.95945629696274,415.99028925639203,0.0,80.30939102172852
794,4.0,4.2748035672686475,0.2748035672686475,67.63628493637223,67.95945295654367,416.0804869541235,0.0,80.31439781188965
795,4.0,4.275741234656258,0.275741234656258,67.62570960832728,67.95945183647626,416.1695653559465,0.0,80.31945419311523
796,4.0,4.276667290177573,0.2766672901775733,67.61537388197966,67.95945017510378,416.25754063047145,0.0,80.32457160949707
797,4.0,4.27758091008281,0.2775809100828104,67.60526806347588,67.95946649711964,416.34433452146897,0.0,80.3297233581543
798,4.0,4.278482167776399,0.27848216777639934,67.59538754794154,67.95948793261564,416.4299540023599,0.0,80.33490562438965
799,4.0,4.2793721139246035,0.2793721139246035,67.58572835020993,67.95949608155733,416.5144988864393,0.0,80.34013366699219
800,4.0,4.28027012052144,0.28027012052143974,67.57628600500117,67.95950258505059,416.5998095131388,0.0,80.34576606750488
801,4.0,4.281252070220039,0.28125207022003895,67.56705770597283,67.95950528980538,416.6930947345057,0.0,80.35322380065918
802,4.0,4.282110763694859,0.28211076369485877,67.55806726600005,67.95951023673346,416.77467061461357,0.0,80.35864639282227
803,4.0,4.282942836527281,0.2829428365272806,67.54928705562683,67.95950221967857,416.8537175336936,0.0,80.36381530761719
804,4.0,4.28378277464291,0.28378277464291024,67.54072606150723,67.95949861874743,416.93351165467845,0.0,80.36938858032227
805,4.0,4.284631645589659,0.28463164558965914,67.53238660660054,67.95948870960324,417.0141543946196,0.0,80.3753890991211
806,4.0,4.2854545598341724,0.28545455983417245,67.52425114887905,67.95948131267556,417.0923312478484,0.0,80.38114166259766
807,4.0,4.286269061196662,0.28626906119666184,67.51632181883991,67.95947502462914,417.16970887728485,0.0,80.38697814941406
808,4.0,4.287055727712848,0.2870557277128478,67.50859356721504,67.95947400261709,417.24444219632255,0.0,80.39252853393555
809,4.0,4.287946749102824,0.28794674910282403,67.50106373346063,67.95947903364595,417.32908922837026,0.0,80.4002685546875
810,4.0,4.288868364906425,0.288868364906425,67.49372478260251,67.9594801264406,417.41664272971235,0.0,80.40880584716797
811,4.0,4.289781433534639,0.2897814335346389,67.48660027978102,67.95948668897849,417.5033842493927,0.0,80.41743469238281
812,4.0,4.29066770867515,0.2906677086751497,67.47968894861862,67.95949259621591,417.5875803877412,0.0,80.42581176757812
813,4.0,4.291543605718486,0.2915436057184859,67.4730012391168,67.9594968093237,417.67079060685813,0.0,80.43425750732422
814,4.0,4.292411402867681,0.29241140286768097,67.46651715464978,67.95949818319242,417.75323133603166,0.0,80.44279098510742
815,4.0,4.293287503951787,0.29328750395178727,67.46025387002959,67.95949716370616,417.8364609390218,0.0,80.45174026489258
816,4.0,4.294155353459667,0.2941553534596668,67.45419631462667,67.95949939468242,417.9189066422703,0.0,80.46077728271484
817,4.0,4.294995018984975,0.2949950189849746,67.44834399880949,67.95949584675678,417.99867486717454,0.0,80.46952819824219
818,4.0,4.295825981880044,0.2958259818800437,67.4426977309468,67.95948991161453,418.0776163422061,0.0,80.47835922241211
819,4.0,4.296644866860631,0.29664486686063096,67.43727197905402,67.95948689716622,418.1554104153619,0.0,80.48722457885742
820,4.0,4.2974731611330785,0.29747316113307853,67.43206175359376,67.95948212026246,418.23409837124444,0.0,80.49652099609375
821,4.0,4.298290190193894,0.29829019019389413,67.42705581220793,67.95948743643478,418.3117161320219,0.0,80.5058479309082
822,4.0,4.299076803697595,0.29907680369759504,67.42226044969661,67.9594906682494,418.3864444148735,0.0,80.51485443115234
823,4.0,4.299798670204838,0.2997986702048383,67.41766120442738,67.95948794562091,418.45502173306164,0.0,80.52288055419922
824,4.0,4.300490514245111,0.3004905142451113,67.41325949853932,67.9594842572427,421.3754068022161,0.0,80.53057861328125
825,4.0,4.301060508090709,0.3010605080907087,67.41018142377744,67.95948622699068,421.4295562175479,0.0,80.5375747680664
826,4.0,4.301487175018017,0.3014871750180168,67.40936615383536,67.95948324028511,421.47008957564213,0.0,80.54458999633789
827,4.0,4.301814881062624,0.301814881062624,67.4100985498595,67.95948760634332,424.36846301997474,0.0,80.55160140991211
828,4.0,4.302037720568799,0.30203772056879874,67.41302948235739,67.95948591515781,424.38963277306135,0.0,80.55927658081055
829,4.0,4.302093813223541,0.3020938132235411,67.41879976007455,67.95947920880118,424.3949615752619,0.0,80.56722259521484
830,4.0,4.302082815120364,0.3020828151203636,67.42646409859836,67.95947877129576,427.2637034991035,0.0,80.57617568969727
831,4.0,4.3019304618648615,0.3019304618648615,67.43655814516991,67.95948730200904,427.2492299398308,0.0,80.58538436889648
832,4.0,4.301583106338026,0.3015831063380263,67.44961466822353,67.95949245679563,427.21623116478145,0.0,80.59447860717773
833,4.0,4.3010458381573,0.30104583815730024,67.46462079976085,67.95949360141216,430.0251261501068,0.0,80.60234069824219
834,4.0,4.300402364525501,0.3004023645255014,67.48204445620534,67.95949651036521,429.9639961550859,0.0,80.6110954284668
835,4.0,4.2995448284152635,0.29954482841526353,67.50238038686071,67.95950284994687,429.88253022461333,0.0,80.61930847167969
836,4.0,4.29857448929533,0.2985744892953299,67.52460817610522,67.95949844961602,429.7903480082196,0.0,80.62765502929688
837,4.0,4.297496233005448,0.2974962330054476,67.54805648951896,67.9594948317731,429.6879136606808,0.0,80.63542175292969
838,4.0,4.296360460458901,0.2963604604589012,67.57222938179788,67.95949584114594,429.5800152687589,0.0,80.64295959472656
839,4.0,4.295054689153951,0.29505468915395117,67.59682039402941,67.95948931729612,429.45596699478864,0.0,80.64778900146484
840,4.0,4.2936308346368115,0.2936308346368115,67.62159730891912,67.95948619460675,429.32070081566036,0.0,80.65060424804688
841,4.0,4.292191064282853,0.2921910642828527,67.64639833851493,67.95948024895343,429.1839226320343,0.0,80.65312957763672
842,4.0,4.290872436975975,0.29087243697597476,67.67112334936333,67.95947939714239,429.0586530378809,0.0,80.65782165527344
843,4.0,4.289532715949432,0.28953271594943164,67.69568421593893,67.95947660526556,428.9313795403593,0.0,80.66190338134766
844,4.0,4.288172679150544,0.2881726791505441,67.72003683618388,67.95948327193571,428.802176044465,0.0,80.66533660888672
845,4.0,4.286685104350531,0.2866851043505312,67.74414587864148,67.95948122293932,428.6608564384637,0.0,80.66606140136719
846,4.0,4.285255710335491,0.28525571033549113,67.76797969087978,67.95948794118952,428.5250640070349,0.0,80.66753387451172
847,4.0,4.283866612081479,0.28386661208147856,67.79151871568006,67.9594957094972,428.39309967290376,0.0,80.66939544677734
848,4.0,4.282535422145855,0.28253542214585536,67.81471398767819,67.95949792983481,428.26663662901956,0.0,80.67192077636719
849,4.0,4.281203550325451,0.28120355032545064,67.837639378682,67.95949861817802,428.1401088060811,0.0,80.6740951538086
850,4.0,4.279852957032857,0.2798529570328574,67.86025338806984,67.95949931580552,428.01180244328475,0.0,80.67552947998047
851,4.0,4.2785428863707775,0.2785428863707775,67.88255329928565,67.95950261124821,427.88734573038715,0.0,80.67733764648438
852,4.0,4.277212005319997,0.27721200531999735,67.90455511288066,67.95949551954317,427.760912030563,0.0,80.67838287353516
853,4.0,4.275791218236771,0.2757912182367708,67.92625168886379,67.95948985098978,427.6259372576565,0.0,80.67735290527344
854,4.0,4.274388528452128,0.27438852845212836,67.94764930157979,67.95948643977728,427.4926817281155,0.0,80.6762924194336
855,4.0,4.27128267103837,0.27128267103837,67.96875478302151,67.9594808937294,427.19762527380846,0.0,80.64271235466003
856,4.0,4.26993001562724,0.2699300156272404,67.98949557369869,67.95948381178134,427.06912300975114,0.0,80.64177441596985
857,4.0,4.268498390018216,0.26849839001821607,68.00979394709086,67.95948447378497,426.93311857689383,0.0,80.63880443572998
858,4.0,4.267149604577619,0.26714960457761894,68.02969038379435,67.95948860566986,426.8049839600371,0.0,80.63690733909607
859,4.0,4.265886471711563,0.2658864717115632,68.0492298260109,67.95948830662547,426.6849863377618,0.0,80.63619136810303
860,4.0,4.264594758920397,0.2645947589203974,68.06840841628718,67.95949006432916,426.562273622601,0.0,80.63449382781982
861,4.0,4.263349890516982,0.26334989051698177,68.08726562874912,67.95949137073544,426.4440111242766,0.0,80.63328790664673
862,4.0,4.262078785499599,0.2620787854995994,68.10580758928698,67.95949062078861,426.3232561476252,0.0,80.6311993598938
863,4.0,4.260836845460722,0.26083684546072217,68.1240413606935,67.9594949069983,426.2052718439319,0.0,80.62928485870361
864,4.0,4.259625116773426,0.25962511677342626,68.14197051567189,67.95949456956842,426.0901576186388,0.0,80.6275691986084
865,4.0,4.258388531737926,0.25838853173792575,68.1595926023603,67.95949419886455,425.97268204026625,0.0,80.62500762939453
866,4.0,4.257203504283445,0.25720350428344485,68.17693715778135,67.95949452763845,425.86010443209057,0.0,80.6230821609497
867,4.0,4.255994610193476,0.2559946101934756,68.19398085125104,67.95949419672425,425.7452594935435,0.0,80.62033748626709
868,4.0,4.254818635774478,0.2548186357744777,68.21075500506227,67.95949536702798,425.6335419237387,0.0,80.61788654327393
869,4.0,4.253679700323325,0.25367970032332465,68.22721956933947,67.95949491021045,425.52534305587915,0.0,80.61576080322266
870,4.0,4.252518296855379,0.25251829685537874,68.24340764388607,67.95949285459804,425.4150097264243,0.0,80.61287212371826
871,4.0,4.2514107277730115,0.25141072777301154,68.2593321457249,67.95948664105674,425.3097906635994,0.0,80.6106824874878
872,4.0,4.250285500063875,0.2502855000638746,68.2749791360487,67.95948788200415,425.2028940312314,0.0,80.60782051086426
873,4.0,4.249086427998819,0.24908642799881875,68.29036280258012,67.9594915354674,425.08898218505107,0.0,80.60323715209961
874,4.0,4.247830403442967,0.24783040344296658,68.30548124282338,67.95948517807564,424.9696598522451,0.0,80.59724998474121
875,4.0,4.2465372572391,0.24653725723910025,68.32033917236414,67.9594814584418,424.84681096287784,0.0,80.59024047851562
876,4.0,4.245258299579881,0.24525829957988066,68.33490550893688,67.95948502975722,424.72530998525195,0.0,80.58314576745033
877,4.0,4.243999313022212,0.24399931302221223,68.34918978194735,67.95949000241097,424.60570626227343,0.0,80.57608735561371
878,4.0,4.242777047954238,0.24277704795423816,68.36318328990268,67.95949115258811,424.4895910808159,0.0,80.5693736076355
879,4.0,4.241553983542892,0.24155398354289215,68.37688358997985,67.95949060250511,424.373399961738,0.0,80.56228971481323
880,4.0,4.24034674932032,0.24034674932032019,68.39028101406201,67.95949563393657,424.2587127105937,0.0,80.5551404953003
881,4.0,4.239153700820954,0.2391537008209541,68.40339237486843,67.95949098585508,424.14537310315393,0.0,80.54791498184204
882,4.0,4.238048084851838,0.2380480848518376,68.4162159721855,67.95949366715386,424.04033958608784,0.0,80.5420036315918
883,4.0,4.237011139780059,0.2370111397800594,68.42876208569861,67.95948867194393,423.94182980426893,0.0,80.53706312179565
884,4.0,4.2359696219470555,0.2359696219470555,68.44103647022563,67.95948894608964,423.8428856101336,0.0,80.53170871734619
885,4.0,4.234958443349519,0.23495844334951865,68.45306199740263,67.95948980094373,423.7468236433676,0.0,80.52663135528564
886,4.0,4.233960126993717,0.2339601269937166,68.46481716641051,67.95949362787337,423.6519835895664,0.0,80.52147388458252
887,4.0,4.23295609538935,0.23295609538935036,68.47631184247666,67.95949121967486,423.5566005871516,0.0,80.51589488983154
888,4.0,4.231982975540607,0.23198297554060687,68.4875656394825,67.95948965720297,423.46415420152096,0.0,80.5106143951416
889,4.0,4.231002251666916,0.2310022516669159,68.4985785126714,67.95949953942083,423.3709854335203,0.0,80.5048999786377
890,4.0,4.23007053743308,0.2300705374330798,68.50935626731211,67.95949321297955,423.28247258130585,0.0,80.49983596801758
891,4.0,4.22909508290526,0.2290950829052596,68.51991224785556,67.95949157104951,423.189804401163,0.0,80.49367332458496
892,4.0,4.22802041370917,0.22802041370916992,68.53022577368104,67.95949361123789,423.0877108275344,0.0,80.48533153533936
893,4.0,4.2269929143019045,0.2269929143019045,68.5402930072311,67.95949516331596,422.9900983838442,0.0,80.47759246826172
894,4.0,4.225956235262902,0.22595623526290165,68.55012814470372,67.9594946569272,422.89161387513894,0.0,80.46940040588379
895,4.0,4.224930200528705,0.22493020052870527,68.55971899298704,67.95949682981725,422.7941405753903,0.0,80.46111869812012
896,4.0,4.223934129861969,0.22393412986196903,68.56906541702847,67.95949694089937,422.69951386205037,0.0,80.45311546325684
897,4.0,4.2229112779434015,0.2229112779434015,68.57816987303053,67.95948640639826,422.60234292978646,0.0,80.4443130493164
898,4.0,4.221934439046577,0.22193443904657695,68.58703378808627,67.95948330859588,422.5095432345881,0.0,80.43610000610352
899,4.0,4.220910939606157,0.22091093960615726,68.59565638943307,67.95948015451248,422.41231078774825,0.0,80.42671012878418
900,4.0,4.219876753182433,0.21987675318243305,68.60404198793265,67.95948102651613,422.31406307749444,0.0,80.41683387756348
901,4.0,4.21877944506471,0.21877944506471003,68.61217736644387,67.95948353523468,422.20981880631075,0.0,80.40545654296875
902,4.0,4.2177289433328875,0.2177289433328875,68.62005525730929,67.95948326794756,422.1100211417876,0.0,80.3946647644043
903,4.0,4.216667651977327,0.2166676519773274,68.62769417797699,67.9594875442298,422.0091984630094,0.0,80.38338279724121
904,4.0,4.215597738912421,0.21559773891242084,68.63508477145486,67.95949553401451,421.90755672184326,0.0,80.37164115905762
905,4.0,4.214555944384958,0.21455594438495762,68.64222806209762,67.95950053735363,421.80858624173425,0.0,80.36014175415039
906,4.0,4.213506186459439,0.21350618645943875,68.64911025992889,67.95950098733152,421.70885923880996,0.0,80.34818077087402
907,4.0,4.2125391692410945,0.2125391692410945,68.65574111179416,67.95949240665814,421.6169926030673,0.0,80.33749961853027
908,4.0,4.211602195803741,0.2116021958037413,68.66211671249877,67.95949380528299,421.5279801265187,0.0,80.32708930969238
909,4.0,4.210620955049784,0.21062095504978373,68.6682435241849,67.95949588252797,421.43476225489275,0.0,80.3155403137207
910,4.0,4.209742110061068,0.20974211006106813,68.67413651467508,67.95948695576092,421.3512719809648,0.0,80.30566787719727
911,4.0,4.208874485154099,0.2088744851540989,68.67979014666662,67.95948680321278,421.26884761480267,0.0,80.29572677612305
912,4.0,4.208018154845131,0.20801815484513142,68.68520301059161,67.95948483272775,421.1874962354508,0.0,80.28571701049805
913,4.0,4.207192165444742,0.2071921654447424,68.69039689216254,67.95948196829117,421.10902724241384,0.0,80.27602767944336
914,4.0,4.206359868713503,0.20635986871350287,68.69537587077168,67.95948258568275,421.0299590529461,0.0,80.26596450805664
915,4.0,4.205538006449168,0.2055380064491681,68.70013738439663,67.95948740149815,420.9518821378343,0.0,80.25584411621094
916,4.0,4.204727243911121,0.20472724391112074,68.70469979440131,67.95948589782301,420.87485969671974,0.0,80.24570083618164
917,4.0,4.203929030181482,0.20392903018148179,68.70905233237458,67.95949169407002,420.79902939240407,0.0,80.23554992675781
918,4.0,4.20316082104818,0.20316082104818012,68.71320679549503,67.95949436450286,420.7260495247404,0.0,80.22573852539062
919,4.0,4.202386991051892,0.20238699105189184,68.71716711604127,67.959498241304,420.652535675093,0.0,80.21559143066406
920,4.0,4.201625775719862,0.20162577571986162,68.72092910885804,67.959495211844,420.58022021855015,0.0,80.20545196533203
921,4.0,4.200878742900263,0.20087874290026342,68.7244931354011,67.95949095903092,420.50925210068834,0.0,80.19535064697266
922,4.0,4.200126340272921,0.20012634027292098,68.72787164773654,67.95948986452267,420.4377738510908,0.0,80.18492889404297
923,4.0,4.199297331400523,0.19929733140052264,68.73106301295638,67.95948779848325,420.35901800821296,0.0,80.17282485961914
924,4.0,4.198482591836257,0.19848259183625672,68.73406455457561,67.95948860799695,420.2816177496077,0.0,80.16077041625977
925,4.0,4.197684019038788,0.19768401903878807,68.73685160374802,67.95948291165571,420.2057533338482,0.0,80.14877319335938
926,4.0,4.196882888726107,0.19688288872610737,68.73944600624483,67.9594828875002,420.1296459541435,0.0,80.13650131225586
927,4.0,4.196116619581837,0.19611661958183735,68.74184338867386,67.95948160718937,420.0568503854378,0.0,80.12466430664062
928,4.0,4.195365152955682,0.1953651529556817,68.74404819665297,67.95948851538138,419.98546105595307,0.0,80.11288452148438
929,4.0,4.194630133836029,0.19463013383602856,68.74605626100646,67.95949190142095,419.915634239586,0.0,80.10118865966797
930,4.0,4.193912982636251,0.19391298263625067,68.74788346466224,67.95946146534361,419.8475048756071,0.0,80.0896224975586
931,4.0,4.193196676617098,0.19319667661709783,68.74951403358006,67.95946089553134,419.7794558037876,0.0,80.07784271240234
932,4.0,4.19251547800132,0.19251547800131963,68.75096906989505,67.95947048030283,419.71474193528866,0.0,80.0665283203125
933,4.0,4.1918533221665015,0.19185332216650153,68.75223346563222,67.9594842257925,419.65183713098094,0.0,80.05535507202148
934,4.0,4.191226606812433,0.19122660681243264,68.7533231865611,67.95947268156273,419.5922991723444,0.0,80.0446548461914
935,4.0,4.190597701596893,0.19059770159689293,68.75424270627738,67.95946468832415,419.53255317686813,0.0,80.0337142944336
936,4.0,4.189973541589814,0.18997354158981405,68.75499614151524,67.95935223349915,419.4732579761956,0.0,80.02267074584961
937,4.0,4.189390237136795,0.18939023713679504,68.75558737829394,67.95933320793095,419.41784405315883,0.0,80.0122184753418
938,4.0,4.188848885099776,0.18884888509977582,68.75601144137646,67.95934268521711,419.366415609642,0.0,80.00237274169922
939,4.0,4.188330721379129,0.18833072137912943,68.75628774864302,67.95938029884519,419.3171900561806,0.0,79.9927978515625
940,4.0,4.18781627941873,0.1878162794187297,68.75641120044897,67.95942388676029,419.2683180699426,0.0,79.98311614990234
941,4.0,4.187240080380414,0.1872400803804144,68.75639758779991,67.95921812271378,419.2135791613027,0.0,79.97209548950195
942,4.0,4.1866580429266795,0.18665804292667953,68.7562469627725,67.95917569613039,419.15828560319784,0.0,79.9608039855957
943,4.0,4.1861437688366525,0.1861437688366525,68.755944508983,67.95919508946183,419.10942956464527,0.0,79.95063018798828
944,4.0,4.185640921234675,0.18564092123467457,68.7555034974507,67.95926342958391,419.0616590424574,0.0,79.94051361083984
945,4.0,4.1851505231117425,0.18515052311174252,68.75492348254767,67.959345741307,419.01507122077885,0.0,79.93047332763672
946,4.0,4.18464337071927,0.18464337071926984,68.75421167124422,67.95899230736299,418.96689174349393,0.0,79.91996002197266
947,4.0,4.184103290651971,0.18410329065197129,68.75336463177837,67.95893928460855,418.91558413710055,0.0,79.90866088867188
948,4.0,4.18365657234637,0.18365657234637034,68.75238802011998,67.95900090568571,418.87314589806846,0.0,79.89899444580078
949,4.0,4.183209323136025,0.18320932313602523,68.75128204502914,67.9590986078682,418.83065722308567,0.0,79.88916778564453
950,4.0,4.182708958152289,0.18270895815228894,68.75005077429546,67.95921736533927,418.7831225496307,0.0,79.87818145751953
951,4.0,4.182238483465089,0.1822384834650892,68.74869562998651,67.95872499419636,418.7384274543468,0.0,79.86762237548828
952,4.0,4.181813416440069,0.1818134164400691,68.74721764944509,67.95866193366889,418.69804608696984,0.0,79.8577880859375
953,4.0,4.181343692819654,0.18134369281965412,68.74561307604264,67.95874269803483,418.65342234303046,0.0,79.84695434570312
954,4.0,4.180881200513558,0.18088120051355805,68.74388924143157,67.95890447735881,418.6094855739513,0.0,79.83612060546875
955,4.0,4.180483937925214,0.18048393792521367,68.74204506605858,67.95912362959868,418.5717456280586,0.0,79.8263931274414
956,4.0,4.180053619857743,0.18005361985774293,68.74008049203393,67.95930555075772,418.53086541164885,0.0,79.8158950805664
957,4.0,4.1796032908416265,0.17960329084162652,68.73800433186003,67.9585584501757,418.4880841551178,0.0,79.80488586425781
958,4.0,4.1792071965653035,0.17920719656530348,68.73581121689796,67.9584124839297,418.45045519886713,0.0,79.7947769165039
959,4.0,4.1787877254218095,0.17878772542180954,68.7335026706014,67.95846032127723,418.4106054402352,0.0,79.78408813476562
960,4.0,4.178400533948701,0.17840053394870115,68.73108995078081,67.9586413107267,418.3738222502899,0.0,79.77389526367188
961,4.0,4.187978031885154,0.18797803188515427,68.72856567533724,67.95889338179576,419.28368455425294,0.0,79.95381200313568
962,4.0,4.187588492132318,0.18758849213231787,68.7263180826763,67.95795594568132,419.2466782777335,0.0,79.94376075267792
963,4.0,4.187116039014051,0.18711603901405116,68.72466193639892,67.95786141936141,419.2017952314981,0.0,79.93281507492065
964,4.0,4.186677326012596,0.186677326012596,68.72336992101236,67.95804104528011,419.16011749635993,0.0,79.92293739318848
965,4.0,4.186172767360749,0.18617276736074917,68.72228473233206,67.95837019386194,419.1121844244345,0.0,79.91204357147217
966,4.0,4.185715728577596,0.18571572857759566,68.72129509948404,67.95878152157644,419.0687657400349,0.0,79.90216827392578
967,4.0,4.18521724678243,0.1852172467824298,68.72033603987161,67.95758244979616,419.02140996949413,0.0,79.8915376663208
968,4.0,4.184737299656558,0.18473729965655838,68.7193517377913,67.95745460461842,418.97581499253636,0.0,79.88123178482056
969,4.0,4.184253167621041,0.1842531676210406,68.71831122131773,67.95766521267902,418.92982244916215,0.0,79.87078094482422
970,4.0,4.183746806465472,0.18374680646547237,68.71719613618684,67.95807226412438,418.88171813938317,0.0,79.85981941223145
971,4.0,4.183291129163791,0.1832911291637913,68.71598193778593,67.9585406550123,418.8384287957235,0.0,79.84971046447754
972,4.0,4.182809523432865,0.18280952343286483,68.71467632381388,67.95705974883661,418.79267625128546,0.0,79.8390007019043
973,4.0,4.182344444118009,0.18234444411800865,68.71324829143965,67.95690638629692,418.7484937163741,0.0,79.82846450805664
974,4.0,4.192120751876889,0.19212075187688882,68.71171303666074,67.95717471937488,419.6772429534677,0.0,80.01327725499868
975,4.0,4.191615287687165,0.1916152876871653,68.71045403669396,67.95768827701963,419.62922385544397,0.0,80.00216376781464
976,4.0,4.191072716036328,0.19107271603632814,68.70980099945245,67.95831376811019,419.57767954861447,0.0,79.9910478591919
977,4.0,4.19056181758737,0.19056181758737,68.70949803329684,67.95656912390842,419.52914419596345,0.0,79.98094415664673
978,4.0,4.19000649809816,0.1900064980981604,68.70940864655903,67.95640948335672,419.47638884448855,0.0,79.97024130821228
979,4.0,4.189456133265139,0.18945613326513921,68.70940884128468,67.95675204298952,419.4241041853515,0.0,79.9597373008728
980,4.0,4.188915000917013,0.18891500091701285,68.70942582116488,67.95737954526938,419.3726966122795,0.0,79.94942903518677
981,4.0,4.188367455521234,0.18836745552123357,68.70940169294991,67.958111734184,419.3206797996805,0.0,79.93895053863525
982,4.0,4.187793489802708,0.18779348980270782,68.70931258902968,67.95879688121438,419.26615305642053,0.0,79.92789220809937
983,4.0,4.187279051206166,0.18727905120616573,68.70912891014176,67.95681151279346,419.217281389749,0.0,79.91786003112793
984,4.0,4.1867059802204265,0.1867059802204265,68.70884834536469,67.95644544010868,419.1628396461038,0.0,79.90659618377686
985,4.0,4.196493466906487,0.19649346690648706,68.70844499858397,67.95660621418644,420.09265088127955,0.0,80.09292793273926
986,4.0,4.1959281892600035,0.19592818926000355,68.70830950411273,67.9570829959598,420.03894950486364,0.0,80.08198130130768
987,4.0,4.195324812901474,0.1953248129014744,68.70876989954779,67.9577348359648,419.98162875080334,0.0,80.07100200653076
988,4.0,4.194730067449328,0.19473006744932775,68.70958657674957,67.95571440378781,419.9251279328494,0.0,80.06060242652893
989,4.0,4.194103284737588,0.1941032847375883,68.71058576226811,67.95557034001094,419.86558357523415,0.0,80.04980373382568
990,4.0,4.193463906046691,0.1934639060466914,68.71166043848605,67.95603960894405,419.804842599599,0.0,80.03885221481323
991,4.0,4.19284367298752,0.1928436729875198,68.71273365631934,67.9568760461304,419.74592045897765,0.0,80.02826404571533
992,4.0,4.192230832202871,0.1922308322028714,68.71375399964342,67.95780559763898,419.6877005844361,0.0,80.0177550315857
993,4.0,4.2009555732405595,0.20095557324055946,68.71469586673169,67.95586389783577,420.51655098301643,0.0,80.1853846013546
994,4.0,4.200304568336803,0.20030456833680343,68.71587453316286,67.95576467251462,420.4547055171596,0.0,80.17433381080627
995,4.0,4.199669366132637,0.1996693661326372,68.7175843658708,67.95620829568773,420.3943613077638,0.0,80.16420388221741
996,4.0,4.1989467693668825,0.1989467693668825,68.71959461384112,67.9569370209838,420.32571461501715,0.0,80.15275549888611
997,4.0,4.198273314352126,0.19827331435212603,68.72175242417613,67.95778357758726,420.26173638861525,0.0,80.14241647720337
998,4.0,4.197573557547081,0.19757355754708072,68.72395120113288,67.95580459533022,420.19525949213596,0.0,80.13162231445312
999,4.0,4.196878700223437,0.19687870022343734,68.7261314238665,67.95568341189535,420.1292480463898,0.0,80.12089920043945
1000,4.0,4.196205173056307,0.19620517305630703,68.72823873356003,67.95612813601355,420.06526296551243,0.0,80.11049747467041
1001,4.0,4.204848844325671,0.20484884432567085,68.73024647271622,67.95689776473202,420.88641173610205,0.0,80.27786040306091
1002,4.0,4.204140268533041,0.2041402685330409,68.73248736669117,67.95777998915796,420.8190970358022,0.0,80.26694941520691
1003,4.0,4.20342653752459,0.2034265375245896,68.73523578826786,67.95588951913008,420.7512925899993,0.0,80.25653171539307
1004,4.0,4.20267097286914,0.20267097286914026,68.73827397835441,67.95579603081157,420.6795139477316,0.0,80.24565243721008
1005,4.0,4.201926246757039,0.20192624675703907,68.74144234581712,67.95625191906517,420.608764967082,0.0,80.23513078689575
1006,4.0,4.201142441010565,0.2011424410105649,68.74464146380411,67.95701738133025,420.53430342116695,0.0,80.2238974571228
1007,4.0,4.20041737641001,0.20041737641000967,68.74780152269058,67.957905128152,420.4654222841142,0.0,80.21373891830444
1008,4.0,4.199670505511008,0.1996705055110084,68.75087370822085,67.95868627476679,420.3944695487091,0.0,80.20306015014648
1009,4.0,4.198913742772921,0.19891374277292062,68.75383504622417,67.95666691337097,420.3225770885908,0.0,80.19206190109253
1010,4.0,4.207487445551487,0.2074874455514868,68.7566544442163,67.9562952875396,421.1370788525545,0.0,80.3591001033783
1011,4.0,4.206737410484773,0.2067374104847728,68.75967080296144,67.95646356290669,421.0658255212167,0.0,80.34829986095428
1012,4.0,4.205954644910461,0.20595464491046123,68.76317559269708,67.95696379673466,420.9914627916571,0.0,80.33744382858276
1013,4.0,4.205130425955759,0.20513042595575914,68.7669530921802,67.95764344487606,420.9131619909604,0.0,80.32611298561096
1014,4.0,4.204311709113,0.204311709113,68.77081968346502,67.95571557786009,420.8353838908983,0.0,80.31498956680298
1015,4.0,4.203498376199659,0.20349837619965871,68.77469872439643,67.95560054984922,420.7581172641309,0.0,80.30398178100586
1016,4.0,4.20264618296374,0.20264618296373982,68.77851922072739,67.95608922924787,420.67715890671855,0.0,80.29216146469116
1017,4.0,4.201796590215291,0.20179659021529073,68.78223128789658,67.95691423522571,420.5964475956159,0.0,80.28026247024536
1018,4.0,4.210314258177803,0.21031425817780303,68.78580094095334,67.95785587316962,421.4056260520546,0.0,80.44717735052109
1019,4.0,4.209444466293957,0.20944446629395674,68.78956901259642,67.95602051991332,421.3229958230892,0.0,80.43496406078339
1020,4.0,4.208549907638706,0.20854990763870607,68.79377300247542,67.95593977311073,421.23801275084037,0.0,80.42278528213501
1021,4.0,4.207599743273224,0.2075997432732244,68.79824816887542,67.95637232372219,421.1477471361196,0.0,80.40985870361328
1022,4.0,4.206679756699313,0.20667975669931327,68.80279205948675,67.95708692315678,421.06034841159806,0.0,80.39758682250977
1023,4.0,4.205835545783513,0.20583554578351304,68.80732188572345,67.95788031581786,420.98014837459704,0.0,80.38674449920654
1024,4.0,4.204990413968394,0.20499041396839424,68.81179430239737,67.95594957404747,420.89986085216077,0.0,80.37581539154053
1025,4.0,4.204117430219049,0.20411743021904893,68.81611153511619,67.95579339076144,420.8169273959729,0.0,80.36417055130005
1026,4.0,4.212513623822049,0.21251362382204864,68.82026718440936,67.95620479963667,421.6145657882579,0.0,80.52953141927719
1027,4.0,4.211620190025345,0.2116201900253447,68.82455391783415,67.95696336530966,421.52968957757105,0.0,80.51746690273285
1028,4.0,4.210662528446388,0.2106625284463881,68.82931808646786,67.95781714112952,421.43871172757014,0.0,80.50473070144653
1029,4.0,4.209753061625392,0.20975306162539198,68.8342573989828,67.955978224098,421.35231237957555,0.0,80.49311828613281
1030,4.0,4.208818939102421,0.20881893910242066,68.83932476776351,67.95589356957142,421.2635707398932,0.0,80.48118162155151
1031,4.0,4.207883640818721,0.20788364081872057,68.84432020182366,67.95635003353165,421.1747174029417,0.0,80.46913576126099
1032,4.0,4.20691799966495,0.20691799966494973,68.8492035964924,67.95710036208663,421.08298149333353,0.0,80.45637607574463
1033,4.0,4.205951095175763,0.20595109517576304,68.85387605131673,67.9579460715353,420.9911255668608,0.0,80.44334316253662
1034,4.0,4.214417651370746,0.21441765137074587,68.8583543660219,67.95605249139098,421.79544840538415,0.0,80.61051780125126
1035,4.0,4.213462402732657,0.21346240273265682,68.86304379212442,67.95591960635653,421.7046997847657,0.0,80.59773498773575
1036,4.0,4.212458376511446,0.21245837651144583,68.86812767603143,67.95635778563506,421.6093172937506,0.0,80.58447813987732
1037,4.0,4.211506657096502,0.21150665709650163,68.87334563684657,67.95709299103653,421.51890394933093,0.0,80.57237601280212
1038,4.0,4.210537682001562,0.2105376820015623,68.87868413843756,67.95793340315,421.4268513153117,0.0,80.56008195877075
1039,4.0,4.209508820895447,0.2095088208954472,68.88391238215398,67.95869192754452,421.32910951023075,0.0,80.54651021957397
1040,4.0,4.208570372129909,0.20857037212990903,68.88893870007645,67.95669568600675,421.23995687750465,0.0,80.5344295501709
1041,4.0,4.207612129069913,0.2076121290699131,68.89390337772096,67.95633672422392,421.148923786805,0.0,80.52189540863037
1042,4.0,4.206641153580002,0.20664115358000235,68.89861161370995,67.95650652515641,421.05668111526353,0.0,80.5088152885437
1043,4.0,4.21502599037335,0.21502599037335024,68.90302840646137,67.95700820616828,421.8532406106316,0.0,80.67445987462997
1044,4.0,4.204143535866937,0.2041435358669368,68.90762076329986,67.95768892710208,420.81940743252227,0.0,80.47153566777706
1045,4.0,4.203196497300649,0.20319649730064882,68.91213005281419,67.95572330416184,420.72943876872495,0.0,80.45867323875427
1046,4.0,4.20221019605405,0.20221019605405033,68.91623051997165,67.95561160810497,420.6357401502981,0.0,80.44457960128784
1047,4.0,4.201332971851851,0.20133297185185128,68.91975135511116,67.95608381877784,420.55240385108914,0.0,80.43189549446106
1048,4.0,4.200400822386855,0.20040082238685475,68.92306310501436,67.9569032376628,420.4638496519145,0.0,80.41791415214539
1049,4.0,4.199565355115551,0.19956535511555096,68.92585248540088,67.95784475209291,420.38448026114065,0.0,80.40517282485962
1050,4.0,4.198713087334662,0.19871308733466186,68.9284189729311,67.95600688712618,420.3035148219562,0.0,80.39184856414795
1051,4.0,4.207179397844126,0.20717939784412565,68.93067042728458,67.95590947540732,421.1078143203552,0.0,80.55658236145973
1052,4.0,4.206319498336973,0.20631949833697316,68.93299375018766,67.95633522094641,421.0261238671757,0.0,80.54283213615417
1053,4.0,4.20543369987295,0.20543369987295002,68.93560104378226,67.95704969986673,420.94197301309356,0.0,80.52891659736633
1054,4.0,4.204597275861106,0.2045972758611061,68.93835463773861,67.95785274903406,420.86251273196837,0.0,80.51611614227295
1055,4.0,4.203716584877106,0.20371658487710587,68.94131281569278,67.95590166455506,420.77884708848836,0.0,80.50270557403564
1056,4.0,4.202830996149133,0.20283099614913258,68.94404134419776,67.95574893885733,420.6947161593309,0.0,80.48893165588379
1057,4.0,4.2019893775398165,0.2019893775398165,68.94665131151258,67.95617128510604,420.6147623914459,0.0,80.47586011886597
1058,4.0,4.1909697304757065,0.19096973047570653,68.94911670430915,67.95691316864979,419.5678959203554,0.0,80.26768362522125
1059,4.0,4.199429947215902,0.19942994721590157,68.95090750986654,67.957799118037,420.37161651067396,0.0,80.43180719017982
1060,4.0,4.198659997799821,0.1986599977998207,68.95208626084836,67.95594944088998,420.2984713161463,0.0,80.41843509674072
1061,4.0,4.197874554058772,0.19787455405877186,68.95334280925394,67.95587594084441,420.2238541607466,0.0,80.40485644340515
1062,4.0,4.197058961500159,0.19705896150015878,68.954448720145,67.9563451153816,420.1463728676784,0.0,80.39052414894104
1063,4.0,4.1962847757779596,0.19628477577795955,68.95529006220877,67.95712655420134,420.07282522406945,0.0,80.37667608261108
1064,4.0,4.195531172024055,0.19553117202405534,68.95596712289151,67.95798532849429,420.00123286744855,0.0,80.36303043365479
1065,4.0,4.194751204978289,0.19475120497828868,68.95649097316755,67.9587419845799,419.9271359981007,0.0,80.34870100021362
1066,4.0,4.194051624770056,0.1940516247700561,68.95668341825562,67.95673698200989,419.8606758783186,0.0,80.33552503585815
1067,4.0,4.1933169274182935,0.19331692741829354,68.95679268888742,67.9563581250093,419.79087962990116,0.0,80.32157945632935
1068,4.0,4.191711135127113,0.1917111351271128,68.956550686568,67.95649332898226,419.638329362239,0.0,80.29053926467896
1069,4.0,4.19102672639599,0.1910267263959904,68.9559948770035,67.95697613070793,419.5733105327824,0.0,80.27678263187408
1070,4.0,4.190333287949122,0.1903332879491222,68.95525503795761,67.9576305957553,419.50743388032987,0.0,80.26263904571533
1071,4.0,4.189694934850192,0.18969493485019218,68.95419435868244,67.95570615499668,419.44679033593155,0.0,80.2491774559021
1072,4.0,4.189045566679437,0.18904556667943684,68.95301921204809,67.95560172662478,419.3851003597098,0.0,80.2353720664978
1073,4.0,4.188429618879715,0.18842961887971477,68.95141524404352,67.95608475300234,419.3265853187362,0.0,80.22170829772949
1074,4.0,4.187793909470053,0.18779390947005314,68.94970289501317,67.95691222992943,419.2661929248183,0.0,80.20754051208496
1075,4.0,4.187188538907754,0.1871885389077539,68.94773643480482,67.95782692979586,419.2086827213999,0.0,80.19365882873535
1076,4.0,4.186671621610878,0.1866716216108779,68.94555222567533,67.9560116347753,419.15957557819667,0.0,80.18121859431267
1077,4.0,4.186097828036963,0.18609782803696273,68.94331484977418,67.95592142633083,419.10506518867476,0.0,80.16762793064117
1078,4.0,4.185522120964002,0.1855221209640021,68.94085591681647,67.95636112323106,419.0503730167435,0.0,80.15374374389648
1079,4.0,4.184963278407574,0.1849632784075741,68.93818074591684,67.95706920579983,418.9972829738828,0.0,80.13993191719055
1080,4.0,4.184430129103448,0.1844301291034478,68.93538638953916,67.95787922459776,418.9466337899908,0.0,80.12647438049316
1081,4.0,4.18389934522076,0.1838993452207598,68.93244998161202,67.95592313677228,418.8962093211355,0.0,80.1128978729248
1082,4.0,4.183396306076246,0.18339630607624624,68.92937410417858,67.95577313676401,418.8484206024067,0.0,80.09969139099121
1083,4.0,4.182880729893264,0.18288072989326398,68.92618397016166,67.95617065509903,418.79944086502337,0.0,80.08611297607422
1084,4.0,4.182409851838808,0.1824098518388082,68.92287558849767,67.95692156706129,418.75470744985006,0.0,80.07325385510921
1085,4.0,4.181933548099553,0.1819335480995532,68.91940530439057,67.9577717716277,418.70945859462086,0.0,80.06010365486145
1086,4.0,4.18144777880769,0.1814477788076898,68.91587038268851,67.95592554578243,418.6633105118938,0.0,80.0466980934143
1087,4.0,4.180989882988751,0.18098988298875085,68.91216016028162,67.95586872169082,418.6198104090946,0.0,80.03362345695496
1088,4.0,4.18051944193995,0.18051944193994984,68.90841775014421,67.9563305238499,418.57511850945855,0.0,80.02027225494385
1089,4.0,4.180080076796979,0.1800800767969788,68.90446798096073,67.95710259683679,418.5333788208763,0.0,80.00727605819702
1090,4.0,4.179622672518104,0.1796226725181036,68.9004779717187,67.95793209805746,418.48992541438315,0.0,79.99388885498047
1091,4.0,4.1791881586454815,0.17918815864548154,68.89628963643084,67.95606271596999,418.448646596484,0.0,79.98071050643921
1092,4.0,4.169490502186371,0.1694905021863713,68.89208106810847,67.95593803665278,417.5273692328686,0.0,79.79024380259216
1093,4.0,4.178411234400841,0.1784112344008406,68.8873706258565,67.95636522412705,418.37483879324316,0.0,79.95548981428146
1094,4.0,4.178063859536616,0.17806385953661596,68.88222136020394,67.95710536557968,418.3418381811418,0.0,79.942866563797
1095,4.0,4.1776792065064345,0.17767920650643454,68.87732809951424,67.95794100024106,418.3052961432746,0.0,79.92982816696167
1096,4.0,4.177314954184543,0.1773149541845429,68.8723753795877,67.95870781866778,418.27069217269485,0.0,79.91711211204529
1097,4.0,4.176945638936498,0.17694563893649828,68.86742225424874,67.95670770292037,418.2356072241306,0.0,79.90429973602295
1098,4.0,4.17659420040655,0.17659420040654972,68.86247374819531,67.9563645605942,418.2022205637855,0.0,79.89183568954468
1099,4.0,4.176223704641632,0.1762237046416324,68.85746457425108,67.95653584931605,418.1670234661184,0.0,79.87893772125244
1100,4.0,4.17587640821552,0.17587640821551975,68.85234659794935,67.95703908582341,418.1340303056377,0.0,79.86635828018188
1101,4.0,4.175579473578181,0.17557947357818104,68.8471723402282,67.95770900961115,418.1058215150905,0.0,79.85467767715454
1102,4.0,4.175265231449082,0.17526523144908168,68.84194938257532,67.95575617180454,418.075968512826,0.0,79.84261047840118
1103,4.0,4.174936459180516,0.1749364591805156,68.8367121370196,67.9556182698723,418.0447351473123,0.0,79.83024978637695
1104,4.0,4.17463323550193,0.17463323550193,68.83123302953004,67.95608801902506,418.01592889784666,0.0,79.8180980682373
1105,4.0,4.1743421165789805,0.17434211657898047,68.82576286109834,67.95690652564055,417.98827260016645,0.0,79.80618906021118
1106,4.0,4.17405695746957,0.17405695746956962,68.8202315021781,67.95783251552133,417.9611824847724,0.0,79.79432392120361
1107,4.0,4.173768761117418,0.1737687611174179,68.81458207023594,67.95598258667968,417.933803831318,0.0,79.78226470947266
1108,4.0,4.173506988608831,0.17350698860883096,68.80880139966216,67.95591657010478,417.90893544300224,0.0,79.77055931091309
1109,4.0,4.173243834088749,0.17324383408874944,68.80307299633097,67.95634292776171,417.8839357635945,0.0,79.75888893008232
1110,4.0,4.172990970228821,0.17299097022882126,68.79705486853557,67.95707138142087,417.8599136969013,0.0,79.74708020687103
1111,4.0,4.1727523225238485,0.17275232252384853,68.79104948171587,67.95786899012455,417.8372421649289,0.0,79.73555874824524
1112,4.0,4.172519137649704,0.1725191376497044,68.78501722309244,67.95592986915504,417.81508960188523,0.0,79.72411131858826
1113,4.0,4.17227328950074,0.1722732895007404,68.77893157531888,67.95577985480632,417.79173402773364,0.0,79.71236085891724
1114,4.0,4.172080521605053,0.17208052160505272,68.77258062206093,67.95620518164483,417.7734210776433,0.0,79.70131778717041
1115,4.0,4.1718607772298055,0.17186077722980553,68.76641945341035,67.95694669273242,417.7525453619948,0.0,79.68998003005981
1116,4.0,4.171686366254499,0.17168636625449896,68.76000585900621,67.95781040257295,417.7359763193407,0.0,79.6792163848877
1117,4.0,4.171476237769479,0.17147623776947896,68.75359939525876,67.95593730057034,417.7160141132638,0.0,79.6677794829011
1118,4.0,4.171296984732764,0.17129698473276367,68.74702225808605,67.9558336762101,417.69898507477586,0.0,79.65673518180847
1119,4.0,4.171141236869294,0.1711412368692944,68.74045312892352,67.95629114825725,417.68418902774624,0.0,79.64614963531494
1120,4.0,4.170976182647498,0.1709761826474976,68.73394179872861,67.95704796833323,417.66850887667556,0.0,79.63545393943787
1121,4.0,4.170821396888351,0.17082139688835074,68.7272486063699,67.95791658794316,417.6538042295566,0.0,79.62474417686462
1122,4.0,4.170673926595052,0.1706739265950521,68.72050249802615,67.95869250345258,417.6397945516932,0.0,79.61411333084106
1123,4.0,4.170527225379018,0.17052722537901843,68.71370187485479,67.95671110555635,417.62585793617006,0.0,79.6034345626831
1124,4.0,4.170390442500533,0.17039044250053337,68.70687073399009,67.95637485482509,417.612863562714,0.0,79.5929102897644
1125,4.0,4.160930806104545,0.16093080610454535,68.69999348089229,67.95653811279378,416.7141981050951,0.0,79.4044220149517
1126,4.0,4.170181714022805,0.1701817140228048,68.69271208044482,67.95700549506215,417.59303435732977,0.0,79.57252550125122
1127,4.0,4.170125144613,0.17012514461300032,68.68507088977728,67.95765699897721,417.58766026339833,0.0,79.56259477138519
1128,4.0,4.170037964209516,0.17003796420951556,68.67772080689889,67.95572993551995,417.57937812506725,0.0,79.55241751670837
1129,4.0,4.16996762791139,0.1699676279113902,68.67039076455566,67.955615922044,417.57269617674535,0.0,79.54258513450623
1130,4.0,4.1698603144246364,0.16986031442463645,68.6631611515031,67.95611327952435,417.5625013955038,0.0,79.53216409683228
1131,4.0,4.169794880108884,0.169794880108884,68.65584493762286,67.95692513525792,417.55628513550727,0.0,79.52244186401367
1132,4.0,4.169746932048033,0.16974693204803337,68.64858642327103,67.95786444256426,417.5517300697265,0.0,79.51312017440796
1133,4.0,4.1603377105903,0.16033771059029966,68.6415061958849,67.95603924336001,416.65785403124175,0.0,79.32551298290491
1134,4.0,4.169653733685504,0.16965373368550374,68.63395938880625,67.95595245406919,417.54287622528614,0.0,79.49440139532089
1135,4.0,4.169642314330283,0.1696423143302832,68.62606772066923,67.95635954442841,417.5417913865402,0.0,79.48504328727722
1136,4.0,4.169602037411134,0.169602037411134,68.61842257396171,67.95703970427404,417.537965079221,0.0,79.47542071342468
1137,4.0,4.169596186688789,0.16959618668878917,68.61078737872425,67.95783562304445,417.5374092605983,0.0,79.4664659500122
1138,4.0,4.169581380396144,0.1695813803961439,68.60343763538725,67.95593027235242,417.536002662797,0.0,79.45767116546631
1139,4.0,4.169563828582773,0.1695638285827732,68.59608813270737,67.9557886956426,417.53433524052673,0.0,79.44882440567017
1140,4.0,4.169550802826427,0.16955080282642676,68.5887135191968,67.95621680783786,417.53309779367385,0.0,79.44003486633301
1141,4.0,4.169534711252089,0.16953471125208885,68.58135840900157,67.95694875222244,417.5315690941117,0.0,79.43120956420898
1142,4.0,4.169511649569804,0.16951164956980413,68.57393981320348,67.95780344506625,417.5293782342947,0.0,79.42217803001404
1143,4.0,4.169500598987523,0.1695005989875229,68.56667572809495,67.95595243419446,417.52832842897794,0.0,79.41355431079865
1144,4.0,4.169511873464225,0.16951187346422536,68.55924892496627,67.95586894872461,417.5293995042647,0.0,79.4051673412323
1145,4.0,4.169521498525919,0.1695214985259188,68.55192493115305,67.95633258172819,417.53031388512557,0.0,79.39686799049377
1146,4.0,4.16953174645623,0.16953174645623026,68.5446370482907,67.9571079370816,417.53128743850516,0.0,79.38862228393555
1147,4.0,4.169568303072677,0.16956830307267712,68.53721955757221,67.9579648346732,417.5347603170676,0.0,79.38072729110718
1148,4.0,4.1695974179321915,0.16959741793219152,68.52988127833804,67.95609081845603,417.5375262287215,0.0,79.3727822303772
1149,4.0,4.16962858706364,0.1696285870636398,68.52255339356502,67.95596851659981,417.54048729620905,0.0,79.36488819122314
1150,4.0,4.160289805691451,0.16028980569145101,68.51513265322912,67.95637079189217,416.65330306585116,0.0,79.17855775356293
1151,4.0,4.169721828105384,0.16972182810538428,68.507466798199,67.95709377015605,417.5493451951748,0.0,79.34918880462646
1152,4.0,4.169813399077739,0.1698133990777393,68.49936419999955,67.9579137358503,417.5580444375485,0.0,79.34154629707336
1153,4.0,4.16989226013345,0.16989226013344982,68.49155593583204,67.95867997051347,417.565536237841,0.0,79.33400249481201
1154,4.0,4.1699671058488255,0.16996710584882546,68.48390077181601,67.9569003268272,417.5726465808017,0.0,79.32655930519104
1155,4.0,4.170051302120411,0.1700513021204113,68.47633068452343,67.95661931958729,417.58064522660237,0.0,79.31939220428467
1156,4.0,4.170123558654206,0.1701235586542058,68.46886534885867,67.95677817897523,417.5875095973128,0.0,79.3121190071106
1157,4.0,4.17021551537443,0.17021551537443003,68.4613608881167,67.95725840044209,417.59624548573413,0.0,79.30517482757568
1158,4.0,4.160914424157139,0.16091442415713875,68.45402568779211,67.9578709884707,416.71264182009145,0.0,79.11981746554375
