Step,Desired Gap (s),Actual Gap (s),Error (s),Ego Speed (km/h),Target Speed (km/h),Incremental Torque (Nm),Incremental Brake Torque (Nm),Vehicle Distance (m)
1038,4.0,4.303205603743653,0.3032056037436526,67.32574690831089,67.95949551954317,418.2930247787999,0.0,80.47681427001953
1039,4.0,4.304123025409052,0.30412302540905234,67.31766925874547,67.95948985098978,421.2693485783989,0.0,80.48431396484375
1040,4.0,4.3048636602623755,0.30486366026237555,67.31196366769124,67.95948643977728,421.33970888946465,0.0,80.49134063720703
1041,4.0,4.303621759398511,0.3036217593985109,67.30927498742341,67.9594808937294,421.2217283073975,0.0,80.46490567922592
1042,4.0,4.304099690727536,0.3040996907275364,67.3085730231945,67.95948381178134,424.1560788455665,0.0,80.47300231456757
1043,4.0,4.3044684259256565,0.3044684259256565,67.31033774910325,67.95948447378497,424.1911086893879,0.0,80.4820065498352
1044,4.0,4.304710890906538,0.3047108909065379,67.31511515207838,67.95948860566986,424.21414286257163,0.0,80.4922525882721
1045,4.0,4.304856727035561,0.30485672703556066,67.32192269810238,67.95948830662547,427.1241362016666,0.0,80.50311994552612
1046,4.0,4.304792233063908,0.3047922330639077,67.33127433443714,67.95949006432916,427.11800927435957,0.0,80.51309633255005
1047,4.0,4.304580888328001,0.304580888328001,67.34368246918187,67.95949137073544,427.0979315244484,0.0,80.52398014068604
1048,4.0,4.304214326733022,0.30421432673302196,67.35812595749267,67.95949062078861,429.95314427688913,0.0,80.5343918800354
1049,4.0,4.303662752087382,0.3036627520873818,67.37507015590514,67.9594949069983,429.9007446855534,0.0,80.54432773590088
1050,4.0,4.3028209107539075,0.3028209107539075,67.39498788605597,67.95949456956842,429.8207697588733,0.0,80.55237865447998
1051,4.0,4.301827641560207,0.301827641560207,67.41683475515569,67.95949419886455,432.59377178029365,0.0,80.559889793396
1052,4.0,4.300713572404779,0.3007135724047787,67.4410649325493,67.95949452763845,432.487935210528,0.0,80.56797313690186
1053,4.0,4.299371403930543,0.29937140393054307,67.46814193883957,67.95949419672425,432.3604292054756,0.0,80.57516670227051
1054,4.0,4.2979250795403035,0.29792507954030345,67.4970320965354,67.95949536702798,432.2230283884029,0.0,80.58255195617676
1055,4.0,4.296400172266055,0.296400172266055,67.52703933724639,67.95949491021045,432.07816219734923,0.0,80.58977317810059
1056,4.0,4.294806047010855,0.2948060470108551,67.55769463361682,67.95949285459804,431.92672029810524,0.0,80.59644317626953
1057,4.0,4.293221301074752,0.29322130107475175,67.588674459715,67.95948664105674,431.7761694341755,0.0,80.6036491394043
1058,4.0,4.291589300187727,0.2915893001877272,67.6197417383435,67.95948788200415,431.6211293499081,0.0,80.61004447937012
1059,4.0,4.289861108362944,0.28986110836294365,67.65076176019134,67.9594915354674,431.4569511265537,0.0,80.61454772949219
1060,4.0,4.288004716049273,0.28800471604927314,67.68163329298662,67.95948517807564,431.280593856755,0.0,80.61643409729004
1061,4.0,4.286158130625436,0.28615813062543616,67.71225969228205,67.9594814584418,431.10516824149045,0.0,80.6181812286377
1062,4.0,4.284299974099373,0.2842999740993726,67.74258952542392,67.95948502975722,430.92864337151445,0.0,80.61932626366615
1063,4.0,4.282477733174658,0.28247773317465796,67.77257776460343,67.95949000241097,430.7555304836666,0.0,80.62070977687836
1064,4.0,4.2806911326722314,0.28069113267223145,67.8021981780679,67.95949115258811,430.585803435936,0.0,80.62229681015015
1065,4.0,4.27890241386466,0.2789024138646603,67.8314467412822,67.95949060250511,430.41587514921673,0.0,80.62337255477905
1066,4.0,4.277130900147238,0.2771309001472382,67.86030351251614,67.95949563393657,430.2475813460617,0.0,80.62427806854248
1067,4.0,4.275357989477464,0.27535798947746404,67.88875989710137,67.95949098585508,430.0791548324331,0.0,80.62465333938599
1068,4.0,4.273694061328696,0.2736940613286958,67.91682221324923,67.95949366715386,429.9210816583002,0.0,80.62658882141113
1069,4.0,4.272027349558556,0.2720273495585559,67.94449579438606,67.95948867194393,429.7627440401368,0.0,80.6279845237732
1070,4.0,4.270321661511055,0.27032166151105486,67.97177424987055,67.95948894608964,429.60070367562423,0.0,80.62814998626709
1071,4.0,4.268631631543197,0.26863163154319736,67.99865979120455,67.95948980094373,429.4401508286778,0.0,80.62811946868896
1072,4.0,4.266955806816408,0.26695580681640774,68.0251631503315,67.95949362787337,429.2809474796328,0.0,80.62787914276123
1073,4.0,4.265295064191225,0.26529506419122484,68.05128089087214,67.95949121967486,429.12317693024045,0.0,80.62744235992432
1074,4.0,4.263650801465747,0.26365080146574726,68.07701331836476,67.95948965720297,428.96697197132005,0.0,80.6268367767334
1075,4.0,4.262020513951688,0.262020513951688,68.10236748890203,67.95949953942083,428.8120946574844,0.0,80.62602424621582
1076,4.0,4.260405296915616,0.2604052969156161,68.12733729222467,67.95949321297955,428.65864903905754,0.0,80.62501907348633
1077,4.0,4.258805357760289,0.2588053577602887,68.15193966678919,67.95949157104951,428.5066548193015,0.0,80.62384605407715
1078,4.0,4.257221830869397,0.25722183086939676,68.1761581865158,67.95949361123789,428.3562197646668,0.0,80.62250804901123
1079,4.0,4.255654643592259,0.2556546435922593,68.20001347560834,67.95949516331596,428.20733697333867,0.0,80.62102890014648
1080,4.0,4.254103806194885,0.2541038061948848,68.22349904384303,67.9594946569272,428.06000742058814,0.0,80.6194019317627
1081,4.0,4.2525515172449175,0.25255151724491753,68.24661975546495,67.95949682981725,427.9125399703412,0.0,80.61729621887207
1082,4.0,4.250923613720286,0.2509236137202864,68.26938228037335,67.95949694089937,427.7578891355013,0.0,80.61331367492676
1083,4.0,4.249293711375006,0.24929371137500578,68.29178231400407,67.95948640639826,427.60304841269954,0.0,80.60884475708008
1084,4.0,4.247698583426618,0.24769858342661788,68.31380677487431,67.95948330859588,427.45151125760276,0.0,80.60457229614258
1085,4.0,4.246100977863033,0.24610097786303342,68.33546882366035,67.95948015451248,427.29973872906226,0.0,80.59980583190918
1086,4.0,4.244462382378185,0.24446238237818463,68.35677358419017,67.95948102651613,427.14407215800156,0.0,80.59382057189941
1087,4.0,4.242786428639531,0.2427864286395307,68.37770480916373,67.95948353523468,426.98485655282946,0.0,80.58666610717773
1088,4.0,4.241145146336799,0.24114514633679907,68.39825693665809,67.95948326794756,426.82893473407,0.0,80.57970428466797
1089,4.0,4.239501748590835,0.23950174859083528,68.41842991327617,67.9594875442298,426.6728119482034,0.0,80.57223701477051
1090,4.0,4.237875560943335,0.23787556094333517,68.43822556664978,67.95949553401451,426.51832412169085,0.0,80.56463432312012
1091,4.0,4.236266390014393,0.23626639001439287,68.4576366207378,67.95950053735363,426.3654528834413,0.0,80.556884765625
1092,4.0,4.234674932042886,0.2346749320428856,68.47666898090391,67.95950098733152,426.2142643761482,0.0,80.54900932312012
1093,4.0,4.233154742366097,0.23315474236609735,68.49532322448951,67.95949240665814,426.0698463568533,0.0,80.54202842712402
1094,4.0,4.231671261710556,0.23167126171055585,68.51361071155951,67.95949380528299,425.92891569457686,0.0,80.53529930114746
1095,4.0,4.230168361442767,0.2301683614427672,68.53153252638432,67.95949588252797,425.78614016913696,0.0,80.52775573730469
1096,4.0,4.22875701922114,0.2287570192211401,68.54908542388918,67.95948695576092,425.6520626580824,0.0,80.5215072631836
1097,4.0,4.227327462333963,0.22732746233396295,68.56627302021016,67.95948680321278,425.51625475380047,0.0,80.51446914672852
1098,4.0,4.225839413265454,0.22583941326545443,68.58312814750032,67.95948483272775,425.37489009229216,0.0,80.50591278076172
1099,4.0,4.224366857759443,0.22436685775944287,68.59963951943277,67.95948196829117,425.23499731922107,0.0,80.49723434448242
1100,4.0,4.222928057355122,0.222928057355122,68.61581230880151,67.95948258568275,425.09831128081066,0.0,80.48878860473633
1101,4.0,4.221467378765813,0.22146737876581302,68.63162962368182,67.95948740149815,424.95954681482624,0.0,80.47949600219727
1102,4.0,4.220060075929346,0.22006007592934562,68.6470907746821,67.95948589782301,424.8258530453619,0.0,80.47079086303711
1103,4.0,4.2186504496964075,0.21865044969640746,68.6622191882037,67.95949169407002,424.6919385532327,0.0,80.46163940429688
1104,4.0,4.217254662389859,0.21725466238985902,68.67701837764288,67.95949436450286,424.5593387591107,0.0,80.45235443115234
1105,4.0,4.215891125916278,0.21589112591627835,68.69147778645163,67.959498241304,424.4298027941205,0.0,80.44327545166016
1106,4.0,4.21450685498055,0.21450685498055044,68.70559702935826,67.959495211844,424.29829705522627,0.0,80.43339157104492
1107,4.0,4.213176291714832,0.21317629171483166,68.71938736223176,67.95949095903092,424.17189354498305,0.0,80.42413711547852
1108,4.0,4.211824314196176,0.21182431419617576,68.7328478910901,67.95948986452267,424.04345568071074,0.0,80.41407775878906
1109,4.0,4.210378662592251,0.2103786625922508,68.74598740023129,67.95948779848325,423.9061187783378,0.0,80.4018440246582
1110,4.0,4.208987747487247,0.2089877474872468,68.75880620278103,67.95948860799695,423.77398184336244,0.0,80.3902702331543
1111,4.0,4.207577741072973,0.20757774107297333,68.77129601579995,67.95948291165571,423.6400312340065,0.0,80.37793731689453
1112,4.0,4.206205759293025,0.20620575929302465,68.78344011148569,67.9594828875002,423.5096929649113,0.0,80.36591720581055
1113,4.0,4.204853148047511,0.2048531480475111,68.7952621469544,67.95948160718937,423.38119489658754,0.0,80.3538818359375
1114,4.0,4.203501882707953,0.2035018827079531,68.80674632490022,67.95948851538138,423.2528246893296,0.0,80.34146881103516
1115,4.0,4.202207859965118,0.20220785996511825,68.81789522475621,67.95949190142095,423.12989252876025,0.0,80.32975006103516
1116,4.0,4.200899869746408,0.20089986974640794,68.82872410440348,67.95946146534361,423.00563345798275,0.0,80.3173828125
1117,4.0,4.199634608999503,0.19963460899950292,68.83923863955513,67.95946089553134,422.88543368702676,0.0,80.30545806884766
1118,4.0,4.198390835003825,0.19839083500382504,68.84943985915055,67.95947048030283,422.76727515743744,0.0,80.29357147216797
1119,4.0,4.197134826026865,0.19713482602686483,68.85932761245853,67.9594842257925,422.6479543046262,0.0,80.28107833862305
1120,4.0,4.19584620389289,0.19584620389288965,68.86889906682502,67.95947268156273,422.5255352018986,0.0,80.26758575439453
1121,4.0,4.1945407995053685,0.1945407995053685,68.87816593791364,67.95946468832415,422.401521785084,0.0,80.25341033935547
1122,4.0,4.1932807675773445,0.19328076757734447,68.88712221997463,67.95935223349915,422.2818187519217,0.0,80.2397346496582
1123,4.0,4.192029695984797,0.1920296959847967,68.89576299715901,67.95933320793095,422.16296695062977,0.0,80.22585678100586
1124,4.0,4.190824318459955,0.1908243184599554,68.904093471434,67.95934268521711,422.04845608576977,0.0,80.21248626708984
1125,4.0,4.189626647493601,0.1896266474936006,68.91212825369746,67.95938029884519,421.9346773439661,0.0,80.19891357421875
1126,4.0,4.188473372325616,0.18847337232561578,68.91986334650869,67.95942388676029,421.8251162030075,0.0,80.18583679199219
1127,4.0,4.187261793306988,0.18726179330698756,68.92729977525585,67.95921812271378,421.7100161962378,0.0,80.17129135131836
1128,4.0,4.186048117072902,0.18604811707290203,68.93445026188394,67.95917569613039,421.59471695399975,0.0,80.15636825561523
1129,4.0,4.184885773681269,0.1848857736812688,68.94130726007563,67.95919508946183,421.48429433179456,0.0,80.14208221435547
1130,4.0,4.183739845860329,0.18373984586032943,68.94785486739427,67.95926342958391,421.37543118880535,0.0,80.12774658203125
1131,4.0,4.18262660104809,0.18262660104809036,68.95412335245689,67.959345741307,421.2696729316426,0.0,80.11370849609375
1132,4.0,4.181501357914776,0.18150135791477595,68.96010698646685,67.95899230736299,421.1627748339778,0.0,80.09910583496094
1133,4.0,4.180348027259879,0.1803480272598792,68.96580821555192,67.95893928460855,421.0532084217625,0.0,80.08363342285156
1134,4.0,4.179273200182141,0.17927320018214132,68.97122910328942,67.95900090568571,420.95109984937744,0.0,80.0693359375
1135,4.0,4.178201938565583,0.17820193856558308,68.97637699019519,67.9590986078682,420.8493299958044,0.0,80.0547866821289
1136,4.0,4.177102071250052,0.17710207125005173,68.98124375513814,67.95921736533927,420.744842600829,0.0,80.03936004638672
1137,4.0,4.176036054691599,0.17603605469159866,68.98583011971834,67.95872499419636,420.6435710277759,0.0,80.02425384521484
1138,4.0,4.17502399591407,0.1750239959140698,68.99015216520273,67.95866193366889,420.5474254439107,0.0,80.00987243652344
1139,4.0,4.173954874350158,0.17395487435015777,68.99420876803158,67.95874269803483,420.44585889533903,0.0,79.99408721923828
1140,4.0,4.172899543334718,0.1728995433347178,68.99798676926211,67.95890447735881,420.3456024488722,0.0,79.97824096679688
1141,4.0,4.171933776590998,0.17193377659099784,69.00150327497857,67.95912362959868,420.25385460821883,0.0,79.96380615234375
1142,4.0,4.170941265185351,0.17094126518535102,69.00475927964014,67.95930555075772,420.15956602468236,0.0,79.94855499267578
1143,4.0,4.169938253824941,0.16993825382494077,69.00776246664017,67.9585584501757,420.06427994544345,0.0,79.93280792236328
1144,4.0,4.168978068074403,0.16897806807440308,69.01051277102803,67.9584124839297,419.9730622991424,0.0,79.91758728027344
1145,4.0,4.168003335686283,0.1680033356862829,69.01301756741405,67.95846032127723,419.88046272227086,0.0,79.90180206298828
1146,4.0,4.1670855572583285,0.16708555725832852,69.01527892091124,67.9586413107267,419.7932737716152,0.0,79.88682556152344
1147,4.0,4.17610036466255,0.17610036466254986,69.01729627504407,67.95889338179576,420.6496804750162,0.0,80.06198781728745
1148,4.0,4.17519734388645,0.1751973438864498,69.01945160974851,67.95795594568132,420.56389350128677,0.0,80.04717528820038
1149,4.0,4.174203072861067,0.17420307286106684,69.02207396597545,67.95786141936141,420.46943775387535,0.0,80.03115367889404
1150,4.0,4.173250564046396,0.17325056404639572,69.02492812626708,67.95804104528011,420.37894941648165,0.0,80.0162000656128
1151,4.0,4.172258283723273,0.17225828372327268,69.02786352167963,67.95837019386194,420.284682785785,0.0,80.00057649612427
1152,4.0,4.171322377734546,0.17132237773454584,69.03077438695179,67.95878152157644,420.1957717168559,0.0,79.98600387573242
1153,4.0,4.170354195981737,0.17035419598173718,69.03359598974089,67.95758244979616,420.103794450339,0.0,79.97070741653442
1154,4.0,4.169395082404109,0.16939508240410905,69.03626834131215,67.95745460461842,420.0126786604644,0.0,79.95541048049927
1155,4.0,4.16844077515975,0.1684407751597501,69.03876883742367,67.95766521267902,419.9220194722503,0.0,79.9400053024292
1156,4.0,4.167490968472382,0.1674909684723822,69.0410669931341,67.95807226412438,419.8317878369503,0.0,79.92445087432861
1157,4.0,4.166600258913178,0.16660025891317787,69.04315240210788,67.9585406550123,419.74717042882594,0.0,79.90978240966797
1158,4.0,4.1656934378829735,0.16569343788297353,69.04501701504608,67.95705974883661,419.66102243095656,0.0,79.8945484161377
1159,4.0,4.164792591001761,0.1647925910017607,69.04666304186777,67.95690638629692,419.5754419772413,0.0,79.87917518615723
1160,4.0,4.174090462951124,0.17409046295112418,69.04809579928231,67.95717471937488,420.45873981243085,0.0,80.05916615575552
1161,4.0,4.173181221435712,0.17318122143571202,69.04969434099092,67.95768827701963,420.37236186846667,0.0,80.04357993602753
1162,4.0,4.172282205628064,0.17228220562806396,69.05178877573952,67.95831376811019,420.28695536674013,0.0,80.02876377105713
1163,4.0,4.1713672680246905,0.1713672680246905,69.0541422340841,67.95656912390842,420.20003629441965,0.0,80.01394128799438
1164,4.0,4.170417175555052,0.17041717555505187,69.05659292870838,67.95640948335672,420.10977750980396,0.0,79.99855589866638
1165,4.0,4.1694972206396255,0.16949722063962547,69.05903674152667,67.95675204298952,420.0223817928385,0.0,79.98373937606812
1166,4.0,4.1685747107131155,0.16857471071311547,69.06139815777371,67.95737954526938,419.93474334982,0.0,79.96877717971802
1167,4.0,4.167687953620089,0.1676879536200886,69.06362905143034,67.958111734184,419.85050142598243,0.0,79.95434856414795
1168,4.0,4.166746885345132,0.16674688534513216,69.06569822215592,67.95879688121438,419.76109993986154,0.0,79.93868970870972
1169,4.0,4.165871077150421,0.16587107715042126,69.06759289797414,67.95681151279346,419.67789816136406,0.0,79.92407989501953
1170,4.0,4.164980028725313,0.1649800287253127,69.06928320204442,67.95644544010868,419.59324856097874,0.0,79.90894031524658
1171,4.0,4.174384580386592,0.174384580386592,69.07076961288008,67.95660621418644,420.48668096880033,0.0,80.09109878540039
1172,4.0,4.173494454649965,0.1734944546499646,69.07244074528158,67.9570829959598,420.40211902382066,0.0,80.07595789432526
1173,4.0,4.1725537354465665,0.1725537354465665,69.0746257413739,67.9577348359648,420.3127506994979,0.0,80.06044101715088
1174,4.0,4.17162763489224,0.1716276348922401,69.07706828874106,67.95571440378781,420.2247711468368,0.0,80.04550194740295
1175,4.0,4.170693007046738,0.1706930070467383,69.07962475934383,67.95557034001094,420.13598150151415,0.0,80.03052997589111
1176,4.0,4.169753370294101,0.1697533702941012,69.0821745848513,67.95603960894405,420.0467160100136,0.0,80.01545286178589
1177,4.0,4.168839096757293,0.16883909675729303,69.08462890162743,67.9568760461304,419.95986002401685,0.0,80.00075054168701
1178,4.0,4.167918070325748,0.16791807032574813,69.08695652599488,67.95780559763898,419.8723625130201,0.0,79.98577070236206
1179,4.0,4.176289294709872,0.1762892947098722,69.08911357627773,67.95586389783577,420.66762882951184,0.0,80.14892372488976
1180,4.0,4.175355669551959,0.17535566955195936,69.09145238288761,67.95576467251462,420.57893443951014,0.0,80.13371872901917
1181,4.0,4.174444227441987,0.1744442274419873,69.09424882059672,67.95620829568773,420.4923474390629,0.0,80.11946892738342
1182,4.0,4.173450705941541,0.17345070594154066,69.09727799199955,67.9569370209838,420.3979628965204,0.0,80.10391211509705
1183,4.0,4.172491208608549,0.17249120860854905,69.10038632024536,67.95778357758726,420.3068106498862,0.0,80.08909845352173
1184,4.0,4.171509941333454,0.1715099413334542,69.10346392486787,67.95580459533022,420.2135902587522,0.0,80.0738296508789
1185,4.0,4.170556144605539,0.17055614460553858,69.106448763846,67.95568341189535,420.12297956960015,0.0,80.05897903442383
1186,4.0,4.169626982003019,0.1696269820030194,69.10928768486387,67.95612813601355,420.0347091223608,0.0,80.04443073272705
1187,4.0,4.177970273456051,0.17797027345605088,69.11194861061816,67.95689776473202,420.82732181039887,0.0,80.20768523216248
1188,4.0,4.176998448864885,0.17699844886488503,69.11477453868119,67.95777998915796,420.73499847423807,0.0,80.19230723381042
1189,4.0,4.175949907414552,0.17594990741455163,69.1180570114087,67.95588951913008,420.63538703645645,0.0,80.1759843826294
1190,4.0,4.174917458525217,0.17491745852521667,69.12155494926509,67.95579603081157,420.53730439196966,0.0,80.16021847724915
1191,4.0,4.17391748523789,0.1739174852378902,69.12511477181364,67.95625191906517,420.4423069296736,0.0,80.14514589309692
1192,4.0,4.172861857269573,0.17286185726957282,69.1286387561687,67.95701738133025,420.3420222726835,0.0,80.1289610862732
1193,4.0,4.171869841385904,0.1718698413859041,69.13205432655468,67.957905128152,420.2477807637349,0.0,80.11387014389038
1194,4.0,4.170875830723055,0.17087583072305534,69.13531238277315,67.95868627476679,420.1533497507643,0.0,80.09855651855469
1195,4.0,4.169893650248249,0.1698936502482491,69.13837666618966,67.95666691337097,420.0600426056577,0.0,80.08324384689331
1196,4.0,4.178174682233386,0.17817468223338562,69.1412269395911,67.9562952875396,420.84674064424564,0.0,80.24558997154236
1197,4.0,4.177224826058226,0.1772248260582261,69.14420886921086,67.95646356290669,420.7565043076055,0.0,80.23080718517303
1198,4.0,4.176208038732726,0.17620803873272628,69.14762090270803,67.95696379673466,420.65990951168305,0.0,80.2152361869812
1199,4.0,4.1751535962508,0.17515359625079974,69.15124228122343,67.95764344487606,420.55973747589996,0.0,80.19918274879456
1200,4.0,4.174125343437943,0.17412534343794306,69.15490658681122,67.95571557786009,420.4620534586786,0.0,80.18368005752563
1201,4.0,4.17306879237856,0.17306879237855988,69.1585293305401,67.95560054984922,420.36168110803726,0.0,80.16758346557617
1202,4.0,4.172014431147969,0.17201443114796877,69.16202873178608,67.95608922924787,420.26151679113104,0.0,80.15138387680054
1203,4.0,4.170963171457114,0.17096317145711382,69.16536776012909,67.95691423522571,420.1616471204999,0.0,80.13505601882935
1204,4.0,4.179215045927104,0.17921504592710402,69.16849744575123,67.95785587316962,420.9455751951489,0.0,80.2972292304039
1205,4.0,4.178153361224837,0.17815336122483671,69.17175385597712,67.95602051991332,420.8447151484336,0.0,80.2806099653244
1206,4.0,4.177050702595724,0.1770507025957242,69.175421042033,67.95593977311073,420.7399625786678,0.0,80.26367807388306
1207,4.0,4.175914123269309,0.1759141232693091,69.17930669654235,67.95637232372219,420.6319875426584,0.0,80.24634552001953
1208,4.0,4.174794517707073,0.1747945177070731,69.18318826657017,67.95708692315678,420.525625014246,0.0,80.22933197021484
1209,4.0,4.173643284120523,0.17364328412052288,69.18700312867522,67.95788031581786,420.41625782352367,0.0,80.21163082122803
1210,4.0,4.172493903567853,0.17249390356785277,69.19065524748099,67.95594957404747,420.30706667102004,0.0,80.19377422332764
1211,4.0,4.171409000496316,0.17140900049631558,69.19408057544277,67.95579339076144,420.20400087922405,0.0,80.17689180374146
1212,4.0,4.179596423651156,0.17959642365115602,69.19734506293419,67.95620479963667,420.9818060789339,0.0,80.33804887533188
1213,4.0,4.178491891859169,0.17849189185916892,69.2007068002144,67.95696336530966,420.87687555869513,0.0,80.32072007656097
1214,4.0,4.177366927535069,0.17736692753506933,69.204401977665,67.95781714112952,420.7700039479056,0.0,80.30338335037231
1215,4.0,4.176196926443135,0.17619692644313467,69.20829500208337,67.955978224098,420.65885384417186,0.0,80.28540802001953
1216,4.0,4.175063919719968,0.17506391971996837,69.21212624169308,67.95589356957142,420.55121820547106,0.0,80.26806974411011
1217,4.0,4.173944061512438,0.17394406151243835,69.2159302936508,67.95635003353165,420.4448316757557,0.0,80.2509503364563
1218,4.0,4.172812729135644,0.17281272913564383,69.21956100672608,67.95710036208663,420.3373550999602,0.0,80.23340702056885
1219,4.0,4.171665498988931,0.17166549898893102,69.22292542996033,67.9579460715353,420.22836823602245,0.0,80.21524715423584
1220,4.0,4.179902526251896,0.17990252625189562,69.22605246002159,67.95605249139098,421.01088582600414,0.0,80.37726432224736
1221,4.0,4.178769405336171,0.1787694053361708,69.22934866183877,67.95591960635653,420.90323933901027,0.0,80.35930114984512
1222,4.0,4.177590294202588,0.17759029420258798,69.2329608773771,67.95635778563506,420.7912237813199,0.0,80.34081816673279
1223,4.0,4.176484450027577,0.1764844500275773,69.23664522443933,67.95709299103653,420.68616858469386,0.0,80.32382559776306
1224,4.0,4.175362132197432,0.17536213219743235,69.24043922735454,67.95793340315,420.57954839083015,0.0,80.30664110183716
1225,4.0,4.174161214664811,0.17416121466481105,69.24411478743032,67.95869192754452,420.46546122523114,0.0,80.28780508041382
1226,4.0,4.17309546098895,0.17309546098895012,69.24746112758956,67.95669568600675,420.36421462602425,0.0,80.27118492126465
1227,4.0,4.171934071738757,0.1719340717387574,69.25079398787648,67.95633672422392,420.253882647256,0.0,80.25270748138428
1228,4.0,4.170862140211916,0.17086214021191637,69.25364715020814,67.95650652515641,420.15204915220613,0.0,80.23539304733276
1229,4.0,4.179033623540814,0.1790336235408141,69.25636409591453,67.95700820616828,420.92834006845135,0.0,80.39574283361435
1230,4.0,4.168094105219831,0.16809410521983104,69.25913235115198,67.95768892710208,419.88908582795796,0.0,80.1884948015213
1231,4.0,4.167006006228186,0.16700600622818573,69.2618578756204,67.95572330416184,419.78571642375164,0.0,80.17071604728699
1232,4.0,4.165918835113558,0.16591883511355832,69.26405792547868,67.95561160810497,419.6824351678621,0.0,80.15234541893005
1233,4.0,4.164905323960781,0.16490532396078095,69.26569993703042,67.95608381877784,419.58615160834825,0.0,80.1347451210022
1234,4.0,4.1638455964948955,0.1638455964948955,69.26699000512788,67.9569032376628,419.48547749908914,0.0,80.11584758758545
1235,4.0,4.162864375411697,0.16286437541169718,69.26779337158594,67.95784475209291,419.39226149618526,0.0,80.09789705276489
1236,4.0,4.1619045938944845,0.16190459389448453,69.26830009426811,67.95600688712618,419.30108225205004,0.0,80.08001565933228
1237,4.0,4.170184630257726,0.1701846302577259,69.26845083295788,67.95590947540732,420.087685706558,0.0,80.23950806260109
1238,4.0,4.169259633946141,0.16925963394614119,69.26857227351246,67.95633522094641,419.99981105695747,0.0,80.22185063362122
1239,4.0,4.168246859233219,0.1682468592332187,69.26916751426,67.95704969986673,419.9035974592298,0.0,80.20305275917053
1240,4.0,4.16727723123742,0.16727723123741978,69.26971708129271,67.95785274903406,419.81148279962895,0.0,80.18503189086914
1241,4.0,4.166323757951637,0.16632375795163679,69.27028528494029,67.95590166455506,419.72090283747957,0.0,80.16734313964844
1242,4.0,4.165320266592443,0.1653202665924427,69.27080280616447,67.95574893885733,419.62557115835614,0.0,80.14863300323486
1243,4.0,4.154288272568713,0.1542882725687127,69.27105844222339,67.95617128510604,418.5775317261017,0.0,79.93665158748627
1244,4.0,4.153375176846103,0.1533751768461027,69.2708099175706,67.95691316864979,418.4907876324538,0.0,79.91879510879517
1245,4.0,4.161752408215732,0.16175240821573222,69.2696151699164,67.957799118037,419.28662461256863,0.0,80.07860770821571
1246,4.0,4.160901705776236,0.16090170577623564,69.2679480790451,67.95594944088998,419.20580788081645,0.0,80.06031203269958
1247,4.0,4.160030512339457,0.16003051233945698,69.26638311061275,67.95587594084441,419.1230445043225,0.0,80.04174089431763
1248,4.0,4.159192813299251,0.15919281329925106,69.26475743956979,67.9563451153816,419.04346309550283,0.0,80.02374482154846
1249,4.0,4.158349868397288,0.1583498683972877,69.26307813486906,67.95712655420134,418.96338332981634,0.0,80.00558662414551
1250,4.0,4.157516294151837,0.15751629415183732,69.26113613310228,67.95798532849429,418.8841937764986,0.0,79.98730611801147
1251,4.0,4.1566752663555135,0.15667526635551354,69.25900615960074,67.9587419845799,418.80429613584784,0.0,79.96866607666016
1252,4.0,4.155906553732051,0.1559065537320512,69.2566210646724,67.95673698200989,418.73126843661885,0.0,79.95112371444702
1253,4.0,4.155119906889188,0.15511990688918775,69.25416507351349,67.9563581250093,418.6565369865468,0.0,79.93315553665161
1254,4.0,4.153500553987267,0.15350055398726692,69.25130325480717,67.95649332898226,418.5026984608644,0.0,79.89870178699493
1255,4.0,4.152754979061863,0.15275497906186342,69.24829025683896,67.95697613070793,418.4318688429511,0.0,79.88088393211365
1256,4.0,4.152014950840256,0.15201495084025574,69.24484785400853,67.9576305957553,418.3615661618983,0.0,79.86267876625061
1257,4.0,4.151306739696987,0.15130673969698716,69.24120558319262,67.95570615499668,418.29428610328785,0.0,79.84485650062561
1258,4.0,4.150633149462061,0.1506331494620614,69.23719609650173,67.95560172662478,418.23029503096984,0.0,79.82727813720703
1259,4.0,4.149957687501979,0.14995768750197858,69.233068241847,67.95608475300234,418.16612614476196,0.0,79.80952882766724
1260,4.0,4.149293302120644,0.14929330212064418,69.22863798275726,67.95691222992943,418.1030095335352,0.0,79.79164552688599
1261,4.0,4.1486386192133295,0.14863861921332955,69.2239931007358,67.95782692979586,418.0408146573403,0.0,79.77370309829712
1262,4.0,4.148073603810435,0.14807360381043466,69.21912439743296,67.9560116347753,417.9871381940653,0.0,79.75722855329514
1263,4.0,4.147471666755435,0.14747166675543522,69.21407005617824,67.95592142633083,417.92995417384043,0.0,79.73983180522919
1264,4.0,4.146859967982254,0.14685996798225442,69.20895357829541,67.95636112323106,417.8718427903882,0.0,79.72217750549316
1265,4.0,4.146287398670396,0.1462873986703963,69.20352581799017,67.95706920579983,417.81744870576165,0.0,79.70491862297058
1266,4.0,4.1457411033554665,0.14574110335546653,69.19797642679859,67.95787922459776,417.76555065084335,0.0,79.68802642822266
1267,4.0,4.145195519096387,0.1451955190963874,69.19232031945916,67.95592313677228,417.7137201462308,0.0,79.67102670669556
1268,4.0,4.144649558569123,0.14464955856912276,69.1864822107647,67.95577313676401,417.66185389614066,0.0,79.65381193161011
1269,4.0,4.144126860810511,0.14412686081051085,69.1804605086521,67.95617065509903,417.6121976090726,0.0,79.63683462142944
1270,4.0,4.143646533304949,0.14364653330494903,69.17433171614341,67.95692156706129,417.5665664960442,0.0,79.62054994702339
1271,4.0,4.143145003313544,0.14314500331354374,69.16807676767215,67.9577717716277,417.51892114686063,0.0,79.60371434688568
1272,4.0,4.14265140992464,0.14265140992463987,69.16170419635597,67.95592554578243,417.47202977491486,0.0,79.58689761161804
1273,4.0,4.142170111166491,0.14217011116649125,69.1551956049419,67.95586872169082,417.42630639289075,0.0,79.57016229629517
1274,4.0,4.141710320184813,0.14171032018481267,69.14859478297276,67.9563305238499,417.38262624963124,0.0,79.55373573303223
1275,4.0,4.141260893108678,0.14126089310867762,69.14191189753808,67.95710259683679,417.33993067739846,0.0,79.53741550445557
1276,4.0,4.140835682706389,0.14083568270638924,69.13501393718472,67.95793209805746,417.29953568918097,0.0,79.52131462097168
1277,4.0,4.140408858604176,0.14040885860417607,69.12807226408727,67.95606271596999,417.2589873994708,0.0,79.50513410568237
1278,4.0,4.130739048549517,0.13073904854951657,69.12104001028109,67.95593803665278,416.3403554442781,0.0,79.31138306856155
1279,4.0,4.139627605773997,0.13962760577399713,69.11347753364178,67.95636522412705,417.1847683806037,0.0,79.47334986925125
1280,4.0,4.139297613841317,0.13929761384131734,69.10542823542559,67.95710536557968,417.1534191469992,0.0,79.45775949954987
1281,4.0,4.13893033093132,0.1389303309313199,69.09769396828925,67.95794100024106,417.1185272705494,0.0,79.44181704521179
1282,4.0,4.1385823380884,0.13858233808840037,69.08989481135936,67.95870781866778,417.0854679504721,0.0,79.42617177963257
1283,4.0,4.1382283494259395,0.13822834942593953,69.0821216341367,67.95670770292037,417.05183902753834,0.0,79.41044282913208
1284,4.0,4.13790315142484,0.13790315142484033,69.07425772675192,67.9563645605942,417.0209452174339,0.0,79.39516353607178
1285,4.0,4.137565394953163,0.137565394953163,69.06642920869999,67.95653584931605,416.98885835262456,0.0,79.3796854019165
1286,4.0,4.127979491371624,0.12797949137162412,69.05848855607685,67.95703908582341,416.0781975123783,0.0,79.1866734623909
1287,4.0,4.136998799642853,0.13699879964285344,69.05011824395424,67.95770900961115,416.93503179814513,0.0,79.35007119178772
1288,4.0,4.136738762434816,0.13673876243481597,69.04136300032808,67.95575617180454,416.91032826338153,0.0,79.33502292633057
1289,4.0,4.136483880659823,0.13648388065982342,69.03270840289738,67.9556182698723,416.8861144947573,0.0,79.3201904296875
1290,4.0,4.136205838602016,0.13620583860201574,69.02420038752963,67.95608801902506,416.8597004992655,0.0,79.30508351325989
1291,4.0,4.135946705474306,0.1359467054743062,69.01557575164611,67.95690652564055,416.83508285213316,0.0,79.29020643234253
1292,4.0,4.135702111195009,0.13570211119500897,69.00699529694023,67.95783251552133,416.8118463955999,0.0,79.27566003799438
1293,4.0,4.135451849160333,0.13545184916033293,68.99836186229601,67.95598258667968,416.7880715023057,0.0,79.2609453201294
1294,4.0,4.125932082274174,0.12593208227417385,68.98971345076465,67.95591657010478,415.8836936481206,0.0,79.06857557594776
1295,4.0,4.1350448090070255,0.13504480900702553,68.98058817833986,67.95634292776171,416.7494026877415,0.0,79.23272863030434
1296,4.0,4.134880673561168,0.13488067356116762,68.97115455238372,67.95707138142087,416.733809820385,0.0,79.21874833106995
1297,4.0,4.134705743950216,0.1347057439502164,68.96195701133854,67.95786899012455,416.71719150734464,0.0,79.20483326911926
1298,4.0,4.134541585602161,0.134541585602161,68.95267766427764,67.95592986915504,416.7015964642793,0.0,79.19103145599365
1299,4.0,4.134355187615457,0.13435518761545673,68.94351620424241,67.95577985480632,416.68388865554243,0.0,79.17693996429443
1300,4.0,4.134196041257407,0.13419604125740658,68.93431142068523,67.95620518164483,416.66876975152763,0.0,79.16332149505615
1301,4.0,4.134048259158694,0.13404825915869356,68.9251028991408,67.95694669273242,416.6547304521499,0.0,79.1499171257019
1302,4.0,4.12459949675863,0.12459949675862969,68.91592168631654,67.95781040257295,415.75709802414383,0.0,78.95849330723286
1303,4.0,4.133795690198688,0.13379569019868764,68.90638251032037,67.95593730057034,416.63073640094933,0.0,79.12358529120684
1304,4.0,4.133711993206254,0.13371199320625404,68.8963773807905,67.9558336762101,416.6227851866681,0.0,79.11049485206604
1305,4.0,4.133624481475539,0.13362448147553874,68.88665412186508,67.95629114825725,416.6144715722502,0.0,79.09765553474426
1306,4.0,4.133511333419723,0.13351133341972332,68.87708000811878,67.95704796833323,416.60372250694775,0.0,79.08449745178223
1307,4.0,4.133429756509727,0.13342975650972733,68.86740005904134,67.95791658794316,416.5959727004981,0.0,79.07182240486145
1308,4.0,4.133357719741568,0.13335771974156785,68.85782078077705,67.95869250345258,416.589129207523,0.0,79.05944585800171
1309,4.0,4.133266252117172,0.13326625211717236,68.84835571851058,67.95671110555635,416.5804397832054,0.0,79.04682922363281
1310,4.0,4.133201818869944,0.13320181886994398,68.83883577987591,67.95637485482509,416.57431862471867,0.0,79.03466701507568
1311,4.0,4.123831431329583,0.12383143132958274,68.82926913269783,67.95653811279378,415.68413180838445,0.0,78.84452873468399
1312,4.0,4.133107579777436,0.1331075797774357,68.81936702130409,67.95700549506215,416.5653659109304,0.0,79.01051318645477
1313,4.0,4.133112093531581,0.13311209353158127,68.80901281195362,67.95765699897721,416.56579471757425,0.0,78.9987119436264
1314,4.0,4.133092143276986,0.13309214327698626,68.79906719824884,67.95572993551995,416.56389944338775,0.0,78.9869122505188
1315,4.0,4.13308008286484,0.13308008286483997,68.78914478208856,67.955615922044,416.56275370423384,0.0,78.97529006004333
1316,4.0,4.133066501126941,0.13306650112694118,68.77930078780408,67.95611327952435,416.5614634391335,0.0,78.96372890472412
1317,4.0,4.133067083736561,0.1330670837365613,68.76951656240556,67.95692513525792,416.56151878704736,0.0,78.95250701904297
1318,4.0,4.133053646257541,0.13305364625754112,68.75980775720173,67.95786444256426,416.5602422265405,0.0,78.9411039352417
1319,4.0,4.1237323895080955,0.12373238950809551,68.74999175155027,67.95603924336001,415.6747228353431,0.0,78.75182437896729
1320,4.0,4.133102111804759,0.13310211180475928,68.7399283879673,67.95595245406919,416.5648464535261,0.0,78.91920644044876
1321,4.0,4.133166554350326,0.13316655435032576,68.72959790589262,67.95635954442841,416.57096849535503,0.0,78.90857648849487
1322,4.0,4.133211134182015,0.13321113418201502,68.719416334344,67.95703970427404,416.5752035793655,0.0,78.89773797988892
1323,4.0,4.133250426777517,0.13325042677751675,68.70945889166538,67.95783562304445,416.57893637593816,0.0,78.88705563545227
1324,4.0,4.133311253757217,0.13331125375721697,68.6994390035175,67.95593027235242,416.5847149390097,0.0,78.87671232223511
1325,4.0,4.133376790386476,0.13337679038647643,68.68962168303051,67.9557886956426,416.59094091878933,0.0,78.86669111251831
1326,4.0,4.133446378886238,0.13344637888623812,68.67987066027902,67.95621680783786,416.5975518262667,0.0,78.8568229675293
1327,4.0,4.124145919781106,0.1241459197811059,68.67015076340769,67.95694875222244,415.71400821127907,0.0,78.66825613379478
1328,4.0,4.133573968281206,0.1335739682812056,68.659999051155,67.95780344506625,416.60967281878857,0.0,78.83644020557404
1329,4.0,4.133691960892837,0.13369196089283708,68.64959036339975,67.95595243419446,416.62088211689354,0.0,78.8267388343811
1330,4.0,4.133806374959363,0.13380637495936298,68.6394847215057,67.95586894872461,416.6317514532135,0.0,78.81731653213501
1331,4.0,4.133913035182546,0.13391303518254638,68.62951417836607,67.95633258172819,416.64188417441596,0.0,78.80790090560913
1332,4.0,4.134025785326977,0.13402578532697706,68.61963282958946,67.9571079370816,416.6525954381368,0.0,78.79870319366455
1333,4.0,4.134132154444621,0.1341321544446208,68.60985252086539,67.9579648346732,416.66270050431297,0.0,78.78949928283691
1334,4.0,4.134239422070797,0.13423942207079698,68.60006237372873,67.95609081845603,416.6728909287998,0.0,78.78030061721802
1335,4.0,4.124999862951412,0.12499986295141241,68.59034696794794,67.95596851659981,415.7951328124582,0.0,78.59310328960419
1336,4.0,4.125152212816778,0.12515221281677835,68.58035668231729,67.95637079189217,415.809606049668,0.0,78.58455836772919
1337,4.0,4.134702638363205,0.13470263836320484,68.56977618136382,67.95709377015605,416.71689647657854,0.0,78.75434291362762
1338,4.0,4.134905226487432,0.1349052264874322,68.55907539613375,67.9579137358503,416.7361423483801,0.0,78.74591088294983
1339,4.0,4.135087811703779,0.13508781170377926,68.54879308144224,67.95867997051347,416.753487943933,0.0,78.73757743835449
1340,4.0,4.1352835470322225,0.13528354703222245,68.53876653851808,67.9569003268272,416.7720828001352,0.0,78.72978711128235
1341,4.0,4.135449921271373,0.13544992127137334,68.5290261666021,67.95661931958729,416.78788835285445,0.0,78.72176551818848
1342,4.0,4.135619549823011,0.13561954982301128,68.51934493986334,67.95677817897523,416.8040030652601,0.0,78.7138729095459
1343,4.0,4.12641432742546,0.12641432742545966,68.50968336804243,67.95725840044209,415.92950693749265,0.0,78.52759417146444
1344,4.0,4.126614373707867,0.12661437370786732,68.499827526091,67.9578709884707,415.94851133432144,0.0,78.52010357379913
1345,4.0,4.13621559925114,0.13621559925114024,68.4894462250165,67.95636779135195,416.8606277609324,0.0,78.6908655166626
1346,4.0,4.1364611198411465,0.1364611198411465,68.47898002022772,67.95632880585592,416.88395221698295,0.0,78.68351066112518
1347,4.0,4.1366894716713265,0.1366894716713265,68.46895442679477,67.95674272740136,416.90564564085,0.0,78.67633414268494
1348,4.0,4.136905465195924,0.13690546519592406,68.45919596614698,67.95741606224442,416.9261650256868,0.0,78.6692283153534
1349,4.0,4.137132741063985,0.13713274106398465,68.44963047864739,67.95816494614726,416.94775623315263,0.0,78.66255760192871
1350,4.0,4.137345849453451,0.1373458494534514,68.44030932130474,67.95706735515711,416.9680015301519,0.0,78.65589714050293
1351,4.0,4.1375542470979445,0.1375542470979445,68.43107159888477,67.95711018832169,416.98779930637875,0.0,78.64924192428589
1352,4.0,4.128377635817626,0.12837763581762562,68.42185175697365,67.95744839993799,416.1160212347485,0.0,78.46423405408859
1353,4.0,4.128609363688506,0.12860936368850595,68.41244671000261,67.95794579080241,416.13803538248214,0.0,78.45785224437714
1354,4.0,4.138459188936121,0.13845918893612108,68.40238661964268,67.9584640322563,417.0737687810056,0.0,78.63346818089485
1355,4.0,4.1387287468567715,0.1387287468567715,68.3924199589024,67.95754594396308,417.0993767834673,0.0,78.62713181972504
1356,4.0,4.1389924436544465,0.13899244365444652,68.38277479547675,67.95752521044555,417.12442797924643,0.0,78.62105226516724
1357,4.0,4.139257130325849,0.1392571303258494,68.37347189103723,67.95778304491351,417.1495732130297,0.0,78.61538362503052
1358,4.0,4.139514578498199,0.13951457849819882,68.36440541864914,67.95818055202295,417.1740307894029,0.0,78.60984802246094
1359,4.0,4.1397751981894535,0.1397751981894535,68.35553069911592,67.95863769250107,417.19878966007207,0.0,78.60459184646606
1360,4.0,4.130578007726696,0.1305780077266956,68.34681645264014,67.95799227652289,416.3250565661101,0.0,78.41996026039124
1361,4.0,4.130845137428575,0.13084513742857506,68.33769979719055,67.95804760456387,416.35043388778865,0.0,78.41457080841064
1362,4.0,4.131156759503764,0.1311567595037637,68.32811041574631,67.95827311118829,416.3800379849316,0.0,78.4094820022583
1363,4.0,4.13148507113515,0.13148507113514984,68.31826810700443,67.95860903686473,416.4112275899133,0.0,78.40441799163818
1364,4.0,4.131835496389937,0.13183549638993686,68.30803892471133,67.95894688934958,416.444517989118,0.0,78.39932775497437
1365,4.0,4.13221738760184,0.1322173876018402,68.29771181105299,67.95922848882194,416.4807976542488,0.0,78.39472007751465
1366,4.0,4.1419615944312005,0.1419615944312005,68.28750452906989,67.95873291308918,417.4064973030381,0.0,78.56783920526505
1367,4.0,4.142326529462539,0.14232652946253932,68.27747859998857,67.95866745999817,417.4411661310153,0.0,78.56322526931763
1368,4.0,4.133221235113803,0.1332212351138029,68.26814146998635,67.9587093121791,416.5761631678853,0.0,78.37981444597244
1369,4.0,4.133567943280473,0.1335679432804726,68.25889215817156,67.95882702624435,416.60910044371894,0.0,78.37576901912689
1370,4.0,4.133927775870092,0.13392777587009164,68.24943213040312,67.95898428844963,416.6432845397327,0.0,78.37172865867615
1371,4.0,4.134295768845123,0.1342957688451234,68.23980947151465,67.95866966912354,416.6782438723608,0.0,78.36765432357788
1372,4.0,4.134695552987062,0.13469555298706215,68.2299132233057,67.9586945718802,416.71622336584494,0.0,78.36386632919312
1373,4.0,4.1350916382432725,0.13509163824327253,68.2201181044735,67.95883100284955,416.7538514651849,0.0,78.3601222038269
1374,4.0,4.135506285567351,0.13550628556735056,68.21034579455602,67.95901342896778,416.7932429609723,0.0,78.35675382614136
1375,4.0,4.1359098408674,0.13590984086740043,68.2006703591886,67.95921366705328,416.8315807144771,0.0,78.35328435897827
1376,4.0,4.126892003745191,0.1268920037451906,68.19082032479444,67.95908790112476,415.9748861878671,0.0,78.17115309089422
1377,4.0,4.127332911115172,0.12733291111517175,68.1808889677968,67.95914273993473,416.0167723880154,0.0,78.16811859607697
1378,4.0,4.127827419935311,0.12782741993531133,68.17030688927271,67.95921314431324,416.06375072592857,0.0,78.1653505563736
1379,4.0,4.128323697015609,0.12832369701560875,68.15944190621288,67.95929070129318,416.1108970485569,0.0,78.16228866577148
1380,4.0,4.128862997911454,0.12886299791145372,68.1481879849831,67.95935780102859,416.1621306336622,0.0,78.15959215164185
1381,4.0,4.129411609625112,0.12941160962511233,68.13697958346344,67.95924558705894,416.2142487464597,0.0,78.15712070465088
1382,4.0,4.129953506211356,0.12995350621135593,68.12574568667894,67.95923727485561,416.2657289221529,0.0,78.15448951721191
1383,4.0,4.1399948416369705,0.1399948416369705,68.11447579005615,67.95926554723883,417.21965578758625,0.0,78.33154955878854
1384,4.0,4.140552341914459,0.14055234191445898,68.10367202475375,67.95931317719861,417.27261831394765,0.0,78.32967185974121
1385,4.0,4.131597869597359,0.13159786959735875,68.09359519142548,67.95936793054673,416.4219434438231,0.0,78.14870911836624
1386,4.0,4.132095756323871,0.13209575632387072,68.08381047288728,67.95941260888833,416.4692426828418,0.0,78.14689564704895
1387,4.0,4.1326305896607805,0.13263058966078045,68.07357471202029,67.95940246448107,416.5200518498482,0.0,78.14526033401489
1388,4.0,4.133177288558924,0.1331772885589242,68.06325169601249,67.95942574092254,416.57198824517184,0.0,78.14374613761902
1389,4.0,4.133737682448152,0.1337376824481522,68.05291607869196,67.95943704577446,416.6252256646485,0.0,78.1424732208252
1390,4.0,4.134289110872316,0.13428911087231565,68.04267912379837,67.95945498024285,416.677611364944,0.0,78.14114093780518
1391,4.0,4.134872164382755,0.13487216438275507,68.0323160525094,67.95946483730604,416.73300144843574,0.0,78.14025831222534
1392,4.0,4.135450988492821,0.13545098849282056,68.02215456586218,67.95947306015535,416.78798973889195,0.0,78.13952398300171
1393,4.0,4.126518729999483,0.126518729999483,68.01221307473199,67.9594681219599,415.93942518202493,0.0,77.95935308933258
1394,4.0,4.127139503497141,0.12713950349714143,68.00166426896354,67.959466877706,415.9983986643025,0.0,77.95898747444153
1395,4.0,4.12777056119814,0.12777056119814034,67.99086596058571,67.95947024522718,416.0583491458974,0.0,77.95852637290955
1396,4.0,4.128432757925728,0.12843275792572761,67.97968523616555,67.95946934702728,416.1212578350181,0.0,77.9582109451294
1397,4.0,4.12910896907693,0.12910896907693026,67.96830089806875,67.95946924029057,416.18549789438237,0.0,77.95792245864868
1398,4.0,4.129807796731217,0.12980779673121656,67.95684574410458,67.95947381400941,416.25188652153963,0.0,77.95797538757324
1399,4.0,4.130508205501796,0.13050820550179587,67.94545531657532,67.95947774211542,416.3184253547446,0.0,77.95812797546387
1400,4.0,4.131211333919323,0.13121133391932283,67.9341536723846,67.95947503209588,416.38522255440967,0.0,77.95842933654785
1401,4.0,4.122425414051972,0.12242541405197205,67.92285306866825,67.959479978897,415.5505601670113,0.0,77.77969324588776
1402,4.0,4.12315351177959,0.12315351177958966,67.91141870676105,67.95948663872001,415.6197294511351,0.0,77.78033459186554
1403,4.0,4.123928754738461,0.12392875473846132,67.89936189035784,67.95948484616507,415.6933775322278,0.0,77.78114748001099
1404,4.0,4.1247223057614635,0.12472230576146348,67.88702877705553,67.95948785228872,415.7687648794131,0.0,77.78198385238647
1405,4.0,4.125540471828764,0.1255404718287636,67.87455299618959,67.95948343960127,415.84649065580663,0.0,77.78311538696289
1406,4.0,4.126369101818637,0.1263691018186366,67.86216592005624,67.95948472316987,415.9252105048445,0.0,77.7845401763916
1407,4.0,4.127197467986202,0.12719746798620157,67.84975737644314,67.95948947074893,416.0039052907632,0.0,77.7859296798706
1408,4.0,4.128042467499708,0.12804246749970805,67.83730876941078,67.95949812340918,416.08418024454625,0.0,77.78758096694946
1409,4.0,4.128882388061404,0.12888238806140428,67.82517943472584,67.95948969041567,416.1639726979074,0.0,77.78949689865112
1410,4.0,4.1201943218292305,0.12019432182923051,67.8131739967902,67.95948489844935,415.3386064058509,0.0,77.61207067966461
1411,4.0,4.121068066504203,0.12106806650420321,67.80075928864703,67.9594840180573,415.4216121499734,0.0,77.61431777477264
1412,4.0,4.121970606539798,0.12197060653979808,67.78810023470437,67.95948043482576,415.5073534533549,0.0,77.6168212890625
1413,4.0,4.122897811718907,0.12289781171890723,67.77519833025252,67.95948402024689,415.59543794537024,0.0,77.61950469017029
1414,4.0,4.123843311524944,0.12384331152494443,67.76217977495388,67.95948257963693,415.6852604269437,0.0,77.62239217758179
1415,4.0,4.124806084134954,0.12480608413495364,67.74904807999665,67.9594775096916,415.7767238248946,0.0,77.62546825408936
1416,4.0,4.125751481066897,0.1257514810668967,67.7361969669398,67.95947624350451,415.8665365334292,0.0,77.62853193283081
1417,4.0,4.126704211141174,0.12670421114117403,67.72333081635307,67.95947880392744,415.9570458904856,0.0,77.63170957565308
1418,4.0,4.118125951905851,0.11812595190585107,67.71061038318476,67.95947480390308,415.1421112631299,0.0,77.45578384399414
1419,4.0,4.119087961011799,0.11908796101179941,67.6979105607563,67.95947250301622,415.233502128195,0.0,77.45934677124023
1420,4.0,4.120096974335799,0.12009697433579891,67.6847007167775,67.95947156328958,415.329358393975,0.0,77.46320295333862
1421,4.0,4.121133408695382,0.12113340869538192,67.67117140841808,67.95947536219761,415.42781965813526,0.0,77.46720147132874
1422,4.0,4.122172449732742,0.12217244973274166,67.65766900128332,67.95948205578617,415.5265285566845,0.0,77.47127199172974
1423,4.0,4.123214007966395,0.12321400796639459,67.64423098111335,67.95948000553994,415.6254765888815,0.0,77.47545576095581
1424,4.0,4.124258263866242,0.12425826386624195,67.63088329187336,67.95948315042358,415.72468089936706,0.0,77.47978591918945
1425,4.0,4.1253251242655375,0.12532512426553755,67.61763582276168,67.95948340802782,415.82603263730016,0.0,77.48464775085449
1426,4.0,4.116831126400444,0.11683112640044424,67.60464736779096,67.95949058394933,415.01910284011626,0.0,77.31025460362434
1427,4.0,4.117895015032252,0.11789501503225175,67.59168688605027,67.95948732549722,415.1201722601379,0.0,77.31540846824646
1428,4.0,4.118994990307461,0.11899499030746075,67.57821795750183,67.95949101312223,415.22466991128283,0.0,77.32065033912659
1429,4.0,4.120121440407118,0.12012144040711803,67.56449559849685,67.95949215778829,415.3316826707503,0.0,77.3260908126831
1430,4.0,4.12126098637513,0.12126098637513039,67.55081662967139,67.95949040399557,415.43993953771144,0.0,77.33181810379028
1431,4.0,4.122407035923054,0.1224070359230538,67.53724646444607,67.95948368048684,415.5488142447641,0.0,77.3377833366394
1432,4.0,4.123552115109584,0.12355211510958419,67.52388290182135,67.95947476838823,415.6575967674845,0.0,77.34395837783813
1433,4.0,4.1246975041750025,0.12469750417500247,67.51069107212822,67.9594718684895,415.7664087286993,0.0,77.35032749176025
1434,4.0,4.12582388783596,0.12582388783595988,67.49778378950855,67.95947886250269,415.8734151764902,0.0,77.35665798187256
1435,4.0,4.12694855801136,0.1269485580113603,67.485146168993,67.95947642931228,415.98025884315325,0.0,77.36325740814209
1436,4.0,4.118289311884492,0.11828931188449232,67.47286826552833,67.9594784196029,415.1576304611008,0.0,77.1868867278099
1437,4.0,4.119416574077261,0.11941657407726058,67.46043352894091,67.95947515516856,415.2647203694138,0.0,77.19378554821014
1438,4.0,4.120573223487564,0.12057322348756383,67.44768553061034,67.95947998745017,415.37460206339256,0.0,77.20086860656738
1439,4.0,4.121753197061402,0.12175319706140186,67.43469687948944,67.95947853073166,415.4866995529072,0.0,77.2081048488617
1440,4.0,4.122929796065521,0.12292979606552112,67.42191615574858,67.95947365830287,415.5984764582986,0.0,77.21550750732422
1441,4.0,4.124109070116534,0.12410907011653372,67.40922033419709,67.95948153913443,415.71050749314475,0.0,77.22304916381836
1442,4.0,4.125292133748309,0.12529213374830928,67.3966716772079,67.95948004002572,415.8228985381634,0.0,77.23082208633423
1443,4.0,4.126463997500392,0.12646399750039183,67.38443291521764,67.95948545163733,415.93422559461123,0.0,77.23873233795166
1444,4.0,4.127633293575029,0.12763329357502862,67.3724180996678,67.959486856824,416.04530872170176,0.0,77.2468433380127
1445,4.0,4.128789431967185,0.12878943196718495,67.36069210872427,67.95948819067333,416.15514186895666,0.0,77.25503158569336
1446,4.0,4.1299430034834295,0.12994300348342946,67.34929801600913,67.95948879479263,416.26473116299985,0.0,77.26354503631592
1447,4.0,4.121488128830312,0.12148812883031201,67.33823233043874,67.95947967601535,415.46151807095373,0.0,77.09270143508911
1448,4.0,4.122643355776665,0.12264335577666508,67.32707878563986,67.95947571829153,415.5712646308572,0.0,77.10153722763062
1449,4.0,4.123824546548944,0.12382454654894381,67.31557614105928,67.95947412514671,415.68347775422365,0.0,77.11045145988464
1450,4.0,4.125014640882204,0.12501464088220438,67.30401242425441,67.95946812010567,415.79653671588346,0.0,77.11945462226868
1451,4.0,4.126220168562327,0.12622016856232676,67.29243686565377,67.95947482154789,415.91106184549506,0.0,77.12872505187988
1452,4.0,4.127435287703534,0.12743528770353407,67.2808866069385,67.95946896310262,416.02649816390976,0.0,77.13819599151611
1453,4.0,4.128641845446797,0.12864184544679702,67.26967639502506,67.95947337702728,416.1411211495198,0.0,77.14788913726807
1454,4.0,4.1298492087305245,0.12984920873052452,67.25861008335454,67.95948066014606,416.2558206614739,0.0,77.15775489807129
1455,4.0,4.131047144010414,0.13104714401041395,67.24785164682446,67.95947990244485,416.3696245130634,0.0,77.16779041290283
1456,4.0,4.132235809281544,0.13223580928154366,67.23732256677451,67.9594824092993,416.48254771382074,0.0,77.1779088973999
1457,4.0,4.133415121148063,0.13341512114806342,67.22712692565436,67.95948269034895,416.59458234114004,0.0,77.18822860717773
1458,4.0,4.134580870833415,0.13458087083341486,67.21722484447399,67.95948208441744,416.7053285612484,0.0,77.1986255645752
1459,4.0,4.135731633460978,0.13573163346097772,67.20760924754124,67.95947593886758,416.8146510108669,0.0,77.2090654373169
1460,4.0,4.136868702555761,0.1368687025557609,67.19826126930018,67.95948113683716,416.9226725748713,0.0,77.21955108642578
1461,4.0,4.137998506491,0.13799850649099987,67.18927700137773,67.95947791046122,417.030003948719,0.0,77.23031330108643
1462,4.0,4.139110601408892,0.1391106014088921,67.1805502289508,67.95947455541723,417.1356529659188,0.0,77.24103546142578
1463,4.0,4.140213816592689,0.14021381659268872,67.17217620446608,67.95946938458054,417.2404584083795,0.0,77.25199222564697
1464,4.0,4.141310348413498,0.14131034841349788,67.16401285668698,67.95947635649308,417.3446289313563,0.0,77.2630615234375
1465,4.0,4.132698123407833,0.13269812340783282,67.15616923181803,67.95947705219085,416.52646755581816,0.0,77.09338182210922
1466,4.0,4.133788538341303,0.1337885383413031,67.14827565225302,67.95947567331619,416.63005697449785,0.0,77.10465896129608
1467,4.0,4.134908475855144,0.13490847585514398,67.13997946403329,67.95947965345124,416.7364510383127,0.0,77.11601948738098
1468,4.0,4.136041854167495,0.1360418541674946,67.13150167402699,67.95948664780902,416.844121977986,0.0,77.12741684913635
1469,4.0,4.137183373498968,0.13718337349896803,67.12305515457867,67.95948218013531,416.95256631447603,0.0,77.13899660110474
1470,4.0,4.138332418239826,0.138332418239826,67.11467065389881,67.95947872485941,417.0617255648575,0.0,77.15078258514404
1471,4.0,4.139472888333455,0.13947288833345528,67.10635558408768,67.95948676035283,417.1700702237523,0.0,77.16248321533203
1472,4.0,4.140604164636719,0.1406041646367191,67.09834581564917,67.95948129425558,417.27754147256235,0.0,77.17435836791992
1473,4.0,4.141732607299143,0.14173260729914272,67.0905458938672,67.95948130140805,417.3847435254926,0.0,77.18641710281372
1474,4.0,4.142850339132106,0.14285033913210565,67.08296260483847,67.95948385190265,417.490928049624,0.0,77.19852066040039
1475,4.0,4.143962136530011,0.14396213653001144,67.07563149087035,67.95948431462153,417.5965488024251,0.0,77.21079921722412
1476,4.0,4.1450640645850045,0.14506406458500454,67.0685625623696,67.95948716705918,417.7012319676495,0.0,77.2231912612915
1477,4.0,4.1461485262109825,0.1461485262109825,67.06175340276796,67.95948697061594,417.8042558221174,0.0,77.23555278778076
1478,4.0,4.147219115565219,0.14721911556521938,67.05523087670916,67.95948592576245,417.9059618107699,0.0,77.24798202514648
1479,4.0,4.148279392028517,0.1482793920285168,67.04897689234744,67.9594850061962,418.00668807478314,0.0,77.26052474975586
1480,4.0,4.1493290154946205,0.14932901549462052,67.04299255538632,67.95948376053269,418.10640230406295,0.0,77.2731761932373
1481,4.0,4.1503668360102814,0.15036683601028145,67.03726640977968,67.95948675774845,418.2049952530508,0.0,77.28590202331543
1482,4.0,4.151399243876925,0.15139924387692538,67.03179096272179,67.95948770168984,418.3030740003819,0.0,77.29881286621094
1483,4.0,4.1524132190693175,0.15241321906931748,67.02656616181164,67.95949540832875,418.3994016436592,0.0,77.31166648864746
1484,4.0,4.153424135464449,0.15342413546444877,67.02160653320307,67.95948930694817,418.4954387011967,0.0,77.32476615905762
1485,4.0,4.154428082244181,0.1544280822441806,67.01689397210416,67.95948157792016,418.59081364527117,0.0,77.3380184173584
1486,4.0,4.155421264858066,0.15542126485806573,67.01242998185116,67.95947687272488,418.6851659935903,0.0,77.35135459899902
1487,4.0,4.156408203298219,0.15640820329821903,67.00820590842508,67.95947706377156,418.77892514540486,0.0,77.36484909057617
1488,4.0,4.15737566214093,0.15737566214092968,67.00423998402223,67.95947963928388,418.8708337354624,0.0,77.37827682495117
1489,4.0,4.158327968933679,0.15832796893367895,67.00051343453748,67.95947548503175,418.9613028807736,0.0,77.39169692993164
1490,4.0,4.162633517080799,0.1626335170807991,66.99703278395667,67.95947635425277,419.37032995475,0.0,77.46780394762754
1491,4.0,4.163546595771107,0.1635465957711073,66.99392771335478,67.9594751009147,419.4570724303293,0.0,77.48120546340942
1492,4.0,4.164437445876857,0.1644374458768567,66.99128751332789,67.95947674192249,419.5417031903754,0.0,77.49472951889038
1493,4.0,4.165297682020809,0.1652976820208094,66.98903137492178,67.95947928457944,419.6234256240509,0.0,77.50812697410583
1494,4.0,4.166143170052479,0.1661431700524787,66.98709694478322,67.9594720455376,419.7037469870595,0.0,77.5216212272644
1495,4.0,4.166970665961029,0.1669706659610286,66.98545190987734,67.95946720157711,419.7823590983718,0.0,77.53511476516724
1496,4.0,4.167788091118901,0.1677880911189007,66.98407399978946,67.95946968800438,419.86001448836964,0.0,77.54872941970825
1497,4.0,4.1685956253693135,0.1685956253693135,66.98293256720831,67.95947160491816,419.9367302421588,0.0,77.56243324279785
1498,4.0,4.169385472794823,0.16938547279482297,66.98202548854569,67.95947780542451,420.0117657475822,0.0,77.57607889175415
1499,4.0,4.1701591157786195,0.17015911577861953,66.98132469254404,67.95947326513608,420.0852618310429,0.0,77.58966159820557
1500,4.0,4.170924253132097,0.17092425313209691,66.98083853404364,67.95947678235662,420.1579498796233,0.0,77.60333442687988
1501,4.0,4.1716735790663595,0.1716735790663595,66.98055704273932,67.95947407686326,420.22913584337823,0.0,77.61695003509521
1502,4.0,4.172414169223351,0.17241416922335073,66.98046772793728,67.9594756656532,420.29949190829234,0.0,77.63062572479248
1503,4.0,4.173138637534905,0.17313863753490466,66.9805845536716,67.95947117230038,420.36831639789,0.0,77.6442403793335
1504,4.0,4.173852045452439,0.17385204545243926,66.98087389733486,67.9594746479257,420.43609015005575,0.0,77.65784931182861
1505,4.0,4.17455689713881,0.17455689713881029,66.9813579968546,67.95947331778915,420.503051060261,0.0,77.67152500152588
1506,4.0,4.175240903044784,0.17524090304478435,66.982023409508,67.95947624511898,420.5680316213286,0.0,77.6850233078003
1507,4.0,4.175915618064543,0.17591561806454337,66.9828581859611,67.95947505732683,420.6321295482056,0.0,77.69854545593262
1508,4.0,4.1765721593056515,0.1765721593056515,66.98387976642704,67.95946956013536,420.6945009661109,0.0,77.71194648742676
1509,4.0,4.1772204212306745,0.1772204212306745,66.9850617352423,67.95948083451034,420.75608584898816,0.0,77.72537994384766
1510,4.0,4.1778608335311525,0.17786083353115245,66.98641521411562,67.95948915241321,420.81692501753355,0.0,77.73886680603027
1511,4.0,4.178485677833566,0.1784856778335664,66.98794390991256,67.95949218966526,420.8762852262629,0.0,77.75226783752441
1512,4.0,4.179109150271989,0.17910915027198904,66.98962722548362,67.95948457659202,420.93551510791303,0.0,77.76582336425781
1513,4.0,4.179725567372411,0.17972556737241074,66.99147733199432,67.95947948994873,420.9940747324531,0.0,77.7794418334961
1514,4.0,4.18032202404942,0.18032202404941966,66.99348580470397,67.95947900977397,421.0507381167689,0.0,77.79287338256836
1515,4.0,4.180911421519264,0.18091142151926398,66.99563966873609,67.95947426731236,421.1067308764041,0.0,77.80634307861328
1516,4.0,4.181488413528119,0.18148841352811917,66.99793750220516,67.95947543912233,421.1615451172454,0.0,77.81974983215332
1517,4.0,4.182054433582292,0.18205443358229179,67.00037928627215,67.95947830404528,421.2153170223918,0.0,77.83312034606934
1518,4.0,4.182619209123072,0.1826192091230716,67.00297496219372,67.95947821543557,421.2689706987659,0.0,77.84664726257324
1519,4.0,4.183158465159101,0.18315846515910117,67.00571443323257,67.95947040244592,421.3202000221886,0.0,77.85986709594727
1520,4.0,4.183681436349982,0.1836814363499819,67.0086073452474,67.95946670749515,421.3698822853223,0.0,77.87296295166016
1521,4.0,4.184202016652466,0.18420201665246605,67.01163956970738,67.95946612523018,421.4193374140583,0.0,77.88617706298828
1522,4.0,4.184709855175123,0.1847098551751234,67.0148061733876,67.95946608299788,421.4675820737108,0.0,77.89931106567383
1523,4.0,4.18520580211799,0.18520580211798965,67.01810172520364,67.95946867458169,421.514697033283,0.0,77.91237449645996
1524,4.0,4.18568018566071,0.18568018566071043,67.02153507231328,67.95947954786192,421.5597634698415,0.0,77.92519760131836
1525,4.0,4.186147303429892,0.18614730342989194,67.02510857875775,67.95948083353132,421.6041396579137,0.0,77.93804931640625
1526,4.0,4.186618387309079,0.1866183873090792,67.0288014802125,67.95948448043801,421.6488926264366,0.0,77.95111465454102
1527,4.0,4.187071392994781,0.18707139299478115,67.03259930084835,67.95949130818993,421.69192816657824,0.0,77.9639663696289
1528,4.0,4.187506152107224,0.18750615210722366,67.03653426680751,67.95949794795231,421.73323028226025,0.0,77.97663879394531
1529,4.0,4.187929365607027,0.1879293656070269,67.04059749240162,67.95949272756468,421.7734355647416,0.0,77.9892463684082
1530,4.0,4.188352330698697,0.18835233069869695,67.0447687958995,67.9594909422874,421.8136172484502,0.0,78.0019760131836
1531,4.0,4.18875315207556,0.18875315207556032,67.04906093424648,67.95948598496872,421.8516952792522,0.0,78.01443481445312
1532,4.0,4.189148597814811,0.1891485978148113,67.05346124353218,67.95948405136882,421.88926262448115,0.0,78.02692031860352
1533,4.0,4.189540334817748,0.1895403348177478,67.05794958537544,67.95947518973419,421.92647763976004,0.0,78.0394401550293
1534,4.0,4.189932173625768,0.18993217362576775,67.06254034160416,67.9594749788992,421.963702326522,0.0,78.05208206176758
1535,4.0,4.190308986101282,0.19030898610128233,67.06723964804587,67.95947339845596,421.99949951169583,0.0,78.06457138061523
1536,4.0,4.190681822109167,0.19068182210916707,67.07204107696302,67.95947702648306,422.03491893244495,0.0,78.07710647583008
1537,4.0,4.191035903532156,0.19103590353215605,67.07694193488439,67.95947982063811,422.06855666762885,0.0,78.08940887451172
1538,4.0,4.191380984066677,0.1913809840666767,67.0819401508935,67.9594866510764,422.10133931840835,0.0,78.10165786743164
1539,4.0,4.1917225994859235,0.19172259948592352,67.08703559238045,67.9594797503352,422.1337927832368,0.0,78.11395645141602
1540,4.0,4.192041568464793,0.19204156846479314,67.09221092007644,67.95947751765296,422.1640948362294,0.0,78.12592697143555
1541,4.0,4.19235001158475,0.1923500115847503,67.09749496095215,67.95947570132026,422.1933969326253,0.0,78.1378288269043
1542,4.0,4.1926499817480645,0.19264998174806447,67.10287125170673,67.95947787598494,422.2218940981402,0.0,78.1496810913086
1543,4.0,4.1929349908545355,0.19293499085453547,67.10833228932142,67.95947742019833,422.2489699632549,0.0,78.1613540649414
1544,4.0,4.193212671016715,0.19321267101671502,67.1138738614514,67.9594759042848,422.2753495786619,0.0,78.1729850769043
1545,4.0,4.193484816566718,0.193484816566718,67.11948036096405,67.9594745831987,422.30120340591225,0.0,78.18458938598633
1546,4.0,4.193749986693944,0.19374998669394383,67.12516830980053,67.95946977150705,422.3263945679987,0.0,78.19615936279297
1547,4.0,4.194001181053284,0.19400118105328357,67.1309286179036,67.95947871391839,422.350258032136,0.0,78.20755386352539
1548,4.0,4.194245999572444,0.19424599957244393,67.13676082514985,67.95947648314258,422.37351579145616,0.0,78.21891403198242
1549,4.0,4.194478991150534,0.19447899115053424,67.14267035234018,67.9594802056329,422.39564999137474,0.0,78.23014450073242
1550,4.0,4.194710540685915,0.1947105406859153,67.14864486737874,67.9594814885876,422.41764719723596,0.0,78.24142456054688
1551,4.0,4.194931903339958,0.1949319033399579,67.15469013633393,67.95948534620148,422.43867664937,0.0,78.25259780883789
1552,4.0,4.195140143466535,0.19514014346653497,67.16079753938608,67.9594836436145,422.4584594613949,0.0,78.26359939575195
1553,4.0,4.195343605083472,0.1953436050834716,67.16697756609162,67.95948055575599,422.47778831500386,0.0,78.27459716796875
1554,4.0,4.1955387748443975,0.19553877484439752,67.17320137424926,67.95948314340214,422.49632944229177,0.0,78.28549194335938
1555,4.0,4.195721813875543,0.19572181387554277,67.17947809128135,67.95947782764661,422.5137181502506,0.0,78.29622268676758
1556,4.0,4.195897060718708,0.19589706071870783,67.18581029946253,67.95947952727833,422.5303666003513,0.0,78.3068733215332
1557,4.0,4.196063707882629,0.1960637078826286,67.19221095759612,67.95948328452005,422.5461980809238,0.0,78.31744384765625
1558,4.0,4.196223706823951,0.19622370682395118,67.1986619368201,67.9594818885481,422.5613979803494,0.0,78.32794952392578
1559,4.0,4.196374624429494,0.19637462442949438,67.20516623025755,67.95948366638356,422.57573515287595,0.0,78.33834838867188
1560,4.0,4.196528218450259,0.19652821845025858,67.21171227394476,67.95948341020052,422.59032658484864,0.0,78.34884643554688
1561,4.0,4.196675769176906,0.1966757691769061,67.21830882143739,67.95948315370565,422.60434390388014,0.0,78.35929107666016
1562,4.0,4.196816756091945,0.1968167560919447,67.22494460027367,67.9594806540293,422.61773766080876,0.0,78.36965942382812
1563,4.0,4.196944111462828,0.19694411146282764,67.23162814906047,67.95947784617019,422.6298364210427,0.0,78.37982940673828
1564,4.0,4.197061938062562,0.19706193806256156,67.23833960916446,67.95948118055045,422.6410299480174,0.0,78.38985443115234
1565,4.0,4.1971689378534585,0.19716893785345846,67.24508673271487,67.95948560144312,422.65119492815256,0.0,78.39971923828125
1566,4.0,4.197265571482886,0.1972655714828857,67.25187527582722,67.95948259739197,422.66037512294815,0.0,78.40943908691406
1567,4.0,4.197358766801207,0.1973587668012069,67.25870551481945,67.9594852876238,422.6692286781887,0.0,78.41914367675781
1568,4.0,4.1974372197370675,0.19743721973706752,67.26557539861015,67.95947742359583,422.67668170709544,0.0,78.42861938476562
1569,4.0,4.197523160204991,0.19752316020499094,67.27247552198409,67.95948652971228,422.6848460515482,0.0,78.43827056884766
1570,4.0,4.197591364709212,0.19759136470921224,67.27939790711343,67.95947929059122,422.69132547944923,0.0,78.44761657714844
1571,4.0,4.197652801497821,0.19765280149782072,67.28636311908197,67.9594803934255,422.69716197436696,0.0,78.4568862915039
1572,4.0,4.197709829924199,0.19770982992419928,67.29333991001752,67.95947826223477,422.70257967487294,0.0,78.4660873413086
1573,4.0,4.194402058078216,0.1944020580782162,67.30033373293135,67.9594791187318,422.38834134950457,0.0,78.41240508854389
1574,4.0,4.1944530768834944,0.19445307688349445,67.30722881544435,67.95948257299914,422.39318813600596,0.0,78.42139250040054
1575,4.0,4.194515645672208,0.19451564567220814,67.31391265568408,67.95947860482615,422.39913217093385,0.0,78.43034994602203
1576,4.0,4.194574659574041,0.19457465957404096,67.32046985471789,67.9594779664628,422.4047384916079,0.0,78.43909358978271
1577,4.0,4.194641231752023,0.19464123175202275,67.32694535200737,67.95948549384214,422.41106284851617,0.0,78.44788360595703
1578,4.0,4.194695299203392,0.19469529920339212,67.33337255560357,67.95948316985839,422.41619925639634,0.0,78.45638370513916
1579,4.0,4.1947575264051915,0.1947575264051915,67.33977336486366,67.95948812047816,422.42211084056726,0.0,78.46500587463379
1580,4.0,4.194808313112641,0.1948083131126408,67.34616818689925,67.95948862926936,422.4269355777749,0.0,78.47340726852417
1581,4.0,4.194874352203758,0.19487435220375815,67.35254221395437,67.9594837282198,422.433209291431,0.0,78.48206996917725
1582,4.0,4.19492894448431,0.1949289444843103,67.35890874249245,67.95948285287753,422.43839555808347,0.0,78.49050998687744
1583,4.0,4.194976638621505,0.1949766386215046,67.36530076450633,67.95947434285348,422.442926501117,0.0,78.49885082244873
1584,4.0,4.195021674580292,0.19502167458029174,67.37171568957092,67.95947620395471,422.4472049172017,0.0,78.50716876983643
1585,4.0,4.195061457188138,0.19506145718813794,67.3781362863802,67.95947547167691,422.4509842649471,0.0,78.51539516448975
1586,4.0,4.195082165876776,0.19508216587677563,67.38458161368585,67.95947087308897,422.4529515903678,0.0,78.52329349517822
1587,4.0,4.195098279733243,0.19509827973324256,67.39103603697255,67.95947097247702,422.45448240673204,0.0,78.5311164855957
1588,4.0,4.195108766748568,0.19510876674856803,67.39750961021923,67.95947448079366,422.45547867318805,0.0,78.53885650634766
1589,4.0,4.195112196946167,0.19511219694616688,67.40400323868805,67.9594764209168,422.4558045419599,0.0,78.54648780822754
1590,4.0,4.195117297202206,0.19511729720220572,67.41049129875425,67.95946926197433,422.4562890662836,0.0,78.55414390563965
1591,4.0,4.195106658525034,0.19510665852503362,67.4169834836219,67.95947653389177,422.4552783919522,0.0,78.56151008605957
1592,4.0,4.195100805515107,0.1951008055151071,67.42348226213954,67.95947980008769,422.45472235600926,0.0,78.56897354125977
1593,4.0,4.195078908718769,0.1950789087187692,67.42999833220128,67.95948629006881,422.4526421603571,0.0,78.57615661621094
1594,4.0,4.195060282974389,0.1950602829743886,67.4365208120404,67.95948503977684,422.4508727146409,0.0,78.58340835571289
1595,4.0,4.195035291173457,0.19503529117345675,67.44304094054641,67.95948880807897,422.4484984935524,0.0,78.59053802490234
1596,4.0,4.195000844807425,0.1950008448074252,67.44957566975008,67.95948713444744,422.44522608877946,0.0,78.59750747680664
1597,4.0,4.194969825935812,0.1949698259358117,67.45609985431732,67.95948503703188,422.44227929597616,0.0,78.60452874004841
1598,4.0,4.194924186446208,0.19492418644620813,67.4626351944314,67.95948021714976,422.4379435444638,0.0,78.61128890514374
1599,4.0,4.194879025078012,0.1948790250780119,67.46916345994791,67.95948745311081,422.43365321448516,0.0,78.61804962158203
1600,4.0,4.194830361530311,0.19483036153031108,67.47567055039424,67.95949106922684,422.42903017745357,0.0,78.62471985816956
1601,4.0,4.1947733157843,0.19477331578429968,67.48217861617385,67.95948602661929,422.42361083158255,0.0,78.63123393058777
1602,4.0,4.1947132409858545,0.19471324098585452,67.48868791774271,67.95948503997047,422.4179037257302,0.0,78.63769245147705
1603,4.0,4.194649968934619,0.19464996893461883,67.49519544638667,67.95948764126135,422.41189288086287,0.0,78.64408874511719
1604,4.0,4.194580341614511,0.1945803416145111,67.50170231424728,67.95948152267827,422.4052782854526,0.0,78.65036487579346
1605,4.0,4.194509651072906,0.19450965107290585,67.50819704388323,67.95948940552273,422.3985626840001,0.0,78.65660667419434
1606,4.0,4.194438296274375,0.1944382962743747,67.51468058446196,67.95949143432455,422.39178397813964,0.0,78.66282272338867
1607,4.0,4.19437052682355,0.19437052682355027,67.52115737754906,67.95948991211498,422.3853458803113,0.0,78.66909790039062
1608,4.0,4.194292645519799,0.1942926455197993,67.52761873627179,67.95948939979925,422.377947156455,0.0,78.6751651763916
1609,4.0,4.194215711602981,0.1942157116029808,67.53406344327064,67.95948469383512,422.37063843435726,0.0,78.68123054504395
1610,4.0,4.194134924404046,0.19413492440404578,67.54048776186576,67.95948083527992,422.36296365045837,0.0,78.68719959259033
1611,4.0,4.194033634671524,0.19403363467152435,67.54690772445754,67.95947507462127,422.35334112586884,0.0,78.69277858734131
1612,4.0,4.19393851780109,0.19393851780109017,67.55332189085483,67.95947761625742,422.34430502317764,0.0,78.69846630096436
1613,4.0,4.193828743233698,0.1938287432336976,67.55972278916843,67.95948208802322,422.3338764392753,0.0,78.7038631439209
1614,4.0,4.193724246693425,0.19372424669342525,67.56610857294969,67.95948054756452,422.3239492679494,0.0,78.70934104919434
1615,4.0,4.1936150406268835,0.1936150406268835,67.57247395623475,67.95948235674915,422.313574691628,0.0,78.71470642089844
1616,4.0,4.193494839779221,0.19349483977922066,67.5788285519758,67.95948821187115,422.30215561110003,0.0,78.71985244750977
1617,4.0,4.193379437894541,0.19337943789454126,67.58515529011753,67.95948392470697,422.2911924320555,0.0,78.72505569458008
1618,4.0,4.19325519112637,0.19325519112636957,67.59144973552519,67.95949042378251,422.27938898907917,0.0,78.73005485534668
1619,4.0,4.193130347877858,0.1931303478778581,67.59772469397913,67.95948490452348,422.26752888047054,0.0,78.73501968383789
1620,4.0,4.1930036104726955,0.19300361047269554,67.60397324973945,67.95948496229613,422.2554888269801,0.0,78.73991775512695
1621,4.0,4.192871638036997,0.1928716380369968,67.61020670169071,67.959480980149,422.2429514455887,0.0,78.74469947814941
1622,4.0,4.192738016105024,0.19273801610502428,67.61641637878334,67.95948067099994,422.23025736205136,0.0,78.74942207336426
1623,4.0,4.192601055424494,0.19260105542449413,67.6226049657486,67.95948132031283,422.217246097401,0.0,78.75405693054199
1624,4.0,4.19245887071,0.19245887071000034,67.62876849291173,67.95948551085624,422.203738549524,0.0,78.75856399536133
1625,4.0,4.192319847075523,0.19231984707552296,67.63490437038534,67.95948019246843,422.1905313042487,0.0,78.76309776306152
1626,4.0,4.192169219764125,0.19216921976412493,67.6410231407148,67.95948317720875,422.1762217096659,0.0,78.76739311218262
1627,4.0,4.192021660060342,0.19202166006034194,67.64709448640265,67.95948740161754,422.1622035378065,0.0,78.77169036865234
1628,4.0,4.1918798525960215,0.19187985259602147,67.65312092664293,67.95948652790263,422.1487318286961,0.0,78.77604293823242
1629,4.0,4.191734215591978,0.19173421559197834,67.65913587333536,67.95948368923807,422.13489631331197,0.0,78.78030967712402
1630,4.0,4.191595437227654,0.1915954372276536,67.66511914973626,67.95948424409386,422.1217123687011,0.0,78.78466796875
1631,4.0,4.191444699327033,0.19144469932703334,67.67106819890479,67.95948383237607,422.10739226814223,0.0,78.78876113891602
1632,4.0,4.19129623276011,0.1912962327601102,67.67699738332504,67.95949004977965,422.0932879442845,0.0,78.79287338256836
1633,4.0,4.1911399401403875,0.1911399401403875,67.68289281514544,67.95949034703699,422.0784401454108,0.0,78.79679870605469
1634,4.0,4.190977555121491,0.19097755512149117,67.68876584461887,67.95948196893514,422.0630135686157,0.0,78.80058288574219
1635,4.0,4.19081370588147,0.19081370588147006,67.69460071969083,67.95948251923899,422.0474478908137,0.0,78.80429458618164
1636,4.0,4.190638908705712,0.19063890870571232,67.70040973991482,67.9594775208865,422.0308421591167,0.0,78.80776977539062
1637,4.0,4.19047313270918,0.19047313270918043,67.70617508036501,67.95948115548747,422.0150934394462,0.0,78.81136322021484
1638,4.0,4.190295081362913,0.19029508136291273,67.71189999330878,67.95947785719837,421.99817856155073,0.0,78.81467819213867
1639,4.0,4.190118272947118,0.19011827294711825,67.71758891820075,67.95948066771712,421.9813817620503,0.0,78.81797409057617
1640,4.0,4.189946326468744,0.18994632646874443,67.72324234697997,67.95948227490426,421.96504684660476,0.0,78.82131958007812
1641,4.0,4.189766791451749,0.18976679145174913,67.72886813547342,67.95947935054018,421.94799101999024,0.0,78.82448959350586
1642,4.0,4.1895877711370435,0.1895877711370435,67.73445330609277,67.95948106055859,421.93098409009315,0.0,78.82762145996094
1643,4.0,4.189405132432683,0.1894051324326833,67.73999912083055,67.9594796736731,421.9136334131789,0.0,78.83063888549805
1644,4.0,4.189219382463238,0.18921938246323844,67.74551377877454,67.95947580080067,421.8959871660817,0.0,78.83356094360352
1645,4.0,4.189038207691111,0.18903820769111057,67.75098443391217,67.95947210950598,421.8787755627295,0.0,78.83651733398438
1646,4.0,4.188856446544441,0.1888564465444409,67.75641587054118,67.95947524612441,421.86150825379593,0.0,78.83941650390625
1647,4.0,4.1886650231052345,0.18866502310523448,67.7618172100776,67.95948256747604,421.8433230270713,0.0,78.84209823608398
1648,4.0,4.188480759386558,0.18848075938655828,67.76717205653982,67.95948664249462,421.82581797379703,0.0,78.8448600769043
1649,4.0,4.18829149751774,0.18829149751774032,67.77247053835936,67.95947951008992,421.8078380962594,0.0,78.84746170043945
1650,4.0,4.188102859452877,0.18810285945287664,67.77772989252703,67.95948891037101,421.7899174800973,0.0,78.85002899169922
1651,4.0,4.187915431829593,0.1879154318295928,67.78295045398666,67.95948742326418,421.7721118558853,0.0,78.85257339477539
1652,4.0,4.187718045334807,0.1877180453348073,67.7881260929614,67.95948864792274,421.7533601388807,0.0,78.85487747192383
1653,4.0,4.187522909650748,0.18752290965074803,67.7932690601679,67.95948791573109,421.73482224889506,0.0,78.85718536376953
1654,4.0,4.187336191226556,0.18733619122655565,67.79837132959007,67.95948247883196,421.7170839985969,0.0,78.85960388183594
1655,4.0,4.187138022262137,0.18713802226213705,67.80343645046054,67.9594799005471,421.69825794697704,0.0,78.86176300048828
1656,4.0,4.186944349005668,0.18694434900566836,67.80846532109797,67.95947059795571,421.67985898761253,0.0,78.86396408081055
1657,4.0,4.186760091427462,0.18676009142746164,67.81343727236866,67.95946884637937,421.66235451768284,0.0,78.86627578735352
1658,4.0,4.186568673155083,0.18656867315508308,67.81838460777426,67.95947191633773,421.6441697818069,0.0,78.86842346191406
1659,4.0,4.1863844520855285,0.18638445208552845,67.82328140170317,67.95947298103246,421.6266687801992,0.0,78.87064743041992
1660,4.0,4.186199507963473,0.1861995079634733,67.82811489014124,67.95947470657828,421.609099088604,0.0,78.87278366088867
1661,4.0,4.186008681348689,0.18600868134868875,67.83290962217613,67.95947645739132,421.5909705601995,0.0,78.87476348876953
1662,4.0,4.185812370763013,0.1858123707630126,67.83766243487263,67.95947650702405,421.57232105456023,0.0,78.87659072875977
1663,4.0,4.185612499443071,0.1856124994430708,67.84237497808952,67.95948161895508,421.5533332791657,0.0,78.87830352783203
1664,4.0,4.185413495006167,0.18541349500616722,67.84705751322338,67.95947974420454,421.5344278576599,0.0,78.87999725341797
1665,4.0,4.185214673031317,0.1852146730313171,67.8516850348734,67.9594747008248,421.51553977004914,0.0,78.88162994384766
1666,4.0,4.185012779833475,0.18501277983347464,67.85627747570084,67.95947231095477,421.49635991625416,0.0,78.88316345214844
1667,4.0,4.184801366773106,0.18480136677310632,67.86082783708979,67.95947178954476,421.4762756755191,0.0,78.88446807861328
1668,4.0,4.184590789801362,0.18459078980136212,67.86531915370861,67.95947408018867,421.4562708632035,0.0,78.8857192993164
1669,4.0,4.184388733836104,0.1843887338361041,67.86977773569325,67.95948143685642,421.43707554650393,0.0,78.88709259033203
1670,4.0,4.184183457883211,0.18418345788321133,67.87418395449656,67.95948226554148,421.41757433097916,0.0,78.88834381103516
1671,4.0,4.183973833163239,0.1839738331632388,67.87854956076445,67.95948889397114,421.3976599825817,0.0,78.88946533203125
1672,4.0,4.183766397995919,0.1837663979959192,67.88288007832875,67.95948729783184,421.3779536416863,0.0,78.89058685302734
1673,4.0,4.183570454237216,0.1835704542372163,67.88713616087837,67.95948770797334,421.3593389846096,0.0,78.89183807373047
1674,4.0,4.183357438175236,0.18335743817523564,67.89134799790173,67.95948291297016,421.3391024587214,0.0,78.89271545410156
1675,4.0,4.183151427059985,0.18315142705998522,67.89551222675162,67.95947622646915,421.31953140277267,0.0,78.89366912841797
1676,4.0,4.1829518061387345,0.18295180613873452,67.89963879842675,67.95948811578245,421.3005674152538,0.0,78.89469909667969
1677,4.0,4.18274663672787,0.18274663672787028,67.90371794399488,67.95948582396186,421.2810763212217,0.0,78.89556884765625
1678,4.0,4.182528632483022,0.18252863248302198,67.90774320501166,67.95948041963013,421.26036591796117,0.0,78.89613342285156
1679,4.0,4.1823181544177785,0.18231815441777854,67.91171891525595,67.9594779265148,421.240370501763,0.0,78.89678192138672
1680,4.0,4.182103987933614,0.1821039879336137,67.91565641215776,67.95947672667135,421.2200246857674,0.0,78.8973159790039
1681,4.0,4.181879469256449,0.18187946925644916,67.91955017260265,67.9594712310531,421.1986954114367,0.0,78.89760345220566
1682,4.0,4.181664118780806,0.18166411878080613,67.92339744226042,67.9594690235841,421.17823711625067,0.0,78.89800941944122
1683,4.0,4.1814507841709965,0.18145078417099647,67.92719978815956,67.95946964560369,421.1579703283187,0.0,78.89840078353882
1684,4.0,4.181231759004911,0.18123175900491084,67.93094255703886,67.95946739901584,421.13716293754055,0.0,78.89861512184143
1685,4.0,4.181017126895498,0.18101712689549831,67.9346418464792,67.95946858821212,421.11677288714634,0.0,78.89886140823364
1686,4.0,4.180813641830725,0.18081364183072512,67.93829854057073,67.95946134804757,421.09744180599296,0.0,78.89926815032959
1687,4.0,4.180604128429139,0.1806041284291391,67.9419004024481,67.95947123358648,421.0775380328422,0.0,78.89949703216553
1688,4.0,4.180398796716271,0.18039879671627101,67.94542932065252,67.95947384229954,421.0580315201198,0.0,78.89971971511841
1689,4.0,4.180195757639682,0.18019575763968199,67.94891721226473,67.95947983135139,421.03874280784385,0.0,78.8999376296997
1690,4.0,4.179991657685725,0.17999165768572478,67.95236642663198,67.95948675256143,421.01935331221785,0.0,78.90009021759033
1691,4.0,4.179783090449896,0.17978309044989604,67.95575964982308,67.95949552572203,420.9995394248142,0.0,78.90009307861328
1692,4.0,4.179573934852038,0.179573934852038,67.95910363537162,67.95950181652456,420.9796696430177,0.0,78.90002727508545
1693,4.0,4.179354045174711,0.1793540451747111,67.9623974238794,67.95950083174613,420.95878012367154,0.0,78.89970016479492
1694,4.0,4.179137692034827,0.17913769203482666,67.96564143761566,67.95948867147064,420.9382265753826,0.0,78.89938163757324
1695,4.0,4.178935887289046,0.17893588728904586,67.96884715773014,67.95947594431351,420.91905512453343,0.0,78.89929294586182
1696,4.0,4.178727105126802,0.1787271051268018,67.97200975866609,67.95947042294166,420.89922081912016,0.0,78.89902210235596
1697,4.0,4.178518663933528,0.1785186639335281,67.97510797094192,67.95947128650575,420.87941890575917,0.0,78.89868259429932
1698,4.0,4.178309635158288,0.17830963515828824,67.97817578963702,67.95947246158595,420.8595611721114,0.0,78.89829635620117
1699,4.0,4.178101342780523,0.17810134278052292,67.9811867389107,67.95946966790441,420.8397733962237,0.0,78.89785766601562
1700,4.0,4.177890032461953,0.17789003246195279,67.98415341671286,67.95947464848366,420.8196989159595,0.0,78.89731025695801
1701,4.0,4.177687080275014,0.1776870802750139,67.98706326841209,67.95947183162319,420.8004184582004,0.0,78.89685440063477
1702,4.0,4.177480214252378,0.1774802142523777,67.98993519353806,67.9594746484836,420.78076618604996,0.0,78.89628028869629
1703,4.0,4.177268369869714,0.17726836986971417,67.99275200252818,67.95948038844301,420.76064096969685,0.0,78.89554786682129
1704,4.0,4.177063524961018,0.17706352496101818,67.99551342425495,67.95947881571588,420.7411807033708,0.0,78.89488305151463
1705,4.0,4.176867134808988,0.17686713480898764,67.99823485252234,67.95947864903233,420.7225236389279,0.0,78.89433121681213
1706,4.0,4.176669223209358,0.17666922320935807,68.00090754585253,67.95947910256982,420.7037220369631,0.0,78.8936938047409
1707,4.0,4.1764604215348635,0.17646042153486352,68.00351695265576,67.95948039469789,420.68388587788604,0.0,78.89277696609497
1708,4.0,4.176265628762179,0.1762656287621791,68.00606034718813,67.95947876959804,420.6653805644811,0.0,78.89204788208008
1709,4.0,4.176080124015596,0.1760801240155958,68.0085850818335,67.95947200312834,420.64775761355565,0.0,78.89147233963013
1710,4.0,4.17589936268738,0.17589936268737993,68.0110595067052,67.95948309077752,420.6305852873751,0.0,78.89092779159546
1711,4.0,4.175714800507606,0.17571480050760613,68.01349122449253,67.95948375428011,420.61305188029667,0.0,78.89026165008545
1712,4.0,4.1755234138227255,0.17552341382272552,68.01587316648954,67.95947817896766,420.5948701452329,0.0,78.88940858840942
1713,4.0,4.17533160763455,0.1753316076345497,68.01821200262799,67.95947214584572,420.5766485573563,0.0,78.8884973526001
1714,4.0,4.175134266045603,0.17513426604560323,68.02050678880903,67.95947664313896,420.55790110640635,0.0,78.88743019104004
1715,4.0,4.174941197559986,0.17494119755998572,68.02275684000786,67.95948136420814,420.5395596002727,0.0,78.88639163970947
1716,4.0,4.174749707808201,0.17474970780820076,68.02495670343671,67.95947677309066,420.52136807385307,0.0,78.88532447814941
1717,4.0,4.174568817671623,0.1745688176716227,68.02711973991566,67.95948109454721,420.5041835108782,0.0,78.88441467285156
1718,4.0,4.1743822284398995,0.17438222843989948,68.02923931418573,67.95948046390178,420.4864575338645,0.0,78.88334655761719
1719,4.0,4.17418087297236,0.17418087297235996,68.0313085781105,67.95948385547845,420.4673287644482,0.0,78.8819408416748
1720,4.0,4.17399752871309,0.17399752871309015,68.03332464900402,67.95948525709443,420.4499110598176,0.0,78.88081359863281
1721,4.0,4.17381498056941,0.1738149805694098,68.03530324302034,67.95949202900083,420.432568986168,0.0,78.87965774536133
1722,4.0,4.1736331736673895,0.1736331736673895,68.03724195825002,67.95948716285749,420.41529733047605,0.0,78.87846946716309
1723,4.0,4.173455621093653,0.17345562109365265,68.03913945432072,67.95948987048169,420.398429835971,0.0,78.8773136138916
1724,4.0,4.173279726745713,0.17327972674571335,68.04098375077676,67.9594878516161,420.38171987291685,0.0,78.87612724304199
1725,4.0,4.173094061617725,0.173094061617725,68.04279664883207,67.95948906969979,420.3640816857579,0.0,78.87471961975098
1726,4.0,4.17290951899613,0.17290951899613027,68.04454533076517,67.95948930101045,420.34655013670636,0.0,78.87325859069824
1727,4.0,4.172732980394657,0.1727329803946569,68.04626895828687,67.95948397992574,420.3297789695664,0.0,78.87191963195801
1728,4.0,4.172557353654992,0.1725573536549918,68.04795153063338,67.95948591610247,420.3130944292983,0.0,78.87055015563965
1729,4.0,4.172384280143429,0.17238428014342944,68.04958601990899,67.95948100764997,420.2966524456998,0.0,78.86917304992676
1730,4.0,4.172225914715196,0.1722259147151961,68.05117659279614,67.95947561918581,420.28160773001764,0.0,78.86802291870117
1731,4.0,4.1720662555196295,0.1720662555196295,68.05273078618023,67.95947668217273,420.26644010643884,0.0,78.86680603027344
1732,4.0,4.171902391511546,0.17190239151154607,68.05424341562488,67.95947906077657,420.2508730256709,0.0,78.8654613494873
1733,4.0,4.171749568001534,0.17174956800153396,68.05569291678306,67.9594855469383,420.2363547922198,0.0,78.8642520904541
1734,4.0,4.171581561971681,0.1715815619716814,68.05712356567363,67.95948222397699,420.2203942193838,0.0,78.86273384094238
1735,4.0,4.17141711015974,0.17141711015973993,68.05851938614929,67.95948749953835,420.2047712972493,0.0,78.86124229431152
1736,4.0,4.171251555401592,0.1712515554015921,68.05985100593249,67.95948335968133,420.18904359522526,0.0,78.85965538024902
1737,4.0,4.17108638271871,0.1710863827187099,68.06115345011433,67.9594890101624,420.17335219035147,0.0,78.85804176330566
1738,4.0,4.170926660529862,0.1709266605298616,68.06241150380902,67.95948851273057,420.15817858241087,0.0,78.85647964477539
1739,4.0,4.170765106487597,0.1707651064875968,68.06363204877083,67.95949796360303,420.1428309483957,0.0,78.85483932495117
1740,4.0,4.170608894835182,0.1706088948351816,68.0648181843572,67.95949342468667,420.12799084141625,0.0,78.8532600402832
1741,4.0,4.1704567787419835,0.1704567787419835,68.06595732261823,67.95948142483972,420.1135398125625,0.0,78.85170364379883
1742,4.0,4.1702988965836205,0.17029889658362052,68.06705893586397,67.95947610365774,420.09854100751795,0.0,78.84999465942383
1743,4.0,4.170148835444478,0.17014883544447823,68.06811200774918,67.95946757500103,420.0842851992994,0.0,78.8483772277832
1744,4.0,4.170003904079796,0.17000390407979626,68.06914069811491,67.95946447100265,420.07051671965473,0.0,78.84682846069336
1745,4.0,4.1698607518061905,0.16986075180619054,68.07013053740333,67.95947323481495,420.05691725366216,0.0,78.84526824951172
1746,4.0,4.169705439292049,0.1697054392920494,68.0710884178112,67.95947715439546,420.0421625648187,0.0,78.84344100952148
1747,4.0,4.169557489919376,0.16955748991937636,68.0720117931423,67.95948407261656,420.02810737441484,0.0,78.84171295166016
1748,4.0,4.169411527558107,0.16941152755810673,68.07289291138216,67.95949044323883,420.0142409500942,0.0,78.83997344970703
1749,4.0,4.169257387976266,0.16925738797626622,68.07374291280429,67.95949536892611,419.9995976898193,0.0,78.83804321289062
1750,4.0,4.169110768698622,0.16911076869862196,68.07454265036986,67.95948450804346,419.9856688584431,0.0,78.83619689941406
1751,4.0,4.168969191906867,0.168969191906867,68.07532269262401,67.95947897588671,419.97221906322636,0.0,78.83442306518555
1752,4.0,4.168833836420771,0.1688338364207711,68.076060490693,67.95948408666918,419.95936029204734,0.0,78.83271789550781
1753,4.0,4.168697652019252,0.1686976520192518,68.07676245886334,67.95948517790767,419.946422773903,0.0,78.8309555053711
1754,4.0,4.168568165604124,0.1685681656041238,68.07743085824055,67.9594770108262,419.93412156446584,0.0,78.82928085327148
1755,4.0,4.168436141435421,0.1684361414354214,68.07805838276418,67.95948252536725,419.921579268439,0.0,78.82751083374023
1756,4.0,4.168315469060239,0.1683154690602393,68.07864221233397,67.95949138141619,419.9101153927968,0.0,78.8259048461914
1757,4.0,4.1681993406129125,0.16819934061291253,68.07921775343638,67.95948858352615,419.89908319030076,0.0,78.82437515258789
1758,4.0,4.168079906053607,0.1680799060536069,68.07975177870779,67.95948383288801,419.88773690716664,0.0,78.82273483276367
1759,4.0,4.16795930616078,0.16795930616078003,68.08026203598546,67.95947662372711,419.87627991734814,0.0,78.821044921875
1760,4.0,4.167844676773779,0.1678446767737789,68.08073740034077,67.95947483740494,419.8653901255831,0.0,78.81942749023438
1761,4.0,4.167722634092251,0.16772263409225108,68.08118231669967,67.95947429638738,419.8537960708379,0.0,78.81763458251953
1762,4.0,4.167598479467732,0.1675984794677321,68.08159585645386,67.95947395494201,419.84200138150857,0.0,78.81576538085938
1763,4.0,4.1674698196396935,0.16746981963969354,68.08198745762077,67.95947131041102,419.829778697845,0.0,78.81378555297852
1764,4.0,4.167348409446531,0.1673484094465314,68.0823430289542,67.95947091910234,419.8182447294945,0.0,78.8119010925293
1765,4.0,4.167216934636636,0.16721693463663634,68.08266862126482,67.9594665748834,419.80575462255445,0.0,78.8097915649414
1766,4.0,4.167093279305887,0.16709327930588724,68.08295545769596,67.95948008702261,419.7940073661333,0.0,78.80778503417969
1767,4.0,4.166974123109881,0.16697412310988113,68.08322153129582,67.95947545541821,419.78268752751273,0.0,78.80583953857422
1768,4.0,4.166858165287591,0.16685816528759112,68.08345843119871,67.95948353986059,419.7716715343952,0.0,78.80392074584961
1769,4.0,4.166734078235401,0.1667340782354012,68.08366667805032,67.95948089322229,419.7598832644371,0.0,78.80181503295898
1770,4.0,4.166621965821759,0.1666219658217587,68.08383088101078,67.95948652850655,419.74923258514116,0.0,78.79988479614258
1771,4.0,4.16650937317748,0.1665093731774796,68.08397327594331,67.95948378721755,419.73853628393465,0.0,78.79792022705078
1772,4.0,4.166400068816196,0.16640006881619573,68.08409160895631,67.95948426265656,419.72815236961264,0.0,78.79598999023438
1773,4.0,4.166282157754617,0.1662821577546172,68.08417919391508,67.95948021320326,419.7169508187627,0.0,78.79386138916016
1774,4.0,4.1661733059617685,0.1661733059617685,68.08422421706076,67.95948261400436,419.706609898442,0.0,78.79185485839844
1775,4.0,4.1660683182636715,0.16606831826367152,68.08425224251988,67.95948465836541,419.6966360671229,0.0,78.78990173339844
1776,4.0,4.165963092581689,0.16596309258168862,68.0842577871185,67.95948648708254,419.68663962733444,0.0,78.78791809082031
1777,4.0,4.165862935241653,0.16586293524165274,68.0842332427295,67.95948967357468,419.67712468003106,0.0,78.78599548339844
1778,4.0,4.165756504972928,0.16575650497292838,68.08417935578608,67.95948781233476,419.6670138045022,0.0,78.78392028808594
1779,4.0,4.165659154473125,0.16565915447312474,68.08409574609611,67.95948699998519,419.65776550702094,0.0,78.781982421875
1780,4.0,4.165561567859586,0.1655615678595863,68.08400280456735,67.95948182312745,419.64849477873474,0.0,78.780029296875
1781,4.0,4.165463706992679,0.16546370699267943,68.08387477911269,67.95948385479966,419.6391979963786,0.0,78.77803039550781
1782,4.0,4.165380388730822,0.16538038873082161,68.08371345545858,67.95948179066198,419.6312827615021,0.0,78.7762680053711
1783,4.0,4.165299028537169,0.16529902853716916,68.08353330783049,67.95947743079353,419.6235535431051,0.0,78.77452087402344
1784,4.0,4.1652051603204745,0.1652051603204745,68.0833334063005,67.95947821395494,419.61463606251914,0.0,78.77251434326172
1785,4.0,4.165124895437419,0.16512489543741893,68.0830957742956,67.9594780608055,419.6070108986288,0.0,78.77072143554688
1786,4.0,4.165040463767608,0.16504046376760773,68.08284711208834,67.9594768027435,419.5989898899968,0.0,78.76883697509766
1787,4.0,4.164955758669987,0.16495575866998724,68.08257653137805,67.95947835718196,419.59094290572284,0.0,78.76692199707031
1788,4.0,4.164869484775269,0.1648694847752692,68.08228861627087,67.95948359888337,419.58274688572465,0.0,78.76495730876923
1789,4.0,4.164782423172232,0.16478242317223213,68.08196925728794,67.9594781940343,419.5744760334361,0.0,78.76294136047363
1790,4.0,4.164700059555397,0.1647000595553969,68.08163295492167,67.95947716690398,419.5666514898368,0.0,78.76099467277527
1791,4.0,4.164617735610517,0.16461773561051718,68.08126940445926,67.95948230556903,419.5588307150732,0.0,78.7590172290802
1792,4.0,4.164527990011986,0.16452799001198581,68.08088640147865,67.95948045459615,419.5503048832127,0.0,78.7568769454956
1793,4.0,4.164448360322149,0.16444836032214916,68.08047176796202,67.95948668977927,419.54274006267815,0.0,78.75489139556885
1794,4.0,4.164370102066586,0.1643701020665862,68.08004830115186,67.95948577834564,419.5353055283997,0.0,78.75292158126831
1795,4.0,4.164293803830562,0.1642938038305619,68.07960679075262,67.95948219075349,419.52805719597745,0.0,78.75096797943115
1796,4.0,4.164218952799559,0.16421895279955923,68.07914778783505,67.95948037240792,419.5209463480321,0.0,78.74902153015137
1797,4.0,4.164146097604216,0.16414609760421595,68.07865531447418,67.95948496379607,419.5140251044745,0.0,78.74707412719727
1798,4.0,4.164068950640962,0.16406895064096183,68.0781530143896,67.95948849790216,419.50669614296544,0.0,78.74503421783447
1799,4.0,4.163996136883663,0.16399613688366266,68.07762107676398,67.95948381414388,419.49977883602196,0.0,78.7430419921875
1800,4.0,4.1639415749285495,0.16394157492854955,68.07707435104525,67.95948717612418,419.4945954502863,0.0,78.74137783050537
1801,4.0,4.1638807969722516,0.16388079697225155,68.0765138046283,67.95948365661685,419.4888215444379,0.0,78.73958015441895
1802,4.0,4.16383529561586,0.1638352956158604,68.0759162095476,67.95948456371326,419.48449891558073,0.0,78.73802852630615
1803,4.0,4.163792930565224,0.16379293056522393,68.07532092015161,67.95948592372987,419.4804742357703,0.0,78.73653888702393
1804,4.0,4.163757588652519,0.1637575886525191,68.0747097409444,67.95947688513023,419.47711675406333,0.0,78.73516368865967
1805,4.0,4.163724614113485,0.1637246141134847,68.0740738638596,67.95947490492894,419.4739841728551,0.0,78.73380470275879
1806,4.0,4.163689543346627,0.163689543346627,68.0734384414605,67.95947808321144,419.4706524500036,0.0,78.73240661621094
1807,4.0,4.1636578525289885,0.16365785252898846,68.07278567884694,67.95947329770097,419.4676418223279,0.0,78.73105239868164
1808,4.0,4.163605372248106,0.16360537224810567,68.07212152869893,67.95946740038501,419.46265619564406,0.0,78.72929191589355
1809,4.0,4.163565373443241,0.16356537344324096,68.07143800597085,67.95947090555416,419.4588563091819,0.0,78.72774505615234
1810,4.0,4.163524547607055,0.1635245476070546,68.07075479795816,67.95947208623825,419.45497785474424,0.0,78.72618293762207
1811,4.0,4.163487155308261,0.1634871553082613,68.07006141874467,67.95948248194101,419.4514255863588,0.0,78.72467399388552
1812,4.0,4.163442941753754,0.16344294175375396,68.06935883426185,67.95948801514338,419.4472252986807,0.0,78.72302544116974
1813,4.0,4.163403464826097,0.16340346482609736,68.06863621504938,67.95948010553819,419.44347499055334,0.0,78.72144329547882
1814,4.0,4.16336378385342,0.16336378385341987,68.06791413499765,67.95948436305336,419.43970529814897,0.0,78.71985793113708
1815,4.0,4.1633276695822845,0.1633276695822845,68.0671624875268,67.95948801186644,419.4362744423911,0.0,78.71830582618713
1816,4.0,4.163279716060992,0.163279716060992,68.06641575209088,67.95949030636085,419.4317188578683,0.0,78.7165355682373
1817,4.0,4.1632480894733055,0.1632480894733055,68.06564224723044,67.95948630196303,419.4287143320381,0.0,78.71504306793213
1818,4.0,4.163210273060949,0.16321027306094926,68.06486478488695,67.95948803580677,419.42512177286426,0.0,78.71342897415161
1819,4.0,4.163175854552058,0.1631758545520583,68.06408412208987,67.95948533826709,419.4218520145196,0.0,78.71187543869019
1820,4.0,4.163133975199564,0.16313397519956396,68.06329388864987,67.95948172041926,419.4178734760326,0.0,78.7101697921753
1821,4.0,4.163100146771959,0.16310014677195905,68.0624738628224,67.95948285007246,419.4146597754102,0.0,78.70858192443848
1822,4.0,4.163070907527184,0.16307090752718434,68.06166291355314,67.9594821016374,419.4118820471565,0.0,78.70709133148193
1823,4.0,4.163035072472128,0.16303507247212767,68.06082453711349,67.95948579041638,419.4084777169262,0.0,78.7054443359375
1824,4.0,4.1629992853031395,0.16299928530313945,68.05998783746271,67.95948235197542,419.4050779358723,0.0,78.70380020141602
1825,4.0,4.162968435837564,0.1629684358375636,68.0591470960739,67.95948252529652,419.4021472366426,0.0,78.70224475860596
1826,4.0,4.1629336074578935,0.16293360745789354,68.05829386899302,67.9594865073753,419.39883854057393,0.0,78.70059967041016
1827,4.0,4.162901752761027,0.16290175276102659,68.0574456189972,67.95948745858624,419.3958123443715,0.0,78.69901657104492
1828,4.0,4.162871603889237,0.16287160388923727,68.05659421015648,67.959493853402,419.3929482015516,0.0,78.69746208190918
1829,4.0,4.162834240468756,0.16283424046875616,68.05572712864529,67.95949043128363,419.3893986766059,0.0,78.69575309753418
1830,4.0,4.162815894925918,0.16281589492591841,68.05484437785199,67.9594828755951,419.38765585003625,0.0,78.69438552856445
1831,4.0,4.162796106222164,0.16279610622216367,68.05395882056699,67.95947922681154,419.3857759231796,0.0,78.6929874420166
1832,4.0,4.162781232754243,0.16278123275424328,68.05307207606886,67.95947708839321,419.3843629437272,0.0,78.69168090820312
1833,4.0,4.162761000979535,0.16276100097953528,68.05216735431561,67.9594803189327,419.3824409251299,0.0,78.69025230407715
1834,4.0,4.162736215761924,0.16273621576192365,68.05125953545092,67.95947734564287,419.38008632945673,0.0,78.68873405456543
1835,4.0,4.162711072775358,0.162711072775358,68.05035260589538,67.95947660669377,419.37769774573303,0.0,78.68721008300781
1836,4.0,4.162675344423915,0.1626753444239153,68.0494356121614,67.95947326691153,419.37430355234596,0.0,78.68547439575195
1837,4.0,4.1626747698160065,0.16267476981600648,68.04849157749413,67.95947947690398,419.3742489645947,0.0,78.68437194824219
1838,4.0,4.162666344166073,0.16266634416607317,68.04755711801296,67.95947511908051,419.373448527851,0.0,78.68313217163086
1839,4.0,4.1626631442494615,0.1626631442494615,68.04662795460747,67.95947085261959,419.3731445357729,0.0,78.68199729919434
1840,4.0,4.162661506135849,0.16266150613584873,68.04567985761764,67.95946990790979,419.3729889149797,0.0,78.68087005615234
1841,4.0,4.162645794603799,0.16264579460379913,68.04472757633118,67.95947660701383,419.371496319435,0.0,78.67947196960449
1842,4.0,4.1626487498927105,0.1626487498927105,68.043755525381,67.95947485476985,419.3717770718815,0.0,78.67840385437012
1843,4.0,4.1626428847767185,0.1626428847767185,68.04279899033071,67.95947752750504,419.3712198858623,0.0,78.67718696594238
1844,4.0,4.1626401007825855,0.1626401007825855,68.0418448744504,67.95947992232628,419.3709554064196,0.0,78.6760311126709
1845,4.0,4.1626293303008675,0.16262933030086746,68.04088438919328,67.95947926161051,419.36993221065643,0.0,78.67471694946289
1846,4.0,4.1626242188270774,0.16262421882707745,68.03991552702111,67.95947804861373,419.3694466206464,0.0,78.67350006103516
1847,4.0,4.16262533001458,0.16262533001458035,68.03894722386882,67.95948254987316,419.3695521834592,0.0,78.67240142822266
1848,4.0,4.162613456208708,0.1626134562087076,68.03798001824998,67.95947887235593,419.3684241719012,0.0,78.67105865478516
1849,4.0,4.16261016943215,0.16261016943215,68.03700441828609,67.95946845415818,419.3681119281283,0.0,78.66986846923828
1850,4.0,4.162608501766924,0.16260850176692365,68.0360320451145,67.9594664671818,419.3679534999318,0.0,78.6687126159668
1851,4.0,4.16260194585411,0.16260194585411014,68.03506368674896,67.95947469303212,419.36733068821445,0.0,78.6674690246582
1852,4.0,4.162603687804287,0.16260368780428713,68.03408836956515,67.95947435449179,419.3674961734813,0.0,78.66637420654297
1853,4.0,4.162609073320371,0.1626090733203709,68.03310298992287,67.95947611567497,419.3680077975092,0.0,78.66533660888672
1854,4.0,4.162619092997476,0.1626190929974758,68.03212105250515,67.95946991319609,419.36895966683426,0.0,78.66439056396484
1855,4.0,4.162627082941446,0.16262708294144623,68.03112940412927,67.95948443805871,419.3697187115114,0.0,78.66339492797852
1856,4.0,4.162623988013439,0.16262398801343902,68.03015066655107,67.95948042938878,419.36942469335077,0.0,78.66220474243164
1857,4.0,4.162637820497222,0.1626378204972223,68.02916581140185,67.95948321845422,419.37073877931016,0.0,78.66132736206055
1858,4.0,4.162635552000425,0.1626355520004248,68.02817356887368,67.95948767906212,419.3705232721144,0.0,78.66013717651367
1859,4.0,4.162630118622757,0.162630118622757,68.02718356045483,67.95948849190323,419.37000710123596,0.0,78.65888977050781
1860,4.0,4.162627584748001,0.16262758474800076,68.02619235275446,67.95948610732674,419.3697663831341,0.0,78.65769577026367
1861,4.0,4.1626273168409105,0.16262731684091047,68.02520040371515,67.95948299600572,419.36974093196056,0.0,78.65654373168945
1862,4.0,4.162621259524762,0.16262125952476225,68.02421068835316,67.95947594269717,419.3691654869265,0.0,78.6552848815918
1863,4.0,4.1626165489178835,0.16261654891788346,68.02321215933968,67.95947791121273,419.368717979273,0.0,78.6540412902832
1864,4.0,4.162613683544214,0.16261368354421357,68.0222296621976,67.95948461790874,419.36844576877434,0.0,78.65285110473633
1865,4.0,4.162615734241081,0.162615734241081,68.02122951327325,67.95947831148489,419.3686405849767,0.0,78.6517333984375
1866,4.0,4.162633472503377,0.16263347250337734,68.02023034913307,67.95947635596784,419.37032571989494,0.0,78.65091323852539
1867,4.0,4.162650769768071,0.1626507697680708,68.01922850233555,67.95947819569882,419.3719689600408,0.0,78.65008163452148
1868,4.0,4.162666939881311,0.1626669398813112,68.01822858625954,67.95947943960978,419.37350512079865,0.0,78.64923095703125
1869,4.0,4.162685697376177,0.162685697376177,68.0172358865492,67.95948039382029,419.3752870828108,0.0,78.6484375
1870,4.0,4.162702083755662,0.1627020837556623,68.01622915389588,67.95948100084517,419.37684378886195,0.0,78.6475830078125
1871,4.0,4.162721589739461,0.16272158973946116,68.01522754094233,67.95948307085779,419.3786968573229,0.0,78.64679336547852
1872,4.0,4.162743265948576,0.1627432659485759,68.01423996357268,67.95947890355113,419.38075609718874,0.0,78.64606094360352
1873,4.0,4.162749722047339,0.16274972204733906,68.01326024388875,67.95947891549444,419.38136942657127,0.0,78.64505004882812
1874,4.0,4.162769056804928,0.16276905680492781,68.01226475282613,67.9594808532774,419.3832062285421,0.0,78.6442642211914
1875,4.0,4.162789843209857,0.16278984320985668,68.01128514174817,67.95948618608689,419.38518093701043,0.0,78.64352416992188
1876,4.0,4.162805120686374,0.16280512068637432,68.01030647139534,67.95949055038838,419.38663229727956,0.0,78.64268112182617
1877,4.0,4.162826131165718,0.1628261311657182,68.0093298156905,67.95948771989592,419.3886282928173,0.0,78.64194869995117
1878,4.0,4.162828863214363,0.1628288632143633,68.00835818013108,67.95948955038376,419.3888878374386,0.0,78.64087677001953
1879,4.0,4.162846635063554,0.1628466350635538,68.007375067906,67.9594834706374,419.39057616311163,0.0,78.64007568359375
1880,4.0,4.162870791738519,0.16287079173851904,68.00639982162876,67.95948188790035,419.39287104723337,0.0,78.639404296875
1881,4.0,4.162899602822217,0.16289960282221738,68.00544092058352,67.95948173897838,419.39560810018463,0.0,78.63883972167969
1882,4.0,4.162922909227759,0.16292290922775887,68.00447958772679,67.9594857932246,419.3978222087111,0.0,78.63816833496094
1883,4.0,4.1629468417409985,0.1629468417409985,68.00352123327102,67.95948403984173,419.4000957974689,0.0,78.63751220703125
1884,4.0,4.162965808362852,0.16296580836285202,68.00257143405952,67.95948417568663,419.40189762654495,0.0,78.63677215576172
1885,4.0,4.162995487739305,0.1629954877393054,68.0016181908549,67.95948769666846,419.40471716730804,0.0,78.63623046875
1886,4.0,4.163009821039967,0.1630098210399673,68.00067152092085,67.95948394681682,419.4060788308709,0.0,78.63540649414062
1887,4.0,4.1630187975106425,0.16301879751064252,67.9997331863465,67.95948437857007,419.4069315955851,0.0,78.63449096679688
1888,4.0,4.163029471334864,0.16302947133486434,67.99880011907858,67.9594744044884,419.40794560888617,0.0,78.63361358642578
1889,4.0,4.163044319494527,0.16304431949452702,67.99789123975802,67.95947006035865,419.4093561840541,0.0,78.63284301757812
1890,4.0,4.16306168922711,0.16306168922710995,67.9969741685681,67.9594692302371,419.41100630864946,0.0,78.63211059570312
1891,4.0,4.1630750395320355,0.1630750395320355,67.99606997500543,67.95947489656888,419.4122745876174,0.0,78.63131713867188
1892,4.0,4.163082442425852,0.16308244242585168,67.995157366097,67.95947563727347,419.41297786252994,0.0,78.63040161132812
1893,4.0,4.163092108035864,0.1630921080358636,67.99423419415405,67.9594713720788,419.41389609548105,0.0,78.6295166015625
1894,4.0,4.163105877199958,0.16310587719995784,67.99332977246233,67.95947155557525,419.41520416607,0.0,78.62873077392578
1895,4.0,4.1631355012816,0.16313550128159982,67.99243938080251,67.95946837742186,419.418018453826,0.0,78.6282606124878
1896,4.0,4.163164858358733,0.16316485835873262,67.99153996160125,67.95947459558217,419.4208073761537,0.0,78.62777495384216
1897,4.0,4.163199441753293,0.16319944175329315,67.99065478009513,67.9594839092608,419.42409279863693,0.0,78.62740445137024
1898,4.0,4.163226716144608,0.16322671614460837,67.98976259838204,67.95948342536629,419.4266838658118,0.0,78.62688779830933
1899,4.0,4.163262659022602,0.16326265902260229,67.98886802556284,67.95948357252047,419.4300984392213,0.0,78.6265320777893
1900,4.0,4.1632983067968645,0.16329830679686452,67.98799230622808,67.95947972032782,419.4334849777762,0.0,78.62619256973267
1901,4.0,4.163317546021379,0.16331754602137938,67.98711778384998,67.95947758847305,419.43531270410506,0.0,78.62554454803467
1902,4.0,4.163352246406001,0.1633522464060011,67.98623653354365,67.95946851727487,419.43860924064415,0.0,78.62518072128296
1903,4.0,4.163382283397837,0.1633822833978371,67.98537289978425,67.9594749586707,419.44146275486855,0.0,78.62474918365479
1904,4.0,4.163423599789096,0.1634235997890956,67.98452341752042,67.95947076775117,419.4453878120381,0.0,78.6245470046997
1905,4.0,4.163466461231708,0.1634664612317076,67.98366851414617,67.95947025487168,419.4494596490863,0.0,78.62436771392822
1906,4.0,4.163506719020109,0.16350671902010916,67.9828281051132,67.95947415079911,419.4532841389844,0.0,78.62415599822998
1907,4.0,4.163537694674596,0.1635376946745959,67.9819999140855,67.95947350081009,419.4562268261607,0.0,78.62378311157227
1908,4.0,4.163575614024005,0.16357561402400478,67.98114659228744,67.95947724543483,419.45982916435446,0.0,78.6235122680664
1909,4.0,4.1636081369537825,0.1636081369537825,67.98033356912008,67.9594774904249,419.4629188426834,0.0,78.6231861114502
1910,4.0,4.163641473769174,0.16364147376917426,67.9795221127124,67.95947926757788,419.46608584014564,0.0,78.62287712097168
1911,4.0,4.163667826776481,0.16366782677648128,67.97871997128277,67.95947299925588,419.46858937583977,0.0,78.62244701385498
1912,4.0,4.1636961180255865,0.16369611802558648,67.9779307219859,67.95947625868429,419.47127704450475,0.0,78.62206840515137
1913,4.0,4.163722886391197,0.1637228863911968,67.97713913569768,67.95947703655794,419.4738200392377,0.0,78.62165832519531
1914,4.0,4.1637430600370395,0.16374306003703953,67.9763628735677,67.95947624941014,419.4757365355928,0.0,78.62114143371582
1915,4.0,4.163769728683385,0.16376972868338502,67.97556633786577,67.95948061487675,419.4782700569956,0.0,78.62072372436523
1916,4.0,4.163793523609126,0.1637935236091259,67.97480518283183,67.9594822983332,419.480530574941,0.0,78.62029266357422
1917,4.0,4.163822968463755,0.1638229684637551,67.97403755378878,67.95948142244539,419.4833278361308,0.0,78.61996078491211
1918,4.0,4.163845209512809,0.16384520951280912,67.97328132819919,67.95948184620805,419.4854407357909,0.0,78.61950606480241
1919,4.0,4.163871854568035,0.16387185456803532,67.97252927436064,67.9594812649971,419.48797201603736,0.0,78.61913931369781
1920,4.0,4.163886809371089,0.16388680937108902,67.97178115697317,67.95947600670398,419.48939272232747,0.0,78.61855638027191
1921,4.0,4.163912127819429,0.16391212781942865,67.97102928974064,67.95947056275283,419.4917979749198,0.0,78.61816477775574
1922,4.0,4.163938236169395,0.16393823616939507,67.97028628421879,67.95947177476408,419.49427826816657,0.0,78.61779832839966
1923,4.0,4.163960228831167,0.1639602288311668,67.96955831933104,67.95947610156082,419.49636757103485,0.0,78.61737155914307
1924,4.0,4.163980449481003,0.1639804494810031,67.96883084129678,67.95947038949492,419.4982885327694,0.0,78.61691188812256
1925,4.0,4.164003658453789,0.1640036584537894,67.96810859745118,67.95947398067293,419.500493385184,0.0,78.61651468276978
1926,4.0,4.1640251448056125,0.16402514480561248,67.96738809525895,67.95947160323529,419.5025345886072,0.0,78.61608695983887
1927,4.0,4.1640413523033,0.16404135230330041,67.96667419978033,67.9594751551692,419.5040743008876,0.0,78.61556720733643
1928,4.0,4.164062930025662,0.1640629300256622,67.96595345689386,67.95947471432704,419.5061241845119,0.0,78.61514091491699
1929,4.0,4.164086304751309,0.1640863047513088,67.96525368481129,67.95948020278506,419.50834478344836,0.0,78.61477279663086
1930,4.0,4.164127299562825,0.1641272995628249,67.96455902477568,67.95949038669177,419.5122392905424,0.0,78.61474323272705
1931,4.0,4.164172186869332,0.16417218686933222,67.96385691246081,67.95948676867845,419.51650358466054,0.0,78.61477851867676
1932,4.0,4.16422273341935,0.1642227334193498,67.96316386065467,67.9594902197887,419.5213055069123,0.0,78.61493110656738
1933,4.0,4.164276214802285,0.16427621480228538,67.9624798150394,67.95948103960966,419.52638623829114,0.0,78.61514949798584
1934,4.0,4.164323906703081,0.16432390670308106,67.96181112532054,67.9594825661856,419.5309169688668,0.0,78.61527633666992
1935,4.0,4.164373797033318,0.1643737970333179,67.96115521457713,67.95948024449234,419.5356565502392,0.0,78.61545944213867
1936,4.0,4.1644134649199325,0.16441346491993247,67.96051280093195,67.9594754479847,419.53942499946766,0.0,78.61546516418457
1937,4.0,4.164444183522388,0.164444183522388,67.95987299545382,67.95947796138908,419.54234326670087,0.0,78.61530494689941
1938,4.0,4.1644832178686775,0.16448321786867748,67.95923434822386,67.95948257544714,419.54605152959834,0.0,78.61530303955078
1939,4.0,4.164521289720319,0.16452128972031943,67.95861306819961,67.95947594431382,419.5496683555044,0.0,78.61530303955078
1940,4.0,4.164558984321808,0.1645589843218076,67.95799795556778,67.95947893604925,419.5532493426458,0.0,78.61530303955078
1941,4.0,4.16459410238754,0.16459410238754035,67.95739851738506,67.95948042381485,419.55658555889033,0.0,78.61527252197266
1942,4.0,4.164628142574708,0.16462814257470804,67.95681502896349,67.95948071795543,419.55981937667127,0.0,78.6152400970459
1943,4.0,4.164661227623137,0.16466122762313695,67.95622735049943,67.95947956449604,419.5629624562721,0.0,78.61518478393555
1944,4.0,4.164694616110388,0.16469461611038838,67.9556545148928,67.95947498545961,419.5661343625609,0.0,78.61515235900879
1945,4.0,4.16472460281271,0.16472460281270962,67.95507948968094,67.95947687731687,419.56898309928147,0.0,78.61505317687988
1946,4.0,4.1647577070057356,0.16475770700573555,67.95451460810554,67.95948084830151,419.57212799761896,0.0,78.61502456665039
1947,4.0,4.164791738727937,0.16479173872793673,67.9539576833506,67.9594813137798,419.575361011228,0.0,78.61502265930176
1948,4.0,4.164825089555883,0.16482508955588315,67.95341517454234,67.95947897977702,419.57852933988295,0.0,78.61502456665039
1949,4.0,4.164851430039967,0.16485143003996683,67.95287659305302,67.95948004818888,419.5810316858709,0.0,78.61489868164062
1950,4.0,4.164885829403893,0.16488582940389307,67.95234666902252,67.95948246248733,419.5842996254439,0.0,78.61493492126465
1951,4.0,4.164915719374069,0.16491571937406935,67.95182438014116,67.95947718920446,419.5871391726106,0.0,78.61489486694336
1952,4.0,4.164940088564166,0.1649400885641663,67.95130149590626,67.95947603931431,419.5894542456698,0.0,78.61474990844727
1953,4.0,4.16497003716764,0.16497003716763992,67.95077991335796,67.95947176420165,419.5922993629998,0.0,78.61471176147461
1954,4.0,4.1649976545469904,0.16499765454699045,67.9502798851968,67.95947729561549,419.59492301403816,0.0,78.61465454101562
1955,4.0,4.165032833281132,0.16503283328113216,67.94978179839164,67.95947069294839,419.59826499378164,0.0,78.61474227905273
1956,4.0,4.16507299006922,0.16507299006921983,67.94928823383815,67.95947324110617,419.6020798886499,0.0,78.61492919921875
1957,4.0,4.1651141417648745,0.1651141417648745,67.94880152797809,67.95947673745069,419.6059892997371,0.0,78.61514282226562
1958,4.0,4.165143673679416,0.16514367367941585,67.94832634812005,67.95947556209381,419.6087948316185,0.0,78.61515045166016
1959,4.0,4.165178098313422,0.16517809831342234,67.94784389421898,67.95947555142286,419.61206517184917,0.0,78.61524200439453
1960,4.0,4.165211571009773,0.16521157100977302,67.94737697731226,67.95947517775333,419.61524507800243,0.0,78.6153335571289
1961,4.0,4.168719131029272,0.16871913102927216,67.89049266050453,67.95947504335508,419.9484632798549,0.0,78.61566543579102
1962,4.0,4.187991710576221,0.18799171057622122,67.58087330791057,67.95947455724549,421.7793583368151,0.0,78.61892700195312
1963,4.0,4.221532162797878,0.22153216279787813,67.05216419557317,67.95947909875302,424.96570129787244,0.0,78.62857437133789
1964,4.0,4.264669841341672,0.2646698413416724,66.38932825100738,67.95947329714602,429.06378075953296,0.0,78.64682388305664
1965,4.0,4.314359091707854,0.31435909170785425,65.6483701703368,67.95947655130065,433.7842595443202,0.0,78.67517852783203
1966,4.0,4.368478603024241,0.36847860302424085,64.86712862825392,67.9594770788903,438.92561311937686,0.0,78.71407318115234
1967,4.0,4.425529385543162,0.4255293855431619,64.07157083469116,67.95947616109305,444.3454374586744,0.0,78.7640609741211
1968,4.0,4.484376574974665,0.48437657497466535,63.27964758149522,67.95947160230662,449.9359204546672,0.0,78.82493591308594
1969,4.0,4.544156783638796,0.5441567836387957,62.50386095229778,67.95948094032218,455.6150402777596,0.0,78.896484375
1970,4.0,4.604197094447533,0.6041970944475326,61.75289618484605,67.95948135691017,461.31886980458967,0.0,78.97847366333008
1971,4.0,4.663947241456173,0.6639472414561727,61.032755300066526,67.95947568593888,466.99513377041035,0.0,79.07043075561523
1972,4.0,4.722968465134184,0.7229684651341843,60.347546748568334,67.95948460370107,472.6021500198216,0.0,79.17210006713867
1973,4.0,4.780880368945699,0.7808803689456987,59.699999620848224,67.95948561925243,478.1037808819153,0.0,79.28293228149414
1974,4.0,4.8373495282397085,0.8373495282397085,59.0918975718126,67.95948546781013,483.46835101484635,0.0,79.40226745605469
1975,4.0,4.892102533663747,0.8921025336637474,58.52430983781084,67.95948768765356,488.66988653013004,0.0,79.52970123291016
1976,4.0,4.94489037976379,0.9448903797637902,57.997823039904326,67.95948437512776,493.68473190963414,0.0,79.66468811035156
1977,4.0,4.9955050483658905,0.9955050483658905,57.51267685090079,67.95947847362265,498.49312542683356,0.0,79.8069076538086
1978,4.0,5.043732893475841,1.0437328934758412,57.06889690655491,67.9594834113764,503.0747707122789,0.0,79.95563125610352
1979,4.0,5.089381183364432,1.0893811833644316,56.66634847213251,67.95948114714824,507.4113582516951,0.0,80.11017990112305
1980,4.0,5.132273305442429,1.1322733054424292,56.304782994032905,67.95948293591236,511.4861098491049,0.0,80.26987075805664
1981,4.0,5.172248462760144,1.1722484627601437,55.983929141785154,67.95947949817315,515.2837497942877,0.0,80.43410873413086
1982,4.0,5.209164350025351,1.2091643500253513,55.70348175080742,67.95947162312261,518.7907590844825,0.0,80.60238647460938
1983,4.0,5.242891618915491,1.2428916189154906,55.46311896528991,67.95947681525575,521.9948496290457,0.0,80.77420043945312
1984,4.0,5.273304369022522,1.2733043690225223,55.262530551189485,67.95946963513072,524.8840608892136,0.0,80.94892883300781
1985,4.0,5.300318749860242,1.3003187498602422,55.10141841647895,67.95947241842673,527.450427068797,0.0,81.12641143798828
1986,4.0,5.323815956717574,1.3238159567175742,54.97953767017004,67.95947496656186,529.6826617202436,0.0,81.30581665039062
1987,4.0,5.343708509100926,1.3437085091009262,54.89662278422535,67.95947660450743,531.572454196662,0.0,81.48654174804688
1988,4.0,5.359927402459127,1.3599274024591272,54.85246622585169,67.95947760483719,533.1132490656912,0.0,81.66812133789062
1989,4.0,5.3724101559232995,1.3724101559232995,54.84688082690798,67.959479173866,534.2991106447874,0.0,81.84998321533203
1990,4.0,5.381127463032849,1.3811274630328487,54.879492398184276,67.95947910324912,535.1272548201946,0.0,82.03153991699219
1991,4.0,5.386061047850333,1.3860610478503332,54.94995217612589,67.9594762744468,535.5959453778556,0.0,82.21216583251953
1992,4.0,5.387217479548945,1.3872174795489451,55.05800807689145,67.95947502942987,535.7058063892239,0.0,82.39151763916016
1993,4.0,5.384586245323925,1.3845862453239253,55.20349667529929,67.95947719612118,535.4558391378469,0.0,82.56888580322266
1994,4.0,5.378202154955755,1.3782021549557548,55.386289037710554,67.95948010318905,534.8493505528706,0.0,82.74407196044922
1995,4.0,5.368088016004564,1.368088016004564,55.60632256757109,67.95948225620248,546.885343504551,0.0,82.91656494140625
1996,4.0,5.35426009908022,1.3542600990802196,55.86357004917029,67.95947713503394,545.5716913967383,0.0,83.08557891845703
1997,4.0,5.336770707518181,1.3367707075181814,56.15807067742758,67.9594776415997,554.2600071430206,0.0,83.25076293945312
1998,4.0,5.315745190437382,1.315745190437382,56.48908628752574,67.95947447915727,569.2399928569794,0.0,83.41155242919922
1999,4.0,5.291430759652484,1.291430759652484,56.85464942484788,67.95946890393543,584.2199785709381,0.0,83.56734466552734
2000,4.0,5.264065835398211,1.2640658353982106,57.25316907461255,67.959472928753,599.2000089287758,0.0,83.71790313720703
2001,4.0,5.233838914507992,1.2338389145079924,57.68346661437512,67.95947770491291,614.1799946427345,0.0,83.8627700805664
2002,4.0,5.200913901883116,1.2009139018831156,58.144620210829814,67.95948520600655,629.1599803566933,0.0,84.00143432617188
2003,4.0,5.16545413829738,1.1654541382973802,58.635875647035846,67.9594795329911,644.140010714531,0.0,84.13359069824219
2004,4.0,5.12758768205551,1.12758768205551,59.15659968468287,67.95948208788495,659.1199964284897,0.0,84.25851440429688
2005,4.0,5.087456310511558,1.0874563105115582,59.706266295128366,67.95948829581727,674.0999821424484,0.0,84.37583923339844
2006,4.0,5.045207169057742,1.0452071690577416,60.2843848630626,67.9594903810967,689.0800125002861,0.0,84.48533630371094
2007,4.0,5.000970216754748,1.000970216754748,60.89051004084377,67.95948729213804,701.728128162329,0.0,84.58656311035156
2008,4.0,4.954869434634628,0.9548694346346283,61.52425939603718,67.95948380518968,711.0783310635376,0.0,84.67907565832138
2009,4.0,4.907046727694148,0.9070467276941478,62.18524283852868,67.95947591662818,719.9512788148096,0.0,84.76274788379669
2010,4.0,4.857620684613192,0.8576206846131917,62.873093412999445,67.95947848952983,728.3352618756609,0.0,84.83712196350098
2011,4.0,4.807069188732459,0.8070691887324593,63.582635982755086,67.9594787709667,721.8274195226775,0.0,84.90170288085938
2012,4.0,4.756170008511889,0.756170008511889,64.30427871281617,67.95947876244598,715.2085958994078,0.0,84.95613384246826
2013,4.0,4.705422517890014,0.705422517890014,65.03185871126527,67.95947519903075,708.5353163374477,0.0,85.00065898895264
2014,4.0,4.655106575736863,0.6551065757368626,65.761391895381,67.95947852756308,701.8441223825449,0.0,85.03507995605469
2015,4.0,4.605391479095212,0.6053914790952124,66.49011247501655,67.95947350435539,695.1603815419128,0.0,85.05916595458984
2016,4.0,4.556405857478785,0.5564058574787847,67.21606227329578,67.95947471146457,688.5020539872904,0.0,85.07323884963989
2017,4.0,4.508216603516287,0.5082166035162867,67.93783428241491,67.95947692995934,681.8820446314583,0.0,85.07735347747803
2018,4.0,4.460852744585907,0.46085274458590675,68.6544825020484,67.9594746362419,675.3090300799463,0.0,85.07153797149658
2019,4.0,4.414325051715039,0.4143250517150392,69.36532169318694,67.95947686015101,668.7892952656629,0.0,85.05585479736328
2020,4.0,4.368624214755906,0.368624214755906,70.06989876557326,67.95948293295652,662.3269958800234,0.0,85.03029346466064
2021,4.0,4.32374470505311,0.3237447050531097,70.76789516599369,67.95948128688754,655.9250536562462,0.0,84.99508666992188
2022,4.0,4.279652487243552,0.27965248724355174,71.45912590284765,67.95947504457145,443.48396827225486,0.0,84.95006275177002
2023,4.0,4.239048838117625,0.23904883811762456,72.09768550480011,67.95947179705009,439.6266216052917,0.0,84.89600276947021
2024,4.0,4.207883477540454,0.2078834775404541,72.57885386214701,67.9594770965481,436.66591235046053,0.0,84.83426666259766
2025,4.0,4.184007017765565,0.18400701776556527,72.93517409810646,67.95947566736614,434.3976486718461,0.0,84.76702229678631
2026,4.0,4.165315209295072,0.1653152092950716,73.20078985663592,67.95947746480113,432.6219268671492,0.0,84.695656478405
2027,4.0,4.150317740827554,0.15031774082755422,73.40092360656855,67.9594668706068,431.19716736273506,0.0,84.62143206596375
2028,4.0,4.1379363958656326,0.13793639586563256,73.55393487376408,67.95946727310384,430.02093959135254,0.0,84.54486227035522
2029,4.0,4.127413954753411,0.12741395475341122,73.67304723942942,67.95948358021201,429.02130768569145,0.0,84.46643424034119
2030,4.0,4.118215259769073,0.1182152597690731,73.76774533222321,67.95948560381778,428.1474316621793,0.0,84.38651514053345
2031,4.0,4.109956940567225,0.10995694056722538,73.84489949951252,67.95948509254002,427.3628913380038,0.0,84.30537700653076
2032,4.0,4.102355903993622,0.10235590399362238,73.90936763312025,67.95948624033974,426.6407928635115,0.0,84.22292518615723
2033,4.0,4.095252076180818,0.09525207618081843,73.96453089330042,67.95949027159415,425.96592922129514,0.0,84.13983297348022
2034,4.0,4.08849093416288,0.08849093416287968,74.01282520117887,67.95948782719067,425.32362072959097,0.0,84.05576801300049
2035,4.0,4.082002051953894,0.08200205195389376,74.05588183180417,67.95948225733122,424.7071769197373,0.0,83.97118377685547
2036,4.0,4.075710155035303,0.07571015503530276,74.09490375093588,67.9594817178728,424.10944671247114,0.0,83.88593101501465
2037,4.0,4.0695729104277785,0.06957291042777847,74.1306900058259,67.95948537756138,423.5264084747564,0.0,83.80006885528564
2038,4.0,4.063571649292923,0.06357164929292303,74.1638050507488,67.95948137421789,422.95628866694506,0.0,83.71387100219727
2039,4.0,4.057674685243999,0.05767468524399888,74.19465401914483,67.95947793396482,422.3960770822973,0.0,83.62715816497803
2040,4.0,4.051873935481752,0.05187393548175212,74.22349979539382,67.9594790381471,421.8450058548839,0.0,83.54007339477539
2041,4.0,4.046158646435095,0.04615864643509493,74.25048576872119,67.95947922461039,421.30205339545137,0.0,83.45256805419922
2042,4.0,4.040520288920019,0.040520288920019354,74.27575147676508,67.95947805295476,420.76640943151926,0.0,83.36463356018066
2043,4.0,4.034960213161884,0.03496021316188358,74.29940634608921,67.95947852434965,420.2382022344964,0.0,83.27643013000488
2044,4.0,4.029476192624911,0.029476192624911413,74.32149873361756,67.95948054127511,419.71722028348404,0.0,83.18797492980957
2045,4.0,4.02405417481499,0.024054174814989615,74.34207414149205,67.95948350069881,419.2021285915414,0.0,83.09903717041016
2046,4.0,4.018708103785246,0.018708103785246344,74.36113571385688,67.95948372702073,418.69425184371585,0.0,83.00991630554199
2047,4.0,4.01343614498495,0.013436144984949827,74.37873598078234,67.9594800519354,418.1934157576876,0.0,82.92064094543457
2048,4.0,4.008224975080333,0.008224975080333152,74.39490135192705,67.95948137266149,417.69835461674904,0.0,82.83097267150879
2049,4.0,4.003084322346236,0.0030843223462362346,74.4096607838403,67.9594752711915,417.2099926070099,0.0,82.74115180969238
2050,4.0,3.998015852552879,-0.001984147447120943,74.42300110849372,67.95947023069019,416.9395008388632,0.0,82.65120506286621
2051,4.0,3.9930161525646497,-0.006983847435350299,74.43507096331885,67.95946865400431,416.46452933998137,0.0,82.56123352050781
2052,4.0,3.9880689555267024,-0.011931044473297625,74.44591894781436,67.95947390665262,415.9945456213764,0.0,82.47096061706543
2053,4.0,3.9831928272643613,-0.016807172735638698,74.45549126717836,67.9594851078686,415.531313436454,0.0,82.38071632385254
2054,4.0,3.9783869434964965,-0.021613056503503536,74.46379642004139,67.95948316195165,415.07475447850686,0.0,82.29049873352051
2055,4.0,3.9736210729280144,-0.026378927071985636,74.47082397093467,67.95947805910384,414.62199677450104,0.0,82.19967651367188
2056,4.0,3.968923125682652,-0.031076874317347958,74.47658688050346,67.9594841230736,414.17569178619163,0.0,82.10884666442871
2057,4.0,3.9642931198750886,-0.03570688012491141,74.48106615953529,67.95948529996386,413.73584123447307,0.0,82.01799392700195
2058,4.0,3.959734007020465,-0.040265992979534815,74.4842674501339,67.95948146198519,413.30272551328386,0.0,81.92719078063965
2059,4.0,3.955239958181964,-0.044760041818035834,74.48619871477145,67.95948453311927,412.8757908736263,0.0,81.83633041381836
2060,4.0,3.9508137425664245,-0.04918625743357552,74.48686414416994,67.95949136351318,412.45530039015,0.0,81.74547958374023
2061,4.0,3.946454721307507,-0.053545278692492815,74.48628716210466,67.95948327674691,412.04119337055283,0.0,81.65465545654297
2062,4.0,3.94215879835894,-0.0578412016410601,74.4844818475543,67.95948386994905,411.633080690439,0.0,81.56379318237305
2063,4.0,3.9379340533347835,-0.062065946665216476,74.4814414063605,67.95948441615327,411.23172991314414,0.0,81.47305679321289
2064,4.0,3.933767259424813,-0.0662327405751868,74.47718552731641,67.95948355448114,410.8358844916969,0.0,81.38219833374023
2065,4.0,3.929666640898688,-0.070333359101312,74.47172241740051,67.95948643437352,410.44632573171504,0.0,81.29140090942383
2066,4.0,3.925624526838081,-0.07437547316191884,74.46506464303297,67.95949009976204,410.0623248959574,0.0,81.20052337646484
2067,4.0,3.9216652980105655,-0.07833470198943449,74.45722215748927,67.9594947991973,409.6861981573434,0.0,81.1100845336914
2068,4.0,3.9177725559687673,-0.08222744403123272,74.44822305848155,67.95948778718176,409.31638766337255,0.0,81.01977920532227
2069,4.0,3.9139410195491506,-0.08605898045084936,74.43807356779817,67.9594840975421,408.95239170350897,0.0,80.92950820922852
2070,4.0,3.9101856059086186,-0.08981439409138137,74.42681347002082,67.9594798920813,408.59562740765847,0.0,80.83962631225586
2071,4.0,3.9064881282902264,-0.0935118717097736,74.4144316023204,67.95948263131085,408.2443670339112,0.0,80.74974822998047
2072,4.0,3.9028523029448174,-0.09714769705518256,74.40093541394965,67.95948410674477,407.8989636260973,0.0,80.65996170043945
2073,4.0,3.8992752678383513,-0.10072473216164868,74.38633828584857,67.95948446995605,407.55914529098305,0.0,80.57022476196289
2074,4.0,3.895771903363728,-0.10422809663627186,74.37065341006834,67.95948106808726,407.22632566589385,0.0,80.48086166381836
2075,4.0,3.8923228840976334,-0.10767711590236662,74.35389861563607,67.95947171412075,406.89866883561484,0.0,80.39149475097656
2076,4.0,3.888957483686074,-0.11104251631392614,74.3360807351645,67.95946388629754,406.5789557965167,0.0,80.30273818969727
2077,4.0,3.885642171453537,-0.11435782854646304,74.31727045040064,67.95946731586999,406.2640011344257,0.0,80.2139778137207
2078,4.0,3.8823959949700693,-0.11760400502993074,74.29743039538579,67.9594705392136,405.95561436849624,0.0,80.12556838989258
2079,4.0,3.8792151602694585,-0.12078483973054155,74.27656796772499,67.95947682139135,405.65343507193825,0.0,80.03744125366211
2080,4.0,3.876101855252241,-0.12389814474775918,74.25470710822391,67.95948801236233,405.3576710953026,0.0,79.94966888427734
2081,4.0,3.8730556284426476,-0.1269443715573524,74.23185520572112,67.95949067983835,405.0682795483912,0.0,79.86225128173828
2082,4.0,3.8700606306250855,-0.12993936937491446,74.20806662030625,67.95948646842643,404.7837547557228,0.0,79.77492141723633
2083,4.0,3.8671433107803774,-0.13285668921962257,74.18333346669233,67.95948185169605,404.50660937047553,0.0,79.68821716308594
2084,4.0,3.8642920453605356,-0.1357079546394644,74.15765426946588,67.95948645161018,404.2357391555906,0.0,79.60189819335938
2085,4.0,3.8615018207726832,-0.13849817922731678,74.13103203355736,67.95949650155634,403.97066781974456,0.0,79.51586532592773
2086,4.0,3.8587738151950024,-0.1412261848049976,74.10355011743594,67.95948959871419,403.7115072898649,0.0,79.43023300170898
2087,4.0,3.8561052585730873,-0.14389474142691272,74.07515796024602,67.95948682390016,403.457994410783,0.0,79.34489059448242
2088,4.0,3.8534932537366933,-0.14650674626330673,74.04589639983554,67.95948343992256,403.20985395132556,0.0,79.25982284545898
2089,4.0,3.8509576854506133,-0.14904231454938666,74.01576434219724,67.9594844340414,402.96897496414795,0.0,79.1754379272461
2090,4.0,3.848476946572211,-0.15152305342778893,73.98480613334206,67.95948247270138,402.7333047706997,0.0,79.09133911132812
2091,4.0,3.846057395112464,-0.15394260488753586,73.95302778839233,67.95947105841151,402.50344738202375,0.0,79.00766372680664
2092,4.0,3.8436966387496674,-0.15630336125033262,73.92043241028438,67.95947002998446,402.2791755275581,0.0,78.92436599731445
2093,4.0,3.8414047376515157,-0.1585952623484843,73.88704098657345,67.95947561949755,402.0614449232337,0.0,78.8416748046875
2094,4.0,3.839167018035968,-0.16083298196403195,73.85287146111988,67.95947837672365,401.84886155975664,0.0,78.75930786132812
2095,4.0,3.8369940362917645,-0.1630059637082355,73.81793915512692,67.95948174917477,401.6424282940573,0.0,78.67749786376953
2096,4.0,3.8348862968323725,-0.16511370316762752,73.78227064673561,67.95948119954419,401.4421930454151,0.0,78.59628295898438
2097,4.0,3.832831346763997,-0.16716865323600283,73.74584816997286,67.95948332725936,401.2469727889194,0.0,78.51538848876953
2098,4.0,3.8308432644480375,-0.16915673555196253,73.70871660238186,67.9594798966965,401.05810496890325,0.0,78.43515014648438
2099,4.0,3.8289077709317927,-0.1710922290682073,73.6708717640451,67.95948292660756,400.87423308485995,0.0,78.35527038574219
2100,4.0,3.8270320895400367,-0.1729679104599633,73.63235457556111,67.95948064213559,400.6960433526432,0.0,78.27593994140625
2101,4.0,3.8252167375612616,-0.17478326243873843,73.59316308278271,67.95948033993852,400.5235849146595,0.0,78.1971664428711
2102,4.0,3.8234758417057324,-0.1765241582942676,73.55332094308793,67.95947829316096,400.35819980838426,0.0,78.1192626953125
2103,4.0,3.821776697872188,-0.17822330212781212,73.51282624117303,67.95948414719187,400.19678114419753,0.0,78.04155731201172
2104,4.0,3.8201356251069503,-0.17986437489304974,73.4717178718033,67.95948264677973,400.04087923149996,0.0,77.96442413330078
2105,4.0,3.8185645981684515,-0.1814354018315485,73.42999681445417,67.95948477263431,399.89163167234256,0.0,77.88810729980469
2106,4.0,3.817059383480871,-0.18294061651912896,73.38768124525443,67.95948356571414,399.7486362770224,0.0,77.81253814697266
2107,4.0,3.815597907651715,-0.18440209234828497,73.34479384794345,67.95948555490907,399.6097960732526,0.0,77.73728942871094
2108,4.0,3.814206402960229,-0.18579359703977083,73.30134364393113,67.95948519788709,399.47760312756145,0.0,77.6629039645195
2109,4.0,3.8128607386046687,-0.18713926139533132,73.25733361065116,67.95948112398571,399.3497650137832,0.0,77.58889198303223
2110,4.0,3.8115621589044797,-0.1884378410955203,73.21281160647305,67.95948723036943,399.22639994226523,0.0,77.5153284072876
2111,4.0,3.810338749693963,-0.18966125030603687,73.1677762866893,67.9594931581351,399.1101760672662,0.0,77.44278144836426
2112,4.0,3.809156068883325,-0.19084393111667497,73.12223122998452,67.95948622644033,398.9978213902556,0.0,77.3705530166626
2113,4.0,3.808027534815373,-0.19197246518462707,73.07621383822978,67.95948489285493,398.8906106538001,0.0,77.29895401000977
2114,4.0,3.8069534587307663,-0.1930465412692337,73.02972284070131,67.95947877491794,398.7885734257625,0.0,77.22798776626587
2115,4.0,3.8059443104524124,-0.19405568954758756,72.9827701472009,67.9594753056504,398.6927043393189,0.0,77.15787744522095
2116,4.0,3.804987484238848,-0.1950125157611522,72.93538467869905,67.95947865364097,398.6018058490302,0.0,77.0883960723877
2117,4.0,3.804072679894411,-0.1959273201055889,72.88757228186313,67.95948057980976,398.5148994363087,0.0,77.0193395614624
2118,4.0,3.8032187528854573,-0.1967812471145427,72.83935451077134,67.9594826696396,398.43377637045813,0.0,76.95111083984375
2119,4.0,3.802413417265388,-0.19758658273461194,72.79074377780611,67.9594821386998,398.35726948655156,0.0,76.88347244262695
2120,4.0,3.8016528509582694,-0.19834714904173056,72.74175793517867,67.95947998150216,398.2850156873753,0.0,76.81636428833008
2121,4.0,3.8009671788854034,-0.19903282111459664,72.69240766490893,67.95947710739826,398.21987684045297,0.0,76.75040435791016
2122,4.0,3.8003240452549774,-0.19967595474502264,72.64270165628156,67.95947710739847,398.1587791455625,0.0,76.68494606018066
2123,4.0,3.7997201402600864,-0.20027985973991358,72.59266668204485,67.95947832336209,398.10140817104786,0.0,76.61994934082031
2124,4.0,3.799177236968236,-0.20082276303176405,72.5423095089265,67.95947981568779,398.0498323583221,0.0,76.55585861206055
2125,4.0,3.798686545261475,-0.2013134547385249,72.49165375508203,67.95948125275001,398.0032166461798,0.0,76.49251937866211
2126,4.0,3.7982441888141487,-0.20175581118585129,72.44069939617037,67.95947678332145,397.9611927836838,0.0,76.42985153198242
2127,4.0,3.7978389278701554,-0.20216107212984458,72.38947267194202,67.95947422248321,397.9226929940044,0.0,76.36765480041504
2128,4.0,3.797492010540975,-0.20250798945902515,72.33798792752322,67.95948351801924,397.8897358477323,0.0,76.30636978149414
2129,4.0,3.797196905227975,-0.20280309477202518,72.2862434167082,67.95947744734974,397.86170084299727,0.0,76.2458610534668
2130,4.0,3.7969487997201803,-0.2030512002798197,72.2342712600019,67.95947751397426,397.8381308197568,0.0,76.18606376647949
2131,4.0,3.7967608516990086,-0.20323914830099143,72.18208362025469,67.95947592076163,397.8202757577455,0.0,76.12725257873535
2132,4.0,3.7966188027963703,-0.20338119720362968,72.12969591583267,67.95947562158806,397.80678111199484,0.0,76.06915548723191
2133,4.0,3.7965147960127332,-0.20348520398726677,72.07711378596221,67.95947793652918,397.79690046754934,0.0,76.01161915063858
2134,4.0,3.7964583362626523,-0.20354166373734772,72.02435373039746,67.95947344028534,397.79153679129166,0.0,75.95484948158264
2135,4.0,3.7964494957087904,-0.20355050429120958,71.97144091093595,67.95947027395326,397.7906969386748,0.0,75.89887237548828
2136,4.0,3.7964808953772016,-0.20351910462279843,71.91836896199258,67.9594727291402,397.79367990717384,0.0,75.84353160858154
2137,4.0,3.796544525514623,-0.20345547448537715,71.86517159831787,67.95947224330425,397.79972477022886,0.0,75.78870105743408
2138,4.0,3.7966595818022473,-0.20334041819775273,71.81184655430427,67.9594712194348,397.81065511755315,0.0,75.73475980758667
2139,4.0,3.796815694738947,-0.20318430526105313,71.75841159242265,67.95947349802401,397.8254858465396,0.0,75.68151760101318
2140,4.0,3.797018995857642,-0.20298100414235787,71.70487337795063,67.95947399552897,397.84479945281566,0.0,75.62910175323486
2141,4.0,3.7972692305614637,-0.2027307694385363,71.6512599745064,67.95947027760523,397.8685717496787,0.0,75.57753467559814
2142,4.0,3.7975481658425783,-0.20245183415742174,71.59757721500543,67.95946704126034,397.8950706013846,0.0,75.52645778656006
2143,4.0,3.797871972509375,-0.20212802749062497,71.54383358373316,67.95947581746339,397.9258322347303,0.0,75.47620010375977
2144,4.0,3.7982373589605176,-0.20176264103948238,71.49003962506387,67.95947483781819,397.96054394758886,0.0,75.4267053604126
2145,4.0,3.7986406099865597,-0.20135939001344028,71.43620643232732,67.9594760667337,397.9988527950629,0.0,75.37790966033936
2146,4.0,3.799086795827934,-0.20091320417206582,71.38235693822752,67.95948229682767,398.04124044999344,0.0,75.32993602752686
2147,4.0,3.7995731422919916,-0.2004268577080084,71.32849083830867,67.95947526076554,398.08744336407887,0.0,75.28272724151611
2148,4.0,3.8000966079564464,-0.19990339204355356,71.27463256027923,67.95948060361725,398.1371726022021,0.0,75.2362470626831
2149,4.0,3.800655710221516,-0.19934428977848384,71.2207852650576,67.95948426188036,398.1902873173837,0.0,75.19046783447266
2150,4.0,3.801257666402892,-0.1987423335971079,71.16696165552011,67.95948582443016,398.2474731546144,0.0,75.14554405212402
2151,4.0,3.801894979568272,-0.19810502043172784,71.11317824680354,67.95948627628474,398.3080179053255,0.0,75.10134315490723
2152,4.0,3.8025619864193505,-0.1974380135806495,71.05944303450259,67.95948518711613,398.371383556178,0.0,75.05776023864746
2153,4.0,3.803270537746101,-0.1967294622538991,71.00575806685985,67.95948286485246,398.4386959322193,0.0,75.01502990722656
2154,4.0,3.8040175166790604,-0.1959824833209396,70.95214891420943,67.95948481500427,398.50965893085043,0.0,74.97311592102051
2155,4.0,3.8048034156890878,-0.19519658431091225,70.89862241697203,67.95948254390352,398.584319336803,0.0,74.93203353881836
2156,4.0,3.8056307695253797,-0.1943692304746203,70.84518169537085,67.95949105164097,398.66291795125073,0.0,74.8918342590332
2157,4.0,3.8064845184596607,-0.19351548154033926,70.79184334477239,67.95948992139131,398.74402410000744,0.0,74.85223770141602
2158,4.0,3.807370506557201,-0.19262949344279878,70.7386224620321,67.95948357915361,398.8281929692738,0.0,74.81337356567383
2159,4.0,3.8082851253560746,-0.19171487464392545,70.68552779338364,67.95948440375096,398.91508175516674,0.0,74.77517890930176
2160,4.0,3.8092242051681433,-0.1907757948318567,70.63255484261245,67.95949261148778,399.0042943373133,0.0,74.7375659942627
2161,4.0,3.8102009294413453,-0.18979907055865475,70.5797342542262,67.95948944478003,399.09708314326747,0.0,74.70082473754883
2162,4.0,3.8112024772725226,-0.1887975227274774,70.5270723167226,67.95948507427894,399.1922301872293,0.0,74.66470909118652
2163,4.0,3.8122342115794376,-0.18776578842056235,70.47456085078166,67.9594811673785,399.2902449463862,0.0,74.62931442260742
2164,4.0,3.8132947437861047,-0.18670525621389533,70.42223382756819,67.95948668740151,399.39099550601964,0.0,74.59464836120605
2165,4.0,3.8143910231802027,-0.18560897681979727,70.37008288347448,67.95948314809495,399.49514204845894,0.0,74.56083679199219
2166,4.0,3.8155150226120136,-0.18448497738798642,70.31811869873442,67.95947847752815,399.60192199448096,0.0,74.5277328491211
2167,4.0,3.8166624802841986,-0.18333751971580137,70.26634694003809,67.95947967078237,399.7109304733385,0.0,74.49525833129883
2168,4.0,3.817830317182553,-0.18216968281744705,70.21478544769536,67.95948265689687,399.8218749786822,0.0,74.46337127685547
2169,4.0,3.819027036356572,-0.18097296364342785,70.16343685603492,67.95948673031216,399.935563300214,0.0,74.4322395324707
2170,4.0,3.8202571780360812,-0.17974282196391878,70.11230867283368,67.9594814540064,400.0524267597674,0.0,74.40195846557617
2171,4.0,3.821506161937151,-0.1784938380628489,70.06142137625088,67.9594879278209,400.17108023036906,0.0,74.37226486206055
2172,4.0,3.822789952474483,-0.17721004752551694,70.01075972269085,67.95949261268603,400.29304033141557,0.0,74.34345245361328
2173,4.0,3.8240847388817536,-0.1759152611182464,69.96035467671906,67.95948629556602,400.41604504010627,0.0,74.31509017944336
2174,4.0,3.825406667908591,-0.17459333209140881,69.91020929028093,67.9594838638841,400.54162829765585,0.0,74.28749465942383
2175,4.0,3.8267513392816666,-0.17324866071833345,69.86031856387515,67.95948186428184,400.669372078098,0.0,74.26057434082031
2176,4.0,3.828123149394439,-0.1718768506055608,69.81069980361707,67.9594809996425,400.7996940388114,0.0,74.23443222045898
2177,4.0,3.82951368047432,-0.17048631952568005,69.76135650172365,67.9594782529288,400.93179449140007,0.0,74.20890808105469
2178,4.0,3.8309224974507465,-0.16907750254925347,69.71228982922017,67.9594803361938,401.0656321041606,0.0,74.18399429321289
2179,4.0,3.8323639892712524,-0.16763601072874756,69.66352171460373,67.95947277359278,401.20257382710867,0.0,74.15999221801758
2180,4.0,3.833816838454967,-0.1661831615450331,69.61503896500896,67.95946919209511,401.3405944995615,0.0,74.136474609375
2181,4.0,3.8353053207535908,-0.16469467924640924,69.56687042611567,67.95946647664267,401.4820003179308,0.0,74.11394119262695
2182,4.0,3.8368035497901087,-0.16319645020989126,69.51901722655187,67.95946705952905,401.6243320764,0.0,74.09189224243164
2183,4.0,3.838325727943359,-0.16167427205664087,69.47147991112514,67.95947604090517,401.76893900095877,0.0,74.07060241699219
2184,4.0,3.8398658854789582,-0.16013411452104176,69.42425963352491,67.95947558089584,401.91525396684074,0.0,74.04995727539062
2185,4.0,3.841412407448777,-0.158587592551223,69.37736267285482,67.95947701661363,402.0621735539735,0.0,74.02973937988281
2186,4.0,3.8429849915451673,-0.15701500845483274,69.3308230198856,67.95948000336219,402.21156904313057,0.0,74.0103645324707
2187,4.0,3.8445687276076237,-0.1554312723923763,69.28461697873652,67.95947717847366,402.3620239690639,0.0,73.99151992797852
2188,4.0,3.8461710970584218,-0.15382890294157825,69.2387562508725,67.9594800508124,402.51424906688976,0.0,73.97336196899414
2189,4.0,3.8477881145681585,-0.1522118854318415,69.19325206405529,67.95948385816976,402.66786573031476,0.0,73.95582580566406
2190,4.0,3.84941931595159,-0.15058068404841007,69.14809142154893,67.95948569656737,402.82282986174073,0.0,73.93888854980469
2191,4.0,3.8510652978815156,-0.14893470211848436,69.1033029051737,67.95948900267773,402.97919814508367,0.0,73.92259216308594
2192,4.0,3.8527185898705985,-0.14728141012940155,69.05888144539215,67.95948612373952,403.1362608840465,0.0,73.90678787231445
2193,4.0,3.8543803078655463,-0.1456196921344537,69.01482821858197,67.95948867725147,403.29412409356655,0.0,73.89149856567383
2194,4.0,3.856068699006487,-0.14393130099351303,68.97115143137077,67.95949143032381,403.45452125195595,0.0,73.87708282470703
2195,4.0,3.857758812401721,-0.14224118759827897,68.92784164488634,67.95948826568629,403.6150820245032,0.0,73.86305236816406
2196,4.0,3.8594708865381686,-0.1405291134618314,68.88492506065688,67.95948215357117,403.7777290674657,0.0,73.84982299804688
2197,4.0,3.861192973340401,-0.13880702665959888,68.84239084491513,67.95948161072795,403.9413273136778,0.0,73.83715438842773
2198,4.0,3.862923674753343,-0.13707632524665714,68.80024238662004,67.95948529455515,404.10574394790723,0.0,73.82502365112305
2199,4.0,3.8646580188227406,-0.13534198117725937,68.7585039461375,67.95947923414191,404.2705066345,0.0,73.81336212158203
2200,4.0,3.8664155380788223,-0.13358446192117768,68.71715471096236,67.9594748091283,404.4374709638278,0.0,73.80252075195312
2201,4.0,3.868183694974482,-0.1318163050255179,68.67620802380328,67.95947994056822,404.60544586891547,0.0,73.79227447509766
2202,4.0,3.869957375603841,-0.1300426243961592,68.63566920200704,67.959483809941,404.77394552870453,0.0,73.78253173828125
2203,4.0,3.8717296396697383,-0.12827036033026173,68.59554022297984,67.95948678849906,404.9423106149648,0.0,73.77316284179688
2204,4.0,3.8735160671994397,-0.12648393280056025,68.55582836219588,67.95948931140177,405.1120212302865,0.0,73.76447296142578
2205,4.0,3.875312255355234,-0.12468774464476606,68.51652627295746,67.95948646855533,405.2826591050869,0.0,73.7563705444336
2206,4.0,3.8771039550325708,-0.12289604496742923,68.47764449143642,67.95948579454482,405.4528705744339,0.0,73.74859619140625
2207,4.0,3.878918577746103,-0.12108142225389695,68.43917306783307,67.95948151043535,405.6252597322195,0.0,73.74166107177734
2208,4.0,3.8807292275674046,-0.11927077243259543,68.40113321223934,67.95948363971206,405.7972714652431,0.0,73.73507690429688
2209,4.0,3.882556687815322,-0.11744331218467785,68.36351903633418,67.95948167301633,405.97088018879526,0.0,73.72923278808594
2210,4.0,3.8843877923474066,-0.11561220765259339,68.32632868276531,67.95948022775436,406.1448351193433,0.0,73.723876953125
2211,4.0,3.8862296480982494,-0.11377035190175055,68.28956371110039,67.95948166521471,406.31981141567337,0.0,73.7191464304924
2212,4.0,3.8880696133122834,-0.1119303866877166,68.25324502126603,67.95948635974352,406.4946081110066,0.0,73.71482443809509
2213,4.0,3.889921083841162,-0.1100789161588378,68.21735130983352,67.95948143722163,406.6704978112501,0.0,73.71114253997803
2214,4.0,3.8917623828713404,-0.10823761712865965,68.18189358161872,67.95947931621225,406.845421219117,0.0,73.70770239830017
2215,4.0,3.8936112350482563,-0.10638876495174365,68.14687286217516,67.95947984544296,407.02106217592404,0.0,73.70484161376953
2216,4.0,3.895465546003104,-0.1045344539968962,68.11229692985981,67.95947880732899,407.19722171663454,0.0,73.7025294303894
2217,4.0,3.8973067846348166,-0.10269321536518339,68.07816415601505,67.95947903934051,407.37213938664723,0.0,73.70041418075562
2218,4.0,3.899145059705999,-0.10085494029400088,68.04446489697327,67.95947678709591,407.5467755184096,0.0,73.69867753982544
2219,4.0,3.9010007849534922,-0.09899921504650777,68.01119944001398,67.95947793611484,407.7230694169214,0.0,73.69770622253418
2220,4.0,3.9028516984254535,-0.09714830157454646,67.9783850209363,67.9594775220105,407.89890619675776,0.0,73.69709873199463
2221,4.0,3.90470920722557,-0.09529079277442998,67.94601537754478,67.95947929633981,408.07536953276883,0.0,73.69706439971924
2222,4.0,3.906560111543204,-0.09343988845679618,67.91408486377819,67.9594799455499,408.251205442944,0.0,73.69734859466553
2223,4.0,3.9084099863004584,-0.09159001369954156,67.88260215563191,67.95947642121443,408.4269435448832,0.0,73.69806671142578
2224,4.0,3.9102628487156967,-0.08973715128430326,67.85156712555657,67.95947441615857,408.60296547433086,0.0,73.69929504394531
2225,4.0,3.9121059234430673,-0.08789407655693271,67.82096724517349,67.95947737946781,408.77805757343106,0.0,73.70077991485596
2226,4.0,3.9139621972730807,-0.0860378027269193,67.79082194543525,67.95948154899284,408.95440358728234,0.0,73.70297622680664
2227,4.0,3.9158076157533883,-0.08419238424661168,67.76110875468802,67.95948095529177,409.1297183429116,0.0,73.70540714263916
2228,4.0,3.917647976269968,-0.08235202373003192,67.7318527791464,67.95948605627981,409.30455259198663,0.0,73.70820999145508
2229,4.0,3.9194822545640635,-0.08051774543593648,67.70303153674841,67.95948656593511,409.4788090299257,0.0,73.71134185791016
2230,4.0,3.9213199010837347,-0.07868009891626526,67.6746606696179,67.9594944225911,409.6533854492945,0.0,73.71499824523926
2231,4.0,3.9231576860732353,-0.07684231392676466,67.64672879940557,67.95949500266846,409.82797502329703,0.0,73.71910667419434
2232,4.0,3.924991834797126,-0.07500816520287401,67.61926010642078,67.95948838950777,410.00221915206663,0.0,73.72362327575684
2233,4.0,3.92681448312359,-0.07318551687641017,67.5922178671421,67.95947134293307,410.1753707430807,0.0,73.72836112976074
2234,4.0,3.928639413074241,-0.07136058692575897,67.56562814130747,67.9594658524508,410.34873908839256,0.0,73.73360824584961
2235,4.0,3.930451410219099,-0.06954858978090117,67.53947750704779,67.95946248002058,410.5208788171541,0.0,73.73906517028809
2236,4.0,3.9322781522855488,-0.06772184771445122,67.51376485728748,67.95946901672315,410.6944193134668,0.0,73.7452507019043
2237,4.0,3.9340922682701955,-0.06590773172980446,67.48849514559168,67.9594714553231,410.86676033200825,0.0,73.75165748596191
2238,4.0,3.9359097950169017,-0.06409020498309825,67.4636560654297,67.95948174059363,411.03942537294535,0.0,73.75857353210449
2239,4.0,3.9377083994698356,-0.06229160053016436,67.43926163728318,67.9594811371325,411.21029279597406,0.0,73.76559638977051
2240,4.0,3.939510497092041,-0.06048950290795885,67.41530297836314,67.95948396176843,411.3814920700836,0.0,73.77313715219498
2241,4.0,3.941301583112467,-0.05869841688753308,67.3917916677345,67.95948255264675,411.55164524202405,0.0,73.78093755245209
2242,4.0,3.9430765185131036,-0.05692348148689641,67.3687117950075,67.9594933291523,411.72026410508454,0.0,73.78888487815857
2243,4.0,3.944843094612748,-0.05515690538725204,67.34607378944514,67.95949548275074,411.88808883455073,0.0,73.79713726043701
2244,4.0,3.9466002995232468,-0.05339970047675324,67.32386840394395,67.95950019683909,412.0550233010481,0.0,73.80566644668579
2245,4.0,3.9483567168483065,-0.05164328315169353,67.30208575901356,67.95949340898542,412.2218829469288,0.0,73.81462287902832
2246,4.0,3.9501029191667896,-0.04989708083321043,67.28074200754594,67.95949415791932,412.38777216718466,0.0,73.82384872436523
2247,4.0,3.9518349261246994,-0.04816507387530056,67.25982813025793,67.95947996196058,412.55231282818613,0.0,73.83326053619385
2248,4.0,3.953560138571977,-0.04643986142802303,67.23932514872156,67.95947796500072,412.71620801067746,0.0,73.8429765701294
2249,4.0,3.9552753452337646,-0.04472465476623544,67.21925835026701,67.95946843766234,412.8791526435473,0.0,73.85296535491943
2250,4.0,3.956987880527883,-0.04301211947211714,67.1996143836835,67.95946841339457,413.0418434964885,0.0,73.86334991455078
2251,4.0,3.9586871419892566,-0.04131285801074336,67.18038005557865,67.9594721556167,413.20327333531907,0.0,73.8739185333252
2252,4.0,3.960378025793987,-0.0396219742060131,67.16158084273233,67.9594710912992,413.36390729676845,0.0,73.88479137420654
2253,4.0,3.9620561236209344,-0.0379438763790656,67.14318072579015,67.95947646500949,413.52332659032845,0.0,73.89584732055664
2254,4.0,3.9637254077097137,-0.03627459229028629,67.1251923034822,67.9594783872001,413.6819085787625,0.0,73.90717506408691
2255,4.0,3.965392120421955,-0.0346078795780449,67.10762617712366,67.95948164012245,413.8402462864254,0.0,73.91890335083008
2256,4.0,3.967045430739343,-0.032954569260656985,67.09046590346036,67.95948195347962,413.99731076657724,0.0,73.93081283569336
2257,4.0,3.968685749722145,-0.03131425027785495,67.07370558435576,67.95947691089985,414.15314106994344,0.0,73.94290542602539
2258,4.0,3.9703109115471658,-0.029689088452834245,67.05734309175642,67.9594775239711,414.30753144332044,0.0,73.95513916015625
2259,4.0,3.9719220021626738,-0.02807799783732623,67.04140609669771,67.95947780000849,414.46058505179366,0.0,73.96756553649902
2260,4.0,3.973530746106522,-0.026469253893477873,67.02585339413044,67.95947263427905,414.61341572645927,0.0,73.9803581237793
2261,4.0,3.975116783530832,-0.024883216469167913,67.01069605386812,67.95948023723926,414.76408928176875,0.0,73.99315071105957
2262,4.0,3.976714505120311,-0.023285494879688784,66.99593412096586,67.95947534328316,414.91587283276925,0.0,74.00658416748047
2263,4.0,3.9782728624287023,-0.02172713757129774,66.98156892740109,67.95948027149362,415.06391677706637,0.0,74.01971054077148
2264,4.0,3.9798443797271945,-0.020155620272805486,66.96759740343704,67.95947215110981,415.21321092042314,0.0,74.03350448608398
2265,4.0,3.981398170338922,-0.01860182966107793,66.95400227254417,67.95947082828464,415.36082102853726,0.0,74.04737281799316
2266,4.0,3.9829475633302316,-0.01705243666976841,66.94078818024748,67.9594648248938,415.50801336271167,0.0,74.06156921386719
2267,4.0,3.9844825950537843,-0.015517404946215674,66.92796173236135,67.95947815147605,415.6538413764492,0.0,74.0759162902832
2268,4.0,3.986006382449493,-0.013993617550506876,66.9155216956305,67.95947326172193,415.7986011790415,0.0,74.0904712677002
2269,4.0,3.987502964253573,-0.01249703574642691,66.90344602954065,67.95947794974666,415.9407764504291,0.0,74.10491371154785
2270,4.0,3.988982094419387,-0.011017905580612997,66.89174608988321,67.95947835771626,416.0812938161814,0.0,74.11943817138672
2271,4.0,3.9904569247539516,-0.00954307524604836,66.88040392470481,67.95947785821218,416.22140269796506,0.0,74.13426971435547
2272,4.0,3.991912830099787,-0.008087169900213187,66.86944907864566,67.9594823534395,416.35971370581944,0.0,74.149169921875
2273,4.0,3.9933595695447033,-0.00664043045529672,66.85886201599179,67.95949058587692,416.49715395308647,0.0,74.16429901123047
2274,4.0,3.994789675086743,-0.005210324913257125,66.84862284988597,67.9594923456493,416.63301397958026,0.0,74.17949676513672
2275,4.0,3.99619605958261,-0.0038039404173901836,66.8387362112559,67.9594886813133,416.7666205066876,0.0,74.19463729858398
2276,4.0,3.997597798008522,-0.0024022019914777815,66.82920215120029,67.95948663964303,416.89978565714927,0.0,74.21007537841797
2277,4.0,3.998996213449766,-0.0010037865502341425,66.82001189439148,67.9594911770028,417.03263512406744,0.0,74.22582626342773
2278,4.0,4.000364914105348,0.0003649141053481131,66.81118358544332,67.95948711541395,417.11609059414053,0.0,74.24142074584961
2279,4.0,4.001725820284386,0.0017258202843857262,66.80268360958033,67.9594858588195,417.2453766811491,0.0,74.25722885131836
2280,4.0,4.00307840081588,0.0030784008158804,66.7944792782435,67.95948746424664,417.3738718316411,0.0,74.2732048034668
2281,4.0,4.004408942947542,0.004408942947542016,66.78658631977177,67.95947928807851,417.50027333414897,0.0,74.28911209106445
2282,4.0,4.005731921103178,0.005731921103177662,66.77900640284304,67.95948077053598,417.6259562589343,0.0,74.30522155761719
2283,4.0,4.0070457965855315,0.007045796585531505,66.77175110591435,67.95948526545163,417.75077442975794,0.0,74.32151794433594
2284,4.0,4.008342704150147,0.008342704150146929,66.76480717207244,67.95948463641061,417.8739806483964,0.0,74.33784103393555
2285,4.0,4.009621947630917,0.00962194763091695,66.7581892268331,67.95948226572733,417.99550877906955,0.0,74.35419464111328
2286,4.0,4.010884813405341,0.010884813405341198,66.75190627726037,67.95948427201085,418.1154810276399,0.0,74.37061309814453
2287,4.0,4.012139244656608,0.012139244656608206,66.74592847246261,67.95948054826647,418.23465199651025,0.0,74.38721084594727
2288,4.0,4.013377890246301,0.013377890246300872,66.74027165870102,67.95948219600896,418.35232332753105,0.0,74.40386962890625
2289,4.0,4.014612253635681,0.014612253635680972,66.73490844510276,67.95948093149498,418.46958784952216,0.0,74.42077255249023
2290,4.0,4.015828027547664,0.01582802754766366,66.72986084277653,67.9594833070645,418.5850863711605,0.0,74.43767929077148
2291,4.0,4.017031267278863,0.017031267278863282,66.72510996134514,67.95948021051939,418.69939414562447,0.0,74.45468139648438
2292,4.0,4.0182176447174545,0.018217644717454462,66.72066242052021,67.95947700392941,418.8121000022906,0.0,74.47170639038086
2293,4.0,4.019381064101824,0.019381064101824386,66.71651316060715,67.95947513764689,418.92262484380575,0.0,74.4886360168457
2294,4.0,4.020541623686836,0.020541623686836097,66.7126460210229,67.95947972277249,419.03287800438187,0.0,74.50582504272461
2295,4.0,4.021677414819858,0.021677414819857965,66.70906902517545,67.95947649305971,419.140778162019,0.0,74.52287673950195
2296,4.0,4.022810261364806,0.022810261364806017,66.70579208028728,67.95947274500176,419.248398583789,0.0,74.54020690917969
2297,4.0,4.0239301412494015,0.023930141249401515,66.70278993959394,67.95947656237318,419.3547871728256,0.0,74.55760192871094
2298,4.0,4.025022072792097,0.025022072792096672,66.70005813199428,67.95948697711394,419.45852066938164,0.0,74.57477951049805
2299,4.0,4.026096657615826,0.02609665761582569,66.69761858726847,67.95948021099748,419.5606062276359,0.0,74.59196090698242
2300,4.0,4.0271527603693,0.027152760369300033,66.69545574219995,67.95948673475243,419.66093598921594,0.0,74.6091079711914
2301,4.0,4.028196584851991,0.02819658485199117,66.69357232011458,67.95948548634209,419.7600993150716,0.0,74.62633895874023
2302,4.0,4.029221387797068,0.029221387797067955,66.69196041017902,67.95948129400426,419.8574555948539,0.0,74.64352035522461
2303,4.0,4.030230565049986,0.03023056504998589,66.69060107160357,67.95947882243999,419.9533274338811,0.0,74.66069412231445
2304,4.0,4.03122477171278,0.03122477171277982,66.68950029456222,67.95948290386166,420.04777706684655,0.0,74.6778793334961
2305,4.0,4.032194826231082,0.032194826231082274,66.6886632796406,67.9594918510166,420.13993224608527,0.0,74.69491195678711
2306,4.0,4.033162339241368,0.033162339241368244,66.68806958575641,67.95948369705509,420.23184598206245,0.0,74.7121696472168
2307,4.0,4.034132915585002,0.03413291558500209,66.68771489247726,67.95948200842702,420.32405073470767,0.0,74.72975158691406
2308,4.0,4.035084387622506,0.035084387622505986,66.6876046335271,67.95948395976468,420.4144405782705,0.0,74.74725341796875
2309,4.0,4.036021168204195,0.03602116820419532,66.68773717463988,67.95948615565314,420.50343473353104,0.0,74.76475524902344
2310,4.0,4.0369391991604555,0.036939199160455516,66.68809093993904,67.95948602597359,420.59064767437576,0.0,74.78215789794922
2311,4.0,4.037848790772574,0.03784879077257397,66.68869276067,67.95948475793419,420.677058877527,0.0,74.7996826171875
2312,4.0,4.038741253833921,0.03874125383392091,66.68952953960799,67.95948705208363,420.76184286835496,0.0,74.81715393066406
2313,4.0,4.039616494896712,0.03961649489671171,66.69059587529783,67.95948526006858,420.8449907693201,0.0,74.83456420898438
2314,4.0,4.040472255959529,0.04047225595952941,66.6918813189572,67.9594907163789,420.92628807028774,0.0,74.85186004638672
2315,4.0,4.041307431408243,0.04130743140824311,66.69339719957783,67.95948656461096,421.00562973791557,0.0,74.86903381347656
2316,4.0,4.042122235230312,0.042122235230311666,66.69511948197986,67.9594839120861,421.08303610101206,0.0,74.88606262207031
2317,4.0,4.042946342577644,0.04294634257764418,66.69706123247397,67.95947948444253,421.16132629900864,0.0,74.90351104736328
2318,4.0,4.043746003495964,0.043746003495964025,66.69917448585889,67.95947837856878,421.23729408624905,0.0,74.92070007324219
2319,4.0,4.044522594726402,0.044522594726402076,66.70150788401305,67.95947342878745,421.31107025314066,0.0,74.9377099275589
2320,4.0,4.045298147634926,0.045298147634926345,66.70405695090334,67.95947413871147,421.38474777945044,0.0,74.95494389533997
2321,4.0,4.046051031404345,0.04605103140434519,66.70679475645018,67.95946962764901,421.45627173754525,0.0,74.97197103500366
2322,4.0,4.046808281020283,0.046808281020283005,66.70972681399537,67.95947028777017,421.52821045105935,0.0,74.98929858207703
2323,4.0,4.047546056760576,0.04754605676057633,66.71285363457744,67.95947516297315,421.5982991463872,0.0,75.00648546218872
2324,4.0,4.048264619279736,0.04826461927973558,66.71617488955147,67.95948142870033,421.6665625857073,0.0,75.02353620529175
2325,4.0,4.048952447119036,0.0489524471190359,66.71968259663892,67.95948279803333,421.73190623044087,0.0,75.0402283668518
2326,4.0,4.04963682245752,0.049636822457520324,66.72337613197024,67.95948270795678,421.7969218875969,0.0,75.05706691741943
2327,4.0,4.050309008695072,0.05030900869507171,66.72724719043391,67.95948504723448,421.86077958016426,0.0,75.07388067245483
2328,4.0,4.050978280848915,0.050978280848915425,66.73130395841866,67.95948609584318,421.92436043477943,0.0,75.09085083007812
2329,4.0,4.051639844456435,0.05163984445643521,66.7355096577587,67.9594815131132,421.9872089774938,0.0,75.10784721374512
2330,4.0,4.052285348798495,0.052285348798495335,66.73989968172177,67.95947279144443,422.04853188998953,0.0,75.12475490570068
2331,4.0,4.052918248411243,0.05291824841124271,66.7444730128617,67.95947127854524,422.1086573532005,0.0,75.1416368484497
2332,4.0,4.053526288889632,0.05352628888963196,66.7492052588945,67.95947378177266,422.16642119864747,0.0,75.1582384109497
2333,4.0,4.054109685227413,0.054109685227412996,66.7540988232869,67.95947449209021,422.2218438507367,0.0,75.1745662689209
2334,4.0,4.054689351143204,0.05468935114320406,66.75914638657805,67.95947135972817,422.27691211273685,0.0,75.19099998474121
2335,4.0,4.055256495753187,0.05525649575318692,66.76433007730249,67.95947836753771,422.3307908506852,0.0,75.2073564529419
2336,4.0,4.055811906810441,0.055811906810441236,66.76967331713186,67.95947275731056,422.3835549011244,0.0,75.22367668151855
2337,4.0,4.05636572523717,0.05636572523717032,66.77516572915869,67.95947628861094,422.43616765166365,0.0,75.24013710021973
2338,4.0,4.056884840047562,0.056884840047562335,66.78078445374568,67.9594815664599,422.48548355865086,0.0,75.2560977935791
2339,4.0,4.05739374298413,0.05739374298412958,66.78656475531348,67.95947658102696,422.53382933762475,0.0,75.27205276489258
2340,4.0,4.057893552837239,0.05789355283723907,66.79249835427564,67.95948039951595,422.58131127367017,0.0,75.28801345825195
2341,4.0,4.058387157922777,0.05838715792277682,66.79855630504395,67.95948327712429,422.62820375679627,0.0,75.30400085449219
2342,4.0,4.058863190545073,0.05886319054507272,66.80474298505389,67.95947849400866,422.6734268559144,0.0,75.31980895996094
2343,4.0,4.059318966173447,0.05931896617344723,66.81106539957709,67.9594801132975,422.71672554060996,0.0,75.33539581298828
2344,4.0,4.059760006655945,0.05976000665594494,66.81751051812597,67.95947516117462,422.75862438644725,0.0,75.35084915161133
2345,4.0,4.060201453467907,0.06020145346790695,66.82406085678195,67.95947576382012,422.80056183358363,0.0,75.36643028259277
2346,4.0,4.060639548337679,0.06063954833767937,66.83074272300158,67.95947569429012,422.842180846212,0.0,75.38209915161133
2347,4.0,4.061046644615335,0.0610466446153346,66.83751168234674,67.95947454831368,422.88085499258926,0.0,75.39729237556458
2348,4.0,4.061446981830919,0.0614469818309189,66.84442243789111,67.9594715522394,422.9188870280698,0.0,75.41252160072327
2349,4.0,4.061840377440344,0.061840377440343985,66.8514448109481,67.95946883123021,422.95625961096516,0.0,75.42774939537048
2350,4.0,4.06221783393999,0.062217833939990363,66.85857095957834,67.95946985801406,422.99211797843157,0.0,75.44279980659485
2351,4.0,4.062571566116167,0.06257156611616743,66.86580759414505,67.95947648189957,423.02572253516837,0.0,75.45753574371338
2352,4.0,4.062930798112519,0.0629307981125189,66.87314954454557,67.95947571941132,423.0598495748217,0.0,75.47249412536621
2353,4.0,4.0632838558539,0.06328385585389995,66.88058759853034,67.95947648046416,423.09339006025294,0.0,75.48744773864746
2354,4.0,4.0636238082074305,0.06362380820743052,66.88810912262481,67.95947148309715,423.12568553383835,0.0,75.50225353240967
2355,4.0,4.063954751027558,0.06395475102755821,66.8957270038076,67.95947851946833,423.15712510175047,0.0,75.51700210571289
2356,4.0,4.064270425399936,0.06427042539993622,66.90342941565048,67.95947905391637,423.1871141671264,0.0,75.5315637588501
2357,4.0,4.06458800716012,0.06458800716012014,66.91123353393765,67.95948088684318,423.21728443434387,0.0,75.54627704620361
2358,4.0,4.0648722253313325,0.06487222533133252,66.9191304454815,67.95947722636917,423.244285160609,0.0,75.56047630310059
2359,4.0,4.065140744877871,0.06514074487787092,66.9271132650475,67.95948089080967,423.2697945175302,0.0,75.57448196411133
2360,4.0,4.065404332210617,0.06540433221061726,66.93518299280497,67.95947627281801,423.2948353141411,0.0,75.5884952545166
2361,4.0,4.065658859364579,0.0656588593645786,66.94331387700822,67.95948149411882,423.3190153937674,0.0,75.60241031646729
2362,4.0,4.065902866066289,0.06590286606628926,66.9515156515207,67.9594756076353,423.34219603042993,0.0,75.6162109375
2363,4.0,4.066124953826186,0.06612495382618633,66.95980467152688,67.95947278727026,423.36329436762014,0.0,75.62970352172852
2364,4.0,4.066354540253656,0.06635454025365561,66.96816010388565,67.95947656237317,423.38510507822974,0.0,75.64341163635254
2365,4.0,4.066559962506583,0.06655996250658269,66.97658162906762,67.95947622252682,423.4046201922578,0.0,75.65674591064453
2366,4.0,4.066763621474475,0.06676362147447534,66.98507355792187,67.95947403657671,423.4239677942076,0.0,75.67012786865234
2367,4.0,4.066975274232152,0.06697527423215188,66.99363555929827,67.95923114778041,423.4440748061869,0.0,75.6837387084961
2368,4.0,4.067160296090803,0.06716029609080287,67.00223020143308,67.95917542251536,423.46165188275876,0.0,75.69689178466797
2369,4.0,4.067338598740442,0.06733859874044157,67.01088749352841,67.95826028406844,423.4785906344744,0.0,75.70999145507812
2370,4.0,4.067519691439669,0.06751969143966896,67.01960609523117,67.9580826238101,423.495794440901,0.0,75.72321319580078
2371,4.0,4.067669885984253,0.06766988598425261,67.02838067095274,67.95818834938034,423.51006292263645,0.0,75.73592376708984
2372,4.0,4.067811478462342,0.06781147846234159,67.03721533609533,67.95844862444228,423.5235142080549,0.0,75.74854278564453
2373,4.0,4.067955175731103,0.06795517573110299,67.04609571710517,67.95880336492503,423.53716544858725,0.0,75.7612533569336
2374,4.0,4.068083742230792,0.06808374223079205,67.05502232788511,67.9591246886301,423.5493792660577,0.0,75.77373504638672
2375,4.0,4.068194020959521,0.06819402095952132,67.06397979314212,67.95755996897454,423.559855745287,0.0,75.7859115600586
2376,4.0,4.068287291891465,0.06828729189146543,67.07297413330716,67.95724640697458,423.5687164838217,0.0,75.79781341552734
2377,4.0,4.068392439987777,0.06839243998777711,67.08202876258854,67.95734552423015,423.57870555297126,0.0,75.81000518798828
2378,4.0,4.068476524711103,0.06847652471110344,67.09111297709772,67.95770905355775,423.5866936016873,0.0,75.82183837890625
2379,4.0,4.068545589617289,0.06854558961728863,67.10024200624426,67.95822220045484,423.59325476777485,0.0,75.83344268798828
2380,4.0,4.068597692152891,0.06859769215289102,67.10939398478645,67.9563150567286,423.5982045086571,0.0,75.84475708007812
2381,4.0,4.068649180339534,0.06864918033953415,67.1185761153476,67.9561009618021,423.6030958863882,0.0,75.85609436035156
2382,4.0,4.068676526486042,0.06867652648604228,67.12777154353343,67.95644683825805,423.60569377030646,0.0,75.86699676513672
2383,4.0,4.068716799612476,0.06871679961247601,67.13700331099169,67.95711839600303,423.60951971731765,0.0,75.87818145751953
2384,4.0,4.068710965137377,0.0687109651373774,67.14622625618442,67.95790769355663,423.6089654421833,0.0,75.88849639892578
2385,4.0,4.068702851905416,0.06870285190541559,67.15549359006557,67.95600059055748,423.60819468514694,0.0,75.89881896972656
2386,4.0,4.068693220505211,0.0686932205052111,67.16477252131716,67.95587029900457,423.6072797021275,0.0,75.90912628173828
2387,4.0,4.068649396083546,0.06864939608354614,67.17406923023124,67.95628565022291,423.60311638206935,0.0,75.91881561279297
2388,4.0,4.068602538406222,0.0686025384062221,67.18336222106483,67.95701242061708,423.59866490272356,0.0,75.9284439086914
2389,4.0,4.068545725245246,0.06854572524524638,67.19265107301624,67.95783724308639,423.5932676524309,0.0,75.93788146972656
2390,4.0,4.06844785118033,0.0684478511803297,67.20195683005525,67.95599083203224,423.5839696162638,0.0,75.94657135009766
2391,4.0,4.068363260663664,0.06836326066366372,67.21125961877156,67.95587189010377,423.5759335171805,0.0,75.95550537109375
2392,4.0,4.068262295087362,0.06826229508736237,67.22055656124259,67.95630673690167,423.5663417874319,0.0,75.96412658691406
2393,4.0,4.068126446125038,0.06812644612503771,67.22984307038678,67.9570567001507,423.55343613601104,0.0,75.97208404541016
2394,4.0,4.067992029548622,0.0679920295486216,67.23911327580282,67.95789763181179,423.5406665612515,0.0,75.98004913330078
2395,4.0,4.067839684477073,0.06783968447707256,67.2483563894628,67.95692088156723,423.52619377945433,0.0,75.9876480102539
2396,4.0,4.06767114070875,0.06767114070875024,67.25759119446506,67.9570582741061,423.51018212146374,0.0,75.99493408203125
2397,4.0,4.067493175311691,0.06749317531169119,67.26679350599665,67.95750014264043,423.4932754087431,0.0,76.00200653076172
2398,4.0,4.067298101715794,0.06729810171579409,67.27598247953509,67.95805392961734,423.4747434171329,0.0,76.00874328613281
2399,4.0,4.067092948589649,0.0670929485896492,67.28513649281123,67.95860213024646,423.45525387014914,0.0,76.01525115966797
2400,4.0,4.066870126286556,0.06687012628655609,67.29425287653072,67.95859981026916,423.43408575135527,0.0,76.0213851928711
2401,4.0,4.066655146028553,0.06665514602855271,67.30332151989886,67.95881539772309,423.41366262684494,0.0,76.0276107788086
2402,4.0,4.066411034149277,0.06641103414927674,67.31234650910437,67.95905537517079,423.3904719983137,0.0,76.03324127197266
2403,4.0,4.066167315430473,0.06616731543047294,67.32133905371056,67.95924016444089,423.3673187200274,0.0,76.0388412475586
2404,4.0,4.065923083096574,0.0659230830965738,67.33028038554146,67.95936499428961,423.34411664830697,0.0,76.04437255859375
2405,4.0,4.065674540396617,0.0656745403966168,67.33918609501664,67.95942224303116,423.32050509181107,0.0,76.0497817993164
2406,4.0,4.065388933959254,0.06538893395925438,67.34803805383552,67.95948477709166,423.2933724802616,0.0,76.05443572998047
2407,4.0,4.0651409180885185,0.06514091808851852,67.35681567430557,67.95948243649971,423.26981097254173,0.0,76.05970764160156
2408,4.0,4.0648830738454045,0.06488307384540448,67.36554778490199,67.9594778956481,423.2453157694459,0.0,76.06474304199219
2409,4.0,4.06461091167694,0.06461091167694022,67.37423452793479,67.95945537159551,423.2194603634418,0.0,76.0694580078125
2410,4.0,4.064345932672171,0.06434593267217092,67.38286416417374,67.95942401029242,423.1942873579887,0.0,76.0742416381836
2411,4.0,4.064083801642208,0.06408380164220784,67.39144094181961,67.95948315140478,423.1693849101422,0.0,76.07901763916016
2412,4.0,4.063836053997624,0.06383605399762438,67.39996275494454,67.95951637104861,423.14584888390675,0.0,76.08399963378906
2413,4.0,4.063600984551512,0.06360098455151242,67.40843075329742,67.959542461712,423.1235172865261,0.0,76.08915710449219
2414,4.0,4.063345952010032,0.06334595201003168,67.41681862460028,67.95954778241588,423.0992891950855,0.0,76.0938491821289
2415,4.0,4.063088066731657,0.06308806673165712,67.42516025108961,67.95955062530248,423.0747900936399,0.0,76.09843444824219
2416,4.0,4.062829270074059,0.06282927007405892,67.43345046061522,67.95954365717076,423.05020441116807,0.0,76.10294342041016
2417,4.0,4.062583254202335,0.06258325420233479,67.44168505192746,67.95952824393932,423.02683290335426,0.0,76.10762786865234
2418,4.0,4.062349184370344,0.06234918437034409,67.44986427490404,67.95950730387358,423.00459626931513,0.0,76.11247253417969
2419,4.0,4.062115088917666,0.062115088917665595,67.45799753576534,67.95949150136283,422.98235720131066,0.0,76.11726379394531
2420,4.0,4.061890382367312,0.061890382367312036,67.46607721623222,67.95947434259463,422.9610100790271,0.0,76.1221694946289
2421,4.0,4.061682099704018,0.06168209970401772,67.47408781640137,67.95945732350943,422.94122322601413,0.0,76.12730407714844
2422,4.0,4.061463343274055,0.06146334327405523,67.48205686072122,67.95945615319519,422.92044136516773,0.0,76.13219451904297
2423,4.0,4.061257261112904,0.06125726111290408,67.48997168875047,67.9594540966047,422.90086355985835,0.0,76.13726043701172
2424,4.0,4.061063882081591,0.06106388208159075,67.49783850164759,67.95945999581551,422.88249255188356,0.0,76.14250946044922
2425,4.0,4.0608784626855865,0.0608784626855865,67.50567520013996,67.95947382153473,422.86487770926317,0.0,76.14787292480469
2426,4.0,4.060689440004312,0.06068944000431209,67.51345753782641,67.95948241398071,422.8469205545421,0.0,76.15310668945312
2427,4.0,4.060505318514846,0.06050531851484564,67.52120644821302,67.95948609259283,422.8294290130428,0.0,76.15839385986328
2428,4.0,4.06037275706651,0.06037275706651002,67.52890351370029,67.95949452427354,422.81683567545093,0.0,76.16458892822266
2429,4.0,4.060258306392451,0.06025830639245111,67.53655688780762,67.95949498126845,422.8059628614153,0.0,76.17107391357422
2430,4.0,4.060110448416461,0.06011044841646118,67.54417792174212,67.95949658518333,422.79191635369625,0.0,76.17689514160156
2431,4.0,4.059982629139812,0.059982629139812005,67.55177052338408,67.95949711192814,422.7797735224146,0.0,76.18305969238281
2432,4.0,4.059865003357318,0.05986500335731826,67.55934280982726,67.95949330931721,422.76859907307767,0.0,76.18939208984375
2433,4.0,4.059742025326451,0.05974202532645112,67.56688283597872,67.95949109332174,422.7569161601453,0.0,76.19558715820312
2434,4.0,4.059613588838306,0.05961358883830581,67.57439916225634,67.95946469301289,422.7447146937715,0.0,76.20165252685547
2435,4.0,4.059504579555876,0.059504579555875736,67.58189700472192,67.95945188205162,422.73435881194064,0.0,76.20806121826172
2436,4.0,4.059403773209265,0.059403773209265154,67.58935339397807,67.95943960527917,422.72478220901263,0.0,76.2145767211914
2437,4.0,4.059299911863082,0.059299911863082144,67.59678659881875,67.95943490235044,422.71491538112525,0.0,76.22100830078125
2438,4.0,4.059197420022847,0.05919742002284689,67.60419737549779,67.95943937319464,422.7051786563029,0.0,76.2274398803711
2439,4.0,4.05910794172645,0.05910794172644973,67.6115812239524,67.95945223155297,422.69667821814517,0.0,76.23408508300781
2440,4.0,4.0590250474861795,0.05902504748617954,67.61895721377894,67.95946305110508,422.6888032653195,0.0,76.2408447265625
2441,4.0,4.058949134820106,0.05894913482010633,67.62631191880453,67.959481032889,422.68159156204257,0.0,76.24771118164062
2442,4.0,4.058863866374055,0.05886386637405483,67.63364009058893,67.95948284585748,422.67349105966764,0.0,76.2543716430664
2443,4.0,4.058792414821211,0.05879241482121067,67.64094808447972,67.95948807206351,422.6667031621475,0.0,76.26126861572266
2444,4.0,4.058710540477091,0.05871054047709112,67.6482067414986,67.95948467974681,422.6589250994561,0.0,76.26791381835938
2445,4.0,4.05863133548855,0.05863133548854993,67.65548886709514,67.9594734868948,422.6514006255447,0.0,76.2746353149414
2446,4.0,4.0585631231561345,0.058563123156134544,67.66273689393269,67.95946874831748,422.64492045396526,0.0,76.28152465820312
2447,4.0,4.058487358150554,0.05848735815055406,67.66992160533835,67.95946482552408,422.6377227784351,0.0,76.28820037841797
2448,4.0,4.058422607011963,0.05842260701196267,67.67706504067755,67.95947838660229,422.6315714202689,0.0,76.29503631591797
2449,4.0,4.092590828257171,0.0925908282571708,67.68418122414585,67.95948318248585,425.87755243856367,0.0,76.94546091556542
2450,4.0,4.0922768278121,0.09227682781209978,67.69253958194005,67.95949841145314,425.84772239628194,0.0,76.94905865192406
2451,4.0,4.091829978049774,0.09182997804977422,67.70334132258226,67.95950071004773,425.805271668861,0.0,76.95293378829949
2452,4.0,4.091274743912431,0.09127474391243062,67.71557330015357,67.95950745049302,425.75252442581336,0.0,76.95639300346367
2453,4.0,4.09064391747996,0.09064391747995959,67.72869716971815,67.95951206554962,425.6925959147286,0.0,76.95943975448601
2454,4.0,4.089977059954533,0.08997705995453309,67.74248923034794,67.95951843738567,425.6292444498131,0.0,76.96256303787224
2455,4.0,4.089282851322438,0.08928285132243818,67.7565475547987,67.95950785111306,425.5632946297641,0.0,76.96546888351433
2456,4.0,4.088589125149743,0.08858912514974282,67.7707386891502,67.95948729050674,425.497390643358,0.0,76.96852922439568
2457,4.0,4.087908531008355,0.08790853100835516,67.78481388976356,67.95947860331094,425.4327341999262,0.0,76.97169971466057
2458,4.0,4.087231061683086,0.08723106168308625,67.79888184298746,67.95947576339377,425.36837461402564,0.0,76.9749155044555
2459,4.0,4.086563298671404,0.086563298671404,67.81267409490184,67.95947085483814,425.3049371279158,0.0,76.97799587249749
2460,4.0,4.085886609485363,0.08588660948536297,67.82630561227835,67.95946896957447,425.24065165524195,0.0,76.98072052001946
2461,4.0,4.085232790680499,0.08523279068049927,67.83947697653797,67.95947237728592,425.17853886877987,0.0,76.98334884643548
2462,4.0,4.084580259718306,0.0845802597183063,67.85246894094914,67.95948613477185,425.1165484273716,0.0,76.98579311370843
2463,4.0,4.073592745375335,0.07359274537533533,67.8651007093457,67.95949441028345,424.0727345647893,0.0,76.79299497604364
2464,4.0,4.072946739255497,0.07294673925549677,67.87700490129458,67.95950140813021,424.01136398340464,0.0,76.79428493976587
2465,4.0,4.072337321243424,0.07233732124342396,67.88791995858881,67.9594967343729,423.95346927225773,0.0,76.79514169692987
2466,4.0,4.0717899218649345,0.07178992186493449,67.89802806407499,67.95949574965186,423.9014663313012,0.0,76.79625177383417
2467,4.0,4.071275294661059,0.07127529466105909,67.90742359763891,67.95949634310946,423.8525767469331,0.0,76.79717111587519
2468,4.0,4.070763800753409,0.07076380075340882,67.9164660332366,67.95949566571309,423.8039848257063,0.0,76.79774761199945
2469,4.0,4.07027467433934,0.07027467433934032,67.92512270750841,67.95948695707654,423.7575178163698,0.0,76.79830741882319
2470,4.0,4.0697934778345335,0.06979347783453349,67.93340445457936,67.95948593391375,423.71180414841314,0.0,76.79859066009516
2471,4.0,4.069328703616106,0.06932870361610632,67.94156667988563,67.95948313778368,423.66765059766254,0.0,76.7990465164184
2472,4.0,4.0587162678232005,0.058716267823200496,67.94954823059615,67.95948070849218,422.65946919733653,0.0,76.60776022076604
2473,4.0,4.058287643111923,0.058287643111922804,67.95704567839269,67.95948612823119,422.61874984976515,0.0,76.60812187194821
2474,4.0,4.0578900933355095,0.05789009333550954,67.963708477793,67.95949496048053,422.5809826210059,0.0,76.60812759399411
2475,4.0,4.0575092896323435,0.057509289632343474,67.97006265340595,67.95949728234918,422.5448062692051,0.0,76.60810017585752
2476,4.0,4.05713692369262,0.05713692369262002,67.97608413410912,67.9594987198899,422.50943150493134,0.0,76.60785579681394
2477,4.0,4.056778746242155,0.05677874624215473,67.9818954010739,67.95950098420977,422.47540464713717,0.0,76.60764122009275
2478,4.0,4.056422650866207,0.05642265086620668,67.98775024036658,67.95950419080853,422.4415755864221,0.0,76.6075139045715
2479,4.0,4.056051665662002,0.05605166566200204,67.99351882787434,67.95949331347352,422.4063319920227,0.0,76.60700702667233
2480,4.0,4.055682523211095,0.0556825232110949,67.99926434652276,67.95949479233626,422.3712634591865,0.0,76.6065077781677
2481,4.0,4.04518545240177,0.0451854524017703,68.00509423569743,67.95949637864727,421.3740417323006,0.0,76.4147827476263
2482,4.0,4.044845892356181,0.044845892356181416,68.01046017893519,67.95949888492534,421.3417835279697,0.0,76.41439735889435
2483,4.0,4.044532091711394,0.04453209171139427,68.01523381142178,67.959499842487,421.3119724667149,0.0,76.41383218765259
2484,4.0,4.044273037717596,0.04427303771759572,68.01962105580019,67.95949464104835,421.28736233730405,0.0,76.41386651992798
2485,4.0,4.044004780709591,0.04400478070959135,68.0236604403913,67.95948649231035,421.26187792154366,0.0,76.41333556175232
2486,4.0,4.04375651147188,0.04375651147188009,68.02761372040275,67.95948553359908,421.23829234396106,0.0,76.41308498382568
2487,4.0,4.04351385616981,0.04351385616980963,68.03140956416836,67.95948287040636,421.2152400902644,0.0,76.4127631187439
2488,4.0,4.043268563451046,0.04326856345104613,68.03513391309787,67.95948373496587,421.19193728198184,0.0,76.41231060028076
2489,4.0,4.0430249654458335,0.04302496544583345,68.03891468682771,67.95948806326852,421.16879547148665,0.0,76.41195297241211
2490,4.0,4.0427365131692925,0.0427365131692925,68.04267380302534,67.95948525318983,421.14139250521526,0.0,76.41072273254395
2491,4.0,4.042461704041161,0.042461704041160786,68.04641952165959,67.95948543247718,421.11528563804274,0.0,76.40973472595215
2492,4.0,4.042172365966149,0.04217236596614882,68.05014959402806,67.95948868650538,421.0877985209166,0.0,76.40845394134521
2493,4.0,4.041887571635042,0.04188757163504242,68.05388184261652,67.95949013286125,421.0607430594615,0.0,76.40726089477539
2494,4.0,4.041618467662515,0.04161846766251465,68.0575440829531,67.95949008677928,421.0351781820714,0.0,76.4062852859497
2495,4.0,4.041327125925697,0.04132712592569732,68.06115146184997,67.95949293350155,421.0075007170737,0.0,76.40482711791992
2496,4.0,4.041028906237956,0.04102890623795563,68.06470698983794,67.95950095317843,420.9791698467382,0.0,76.40318012237549
2497,4.0,4.040732966340888,0.04073296634088841,68.06815411704254,67.95948955142397,420.95105555651685,0.0,76.4014539718628
2498,4.0,4.04045154953961,0.040451549539610276,68.07154315834597,67.95948911669136,420.92432096039545,0.0,76.39993667602539
2499,4.0,4.0401866290405914,0.04018662904059145,68.07486631072922,67.95949051985153,420.8991535129886,0.0,76.39865684509277
2500,4.0,4.03993205583647,0.03993205583646997,68.0781260103671,67.95948858773667,420.8749690585971,0.0,76.39750099182129
2501,4.0,4.039671198075077,0.039671198075076575,68.0812761667424,67.9594923477693,420.8501875712647,0.0,76.39610290527344
2502,4.0,4.039389943192997,0.03938994319299738,68.08433365833058,67.95949450873533,420.8234683574672,0.0,76.39421463012695
2503,4.0,4.039112130487757,0.03911213048775686,68.08731825096025,67.9594988161951,420.79707615046937,0.0,76.39230918884277
2504,4.0,4.038857297343653,0.03885729734365295,68.09023886497478,67.95950224776001,420.7728670017795,0.0,76.39076614379883
2505,4.0,4.0386352267087275,0.038635226708727544,68.09307330989678,67.95949447400147,420.7517702914616,0.0,76.38974571228027
2506,4.0,4.038406317907931,0.03840631790793125,68.09588394856887,67.95949135277245,420.73002395538595,0.0,76.38856887817383
2507,4.0,4.043411356482516,0.04341135648251626,68.09867261326346,67.95948804652751,421.2055026199715,0.0,76.48637394607067
2508,4.0,4.0431273539225865,0.04312735392258649,68.10159194837937,67.95948799923559,421.1785223767782,0.0,76.4842803478241
2509,4.0,4.042837842439624,0.042837842439624296,68.10478902659732,67.95948163017484,421.1510187858968,0.0,76.48239398002625
2510,4.0,4.042577541670148,0.04257754167014838,68.10818106280202,67.95948680251082,421.12629021279656,0.0,76.48127865791321
2511,4.0,4.042294717397035,0.042294717397035164,68.11171354076997,67.95948657617211,421.0994219068508,0.0,76.47989439964294
2512,4.0,4.041961412824199,0.04196141282419941,68.11529941291657,67.95948741778022,421.0677579724314,0.0,76.477614402771
2513,4.0,4.0416269781438965,0.04162697814389649,68.11890471133124,67.95949535329032,421.0359866778026,0.0,76.47533416748047
2514,4.0,4.041287716701155,0.04128771670115494,68.12248237902169,67.959493920403,421.0037568407422,0.0,76.47293090820312
2515,4.0,4.040946840618941,0.040946840618940605,68.12604029040497,67.9594961191828,420.9713736129318,0.0,76.47047424316406
2516,4.0,4.04062477861053,0.04062477861053004,68.12954412540715,67.9594930515823,420.9407777221328,0.0,76.46831226348877
2517,4.0,4.040293735972007,0.04029373597200703,68.13298922561458,67.95948818409776,420.90932867147313,0.0,76.46591377258301
2518,4.0,4.039973064149206,0.03997306414920576,68.13636450791422,67.95948701173859,420.878864848307,0.0,76.46363258361816
2519,4.0,4.039650364761527,0.039650364761526724,68.13966829120842,67.95949052191457,420.8482084064775,0.0,76.46123218536377
2520,4.0,4.039338574430125,0.03933857443012467,68.14289396195058,67.95949364336157,420.8185883249943,0.0,76.45895004272461
2521,4.0,4.039025430369247,0.03902543036924744,68.14603756900091,67.9594884132821,420.78883963921095,0.0,76.45654964447021
2522,4.0,4.03867902086998,0.03867902086997965,68.1491003231718,67.95948676850746,420.7559307367805,0.0,76.45342826843262
2523,4.0,4.038343460228806,0.038343460228806414,68.15208933470791,67.95948880686353,420.7240524758691,0.0,76.45042896270752
2524,4.0,4.038023109003412,0.038023109003412436,68.15500748252595,67.9594905513651,420.6936191094566,0.0,76.4476375579834
2525,4.0,4.037723409126199,0.037723409126199314,68.15784363285782,67.95948896403239,420.6651476211214,0.0,76.44514465332031
2526,4.0,4.03742355750204,0.03742355750203963,68.16060113236787,67.95949355400086,420.6366617168262,0.0,76.44256019592285
2527,4.0,4.037133225365227,0.037133225365226785,68.16327655145191,67.9594891675525,420.609080163829,0.0,76.4400634765625
2528,4.0,4.036848602312226,0.036848602312225864,68.16588486822349,67.95949147800364,420.58204097379394,0.0,76.4375991821289
2529,4.0,4.036562937124912,0.036562937124911876,68.16842609889775,67.95948536799291,420.5549027809991,0.0,76.43503952026367
2530,4.0,4.036251706948248,0.03625170694824842,68.17089932195583,67.95949678279678,420.52533591421604,0.0,76.43191909790039
2531,4.0,4.035938888980513,0.035938888980513006,68.17329086177278,67.95949432120874,420.4956182072812,0.0,76.42867660522461
2532,4.0,4.035636960641836,0.035636960641835635,68.17561110537888,67.95949354348086,420.46693501510686,0.0,76.4255599975586
2533,4.0,4.03534548129249,0.03534548129248982,68.17785725320321,67.95949199618302,420.439244476919,0.0,76.42255783081055
2534,4.0,4.035052101026054,0.035052101026053606,68.18003204144722,67.95948843013686,420.41137335160755,0.0,76.4194393157959
2535,4.0,4.034758092521991,0.034758092521991024,68.18213437290834,67.95948581100551,420.3834425437216,0.0,76.41622734069824
2536,4.0,4.034451237059867,0.034451237059866635,68.18416309644488,67.95948948479023,420.3542912748198,0.0,76.41268920898438
2537,4.0,4.034147105555361,0.034147105555360824,68.18612906674238,67.95949676841182,420.32539878189175,0.0,76.40913200378418
2538,4.0,4.033843856175051,0.033843856175050924,68.1880191424502,67.95949334194032,420.2965900907623,0.0,76.4055061340332
2539,4.0,4.03354319450746,0.033543194507459795,68.18983681548647,67.95949742325045,420.2680272323411,0.0,76.40184783935547
2540,4.0,4.033241849621731,0.0332418496217306,68.19158629509063,67.95950005108367,420.2393994681969,0.0,76.39809989929199
2541,4.0,4.032956041914444,0.0329560419144439,68.19326400732085,67.95949410129359,420.21224773600466,0.0,76.39456558227539
2542,4.0,4.032668287767907,0.03266828776790742,68.19487100769926,67.95948193687491,420.18491109208367,0.0,76.39091491699219
2543,4.0,4.032386476471543,0.03238647647154291,68.1964015704049,67.95947852020785,420.15813901892903,0.0,76.38729095458984
2544,4.0,4.032131520101952,0.032131520101952304,68.19784596689419,67.95948555638331,420.13391816381795,0.0,76.38407897949219
2545,4.0,4.03188468809884,0.03188468809883993,68.1992382744041,67.95949203422659,420.11046912352225,0.0,76.38096237182617
2546,4.0,4.03164792247941,0.03164792247940973,68.20055924830707,67.95949026826706,420.0879763896764,0.0,76.37795639038086
2547,4.0,4.03143842915147,0.03143842915147044,68.20182436628403,67.95949242065923,420.06807452352217,0.0,76.37540435791016
2548,4.0,4.0312418007810695,0.03124180078106953,68.20302525620463,67.95949888381149,420.0493948283341,0.0,76.3730239868164
2549,4.0,4.031043562091969,0.0310435620919689,68.2041717465531,67.95949643443936,420.0305621528695,0.0,76.37055206298828
2550,4.0,4.030819597733774,0.03081959773377374,68.20525964088604,67.95949165044726,420.00928553884097,0.0,76.36752700805664
2551,4.0,4.030608228421543,0.030608228421542982,68.20629806499407,67.95948760823457,419.98920545417906,0.0,76.36468505859375
2552,4.0,4.030412940828628,0.030412940828628443,68.20728592031385,67.95949540273037,419.97065313285214,0.0,76.36209106445312
2553,4.0,4.030200071437433,0.03020007143743264,68.20820682822666,67.95949038500316,419.95043054068856,0.0,76.35908889770508
2554,4.0,4.029971384402125,0.02997138440212499,68.20908204649483,67.95949363275219,419.92870527233435,0.0,76.3557357788086
2555,4.0,4.029745270112731,0.029745270112731426,68.20990700044271,67.9594976330855,419.90722441484195,0.0,76.35237503051758
2556,4.0,4.029517164460961,0.029517164460960643,68.210687370493,67.95949579714393,419.8855543779237,0.0,76.34892654418945
2557,4.0,4.029291594242744,0.029291594242743635,68.21140445718805,67.9594955295369,419.8641252071931,0.0,76.34545516967773
2558,4.0,4.029098084320052,0.029098084320051676,68.21207988704779,67.95949647425601,419.84574176453737,0.0,76.34254455566406
2559,4.0,4.028888357235759,0.028888357235759443,68.2126822748848,67.95949456238192,419.8258176915296,0.0,76.3392448425293
2560,4.0,4.028657677338144,0.028657677338143728,68.21324407732156,67.95948809825713,419.80390310125614,0.0,76.33550262451172
2561,4.0,4.028470068047281,0.02847006804728114,68.21373797153505,67.9594924735164,419.7860802186242,0.0,76.33250045776367
2562,4.0,4.028278355407758,0.028278355407757694,68.21419230516814,67.95949115048472,419.76786751786943,0.0,76.32937622070312
2563,4.0,4.028082644005078,0.028082644005078095,68.21458484707816,67.95949144322465,419.7492749346149,0.0,76.32610702514648
2564,4.0,4.027864462876106,0.027864462876106444,68.21493860356482,67.95949647251243,419.7285477273626,0.0,76.32236862182617
2565,4.0,4.027682122333063,0.02768212233306322,68.21522751159556,67.95950368029249,419.71122537577344,0.0,76.3192367553711
2566,4.0,4.027510734623856,0.027510734623856337,68.21545027554394,67.95949946231441,419.69494354339884,0.0,76.31623840332031
2567,4.0,4.027307683634722,0.02730768363472169,68.21563309878749,67.95949474558367,419.675653699431,0.0,76.31259536743164
2568,4.0,4.027122383652292,0.027122383652291582,68.21576760221585,67.95949263710301,419.65805020110014,0.0,76.30923461914062
2569,4.0,4.026952359855698,0.02695235985569777,68.21585477741583,67.95949159127636,419.64189794042375,0.0,76.30611038208008
2570,4.0,4.026775719013993,0.026775719013993005,68.21589376786903,67.95949012773717,419.6251170604618,0.0,76.30280685424805
2571,4.0,4.026584706366756,0.026584706366755917,68.21589316356383,67.95948786982346,419.60697085897425,0.0,76.29918670654297
2572,4.0,4.026419082196378,0.02641908219637834,68.21583419210195,67.95948825061176,419.5912365627884,0.0,76.29598236083984
2573,4.0,4.026266195926745,0.02626619592674473,68.21574017549823,67.9594782325051,419.57671236717323,0.0,76.2929801940918
2574,4.0,4.0261175553638875,0.02611755536388749,68.21559809223847,67.95948460152778,419.56259151370176,0.0,76.29000473022461
2575,4.0,4.025973343040309,0.025973343040308627,68.21541166680508,67.95948394982355,419.5488913429618,0.0,76.28706359863281
2576,4.0,4.025853397723869,0.025853397723868632,68.21521314886994,67.9594913143082,419.5374965379,0.0,76.2845687866211
2577,4.0,4.0257244732543995,0.025724473254399527,68.21494844637121,67.95949587141895,419.5252487133004,0.0,76.28182983398438
2578,4.0,4.025581540598394,0.025581540598394348,68.21467547829153,67.9594946820233,419.51167011097994,0.0,76.27881622314453
2579,4.0,4.025469759145701,0.025469759145701154,68.21435904559236,67.95950427805535,419.5010508729741,0.0,76.2763442993164
2580,4.0,4.025343594141594,0.02534359414159404,68.214020235289,67.95950488970398,419.4890651975839,0.0,76.27357482910156
2581,4.0,4.025168947579978,0.025168947579977896,68.21363642335832,67.95949982171591,419.47247377423037,0.0,76.26983642578125
2582,4.0,4.025019918977186,0.02501991897718625,68.21321420148573,67.95949987252364,419.45831605696515,0.0,76.26654052734375
2583,4.0,4.024881101067479,0.024881101067479428,68.21276220395016,67.95949252136843,419.445128355543,0.0,76.2634048461914
2584,4.0,4.024727213623373,0.024727213623372712,68.21227213476381,67.95949063994726,419.43050904835286,0.0,76.25994110107422
2585,4.0,4.024574617959754,0.02457461795975391,68.21174648489273,67.95948773817084,419.4160124603091,0.0,76.25646209716797
2586,4.0,4.024449649604279,0.024449649604279422,68.21118249284456,67.95948696216655,419.404140466539,0.0,76.25346374511719
2587,4.0,4.024307548509496,0.024307548509495902,68.21058126070216,67.95949289931609,419.39064086253455,0.0,76.2500991821289
2588,4.0,4.018898491217239,0.01889849121723941,68.20994179387664,67.95949735591665,418.8767804197702,0.0,76.14689782261848
2589,4.0,4.018785478033926,0.018785478033925607,68.20906925376183,67.95949695441782,418.86604416735537,0.0,76.14378249645233
2590,4.0,4.018691556850758,0.018691556850757962,68.20778593481462,67.95949182613575,418.8571216549545,0.0,76.14057040214539
2591,4.0,4.018591905539187,0.018591905539187437,68.20622892324695,67.95949694473217,418.84765478035524,0.0,76.13694429397583
2592,4.0,4.018532199489833,0.01853219948983309,68.20447208381539,67.95950084637715,418.8419827056666,0.0,76.13385200500488
2593,4.0,4.018479278374562,0.01847927837456176,68.2025791046275,67.95949728885371,418.8369551997158,0.0,76.13073635101318
2594,4.0,4.018413576738432,0.018413576738431914,68.20058345129786,67.95949025719166,418.83071354428347,0.0,76.12726402282715
2595,4.0,4.018351410393292,0.0183514103932918,68.19852047022736,67.95948505983368,418.8248077414952,0.0,76.12378358840942
2596,4.0,4.01831718839348,0.018317188393480066,68.19640609594606,67.95948536367266,418.82155665151305,0.0,76.12077522277832
2597,4.0,4.018276931093575,0.018276931093574866,68.1942458719928,67.95949416248015,418.81773220802205,0.0,76.11760139465332
2598,4.0,4.018219505092944,0.018219505092943677,68.1920540010803,67.95948322277498,418.8122767379621,0.0,76.11406707763672
2599,4.0,4.018221162526928,0.018221162526928403,68.18981891988444,67.95949056626168,418.81243419419064,0.0,76.11160373687744
2600,4.0,4.0182172488802355,0.01821724888023546,68.18756474232863,67.95949394401978,418.8120623977548,0.0,76.10901355743408
2601,4.0,4.018186140836756,0.018186140836755627,68.1853063667935,67.95949835567872,418.80910713362425,0.0,76.10590362548828
2602,4.0,4.018180190264068,0.018180190264067697,68.1830311915322,67.95950440502,418.8085418292189,0.0,76.10325145721436
2603,4.0,4.018177833876491,0.01817783387649108,68.18075056067728,67.9594997929619,418.8083179723991,0.0,76.100661277771
2604,4.0,4.018169069209619,0.018169069209618804,68.17845904030389,67.95949671104786,418.80748532904624,0.0,76.09793758392334
2605,4.0,4.018129922771346,0.01812992277134562,68.1761643601152,67.95949011542818,418.8037664174103,0.0,76.09463500976562
2606,4.0,4.01811079036185,0.018110790361849816,68.17385902296694,67.95948554747056,418.80194883850817,0.0,76.09169960021973
2607,4.0,4.01809806703173,0.01809806703172967,68.17154916841966,67.95948282908472,418.80074012214675,0.0,76.08888053894043
2608,4.0,4.01810938127462,0.018109381274619807,68.16921086048623,67.9594903633453,418.80181497522136,0.0,76.08648490905762
2609,4.0,4.018121729874031,0.018121729874031267,68.16687723334162,67.95949085365481,418.80298809216544,0.0,76.08411407470703
2610,4.0,4.018105906336918,0.018105906336917776,68.1645396386885,67.95949253099035,418.80148485613967,0.0,76.08120536804199
2611,4.0,4.018124224221738,0.018124224221738316,68.16218678858313,67.95949543834014,418.8032250551976,0.0,76.07892608642578
2612,4.0,4.018142649232046,0.018142649232046004,68.15984068707304,67.95949876028719,418.80497543117684,0.0,76.07665634155273
2613,4.0,4.018134289668513,0.01813428966851305,68.15749779893483,67.95950009215824,418.8041812726412,0.0,76.07388305664062
2614,4.0,4.01813778300702,0.018137783007020403,68.15515387090284,67.95950111046739,418.8045131397994,0.0,76.07133302092552
2615,4.0,4.018152743505043,0.018152743505043034,68.15283039220199,67.95949517558432,418.80593438711156,0.0,76.06902289390564
2616,4.0,4.018145159437788,0.01814515943778794,68.15049292629108,67.95948804813798,418.8052139007223,0.0,76.06627035140991
2617,4.0,4.01814234541748,0.01814234541747961,68.1481529451061,67.9594875912442,418.804946568793,0.0,76.06360530853271
2618,4.0,4.018152006725026,0.018152006725025593,68.14581371115901,67.95948451537838,418.80586439300987,0.0,76.06117725372314
2619,4.0,4.018153829758008,0.018153829758007944,68.14347369883276,67.95948888734786,418.8060375811432,0.0,76.05859994888306
2620,4.0,4.018141914275724,0.018141914275724424,68.14113084831322,67.959492512382,418.8049056103263,0.0,76.05575942993164
2621,4.0,4.018164641449215,0.018164641449215146,68.1387815347227,67.9594929347482,418.8070646918079,0.0,76.05356740951538
2622,4.0,4.018206335756135,0.01820633575613506,68.13642675804152,67.95948889961052,418.8110256509653,0.0,76.05172824859619
2623,4.0,4.018222598859027,0.018222598859026995,68.13406963327525,67.95948712729502,418.81257064574004,0.0,76.04940509796143
2624,4.0,4.018275770101521,0.01827577010152126,68.13170788422022,67.95948924644617,418.817621913777,0.0,76.04777526855469
2625,4.0,4.018321359908191,0.018321359908190615,68.12936793928925,67.95949186182092,418.82195294541054,0.0,76.0460262298584
2626,4.0,4.01832745168614,0.01832745168614025,68.12702529338137,67.9594891046393,418.82253166431576,0.0,76.0435266494751
2627,4.0,4.0183636998955325,0.018363699895532548,68.1246771979725,67.9594927207771,418.82597524420805,0.0,76.04159164428711
2628,4.0,4.018407354254386,0.018407354254385666,68.12234370919477,67.95949592013335,418.8301224082991,0.0,76.03981304168701
2629,4.0,4.018453935732273,0.018453935732273052,68.12001362184033,67.95949505230543,418.8345476486984,0.0,76.03809356689453
2630,4.0,4.0184802188767845,0.018480218876784527,68.11769019562334,67.95949555800193,418.837044547427,0.0,76.03599739074707
2631,4.0,4.0185395021309205,0.018539502130920482,68.11536959911204,67.95949655642629,418.8426764565699,0.0,76.0345287322998
2632,4.0,4.018582452161782,0.018582452161782115,68.11306106661728,67.95949712714982,418.84675670950173,0.0,76.03276443481445
2633,4.0,4.018601395768545,0.01860139576854536,68.11075451094473,67.9594883701793,418.84855635214427,0.0,76.03054809570312
2634,4.0,4.01865391384138,0.018653913841379932,68.10844109883072,67.95948549728011,418.85354556906356,0.0,76.02895927429199
2635,4.0,4.01872499168139,0.01872499168139008,68.10614980835214,67.95948394982379,418.8602979638645,0.0,76.02774620056152
2636,4.0,4.018817485917439,0.018817485917439036,68.10387155818493,67.95948825938758,418.8690849162892,0.0,76.02695274353027
2637,4.0,4.018877557632689,0.018877557632689168,68.1016097585789,67.95948578294076,418.8747917292379,0.0,76.02556419372559
2638,4.0,4.018957320972465,0.01895732097246494,68.0993355623507,67.95949282223745,418.88236924651665,0.0,76.02453422546387
2639,4.0,4.019022350205243,0.01902235020524312,68.09709925388238,67.95947427298292,418.88854702363057,0.0,76.02326774597168
2640,4.0,4.019026639255306,0.01902663925530579,68.09489609820687,67.95947088680451,418.8889544833865,0.0,76.02088928222656
2641,4.0,4.019060579423632,0.019060579423632262,68.09267579117252,67.95947313030138,418.8921787993775,0.0,76.01905250549316
2642,4.0,4.019095727710499,0.019095727710499055,68.09048289082942,67.9594731274623,418.8955178866299,0.0,76.01726913452148
2643,4.0,4.019123432184113,0.019123432184112943,68.08828971007516,67.95947407885406,418.89814981162317,0.0,76.01534461975098
2644,4.0,4.0191210665389185,0.01912106653891854,68.0861173478979,67.95940786266104,418.89792507532974,0.0,76.01287460327148
2645,4.0,4.019162503019563,0.01916250301956257,68.08392564803378,67.95940121101529,418.9018615409909,0.0,76.01121139526367
2646,4.0,4.019205246646285,0.01920524664628509,68.08174260287883,67.95940151192987,418.90592218552956,0.0,76.00958251953125
2647,4.0,4.019245408364954,0.01924540836495403,68.07957600322489,67.95940923790752,418.9097375488031,0.0,76.0079231262207
2648,4.0,4.019240577485833,0.0192405774858333,68.07741641494125,67.95943122965245,418.9092786152866,0.0,76.00542068481445
2649,4.0,4.019310556442445,0.01931055644244495,68.07524712133427,67.95931157916881,418.9159266161647,0.0,76.00432205200195
2650,4.0,4.019373940332397,0.0193739403323967,68.07309734855885,67.9592989905245,418.92194808571014,0.0,76.00312042236328
2651,4.0,4.019382521387567,0.01938252138756713,68.07095326513321,67.95932637792482,418.92276328595136,0.0,76.00088882446289
2652,4.0,4.019392018127469,0.019392018127469157,68.06880735030333,67.95935807629144,418.92366547624204,0.0,75.99867248535156
2653,4.0,4.019416514053882,0.019416514053881784,68.06667735721494,67.95940424349978,418.9259925892512,0.0,75.99675750732422
2654,4.0,4.019472681957086,0.019472681957085847,68.06454063853342,67.95921723745376,418.93132854005563,0.0,75.99543380737305
2655,4.0,4.019540927630466,0.019540927630465887,68.0624147099641,67.9591891461114,418.9378118790267,0.0,75.99435043334961
2656,4.0,4.019605079103225,0.019605079103224732,68.0602727648695,67.95921654197151,418.9439062689388,0.0,75.99317169189453
2657,4.0,4.019680455115253,0.01968045511525318,68.05816974292763,67.95926594404696,418.95106699008153,0.0,75.99224853515625
2658,4.0,4.019755544413866,0.019755544413865955,68.05607507038212,67.95934294827353,418.9582004734497,0.0,75.99132919311523
2659,4.0,4.019834278612335,0.019834278612335332,68.05399392791057,67.95940218878032,418.96568022230434,0.0,75.99049377441406
2660,4.0,4.019900565655068,0.01990056565506837,68.0519186079366,67.95913460976914,418.97197749136393,0.0,75.98942947387695
2661,4.0,4.019981916860919,0.019981916860919213,68.04986164476331,67.95909469960642,418.9797058559198,0.0,75.9886703491211
2662,4.0,4.020036207803543,0.020036207803543427,68.0478221393356,67.95914353250924,418.9848634954691,0.0,75.98741912841797
2663,4.0,4.020100525076329,0.020100525076329312,68.0457906146284,67.95923036616819,418.9909736363837,0.0,75.98636627197266
2664,4.0,4.020199416859085,0.020199416859084884,68.0437820091089,67.95930627517185,419.00036835574554,0.0,75.98599243164062
2665,4.0,4.020233869503158,0.020233869503157642,68.04179151615574,67.95895778847763,419.00364135693246,0.0,75.98442077636719
2666,4.0,4.020300598802477,0.0203005988024767,68.03980134794939,67.95892104494115,419.00998064036776,0.0,75.98345947265625
2667,4.0,4.020370900396109,0.02037090039610856,68.03786009752925,67.95896909566322,419.0166592917628,0.0,75.98262023925781
2668,4.0,4.020420650613458,0.02042065061345788,68.03591487114923,67.95907590614009,419.02138556241096,0.0,75.98138809204102
2669,4.0,4.020465198322762,0.02046519832276239,68.0339962457811,67.95921140454101,419.0256175947949,0.0,75.98008728027344
2670,4.0,4.020518643881892,0.02051864388189184,68.03207056011921,67.95875690342564,419.0306949229122,0.0,75.97894668579102
2671,4.0,4.02058796981322,0.020587969813219864,68.03016996832208,67.95872032821877,419.0372808863884,0.0,75.97813415527344
2672,4.0,4.020636613487612,0.020636613487612365,68.02827098941152,67.95882387458158,419.0419020354556,0.0,75.97693252563477
2673,4.0,4.030161790274405,0.030161790274404687,68.02640128183008,67.95898585340854,419.94679383020093,0.0,76.15483421552926
2674,4.0,4.0302207870915705,0.0302207870915705,68.02487107671253,67.9591734973612,419.95239852783163,0.0,76.15423595905304
2675,4.0,4.030214319421526,0.030214319421525637,68.0240389239425,67.95933427385646,419.9517840991774,0.0,76.15318214893341
2676,4.0,4.030180416113186,0.030180416113186226,68.0236520566243,67.95871802312173,419.94856328488515,0.0,76.15210843086243
2677,4.0,4.030109128216961,0.03010912821696099,68.02357193615396,67.95859350414501,419.9417909347438,0.0,76.15067172050476
2678,4.0,4.03006162569188,0.030061625691880423,68.02367538448689,67.95864498673863,419.9372781948611,0.0,76.14988994598389
2679,4.0,4.030009752238432,0.030009752238432164,68.02392268355307,67.95879380917256,419.9323502167835,0.0,76.14918661117554
2680,4.0,4.029920376536519,0.029920376536519022,68.02425522491713,67.95899074736631,419.92385952510176,0.0,76.14787006378174
2681,4.0,4.029855393356836,0.0298553933568364,68.02463565743642,67.9582889181886,419.9176861230319,0.0,76.14706802368164
2682,4.0,4.029790539515261,0.029790539515261116,68.02504458955313,67.95822918845737,419.91152500808226,0.0,76.14630031585693
2683,4.0,4.029713649565931,0.029713649565930922,68.02546757681655,67.95836688504652,419.9042204628959,0.0,76.14532089233398
2684,4.0,4.029617471409606,0.029617471409605578,68.02589499023782,67.9586530546916,419.895083538045,0.0,76.14398193359375
2685,4.0,4.0295426520166355,0.02954265201663553,68.02630350532003,67.95896232018819,419.88797569571284,0.0,76.1430253982544
2686,4.0,4.029477574401018,0.02947757440101828,68.02671116166428,67.95814739191161,419.8817933222292,0.0,76.14225196838379
2687,4.0,4.0294122970583155,0.029412297058315495,68.0271060143035,67.95808135936562,419.87559197467243,0.0,76.14146041870117
2688,4.0,4.029303627005072,0.029303627005072386,68.02749559907339,67.95822086627373,419.86526831961436,0.0,76.13984298706055
2689,4.0,4.029237894273683,0.02923789427368284,68.02786238274811,67.95850590535346,419.8590237101323,0.0,76.13901138305664
2690,4.0,4.03909460480929,0.03909460480929017,68.02821004799634,67.95884297922652,420.79541121101505,0.0,76.32566004991531
2691,4.0,4.038988365840469,0.03898836584046883,68.0289228130183,67.95785904481954,420.785318508977,0.0,76.32445216178894
2692,4.0,4.038848797073651,0.0388487970736513,68.03030842641348,67.95775030010955,420.77205947612936,0.0,76.32336926460266
2693,4.0,4.038708529437402,0.038708529437402106,68.03213838644706,67.95791907291206,420.75873405068563,0.0,76.32277154922485
2694,4.0,4.038505410088484,0.03850541008848385,68.0342462430991,67.95828896196346,420.7394377125384,0.0,76.32129764556885
2695,4.0,4.038303241676995,0.03830324167699484,68.03652585847296,67.95870236170026,420.720231713447,0.0,76.3200341463089
2696,4.0,4.038130699866459,0.038130699866458784,68.03893025057748,67.9575705909139,420.703840241446,0.0,76.31947028636932
2697,4.0,4.037927417943076,0.037927417943076414,68.04136894057393,67.95746373056207,420.68452845872474,0.0,76.31836366653442
2698,4.0,4.0377217887818695,0.03772178878186949,68.04383350837642,67.95770125979483,420.66499368841005,0.0,76.31724143028259
2699,4.0,4.037525466434803,0.037525466434803256,68.04627922854203,67.95813658325295,420.64634306543877,0.0,76.31627368927002
2700,4.0,4.037335844565051,0.037335844565051346,68.04873236566586,67.95861796969709,420.6283289878123,0.0,76.31544065475464
2701,4.0,4.037150127444296,0.03715012744429558,68.05115733181606,67.95907819195513,420.6106858613405,0.0,76.31464958190918
2702,4.0,4.036938039388242,0.03693803938824214,68.0535495454368,67.95770470025496,420.5905374960155,0.0,76.31332302093506
2703,4.0,4.046532256480121,0.046532256480120715,68.05589487954784,67.95743867903217,421.50198811974394,0.0,76.49732607603073
2704,4.0,4.04632488205638,0.04632488205638019,68.05858215443058,67.9575195926024,421.4822875494886,0.0,76.49642622470856
2705,4.0,4.046065314718643,0.046065314718642725,68.06191512121407,67.95785045976587,421.4576286524035,0.0,76.49526500701904
2706,4.0,4.045757727439289,0.0457577274392893,68.06565150830056,67.9583125840105,421.4284078608649,0.0,76.49364876747131
2707,4.0,4.045444110544091,0.04544411054409103,68.06963631373449,67.95675598776893,421.3986142558211,0.0,76.49219703674316
2708,4.0,4.045109903806651,0.04510990380665092,68.07377536060584,67.95663609403451,421.3668646157643,0.0,76.49052858352661
2709,4.0,4.044742434055453,0.044742434055453195,68.0779932472488,67.95697487038859,421.3319549894005,0.0,76.4883189201355
2710,4.0,4.044399460191584,0.044399460191583806,68.08222398610593,67.9575591867786,421.29937247233295,0.0,76.48658609390259
2711,4.0,4.044040072887124,0.04404007288712375,68.08645459792521,67.9582568712099,421.26523067840924,0.0,76.48454189300537
2712,4.0,4.043679042008655,0.043679042008655244,68.0906503844002,67.9565756506716,421.2309327449547,0.0,76.48242664337158
2713,4.0,4.052998179430667,0.052998179430667314,68.09479400979792,67.95646761002699,422.11625080004586,0.0,76.66335448622704
2714,4.0,4.052643136228069,0.0526431362280686,68.09925035505522,67.95680401483621,422.08252169579896,0.0,76.66165542602539
2715,4.0,4.052229802641634,0.05222980264163368,68.10428053949587,67.95741527493082,422.04325500508764,0.0,76.65949869155884
2716,4.0,4.051778245753192,0.051778245753191676,68.10969731833913,67.9581153235734,422.0003571006857,0.0,76.65705275535583
2717,4.0,4.051341960733214,0.05134196073321373,68.1153305574695,67.9562554585218,421.9589100237878,0.0,76.65513801574707
2718,4.0,4.050888038591867,0.05088803859186708,68.12108425666558,67.95612252612797,421.91578742035983,0.0,76.6530237197876
2719,4.0,4.050383892396491,0.05038389239649099,68.12688214826566,67.95649793349972,421.8678935317991,0.0,76.6500072479248
2720,4.0,4.049876400531214,0.04987640053121378,68.13267418866532,67.95718836464548,421.8196818045978,0.0,76.64691925048828
2721,4.0,4.049377045311702,0.04937704531170173,68.1384168221714,67.95798234386551,421.7722430587441,0.0,76.64392805099487
2722,4.0,4.05873375950108,0.05873375950107995,68.14409258177398,67.95617213246709,422.6611309067351,0.0,76.82742474228144
2723,4.0,4.058217302998351,0.05821730299835082,68.1500627501478,67.95608179701917,422.6120675389758,0.0,76.82437884807587
2724,4.0,4.057674346782019,0.05767434678201866,68.15661638725345,67.9564972449496,422.56048669842426,0.0,76.82148718833923
2725,4.0,4.057104122482488,0.05710412248248797,68.1635225430227,67.95721126103177,422.5063153899688,0.0,76.8184745311737
2726,4.0,4.056543038033043,0.05654303803304295,68.17059209594125,67.95800999115234,422.4530123672715,0.0,76.81581687927246
2727,4.0,4.0559486563343174,0.05594865633431745,68.17774695887219,67.95876598559732,422.39654610589264,0.0,76.81262254714966
2728,4.0,4.0553696441934886,0.055369644193488554,68.18490413593402,67.95682897446585,422.34153995251387,0.0,76.80971956253052
2729,4.0,4.0547973178262176,0.05479731782621755,68.1919847865089,67.95648777604018,422.2871689476231,0.0,76.80685472488403
2730,4.0,4.054222787080093,0.05422278708009287,68.19901602420623,67.95663805443397,422.23258852674127,0.0,76.80389022827148
2731,4.0,4.053607387142038,0.05360738714203794,68.2059039392114,67.95712571186111,422.1741255326261,0.0,76.79998779296875
2732,4.0,4.063224878686777,0.06322487868677662,68.21276318100377,67.95777097766444,423.08778722937626,0.0,76.98994344472885
2733,4.0,4.062623958921092,0.06262395892109218,68.21981587676527,67.95591891043318,423.0306998516362,0.0,76.98651623725891
2734,4.0,4.061963341309491,0.06196334130949133,68.22743085335271,67.95581319141549,422.96794117853415,0.0,76.98258972167969
2735,4.0,4.061282782707654,0.06128278270765364,68.23535629152194,67.95626756015504,422.90328811135953,0.0,76.97863268852234
2736,4.0,4.060588161077836,0.0605881610778356,68.24352918815438,67.95704897622375,422.83729905652683,0.0,76.97468519210815
2737,4.0,4.059870676047115,0.05987067604711527,68.25173428357328,67.95793581525814,422.7691379786084,0.0,76.97033739089966
2738,4.0,4.059155960761692,0.05915596076169205,68.25979251537196,67.95620268246647,422.7012400264932,0.0,76.96587324142456
2739,4.0,4.058438114248659,0.05843811424865919,68.26793459567958,67.95612347814138,422.6330446077551,0.0,76.96144104003906
2740,4.0,4.057757370715825,0.05775737071582476,68.27591934004286,67.95653326041828,422.5683739721358,0.0,76.95753192901611
2741,4.0,4.067258554631103,0.06725855463110264,68.28372407881788,67.95720893058203,423.4709864440872,0.0,77.14654469490051
2742,4.0,4.066536591641448,0.06653659164144798,68.29188635453829,67.95798042211968,423.40239996007,0.0,77.14207077026367
2743,4.0,4.065751579792178,0.06575157979217838,68.30054934651082,67.95617518034703,423.3278238343894,0.0,77.136962890625
2744,4.0,4.0649634799449705,0.06496347994497054,68.30941432383908,67.95602958751887,423.25295434890467,0.0,77.1320207118988
2745,4.0,4.064152049585922,0.06415204958592202,68.31856975205491,67.95640288757609,423.17586846479503,0.0,77.12695980072021
2746,4.0,4.063339207904947,0.06333920790494663,68.32763280068272,67.957097838409,423.0986485051024,0.0,77.12176370620728
2747,4.0,4.062534654488905,0.06253465448890516,68.33677217631968,67.95790266836573,423.02221593057845,0.0,77.11680698394775
2748,4.0,4.06175589514406,0.06175589514405999,68.34576388220975,67.95616385486849,422.94823379281814,0.0,77.11216926574707
2749,4.0,4.0609164400699855,0.060916440069985534,68.3546030019818,67.95610801005536,422.8684855607811,0.0,77.10620307922363
2750,4.0,4.070305370155378,0.07030537015537774,68.36333812130091,67.95653319997888,423.76043391889334,0.0,77.29435063246638
2751,4.0,4.0694799484373885,0.06947994843738847,68.37214860321612,67.9572476763689,423.68201885568436,0.0,77.28863549232483
2752,4.0,4.068624846592147,0.06862484659214729,68.38164967232368,67.95805273790062,423.6007841803864,0.0,77.28313302993774
2753,4.0,4.067731876839611,0.0677318768396109,68.39132214014406,67.95876625927556,423.5159520538955,0.0,77.27710032463074
2754,4.0,4.0574028808358955,0.05740288083589551,68.4012141348057,67.9569132191167,422.53469743354253,0.0,77.09202313423157
2755,4.0,4.05651936029324,0.05651936029324034,68.4105724325865,67.95657670147276,422.4507629819903,0.0,77.08578097820282
2756,4.0,4.055691133445055,0.055691133445055385,68.41939605285906,67.95672331106157,422.3720814314127,0.0,77.07998275756836
2757,4.0,4.0548313566284735,0.05483135662847349,68.42749105333547,67.95719783749102,422.29040263383746,0.0,77.07276010513306
2758,4.0,4.054037690134927,0.0540376901349271,68.43529156194917,67.95780989569843,422.2150043169505,0.0,77.0664587020874
2759,4.0,4.053257790721435,0.05325779072143533,68.44259626455005,67.95601550504297,422.1409138726688,0.0,77.05985736846924
2760,4.0,4.062614010376344,0.06261401037634418,68.4496482131236,67.95590793501573,423.02975473988516,0.0,77.24569439888
2761,4.0,4.061859173684252,0.06185917368425198,68.456702324478,67.95635741628175,422.9580452541364,0.0,77.2393012046814
2762,4.0,4.0610201795083265,0.0610201795083265,68.46427368271465,67.95712290144,422.87834080742346,0.0,77.23188805580139
2763,4.0,4.060213061532168,0.06021306153216788,68.47206718761377,67.95796864563206,422.8016645996884,0.0,77.22532820701599
2764,4.0,4.0593473776926325,0.05934737769263254,68.47987852201203,67.95626830558277,422.7194246349325,0.0,77.21767091751099
2765,4.0,4.058493025772466,0.05849302577246629,68.48775595332843,67.95619175945555,422.63826120251673,0.0,77.21029996871948
2766,4.0,4.0576421716969895,0.057642171696989486,68.49550404409088,67.95657912771638,422.55743006534647,0.0,77.20284605026245
2767,4.0,4.056794241768947,0.056794241768947096,68.50303971150133,67.95723711655525,422.47687672218245,0.0,77.19520473480225
2768,4.0,4.055962350056218,0.05596235005621786,68.51055859967367,67.95798138242215,422.39784700947314,0.0,77.18784618377686
2769,4.0,4.065293516148616,0.0652935161486159,68.51780041926759,67.95617891339775,423.28430778825094,0.0,77.37360271811485
2770,4.0,4.054590099076623,0.0545900990766226,68.52515197371501,67.95603179935283,422.2674831664116,0.0,77.17816742509604
2771,4.0,4.053743784431342,0.05374378443134198,68.53269584944643,67.9564113395109,422.18708327510996,0.0,77.1705527305603
2772,4.0,4.052916693956916,0.05291669395691567,68.53985229771506,67.95711769569229,422.10850968003945,0.0,77.16286432743073
2773,4.0,4.052084609136851,0.05208460913685098,68.54649776666449,67.9579203556595,422.0294616221333,0.0,77.15450239181519
2774,4.0,4.051264761496647,0.05126476149664683,68.55295976334742,67.95621243158016,421.9515760963139,0.0,77.14616394042969
2775,4.0,4.050457288268437,0.05045728826843732,68.55911617531589,67.95615003596843,421.874866139634,0.0,77.13771438598633
2776,4.0,4.049667085509471,0.049667085509470965,68.56496822225935,67.95658222741851,421.7997968775322,0.0,77.12924861907959
2777,4.0,4.048892733194853,0.04889273319485277,68.57055199525638,67.95727089599261,421.72623340764346,0.0,77.12078046798706
2778,4.0,4.058266924806029,0.0582669248060288,68.5758829553883,67.95805602753732,422.6167816107052,0.0,77.30534378811717
2779,4.0,4.057489375604319,0.05748937560431866,68.58136686624275,67.95628914725961,422.54291443654273,0.0,77.29671317338943
2780,4.0,4.056661271941729,0.056661271941728764,68.58728068321867,67.95617766471048,422.46424458859667,0.0,77.28760147094727
2781,4.0,4.055838187978554,0.05583818797855411,68.59353214458969,67.95655256303569,422.3860516120951,0.0,77.27896308898926
2782,4.0,4.0550086147139375,0.055008614713937476,68.59976342240803,67.95724528493069,422.30724215195653,0.0,77.27017545700073
2783,4.0,4.044468109760277,0.0444681097602766,68.60605636505318,67.95804001939014,421.3058941813587,0.0,77.0763908624649
2784,4.0,4.043657205685321,0.04365720568532083,68.61187920208953,67.95873956179757,421.22885829423797,0.0,77.06747770309448
2785,4.0,4.042883493052947,0.0428834930529467,68.61687198958822,67.95687868099634,421.1553555941624,0.0,77.05833864212036
2786,4.0,4.042145348328545,0.04214534832854522,68.62128303871553,67.95656957612952,421.08523184534425,0.0,77.04922223091125
2787,4.0,4.041446300417244,0.04144630041724362,68.62508321156227,67.95670215517988,421.0188222937706,0.0,77.04016351699829
2788,4.0,4.050892765132964,0.05089276513296426,68.62859353810907,67.95717325452101,421.91623644176406,0.0,77.22418695688248
2789,4.0,4.050192649848188,0.05019264984818772,68.6321043003646,67.9578131251622,421.8497254897103,0.0,77.2147901058197
2790,4.0,4.049462694206324,0.049462694206323654,68.6360222719952,67.9560177082982,421.7803797037332,0.0,77.20528101921082
2791,4.0,4.04870232159729,0.04870232159728971,68.64020272578598,67.9559128003365,421.70814430587495,0.0,77.19548559188843
2792,4.0,4.047980305026762,0.04798030502676198,68.64443805913014,67.95636758562821,421.6395527316748,0.0,77.18648147583008
2793,4.0,4.037661447108621,0.03766144710862118,68.64854271848631,67.95712707762188,420.6592612294515,0.0,76.99432620406151
2794,4.0,4.03695508648846,0.0369550864884598,68.65227880822322,67.95799515851702,420.59215697053617,0.0,76.98504614830017
2795,4.0,4.03627255032666,0.0362725503266601,68.65526654671143,67.95627947719487,420.52731603516514,0.0,76.97537994384766
2796,4.0,4.0356309661049385,0.035630966104938544,68.65760154160944,67.95616221593977,420.4663655341016,0.0,76.96576189994812
2797,4.0,4.0452200911278595,0.04522009112785952,68.6594360883627,67.95653989078153,421.3773324112791,0.0,77.15070286393166
2798,4.0,4.044585188719084,0.04458518871908357,68.66129968266537,67.95720911547456,421.3170166824454,0.0,77.1406877040863
2799,4.0,4.043932592470973,0.04393259247097259,68.66357691404849,67.95797071432837,421.2550200388749,0.0,77.13079905509949
2800,4.0,4.043304593822982,0.04330459382298191,68.66605190786154,67.95617342960765,421.19536016731576,0.0,77.12160086631775
2801,4.0,4.0426306057169885,0.04263060571698851,68.66859144330142,67.95605202932192,421.1313312972464,0.0,77.11159706115723
2802,4.0,4.032190825886495,0.032190825886495134,68.67118387708827,67.9564484425735,420.1395522133495,0.0,76.91536600887775
2803,4.0,4.031550487661242,0.031550487661242244,68.67330075792691,67.95713918995983,420.07872008195045,0.0,76.90552198886871
2804,4.0,4.030934913665817,0.03093491366581702,68.67462022007737,67.95793714880236,420.0202405523851,0.0,76.8952567577362
2805,4.0,4.030393922975796,0.03039392297579635,68.67529287140292,67.9561766797554,419.96884643683313,0.0,76.8856897354126
2806,4.0,4.039979173089654,0.039979173089654374,68.67559818585433,67.95611378124664,420.8794451976496,0.0,77.06888510286808
2807,4.0,4.039434745489605,0.03943474548960513,68.67590929189002,67.95654724246012,420.82772457564494,0.0,77.05884838104248
2808,4.0,4.03887131189106,0.03887131189105997,68.67675564985274,67.95726314998322,420.77419838378313,0.0,77.0490494966507
2809,4.0,4.038295882213376,0.038295882213375876,68.67778627733318,67.95806546893374,420.71953256440315,0.0,77.03922820091248
2810,4.0,4.037702890183698,0.03770289018369777,68.6788409600033,67.95877988288663,420.66319832158376,0.0,77.02909851074219
2811,4.0,4.037126604553096,0.03712660455309624,68.67990364649586,67.95689511252085,420.6084511866766,0.0,77.019296169281
2812,4.0,4.026390736514707,0.026390736514707136,68.68113965680166,67.95656870522863,419.58854372302966,0.0,76.81586235761642
2813,4.0,4.0258485206591,0.025848520659099705,68.68186293400777,67.95671156959851,419.5370332167469,0.0,76.80632674694061
2814,4.0,4.025307227446099,0.025307227446099034,68.68173944853052,67.95716599793995,419.4856103615119,0.0,76.79586172103882
2815,4.0,4.0248508036114945,0.0248508036114945,68.68099926142588,67.95778371402263,419.4422500972244,0.0,76.78632640838623
2816,4.0,4.034506132985665,0.03450613298566463,68.67988170194998,67.9559776906528,420.3595063877706,0.0,76.96927887201309
2817,4.0,4.034039663111122,0.03403966311112239,68.6788576953005,67.9558790633409,420.31519174968906,0.0,76.95923221111298
2818,4.0,4.03354846257224,0.03354846257223976,68.67821436777406,67.95634874684568,420.26852769849523,0.0,76.94914054870605
2819,4.0,4.033035724906112,0.03303572490611195,68.67795221207632,67.95711429921737,420.2198176202131,0.0,76.9390652179718
2820,4.0,4.032533318621208,0.03253331862120756,68.67779839863682,67.95796963880989,420.1720890231472,0.0,76.92930841445923
2821,4.0,4.021903262245559,0.021903262245558608,68.67758778201534,67.95624329805884,419.16223366746055,0.0,76.72628176212311
2822,4.0,4.021384809550671,0.021384809550671235,68.67704727554,67.95616246921237,419.1129806614462,0.0,76.71578741073608
2823,4.0,4.020924668520463,0.02092466852046293,68.67580792246031,67.95654757240854,419.0692672635764,0.0,76.70562505722046
2824,4.0,4.020494794068945,0.020494794068945055,68.67406666929224,67.95721310783509,419.02842919068223,0.0,76.69547986984253
2825,4.0,4.030231465270218,0.030231465270217583,68.67189533194747,67.95796139323963,419.9534129548031,0.0,76.87878704071045
2826,4.0,4.029858750865188,0.029858750865187744,68.6697057935127,67.95617367195483,419.9180050863253,0.0,76.86922633647919
2827,4.0,4.029436629732774,0.029436629732773945,68.66808899564549,67.95605147053287,419.877903578746,0.0,76.8593647480011
2828,4.0,4.029035907906358,0.029035907906357572,68.6667097089909,67.9564467945262,419.8398350052364,0.0,76.850177526474
2829,4.0,4.028587184155961,0.02858718415596062,68.66549189806183,67.95714907424373,419.7972062489487,0.0,76.84025573730469
2830,4.0,4.017990581957285,0.0179905819572852,68.66434313445731,67.95794690720979,418.79052904007455,0.0,76.63685667514801
2831,4.0,4.017563926754799,0.01756392675479912,68.66291929980068,67.95622981516831,418.7499967958384,0.0,76.6271299123764
2832,4.0,4.017165693396435,0.01716569339643481,68.66069988959133,67.9561653499086,418.71216462679376,0.0,76.61705780029297
2833,4.0,4.016819451902044,0.016819451902043703,68.65785556864576,67.95658004946671,418.67927168482663,0.0,76.60728049278259
2834,4.0,4.026643136615228,0.026643136615228435,68.6547038987676,67.95728314005633,419.6125217325792,0.0,76.79110895842314
2835,4.0,4.026329030483425,0.026329030483425164,68.65169632219401,67.95808052043053,419.58268165005785,0.0,76.78175497055054
2836,4.0,4.025935739885039,0.025935739885039055,68.64914051760593,67.95880287773328,419.5453190432112,0.0,76.77139675617218
2837,4.0,4.025577915955384,0.025577915955383723,68.64687384451115,67.95689992400442,419.5113257698939,0.0,76.76203870773315
2838,4.0,4.025189285614301,0.025189285614301227,68.64480471284688,67.95654913548796,419.47440588749106,0.0,76.75231456756592
2839,4.0,4.014683029634471,0.014683029634470657,68.64275576254482,67.95667638284161,418.4763115694072,0.0,76.54969629645348
2840,4.0,4.014323576597443,0.014323576597442766,68.64031580181889,67.95713163959199,418.4421635308895,0.0,76.54012167453766
2841,4.0,4.014035355256303,0.014035355256303284,68.63717085734092,67.95775611687772,418.41478250348126,0.0,76.53111958503723
2842,4.0,4.013754762652158,0.013754762652157915,68.63356216791863,67.95597525138366,418.38812620608746,0.0,76.52174639701843
2843,4.0,4.0134997748491985,0.01349977484919851,68.62948712250673,67.95589992616424,418.36390236480634,0.0,76.51234197616577
2844,4.0,4.023381032946689,0.023381032946688585,68.62517813296041,67.956369027136,419.3026218840679,0.0,76.69590002298355
2845,4.0,4.0231357346806425,0.02313573468064245,68.62109994930249,67.95713368500645,419.27931854879347,0.0,76.68666648864746
2846,4.0,4.022880735045951,0.022880735045951006,68.61745028987227,67.95798032670947,419.2550935834978,0.0,76.6777274608612
2847,4.0,4.02256492217573,0.022564922175729585,68.61419201941867,67.9562808709993,419.22509136082675,0.0,76.66806721687317
2848,4.0,4.022308882798152,0.022308882798151686,68.6112142364523,67.95618788488902,419.2007676199569,0.0,76.65986013412476
2849,4.0,4.011818614281492,0.011818614281492223,68.60816212422955,67.9565803258713,418.2041921108742,0.0,76.45652830600739
2850,4.0,4.011502616301386,0.011502616301386048,68.60491827151978,67.95721823265647,418.17417230276413,0.0,76.4468914270401
2851,4.0,4.011295881499308,0.011295881499307825,68.60100213045567,67.95796110133566,418.15453249656673,0.0,76.43858814239502
2852,4.0,4.011088101303436,0.011088101303435849,68.59651811188225,67.95618752697533,418.1347933779589,0.0,76.4296326637268
2853,4.0,4.021063299747409,0.021063299747408948,68.59165660281542,67.95605193417447,419.0824372301363,0.0,76.61427584290504
2854,4.0,4.020852870207632,0.020852870207631824,68.58704041782515,67.95644436770851,419.06244642385747,0.0,76.60511064529419
2855,4.0,4.020640741995187,0.020640741995187284,68.58287233698346,67.95712895804772,419.04229424367526,0.0,76.59641408920288
2856,4.0,4.020439636207769,0.020439636207768785,68.57906317880247,67.95791943047044,419.0231891938705,0.0,76.58832883834839
2857,4.0,4.020218425934411,0.020218425934411144,68.57535702940712,67.95620679729201,419.00217421790154,0.0,76.57997608184814
2858,4.0,4.009783674077226,0.00978367407722569,68.5718197018398,67.95613450344378,418.0108727914689,0.0,76.37726753950119
2859,4.0,4.009583047014344,0.009583047014343649,68.5678997083678,67.95656294692795,417.9918132204951,0.0,76.36908006668091
2860,4.0,4.009384442009768,0.009384442009768179,68.56347501069757,67.95727752528067,417.97294574506043,0.0,76.36036944389343
2861,4.0,4.00920988129398,0.00920988129398026,68.55844025226887,67.95806963606118,417.95636247706057,0.0,76.35143780708313
2862,4.0,4.019224458232575,0.019224458232574904,68.5530655335636,67.95629536670315,418.90774728622705,0.0,76.53615491092205
2863,4.0,4.019112853067032,0.01911285306703192,68.54787269408081,67.95616665705268,418.8971447955005,0.0,76.52823227643967
2864,4.0,4.018937747241375,0.01893774724137476,68.54317134881056,67.95655159253063,418.88050974206305,0.0,76.51964962482452
2865,4.0,4.0187735921800884,0.01877359218008845,68.53882355004443,67.95722522218584,418.86491501124084,0.0,76.51167058944702
2866,4.0,4.0186060124257335,0.018606012425733454,68.53467444634789,67.95801491591608,418.84899493457715,0.0,76.50384855270386
2867,4.0,4.0082527134631185,0.00825271346311851,68.5307021178208,67.95874829297547,417.86543153312874,0.0,76.30232575535774
2868,4.0,4.008078789514304,0.008078789514303963,68.52648576135392,67.95691053558363,417.84890875799135,0.0,76.2943205833435
2869,4.0,4.007923510958337,0.007923510958336877,68.52146052422084,67.9565965369677,417.83415729517446,0.0,76.28577017784119
2870,4.0,4.007849367747382,0.007849367747382097,68.51603124994071,67.95674507399754,417.8271136901338,0.0,76.2783145904541
2871,4.0,4.007755414018224,0.007755414018223661,68.51029301562066,67.95721284085484,417.8181880858637,0.0,76.27013826370239
2872,4.0,4.017935645637706,0.017935645637706443,68.5042387033246,67.95783454909999,418.7853100897146,0.0,76.4571173787117
2873,4.0,4.017874610116486,0.017874610116486167,68.4984045105979,67.9560180437025,418.7795117151986,0.0,76.44944453239441
2874,4.0,4.0177703245097955,0.017770324509795543,68.49328549222656,67.95590998800789,418.76960458256303,0.0,76.44174718856812
2875,4.0,4.017657087145881,0.017657087145881434,68.4884585232851,67.95635119674459,418.7588470329912,0.0,76.43420577049255
2876,4.0,4.0073406782044705,0.0073406782044704855,68.4839521503361,67.95709100982457,417.77878818355714,0.0,76.23292423784733
2877,4.0,4.007244782631249,0.007244782631248725,68.47910043291431,67.95795403183435,417.7696781041011,0.0,76.22569942474365
2878,4.0,4.007144645442256,0.007144645442256348,68.47369938618364,67.95625266007137,417.7601650711468,0.0,76.21778273582458
2879,4.0,4.00711456603132,0.007114566031320102,68.4680042778813,67.95617630281943,417.75730752710786,0.0,76.21087145805359
2880,4.0,4.007093360509665,0.007093360509665025,68.46184667153223,67.95658772347721,417.7552930025506,0.0,76.20361423492432
2881,4.0,4.017230159579513,0.017230159579512794,68.45561905380116,67.95725637477302,418.7182889141862,0.0,76.38943818211555
2882,4.0,4.01724154742118,0.01724154742117978,68.44958544009529,67.95799462031036,418.7193707591445,0.0,76.38292181491852
2883,4.0,4.017219462482019,0.017219462482018777,68.44409056003806,67.95620095303083,418.71727268992424,0.0,76.3763701915741
2884,4.0,4.017107367982133,0.01710736798213297,68.43910532724684,67.95606119995244,418.7066237124351,0.0,76.36867618560791
2885,4.0,4.017067923838942,0.01706792383894218,68.43432845499355,67.95642521369194,418.70287651883194,0.0,76.36259603500366
2886,4.0,4.006781364240349,0.006781364240349141,68.42977033753155,67.95710641574055,417.7256533569656,0.0,76.16198015213013
2887,4.0,4.0067150022717755,0.006715002271775461,68.42484640849062,67.95790737120375,417.7193489699511,0.0,76.15523850917816
2888,4.0,4.006696696591899,0.006696696591898643,68.4193763159115,67.95617662702114,417.7176099303628,0.0,76.1488025188446
2889,4.0,4.006670622541503,0.006670622541503413,68.41348945243736,67.95611445101183,417.71513289557527,0.0,76.14175510406494
2890,4.0,4.016876106563789,0.016876106563788795,68.407230192319,67.95653590198224,418.68465387769237,0.0,76.328713465482
2891,4.0,4.016932129913413,0.016932129913413085,68.40111718439427,67.9572389339,418.68997609590673,0.0,76.3229570388794
2892,4.0,4.016904953417661,0.01690495341766063,68.39562946266189,67.95803601829432,418.6873943288102,0.0,76.31631743907928
2893,4.0,4.01693720662683,0.016937206626829848,68.39056508414853,67.9587429160576,418.6904583836813,0.0,76.311279296875
2894,4.0,4.0168848271496564,0.016884827149656445,68.38565924803183,67.95689884917806,418.6854823333498,0.0,76.30481028556824
2895,4.0,4.006604354381263,0.006604354381263278,68.38101175779799,67.95657187799874,417.7088374203525,0.0,76.10434985160828
2896,4.0,4.006616462906387,0.006616462906387177,68.37607314334372,67.95671386711288,417.7099877302392,0.0,76.0990834236145
2897,4.0,4.006651588929542,0.006651588929542207,68.37047571692437,67.95719005917198,417.71332470243897,0.0,76.09352087974548
2898,4.0,4.006757416331699,0.00675741633169924,68.36439695678769,67.95780796392226,417.7233783056439,0.0,76.08876514434814
2899,4.0,4.006816007977635,0.006816007977635152,68.35799912968852,67.95600473569462,417.7289445120078,0.0,76.08275699615479
2900,4.0,4.017077843867144,0.017077843867143727,68.35150425940483,67.95590543431304,418.70381892151113,0.0,76.27036482095718
2901,4.0,4.017189164737238,0.017189164737238194,68.34524955053156,67.95635819761216,418.7143944041701,0.0,76.26549887657166
2902,4.0,4.017210794253207,0.017210794253206707,68.33966789688753,67.9571173774715,418.7164492081871,0.0,76.25968098640442
2903,4.0,4.017287800990942,0.017287800990941626,68.3344313841324,67.95795102172173,418.7237648482719,0.0,76.25529932975769
2904,4.0,4.007035706052365,0.007035706052365143,68.32950097559936,67.95625943752951,417.74981582910715,0.0,76.05520838499069
2905,4.0,4.0070727468482925,0.0070727468482925104,68.32438709429752,67.95618318389366,417.75333470472026,0.0,76.05021929740911
2906,4.0,4.007149578415333,0.007149578415332591,68.31863918556034,67.95656842807139,417.76063370358906,0.0,76.04527950286871
2907,4.0,4.007199573111051,0.007199573111051016,68.31265823322954,67.95722080599415,417.76538319968233,0.0,76.0395708084107
2908,4.0,4.007325529030196,0.007325529030196343,68.30634646680548,67.95797093565491,417.77734901200114,0.0,76.03493499755865
2909,4.0,4.017602395175016,0.017602395175016383,68.29994599739244,67.95619483139929,418.753651295759,0.0,76.2227851748467
2910,4.0,4.017742918488461,0.017742918488461434,68.29372609553016,67.95605228784645,418.7670010105363,0.0,76.21850955486303
2911,4.0,4.017844215611418,0.017844215611417802,68.28809059349555,67.95643540023882,418.77662423721716,0.0,76.2141416072846
2912,4.0,4.017883764028632,0.017883764028631788,68.28298812822162,67.95713614900241,418.7803813368525,0.0,76.20919704437262
2913,4.0,4.007691544358708,0.00769154435870778,68.2782167685522,67.95793751714781,417.8121204682097,0.0,76.01056444644934
2914,4.0,4.007748238152883,0.007748238152882614,68.27320666881869,67.95620174864825,417.81750637865633,0.0,76.00606215000158
2915,4.0,4.007897639020461,0.007897639020461256,68.26766726778489,67.9561340452372,417.83169946107625,0.0,76.0027284622193
2916,4.0,4.00799955769055,0.007999557690549608,68.26159993555115,67.95656465935569,417.8413817347347,0.0,75.99790620803839
2917,4.0,4.008155619728332,0.00815561972833212,68.25551585178341,67.95726943387336,417.856207628324,0.0,75.99409151077276
2918,4.0,4.018497075536795,0.018497075536794583,68.24916864052807,67.95806176825583,418.83864593012794,0.0,76.18307905271655
2919,4.0,4.018666861228946,0.018666861228945564,68.24312344222955,67.9563028805809,418.8547755708823,0.0,76.17954963445669
2920,4.0,4.018788392566763,0.0187883925667629,68.23766213487907,67.95618204653243,418.8663210479749,0.0,76.1757568120957
2921,4.0,4.018811986367929,0.018811986367929023,68.2327484196232,67.95657853096381,418.8685624590857,0.0,76.17071866989141
2922,4.0,4.018920984421256,0.018920984421256115,68.2281977427709,67.95724927174874,418.8789172741518,0.0,76.16770434379583
2923,4.0,4.00875205060978,0.008752050609779793,68.223692785212,67.95801553828592,417.91286856206153,0.0,75.9699634313584
2924,4.0,4.008863010325971,0.008863010325971032,68.21903749752414,67.95873770244022,417.9234097350997,0.0,75.96688222885138
2925,4.0,4.0089694341111395,0.008969434111139485,68.21370549298553,67.95689279662813,417.9335199946907,0.0,75.96296119689947
2926,4.0,4.0091163586857705,0.009116358685770543,68.20803625249656,67.9565831300012,417.9474778292807,0.0,75.95943164825445
2927,4.0,4.009283436438883,0.009283436438883186,68.20211237230272,67.95674801853518,417.9633502158264,0.0,75.95599985122686
2928,4.0,4.019694715565303,0.019694715565303333,68.19604297856756,67.95721314081581,418.9524217328363,0.0,76.14646488428122
2929,4.0,4.0198942534504685,0.01989425345046847,68.1901388968316,67.95784593312321,418.971377831927,0.0,76.14365208148962
2930,4.0,4.019965592734662,0.019965592734662252,68.18502654424965,67.95602880946305,418.9781550639254,0.0,76.13929462432867
2931,4.0,4.020071244297731,0.020071244297731106,68.18041096356569,67.95594508151339,418.9881919624169,0.0,76.13614153862005
2932,4.0,4.009916091195851,0.009916091195851351,68.1759783566378,67.9563932032434,418.0234524177383,0.0,75.93887573480612
2933,4.0,4.010040410812837,0.01004041081283713,68.17135252445163,67.95713429136224,418.035262781352,0.0,75.93607735633856
2934,4.0,4.010162044960102,0.010162044960101646,68.16623567281759,67.95798845848839,418.04681802534213,0.0,75.93268084526068
2935,4.0,4.010362018227952,0.010362018227952241,68.1607096682762,67.95624213234514,418.06581548578794,0.0,75.93031144142157
2936,4.0,4.0105742926530565,0.010574292653056538,68.15492573398699,67.95616304879864,418.08598155617284,0.0,75.92788696289068
2937,4.0,4.020997827034215,0.020997827034214822,68.14901858208255,67.9565564774038,419.0762173223829,0.0,76.11862656474119
2938,4.0,4.021136595082706,0.021136595082706044,68.14356465093199,67.9572124131909,419.08940028698953,0.0,76.11516153812414
2939,4.0,4.02132170982226,0.021321709822260004,68.13863819795769,67.95796226262132,419.1069861872472,0.0,76.11316251754766
2940,4.0,4.021437085960703,0.02143708596070315,68.13420660654798,67.9561669062388,419.1179469203993,0.0,76.11039590835577
2941,4.0,4.011274112792774,0.011274112792773572,68.13007792019832,67.95604589490408,418.15246446944593,0.0,75.9134494066239
2942,4.0,4.011349927344389,0.011349927344388888,68.1257420503529,67.95644484787184,418.1596668518494,0.0,75.91005289554602
2943,4.0,4.011587683858086,0.011587683858086173,68.120911808986,67.95712885255135,418.18225372065064,0.0,75.90916967391973
2944,4.0,4.0117807150691505,0.01178071506915046,68.11572868839744,67.95794066174146,418.20059168570174,0.0,75.90704631805426
2945,4.0,4.011983274147828,0.01198327414782785,68.11030087911726,67.9562004611722,418.2198347981761,0.0,75.90482997894293
2946,4.0,4.022416209376917,0.02241620937691735,68.10464982743345,67.95612249633807,419.2109636449396,0.0,76.095902055502
2947,4.0,4.02260735201269,0.02260735201268993,68.09939160372828,67.95654273427347,419.229122195338,0.0,76.09364259243017
2948,4.0,4.022774357226373,0.022774357226373,68.09484337797468,67.95726124044452,419.2449876906379,0.0,76.09171938896185
2949,4.0,4.022848231836146,0.022848231836145594,68.09071427453502,67.95804853598347,419.2520057785663,0.0,76.08850264549261
2950,4.0,4.023031669560312,0.023031669560311663,68.08691254103846,67.9587582248737,419.26943236236207,0.0,76.08772373199469
2951,4.0,4.012856725615203,0.012856725615202791,68.0833138664106,67.95688292824096,418.3028126875767,0.0,75.89127331972128
2952,4.0,4.012993942859393,0.012993942859393037,68.07947645943072,67.95655526668128,418.3158483257748,0.0,75.88959074020391
2953,4.0,4.013193981385645,0.013193981385644982,68.07504788619362,67.95669851977898,418.33485198576875,0.0,75.88843679428106
2954,4.0,4.013321855984213,0.01332185598421276,68.0702538704593,67.95716381639592,418.3470000726327,0.0,75.88551044464117
2955,4.0,4.0135905381663814,0.01359053816638145,68.06530355257566,67.95779221534796,418.3725248799387,0.0,75.88507175445562
2956,4.0,4.024053908839737,0.024053908839737126,68.06006640338974,67.95599366332007,419.36654509390746,0.0,76.07704895734793
2957,4.0,4.024260711504664,0.024260711504664023,68.05518673785484,67.95588818965886,419.38619134707557,0.0,76.0755039453507
2958,4.0,4.024438759001585,0.024438759001585098,68.05096543461408,67.95634951576251,419.403105859283,0.0,76.07415080070501
2959,4.0,4.0245536703484195,0.024553670348419487,68.04723394266313,67.95709690805843,419.4140224372323,0.0,76.07215142250067
2960,4.0,4.01441185699843,0.014411856998430395,68.04379183298349,67.95795580049116,418.45055016898334,0.0,75.87661242485052
2961,4.0,4.01463887768672,0.014638877686720342,68.04016781330347,67.95624536228323,418.4721171343709,0.0,75.87686192989355
2962,4.0,4.014789340054115,0.01478934005411503,68.03598400845813,67.9561718558807,418.4864110592734,0.0,75.87503981590277
2963,4.0,4.014999293165536,0.014999293165535832,68.03154678699077,67.9565589365266,418.50635660485835,0.0,75.87405896186834
2964,4.0,4.015242986756103,0.01524298675610325,68.02682761126972,67.95722777784374,418.52950749596226,0.0,75.87340068817144
2965,4.0,4.025673907195517,0.02567390719551721,68.02191882239902,67.9579922366091,419.5204449377066,0.0,76.06501770019537
2966,4.0,4.02587669505537,0.025876695055369936,68.01741306415735,67.9561996943371,419.5397097843926,0.0,76.06381058692938
2967,4.0,4.026034496094229,0.02603449609422892,68.01356476418876,67.95606762610706,419.5547008830842,0.0,76.06248831748968
2968,4.0,4.02626004367154,0.02626004367153989,68.01016762784568,67.95644267096807,419.57612790292876,0.0,76.0629501342774
2969,4.0,4.016144591090586,0.01614459109058597,68.00708943743477,67.95712534415024,418.61515990773813,0.0,75.86841788887983
2970,4.0,4.016189163155153,0.016189163155153175,68.00381927381201,67.95792143511946,418.61939425387203,0.0,75.86561167240149
2971,4.0,4.016420849779019,0.01642084977901881,68.00010238328376,67.95628064081133,418.64140448313924,0.0,75.86584138870245
2972,4.0,4.016663704252935,0.016663704252935396,67.99596298588415,67.95621956314258,418.66447565816134,0.0,75.86581015586859
2973,4.0,4.016804741115661,0.01680474111566088,67.99155519660036,67.95665016999179,418.67787416012027,0.0,75.86355590820318
2974,4.0,4.027386726426581,0.02738672642658102,67.9871875130579,67.95734112616688,419.68316276465765,0.0,76.05852682143455
2975,4.0,4.027605021003228,0.027605021003227925,67.9829922924586,67.95811614632352,419.70390074943913,0.0,76.05795586109167
2976,4.0,4.027709771849771,0.027709771849771414,67.97950705800383,67.95661575516256,419.71385207986077,0.0,76.05603468418127
2977,4.0,4.027948242736616,0.027948242736616002,67.97651746952928,67.95654012731026,419.73650681411095,0.0,76.05719280242926
2978,4.0,4.028106163954469,0.028106163954468855,67.97383775922376,67.95691031738775,419.751509329807,0.0,76.0571763515473
2979,4.0,4.017909317340556,0.017909317340556008,67.9714130471475,67.95753769635185,418.7828089014853,0.0,75.86193716526037
2980,4.0,4.018045390671643,0.018045390671643347,67.96867026031194,67.9582157581969,418.79573586793856,0.0,75.8614450693131
2981,4.0,4.018280202599986,0.018280202599986417,67.96545769123811,67.95884900413293,418.8180430011312,0.0,75.86229252815252
2982,4.0,4.018480068340168,0.018480068340167577,67.96184001858329,67.95743755299121,418.83703024644836,0.0,75.86202764511114
2983,4.0,4.0186518339168815,0.01865183391688152,67.95790145644312,67.95719751200035,418.8533479762362,0.0,75.86087369918829
2984,4.0,4.0288797770938105,0.02887977709381051,67.95394272518229,67.95732148822518,419.82500257804446,0.0,76.04951822757721
2985,4.0,4.02913119571687,0.02913119571686984,67.95014206926979,67.95769408781761,419.8488873472351,0.0,76.05001032352448
2986,4.0,4.029306945090659,0.02930694509065912,67.9471027215916,67.95817565759248,419.86558353774507,0.0,76.04992580413818
2987,4.0,4.029404014299952,0.029404014299951875,67.94447408262842,67.9569980556236,419.8748051126279,0.0,76.04881572723389
2988,4.0,4.019333861749861,0.019333861749861292,67.94219019107129,67.95698772007239,418.9181406203693,0.0,75.85620713233948
2989,4.0,4.019496373881781,0.019496373881780826,67.939657185508,67.95735439856729,418.9335792729016,0.0,75.85644602775574
2990,4.0,4.019682698777111,0.019682698777111263,67.93669693993327,67.9578984540363,418.951280137958,0.0,75.85665702819824
2991,4.0,4.019897720324141,0.019897720324141055,67.93331820298675,67.95850125634034,418.97170718492583,0.0,75.85694193840027
2992,4.0,4.020068600717614,0.020068600717613627,67.92967625758173,67.95757069328127,418.98794082230575,0.0,75.8560996055603
2993,4.0,4.020392405360772,0.020392405360771804,67.92605141075794,67.95756444349333,419.01870226340577,0.0,75.85816144943237
2994,4.0,4.030426399954634,0.030426399954634142,67.92217734206766,67.95782320848379,419.9719317498227,0.0,76.04314908385277
2995,4.0,4.03064936561077,0.030649365610769586,67.91881402847166,67.95822034835797,419.9931134871556,0.0,76.04359018802643
2996,4.0,4.030785113856269,0.030785113856269142,67.91599251297531,67.9586658151749,420.006009570478,0.0,76.04299211502075
2997,4.0,4.020637592172695,0.020637592172694674,67.91373476923039,67.95779834213181,419.04199501053847,0.0,75.84903195500374
2998,4.0,4.020832020127995,0.020832020127994788,67.91131583027021,67.95776848039932,419.060465666292,0.0,75.84999811649323
2999,4.0,4.021096161088537,0.02109616108853718,67.90853670471616,67.95798468417915,419.0855590575435,0.0,75.85187673568726
3000,4.0,4.021253801188792,0.021253801188792387,67.90536295076573,67.95834668724225,419.1005348670677,0.0,75.85130524635315
3001,4.0,4.021502773469111,0.021502773469110892,67.9020956537172,67.95876096685028,419.12418723369797,0.0,75.85235166549683
3002,4.0,4.021683291458648,0.02168329145864778,67.89858167934256,67.9580938597306,419.141336442704,0.0,75.85183095932007
3003,4.0,4.021983182935699,0.02198318293569912,67.8951058229507,67.9580948785278,419.1698261330239,0.0,75.85360383987427
3004,4.0,4.022273568433485,0.02227356843348538,67.8915839486814,67.95830638237054,419.19741275531356,0.0,75.85514545440674
3005,4.0,4.022596020689525,0.02259602068952482,67.8880612321068,67.95862070223669,419.2280457196373,0.0,75.85729026794434
3006,4.0,4.022850552502971,0.02285055250297141,67.88454503521879,67.95896660010109,419.25222624191474,0.0,75.85816097259521
3007,4.0,4.022694211193148,0.02269421119314785,67.88109692601579,67.95923570211238,419.2373738174815,0.0,75.85135990381241
3008,4.0,4.022886023403505,0.02288602340350465,67.87764970264577,67.95864248544294,419.2555959774654,0.0,75.85112452507019
3009,4.0,4.023104314960224,0.023104314960224137,67.87428052617621,67.95854203015746,419.2763336753537,0.0,75.85147523880005
3010,4.0,4.023409068386663,0.023409068386662568,67.87089443528043,67.95858936938006,419.3052852508654,0.0,75.85343670845032
3011,4.0,4.023794414434172,0.023794414434171962,67.86760344446924,67.95874556051837,419.3418931253788,0.0,75.85702323913574
3012,4.0,4.023989171224729,0.023989171224728878,67.86430848645719,67.95895161857496,419.3603950204817,0.0,75.85701179504395
3013,4.0,4.024311108783495,0.024311108783495072,67.86114194440232,67.95850471422283,419.3909790885645,0.0,75.85954093933105
3014,4.0,4.024583389689823,0.02458338968982332,67.85798654418936,67.95849602487267,419.41684577466566,0.0,75.86114597320557
3015,4.0,4.024800752375578,0.024800752375577773,67.85486348407008,67.95864487102338,419.4374952298123,0.0,75.86175155639648
3016,4.0,4.014678379220661,0.014678379220661064,67.85187031225445,67.95887386880891,418.47586978009525,0.0,75.6676213145256
3017,4.0,4.014874218590364,0.014874218590364308,67.84849555961037,67.95912726212927,418.49447452021707,0.0,75.66754877567291
3018,4.0,4.015175341172035,0.015175341172034784,67.84453319650589,67.95880568022788,418.5230811654758,0.0,75.66880464553833
3019,4.0,4.015574805685053,0.015574805685052873,67.84005535327624,67.95882913539964,418.56103029421246,0.0,75.67133808135986
3020,4.0,4.016030664297909,0.016030664297908892,67.83541660156952,67.95894168724101,418.6043368624338,0.0,75.67475366592407
3021,4.0,4.016410721129676,0.016410721129675565,67.83053923991291,67.95907615459247,418.64044226145165,0.0,75.67647361755371
3022,4.0,4.026554749745534,0.026554749745534068,67.82570149883924,67.95920928589467,419.6041249799582,0.0,75.86219459027052
3023,4.0,4.026852828853774,0.026852828853773936,67.8211456717859,67.95893073327737,419.632442495241,0.0,75.86271452903748
3024,4.0,4.0272135364329396,0.027213536432939556,67.817354112738,67.95892658005157,419.66670971526173,0.0,75.86526846885681
3025,4.0,4.017139976713494,0.01713997671349432,67.81396771403139,67.95899504614249,418.7097215419144,0.0,75.67172241210938
3026,4.0,4.017421142091072,0.01742114209107193,67.81057125277835,67.9591169513069,418.7364322527843,0.0,75.67322850227356
3027,4.0,4.0177523055405,0.017752305540500224,67.80677409330528,67.95924924044688,418.76789278048,0.0,75.67522859573364
3028,4.0,4.018062223619199,0.01806222361919918,67.80260380330928,67.95937575081153,418.7973349979564,0.0,75.67641139030457
3029,4.0,4.0183623629676966,0.018362362967696555,67.79833599433398,67.95920013758717,418.8258482360636,0.0,75.67730045318604
3030,4.0,4.018693941416137,0.018693941416136894,67.79399487278451,67.95918207163122,418.85734818866547,0.0,75.67869901657104
3031,4.0,4.018990488847687,0.01899048884768728,67.7895559666608,67.95921299308849,418.8855201946628,0.0,75.67932796478271
3032,4.0,4.019543685704668,0.0195436857046678,67.78516576324014,67.95924435056337,418.9380738960759,0.0,75.68484306335449
3033,4.0,4.019935418140607,0.019935418140606842,67.78074664110082,67.95929665724094,418.9752884774901,0.0,75.68728446960449
3034,4.0,4.020391384355891,0.020391384355891162,67.77653669576021,67.95916422809844,419.0186052679421,0.0,75.6911678314209
3035,4.0,4.010469730687868,0.01046973068786805,67.77223924081018,67.95916354182177,418.0760481694799,0.0,75.49958723783493
3036,4.0,4.010904868370461,0.010904868370460896,67.76769468855566,67.95921996211212,418.1173862493262,0.0,75.50271570682526
3037,4.0,4.0114078847888655,0.011407884788865452,67.76252093483787,67.95929562038445,418.1651728090747,0.0,75.50641965866089
3038,4.0,4.011886255139363,0.01188625513936259,67.75699892788975,67.95939217300251,418.2106179923719,0.0,75.50927019119263
3039,4.0,4.012371718511419,0.01237171851141916,67.75127504053286,67.9593438197285,418.2567370127173,0.0,75.51202774047852
3040,4.0,4.012922048793717,0.012922048793717167,67.74537845665796,67.95935969611732,418.3090183895356,0.0,75.51581192016602
3041,4.0,4.013410209184427,0.013410209184426591,67.73942972248719,67.95939129696028,418.355393626653,0.0,75.51836633682251
3042,4.0,4.013917659520428,0.013917659520427783,67.73357560849614,67.95941571482058,418.4036014085731,0.0,75.52138757705688
3043,4.0,4.014425086271876,0.014425086271875998,67.72776057458927,67.95944380092712,418.45180694996066,0.0,75.52445030212402
3044,4.0,4.004539322107605,0.004539322107604882,67.72194981531104,67.95941320603983,417.5126593543549,0.0,75.33200305700302
3045,4.0,4.005063537339255,0.005063537339254687,67.71591630931852,67.95941142328059,417.5624598013616,0.0,75.33515202999115
3046,4.0,4.005628024401061,0.00562802440106136,67.70920894342767,67.95942432538382,417.6160860722333,0.0,75.33830690383911
3047,4.0,4.006165296865206,0.006165296865206393,67.70214956761868,67.95943907094399,417.6671269563271,0.0,75.34055614471436
3048,4.0,4.0067393739070605,0.006739373907060475,67.69495910085743,67.95945972144321,417.7216642753032,0.0,75.34334945678711
3049,4.0,4.007340701408542,0.0073407014085420386,67.68763468231641,67.9594722448529,417.77879038794396,0.0,75.34650373458862
3050,4.0,4.007948212036632,0.007948212036631652,67.68026115958024,67.95946173804073,417.8365038976125,0.0,75.34971714019775
3051,4.0,4.018056772149532,0.018056772149532385,67.67296800192598,67.95947298582564,418.796817108338,0.0,75.53161871433258
3052,4.0,4.018661553381912,0.018661553381911666,67.66615814222578,67.95947463630372,418.85427132541406,0.0,75.5353856086731
3053,4.0,4.0087873398449325,0.008787339844932518,67.66003497465768,67.95947792295757,417.916221039401,0.0,75.34296989440918
3054,4.0,4.009268250957054,0.009268250957053858,67.65404937366846,67.95947970527664,417.9619075950526,0.0,75.34534227848053
3055,4.0,4.00977978340776,0.009779783407759979,67.64787653271236,67.95947068035893,418.0105031778697,0.0,75.34807991981506
3056,4.0,4.010396535418759,0.010396535418759179,67.64152384682247,67.95945441666265,418.06909461891456,0.0,75.35259246826172
3057,4.0,4.010940891336479,0.01094089133647902,67.63506416340516,67.95944616006746,418.12080843109794,0.0,75.35562348365784
3058,4.0,4.011459238525519,0.011459238525518778,67.62865272890035,67.95944655420287,418.17005141405673,0.0,75.35821771621704
3059,4.0,4.012032925083732,0.012032925083731882,67.62238822312872,67.95945139752297,418.22455163708696,0.0,75.36201333999634
3060,4.0,4.012629302176868,0.012629302176867974,67.61609908621692,67.95946041732346,418.2812074609349,0.0,75.36620569229126
3061,4.0,4.013166629891433,0.013166629891433246,67.60994685490388,67.95946497808723,418.3322535938186,0.0,75.3694396018982
3062,4.0,4.013690376833063,0.013690376833062956,67.60397326543406,67.95946545117908,418.38200955327346,0.0,75.37261581420898
3063,4.0,4.004108888990537,0.004108888990536741,67.59815397728052,67.95947556408308,417.47176820823347,0.0,75.1862136721611
3064,4.0,4.004751179468167,0.004751179468167166,67.59205640936854,67.9594812185878,417.53278580360836,0.0,75.19149100780487
3065,4.0,4.0053318777880245,0.005331877788024464,67.58540400943203,67.95948111337246,417.58795214399476,0.0,75.19499254226685
3066,4.0,4.005891442051833,0.005891442051832563,67.57851452748748,67.95948882530092,417.64111074905657,0.0,75.19783139228821
3067,4.0,4.006500057115873,0.00650005711587287,67.57147023922633,67.95948001276349,417.6989291801404,0.0,75.20141649246216
3068,4.0,4.007177596884742,0.007177596884742066,67.56438168962943,67.95947743785642,417.76329545818294,0.0,75.20624351501465
3069,4.0,4.0078869360407765,0.007886936040776504,67.557334742334,67.95947110162639,417.8306826780062,0.0,75.2117109298706
3070,4.0,4.0084843355317075,0.008484335531707465,67.55032837120201,67.95947335584655,417.88743562964464,0.0,75.21512031555176
3071,4.0,4.009105580312402,0.009105580312401607,67.54354749605803,67.95947172958206,417.9464538838106,0.0,75.21922588348389
3072,4.0,4.0097293070598425,0.00972930705984254,67.53688874416105,67.95946232438264,418.0057079248175,0.0,75.22351169586182
3073,4.0,4.0003883679926915,0.00038836799269148514,67.53037054671043,67.95946612421902,417.11831871343816,0.0,75.04103022813797
3074,4.0,4.001082846786684,0.0010828467866836888,67.52363597865636,67.95946582726776,417.1842941988674,0.0,75.0465726852417
3075,4.0,4.001842078342922,0.001842078342922271,67.51637411843242,67.95946480000283,417.25642119671005,0.0,75.05274081230164
3076,4.0,4.002466843149748,0.002466843149748321,67.50888305358279,67.95947498753817,417.31577385335856,0.0,75.0561294555664
3077,4.0,4.00315103662705,0.0031510366270497414,67.50130239807204,67.95947382479056,417.3807722337022,0.0,75.06053018569946
3078,4.0,4.003838798064139,0.003838798064139226,67.4937032029133,67.95947374177422,417.4461095702257,0.0,75.06497430801392
3079,4.0,4.00460825566169,0.004608255661690208,67.48610329053142,67.95947729748964,417.519208041993,0.0,75.07094621658325
3080,4.0,4.005369813572297,0.0053698135722966,67.47865909882837,67.95947384084693,417.59155604350065,0.0,75.07694005966187
3081,4.0,4.006126873170876,0.006126873170876124,67.47133849017824,67.95947088175237,417.66347670536567,0.0,75.08298397064209
3082,4.0,4.0069016563680275,0.006901656368027531,67.46418706587582,67.95947451099731,417.7370811090951,0.0,75.08954524993896
3083,4.0,4.00753711505357,0.0075371150535703535,67.4572033096563,67.95946854964104,417.79744968422165,0.0,75.09367942810059
3084,4.0,4.00821537577573,0.008215375775730394,67.45042399730832,67.95946840817798,417.86188445282687,0.0,75.09884071350098
3085,4.0,4.0089018317319445,0.008901831731944476,67.44386365665558,67.95946952413806,417.9270977686672,0.0,75.10439682006836
3086,4.0,3.99940723841742,-0.0005927615825798149,67.43743456912757,67.95946151705522,417.90670145147703,0.0,74.9193788766861
3087,4.0,4.000120353711512,0.00012035371151242202,67.43120137011607,67.9594632563489,417.9744474044158,0.0,74.92581140995026
3088,4.0,4.000793979177639,0.0007939791776392369,67.42508337848427,67.95946543676341,418.03844182369784,0.0,74.93162989616394
3089,4.0,4.001507974983969,0.0015079749839692624,67.41908144238575,67.95947144545465,418.1062714252992,0.0,74.93833112716675
3090,4.0,4.002285916199587,0.002285916199586957,67.41325891643883,67.95946890634085,418.18017584078285,0.0,74.94642686843872
3091,4.0,4.0029980604017545,0.002998060401754543,67.40759290271896,67.9594700760393,418.2478295399888,0.0,74.95346212387085
3092,4.0,4.003663852715481,0.0036638527154808642,67.402133844674,67.9594702207654,418.3110798097928,0.0,74.95985746383667
3093,4.0,4.004237324772785,0.004237324772785378,67.3968517785393,67.9594655193538,418.3655596552367,0.0,74.96471929550171
3094,4.0,4.004842887690824,0.0048428876908239715,67.39178775543003,67.9594660855457,418.4230881324504,0.0,74.97042274475098
3095,4.0,4.005453842459606,0.0054538424596062285,67.38689297958773,67.95946079114198,418.4811288354847,0.0,74.97641372680664
3096,4.0,4.006050832054141,0.006050832054141253,67.38215831780667,67.95946546407039,418.53784284696553,0.0,74.98231983184814
3097,4.0,4.006677930429835,0.0066779304298352216,67.3775965383933,67.95947159364138,418.59741719265645,0.0,74.98898029327393
3098,4.0,4.007312280544059,0.007312280544058858,67.37318071304107,67.95947006822617,418.6576804535077,0.0,74.99593734741211
3099,4.0,4.007954157728634,0.007954157728634392,67.36894043255893,67.95947058580002,418.7186587860424,0.0,75.00322914123535
3100,4.0,4.008598821922644,0.008598821922643829,67.36488420701394,67.95946916661686,418.7799018844733,0.0,75.01077651977539
3101,4.0,4.009226514420287,0.009226514420286769,67.36098598531161,67.95946606044907,418.83953267174934,0.0,75.01818084716797
3102,4.0,4.000024449510589,2.444951058944156e-05,67.35727354887158,67.95946770221254,417.96533650532814,0.0,74.84187251329422
3103,4.0,4.0006823768940105,0.0006823768940105168,67.35336197632176,67.95946311299906,418.0278396067531,0.0,74.84983563423157
3104,4.0,4.0014057332159485,0.0014057332159485014,67.3489347816144,67.95946633575483,418.0965584573372,0.0,74.85844826698303
3105,4.0,4.002159259159955,0.0021592591599546296,67.34422155865936,67.95946566806927,418.1681434220178,0.0,74.86730551719666
3106,4.0,4.002801101759907,0.0028011017599069987,67.33940745400609,67.95946962403231,418.22911846901326,0.0,74.8739595413208
3107,4.0,4.003455092464983,0.0034550924649829895,67.33458030903408,67.95947127272532,418.2912475859955,0.0,74.88082456588745
3108,4.0,4.004065614915866,0.004065614915866433,67.32980144125916,67.95947627925561,418.3492472188294,0.0,74.88692855834961
3109,4.0,4.004702124920143,0.0047021249201426585,67.32510066315973,67.959473826504,418.40971566923565,0.0,74.8936038017273
3110,4.0,4.005319690423945,0.005319690423944756,67.32049007275553,67.95946714712073,418.4683843920969,0.0,74.90002346038818
3111,4.0,4.005939200230893,0.005939200230892894,67.31600549760897,67.95946487277999,418.52723782375693,0.0,74.90661811828613
3112,4.0,4.006558417468193,0.0065584174681934115,67.31165233225364,67.95946869651557,418.5860634613005,0.0,74.91335201263428
3113,4.0,4.007177166877654,0.007177166877654351,67.30744888043228,67.95946573534606,418.6448446551993,0.0,74.92024230957031
3114,4.0,4.007824564619129,0.007824564619128616,67.30340296977192,67.95945919986363,418.7063474406393,0.0,74.92784214019775
3115,4.0,4.008447635386483,0.008447635386483299,67.29951242094285,67.95945729944866,418.76553916353805,0.0,74.93515872955322
3116,4.0,4.0090700087737146,0.009070008773714555,67.29577523140124,67.95946412895285,418.824664635325,0.0,74.94263172149658
3117,4.0,4.009682069328738,0.009682069328738052,67.29221056349223,67.95946736089192,418.88281038805223,0.0,74.95010280609131
3118,4.0,4.010295504176804,0.010295504176803583,67.28879000850691,67.95947676715065,418.94108669861845,0.0,74.95775890350342
3119,4.0,4.010936170054575,0.010936170054574923,67.28554110982273,67.95947323402667,419.00194995700673,0.0,74.96611404418945
3120,4.0,4.011550060502372,0.011550060502371728,67.28245391360522,67.95948183132852,419.06026954954746,0.0,74.97414779663086
3121,4.0,4.012160867439726,0.012160867439725997,67.27952205371537,67.9594774990581,419.11829620859606,0.0,74.98229598999023
3122,4.0,4.0127695123654625,0.012769512365462532,67.27675053673431,67.95947820480525,419.17611747654104,0.0,74.99058151245117
3123,4.0,4.013397489187361,0.013397489187361167,67.2741502576339,67.95947104677447,419.2357752746214,0.0,74.99941825866699
3124,4.0,4.0140261751406605,0.014026175140660513,67.27169628433796,67.95946883363474,419.29550044018487,0.0,75.00843048095703
3125,4.0,4.014623274408985,0.014623274408984699,67.2694063305504,67.95946916759942,419.3522248706757,0.0,75.01703453063965
3126,4.0,4.015213629305311,0.015213629305311116,67.26727792977535,67.95945933638701,419.40830858582666,0.0,75.02569198608398
3127,4.0,4.0158229573162565,0.015822957316256492,67.26530598303104,67.95945544722068,419.4661947468665,0.0,75.03487777709961
3128,4.0,4.01637663196781,0.016376631967809807,67.26348709217976,67.95946637205743,419.51879383876405,0.0,75.04319381713867
3129,4.0,4.016974286379358,0.016974286379357828,67.26182799438126,67.9594707024157,419.57557100786113,0.0,75.05250930786133
3130,4.0,4.007839838044273,0.007839838044272796,67.26031002820747,67.95946992608044,418.707798416028,0.0,74.88015279173851
3131,4.0,4.00842016646799,0.00842016646798971,67.25858006218645,67.95947130314208,418.76292961628116,0.0,74.88906908035278
3132,4.0,4.009061199756398,0.009061199756398075,67.256320837118,67.95947252369191,418.8238277786799,0.0,74.89852952957153
3133,4.0,4.009671572082455,0.009671572082455171,67.2537758142461,67.9594651282157,418.88181314965533,0.0,74.90709805488586
3134,4.0,4.010349990225055,0.010349990225054562,67.2510741268315,67.95946437513277,418.9462628732023,0.0,74.91676235198975
3135,4.0,4.011005676455617,0.011005676455616786,67.24832928167552,67.95946979593717,419.00855306510573,0.0,74.92595291137695
3136,4.0,4.011665245685552,0.011665245685551717,67.24560111910661,67.9594703730155,419.0712121419495,0.0,74.93523359298706
3137,4.0,4.012346976880337,0.012346976880336591,67.24294695969483,67.95947624998105,419.1359766054541,0.0,74.94500970840454
3138,4.0,4.012973300777635,0.012973300777635366,67.24038623684964,67.95947199837188,419.19547737569746,0.0,74.95385408401489
3139,4.0,4.013648957891724,0.013648957891724045,67.23794293404495,67.9594793253403,419.2596648015359,0.0,74.96374988555908
3140,4.0,4.014289667067784,0.014289667067783896,67.2356320871861,67.95947099976568,419.3205321732616,0.0,74.97313976287842
3141,4.0,4.014921713555048,0.014921713555048122,67.23346105623091,67.95946969353186,419.3805765895517,0.0,74.98252296447754
3142,4.0,4.015573122382267,0.015573122382266824,67.231434205132,67.95947130161683,419.44246042813745,0.0,74.99242782592773
3143,4.0,4.016163356692558,0.016163356692557862,67.22956096040281,67.95947228286391,419.4985326876151,0.0,75.00136089324951
3144,4.0,4.016801055049646,0.016801055049645797,67.22784346871642,67.95946639302987,419.55911403153846,0.0,75.01135349273682
3145,4.0,4.0174016192533815,0.017401619253381462,67.22627276375906,67.95946399199036,419.61616763089336,0.0,75.0208158493042
3146,4.0,4.01799646262358,0.017996462623579568,67.22485121972342,67.95945989552274,419.67267775106217,0.0,75.0303373336792
3147,4.0,4.018605965372736,0.0186059653727364,67.22358726457257,67.9594613221944,419.73058051223205,0.0,75.04030799865723
3148,4.0,4.019156801496925,0.019156801496924558,67.2224669344187,67.95946347633327,419.78290994402994,0.0,75.04934310913086
3149,4.0,4.01974369665486,0.019743696654860088,67.22149379554243,67.95946209075422,419.8386649840338,0.0,75.0592155456543
3150,4.0,4.0202975200410895,0.020297520041089534,67.2206622950144,67.95947426999699,419.8912782057256,0.0,75.06862831115723
3151,4.0,4.020838751297416,0.020838751297415747,67.21998176694765,67.95948071812435,419.9426951750766,0.0,75.07797431945801
3152,4.0,4.021394195713027,0.02139419571302703,67.21945485630643,67.9594754822279,419.9954623945597,0.0,75.0877571105957
3153,4.0,4.0218902402963135,0.02189024029631348,67.21906892845449,67.95948326269908,420.0425866299719,0.0,75.09658813476562
3154,4.0,4.022429281423796,0.022429281423796077,67.21881639583383,67.9594829009503,420.09379553708277,0.0,75.10637092590332
3155,4.0,4.022934171353262,0.02293417135326159,67.21869419627441,67.95948029068688,420.14176008038197,0.0,75.11566162109375
3156,4.0,4.02343214477255,0.023432144772550068,67.21870464612067,67.95947554896274,420.18906755521436,0.0,75.12497138977051
3157,4.0,4.023946661277562,0.023946661277562065,67.21884486929122,67.9594725712275,420.2379466231905,0.0,75.13473510742188
3158,4.0,4.025398972026571,0.025398972026571265,67.21911648699968,67.95947190342308,420.3759161443464,0.0,75.1621562242508
3159,4.0,4.025901296892283,0.025901296892283376,67.2195424428822,67.95946102988327,420.42363700658905,0.0,75.1720119714737
3160,4.0,4.026365300446663,0.026365300446663298,67.22016520079036,67.9594577064302,420.4677173442551,0.0,75.18137240409851
3161,4.0,4.026815476023006,0.026815476023005935,67.2209584353357,67.9594581063679,420.51048402400767,0.0,75.19066548347473
3162,4.0,4.027283611082683,0.027283611082682846,67.22189565554943,67.95945839775558,420.55495685467696,0.0,75.20045518875122
3163,4.0,4.027691264054922,0.027691264054921838,67.22298139714121,67.95946340938531,420.5936838870397,0.0,75.20928192138672
3164,4.0,4.028142119547143,0.02814211954714274,67.22418034115532,67.95947043658117,420.63651515880065,0.0,75.21904230117798
3165,4.0,4.028559841344304,0.028559841344304004,67.22548663934668,67.95947535733578,420.676198729531,0.0,75.22830438613892
3166,4.0,4.028967691459998,0.028967691459998335,67.2269134991723,67.95947402008547,420.71494449052193,0.0,75.23751735687256
3167,4.0,4.029393476808177,0.02939347680817672,67.22845875853048,67.9594799647498,420.7553940985989,0.0,75.2471981048584
3168,4.0,4.029764434871789,0.02976443487178937,67.23011158154196,67.9594805310967,420.7906351146421,0.0,75.2559757232666
3169,4.0,4.030179815119379,0.030179815119378617,67.23187407366704,67.95947623510281,420.8300962381631,0.0,75.2657060623169
3170,4.0,4.030559945494371,0.03055994549437102,67.23374378974816,67.95947373877286,420.8662086237874,0.0,75.27489852905273
3171,4.0,4.030938699399036,0.030938699399036373,67.23571532243996,67.9594621418007,420.90219024473055,0.0,75.2841796875
3172,4.0,4.0313441799473075,0.03134417994730754,67.23778406043292,67.95945731844267,420.9407108968163,0.0,75.29406929016113
3173,4.0,4.031690190607793,0.03169019060779288,67.23995943990901,67.9594621108345,420.9735819095624,0.0,75.30296802520752
3174,4.0,4.032084839335026,0.032084839335025706,67.24222844043689,67.95946119983397,421.01107353864955,0.0,75.31288051605225
3175,4.0,4.03244608961225,0.03244608961225026,67.24459503964742,67.95947171564902,421.04539231498586,0.0,75.32227897644043
3176,4.0,4.032799393312222,0.0327993933122217,67.24705881973384,67.95947761570481,421.0789561664832,0.0,75.33163833618164
3177,4.0,4.0331692544221776,0.03316925442217755,67.24961893468631,67.95947518237278,421.114092971929,0.0,75.34141540527344
3178,4.0,4.033486284519117,0.033486284519116616,67.25226955988003,67.95947333999383,421.1442108311382,0.0,75.35030746459961
3179,4.0,4.033846010427089,0.03384601042708901,67.25501306150774,67.95947205863932,421.17838479239555,0.0,75.3601016998291
3180,4.0,4.0341740253011675,0.03417402530116753,67.25785073188808,67.95946500244382,421.209546205433,0.0,75.36940956115723
3181,4.0,4.034499051952312,0.034499051952312065,67.26076839349477,67.95947616664769,421.24042373729174,0.0,75.37875175476074
3182,4.0,4.034848355370871,0.03484835537087072,67.26378120026226,67.95947495645652,421.27360756205485,0.0,75.3886547088623
3183,4.0,4.035128212981909,0.035128212981908824,67.26687911593942,67.95947386090118,421.30019403510346,0.0,75.3973560333252
3184,4.0,4.035458155047883,0.03545815504788319,67.27005713125726,67.9594660591838,421.331538531371,0.0,75.40708351135254
3185,4.0,4.035760001185486,0.03576000118548617,67.27332355306895,67.95947131855985,421.3602139144433,0.0,75.41638565063477
3186,4.0,4.036053873427805,0.03605387342780464,67.27667306529104,67.9594698867815,421.38813177746357,0.0,75.42563247680664
3187,4.0,4.036366457930151,0.03636645793015081,67.28010144912618,67.95946339803378,421.41782730518645,0.0,75.43531799316406
3188,4.0,4.036627081794837,0.03662708179483687,67.28360951571185,67.95946794148506,421.4425865723316,0.0,75.44412231445312
3189,4.0,4.036937247616,0.0369372476159997,67.28717244064545,67.95947558329306,421.4720523253421,0.0,75.45391464233398
3190,4.0,4.0372108394411965,0.03721083944119652,67.29082057607171,67.95947147028915,421.4980435487358,0.0,75.46311950683594
3191,4.0,4.037483943241437,0.03748394324143689,67.29454267759475,67.95947366006936,421.5239884097586,0.0,75.47239875793457
3192,4.0,4.037727372293336,0.037727372293336,67.29833713298044,67.95946820036964,421.54711416968905,0.0,75.48120498657227
3193,4.0,4.0378313232318375,0.037831323231837466,67.30221293716599,67.95945987247242,421.5569895088467,0.0,75.48749542236328
3194,4.0,4.037932433844787,0.03793243384478728,67.30614608855852,67.95945424554773,421.5665950170769,0.0,75.4937973022461
3195,4.0,4.0380298945144695,0.038029894514469476,67.31013988403006,67.95945064433006,421.5758537806967,0.0,75.5000991821289
3196,4.0,4.038098120015606,0.038098120015606085,67.31417872131135,67.95944828103674,421.5823352033047,0.0,75.50590515136719
3197,4.0,4.038189083083387,0.03818908308338731,67.31825667127023,67.95944670551057,421.5909766947439,0.0,75.51218032836914
3198,4.0,4.038278889526561,0.03827888952656089,67.32236732239403,67.95944580521078,421.5995083068454,0.0,75.51847076416016
3199,4.0,4.038367668489543,0.03836766848954287,67.32651192358342,67.95945885687912,421.6079423083287,0.0,75.5247802734375
3200,4.0,4.038454306875244,0.03845430687524409,67.33067842892713,67.95945840672971,421.6161729549703,0.0,75.53107452392578
3201,4.0,4.038513118384602,0.0385131183846017,67.33488025661869,67.95946530566981,421.62176004835925,0.0,75.5368881225586
3202,4.0,4.038600416207197,0.03860041620719734,67.33911024611743,67.95947509889214,421.63005334150586,0.0,75.54326629638672
3203,4.0,4.0386881062183795,0.03868810621837948,67.34334711453643,67.95948414303248,421.6383838925682,0.0,75.5496597290039
3204,4.0,4.038774986915406,0.03877498691540637,67.34760409502195,67.95947781080443,421.6466375587857,0.0,75.55606079101562
3205,4.0,4.038859911503211,0.03885991150321111,67.35189351235861,67.95948089859657,421.6547053946272,0.0,75.56246185302734
3206,4.0,4.038917265162387,0.038917265162386805,67.3562073252082,67.95947668507513,421.66015399224887,0.0,75.56837463378906
3207,4.0,4.038998821638994,0.0389988216389936,67.36053558191645,67.95947001541427,421.6679018575265,0.0,75.57475662231445
3208,4.0,4.039079421498406,0.03907942149840604,67.36489321859486,67.95947602640227,421.67555884417067,0.0,75.5811538696289
3209,4.0,4.039158417784247,0.03915841778424678,67.36928082736105,67.95946979147534,421.6830634913256,0.0,75.58755493164062
3210,4.0,4.039235984608405,0.03923598460840516,67.3736921076503,67.9594710629132,421.6904323396206,0.0,75.59395599365234
3211,4.0,4.039285764053626,0.03928576405362616,67.37812475266533,67.95946713776719,421.6951613869166,0.0,75.59986114501953
3212,4.0,4.039359654715583,0.039359654715583225,67.3825902483687,67.95947035184358,421.7021809998025,0.0,75.60625457763672
3213,4.0,4.039433162969475,0.03943316296947508,67.38706196015133,67.9594706913216,421.70916428392223,0.0,75.6126480102539
3214,4.0,4.0395087550328626,0.03950875503286255,67.39156673775408,67.95946801561932,421.7163455299441,0.0,75.6191177368164
3215,4.0,4.039578541514063,0.03957854151406259,67.39609001616009,67.95946735276766,421.72297524565806,0.0,75.6254997253418
3216,4.0,4.039621214613155,0.039621214613155153,67.40063377858203,67.95946490813027,421.72702919007185,0.0,75.63139724731445
3217,4.0,4.0396911093158225,0.03969110931582254,67.40518556413387,67.95947004898505,421.73366918682524,0.0,75.63781356811523
3218,4.0,4.039758482881193,0.03975848288119277,67.40975546525891,67.95947032779794,421.74006967553544,0.0,75.64420318603516
3219,4.0,4.03982555144828,0.03982555144828037,67.41434730050514,67.95947106900859,421.74644118940876,0.0,75.6506118774414
3220,4.0,4.0398900408073635,0.03989004080736347,67.41896162994551,67.95947443101778,421.75256767852164,0.0,75.65699768066406
3221,4.0,4.039926914759898,0.0399269147598984,67.42359818476334,67.95946531340164,421.7560707040125,0.0,75.66289138793945
3222,4.0,4.03998756327153,0.03998756327152986,67.42825256056456,67.95946559056534,421.76183231261746,0.0,75.66925048828125
3223,4.0,4.040043942605487,0.040043942605486826,67.43292366686113,67.95946842353607,421.76718834934337,0.0,75.6755485534668
3224,4.0,4.040099334028817,0.04009933402881671,67.4376247296611,67.95946595256969,421.7724505345597,0.0,75.6818618774414
3225,4.0,4.040151115033341,0.0401511150333409,67.44234514305468,67.95947037271424,421.7773697299895,0.0,75.68812942504883
3226,4.0,4.04017852887922,0.04017852887921958,67.44707113072981,67.95947424521272,421.77997404534796,0.0,75.6939468383789
3227,4.0,4.040228646775706,0.04022864677570581,67.4518292933163,67.95946453370759,421.7847352455142,0.0,75.70022583007812
3228,4.0,4.0402795894861905,0.04027958948619048,67.45659396074598,67.95946441684555,421.7895748030102,0.0,75.70652770996094
3229,4.0,4.040333594658494,0.0403335946584944,67.46136175744134,67.95946544983705,421.79470529437907,0.0,75.712890625
3230,4.0,4.040381673986358,0.04038167398635828,67.46614680225312,67.95946951177126,421.79927283052615,0.0,75.71916198730469
3231,4.0,4.0404058538962095,0.04040585389620954,67.47095695240506,67.95946741578452,421.801569921962,0.0,75.72501373291016
3232,4.0,4.040458767655349,0.04045876765534917,67.47577662323873,67.9594689776658,421.8065967290803,0.0,75.73141479492188
3233,4.0,4.040509846236188,0.04050984623618792,67.48062681716895,67.95947097085991,421.81144919426,0.0,75.7378158569336
3234,4.0,4.040559728030676,0.04055972803067576,67.4854764846263,67.95946603379811,421.8161879647363,0.0,75.74419403076172
3235,4.0,4.040611669003888,0.04061166900388802,67.49034601741718,67.95945899677875,421.8211223571915,0.0,75.7506332397461
3236,4.0,4.0406339510151446,0.040633951015144554,67.49523503347547,67.95945621266337,421.8232391482608,0.0,75.75653839111328
3237,4.0,4.040680821739915,0.040680821739915274,67.50014826659462,67.95947097616067,421.8276918671141,0.0,75.76293182373047
3238,4.0,4.0397358711882685,0.03973587118826849,67.50507241489196,67.9594752010978,421.7379215647076,0.0,75.75073958933353
3239,4.0,4.039787612442883,0.03978761244288265,67.50997246476246,67.95946877124736,421.742836983896,0.0,75.75720846652985
3240,4.0,4.039838718202861,0.03983871820286122,67.51482502118607,67.9594745841558,421.74769203109395,0.0,75.76361227035522
3241,4.0,4.039864730069166,0.03986473006916569,67.51964825005241,67.95947587174024,421.75016315839287,0.0,75.76951265335083
3242,4.0,4.039790888607881,0.0397908886078806,67.52443904424865,67.9594711205403,421.7431482195708,0.0,75.77350378036499
3243,4.0,4.0396618488162,0.03966184881620016,67.52921787159315,67.95946376054968,421.73088943936114,0.0,75.7764458656311
3244,4.0,4.039558318502159,0.039558318502159295,67.5339857096154,67.9594683530306,421.72105405952726,0.0,75.77985382080078
3245,4.0,4.039456760587129,0.03945676058712877,67.53873441276305,67.95946932918719,421.71140605759933,0.0,75.78327703475952
3246,4.0,4.03930246022924,0.03930246022923978,67.54347198792301,67.9594685785288,421.69674752359987,0.0,75.78569793701172
3247,4.0,4.0392010534773135,0.03920105347731351,67.54819107821146,67.95946565544489,421.6871138821669,0.0,75.78909015655518
3248,4.0,4.039074087622101,0.03907408762210096,67.55288907573576,67.95946858270298,421.6750521259217,0.0,75.79197883605957
3249,4.0,4.0389765572485254,0.038976557248525445,67.55755828177472,67.95946984871348,421.66578674043205,0.0,75.7953872680664
3250,4.0,4.038885254364568,0.038885254364568134,67.56219919410556,67.95947168068116,421.6571129664561,0.0,75.7988805770874
3251,4.0,4.038743834483872,0.03874383448387242,67.56682358339249,67.95946311187905,421.64367807779,0.0,75.8014144897461
3252,4.0,4.038654827465238,0.03865482746523785,67.57142570998361,67.95946637751638,421.6352224110197,0.0,75.80490684509277
3253,4.0,4.0385404788419486,0.038540478841948556,67.57601001476608,67.95946655635726,421.62435929180725,0.0,75.80790328979492
3254,4.0,4.038454552358307,0.0384545523583073,67.58055932477411,67.9594658872951,421.6161962758613,0.0,75.81139373779297
3255,4.0,4.038370199203619,0.03837019920361939,67.58508419785936,67.95946790971344,421.608182726166,0.0,75.81488609313965
3256,4.0,4.0382358081245195,0.038235808124519544,67.5895846826709,67.95946581512301,421.59541557365145,0.0,75.81741142272949
3257,4.0,4.0381549467208275,0.03815494672082753,67.59406684501359,67.95947423034886,421.58773374030073,0.0,75.82092094421387
3258,4.0,4.0380475884347495,0.038047588434749535,67.59852853544155,67.9594686298773,421.5775347031233,0.0,75.82390975952148
3259,4.0,4.037962780419336,0.03796278041933565,67.60297343045669,67.9594634159676,421.569477941659,0.0,75.82730293273926
3260,4.0,4.03787825223605,0.0378782522360499,67.60739512125357,67.95946674720118,421.56144776424685,0.0,75.83067512512207
3261,4.0,4.037744269219026,0.03774426921902574,67.61179993393856,67.95946900774204,421.54871937762954,0.0,75.83309936523438
3262,4.0,4.0376615708140156,0.037661570814015555,67.61618460423887,67.95947036911068,421.54086302915357,0.0,75.83646392822266
3263,4.0,4.037556070473128,0.037556070473128145,67.62055678864866,67.95946999357555,421.5308404967693,0.0,75.83938598632812
3264,4.0,4.037476043624021,0.03747604362402068,67.62490219801533,67.95947113387598,421.5232379461041,0.0,75.8427562713623
3265,4.0,4.037407653957341,0.03740765395734069,67.62922871307431,67.9594689597698,421.5167409277695,0.0,75.84632378816605
3266,4.0,4.037284699418476,0.037284699418475675,67.63354637059113,67.9594671867773,421.50506024657733,0.0,75.84885609149933
3267,4.0,4.037208920574532,0.037208920574531845,67.63783784906306,67.95946857097412,421.49786125640264,0.0,75.85224509239197
3268,4.0,4.037110007137549,0.03711000713754942,67.64209774880932,67.95946358265681,421.48846447988933,0.0,75.85516381263733
3269,4.0,4.037037814702625,0.03703781470262513,67.6463431912684,67.95947154368714,421.4816061985715,0.0,75.85856819152832
3270,4.0,4.036961013731686,0.03696101373168581,67.65056885075353,67.95947292583531,421.47431010633227,0.0,75.86186361312866
3271,4.0,4.036838748224377,0.03683874822437705,67.65477631696007,67.95946884416003,421.46269488313794,0.0,75.8642840385437
3272,4.0,4.036768945004173,0.03676894500417305,67.65896585464651,67.9594679524588,421.4560635772186,0.0,75.8676700592041
3273,4.0,4.036669933802684,0.03666993380268391,67.6631428989164,67.95946852664031,421.44665751307707,0.0,75.87049293518066
3274,4.0,4.03660063592127,0.036600635921270275,67.66729834427824,67.95945729400194,421.4400742143428,0.0,75.87384986877441
3275,4.0,4.036533923959882,0.03653392395988231,67.67143694672785,67.9594652489297,421.43373657801095,0.0,75.87723636627197
3276,4.0,4.036411218381428,0.0364112183814278,67.67556951328469,67.95946887156445,421.42207954805775,0.0,75.879563331604
3277,4.0,4.036344670129986,0.03634467012998588,67.67967933370628,67.95946748436003,421.4157574641708,0.0,75.88292026519775
3278,4.0,4.036253750518733,0.03625375051873281,67.6837650179259,67.95947858295617,421.4071201011017,0.0,75.88579177856445
3279,4.0,4.036185285193365,0.036185285193364614,67.68784944202788,67.95948370111127,421.4006158951918,0.0,75.88908386230469
3280,4.0,4.036123335063195,0.03612333506319487,67.69190979745862,67.95948018744903,421.3947306328256,0.0,75.89247131347656
3281,4.0,4.0360103591857035,0.0360103591857035,67.69596442472013,67.95948072270232,421.3839979244639,0.0,75.89489269256592
3282,4.0,4.035946636012258,0.035946636012258004,67.69998081457048,67.95948047542657,421.3779442229866,0.0,75.89819717407227
3283,4.0,4.035864638986066,0.035864638986065955,67.70397637422444,67.9594762753186,421.37015450549836,0.0,75.9011344909668
3284,4.0,4.035813495583668,0.03581349558366842,67.70795637894804,67.95947446270988,421.36529588227063,0.0,75.90463447570801
3285,4.0,4.035760949092874,0.035760949092874306,67.71193620590172,67.95947059465686,421.3603039656452,0.0,75.90810775756836
3286,4.0,4.0356540267265695,0.03565402672656948,67.7158876312171,67.95946819985095,421.3501463408462,0.0,75.91052627563477
3287,4.0,4.03560414199025,0.03560414199024997,67.71982815727021,67.95945965847224,421.3454072908959,0.0,75.91400527954102
3288,4.0,4.035529186068102,0.03552918606810174,67.72375393825192,67.95945699777383,421.33828647829176,0.0,75.91699600219727
3289,4.0,4.03547958640387,0.035479586403869945,67.72767628689446,67.95946291441032,421.33357451018975,0.0,75.92045974731445
3290,4.0,4.035426416127854,0.03542641612785413,67.73158039097312,67.95946653632268,421.32852333396823,0.0,75.92383575439453
3291,4.0,4.035328370939012,0.035328370939011755,67.73548234728901,67.95946553657858,421.3192090410282,0.0,75.92636489868164
3292,4.0,4.035283270373567,0.03528327037356682,67.73936524360215,67.959478901237,421.314924487311,0.0,75.92986869812012
3293,4.0,4.03520698089706,0.03520698089706009,67.74323921545202,67.95948095410634,421.30767698704284,0.0,75.93277549743652
3294,4.0,4.035162821243505,0.035162821243504894,67.7471031148121,67.95947162381704,421.3034818199551,0.0,75.93627548217773
3295,4.0,4.035118076865045,0.035118076865044756,67.75095819805566,67.9594775727047,421.29923110400136,0.0,75.93975448608398
3296,4.0,4.0348664895091995,0.03486648950919946,67.75479639175215,67.95947202250937,421.27533030519606,0.0,75.93932151794434
3297,4.0,4.034639841240117,0.034639841240116986,67.75860085546469,67.95947084121147,421.2537987196332,0.0,75.9393196105957
3298,4.0,4.034415472695604,0.03441547269560363,67.7623725620887,67.95946958915937,421.23248370790446,0.0,75.93932342529297
3299,4.0,4.034192574441623,0.03419257444162316,67.76611318213622,67.95946202286667,421.2113083737763,0.0,75.9393196105957
3300,4.0,4.033996882341703,0.03399688234170295,67.76981588902142,67.95946367293365,421.1927176242839,0.0,75.93978500366211
3301,4.0,4.033755955299146,0.03375595529914577,67.7734687038922,67.95946953649519,421.16982955524094,0.0,75.9393424987793
3302,4.0,4.033540763122692,0.03354076312269161,67.7770844651037,67.95946109031304,421.1493862984778,0.0,75.9393424987793
3303,4.0,4.033329273234138,0.0333292732341377,67.78064520435592,67.95946165836531,421.1292947590652,0.0,75.93935012817383
3304,4.0,4.033120725134582,0.033120725134581974,67.78417049486268,67.95947007569048,421.1094826896074,0.0,75.93937301635742
3305,4.0,4.032943414701217,0.03294341470121687,67.7876341967924,67.95947375373501,421.0926381984377,0.0,75.93991470336914
3306,4.0,4.032713822198808,0.03271382219880792,67.79105762842586,67.95946984329053,421.0708269107089,0.0,75.93942642211914
3307,4.0,4.032514489988871,0.03251448998887074,67.79443246359035,67.95947130182384,421.05189035076484,0.0,75.939453125
3308,4.0,4.032313719319349,0.03231371931934923,67.79776370384062,67.95946719082443,421.0328171371603,0.0,75.93940353393555
3309,4.0,4.032114280617188,0.03211428061718813,67.80104563137746,67.95946313905692,421.013870460455,0.0,75.93932342529297
3310,4.0,4.031941566688053,0.0319415666880527,67.80428718209932,67.95945953663924,420.99746263718714,0.0,75.93970108032227
3311,4.0,4.031724570201016,0.03172457020101582,67.80748353513617,67.9594634219482,420.97684797091864,0.0,75.93919372558594
3312,4.0,4.031533223068794,0.031533223068794136,67.81062010303089,67.9594719621345,420.95866999335755,0.0,75.93910217285156
3313,4.0,4.031342411836005,0.031342411836004835,67.81372410822937,67.95947193947771,420.9405429262426,0.0,75.93898391723633
3314,4.0,4.0311589611436585,0.03115896114365846,67.81675568009084,67.95946715854784,420.92311511046967,0.0,75.93892288208008
3315,4.0,4.03100180146568,0.031001801465680323,67.81974038490924,67.95947082476553,420.90818494106173,0.0,75.93930435180664
3316,4.0,4.030794397269849,0.030794397269849227,67.82269514534791,67.9594666691384,420.8884815424578,0.0,75.93870544433594
3317,4.0,4.030622086082844,0.030622086082844113,67.82560141506919,67.95946047970442,420.8721119796923,0.0,75.93871307373047
3318,4.0,4.030446075204734,0.030446075204734413,67.82846116214027,67.95946817575509,420.8553909462719,0.0,75.9385986328125
3319,4.0,4.030272556393689,0.03027255639368942,67.83127921637166,67.95946550966252,420.83890665922263,0.0,75.93848419189453
3320,4.0,4.030128652904266,0.03012865290426614,67.83405905649651,67.95947466631691,420.8252358277274,0.0,75.93888473510742
3321,4.0,4.029933544945349,0.029933544945349055,67.83679798483354,67.95947375948487,420.8067005716303,0.0,75.93827438354492
3322,4.0,4.0297743982131005,0.02977439821310046,67.83949749133475,67.95947323179787,420.79158163206665,0.0,75.93829727172852
3323,4.0,4.029609980786222,0.02960998078622179,67.84215985207304,67.9594744771439,420.7759619765132,0.0,75.93817901611328
3324,4.0,4.029449203273083,0.029449203273083313,67.84478500091338,67.95947731559374,420.760688112765,0.0,75.9380874633789
3325,4.0,4.029313927146526,0.02931392714652592,67.8473797206487,67.95946786152305,420.74783688074206,0.0,75.93844223022461
3326,4.0,4.0291383188530405,0.029138318853040523,67.84992440381168,67.95946393364393,420.73115409286095,0.0,75.93798065185547
3327,4.0,4.028990531451285,0.02899053145128505,67.8524370665566,67.95946264993873,420.7171142896942,0.0,75.93800735473633
3328,4.0,4.0288431190883305,0.028843119088330482,67.85491291929274,67.95945944341724,420.7031101152135,0.0,75.9379997253418
3329,4.0,4.028699117047662,0.028699117047661815,67.85735878161815,67.95946044906394,420.68942992135,0.0,75.93802261352539
3330,4.0,4.028584438339003,0.028584438339002816,67.85976766787795,67.95946314337914,420.6785354440274,0.0,75.93855667114258
3331,4.0,4.028418543715377,0.028418543715376998,67.86213267137337,67.95946781719275,420.66277545478295,0.0,75.93807601928711
3332,4.0,4.028281512735461,0.02828151273546098,67.86448206265376,67.95947674017977,420.6497575116909,0.0,75.9381217956543
3333,4.0,4.028146359208097,0.028146359208096605,67.86678293597815,67.9594740655086,420.6369179265913,0.0,75.93814849853516
3334,4.0,4.028010335363613,0.028010335363613414,67.86906112504,67.95947537000544,420.62399566136537,0.0,75.9381332397461
3335,4.0,4.0279040956535646,0.027904095653564553,67.87130128103715,67.9594764109057,420.61390288891073,0.0,75.93863677978516
3336,4.0,4.027752116091807,0.027752116091806833,67.87350767996942,67.95947191774192,420.59946483054375,0.0,75.93824005126953
3337,4.0,4.027622589589604,0.02762258958960384,67.87567000287514,67.95946811471944,420.5871598128345,0.0,75.93821716308594
3338,4.0,4.027496986353651,0.027496986353651387,67.87780044157306,67.95947032514842,420.575227505419,0.0,75.938232421875
3339,4.0,4.027371559009465,0.027371559009464974,67.87990758919874,67.9594647070371,420.5633119077213,0.0,75.93822479248047
3340,4.0,4.027274601623595,0.02727460162359474,67.88197828755379,67.95946724747225,420.5541009560636,0.0,75.93871307373047
3341,4.0,4.027134048348048,0.027134048348047557,67.88402692580253,67.95946697270904,420.54074839488663,0.0,75.9383544921875
3342,4.0,4.027013867625363,0.027013867625362842,67.88603919097977,67.95947166075032,420.5293312262316,0.0,75.93833923339844
3343,4.0,4.026897331201184,0.02689733120118376,67.88802424127097,67.95946922378317,420.5182602659346,0.0,75.93836212158203
3344,4.0,4.026777425930322,0.026777425930322174,67.8899911752568,67.95947001985382,420.50686926520274,0.0,75.93830108642578
3345,4.0,4.02668391674339,0.02668391674338988,67.89192243201612,67.95946713272556,420.49798589244415,0.0,75.9386978149414
3346,4.0,4.026530939124185,0.026530939124184805,67.89382416509255,67.95946936331615,420.4834530186197,0.0,75.93793988227844
3347,4.0,4.026419814028301,0.026419814028301403,67.89570201586328,67.95946302963416,420.47289613451073,0.0,75.93794441223145
3348,4.0,4.026304679304953,0.026304679304953282,67.89755677414931,67.95946094659628,420.4619583357927,0.0,75.93784737586975
3349,4.0,4.026191066892522,0.026191066892521597,67.89938404698287,67.95946817925797,420.4511651566117,0.0,75.93774819374084
3350,4.0,4.026104066738171,0.026104066738170673,67.90118747946482,67.95947396486666,420.4429001419483,0.0,75.93812417984009
3351,4.0,4.025968218835116,0.02596821883511602,67.90296060528601,67.95947435674138,420.42999459115816,0.0,75.93754482269287
3352,4.0,4.025861116870472,0.025861116870472323,67.90470608644219,67.95947762065605,420.419819904517,0.0,75.93747663497925
3353,4.0,4.025754053995076,0.02575405399507602,67.90642541663436,67.95948437361292,420.40964893135435,0.0,75.93737983703613
3354,4.0,4.02565073153718,0.025650731537179894,67.90812225149398,67.95948517222668,420.39983329785423,0.0,75.93732833862305
3355,4.0,4.025579046134904,0.02557904613490436,67.9097946229809,67.95947846766809,420.393023184638,0.0,75.93784618377686
3356,4.0,4.025450270715974,0.025450270715974277,67.91143402841291,67.95947204792668,420.38078951983965,0.0,75.9372501373291
3357,4.0,4.0253532860555845,0.025353286055584512,67.91306257325161,67.95946842516311,420.3715759771026,0.0,75.93724155426025
3358,4.0,4.025259701296608,0.025259701296607595,67.91466539106764,67.95946954781627,420.3626854249998,0.0,75.93726825714111
3359,4.0,4.02517174424208,0.025171744242079797,67.91624241588352,67.95945852532937,420.3543295048197,0.0,75.9373722076416
3360,4.0,4.025104316758663,0.025104316758662648,67.9177997840323,67.95946719109988,420.3479238938951,0.0,75.93784141540527
3361,4.0,4.024988553525839,0.024988553525838952,67.91933436463184,67.9594681367212,420.33692638677684,0.0,75.93737316131592
3362,4.0,4.024899208639767,0.024899208639767245,67.92084971791711,67.95946647627309,420.3284386226,0.0,75.93738174438477
3363,4.0,4.024809418696848,0.024809418696848162,67.9223393815929,67.95946378473384,420.3199085780227,0.0,75.93735313415527
3364,4.0,4.024725889538343,0.02472588953834265,67.9238053420165,67.95946253936927,420.31197330796465,0.0,75.93741607666016
3365,4.0,4.0246655688586195,0.02466556885861948,67.92524818424094,67.95946634500586,420.306242843391,0.0,75.93789100646973
3366,4.0,4.02455641105604,0.02455641105604034,67.92667592475706,67.95946260122093,420.2958728521459,0.0,75.93742752075195
3367,4.0,4.024478432436192,0.024478432436191966,67.92809103554214,67.95946193995844,420.28846488326036,0.0,75.93753814697266
3368,4.0,4.024397832787582,0.024397832787581564,67.92947536951478,67.95946618939435,420.28080791664235,0.0,75.93756484985352
3369,4.0,4.0243152231811905,0.024315223181190504,67.93085444367253,67.95947576121148,420.2729600040352,0.0,75.93754768371582
3370,4.0,4.02426197504165,0.024261975041650174,67.93219179959144,67.95947165561246,420.26790143077886,0.0,75.93803787231445
3371,4.0,4.024163037328059,0.02416303732805858,67.93350535636723,67.9594775128919,420.2585023479877,0.0,75.9376392364502
3372,4.0,4.024068301384806,0.024068301384805757,67.9347990466928,67.95947216247887,420.24950243337867,0.0,75.93729761242867
3373,4.0,4.0239876071661715,0.023987607166171543,67.93607473790874,67.9594771547655,420.2418364826084,0.0,75.93720078468323
3374,4.0,4.023908025009136,0.02390802500913569,67.93733322465589,67.95946968213252,420.23427617769,0.0,75.93710565567017
3375,4.0,4.023859335794912,0.02385933579491173,67.93857441824217,67.95947053061592,420.22965070233874,0.0,75.9375741481781
3376,4.0,4.023755802406835,0.023755802406834725,67.93978987930383,67.95947555373407,420.2198150304714,0.0,75.93697881698608
3377,4.0,4.023680267917785,0.023680267917785436,67.94099360471908,67.95947580838279,420.2126392540117,0.0,75.9368987083435
3378,4.0,4.023604936093866,0.023604936093866158,67.94217859425804,67.95947117344221,420.2054827307394,0.0,75.93680143356323
3379,4.0,4.023535113755418,0.02353511375541828,67.9433405618079,67.95946889554398,420.19884960858684,0.0,75.9367823600769
3380,4.0,4.023487785919581,0.023487785919581228,67.94448919657242,67.95946625321541,420.1943534641823,0.0,75.93717288970947
3381,4.0,4.023389213196555,0.023389213196555403,67.94561794802539,67.95946508019264,420.1849890554949,0.0,75.93657398223877
3382,4.0,4.023317001687874,0.023317001687874317,67.9467384665388,67.95946807246668,420.17812896217015,0.0,75.93646335601807
3383,4.0,4.023252949573292,0.02325294957329227,67.94783642474734,67.95946971438501,420.17204401128487,0.0,75.93648147583008
3384,4.0,4.023183447346619,0.023183447346618813,67.94892150334795,67.95946786702042,420.1654412997509,0.0,75.93638229370117
3385,4.0,4.023139887107893,0.023139887107893387,67.94999088282029,67.95945538534941,420.161303077072,0.0,75.93675518035889
3386,4.0,4.023046020047383,0.02304602004738321,67.95104465280649,67.95945972293124,420.1523857063235,0.0,75.93616104125977
3387,4.0,4.022986777936494,0.022986777936494285,67.95207345554923,67.9594587086829,420.14675770578907,0.0,75.9361925125122
3388,4.0,4.022926096955172,0.022926096955171893,67.95309672367443,67.95945962089499,420.14099301256346,0.0,75.93619060516357
3389,4.0,4.022868283508084,0.022868283508083564,67.95410316123103,67.95946259753049,420.13550073509003,0.0,75.93622398376465
3390,4.0,4.022837329618348,0.022837329618347724,67.9550903051974,67.95947311703367,420.1325601155651,0.0,75.93674278259277
3391,4.0,4.022754486976443,0.02275448697644311,67.9560664269978,67.95947580364464,420.12469006458423,0.0,75.93626976013184
3392,4.0,4.022702680950265,0.022702680950264842,67.95703035342434,67.9594770865999,420.11976849209725,0.0,75.93636894226074
3393,4.0,4.022648582886029,0.022648582886028557,67.95797328280322,67.95947896747133,420.1146291759948,0.0,75.9364013671875
3394,4.0,4.022592322368088,0.02259232236808817,67.95890838941556,67.95947643687146,420.1092844267905,0.0,75.9363842010498
3395,4.0,4.022564103520176,0.02256410352017557,67.95983236060283,67.95947808748087,420.1066036362388,0.0,75.9368839263916
3396,4.0,4.022484453949715,0.022484453949714656,67.96074445657443,67.95947604542002,420.099036927045,0.0,75.93639945983887
3397,4.0,4.022435274815496,0.022435274815496342,67.9616487615273,67.95946659451039,420.09436490929426,0.0,75.93648147583008
3398,4.0,4.02238240604502,0.022382406045020176,67.96254202538111,67.95946599687116,420.089342376099,0.0,75.93648147583008
3399,4.0,4.022329604417551,0.02232960441755072,67.9634205215594,67.95945867797793,420.08432622148945,0.0,75.93646621704102
3400,4.0,4.0223091881990385,0.022309188199038488,67.96428614990374,67.95946071832849,420.0823866807308,0.0,75.93704795837402
3401,4.0,4.022234591634994,0.022234591634994416,67.96513349483551,67.95946611812327,420.0753000071466,0.0,75.93658638000488
3402,4.0,4.022183769528628,0.02218376952862844,67.96598031493455,67.959468546383,420.0704719070418,0.0,75.93657302856445
3403,4.0,4.022135271753683,0.022135271753683128,67.96680665826044,67.95946798813554,420.065864618422,0.0,75.93658065795898
3404,4.0,4.022090792650568,0.022090792650567792,67.96762144877825,67.95946484157612,420.0616391036261,0.0,75.9366512298584
3405,4.0,4.022070476740837,0.022070476740837286,67.96842911733154,67.95947262150676,420.0597090922017,0.0,75.93717002868652
3406,4.0,4.0219977395437345,0.021997739543734518,67.96921955886738,67.95946895976934,420.0527990584769,0.0,75.93667984008789
3407,4.0,4.021948145167834,0.021948145167834276,67.97000646542557,67.95946914161534,420.04808759276636,0.0,75.9366226196289
3408,4.0,4.02189690669728,0.02189690669727984,67.9707767879282,67.95946816831184,420.0432199380637,0.0,75.93651580810547
3409,4.0,4.0218536295482705,0.021853629548270526,67.97153208936038,67.95946873614403,420.03910860890784,0.0,75.93654251098633
3410,4.0,4.021830579972307,0.021830579972307085,67.97228358881037,67.95946948924734,420.0369188991913,0.0,75.93694686889648
3411,4.0,4.021755226217063,0.021755226217062607,67.97302446752352,67.95946715962859,420.0297602924431,0.0,75.93635177612305
3412,4.0,4.02170861485285,0.021708614852849806,67.97375422102097,67.95946528790274,420.02533221284284,0.0,75.93628692626953
3413,4.0,4.0216636758706334,0.021663675870633448,67.97447279836686,67.95945970808364,420.02106300953227,0.0,75.93624114990234
3414,4.0,4.021512866256351,0.021512866256350627,67.97518810908836,67.95946279568625,420.0067360961754,0.0,75.9341926574707
3415,4.0,4.021312803713088,0.02131280371308808,67.97587886754071,67.95947831847629,419.9877301545655,0.0,75.93118667602539
3416,4.0,4.021088186907857,0.021088186907856965,67.97654080607498,67.95947066472137,419.96639155806855,0.0,75.92768478393555
3417,4.0,4.020890715897946,0.02089071589794589,67.97718447690139,67.95946571231771,419.947631812127,0.0,75.92467498779297
3418,4.0,4.020671919141433,0.020671919141433293,67.97777548240641,67.95946233569101,419.9268461202583,0.0,75.92120361328125
3419,4.0,4.02047956324574,0.02047956324573974,67.9783259624976,67.95946008461144,419.9085723101674,0.0,75.91818618774414
3420,4.0,4.020291413291132,0.020291413291132265,67.97882587264463,67.95945873396599,419.8906980644797,0.0,75.91519165039062
3421,4.0,4.020078884771241,0.02007888477124098,67.97928714733264,67.9594577209827,419.87050785509,0.0,75.91169357299805
3422,4.0,4.019893981416115,0.019893981416115203,67.97970491967352,67.95945727076838,419.85294203635306,0.0,75.9086685180664
3423,4.0,4.019688911793242,0.01968891179324217,67.98006405796517,67.95945693310757,419.8334604221801,0.0,75.90519714355469
3424,4.0,4.019510647258802,0.019510647258801583,67.98038329293426,67.95945670800042,419.81652529140825,0.0,75.90218734741211
3425,4.0,4.0193354554519605,0.01933545545196047,67.98065058589287,67.95946780069812,419.7998820697584,0.0,75.89917755126953
3426,4.0,4.01913823273806,0.019138232738059813,67.98087026341767,67.95947142487645,419.7811459119378,0.0,75.89569854736328
3427,4.0,4.018975367350224,0.018975367350224204,67.98104527907928,67.95947033067294,419.76567370009343,0.0,75.89281845092773
3428,4.0,4.018786918378938,0.018786918378937756,67.98118150657564,67.95946611031188,419.7477710478212,0.0,75.88941192626953
3429,4.0,4.0186291437637625,0.018629143763762457,67.98126017988477,67.95946874828672,419.73278245937956,0.0,75.88652038574219
3430,4.0,4.0184724618513545,0.018472461851354538,67.98130670410899,67.95946244164223,419.7178976777008,0.0,75.88361358642578
3431,4.0,4.01829252046388,0.018292520463879747,67.98129902967545,67.95946386341647,419.7008032458907,0.0,75.88020706176758
3432,4.0,4.01814220375562,0.01814220375561959,67.98125495759291,67.9594662189505,419.68652315860595,0.0,75.8773193359375
3433,4.0,4.017967414156924,0.017967414156924377,67.98116695123548,67.95946876580562,419.6699181467299,0.0,75.87392044067383
3434,4.0,4.0178224119468595,0.017822411946859518,67.9810295319095,67.95947545072147,419.6561429367738,0.0,75.87102890014648
3435,4.0,4.017678760902112,0.017678760902112067,67.98086240411173,67.95947814660977,419.6424960875228,0.0,75.86812973022461
3436,4.0,4.017664571323497,0.017664571323496858,67.9806478871345,67.95947713670277,419.6411480775543,0.0,75.86762237548828
3437,4.0,4.017680785530299,0.017680785530298948,67.98040088169651,67.95947725604937,419.64268842720054,0.0,75.8676528930664
3438,4.0,4.017669156517463,0.017669156517462703,67.98013961951548,67.95947386936125,419.64158367098105,0.0,75.86714172363281
3439,4.0,4.017712823278344,0.01771282327834367,67.97985196123535,67.95946922934834,419.64573201326476,0.0,75.86764526367188
3440,4.0,4.017729762327402,0.0177297623274022,67.97955851694282,67.9594666068958,419.6473412229253,0.0,75.86763763427734
3441,4.0,4.017746949785026,0.017746949785025556,67.9792608721144,67.95947073051379,419.6489740313995,0.0,75.86763000488281
3442,4.0,4.017764858848987,0.017764858848987153,67.97896469273293,67.95946730535832,419.6506753924759,0.0,75.86763763427734
3443,4.0,4.017756175317574,0.01775617531757412,67.97866726780398,67.9594674523623,419.64985045699166,0.0,75.86714172363281
3444,4.0,4.017800526709694,0.017800526709693898,67.97836804827351,67.95946798817835,419.654063839243,0.0,75.86764526367188
3445,4.0,4.017817354067492,0.017817354067491742,67.97807650636437,67.95946046199371,419.65566243823383,0.0,75.86763763427734
3446,4.0,4.017834384400674,0.017834384400673642,67.97777469677827,67.95946691289622,419.6572803198861,0.0,75.86762237548828
3447,4.0,4.017852120148795,0.017852120148795336,67.9774882987191,67.95945839114978,419.65896521595766,0.0,75.86763763427734
3448,4.0,4.017841696253798,0.01784169625379839,67.97721348601519,67.95946523394463,419.65797494593295,0.0,75.86713409423828
3449,4.0,4.017885317555326,0.01788531755532574,67.97693347688684,67.95947474530156,419.66211896957805,0.0,75.86764526367188
3450,4.0,4.017901507900661,0.01790150790066125,67.97665272439802,67.95947656742388,419.6636570523849,0.0,75.86763763427734
3451,4.0,4.017916851908106,0.017916851908106324,67.97637945694463,67.959473552797,419.6651147330922,0.0,75.86762237548828
3452,4.0,4.017934591475113,0.017934591475112782,67.97610667792544,67.95947423784142,419.6667999919578,0.0,75.8676528930664
3453,4.0,4.017940470705412,0.017940470705411826,67.9758397886535,67.95947298450466,419.66735851883624,0.0,75.86746603250504
3454,4.0,4.017982007264975,0.01798200726497523,67.97558422961171,67.95946528350052,419.67130449199476,0.0,75.86796510219574
3455,4.0,4.017997829139893,0.017997829139893007,67.97532243311592,67.95946346228573,419.67280757011196,0.0,75.86797165870667
3456,4.0,4.018011177278701,0.018011177278700607,67.97507162098513,67.95946332172197,419.6740756432987,0.0,75.86794376373291
3457,4.0,4.018025046230414,0.0180250462304139,67.97481605835202,67.95946406320645,419.67539319371144,0.0,75.86792039871216
3458,4.0,4.018007158648608,0.018007158648607913,67.97457737172824,67.9594715360902,419.67369387343984,0.0,75.86731624603271
3459,4.0,4.0180428698685935,0.018042869868593492,67.97433893880698,67.95947917622938,419.6770864393385,0.0,75.86772441864014
3460,4.0,4.018051792821638,0.01805179282163838,67.974097842527,67.95948078725236,419.67793411987776,0.0,75.86762380599976
3461,4.0,4.018062052152129,0.018062052152129304,67.97386746321631,67.95947665069079,419.6789087562744,0.0,75.86756038665771
3462,4.0,4.0180747799762315,0.018074779976231525,67.97363334850068,67.95948180428577,419.6801178995641,0.0,75.86753940582275
3463,4.0,4.018063061801844,0.01806306180184425,67.97340606973201,67.95948071441356,419.67900467299734,0.0,75.86706447601318
3464,4.0,4.018101742477155,0.018101742477155014,67.97318235449832,67.95948206031235,419.68267933715185,0.0,75.86754512786865
3465,4.0,4.0181146909706005,0.018114690970600478,67.97295391009598,67.95947713586582,419.68390944402915,0.0,75.86753463745117
3466,4.0,4.018128094418336,0.018128094418336183,67.97272716970501,67.95947756964422,419.68518277156403,0.0,75.86753463745117
3467,4.0,4.018135063857923,0.018135063857923406,67.97251357476947,67.95947158148117,419.68584486832486,0.0,75.86742782592773
3468,4.0,4.018122481195886,0.018122481195885776,67.97230177462531,67.95946517547925,419.68464951543126,0.0,75.86695384979248
3469,4.0,4.018160093718572,0.018160093718572412,67.97208418044588,67.95945723831093,419.6882227050865,0.0,75.86742115020752
3470,4.0,4.0181748633664816,0.018174863366481553,67.97187620154251,67.95945984799886,419.6896258216379,0.0,75.86746788024902
3471,4.0,4.018186402024247,0.018186402024246817,67.97166392448949,67.9594520260863,419.69072199412557,0.0,75.8674488067627
3472,4.0,4.018198488335581,0.018198488335580798,67.97146630835029,67.95946108280565,419.6918701937023,0.0,75.86745643615723
3473,4.0,4.018185171295182,0.01818517129518238,67.97127291190432,67.95946803424532,419.69060507486444,0.0,75.86698913574219
3474,4.0,4.018227110102073,0.018227110102072785,67.97107613418528,67.95947050645765,419.694589261519,0.0,75.86756134033203
3475,4.0,4.018242030209008,0.01824203020900761,67.97087501586888,67.95947778056151,419.6960066716778,0.0,75.86761856079102
3476,4.0,4.0182521285199195,0.01825212851991953,67.97068540058085,67.95948074792945,419.69696601121444,0.0,75.86759757995605
3477,4.0,4.018267725582457,0.01826772558245704,67.97049675734966,67.95947643229104,419.69844773215556,0.0,75.8676815032959
3478,4.0,4.018255607135573,0.018255607135572838,67.9703138450315,67.9594701020281,419.69729647970155,0.0,75.86724853515625
3479,4.0,4.018299299861165,0.018299299861165075,67.97013193513581,67.95947121023751,419.7014472886328,0.0,75.86787043511868
3480,4.0,4.018313742085767,0.018313742085767082,67.96994329946108,67.95946868540162,419.70281929997,0.0,75.86793255805969
3481,4.0,4.018327540034787,0.01832754003478687,67.96976683126115,67.95947285213892,419.70413010512686,0.0,75.86799609661102
3482,4.0,4.018338362358285,0.018338362358284677,67.96958473399663,67.95947864310068,419.7051582258592,0.0,75.86799716949463
3483,4.0,4.018322606906238,0.01832260690623766,67.96941699077894,67.95947307910525,419.7036614579147,0.0,75.86751246452332
3484,4.0,4.018363282781555,0.018363282781555412,67.96924822268946,67.9594735943787,419.7075256660699,0.0,75.86809206008911
3485,4.0,4.018368661068873,0.018368661068873138,67.96908676427874,67.95947015815307,419.7080366033651,0.0,75.86801338195801
3486,4.0,4.018374279432842,0.018374279432841867,67.96892124551573,67.95946808353288,419.7085703479421,0.0,75.8679347038269
3487,4.0,4.01837934230797,0.018379342307969893,67.9687629870619,67.95946198558366,419.70905132107924,0.0,75.86785364151001
3488,4.0,4.018361257598592,0.018361257598591862,67.96860366911395,67.95946497276164,419.70733327368833,0.0,75.86733436584473
3489,4.0,4.018390816232738,0.018390816232738416,67.96845570706387,67.95947351850849,419.71014134393226,0.0,75.86772727966309
3490,4.0,4.0183948399858895,0.018394839985889533,67.96829793830179,67.95947037783814,419.7105236004816,0.0,75.86762714385986
3491,4.0,4.018402857819259,0.01840285781925921,67.96814865259076,67.95947011468036,419.71128529465176,0.0,75.8676118850708
3492,4.0,4.018406377453545,0.018406377453544565,67.96800026573428,67.95947249784861,419.7116196599088,0.0,75.8675127029419
3493,4.0,4.018385227440728,0.018385227440727903,67.96785477272883,67.95946767842182,419.7096104086913,0.0,75.86695098876953
3494,4.0,4.018420350755587,0.018420350755587123,67.96769386124005,67.95947202595555,419.7129471236029,0.0,75.86743450164795
3495,4.0,4.018424072084361,0.018424072084361143,67.96754633582945,67.9594678752105,419.7133006498364,0.0,75.86734008789062
3496,4.0,4.018427532885693,0.018427532885692877,67.9673972366385,67.9594582969308,419.71362942596295,0.0,75.86723899841309
3497,4.0,4.018433781129122,0.018433781129122195,67.9672539621972,67.95945585543556,419.7142230090887,0.0,75.86719703674316
3498,4.0,4.018412331659753,0.018412331659752645,67.96710755062149,67.95945967242288,419.71218530949864,0.0,75.86662864685059
3499,4.0,4.018441874621861,0.01844187462186131,67.96697182768003,67.95946432677619,419.71499189089894,0.0,75.86703491210938
3500,4.0,4.018454582974921,0.018454582974920974,67.96682523150504,67.95946543603561,419.71619918443963,0.0,75.86711120605469
3501,4.0,4.018464182121923,0.01846418212192269,67.96668167105142,67.95947705085983,419.71711110340476,0.0,75.86713218688965
3502,4.0,4.01847206543856,0.018472065438560392,67.96654662735357,67.9594762986138,419.71786001848534,0.0,75.86713027954102
3503,4.0,4.018459615036043,0.01845961503604343,67.96641204517174,67.95947143006184,419.71667723024626,0.0,75.86674499511719
3504,4.0,4.0184956496988065,0.01849564969880646,67.96626563779385,67.95947447419907,419.7201005232087,0.0,75.86726188659668
3505,4.0,4.0185024334157,0.01850243341569957,67.9661321067287,67.95946759435904,419.7207449763136,0.0,75.86724090576172
3506,4.0,4.018515023048184,0.018515023048183643,67.96600631911494,67.95946823072109,419.72194099139955,0.0,75.86733818054199
3507,4.0,4.018523748258115,0.01852374825811509,67.9658724176958,67.95946211083412,419.72276988634303,0.0,75.86735343933105
3508,4.0,4.018505625403056,0.01850562540305578,67.96574663026958,67.95945960242572,419.72104821511243,0.0,75.86687088012695
3509,4.0,4.018541876958528,0.018541876958527936,67.96562219262597,67.95946998284401,419.7244921128823,0.0,75.86741638183594
3510,4.0,4.018550875096458,0.01855087509645781,67.96549905512641,67.95947680808356,419.7253469359856,0.0,75.8674488067627
3511,4.0,4.018558410457118,0.018558410457117702,67.96538527977204,67.95949044141055,419.7260627952483,0.0,75.86746406555176
3512,4.0,4.018567307490599,0.018567307490599205,67.9652655619522,67.9594811274488,419.726908013429,0.0,75.86749839782715
3513,4.0,4.018552037841221,0.01855203784122139,67.96515303013159,67.95947778360087,419.72545739673814,0.0,75.86708450317383
3514,4.0,4.018580369303581,0.018580369303580646,67.96504635938511,67.95946841349209,419.7281488856623,0.0,75.86750030517578
3515,4.0,4.01858493915054,0.01858493915054016,67.9649348975226,67.95947123942416,419.7285830211234,0.0,75.86746215820312
3516,4.0,4.018586867208123,0.01858686720812308,67.96482368996222,67.95947153852609,419.7287661865938,0.0,75.86737442016602
3517,4.0,4.018590176173969,0.018590176173969297,67.96471988389983,67.95947003879881,419.7290805383492,0.0,75.8673210144043
3518,4.0,4.0185681744971875,0.018568174497187506,67.96461697741813,67.95946803920852,419.72699037905494,0.0,75.86679077148438
3519,4.0,4.018595212103839,0.018595212103838854,67.96450485449196,67.95946857852903,419.7295589516868,0.0,75.8671760559082
3520,4.0,4.018597663710854,0.01859766371085403,67.96440187960512,67.95946462349369,419.72979185435327,0.0,75.86710739135742
3521,4.0,4.018600811162194,0.018600811162193587,67.964293971099,67.95946821162339,419.7300908622305,0.0,75.86704635620117
3522,4.0,4.018604888469069,0.018604888469068825,67.9641908406853,67.95946216068933,419.7304782063837,0.0,75.86700820922852
3523,4.0,4.018589311167137,0.018589311167136913,67.96408863500226,67.95946698095685,419.7289983627001,0.0,75.8666000366211
3524,4.0,4.018619459074284,0.01861945907428364,67.96398542574617,67.95946796424275,419.73186241387907,0.0,75.8670539855957
3525,4.0,4.018625679945048,0.018625679945047935,67.9638767995354,67.95946231596729,419.73245339660167,0.0,75.86705017089844
3526,4.0,4.018634356961686,0.018634356961685583,67.96377105994077,67.95946156195576,419.73327771318225,0.0,75.86709594726562
3527,4.0,4.018645737345733,0.01864573734573316,67.96367086070248,67.95947458641285,419.73435884966676,0.0,75.8671989440918
3528,4.0,4.0186254526877745,0.01862545268777449,67.96357308458532,67.95947393513323,419.7324318071607,0.0,75.86670684814453
3529,4.0,4.018652744624107,0.01865274462410671,67.96347717280908,67.95947567399409,419.73502454111224,0.0,75.86711502075195
3530,4.0,4.018653553330764,0.018653553330763906,67.96338148096726,67.95947996435751,419.73510136824467,0.0,75.86702346801758
3531,4.0,4.018660112750904,0.01866011275090429,67.963280800235,67.95948044869033,419.735724513158,0.0,75.86703491210938
3532,4.0,4.01865956730689,0.01865956730688989,67.96319092344307,67.95948042323656,419.73567269597663,0.0,75.86692428588867
3533,4.0,4.018634542387458,0.018634542387458097,67.96309813171182,67.95948253823424,419.7332953286306,0.0,75.86634826660156
3534,4.0,4.018663292550929,0.018663292550929356,67.9630014830515,67.95947042477994,419.7360265941604,0.0,75.86678314208984
3535,4.0,4.018665010442781,0.018665010442781238,67.96291091927762,67.95946495404306,419.73618979388635,0.0,75.86671447753906
3536,4.0,4.018665452853444,0.01866545285344401,67.96281800528048,67.95947225729756,419.7362318228993,0.0,75.86661911010742
3537,4.0,4.018673261475395,0.01867326147539483,67.96272353779929,67.95946209796435,419.7369736419846,0.0,75.86666107177734
3538,4.0,4.018653944940745,0.018653944940744793,67.96263330591071,67.95946191400897,419.73513857119286,0.0,75.86619567871094
3539,4.0,4.018679958377932,0.018679958377932238,67.96254193639126,67.95946413576556,419.73760984772565,0.0,75.86658477783203
3540,4.0,4.018690750743663,0.01869075074366311,67.96245510335388,67.9594709512869,419.7386351224701,0.0,75.86669158935547
3541,4.0,4.01869748948556,0.018697489485560048,67.96236164422099,67.95946681354721,419.7392753029503,0.0,75.86671447753906
3542,4.0,4.018700860410544,0.01870086041054364,67.96228071597946,67.95946734856847,419.73959554082376,0.0,75.8666877746582
3543,4.0,4.0186844226919325,0.01868442269193249,67.96220330810739,67.95946415801686,419.73803395755573,0.0,75.86629104614258
3544,4.0,4.018715908863904,0.018715908863904396,67.96212190760839,67.9594634273596,419.741025143893,0.0,75.86679458618164
3545,4.0,4.0187216615984,0.018721661598400274,67.96203828987349,67.95946854426789,419.7415716536701,0.0,75.8668098449707
3546,4.0,4.0187299757807455,0.018729975780745534,67.96195919613045,67.95947740938611,419.74236150099296,0.0,75.86687850952148
3547,4.0,4.018736660525999,0.01873666052599887,67.96187690355428,67.95947527791202,419.74299655179203,0.0,75.86691284179688
3548,4.0,4.018715762527605,0.018715762527604873,67.96180657918161,67.95948392043886,419.7410112419446,0.0,75.86643981933594
3549,4.0,4.0187473834277725,0.01874738342777249,67.9617297384373,67.95947256900936,419.7440152274605,0.0,75.86695098876953
3550,4.0,4.018758490976625,0.018758490976624742,67.96165124775196,67.95947886460652,419.7450704446015,0.0,75.86707305908203
3551,4.0,4.018763548363907,0.018763548363907034,67.96157939063805,67.95947681869478,419.7455508963933,0.0,75.8670883178711
3552,4.0,4.018766657003704,0.018766657003704168,67.96150631709176,67.95947071903977,419.745846217174,0.0,75.8670654296875
3553,4.0,4.0187475159119845,0.018747515911984536,67.9614404522095,67.95946234556152,419.74402781346066,0.0,75.86663055419922
3554,4.0,4.018778818712085,0.018778818712084977,67.96137582869687,67.959458512833,419.7470015794702,0.0,75.86714935302734
3555,4.0,4.018782947212599,0.018782947212598877,67.96131284625714,67.95946142091724,419.747393787019,0.0,75.86715698242188
3556,4.0,4.018791663231057,0.018791663231056965,67.96124746286944,67.95946003383261,419.74822180877254,0.0,75.86724853515625
3557,4.0,4.018796537092871,0.018796537092870658,67.96118554476395,67.95945974688371,419.74868482564483,0.0,75.86727142333984
3558,4.0,4.018774295584512,0.018774295584512046,67.9611242690601,67.95946572077511,419.74657188235074,0.0,75.86678314208984
3559,4.0,4.018808233093823,0.01880823309382329,67.96105609945143,67.9594717016186,419.74979594573534,0.0,75.86734771728516
3560,4.0,4.01880615584116,0.018806155841160077,67.96100072597756,67.95947544995286,419.7495986067323,0.0,75.86724668741226
3561,4.0,4.018809642263448,0.018809642263447834,67.96093712283505,67.95948045452887,419.74992981684966,0.0,75.86724150180817
3562,4.0,4.018811197673824,0.01881119767382433,67.96088529785267,67.95947490908141,419.7500775808354,0.0,75.86721301078796
3563,4.0,4.018787321320353,0.0187873213203531,67.96082539766189,67.95947121875307,419.74780932725565,0.0,75.86669540405273
3564,4.0,4.018810323430152,0.01881032343015221,67.96078154925206,67.95946477244168,419.74999452768657,0.0,75.86708068847656
3565,4.0,4.018810934105427,0.018810934105427002,67.96072466355291,67.95946216431257,419.7500525418377,0.0,75.86702871322632
3566,4.0,4.018811744905629,0.01881174490562909,67.96066823793242,67.95946508048574,419.7501295678569,0.0,75.8669810295105
3567,4.0,4.018810197297412,0.0188101972974124,67.9606123971875,67.95946423643991,419.7499825450763,0.0,75.86688947677612
3568,4.0,4.0187838704259455,0.018783870425945537,67.9605582685764,67.95946823556038,419.74748149228697,0.0,75.86633205413818
3569,4.0,4.018811957035668,0.01881195703566796,67.96050703432621,67.95946880472724,419.7501497202106,0.0,75.86680507659912
3570,4.0,4.018811542754776,0.0188115427547757,67.96044655121237,67.95947016135348,419.7501103635258,0.0,75.86672973632812
3571,4.0,4.018808964094024,0.018808964094024105,67.9603893516999,67.95946825419894,419.7498653907544,0.0,75.86661720275879
3572,4.0,4.018809564677935,0.01880956467793471,67.96033306383657,67.95946808984043,419.7499224462259,0.0,75.8665657043457
3573,4.0,4.018784932157916,0.018784932157916323,67.96027975397166,67.95946527434504,419.7475823568242,0.0,75.86604118347168
3574,4.0,4.018808309422854,0.018808309422854386,67.96022871029129,67.95946391384788,419.7498031969933,0.0,75.86642551422119
3575,4.0,4.01880759542885,0.01880759542885002,67.96016731537087,67.95946941746001,419.7497353675629,0.0,75.86634349822998
3576,4.0,4.01881282666348,0.018812826663480386,67.96011644125011,67.95946422283694,419.75023233485274,0.0,75.8663854598999
3577,4.0,4.018816879559231,0.018816879559230948,67.96006242774179,67.95947235647498,419.75061735994905,0.0,75.86640167236328
3578,4.0,4.018799834033135,0.018799834033134566,67.95999870853728,67.95946636110612,419.7489980349699,0.0,75.86600875854492
3579,4.0,4.018829529343467,0.018829529343467044,67.95994248607879,67.95946548993624,419.7518190894515,0.0,75.86650657653809
3580,4.0,4.018833105490578,0.018833105490577928,67.95988372068827,67.9594642272645,419.752158823427,0.0,75.86650848388672
3581,4.0,4.018841088125949,0.018841088125949312,67.95982903437992,67.95947421387942,419.7529171737873,0.0,75.86659812927246
3582,4.0,4.018847260620586,0.018847260620585615,67.95977591267261,67.959479107174,419.75350356077774,0.0,75.86665534973145
3583,4.0,4.01882414403607,0.01882414403606969,67.95972601063674,67.95948173093498,419.75130748524873,0.0,75.86616325378418
3584,4.0,4.018854235214001,0.018854235214001314,67.95968018193268,67.95947318653946,419.75416614715226,0.0,75.86668014526367
3585,4.0,4.018861365982978,0.018861365982978384,67.95963819296364,67.9594742262863,419.7548435702051,0.0,75.86676788330078
3586,4.0,4.018863520767725,0.018863520767724573,67.95958979530685,67.95947249181685,419.75504827475595,0.0,75.86675453186035
3587,4.0,4.018875118853879,0.018875118853879158,67.95954204750092,67.95946622303417,419.75615009294063,0.0,75.86692017316818
3588,4.0,4.018857560006138,0.01885756000613803,67.95949175928754,67.95946827052556,419.7544820024052,0.0,75.86653256416321
3589,4.0,4.018886579518829,0.01888657951882866,67.95945059979277,67.95947031831207,419.75723885611086,0.0,75.86703443527222
3590,4.0,4.018888924718082,0.018888924718082123,67.95940837963228,67.959475071584,419.75746165003994,0.0,75.86703157424927
3591,4.0,4.018894031160815,0.018894031160814784,67.95936901474452,67.9594690289684,419.7579467620995,0.0,75.86708402633667
3592,4.0,4.018902403464146,0.01890240346414629,67.95932738924266,67.9594592227857,419.758742130916,0.0,75.86719560623169
3593,4.0,4.018878715991948,0.018878715991948347,67.95929141040264,67.95945257266152,419.7564918210572,0.0,75.866708278656
3594,4.0,4.0189062645891696,0.018906264589169552,67.95926038944297,67.9594537449732,419.7591089377932,0.0,75.86719369888306
3595,4.0,4.01891102910337,0.018911029103369614,67.95922723401064,67.95945709290059,419.7595615666422,0.0,75.86724662780762
3596,4.0,4.018915530903051,0.018915530903051092,67.95918955131064,67.9594608352797,419.759989237612,0.0,75.86728954315186
3597,4.0,4.018914259725839,0.01891425972583871,67.95915466506142,67.95946567910184,419.7598684757768,0.0,75.86722660064697
3598,4.0,4.018888190516528,0.018888190516528347,67.95911795521536,67.95947458731922,419.7573919008923,0.0,75.8666934967041
3599,4.0,4.018912227522587,0.01891222752258681,67.95908907994982,67.95948167773172,419.75967541646787,0.0,75.86711502075195
3600,4.0,4.018908364549821,0.018908364549821144,67.95905445275777,67.95948016241422,419.75930843405513,0.0,75.86700344085693
3601,4.0,4.018911410442323,0.018911410442322918,67.95901746983104,67.95947759307468,419.7595977938428,0.0,75.86701965332031
3602,4.0,4.018910084644902,0.018910084644901737,67.95898179857203,67.9594774609893,419.7594718430878,0.0,75.8669548034668
3603,4.0,4.0188807256128,0.018880725612800298,67.95894689890451,67.95947285472046,419.75668273503817,0.0,75.86636161804199
3604,4.0,4.018904658815515,0.018904658815515063,67.95891465428656,67.9594717339427,419.75895638929603,0.0,75.86677742004395
3605,4.0,4.018906594008799,0.018906594008798905,67.95888534762757,67.95946639152253,419.759140232658,0.0,75.86678123474121
3606,4.0,4.018903646758864,0.018903646758864134,67.95884804954785,67.95946256666161,419.7588602439142,0.0,75.86668395996094
3607,4.0,4.018900712028903,0.018900712028902866,67.95880712262195,67.95945977613268,419.7585814445679,0.0,75.8665828704834
3608,4.0,4.018877168097459,0.018877168097459318,67.95877469336912,67.95946299479957,419.75634477108076,0.0,75.86610221862793
3609,4.0,4.018900208926457,0.01890020892645694,67.95874045418844,67.95946323951992,419.7585336498355,0.0,75.86649894714355
3610,4.0,4.018898063150888,0.018898063150888156,67.95871010568466,67.95947282587173,419.7583298011565,0.0,75.86642456054688
3611,4.0,4.018904638340062,0.01890463834006173,67.95867580507073,67.95947552572261,419.758954444128,0.0,75.86651039123535
3612,4.0,4.018907479747959,0.018907479747959144,67.95863630029397,67.95947727831432,419.75922437787824,0.0,75.86651992797852
3613,4.0,4.018883746071467,0.01888374607146659,67.95860195300632,67.95947874205356,419.7569696786114,0.0,75.86603355407715
3614,4.0,4.018914804987948,0.018914804987947953,67.95856881433923,67.95947096368671,419.7599202756772,0.0,75.8665828704834
3615,4.0,4.018921227186182,0.01892122718618161,67.9585336840582,67.95947638689312,419.76053038450937,0.0,75.86666488647461
3616,4.0,4.018923131611972,0.01892313161197201,67.95850318943933,67.95947785382816,419.76071130495944,0.0,75.86666679382324
3617,4.0,4.018927653780156,0.01892765378015593,67.95846943456348,67.9594724982207,419.76114091093694,0.0,75.86671447753906
3618,4.0,4.01890842728846,0.018908427288460317,67.95843575561294,67.95947787602005,419.75931439422584,0.0,75.86631393432617
3619,4.0,4.018934916808798,0.01893491680879844,67.95840641826997,67.95946811032546,419.761830898658,0.0,75.86678123474121
3620,4.0,4.01893897351739,0.018938973517389712,67.95837882578101,67.95945929344332,419.76221628597415,0.0,75.8668270111084
3621,4.0,4.0189448062038675,0.018944806203867515,67.95835024731961,67.95945512838928,419.7627703911895,0.0,75.86690521240234
3622,4.0,4.01894219177228,0.01894219177227985,67.9583329492541,67.95945878022624,419.7625220201887,0.0,75.86683654785156
3623,4.0,4.018913771887773,0.018913771887772768,67.95829754131356,67.95946215994496,419.75982213116055,0.0,75.86626052856445
3624,4.0,4.0189416802607,0.01894168026070009,67.9582732577363,67.95946938991057,419.7624734265886,0.0,75.86676025390625
3625,4.0,4.018938978353795,0.018938978353794766,67.95824718762523,67.95948275717065,419.7622167454326,0.0,75.86668014526367
3626,4.0,4.018934898117635,0.018934898117635157,67.95821708793463,67.9594878402847,419.7618291229975,0.0,75.86656951904297
3627,4.0,4.019315226732189,0.019315226732189217,67.95819630949482,67.96777840004422,419.7979603413801,0.0,75.87372589111328
3628,4.0,4.0194715818986015,0.019471581898601542,67.95818696961972,67.9377710239017,419.8128140821893,0.0,75.87666702270508
3629,4.0,4.019874049700626,0.019874049700625562,67.9582121209707,67.96810398054586,419.85104852338156,0.0,75.88429260253906
3630,4.0,4.01958679346456,0.01958679346456016,67.9582753481847,67.9405440304552,419.82375918095534,0.0,75.87894058227539
3631,4.0,4.019511888290831,0.019511888290830726,67.95838014622484,67.94089550417482,419.81664318945104,0.0,75.87764358520508
3632,4.0,4.019302156773974,0.019302156773973955,67.95848904735169,67.98389050460162,419.7967186953496,0.0,75.87380599975586
3633,4.0,4.019048608722609,0.01904860872260894,67.95859396283828,68.01147680256548,419.77263163046996,0.0,75.86913681030273
3634,4.0,4.019100783777227,0.019100783777227015,67.9586753087238,67.99786284879154,419.77758826065866,0.0,75.87021255493164
3635,4.0,4.019231172161664,0.019231172161664034,67.95873599136215,67.97512465741235,419.7899751571802,0.0,75.87274169921875
3636,4.0,4.019290677153823,0.0192906771538226,67.95878564818022,67.95215887668024,419.79562813143525,0.0,75.87392044067383
3637,4.0,4.019285376196099,0.019285376196099158,67.95883427665756,67.93511066844906,419.7951245404515,0.0,75.87387466430664
3638,4.0,4.0192790730481605,0.019279073048160456,67.95889643376324,67.92697098728473,419.79452574139736,0.0,75.87382507324219
3639,4.0,4.019273838223439,0.0192738382234392,67.95895077786078,67.92789367324956,419.7940284330488,0.0,75.87378692626953
3640,4.0,4.0193006151431865,0.019300615143186484,67.95901054078358,67.93587953466991,419.79657224042484,0.0,75.87435913085938
3641,4.0,4.019325670285138,0.019325670285137875,67.95906524766328,67.94770461686703,419.7989524789102,0.0,75.87489318847656
3642,4.0,4.019301943765943,0.019301943765943186,67.95912816255849,67.95991137819045,419.7966984595867,0.0,75.87451553344727
3643,4.0,4.019304122974559,0.019304122974559412,67.95919040151061,67.96963477855984,419.7969054844053,0.0,75.87462615966797
3644,4.0,4.019308320316641,0.019308320316641314,67.95926635168479,67.97517024103871,419.797304231903,0.0,75.87479019165039
3645,4.0,4.019310649323586,0.01931064932358595,67.9593328911078,67.97607800635926,419.7975254875628,0.0,75.87490844726562
3646,4.0,4.019340101122199,0.019340101122199194,67.95939867444113,67.97307308563911,419.80032340843104,0.0,75.87553787231445
3647,4.0,4.019321518565133,0.019321518565132756,67.95946345078745,67.96759108733413,419.7985580655097,0.0,75.87525939941406
3648,4.0,4.019321677207791,0.019321677207790877,67.95953593634022,67.96136808005407,419.79857313656225,0.0,75.8753433227539
3649,4.0,4.019322681064884,0.01932268106488433,67.95960096425716,67.95596169497797,419.7986685029861,0.0,75.87543487548828
3650,4.0,4.019329992539631,0.019329992539630858,67.95967550998579,67.9524552914347,419.79936309308704,0.0,75.87565612792969
3651,4.0,4.019358831526358,0.019358831526358422,67.9597516519797,67.95123013247833,419.80210279682615,0.0,75.87628555297852
3652,4.0,4.019330246007106,0.01933024600710631,67.95982497652695,67.95211479004743,419.79938717249723,0.0,75.87582778930664
3653,4.0,4.019325825866433,0.019325825866433277,67.95990654687506,67.9545052829459,419.7989672591333,0.0,75.87583541870117
3654,4.0,4.019327227427228,0.01932722742722781,67.95997510029656,67.95753552978358,419.79910040740873,0.0,75.87593841552734
3655,4.0,4.01932268671207,0.01932268671207016,67.96005870958489,67.96039685698855,419.7986690394688,0.0,75.87594604492188
3656,4.0,4.019345316322377,0.019345316322376682,67.96012708751064,67.96247798420066,419.8008188524479,0.0,75.87644958496094
3657,4.0,4.0193209174756905,0.019320917475690536,67.96019795960864,67.96347671683512,419.7985009620127,0.0,75.87606811523438
3658,4.0,4.01931669124028,0.019316691240280015,67.96026941847022,67.96336426235935,419.7980994696487,0.0,75.87606811523438
3659,4.0,4.019312876388699,0.01931287638869872,67.96034758854347,67.96239846677807,419.7977370587485,0.0,75.87608337402344
3660,4.0,4.019312539169901,0.019312539169900944,67.96042162501287,67.9609597623111,419.7977050229627,0.0,75.87615966796875
3661,4.0,4.0193366792009115,0.019336679200911533,67.9604917959786,67.95945886234378,419.7999983259087,0.0,75.87669372558594
3662,4.0,4.019307480042545,0.01930748004254479,67.96056183498523,67.95827473362398,419.79722440586386,0.0,75.876220703125
3663,4.0,4.019306776762136,0.01930677676213577,67.96063522766983,67.95758501702302,419.79715759422504,0.0,75.87628936767578
3664,4.0,4.019305367519885,0.019305367519884875,67.96070689023695,67.95746786322272,419.7970237162112,0.0,75.8763427734375
3665,4.0,4.019299792357298,0.019299792357298173,67.96077382446009,67.9578233114199,419.79649407576545,0.0,75.87631225585938
3666,4.0,4.019326986521715,0.019326986521715384,67.96084702017869,67.95848336436627,419.7990775213851,0.0,75.87690734863281
3667,4.0,4.019290670134788,0.019290670134788357,67.96091554973114,67.95923774727716,419.795627464627,0.0,75.87629827857018
3668,4.0,4.01928623123808,0.019286231238080376,67.96098956467337,67.95989851373828,419.79520576943975,0.0,75.8762971162796
3669,4.0,4.019286553539077,0.019286553539076934,67.96105810903747,67.96031704870849,419.7952363880344,0.0,75.87637972831726
3670,4.0,4.01928248231414,0.019282482314140204,67.96112652128316,67.96046419174225,419.79484962166543,0.0,75.8763792514801
3671,4.0,4.019306844495648,0.0193068444956479,67.9611905832611,67.96036045792293,419.79716402890864,0.0,75.87691068649292
3672,4.0,4.019281127388909,0.019281127388908637,67.96126666891331,67.96007561695757,419.79472090376845,0.0,75.87651014328003
3673,4.0,4.019277406833501,0.019277406833500876,67.96132872495109,67.9597111721399,419.7943674510047,0.0,75.87650918960571
3674,4.0,4.019274646220601,0.019274646220600822,67.96139163337769,67.95936666078721,419.79410519277917,0.0,75.87652730941772
3675,4.0,4.019271324196213,0.019271324196212802,67.9614572012088,67.95911095258364,419.79378960046233,0.0,75.8765377998352
3676,4.0,4.019290691798825,0.019290691798825144,67.96152307123563,67.95899111324941,419.7956295227105,0.0,75.87697696685791
3677,4.0,4.019255895437632,0.019255895437631843,67.96158440405914,67.95899825450759,419.79232386839715,0.0,75.87638854980469
3678,4.0,4.019250930334701,0.019250930334701266,67.96165127515421,67.959113763746,419.79185218361874,0.0,75.87636947631836
3679,4.0,4.019244041357543,0.019244041357542763,67.96171053008268,67.95928754553024,419.79119773078867,0.0,75.87630558013916
3680,4.0,4.0192353265379115,0.01923532653791149,67.96177588684436,67.95946551032671,419.7903698229237,0.0,75.87621402740479
3681,4.0,4.019255936759853,0.019255936759853043,67.96183654700397,67.95961045223112,419.79232779400814,0.0,75.87667083740234
3682,4.0,4.0192234658375945,0.01922346583759449,67.9618935840039,67.95969428853817,419.7892430563936,0.0,75.8761215209961
3683,4.0,4.019214859258831,0.01921485925883104,67.96195113179908,67.95971352181056,419.78842543141104,0.0,75.8760232925415
3684,4.0,4.019208080803952,0.019208080803951866,67.96200681050857,67.95967121929152,419.78778147819753,0.0,75.87595748901367
3685,4.0,4.019206966518919,0.019206966518918733,67.96205127845327,67.95959549217571,419.7876756211194,0.0,75.87598609924316
3686,4.0,4.019224185019736,0.019224185019735884,67.96210351560791,67.9595079425197,419.78931137869705,0.0,75.87636947631836
3687,4.0,4.0191894034059406,0.019189403405940553,67.96215179196739,67.95943091172938,419.78600712538645,0.0,75.87576675415039
3688,4.0,4.019183747117617,0.019183747117616612,67.96219447561388,67.95937209737771,419.7854697779957,0.0,75.87570762634277
3689,4.0,4.019104627811459,0.019104627811459274,67.96224590025125,67.96284564434823,419.77795344391075,0.0,75.87427139282227
3690,4.0,4.01895942250956,0.018959422509560397,67.96229408268064,67.96955669563972,419.76415894023035,0.0,75.87158393859863
3691,4.0,4.018790151683204,0.01879015168320386,67.96231868008233,67.98082561157192,419.74807821172647,0.0,75.86841583251953
3692,4.0,4.018742159052261,0.018742159052260732,67.96232896266459,67.97104319017171,419.7435189117869,0.0,75.86752128601074
3693,4.0,4.018961027740583,0.01896102774058317,67.9623164844939,67.94985306746001,419.7643114371775,0.0,75.87163925170898
3694,4.0,4.019111542176387,0.019111542176386997,67.96229341834817,67.92857201702226,419.7786103085789,0.0,75.87445497512817
3695,4.0,4.019186546492891,0.01918654649289131,67.96227868801613,67.92619439964149,419.7857357186468,0.0,75.8758544921875
3696,4.0,4.019255393561897,0.019255393561897094,67.96228243912441,67.9345316637604,419.79227619020236,0.0,75.8771584033966
3697,4.0,4.019293049711036,0.019293049711036403,67.96229766893599,67.94803952304696,419.79585352437056,0.0,75.8778862953186
3698,4.0,4.0193074762356025,0.019307476235602472,67.96232536191573,67.96212747221246,419.79722404420437,0.0,75.87818956375122
3699,4.0,4.019340480997445,0.01934048099744512,67.9623707661044,67.97323535044337,419.8003594965794,0.0,75.87886333465576
3700,4.0,4.019371696017805,0.01937169601780475,67.9624242233533,67.97933770700796,419.80332492351357,0.0,75.87951231002808
3701,4.0,4.019405217440407,0.019405217440406908,67.96248779613747,67.97995146932018,419.8065094586608,0.0,75.88021612167358
3702,4.0,4.019369325513472,0.01936932551347237,67.96256039977175,67.9781608171015,419.803099725602,0.0,75.87961959838867
3703,4.0,4.019298586551252,0.01929858655125205,67.96264437928446,67.9812087693599,419.7963795241911,0.0,75.87837791442871
3704,4.0,4.019282404673208,0.019282404673208298,67.96272324593578,67.98354146155792,419.7948422457769,0.0,75.87816047668457
3705,4.0,4.019329066245479,0.019329066245479254,67.9627952594067,67.97550225238632,419.79927509514266,0.0,75.87912178039551
3706,4.0,4.019610656591305,0.01961065659130501,67.96287447937867,67.94851061689013,419.8260261779961,0.0,75.88452625274658
3707,4.0,4.019700557311003,0.019700557311002953,67.96295677992075,67.92106199193113,419.8345667463674,0.0,75.88631534576416
3708,4.0,4.020057903619732,0.020057903619732365,67.95230376410024,67.91591294355082,419.8685146456967,0.0,75.88116550445557
3709,4.0,4.020840269782499,0.0208402697824992,67.93473390978225,67.92436085780871,419.94283943115954,0.0,75.87630939483643
3710,4.0,4.020797513448065,0.020797513448065352,67.92639080459793,67.94022694896995,419.93877757938833,0.0,75.86618423461914
3711,4.0,4.019475103025584,0.019475103025584417,67.94693126213845,67.95792223549469,419.81314858925265,0.0,75.86416625976562
3712,4.0,4.01975419625178,0.019754196251779987,67.94479815118086,67.97284637317006,419.8396624457412,0.0,75.86705207824707
3713,4.0,4.017944039212639,0.017944039212639318,67.98261686161658,67.98205073473572,419.6676975270228,0.0,75.87509727478027
3714,4.0,4.017632223773349,0.017632223773349054,67.99521651900957,67.9845357411869,419.63807506029025,0.0,75.88327026367188
3715,4.0,4.017628025879473,0.017628025879472986,68.00143000519917,67.9810033132071,419.6376762603721,0.0,75.8901252746582
3716,4.0,4.017749351696869,0.017749351696869198,68.00278946823019,67.9733990838174,419.6492022130247,0.0,75.89393424987793
3717,4.0,4.018001781395964,0.018001781395963867,68.00036968673,67.9642444769542,419.6731830344387,0.0,75.8960018157959
3718,4.0,4.018204506549753,0.01820450654975314,67.9953053062526,67.95588338675775,419.69244192404864,0.0,75.89417839050293
3719,4.0,4.018473728201309,0.018473728201309214,67.98871138749313,67.95003976072627,419.7180179809465,0.0,75.89190292358398
3720,4.0,4.018691404206963,0.01869140420696258,67.98168663878323,67.94753812041502,419.73869720148355,0.0,75.8881721496582
3721,4.0,4.01887702166277,0.018877021662770055,67.97516217060871,67.94826965393727,419.7563308597853,0.0,75.8843936920166
3722,4.0,4.0191193748689855,0.019119374868985517,67.96978705272257,67.9514108782795,419.77935441437575,0.0,75.88296890258789
3723,4.0,4.019298680598029,0.01929868059802864,67.96588015292032,67.95575125029838,419.79638845863485,0.0,75.88199234008789
3724,4.0,4.019413462325817,0.019413462325816866,67.96345751549377,67.96008624706168,419.8072927227747,0.0,75.88145446777344
3725,4.0,4.01942550943824,0.019425509438240063,67.96232107251821,67.96343371503141,419.8084371984549,0.0,75.88041305541992
3726,4.0,4.019456168383291,0.019456168383291228,67.96214434163176,67.96522327766475,419.8113497982348,0.0,75.88079452514648
3727,4.0,4.0194026316581155,0.01940263165811551,67.96258831998784,67.96535730364663,419.8062638093431,0.0,75.88027954101562
3728,4.0,4.019333078467736,0.01933307846773591,67.96334755037395,67.96413881693381,419.79965625625704,0.0,75.87981414794922
3729,4.0,4.019308282656515,0.01930828265651474,67.96419733664943,67.96210096835922,419.797300654191,0.0,75.88029479980469
3730,4.0,4.019236038686523,0.019236038686522683,67.96498502958724,67.9598789931652,419.7904374770418,0.0,75.87981033325195
3731,4.0,4.019249295919539,0.019249295919538945,67.96563213163412,67.95800701109965,419.7916969141783,0.0,75.88078308105469
3732,4.0,4.019194228920875,0.019194228920874856,67.96612597461876,67.95683919819922,419.7864655493052,0.0,75.88029479980469
3733,4.0,4.019174827899068,0.019174827899067992,67.9664574718189,67.95649093708,419.7846224522336,0.0,75.88029861450195
3734,4.0,4.019188388847702,0.019188388847702242,67.96665867090758,67.95688932400195,419.78591074235385,0.0,75.88077926635742
3735,4.0,4.019156820695014,0.0191568206950139,67.96675856804687,67.9577938109247,419.7829117678484,0.0,75.88029479980469
3736,4.0,4.019180294989929,0.019180294989928903,67.9667921258708,67.9588872863285,419.78514182586537,0.0,75.88077545166016
3737,4.0,4.019155532032937,0.019155532032937295,67.96678719396186,67.95990348815974,419.78278934495114,0.0,75.88030242919922
3738,4.0,4.019156683998636,0.019156683998636126,67.9667608796785,67.96061835028438,419.78289878169255,0.0,75.88029479980469
3739,4.0,4.019184441351149,0.019184441351148607,67.96672884212394,67.96093029150344,419.7855357301812,0.0,75.88078308105469
3740,4.0,4.01916004113901,0.01916004113900982,67.96670410812557,67.96085162824313,419.78321771002805,0.0,75.88029479980469
3741,4.0,4.019186658097531,0.019186658097530618,67.96670160619809,67.96047639456424,419.7857463210875,0.0,75.88079452514648
3742,4.0,4.019160289878177,0.01916028987817686,67.96670331863946,67.95995352653902,419.78324134024894,0.0,75.88029861450195
3743,4.0,4.019163673096124,0.019163673096124434,67.96671444335004,67.95941474965771,419.78356274595393,0.0,75.88037490844727
3744,4.0,4.01919163406671,0.019191634066710428,67.96674729955889,67.95900322664154,419.78621903815963,0.0,75.88093948364258
3745,4.0,4.019169313179349,0.01916931317934889,67.9667899085913,67.9587705717973,419.78409855386025,0.0,75.88056564331055
3746,4.0,4.019197747891906,0.01919774789190587,67.96683525396642,67.95874671347426,419.78679985155316,0.0,75.88115310668945
3747,4.0,4.019174931180932,0.019174931180931942,67.96688966497226,67.9588908503998,419.78463226401067,0.0,75.88078308105469
3748,4.0,4.019176691943431,0.0191766919434313,67.96693847680567,67.95914403503096,419.7847995364481,0.0,75.8808708190918
3749,4.0,4.019200105019091,0.019200105019090863,67.9669935696256,67.95941310585201,419.7870237786357,0.0,75.88137435913086
3750,4.0,4.019173732457939,0.019173732457939074,67.96704661013602,67.95964804558307,419.78451838532635,0.0,75.88093566894531
3751,4.0,4.019198220567268,0.019198220567267832,67.96710060703077,67.95979203066823,419.78684475571254,0.0,75.8814582824707
3752,4.0,4.019166083727744,0.019166083727744088,67.96715203778489,67.95983697580351,419.7837917559578,0.0,75.88090896606445
3753,4.0,4.0191573600082835,0.019157360008283497,67.96719705693842,67.95978651004307,419.78296300260905,0.0,75.88079452514648
3754,4.0,4.019174263924832,0.01917426392483179,67.96724605042695,67.95967271991283,419.78456887468116,0.0,75.88116836547852
3755,4.0,4.019144841592349,0.019144841592349415,67.96729258041726,67.9595372728837,419.7817737530953,0.0,75.88066482543945
3756,4.0,4.01916379022231,0.01916379022230963,67.96733091388612,67.95941629090615,419.78357387294153,0.0,75.88106536865234
3757,4.0,4.01913122262468,0.019131222624680255,67.96737254703083,67.95932631408724,419.78047995116674,0.0,75.88049697875977
3758,4.0,4.019126489929035,0.019126489929035095,67.96741499577604,67.95929411967876,419.78003034508043,0.0,75.88045501708984
3759,4.0,4.019150560464313,0.01915056046431296,67.96745555140282,67.959304854422,419.78231704593185,0.0,75.88095474243164
3760,4.0,4.019118196542342,0.019118196542342147,67.9674971582222,67.95934957197719,419.7792424733446,0.0,75.88039016723633
3761,4.0,4.019136312985798,0.019136312985797765,67.96752906278488,67.9594138698322,419.7809635354729,0.0,75.88076782226562
3762,4.0,4.019107787240767,0.019107787240766783,67.96757410061765,67.95947541282587,419.77825358969494,0.0,75.88027954101562
3763,4.0,4.019103558333996,0.01910355833399624,67.96760461329558,67.95952559276105,419.77785184355173,0.0,75.88023376464844
3764,4.0,4.019120751271176,0.019120751271175962,67.96764188428789,67.9595474021419,419.7794851725838,0.0,75.88059997558594
3765,4.0,4.0190959018610535,0.019095901861053477,67.9676725887183,67.95955400250004,419.77712447862217,0.0,75.88016510009766
3766,4.0,4.019125721336968,0.01912572133696777,67.96770817840593,67.95953886667749,419.77995732883403,0.0,75.88076782226562
3767,4.0,4.019098641680246,0.01909864168024633,67.96772876255004,67.95951426178314,419.7773847614455,0.0,75.88027954101562
3768,4.0,4.019096293986992,0.019096293986992308,67.9677684648529,67.95948296974632,419.7771617305864,0.0,75.88027954101562
3769,4.0,4.019122864344021,0.019122864344020662,67.96779749595031,67.95945392161849,419.77968591450406,0.0,75.88081359863281
3770,4.0,4.018827733815056,0.01882773381505576,67.97410102802618,67.95943656088836,419.7516485142524,0.0,75.88227844238281
3771,4.0,4.018289671549921,0.018289671549920783,67.98505532442397,67.9594317861769,419.7005325990646,0.0,75.88434600830078
3772,4.0,4.017855943408621,0.0178559434086214,67.99443826708952,67.95944151082239,419.65932842564115,0.0,75.88662719726562
3773,4.0,4.017820262340613,0.017820262340612736,67.99270419340878,67.95944154737403,419.6559387241803,0.0,75.88401794433594
3774,4.0,4.018542998283454,0.018542998283454182,67.97666997639028,67.9594610386597,419.72459863875025,0.0,75.87976977229118
3775,4.0,4.018964831408643,0.0189648314086428,67.96612845938348,67.95947399547055,419.7646727856432,0.0,75.87596666812897
3776,4.0,4.019183853895867,0.019183853895866854,67.96007145276128,67.95948289631836,419.7854799219295,0.0,75.87333941459656
3777,4.0,4.019236908478593,0.01923690847859305,67.95808270260551,67.9594885298003,419.79052010728844,0.0,75.87212061882019
3778,4.0,4.019149312488176,0.019149312488176307,67.95899555770382,67.95949236058351,419.78219848819884,0.0,75.8714861869812
3779,4.0,4.018976786756508,0.018976786756508268,67.96143065972244,67.95949472666145,419.7658085436904,0.0,75.87094783782959
3780,4.0,4.018818154927942,0.018818154927942032,67.96418287533298,67.95948268997607,419.7507385199766,0.0,75.87102556228638
3781,4.0,4.018715844904576,0.018715844904575896,67.96652097508792,67.95947678430564,419.74101906775684,0.0,75.8717041015625
3782,4.0,4.018723657124587,0.018723657124587234,67.96700010852759,67.95946384625765,419.7417612286579,0.0,75.87238645553589
3783,4.0,4.018141391200466,0.018141391200465762,67.97761002816478,67.95945243839493,419.68644596586637,0.0,75.87323570251465
3784,4.0,4.017524131188099,0.017524131188099368,67.98808671024028,67.95945134234897,419.62780626469157,0.0,75.87327194213867
3785,4.0,4.016998781136287,0.016998781136287278,67.99476384752198,67.95945081179129,419.5778980097694,0.0,75.87080097198486
3786,4.0,4.0177335342001035,0.017733534200103485,67.97843423988998,67.95946043199675,419.64769955083193,0.0,75.86645412445068
3787,4.0,4.018129947103328,0.01812994710332827,67.96751966652351,67.95947106937325,419.6853587766383,0.0,75.86175727844238
3788,4.0,4.018375367701528,0.0183753677015277,67.96091906546907,67.95946751416237,419.70867373346726,0.0,75.85902309417725
3789,4.0,4.0184424769724885,0.018442476972488464,67.95793609906654,67.95947295601461,419.7150491142085,0.0,75.85696029663086
3790,4.0,4.018316384490975,0.018316384490974613,67.9577788030891,67.95947267543548,419.7030703284647,0.0,75.85440444946289
3791,4.0,4.018113463002123,0.018113463002123353,67.95931051583528,67.95946716623097,419.68379278702383,0.0,75.8522834777832
3792,4.0,4.017869844372311,0.017869844372310872,67.96141113246435,67.95946210206579,419.66064901719164,0.0,75.85002899169922
3793,4.0,4.0176273177664275,0.017627317766427453,67.96336022240108,67.95946455118563,419.6376089896327,0.0,75.84762573242188
3794,4.0,4.017463744869109,0.017463744869108844,67.9647344234406,67.95946543076239,419.62206956438746,0.0,75.84607124328613
3795,4.0,4.0173065783260835,0.01730657832608351,67.96541238039218,67.95947375311704,419.60713874280003,0.0,75.8438606262207
3796,4.0,4.017334252030239,0.017334252030239305,67.96548259576807,67.95947616190193,419.60976774469486,0.0,75.84446144104004
3797,4.0,4.01733375261779,0.017333752617790132,67.96507741675606,67.95946575512316,419.60972030051215,0.0,75.8439998626709
3798,4.0,4.017372116094537,0.017372116094536594,67.96439078913008,67.95946395637628,419.6133648308031,0.0,75.84395790100098
3799,4.0,4.01743841083723,0.0174384108372303,67.96355639740983,67.95946341331232,419.619662831359,0.0,75.84427833557129
3800,4.0,4.017453146453843,0.017453146453843438,67.96270720004055,67.95947495512672,419.62106271493724,0.0,75.84360885620117
3801,4.0,4.017525702429247,0.017525702429247225,67.96189853837701,67.95947471552846,419.6279555326006,0.0,75.84407615661621
3802,4.0,4.017531993677917,0.017531993677916802,67.96116807011471,67.95947959212141,419.62855320122424,0.0,75.84337973594666
3803,4.0,4.017564020168046,0.017564020168046035,67.96054192230844,67.9594751900354,419.63159571778647,0.0,75.84328556060791
3804,4.0,4.017617264045687,0.017617264045687087,67.95998885382754,67.95947561492137,419.6366538861624,0.0,75.84367346763611
3805,4.0,4.0176069468188285,0.01760694681882846,67.95952780714369,67.95946772503655,419.6356737496108,0.0,75.84296417236328
3806,4.0,4.017651612831405,0.01765161283140504,67.95910853084763,67.95946517082763,419.63991702080557,0.0,75.84333944320679
3807,4.0,4.017641399994455,0.017641399994454687,67.95874377832706,67.95946310277563,419.63894680129533,0.0,75.84273958206177
3808,4.0,4.017656185644809,0.01765618564480942,67.95840865249698,67.95946721510462,419.640351438079,0.0,75.84264469146729
3809,4.0,4.017695224490356,0.017695224490355876,67.9580815846122,67.9594725354536,419.6440601284059,0.0,75.84301662445068
3810,4.0,4.0176822660640745,0.017682266064074526,67.95776669225943,67.95946419288963,419.6428290779092,0.0,75.84242057800293
3811,4.0,4.017721583340871,0.017721583340870595,67.95744859556802,67.95946360751695,419.64656421920483,0.0,75.84280776977539
3812,4.0,4.017709007789951,0.01770900778995088,67.9571246635618,67.95946446455541,419.64536954186747,0.0,75.84220886230469
3813,4.0,4.017723068786763,0.017723068786763108,67.95680223356416,67.95947277975286,419.6467053365646,0.0,75.84211444854736
3814,4.0,4.017767708906755,0.01776770890675472,67.95646846149808,67.95947640330334,419.6509461479638,0.0,75.84258460998535
3815,4.0,4.017760221878471,0.01776022187847115,67.95614476898288,67.95947668713153,419.65023488027686,0.0,75.8420820236206
3816,4.0,4.017806300181272,0.01780630018127205,67.95581402646854,67.95947690043468,419.65461231904294,0.0,75.84258270263672
3817,4.0,4.017797690890092,0.017797690890091644,67.95549222727082,67.95947023589679,419.65379443638085,0.0,75.84206104278564
3818,4.0,4.017817454476038,0.017817454476038108,67.9551622276906,67.95946586813635,419.65567197704576,0.0,75.84206581115723
3819,4.0,4.0178633636454695,0.017863363645469477,67.9548386341925,67.95947184433089,419.6600333481417,0.0,75.84257125854492
3820,4.0,4.017856534674692,0.01785653467469217,67.95451321595228,67.95947590365051,419.65938459591786,0.0,75.84207916259766
3821,4.0,4.0179069634448945,0.017906963444894508,67.9541969329601,67.95947157740945,419.6641753290871,0.0,75.84267807006836
3822,4.0,4.017904686978422,0.01790468697842229,67.95388851476046,67.95945844936114,419.66395906477226,0.0,75.8422908782959
3823,4.0,4.017926259458967,0.01792625945896731,67.95359031561182,67.95945463531011,419.666008450424,0.0,75.84236526489258
3824,4.0,4.017975873136607,0.017975873136607312,67.9532912526613,67.95945193524375,419.6707217497998,0.0,75.84296798706055
3825,4.0,4.017971765541432,0.017971765541432205,67.9530086809557,67.95945794568829,419.6703315282582,0.0,75.84257507324219
3826,4.0,4.018020463920089,0.018020463920088936,67.95272339918367,67.95945282956339,419.6749578742306,0.0,75.84317588806152
3827,4.0,4.018012162993688,0.018012162993687575,67.95244509964324,67.95946068425827,419.6741692862224,0.0,75.84270858764648
3828,4.0,4.018029082761171,0.018029082761170656,67.95217604359662,67.95946514563808,419.6757766641333,0.0,75.84272766113281
3829,4.0,4.018070783730723,0.018070783730722795,67.95190145287786,67.95947543097414,419.6797382562408,0.0,75.84320831298828
3830,4.0,4.021400885467942,0.021400885467942388,67.89519883488363,67.9594823087313,419.99609792127666,0.0,75.84272575378418
3831,4.0,4.039917500807214,0.039917500807214346,67.58573216185013,67.95947919664252,421.7551763785075,0.0,75.84466171264648
3832,4.0,4.072266698573113,0.07226669857311308,67.057087762359,67.95948481604526,424.82835016626785,0.0,75.85398483276367
3833,4.0,4.113854044547716,0.11385404454771564,66.39427991256167,67.95947293960519,428.7791480338551,0.0,75.8712158203125
3834,4.0,4.161741247541106,0.16174124754110597,65.65331334926306,67.95947054751099,433.32843231822716,0.0,75.89780616760254
3835,4.0,4.213910151452702,0.2139101514527022,64.87206271968019,67.95946767094175,438.2844781898288,0.0,75.93473434448242
3836,4.0,4.268994361952158,0.2689943619521582,64.07647623563597,67.95945929075894,443.51747818727716,0.0,75.98392105102539
3837,4.0,4.325778073615919,0.32577807361591926,63.28452192982002,67.95946046760095,448.91193079533446,0.0,76.04299926757812
3838,4.0,4.383549769821431,0.38354976982143096,62.50869026751042,67.95947109927087,454.40024193485806,0.0,76.11387634277344
3839,4.0,4.441589754066947,0.4415897540669471,61.757675745603244,67.95946952706953,459.9140404381821,0.0,76.19507217407227
3840,4.0,4.499339736490165,0.49933973649016483,61.03747441388848,67.95947032011534,465.4002887683878,0.0,76.28564834594727
3841,4.0,4.556446396592357,0.5564463965923574,60.35221321957005,67.95947280157723,470.8254214780961,0.0,76.38656234741211
3842,4.0,4.6124280555457196,0.6124280555457196,59.70460706043402,67.95947151336253,476.14367907866546,0.0,76.49533462524414
3843,4.0,4.667151962296813,0.6671519622968134,59.09644081235678,67.95947573760172,481.3424502200194,0.0,76.61446380615234
3844,4.0,4.720228229555452,0.7202282295554516,58.528791104700254,67.95946595256972,486.38469560959004,0.0,76.74145889282227
3845,4.0,4.771357889364859,0.7713578893648592,58.00224685854653,67.95946894892094,491.2420132914837,0.0,76.8748550415039
3846,4.0,4.820456414665857,0.8204564146658573,57.517053037153936,67.95946808346376,495.9063731950786,0.0,77.0162353515625
3847,4.0,4.8672348153848874,0.8672348153848874,57.07321592811664,67.95947008118054,500.35032126338643,0.0,77.16353988647461
3848,4.0,4.911514851800274,0.9115148518002743,56.670609587465954,67.95946335893392,504.5569247228482,0.0,77.3162612915039
3849,4.0,4.95322909801075,0.9532290980107501,56.30899531316936,67.95946920811237,508.51977811284337,0.0,77.47537612915039
3850,4.0,4.992102847482885,0.9921028474828848,55.98810553019936,67.95946739645056,512.2127843126962,0.0,77.6384391784668
3851,4.0,5.02809415112904,1.0280941511290402,55.70760214972991,67.95946423906926,515.6319581590809,0.0,77.8064079284668
3852,4.0,5.060919762288514,1.0609197622885143,55.46718363568267,67.95946330459634,518.750391219231,0.0,77.97637939453125
3853,4.0,5.09062109393302,1.09062109393302,55.266552247515996,67.959468684775,521.572017725459,0.0,78.15029907226562
3854,4.0,5.117061050987822,1.1170610509878216,55.10539944053144,67.95947457419054,524.0838136456651,0.0,78.3271369934082
3855,4.0,5.140050798081591,1.1400507980815906,54.98347198354028,67.95948030126118,526.2678396195732,0.0,78.50495529174805
3856,4.0,5.1596088069176345,1.1596088069176345,54.900517714127226,67.95947201724101,528.1258504589974,0.0,78.68477630615234
3857,4.0,5.175537985630648,1.1755379856306476,54.856323263493756,67.95947697874904,529.6391224367336,0.0,78.86416244506836
3858,4.0,5.187873582129181,1.187873582129181,54.85069355400636,67.95947551284688,530.8110041040943,0.0,79.04401779174805
3859,4.0,5.196559981724988,1.1965599817249881,54.88326633173334,67.95947190448013,531.636212065696,0.0,79.22338485717773
3860,4.0,5.201650710254045,1.2016507102540448,54.95369649171356,67.95946728127589,532.1198312759564,0.0,79.40275955200195
3861,4.0,5.203165162989516,1.2031651629895164,55.06172658254643,67.95946246057011,532.2637042858262,0.0,79.58201599121094
3862,4.0,5.200957162226399,1.2009571622263993,55.20717600907713,67.95945503904616,532.05394421333,0.0,79.75837707519531
3863,4.0,5.195068715786212,1.1950687157862117,55.38993610547629,67.95945473865876,531.4945418015122,0.0,79.93181228637695
3864,4.0,5.18564499028524,1.1856449902852404,55.60993297874522,67.95946244743473,541.8629152866297,0.0,80.10371398925781
3865,4.0,5.172595616416587,1.1725956164165874,55.867153866287495,67.95946606449381,540.6232247691077,0.0,80.27172088623047
3866,4.0,5.156052176503884,1.1560521765038843,56.16162201335912,67.95947196209666,554.2600071430206,0.0,80.43673706054688
3867,4.0,5.135955256665389,1.1359552566653894,56.492593513279225,67.95947682115593,569.2399928569794,0.0,80.59539794921875
3868,4.0,5.112731026869746,1.1127310268697457,56.85810664904715,67.95948096861098,584.2199785709381,0.0,80.75005722045898
3869,4.0,5.086531752154748,1.0865317521547482,57.25659306349985,67.95947450603892,599.2000089287758,0.0,80.89929962158203
3870,4.0,5.057564539775847,1.0575645397758473,57.68685447896511,67.95947525314487,614.1799946427345,0.0,81.04305267333984
3871,4.0,5.025924332624532,1.0259243326245322,58.14795701531242,67.95946781774906,629.1599803566933,0.0,81.1797866821289
3872,4.0,4.991833323707964,0.9918333237079642,58.639162421271756,67.95947194316999,644.140010714531,0.0,81.31025695800781
3873,4.0,4.955447718785383,0.9554477187853827,59.159845068240564,67.95947079182739,659.1199964284897,0.0,81.43431091308594
3874,4.0,4.9168362143442685,0.9168362143442685,59.70947039986374,67.95947201384354,674.0999821424484,0.0,81.55046844482422
3875,4.0,4.876099374023493,0.876099374023493,60.28755373473391,67.95946981142303,689.0800125002861,0.0,81.65780639648438
3876,4.0,4.8334759824440665,0.8334759824440665,60.89364285125713,67.959469526138,701.7011184142424,0.0,81.75776672363281
3877,4.0,4.789019974406649,0.7890199744066493,61.52735035843622,67.95946611217634,711.0511151126375,0.0,81.84880828857422
3878,4.0,4.742908428163847,0.7429084281638474,62.18828834689961,67.9594650113732,719.9239044248837,0.0,81.93148803710938
3879,4.0,4.695193107789667,0.6951931077896667,62.87610679250914,67.95947036329491,728.3076235074576,0.0,82.0042953491211
3880,4.0,4.64636883759843,0.6463688375984296,63.58560339570472,67.95946531142282,721.8002027544445,0.0,82.06726837158203
3881,4.0,4.597205131882299,0.5972051318822986,64.30720452177992,67.95946616738358,715.1817607181194,0.0,82.12039184570312
3882,4.0,4.5481193923110315,0.5481193923110315,65.0347403038396,67.95946955431965,708.5088867037675,0.0,82.16271209716797
3883,4.0,4.499498621841555,0.49949862184155513,65.76424256205362,67.95947333322616,701.8179763976566,0.0,82.1961441040039
3884,4.0,4.451467907682781,0.45146790768278056,66.49293201535858,67.95948284550494,695.1345210441273,0.0,82.21976470947266
3885,4.0,4.404058928144384,0.4040589281443836,67.21883320470937,67.95947822132605,688.4766393249726,0.0,82.23213958740234
3886,4.0,4.357459126622699,0.3574591266226994,67.94058205099623,67.95948193691608,463.18525823868833,0.0,82.23564147949219
3887,4.0,4.314517351605838,0.31451735160583816,68.6106545917664,67.95947270432835,459.10578961208654,0.0,82.2282943725586
3888,4.0,4.2818141755160175,0.2818141755160175,69.12229515577219,67.95947343420701,455.9989878835536,0.0,82.21356201171875
3889,4.0,4.256964859907096,0.2569648599070957,69.50873235198827,67.95947256343013,453.638302900706,0.0,82.19339752197266
3890,4.0,4.237554566810279,0.23755456681027898,69.8049985128648,67.95947510237244,451.7943250565084,0.0,82.1673583984375
3891,4.0,4.222069485862834,0.22206948586283382,70.03711197431801,67.95947273763935,450.3232423665011,0.0,82.13932037353516
3892,4.0,4.209237671821729,0.2092376718217288,70.22369011925345,67.95946629935725,449.1042200325961,0.0,82.10783386230469
3893,4.0,4.198277571510965,0.1982775715109648,70.37794399394357,67.9594307948742,448.06301050307354,0.0,82.07392883300781
3894,4.0,4.188627217324663,0.1886272173246626,70.50916676678385,67.95942889258859,447.14622685537483,0.0,82.03794860839844
3895,4.0,4.179915448394471,0.17991544839447116,70.62391779199065,67.95942736281746,446.3186088070067,0.0,82.00055694580078
3896,4.0,4.171862560069089,0.17186256006908884,70.72677120253157,67.95943869438693,445.55358441609536,0.0,81.9617691040039
3897,4.0,4.1642212424909495,0.1642212424909495,70.82094433439265,67.95945064510806,444.8276592461721,0.0,81.92057800292969
3898,4.0,4.157050380574615,0.1570503805746153,70.90867369144873,67.95933667417368,444.14642736412037,0.0,81.88081359863281
3899,4.0,4.150009250212741,0.15000925021274103,70.99154833457006,67.95934052064081,443.4775199797423,0.0,81.83766174316406
3900,4.0,4.143162162769366,0.14316216276936622,71.07065334475548,67.95936439336799,442.8270466726217,0.0,81.7936782836914
3901,4.0,4.136531673224921,0.13653167322492088,71.14673954562176,67.95939882830105,442.19715016589936,0.0,81.75020599365234
3902,4.0,4.129866178312223,0.12986617831222258,71.22032188456392,67.9594412466795,441.56392814919303,0.0,81.70288848876953
3903,4.0,4.123365954489919,0.12336595448991883,71.29174415467529,67.95939221456945,440.9464068860742,0.0,81.65609741210938
3904,4.0,4.117017836738932,0.11701783673893207,71.36125574254362,67.95939877655216,440.34333569973046,0.0,81.60987854003906
3905,4.0,4.110615455354165,0.11061545535416517,71.42901176138686,67.95940301007735,439.7351094681776,0.0,81.56033325195312
3906,4.0,4.104321570259233,0.10432157025923328,71.4951293268938,67.95942840478682,439.13719038415906,0.0,81.51083374023438
3907,4.0,4.098111278672235,0.0981112786722349,71.55966186757021,67.95944664747621,438.5472126833942,0.0,81.4609603881836
3908,4.0,4.092002866729156,0.09200286672915592,71.62266744860018,67.95945425474717,437.9669135488017,0.0,81.4111557006836
3909,4.0,4.085847094839174,0.08584709483917408,71.68419168995686,67.95943663641337,437.3821152192534,0.0,81.35851287841797
3910,4.0,4.079782534300464,0.07978253430046411,71.74425718683906,67.95944566235056,436.80598196807597,0.0,81.30582427978516
3911,4.0,4.073814899637957,0.07381489963795662,71.8028740255204,67.9594494954598,436.23905667513776,0.0,81.25322723388672
3912,4.0,4.067866420765143,0.06786642076514315,71.86007534756187,67.95945694105721,435.6739511822205,0.0,81.19921875
3913,4.0,4.061916596639927,0.06191659663992688,71.9158654809004,67.9594584071629,435.10871789032495,0.0,81.14340209960938
3914,4.0,4.056075836290327,0.05607583629032664,71.97027002235035,67.95947144739148,434.5538456571129,0.0,81.08802032470703
3915,4.0,4.050326347478128,0.05032634747812814,72.02328303371253,67.95947393347105,434.00764421995405,0.0,81.03272247314453
3916,4.0,4.044592330899824,0.04459233089982373,72.07492154392308,67.95948232641301,433.46291264501514,0.0,80.97602081298828
3917,4.0,4.038867217445271,0.03886721744527133,72.12519440939022,67.95949004592917,432.91902686683267,0.0,80.91780090332031
3918,4.0,4.033203529874115,0.03320352987411468,72.17411578747081,67.9594881417338,432.3809765475728,0.0,80.85913848876953
3919,4.0,4.027648352687682,0.027648352687681843,72.22168585870699,67.95948239687915,431.8532347148617,0.0,80.80098724365234
3920,4.0,4.022151429568381,0.022151429568380898,72.26793091594269,67.9594897960358,431.33102701852806,0.0,80.74237823486328
3921,4.0,4.0166384108103435,0.01663841081034345,72.31284863680057,67.95949320192089,430.8072902365145,0.0,80.68182373046875
3922,4.0,4.011180843839784,0.011180843839784238,72.35645130463229,67.95949103407852,430.2888213743114,0.0,80.62078094482422
3923,4.0,4.0057552990738206,0.005755299073820552,72.39873694046214,67.95949056711076,429.77339462154487,0.0,80.55878448486328
3924,4.0,4.00045852101702,0.0004585210170198195,72.43971867756734,67.95948080708857,429.2702007061488,0.0,80.497802734375
3925,4.0,3.9951932347332675,-0.004806765266732516,72.47939904244623,67.95947743166874,428.5696777852801,0.0,80.4358901977539
3926,4.0,3.9900101662644616,-0.009989833735538411,72.51771046198405,67.95947596445477,428.0772862807435,0.0,80.3740005493164
3927,4.0,3.9847856194133677,-0.01521438058663227,72.55459532079006,67.95947726648099,427.5809543298896,0.0,80.30958557128906
3928,4.0,3.979617899375968,-0.020382100624031896,72.59009875509423,67.95947637326348,427.09002092633665,0.0,80.24468231201172
3929,4.0,3.9745529268603708,-0.02544707313962924,72.62426622059789,67.95948287492422,426.6088485373549,0.0,80.1802749633789
3930,4.0,3.969539961027925,-0.030460038972075054,72.65713304262093,67.95947751608281,426.13261678327257,0.0,80.11538696289062
3931,4.0,3.9646249623181578,-0.03537503768184225,72.68870937824687,67.95947757963427,425.66569190584465,0.0,80.05096435546875
3932,4.0,3.95978355385053,-0.04021644614946984,72.71903344576066,67.95947521769207,425.20575810142003,0.0,79.98656463623047
3933,4.0,3.954966195841033,-0.04503380415896707,72.74810044615016,67.95947399417237,424.7481090905178,0.0,79.92118835449219
3934,4.0,3.9501230669851077,-0.049876933014892266,72.77595399800713,67.9594678386418,424.2880118492049,0.0,79.8538818359375
3935,4.0,3.945303204820795,-0.054696795179205004,72.80257638096681,67.95946783929301,423.8301249435952,0.0,79.7856216430664
3936,4.0,3.940598286719212,-0.05940171328078803,72.8280037956762,67.95946636615938,423.3831577239448,0.0,79.71830749511719
3937,4.0,3.93593997501239,-0.06406002498761021,72.85221761175451,67.95946877354875,422.9406181117967,0.0,79.65054321289062
3938,4.0,3.931348370117566,-0.06865162988243378,72.87524526248042,67.95948156283697,422.50441564678846,0.0,79.58277130126953
3939,4.0,3.9268464083981844,-0.07315359160181556,72.89708927896193,67.95948379856704,422.0767292834472,0.0,79.51546478271484
3940,4.0,3.922363113281448,-0.07763688671855196,72.91776112083659,67.95948306168164,421.6508162473573,0.0,79.44720458984375
3941,4.0,3.91798649796328,-0.08201350203672009,72.9372864391824,67.95948639227635,421.23503779213127,0.0,79.37980651855469
3942,4.0,3.9136463347506876,-0.08635366524931243,72.95564955330119,67.95948990899151,420.822722286935,0.0,79.31183624267578
3943,4.0,3.9093442754596914,-0.09065572454030857,72.97288550228885,67.95948791300984,420.41402665429035,0.0,79.24337005615234
3944,4.0,3.904984607370498,-0.09501539262950187,72.98900659625129,67.95948472540552,419.999858185817,0.0,79.1724853515625
3945,4.0,3.9006631852116205,-0.09933681478837952,73.00399022668554,67.95948109343348,419.58932308072366,0.0,79.10110473632812
3946,4.0,3.8964275464272085,-0.10357245357279155,73.0178647466333,67.95947806631936,419.1869373962045,0.0,79.03022766113281
3947,4.0,3.892252539498994,-0.10774746050100603,73.03062474978653,67.9594811781832,418.7903117380241,0.0,78.95934295654297
3948,4.0,3.8881378118916587,-0.11186218810834125,73.04228679967505,67.95948328805508,418.39941261532726,0.0,78.88846588134766
3949,4.0,3.884083430676692,-0.11591656932330796,73.05283853099782,67.95947819281601,418.01424639990546,0.0,78.81758880615234
3950,4.0,3.8800634614602236,-0.11993653853977637,73.06230420428167,67.95947379422498,417.6323493243409,0.0,78.7462158203125
3951,4.0,3.876126152886468,-0.12387384711353189,73.07069888252371,67.95948183444266,417.25830500983415,0.0,78.67534637451172
3952,4.0,3.8722461928674536,-0.12775380713254636,73.07802831973645,67.95947303740722,416.88970880802776,0.0,78.60447692871094
3953,4.0,3.8684229606775293,-0.13157703932247067,73.08430071177114,67.9594721214869,416.52650174998496,0.0,78.53360748291016
3954,4.0,3.864654948459033,-0.1353450515409671,73.08953938559696,67.95947847066354,416.1685405892278,0.0,78.46273612976076
3955,4.0,3.86091696598467,-0.13908303401532995,73.09374702758912,67.95946898953619,415.81343225416333,0.0,78.39135777950288
3956,4.0,3.8572629286282374,-0.1427370713717626,73.09692340055598,67.95944266765775,415.4662987053022,0.0,78.32057023048402
3957,4.0,3.8536641812692274,-0.14633581873077262,73.09908584490016,67.95943098075529,415.1244177061963,0.0,78.24981355667116
3958,4.0,3.8501121325019168,-0.14988786749808325,73.10024551622298,67.95943836896794,414.7869730733018,0.0,78.17892837524415
3959,4.0,3.8466129120132844,-0.15338708798671563,73.1004234575268,67.95944992856683,414.4545471268817,0.0,78.10806465148927
3960,4.0,3.8431404928120285,-0.15685950718797148,73.09962025097474,67.95946666522401,414.1246673027624,0.0,78.03669738769533
3961,4.0,3.8397380042375073,-0.16026199576249267,73.09785446103183,67.95948081654716,413.8014308881829,0.0,77.96572494506837
3962,4.0,3.8363822072444282,-0.16361779275557176,73.09513326209493,67.95927195941769,413.4826301738404,0.0,77.89468574523927
3963,4.0,3.8330711560177964,-0.16692884398220365,73.09149672242958,67.95923093743276,413.16808030731033,0.0,77.82358551025392
3964,4.0,3.8298049443021083,-0.17019505569789173,73.08691301649499,67.95924468759117,412.85779019432,0.0,77.75239467620851
3965,4.0,3.8265327792737964,-0.17346722072620357,73.08140069650902,67.95929080146493,412.54693451663036,0.0,77.68010425567628
3966,4.0,3.8233520854628362,-0.17664791453716377,73.07497024314617,67.95935429459308,412.2447686045891,0.0,77.6087055206299
3967,4.0,3.820193229009318,-0.1798067709906821,73.0676314917666,67.95893504694826,411.9446772415049,0.0,77.53679752349855
3968,4.0,3.8171177739657565,-0.18288222603424353,73.05938043491423,67.95887122481308,411.6525090123666,0.0,77.4656276702881
3969,4.0,3.814100948708372,-0.18589905129162787,73.05024428006205,67.958918369303,411.36591061291506,0.0,77.39472389221193
3970,4.0,3.8111506862587876,-0.1888493137412124,73.04022155316173,67.9590485089559,411.0856356802045,0.0,77.3242473602295
3971,4.0,3.808231632681327,-0.19176836731867297,73.02935581837993,67.9591848606962,410.80832559034576,0.0,77.25352859497072
3972,4.0,3.805346622136966,-0.19465337786303394,73.01763252242147,67.95870842350136,410.5342495886315,0.0,77.18261146545412
3973,4.0,3.8024940660218998,-0.19750593397810023,73.00505705313364,67.95865842950086,410.26325675770016,0.0,77.11147117614748
3974,4.0,3.799651963665812,-0.20034803633418807,72.9916293874916,67.95875187532035,409.9932570338718,0.0,77.03966331481935
3975,4.0,3.796863435366603,-0.20313656463339713,72.97738337330131,67.95892392504818,409.72834684544694,0.0,76.96809959411623
3976,4.0,3.7942710799672237,-0.20572892003277632,72.9623191811659,67.95912459354302,409.48207308250596,0.0,76.89967155456544
3977,4.0,3.791708396004912,-0.20829160399508817,72.94643537782082,67.9593058906358,409.23861810608634,0.0,76.83100318908693
3978,4.0,3.7921844578100026,-0.20781554218999743,72.92977194041502,67.9591563188691,409.2838439775699,0.0,76.82309657335274
3979,4.0,3.789722243889424,-0.21027775611057598,72.91246501956576,67.95916978625382,409.04993365511496,0.0,76.75499737262719
3980,4.0,3.7873015960625493,-0.21269840393745065,72.89460983824793,67.95922182256018,408.81997211156187,0.0,76.68718671798699
3981,4.0,3.7849030034388336,-0.21509699656116643,72.87617846171548,67.95927584788278,408.5921058123089,0.0,76.61924076080315
3982,4.0,3.7825005264145903,-0.21749947358540966,72.85711460754283,67.959327118388,408.36387049500576,0.0,76.5505762100219
3983,4.0,3.780123634356946,-0.2198763656430538,72.8373932104075,67.95933111228267,408.1380657495296,0.0,76.48176431655877
3984,4.0,3.7777711247999006,-0.22222887520009937,72.81702570198179,67.95937169575608,407.91457734161025,0.0,76.41279363632195
3985,4.0,3.7754691258182476,-0.22453087418175244,72.79595897832411,67.95940988749963,407.6958874383532,0.0,76.34413766860953
3986,4.0,3.7732666766458975,-0.22673332335410246,72.77420080774264,67.95942202848603,407.48665476697994,0.0,76.2767963409423
3987,4.0,3.7711621464052896,-0.22883785359471043,72.75175676279942,67.95942796627902,407.2867243941222,0.0,76.21074199676505
3988,4.0,3.769084913018207,-0.23091508698179286,72.72863157956701,67.95945298657418,407.0893872223494,0.0,76.14455223083488
3989,4.0,3.7670324138712092,-0.23296758612879076,72.70483490347952,67.95947053226591,406.89439980338454,0.0,76.07818603515616
3990,4.0,3.765055155807947,-0.2349448441920532,72.68036317435006,67.95948043732629,406.70656028737466,0.0,76.01266002655021
3991,4.0,3.7631253332198247,-0.23687466678017532,72.6552618948996,67.95948651043584,406.523227141503,0.0,75.94746017456046
3992,4.0,3.7612427710780323,-0.2387572289219677,72.62954355351313,67.95948360868128,406.3443837380328,0.0,75.88259601593009
3993,4.0,3.759408840182111,-0.24059115981788892,72.60321733590033,67.95949598345537,406.17016030292024,0.0,75.81810474395743
3994,4.0,3.757691179777329,-0.24230882022267108,72.57630817862952,67.9595002465336,406.00698256446594,0.0,75.7553758621215
3995,4.0,3.756019440923056,-0.24398055907694394,72.54882287205847,67.95949695644484,405.84816737331005,0.0,75.69299697875968
3996,4.0,3.754346010433812,-0.245653989566188,72.52079434089397,67.95948735457203,405.6891914768318,0.0,75.63004302978507
3997,4.0,3.7527204114551447,-0.24727958854485532,72.49220656445404,67.95947495621265,405.5347595738584,0.0,75.56749534606925
3998,4.0,3.751116322219154,-0.24888367778084586,72.46309977561485,67.95946471653384,405.38237109643933,0.0,75.50486564636222
3999,4.0,3.749510773776741,-0.2504892262232592,72.43346702772071,67.95946057622274,405.2298439944101,0.0,75.4416847229003
4000,4.0,3.748070310142625,-0.25192968985737485,72.40332204144055,67.95946106364207,405.0929999491691,0.0,75.38131713867179
4001,4.0,3.746649529361316,-0.2533504706386842,72.37266553761954,67.95946420614065,404.9580257749447,0.0,75.32083702087394
4002,4.0,3.745299760028129,-0.25470023997187097,72.34151616877189,67.95946756929385,404.82979768829193,0.0,75.26129531860343
4003,4.0,3.7439484943202777,-0.25605150567972235,72.30990373318402,67.95947445270178,404.70142744604607,0.0,75.20126533508292
4004,4.0,3.742621587712492,-0.2573784122875078,72.27780721567315,67.95947527367653,404.57537131830645,0.0,75.14124488830558
4005,4.0,3.7413161544472473,-0.2586838455527527,72.24525859344138,67.95947496468855,404.4513551581082,0.0,75.08120918273917
4006,4.0,3.7400113344786416,-0.25998866552135835,72.21225864818608,67.95947921234843,404.32739726109065,0.0,75.02074050903312
4007,4.0,3.738947318812318,-0.2610526811876821,72.17881456337093,67.95947641973984,404.2263157727899,0.0,74.9646625518798
4008,4.0,3.737854739742489,-0.26214526025751095,72.14494383215188,67.95947346115167,404.1225207611561,0.0,74.90758895874015
4009,4.0,3.7367872090496626,-0.26321279095033745,72.11065628435394,67.95947350311683,404.0211053453376,0.0,74.85060501098624
4010,4.0,3.732329861322093,-0.2676701386779068,72.07597475613257,67.95946870762045,403.59765731121854,0.0,74.7253646850586
4011,4.0,3.7313044992652658,-0.26869550073473425,72.04078045888959,67.95946045275292,403.50024791581995,0.0,74.6683578491211
4012,4.0,3.730365505336368,-0.2696344946636322,72.00494520167004,67.95945651141587,403.4110434925746,0.0,74.61243438720703
4013,4.0,3.7294039946131066,-0.27059600538689343,71.96859110988301,67.95945742296374,403.31969997386483,0.0,74.5555419921875
4014,4.0,3.728614691157218,-0.271385308842782,71.93175415098878,67.95945430886532,403.2447161455554,0.0,74.5016098022461
4015,4.0,3.727876122442089,-0.2721238775579109,71.89449044698625,67.95946153510195,403.17455211761813,0.0,74.4482650756836
4016,4.0,3.7271582705217248,-0.27284172947827523,71.85686415191824,67.95947070664096,403.10635618518353,0.0,74.39497375488281
4017,4.0,3.7264654209370716,-0.27353457906292844,71.81887416525699,67.95946521572075,403.0405354746415,0.0,74.3418197631836
4018,4.0,3.7257903066993547,-0.27420969330064526,71.78057259190946,67.95947196395824,402.9763996220584,0.0,74.28871154785156
4019,4.0,3.7251059946487817,-0.27489400535121833,71.74196976792005,67.95947225039419,402.911389977254,0.0,74.23512268066406
4020,4.0,3.724562985878214,-0.2754370141217861,71.7030659601661,67.95947218325415,402.85980414405003,0.0,74.18405151367188
4021,4.0,3.724084358487177,-0.2759156415128232,71.66388541336451,67.95946844505559,402.8143345419015,0.0,74.13398742675781
4022,4.0,3.7236441147930375,-0.2763558852069625,71.62445805163696,67.9594685560807,402.77251139095824,0.0,74.08444213867188
4023,4.0,3.7231931708085164,-0.2768068291914836,71.58477710389462,67.95946317696338,402.72967171242874,0.0,74.03443145751953
4024,4.0,3.7227536278846682,-0.27724637211533176,71.5448821892368,67.95946616723172,402.68791513466317,0.0,73.98443603515625
4025,4.0,3.7223306711879824,-0.27766932881201756,71.50476253701358,67.95947449071626,402.647734248478,0.0,73.9345474243164
4026,4.0,3.722040894988954,-0.27795910501104615,71.46443062549551,67.95947672012588,402.6202055095703,0.0,73.88709259033203
4027,4.0,3.7218112370514325,-0.27818876294856754,71.42389808304475,67.9594715548848,402.5983880055058,0.0,73.84062957763672
4028,4.0,3.7215919649943134,-0.27840803500568656,71.38317608814904,67.95946821708517,402.5775571600795,0.0,73.79418182373047
4029,4.0,3.7213579098176237,-0.2786420901823763,71.34228986729191,67.9594702129505,402.55532191829394,0.0,73.74727630615234
4030,4.0,3.72115667334576,-0.27884332665423983,71.30124204440183,67.95947403918407,402.5362044534669,0.0,73.70085906982422
4031,4.0,3.721014094519204,-0.27898590548079616,71.2600333907922,67.95947646601417,402.52265946494407,0.0,73.65544128417969
4032,4.0,3.7209776444062634,-0.27902235559373656,71.21868730088326,67.95947838470504,402.5191967042147,0.0,73.61198425292969
4033,4.0,3.7209481051250277,-0.2790518948749723,71.17720820488243,67.95947791803714,402.51639047249733,0.0,73.56852722167969
4034,4.0,3.720927837944879,-0.2790721620551211,71.13561024024096,67.95948483534134,402.51446509038317,0.0,73.52513122558594
4035,4.0,3.7209169921846303,-0.27908300781536965,71.09389824448645,67.959485115384,402.51343474315956,0.0,73.48180389404297
4036,4.0,3.7209117565603695,-0.27908824343963046,71.05209364089666,67.95947777887986,402.5129373588548,0.0,73.43849182128906
4037,4.0,3.7210136536042095,-0.27898634639579045,71.01018571902664,67.95947480859513,402.5226175780196,0.0,73.39718627929688
4038,4.0,3.721171677088106,-0.27882832291189397,70.96819134532656,67.95945984156909,402.5376298089898,0.0,73.35689544677734
4039,4.0,3.7213632602454307,-0.27863673975456926,70.92612184177484,67.9594669557712,402.5558302089356,0.0,73.31718444824219
4040,4.0,3.72153452609912,-0.27846547390088006,70.88398607834384,67.95947098739755,402.5721004650361,0.0,73.2770004272461
4041,4.0,3.7217156500221886,-0.2782843499778114,70.84179200522034,67.95947150811789,402.5893072377276,0.0,73.23694610595703
4042,4.0,3.721927233399624,-0.27807276660037594,70.79955395129403,67.95947304573872,402.60940765858396,0.0,73.19744110107422
4043,4.0,3.7222200679232245,-0.27777993207677554,70.75728883123242,67.95947735573024,402.637226938326,0.0,73.15950012207031
4044,4.0,3.7225941100403936,-0.27740588995960636,70.71496335555238,67.9594778885542,402.6727609394571,0.0,73.12308502197266
4045,4.0,3.7229516499755815,-0.2770483500244185,70.67259815079264,67.95948074224259,402.70672723329994,0.0,73.08629608154297
4046,4.0,3.7233418009443233,-0.2766581990556767,70.63021997409837,67.95947972454505,402.7437915753304,0.0,73.05012512207031
4047,4.0,3.723764964057676,-0.276235035942324,70.58780758781666,67.95947963869804,402.7839920710989,0.0,73.01455688476562
4048,4.0,3.7241966137673264,-0.27580338623267364,70.54536208232491,67.95946989173474,402.8249987935157,0.0,72.97911071777344
4049,4.0,3.7246872413804004,-0.2753127586195996,70.50290877381609,67.95946702785297,402.87160841675774,0.0,72.9448013305664
4050,4.0,3.7251842080784994,-0.27481579192150063,70.46047208774915,67.95946842342863,402.9188202530771,0.0,72.9106216430664
4051,4.0,3.7256913244614447,-0.2743086755385553,70.4180318152499,67.95946659555293,402.96699630945693,0.0,72.87662506103516
4052,4.0,3.7262782393134857,-0.2737217606865143,70.37563650350846,67.9594713172586,403.02275322040083,0.0,72.84422302246094
4053,4.0,3.726901646613572,-0.2730983533864282,70.33323650218112,67.95947456092446,403.081976913909,0.0,72.81251525878906
4054,4.0,3.727506705640637,-0.272493294359363,70.29090194609816,67.95948278349852,403.1394575214802,0.0,72.78050231933594
4055,4.0,3.7281176381746897,-0.27188236182531034,70.24863253613708,67.95948841924424,403.1974961122152,0.0,72.7486572265625
4056,4.0,3.7287857451839908,-0.27121425481600925,70.20642746509725,67.95949220722696,403.2609662780988,0.0,72.71797943115234
4057,4.0,3.729508872980843,-0.2704911270191568,70.16430706399419,67.9594810486448,403.3296634187998,0.0,72.68844604492188
4058,4.0,3.730238336497281,-0.2697616635027189,70.12228269415519,67.95947588511416,403.3989624528614,0.0,72.65911865234375
4059,4.0,3.7309480214676687,-0.2690519785323313,70.08037388763994,67.95947690141088,403.46638252504823,0.0,72.62950897216797
4060,4.0,3.73171022470752,-0.2682897752924802,70.03860671162482,67.95947764053656,403.5387918328341,0.0,72.6010513305664
4061,4.0,3.732524801482165,-0.2674751985178352,69.99696348110872,67.95947810249048,403.61617662642533,0.0,72.57372283935547
4062,4.0,3.733343648400531,-0.2666563515994689,69.95546440204632,67.95947837966295,403.69396708367015,0.0,72.5466079711914
4063,4.0,3.734162035053958,-0.26583796494604206,69.91416866751298,67.95947865683551,403.77171381574567,0.0,72.5196762084961
4064,4.0,3.7350029227308834,-0.2649970772691166,69.87305838028438,67.9594713952841,403.85159814505363,0.0,72.49335479736328
4065,4.0,3.7358932570932213,-0.2641067429067787,69.83214511499806,67.95946353311449,403.9361799094757,0.0,72.46817779541016
4066,4.0,3.736756674192125,-0.263243325807875,69.79143802092884,67.95946017089888,404.01820453387154,0.0,72.44267272949219
4067,4.0,3.7376646771197546,-0.2623353228802454,69.7509464665543,67.95945845468295,404.10446481199637,0.0,72.4182357788086
4068,4.0,3.73861995028263,-0.26138004971737017,69.71065107585292,67.95946894176765,404.1952157624695,0.0,72.3948974609375
4069,4.0,3.7395694631026104,-0.2604305368973896,69.67055703708779,67.95946687501555,404.2854194803677,0.0,72.37163543701172
4070,4.0,3.7405138237859967,-0.2594861762140033,69.6306747181466,67.95946548547168,404.37513374528936,0.0,72.34847259521484
4071,4.0,3.741501316838185,-0.258498683161815,69.5909866166879,67.95947214132366,404.46894558524724,0.0,72.32632446289062
4072,4.0,3.7425306852491973,-0.2574693147508027,69.55150263388367,67.95947067393884,404.56673558429344,0.0,72.30517578125
4073,4.0,3.743527748256712,-0.256472251743288,69.512222028544,67.95946653957571,404.6614565700073,0.0,72.2835922241211
4074,4.0,3.74458856960833,-0.2554114303916699,69.47313637854218,67.95947089434385,404.76223459841106,0.0,72.26342010498047
4075,4.0,3.7456404645586954,-0.25435953544130463,69.43426033740428,67.95947284942017,404.8621646186958,0.0,72.24327087402344
4076,4.0,3.7466831190199934,-0.2533168809800066,69.3955992682157,67.95947059830469,404.96121679251905,0.0,72.22314453125
4077,4.0,3.7478156806049414,-0.2521843193950586,69.35714267124187,67.95947085761405,405.06881014308914,0.0,72.20494079589844
4078,4.0,3.7489108215858966,-0.2510891784141034,69.31890303868441,67.95946613997175,405.17284853627984,0.0,72.18621826171875
4079,4.0,3.750017599901494,-0.24998240009850603,69.28090287079283,67.95946852355934,405.2779924762616,0.0,72.1679458618164
4080,4.0,3.7511877257359743,-0.24881227426402575,69.24313231648469,67.95947223390974,405.38915443053725,0.0,72.15110778808594
4081,4.0,3.7523437562561393,-0.24765624374386075,69.20559404451622,67.95947388863019,405.49897732995294,0.0,72.13421630859375
4082,4.0,3.7535114099257982,-0.24648859007420176,69.16830375083815,67.95947896155808,405.60990442857053,0.0,72.11778259277344
4083,4.0,3.754714976789329,-0.24528502321067114,69.13125322695637,67.9594714921471,405.72424328060595,0.0,72.10226440429688
4084,4.0,3.755901867038239,-0.24409813296176086,69.09447473265108,67.95946476349326,405.8369978542524,0.0,72.08668518066406
4085,4.0,3.757126432735163,-0.24287356726483722,69.05794077415884,67.95947418003881,405.95333159546016,0.0,72.07205963134766
4086,4.0,3.758360853319417,-0.24163914668058295,69.0216772645531,67.95946523801827,406.0706015509643,0.0,72.05788051709534
4087,4.0,3.7596048331852314,-0.24039516681476858,68.98568200947935,67.95947059423874,406.18877963821666,0.0,72.04413986206056
4088,4.0,3.7608597063149483,-0.23914029368505174,68.94996946154392,67.95946825322686,406.30799258553975,0.0,72.0308783054352
4089,4.0,3.7621267277590946,-0.23787327224090538,68.91452612963066,67.95946983115162,406.4283596227337,0.0,72.01810574531557
4090,4.0,3.7633747533758055,-0.23662524662419449,68.87936652761763,67.9594738456489,406.5469220563212,0.0,72.00524139404298
4091,4.0,3.764657807568063,-0.2353421924319372,68.84449319753267,67.95946439716104,406.66881220458566,0.0,71.99332189559938
4092,4.0,3.765978224453512,-0.23402177554648818,68.80990360071452,67.95946457087761,406.79425180870334,0.0,71.98238849639894
4093,4.0,3.7672598848649086,-0.2327401151350914,68.77560652907592,67.95946337076349,406.916009547786,0.0,71.97099542617799
4094,4.0,3.7685767881371732,-0.23142321186282677,68.74159775864399,67.9594674313831,407.04111535865115,0.0,71.96055269241334
4095,4.0,3.769929888598274,-0.23007011140172606,68.7078742085309,67.95946771181866,407.1696599024557,0.0,71.95107460021974
4096,4.0,3.7712427547872704,-0.22875724521272955,68.67445734409773,67.95947417411877,407.2943821904104,0.0,71.94112491607667
4097,4.0,3.7725913322678757,-0.22740866773212431,68.64133403824924,67.95947325624536,407.42249705106786,0.0,71.9321393966675
4098,4.0,3.7739761922550388,-0.22602380774496122,68.60852000415724,67.95947279911034,407.55405874984837,0.0,71.92414474487306
4099,4.0,3.775323043751643,-0.22467695624835704,68.576013032218,67.95946726739815,407.6820096420258,0.0,71.91572284698488
4100,4.0,3.7766789475535574,-0.22332105244644262,68.54381948410153,67.9594640499662,407.81082050320765,0.0,71.9077777862549
4101,4.0,3.7780449881264664,-0.22195501187353361,68.51194048863141,67.95946438714037,407.940594357634,0.0,71.9003314971924
4102,4.0,3.779470932159562,-0.22052906784043813,68.48036809090668,67.95947444527025,408.0760590407781,0.0,71.89432239532472
4103,4.0,3.78085678793618,-0.21914321206382015,68.44911303329302,67.959479154782,408.2077153395568,0.0,71.88785934448244
4104,4.0,3.782230674219674,-0.21776932578032593,68.4181763718811,67.95947989856953,408.3382345364887,0.0,71.88147926330568
4105,4.0,3.7836366708123585,-0.21636332918764145,68.38757830014303,67.9594721553424,408.47180421279376,0.0,71.87604141235353
4106,4.0,3.785053242370307,-0.21494675762969306,68.35729271528369,67.95947714245365,408.60637851079883,0.0,71.87110900878908
4107,4.0,3.7865033718254857,-0.2134966281745143,68.32733638395847,67.95948056041684,408.74414080904086,0.0,71.86713600158693
4108,4.0,3.7878859524296185,-0.21211404757038155,68.29770368022255,67.95947447547842,408.8754859664334,0.0,71.86219787597658
4109,4.0,3.7893307517347905,-0.2106692482652095,68.26841587992399,67.95946589857738,409.01274190042477,0.0,71.85877990722658
4110,4.0,3.790760533628059,-0.2092394663719408,68.23944247630959,67.95946018069493,409.14857118028533,0.0,71.85538482666017
4111,4.0,3.792172471479894,-0.2078275285201059,68.21081007387244,67.95945630731389,409.28270527620964,0.0,71.85198783874513
4112,4.0,3.793618936978887,-0.20638106302111314,68.18250695480513,67.95945372507065,409.42011949861393,0.0,71.84956932067873
4113,4.0,3.7950722495039098,-0.20492775049609024,68.1545583934258,67.9594520650612,409.5581841884911,0.0,71.84763145446779
4114,4.0,3.7965084674881635,-0.2034915325118365,68.12692532295675,67.95945095839035,409.6946248969952,0.0,71.84568023681642
4115,4.0,3.7979520894764396,-0.20204791052356041,68.09965588121308,67.95945022061055,409.83176898588147,0.0,71.84423065185548
4116,4.0,3.799377998864775,-0.20062200113522488,68.07270824856134,67.95945667842494,409.9672303777733,0.0,71.84276390075685
4117,4.0,3.800837994109257,-0.19916200589074284,68.0461057241643,67.95947005516602,410.10592992599913,0.0,71.84228444099419
4118,4.0,3.8023063896024762,-0.19769361039752376,68.01984028627017,67.95946994154724,410.24542749785496,0.0,71.84229815006249
4119,4.0,3.8037571048076426,-0.19624289519235738,67.993918841036,67.95948254237476,410.38324544234575,0.0,71.84231996536248
4120,4.0,3.8051926104500793,-0.19480738954992072,67.96835706501236,67.95948699539744,410.5196184783772,0.0,71.84241390228263
4121,4.0,3.8066102781123567,-0.19338972188764325,67.94311897207287,67.95949495827016,410.6542969062936,0.0,71.84249305725089
4122,4.0,3.808111825413341,-0.19188817458665897,67.91823698720198,67.95948603795553,410.7969438998871,0.0,71.84451150894157
4123,4.0,3.8095711738047764,-0.1904288261952236,67.893684632711,67.95947637615338,410.9355819970734,0.0,71.84606218338004
4124,4.0,3.8110062435152194,-0.18899375648478056,67.86949426775122,67.9594668251815,411.0719136195655,0.0,71.8475184440612
4125,4.0,3.81242622520268,-0.18757377479732007,67.8456518546255,67.95946210364703,411.2068118798743,0.0,71.84903955459586
4126,4.0,3.813879492532568,-0.18612050746743192,67.82214222491108,67.95946068927309,411.34487227621366,0.0,71.85152149200431
4127,4.0,3.8153618787459465,-0.18463812125405354,67.79899826414062,67.95945276858059,411.4856989664846,0.0,71.85492038726798
4128,4.0,3.8168038474483703,-0.1831961525516297,67.77617981031324,67.95946351674318,411.6226859932149,0.0,71.85788440704337
4129,4.0,3.8182280674904097,-0.18177193250959034,67.75371691468855,67.95947480512856,411.75798689720864,0.0,71.86087322235099
4130,4.0,3.819654964707998,-0.1803450352920022,67.73160620026852,67.95947723440435,411.8935421328795,0.0,71.8642683029174
4131,4.0,3.821093224415984,-0.17890677558401613,67.709832681532,67.9594762355534,412.0301768051382,0.0,71.86821746826163
4132,4.0,3.822591434377711,-0.1774085656222888,67.68841329013462,67.95947309529755,412.1725067515023,0.0,71.87365245819083
4133,4.0,3.8240189144268713,-0.17598108557312875,67.66733393491565,67.95947295379672,412.3081173561725,0.0,71.87810134887687
4134,4.0,3.825453381506605,-0.17454661849339503,67.64659998037068,67.95946912623096,412.4443917287472,0.0,71.88303184509269
4135,4.0,3.826843911945733,-0.17315608805426708,67.62622557068293,67.95947001037406,412.5764921204643,0.0,71.887502670288
4136,4.0,3.828265669348491,-0.17173433065150912,67.60618261690385,67.95947113083277,412.71155907372633,0.0,71.8928966522216
4137,4.0,3.829721686493083,-0.17027831350691702,67.58648943559129,67.95946777003032,412.8498807024626,0.0,71.89929008483878
4138,4.0,3.831159545828698,-0.16884045417130178,67.56713862530333,67.95946950331377,412.98647733934604,0.0,71.9056911468505
4139,4.0,3.8325784490143535,-0.16742155098564648,67.54812747178265,67.9594711159914,413.1212731419833,0.0,71.91208267211906
4140,4.0,3.833952286011577,-0.16604771398842288,67.52946209315539,67.95947194906702,413.2517876567195,0.0,71.91798210144034
4141,4.0,3.835334072355127,-0.1646659276448732,67.51115175428788,67.95947284245622,413.3830573593567,0.0,71.92439460754386
4142,4.0,3.8367477631891043,-0.16325223681089573,67.49317387749937,67.95946864524927,413.5173579885846,0.0,71.93174552917472
4143,4.0,3.8381452127846565,-0.16185478721534352,67.4755233917492,67.95946565759672,413.6501157001621,0.0,71.9391269683837
4144,4.0,3.8395475529688183,-0.16045244703118167,67.45823261107714,67.95946566806751,413.78333801765746,0.0,71.94696998596183
4145,4.0,3.8409329937414323,-0.15906700625856773,67.4412636981731,67.95947392155166,413.91495489105574,0.0,71.95482635498038
4146,4.0,3.8423008969477337,-0.1576991030522663,67.42462727928978,67.95946761694124,414.0449056956544,0.0,71.96269607543937
4147,4.0,3.8436745211489156,-0.1563254788510844,67.40834361859335,67.9594618654988,414.1753999947667,0.0,71.97103691101066
4148,4.0,3.8449777067165494,-0.15502229328345063,67.39238649178264,67.95945952033962,414.2992026236919,0.0,71.97839546203605
4149,4.0,3.8463666556760963,-0.15363334432390374,67.37675696681407,67.95946168559429,414.43115277484884,0.0,71.98769760131827
4150,4.0,3.847738565811198,-0.152261434188802,67.36144772617855,67.95947500374383,414.5614842376835,0.0,71.9970111846923
4151,4.0,3.8490902726061167,-0.1509097273938833,67.34649575358117,67.95948480845986,414.6898963832008,0.0,72.00631713867179
4152,4.0,3.850450832861681,-0.14954916713831912,67.33186133238522,67.95947772196156,414.8191496074794,0.0,72.01611709594718
4153,4.0,3.8517665437557813,-0.1482334562442187,67.31755758500641,67.95947284427896,414.9441421424189,0.0,72.02542114257804
4154,4.0,3.853063677861056,-0.14693632213894414,67.30357383905734,67.95946962318422,415.06736988242,0.0,72.03470993041984
4155,4.0,3.854344171045495,-0.14565582895450513,67.2899220910991,67.95946750647205,415.18901673494173,0.0,72.04403305053702
4156,4.0,3.8556032130321944,-0.14439678696780556,67.2765895995757,67.9594561885232,415.3086257236782,0.0,72.05328750610343
4157,4.0,3.8569196746629983,-0.14308032533700166,67.26357473224196,67.95944946102804,415.4336895786045,0.0,72.06394577026359
4158,4.0,3.858247526335442,-0.14175247366455812,67.2508578471277,67.95945920736926,415.5598354874867,0.0,72.07512664794913
4159,4.0,3.8595333638466713,-0.14046663615332866,67.2384689054903,67.95946309781267,415.68199005105345,0.0,72.08586502075187
4160,4.0,3.8608020199932196,-0.1391979800067804,67.2264051710694,67.95946718704315,415.80251238497556,0.0,72.09662246704093
4161,4.0,3.862053174557087,-0.13794682544291303,67.21464328854762,67.95947403290864,415.92137206854295,0.0,72.1073684692382
4162,4.0,3.8633134650913896,-0.13668653490861038,67.20319576818406,67.95948028883986,416.04109966930173,0.0,72.11861419677726
4163,4.0,3.864561132735865,-0.1354388672641349,67.1920604691157,67.95949132883979,416.1596280955269,0.0,72.1299514770507
4164,4.0,3.86576588654176,-0.13423411345823988,67.18121631529408,67.95948244032346,416.2740797070869,0.0,72.1407928466796
4165,4.0,3.8669527067507032,-0.13304729324929676,67.17070463698761,67.9594720799303,416.3868276269365,0.0,72.15164947509757
4166,4.0,3.868122414585605,-0.13187758541439498,67.16048232120035,67.95946566989068,416.49794987125216,0.0,72.16249084472648
4167,4.0,3.869379822054618,-0.13062017794538194,67.1505542761347,67.95946585969651,416.6174035808084,0.0,72.17527770996085
4168,4.0,3.870596078727162,-0.12940392127283795,67.1409065435996,67.9594583395644,416.7329479647001,0.0,72.18759155273429
4169,4.0,3.871820244544714,-0.12817975545528615,67.13156400739392,67.95946853981718,416.84924371736753,0.0,72.2003746032714
4170,4.0,3.8730022799128516,-0.12699772008714838,67.12251430582445,67.95947522366608,416.9615370773406,0.0,72.2126808166503
4171,4.0,3.874166872275125,-0.1258331277248752,67.11377229742635,67.95948496582022,417.07217335175653,0.0,72.22498703002921
4172,4.0,3.875366641300065,-0.12463335869993486,67.10532297282134,67.95947711207795,417.1861514091259,0.0,72.23825836181632
4173,4.0,3.8764976777043225,-0.12350232229567748,67.0971687236573,67.95948432031628,417.29359986753036,0.0,72.25056076049796
4174,4.0,3.8776396428310274,-0.12236035716897264,67.08928700979679,67.95947346740179,417.4020865545673,0.0,72.26335525512687
4175,4.0,3.878739190552275,-0.12126080944772522,67.08169387962468,67.95948025164773,417.5065435880858,0.0,72.27566528320304
4176,4.0,3.8798224365123692,-0.12017756348763076,67.07437271868946,67.95948003613272,417.60945195429474,0.0,72.28796005249015
4177,4.0,3.880942037438847,-0.1190579625611532,67.06733325890326,67.95947364935566,417.7158140423101,0.0,72.30123138427726
4178,4.0,3.881995431542135,-0.11800456845786478,67.06056070235672,67.95946247273652,417.81588648212255,0.0,72.31355285644523
4179,4.0,3.8830571412647377,-0.11694285873526233,67.0540761551427,67.95946190992711,417.9167489057698,0.0,72.32633590698234
4180,4.0,3.884077434355532,-0.11592256564446801,67.04785752495694,67.95946596312068,418.01367674939524,0.0,72.33863067626945
4181,4.0,3.8851880440726188,-0.11481195592738125,67.04189697698072,67.9594688187924,418.1191846725185,0.0,72.35288238525382
4182,4.0,3.886283963854691,-0.11371603614530912,67.0361932278499,67.9594705690477,418.22329705181534,0.0,72.3671340942382
4183,4.0,3.887363965146703,-0.11263603485329687,67.0307530491622,67.9594718587119,418.3258971745565,0.0,72.38137054443351
4184,4.0,3.888399193028777,-0.11160080697122288,67.02557555714479,67.95947259566421,418.4242438233535,0.0,72.3950538635253
4185,4.0,3.889448533870511,-0.11055146612948885,67.0206519497095,67.9594730562592,418.5239312033182,0.0,72.40927124023429
4186,4.0,3.8904844539430705,-0.10951554605692948,67.01599394721612,67.95947333261655,418.6223436102114,0.0,72.42352294921866
4187,4.0,3.8915056518288975,-0.10849434817110248,67.01159899711155,67.9594735168548,418.71935740936493,0.0,72.43778228759757
4188,4.0,3.8925117421917568,-0.10748825780824323,67.00744525158204,67.95947360897395,418.81493599383657,0.0,72.45201873779288
4189,4.0,3.8934769819113932,-0.10652301808860676,67.00355928849693,67.9594737010931,418.90663376720204,0.0,72.46578216552726
4190,4.0,3.8944531177550124,-0.10554688224498765,66.99993210672814,67.9594737010931,418.99936667234584,0.0,72.4800262451171
4191,4.0,3.8954155330085363,-0.10458446699146373,66.99654977070027,67.95946742396313,419.0907961214306,0.0,72.49427795410148
4192,4.0,3.8963635805954877,-0.10363641940451229,66.99340909078998,67.9594595367254,419.180860642191,0.0,72.50852203369132
4193,4.0,3.8972980608946632,-0.10270193910533676,66.99050314562759,67.95945738844577,419.2696362706127,0.0,72.52276611328116
4194,4.0,3.898192141294431,-0.10180785870556885,66.98784003487224,67.9594584775471,419.3545739085906,0.0,72.53651988506317
4195,4.0,3.8991002889488215,-0.10089971105117845,66.98539445430107,67.95946315966775,419.44084793575774,0.0,72.55076968669891
4196,4.0,3.8999946653056163,-0.10000533469438366,66.98317982421487,67.9594810233148,419.52581368965326,0.0,72.565012216568
4197,4.0,3.9008760783073586,-0.09912392169264139,66.9811977113555,67.95948494455962,419.60954792481874,0.0,72.57926440238953
4198,4.0,3.901744734364615,-0.09825526563538478,66.9794335060096,67.95948765578981,419.69207025025815,0.0,72.59351444244385
4199,4.0,3.902573786504428,-0.0974262134955719,66.97788946479078,67.95948122498251,419.77083020354036,0.0,72.60726547241211
4200,4.0,3.9034163933636217,-0.09658360663637833,66.97656734712221,67.95947229461085,419.85087785516373,0.0,72.62150859832764
4201,4.0,3.904247287557425,-0.09575271244257522,66.97545947522892,67.95946631039763,419.92981280357503,0.0,72.63576555252075
4202,4.0,3.9050658852863505,-0.09493411471364954,66.97455241686947,67.95946216750731,420.007579587823,0.0,72.65001106262207
4203,4.0,3.9058724389031827,-0.0941275610968173,66.97385533449696,67.95945958971981,420.08420218142203,0.0,72.6642599105835
4204,4.0,3.9066406576604717,-0.09335934233952825,66.97336401769103,67.95945774844824,420.1571829633645,0.0,72.67801856994629
4205,4.0,3.9074224574706524,-0.09257754252934758,66.97307855866009,67.95945682781398,420.2314539453317,0.0,72.69225311279297
4206,4.0,3.9081944092106307,-0.09180559078936934,66.97298393706511,67.95945599924418,420.3047893606296,0.0,72.70651149749756
4207,4.0,3.908953590151619,-0.09104640984838097,66.97308795665182,67.95945563099119,420.3769115500235,0.0,72.72074794769287
4208,4.0,3.909702806320631,-0.09029719367936906,66.97338282933343,67.95945535480152,420.4480870860796,0.0,72.73500633239746
4209,4.0,3.910413506802666,-0.0895864931973338,66.973871045132,67.95945517067514,420.515603631873,0.0,72.74875831604004
4210,4.0,3.9111401340109007,-0.08885986598909934,66.97454369188685,67.9594549865489,420.5846332166553,0.0,72.76300716400146
4211,4.0,3.9118558342415533,-0.08814416575844675,66.97540317046568,67.95945498654893,420.6526247385672,0.0,72.77725601196289
4212,4.0,3.912561076471998,-0.0874389235280022,66.97643872497396,67.959454986549,420.7196227504595,0.0,72.79150199890137
4213,4.0,3.913255382764571,-0.08674461723542892,66.9776663446954,67.9594549865489,420.78558184825397,0.0,72.80575370788574
4214,4.0,3.913912453333652,-0.08608754666634821,66.97906934524353,67.9594548944859,420.84800355231664,0.0,72.81950378417969
4215,4.0,3.914586299952247,-0.08541370004775306,66.98064439456452,67.9594548944859,420.9120189810832,0.0,72.83375358581543
4216,4.0,3.9152505438547625,-0.08474945614523755,66.98238318527198,67.95945489448594,420.9751221518221,0.0,72.84800338745117
4217,4.0,3.9159040009801296,-0.08409599901987042,66.98430765450702,67.95945489448596,421.037200578732,0.0,72.86225509643555
4218,4.0,3.9165475465245847,-0.0834524534754153,66.9863939904156,67.95945489448562,421.09833740545525,0.0,72.87649917602539
4219,4.0,3.9171547031842535,-0.08284529681574648,66.9886409207225,67.95945489448563,421.1560172881238,0.0,72.8902416229248
4220,4.0,3.9177791747084036,-0.08222082529159636,66.99105728641592,67.9594548944856,421.215342082918,0.0,72.90449142456055
4221,4.0,3.918393885321999,-0.08160611467800116,66.99363100411213,67.95945489448562,421.27373959120956,0.0,72.91873168945312
4222,4.0,3.9190006458852618,-0.08099935411473824,66.99636610372677,67.95945489448562,421.33138184471954,0.0,72.9330005645752
4223,4.0,3.9195972070133407,-0.08040279298665931,66.99924842180096,67.9594548944856,421.38805515188704,0.0,72.94724082946777
4224,4.0,3.9201578626964153,-0.07984213730358469,67.00230149339723,67.95945489448562,421.4413174417791,0.0,72.96099972724915
4225,4.0,3.9207364182175315,-0.0792635817824685,67.00549907641789,67.95945489448567,421.4962802162852,0.0,72.97525012493134
4226,4.0,3.9213072252359233,-0.07869277476407666,67.00882659288487,67.95945489448562,421.5505068830324,0.0,72.98949885368347
4227,4.0,3.921869455644117,-0.07813054435588285,67.01229892149236,67.95945489448572,421.6039187718108,0.0,73.00374674797058
4228,4.0,3.9224227767768216,-0.0775772232231784,67.01592487934401,67.95945489448563,421.6564842794177,0.0,73.01799726486206
4229,4.0,3.922940856856823,-0.07705914314317708,67.01969000346688,67.9594548944857,421.7057018870179,0.0,73.03174448013306
4230,4.0,3.92347809687963,-0.0765219031203701,67.02358841766439,67.95945489448583,421.75673968918454,0.0,73.04599475860596
4231,4.0,3.9240056237057703,-0.07599437629422967,67.02763768046138,67.95945489448587,421.8068547376679,0.0,73.0602297782898
4232,4.0,3.924524070066238,-0.07547592993376195,67.03182782870584,67.95945489448579,421.85610714191233,0.0,73.07445049285889
4233,4.0,3.9250361639772384,-0.07496383602276158,67.03615291707005,67.95945489448575,421.90475606345734,0.0,73.08870124816895
4234,4.0,3.9255142048640814,-0.07448579513591858,67.04061064762763,67.95945489448563,421.9501699477074,0.0,73.102463722229
4235,4.0,3.9260082412677137,-0.07399175873228625,67.04519377336607,67.95945489448567,421.9971034060525,0.0,73.11666202545166
4236,4.0,3.9264185121455983,-0.07358148785440166,67.04991382313513,67.95945489448566,422.03607913945154,0.0,73.12945079803467
4237,4.0,3.9268468712240834,-0.07315312877591662,67.0547629101635,67.95945489448562,422.07677325190764,0.0,73.14271831512451
4238,4.0,3.9272174929527277,-0.0727825070472723,67.05971825468873,67.95945489448565,422.11198231612883,0.0,73.15502738952637
4239,4.0,3.92757788875932,-0.07242211124068021,67.06479744934552,67.9594548944856,422.14621991775505,0.0,73.16728210449219
4240,4.0,3.927960878179539,-0.07203912182046102,67.06997327503328,67.95945489448563,422.1826039126759,0.0,73.18006420135498
4241,4.0,3.928311704427824,-0.07168829557217604,67.07524280679314,67.95945489448562,422.215932406263,0.0,73.19235038757324
4242,4.0,3.9287090729769476,-0.0712909270230524,67.08061593807241,67.9594548944856,422.2536824184297,0.0,73.20561790466309
4243,4.0,3.9290436507390756,-0.07095634926092442,67.08609716055987,67.9594548944856,422.28546730583184,0.0,73.21783447265625
4244,4.0,3.929377476125369,-0.07062252387463097,67.09166718447136,67.95945489448562,422.31718071752977,0.0,73.23013496398926
4245,4.0,3.929732107918989,-0.07026789208101114,67.09733705577347,67.95945489448562,422.35087073792363,0.0,73.24293327331543
4246,4.0,3.9300529094206222,-0.06994709057937776,67.10309257961386,67.95945489448563,422.3813468805788,0.0,73.25519561767578
4247,4.0,3.930422574897139,-0.06957742510286113,67.10894924323878,67.9594548944856,422.41646510084786,0.0,73.26848030090332
4248,4.0,3.9307317484658784,-0.06926825153412164,67.11489436034176,67.95945489448562,422.4458365898781,0.0,73.28073501586914
4249,4.0,3.9310377132234446,-0.06896228677655536,67.12092826597352,67.95945489448562,422.47490324184696,0.0,73.29302787780762
4250,4.0,3.931363689591936,-0.06863631040806384,67.12704919916155,67.9594548944856,422.5058709968536,0.0,73.30578994750977
4251,4.0,3.9316586951233528,-0.06834130487664725,67.13324386753808,67.9594548944856,422.5338965223382,0.0,73.31805610656738
4252,4.0,3.9320028954619173,-0.06799710453808272,67.13952837661726,67.95945489448562,422.5665955545018,0.0,73.33133888244629
4253,4.0,3.9322866827121925,-0.0677133172878075,67.14589519774043,67.9594548944856,422.59355534327796,0.0,73.34358596801758
4254,4.0,3.932568369291892,-0.06743163070810798,67.15234236812596,67.95945489448563,422.62031556834944,0.0,73.35588264465332
4255,4.0,3.9328452449799474,-0.06715475502005264,67.15887251354138,67.9594548944856,422.6466187587147,0.0,73.3681812286377
4256,4.0,3.9330349405282123,-0.06696505947178766,67.16549211725138,67.95945489448565,422.66463983579985,0.0,73.37895202636719
4257,4.0,3.933249853900514,-0.06675014609948615,67.17217620385449,67.95945489448563,422.68505660616853,0.0,73.3902645111084
4258,4.0,3.9334603844365006,-0.06653961556349941,67.17894139633853,67.95945489448567,422.70505700708725,0.0,73.40158462524414
4259,4.0,3.93363733632856,-0.06636266367143984,67.18576443658327,67.95945489448563,422.7218674368329,0.0,73.4123420715332
4260,4.0,3.933815760073291,-0.06618423992670897,67.19263154241841,67.95945489448563,422.73881769258236,0.0,73.42317581176758
4261,4.0,3.9339891458807594,-0.06601085411924057,67.19956313721843,67.95945489448567,422.75528934429184,0.0,73.43398666381836
4262,4.0,3.9341828770608225,-0.06581712293917752,67.20655148401211,67.95945489448563,422.77369380639783,0.0,73.44524002075195
4263,4.0,3.934377246747861,-0.06562275325213918,67.21358757290714,67.9594548944857,422.79215892666645,0.0,73.45655822753906
4264,4.0,3.934541471178345,-0.06545852882165493,67.22068773593455,67.9594548944857,422.8077602475625,0.0,73.4673843383789
4265,4.0,3.934700050305334,-0.06529994969466602,67.22783489834717,67.95945489448566,422.82282526462643,0.0,73.47815704345703
4266,4.0,3.9348568644555804,-0.06514313554441964,67.23504305347129,67.9594548944857,422.8377226088998,0.0,73.48896408081055
4267,4.0,3.935038930554736,-0.06496106944526403,67.24230073365258,67.95945489448567,422.8550188883196,0.0,73.50029754638672
4268,4.0,3.9352164292380674,-0.06478357076193264,67.24958693912646,67.95945489448562,422.8718812632361,0.0,73.51157760620117
4269,4.0,3.935363600296787,-0.06463639970321289,67.25691969982753,67.95945489448575,422.88586251381446,0.0,73.52234268188477
4270,4.0,3.9355123804203602,-0.06448761957963978,67.26430117925186,67.95945489448567,422.8999966255539,0.0,73.5331916809082
4271,4.0,3.9356553418172533,-0.0643446581827467,67.27173968708912,67.95945489448569,422.91357795825877,0.0,73.54399490356445
4272,4.0,3.9357410078959507,-0.06425899210404928,67.27922195673933,67.9594548944857,422.921716235735,0.0,73.55377578735352
4273,4.0,3.9358035411502446,-0.06419645884975544,67.2867469687756,67.95946243923522,422.92765689489295,0.0,73.56317138671875
4274,4.0,3.935856851316557,-0.06414314868344295,67.2943212711333,67.95946923351637,422.9327213606926,0.0,73.57244873046875
4275,4.0,3.9359049761290708,-0.06409502387092925,67.3019177415242,67.95947973684392,422.9372932178814,0.0,73.5816535949707
4276,4.0,3.9359542158638314,-0.06404578413616857,67.30952636148713,67.9594923148593,422.94197099268365,0.0,73.59089279174805
4277,4.0,3.9360303426410606,-0.06396965735893945,67.31715992194675,67.95949807350927,422.94920303652043,0.0,73.60066223144531
4278,4.0,3.936074117492233,-0.0639258825077671,67.32483018237603,67.95949320003488,422.9533616473818,0.0,73.60986709594727
4279,4.0,3.9361196254468847,-0.06388037455311535,67.33251598148756,67.95948755370559,422.95768490307375,0.0,73.61912155151367
4280,4.0,3.936165663147344,-0.06383433685265594,67.34023091791242,67.95947384510649,422.9620584846174,0.0,73.62841796875
4281,4.0,3.936206636953286,-0.06379336304671401,67.34796253901386,67.95946379497462,422.96595099618185,0.0,73.63763809204102
4282,4.0,3.9362744922221777,-0.06372550777782227,67.35571198293398,67.9594609466173,422.9723972467266,0.0,73.64738082885742
4283,4.0,3.9363141941044386,-0.06368580589556139,67.36348243984962,67.95945981095348,422.97616892554134,0.0,73.65662002563477
4284,4.0,3.936360203240707,-0.06363979675929299,67.37126689630907,67.959456131057,422.98053979348686,0.0,73.6659927368164
4285,4.0,3.9364014619514287,-0.0635985380485713,67.37906968689234,67.95945831525701,422.9844593710054,0.0,73.67529678344727
4286,4.0,3.9363898923634673,-0.06361010763653274,67.3868940362371,67.95946879887833,422.9833602601491,0.0,73.68363571166992
4287,4.0,3.936377209680792,-0.06362279031920792,67.39473400015342,67.95947081436724,422.9821554052949,0.0,73.69197082519531
4288,4.0,3.936312352491488,-0.06368764750851197,67.40259521933586,67.95947096949602,422.9759939723111,0.0,73.6993522644043
4289,4.0,3.9362718969074253,-0.0637281030925747,67.41046095510033,67.95947163011472,422.9721506918251,0.0,73.70719528198242
4290,4.0,3.9362313349037126,-0.06376866509628742,67.41832518641829,67.95947612060435,422.9682973014724,0.0,73.71503448486328
4291,4.0,3.936195783980733,-0.06380421601926711,67.42618398529122,67.9594762212739,422.9649199637893,0.0,73.72296142578125
4292,4.0,3.936182129995781,-0.06381787000421912,67.43403761372147,67.9594683231143,422.96362283521887,0.0,73.73129272460938
4293,4.0,3.936116568312688,-0.06388343168731181,67.44190147417589,67.95946975011002,422.9573944753251,0.0,73.73866271972656
4294,4.0,3.93607631482189,-0.0639236851781102,67.44976454205522,67.9594715401633,422.95357039369924,0.0,73.74650573730469
4295,4.0,3.936036941202208,-0.06396305879779218,67.45762664720334,67.95947175593643,422.9498298998294,0.0,73.75436401367188
4296,4.0,3.9359973149571754,-0.06400268504282458,67.46548626169718,67.95946763335418,422.9460654065514,0.0,73.76221466064453
4297,4.0,3.935983251791415,-0.06401674820858494,67.47334743694064,67.95946679631751,422.94472940580414,0.0,73.77054595947266
4298,4.0,3.9359172638856963,-0.0640827361143037,67.48119872236619,67.95947259624246,422.93846055476087,0.0,73.77789306640625
4299,4.0,3.935878518238592,-0.0641214817614082,67.48904371343245,67.95947307323118,422.93477971828594,0.0,73.7857437133789
4300,4.0,3.9358134297237473,-0.06418657027625274,67.49688702535667,67.959473990543,422.9285963093757,0.0,73.79309844970703
4301,4.0,3.9356750031233614,-0.06432499687663862,67.50473232958225,67.95946531409878,422.915445782339,0.0,73.79907989501953
4302,4.0,3.935584107633446,-0.06441589236655387,67.51256254978473,67.95946780176939,422.90681071079706,0.0,73.8059356212616
4303,4.0,3.9354429279202194,-0.06455707207978056,67.5203864158296,67.95946563205989,422.89339863804054,0.0,73.81184089183807
4304,4.0,3.935328786598106,-0.06467121340189408,67.52820991100278,67.95947135327343,422.88255521243974,0.0,73.81825232505798
4305,4.0,3.935215910531355,-0.06478408946864489,67.53600047690813,67.95947062306652,422.8718319860984,0.0,73.82465100288391
4306,4.0,3.9350786329294607,-0.0649213670705393,67.54377082531532,67.95946899053011,422.8587906139185,0.0,73.83056926727295
4307,4.0,3.9349940185787644,-0.06500598142123559,67.55150992052128,67.95947394071564,422.8507522506023,0.0,73.83744096755981
4308,4.0,3.934858887673203,-0.06514111232679687,67.55923893741978,67.95947491297457,422.837914814574,0.0,73.84335327148438
4309,4.0,3.9347507701699596,-0.06524922983004044,67.56694742903998,67.95948400704258,422.82764365176587,0.0,73.84974956512451
4310,4.0,3.9346431768220342,-0.06535682317796576,67.57464254320291,67.9594741852216,422.817422283713,0.0,73.85614061355591
4311,4.0,3.9345113173390565,-0.06548868266094354,67.5823151059856,67.95948151490656,422.80489563283004,0.0,73.86205101013184
4312,4.0,3.934432048954959,-0.0655679510450411,67.58997172427357,67.95947075485546,422.7973651363408,0.0,73.86893081665039
4313,4.0,3.93430167757009,-0.06569832242991014,67.59760699135597,67.9594750241163,422.7849798547782,0.0,73.87482738494873
4314,4.0,3.934200467234523,-0.06579953276547679,67.605205917659,67.95947799614443,422.7753648728994,0.0,73.8812313079834
4315,4.0,3.934022077819458,-0.06597792218054188,67.61278772708042,67.95946610916928,422.7584178784682,0.0,73.8861665725708
4316,4.0,3.9338203407325003,-0.06617965926749969,67.62034565848997,67.9594581846185,422.7392528552072,0.0,73.8906364440918
4317,4.0,3.9336703027469664,-0.06632969725303361,67.627887457865,67.95945284019878,422.7249992465815,0.0,73.89605903625488
4318,4.0,3.933469964085992,-0.06653003591400797,67.63539660915812,67.95944933870217,422.70596707378894,0.0,73.90050029754639
4319,4.0,3.9332983217608652,-0.06670167823913475,67.64287039990826,67.95944703509385,422.6896610529019,0.0,73.90544128417969
4320,4.0,3.9331029262776034,-0.06689707372239662,67.65031433166584,67.95944556078827,422.67109848199203,0.0,73.90990257263184
4321,4.0,3.932910332983904,-0.06708966701609587,67.65771778067428,67.95944463934863,422.6528021190906,0.0,73.91437149047852
4322,4.0,3.93277069649962,-0.06722930350038014,67.66506982029809,67.95947139357294,422.63953665308355,0.0,73.91977882385254
4323,4.0,3.9325824130753535,-0.0674175869246465,67.67239346833684,67.9594710249978,422.6216497277783,0.0,73.92424011230469
4324,4.0,3.932421609664255,-0.0675783903357452,67.67968488814388,67.9594707485666,422.6063734037239,0.0,73.9291820526123
4325,4.0,3.9322363658682424,-0.06776363413175757,67.68693835576629,67.95947056427913,422.5887752431027,0.0,73.93362236022949
4326,4.0,3.9320546048628002,-0.06794539513719977,67.69415524875492,67.95947047213545,422.5715079475857,0.0,73.9380874633789
4327,4.0,3.9319238985005347,-0.0680761014994653,67.70134768822737,67.95947037999193,422.5590908431705,0.0,73.94348526000977
4328,4.0,3.9317408146418678,-0.06825918535813225,67.70849429530553,67.9594702878481,422.54169787659714,0.0,73.94784736633301
4329,4.0,3.9315858965993624,-0.06841410340063758,67.71561403327578,67.95947028784813,422.52698066255914,0.0,73.95270919799805
4330,4.0,3.931407450529909,-0.06859254947009097,67.72268377476999,67.95947028784836,422.510028285961,0.0,73.95707321166992
4331,4.0,3.931179639284783,-0.06882036071521691,67.7297185041901,67.95947028784813,422.4883862176741,0.0,73.96046954393387
4332,4.0,3.930953900737033,-0.0690460992629669,67.736722263243,67.95947028784822,422.46694105563785,0.0,73.96387016773224
4333,4.0,3.9307043642448942,-0.06929563575510578,67.74368895319174,67.95947028784818,422.44323508888465,0.0,73.96678161621094
4334,4.0,3.930487716694548,-0.069512283305452,67.7506083557574,67.95947028784819,422.42265357160176,0.0,73.97025942802429
4335,4.0,3.9302465172670487,-0.06975348273295134,67.75748183149015,67.9594702878483,422.3997396259893,0.0,73.97322416305542
4336,4.0,3.930004818928764,-0.06999518107123581,67.76431430351597,67.95947028784832,422.3767782838523,0.0,73.97613382339478
4337,4.0,3.929796148370764,-0.07020385162923581,67.77109916301512,67.95947028784825,422.3569545808423,0.0,73.97961235046387
4338,4.0,3.9295655750057255,-0.07043442499427455,67.77782873906041,67.95947028784835,422.3350501111636,0.0,73.98261737823486
4339,4.0,3.9293608822141928,-0.07063911778580723,67.78449708891344,67.95947028784828,422.315604295968,0.0,73.98604202270508
4340,4.0,3.929133373995634,-0.07086662600436622,67.79112638014198,67.95947028784828,422.2939910152049,0.0,73.98899364471436
4341,4.0,3.928910901582039,-0.07108909841796107,67.79770798949862,67.95947028784829,422.2728561359134,0.0,73.99198722839355
4342,4.0,3.9287123702001527,-0.07128762979984726,67.80424418432473,67.95947028784812,422.2539956546342,0.0,73.99538135528564
4343,4.0,3.928491290387384,-0.0715087096126159,67.81072979364843,67.9594702878481,422.2329930724212,0.0,73.99829483032227
4344,4.0,3.9283012921946794,-0.07169870780532062,67.81717246815025,67.95947028784822,422.21494324411424,0.0,74.00174617767334
4345,4.0,3.928085660184748,-0.07191433981525197,67.82357590846328,67.95947028784823,422.19445820317077,0.0,74.00467109680176
4346,4.0,3.9278723427190796,-0.07212765728092041,67.82993221563453,67.95947028784848,422.17419304393223,0.0,74.00758743286133
4347,4.0,3.9276665148005434,-0.07233348519945659,67.83624289911533,67.95947028784808,422.1546393916713,0.0,74.01059436798096
4348,4.0,3.927383503080866,-0.07261649691913385,67.84248885246016,67.95947028784806,422.12775327830195,0.0,74.01207542419434
4349,4.0,3.927101734823629,-0.07289826517637099,67.84868886974115,67.95947028784809,422.1009852938644,0.0,74.01352882385254
4350,4.0,3.9268244360477045,-0.07317556395229552,67.85483877390944,67.95947028784812,422.0746419101516,0.0,74.01501083374023
4351,4.0,3.9265499562814226,-0.07345004371857744,67.86093732944545,67.95947028784819,422.0485663323548,0.0,74.01648902893066
4352,4.0,3.926303460463156,-0.07369653953684407,67.86698324213386,67.95947028784825,422.0251492296195,0.0,74.01843643188477
4353,4.0,3.926036349508395,-0.07396365049160503,67.87297005604088,67.9594702878482,421.99977368891723,0.0,74.01992988586426
4354,4.0,3.9257710372105827,-0.07422896278941726,67.87889510148015,67.95947028784818,421.97456902062504,0.0,74.02138900756836
4355,4.0,3.925510202512108,-0.07448979748789197,67.88476625503687,67.95947028784832,421.94978972427,0.0,74.02287292480469
4356,4.0,3.9252538689654255,-0.0747461310345745,67.89058307851602,67.95947028784815,421.92543803733514,0.0,74.02438163757324
4357,4.0,3.9250249584405963,-0.07497504155940371,67.89632340386721,67.95947028784828,421.90369153747633,0.0,74.02632331848145
4358,4.0,3.924773831159925,-0.07522616884007505,67.90200614079887,67.95947028784832,421.87983444581255,0.0,74.02778244018555
4359,4.0,3.924526378744649,-0.07547362125535084,67.9076295165484,67.95947028784828,421.85632646636134,0.0,74.02924537658691
4360,4.0,3.924286198578748,-0.07571380142125195,67.91320823649743,67.9594702878481,421.83350935060076,0.0,74.03079605102539
4361,4.0,3.9240447148899564,-0.07595528511004357,67.9187174596263,67.95947028784828,421.81056840016555,0.0,74.03224563598633
4362,4.0,3.923832196683355,-0.07616780331664508,67.92418618165581,67.95947028784818,421.7903791705384,0.0,74.0341968536377
4363,4.0,3.923596469503209,-0.07640353049679094,67.92960230491468,67.95947028784806,421.76798508842455,0.0,74.03565216064453
4364,4.0,3.923363835662792,-0.07663616433720799,67.93496201598342,67.95947028784806,421.74588487358494,0.0,74.0371036529541
4365,4.0,3.9231347354671997,-0.07686526453280029,67.94027866997494,67.95947028784818,421.72412035500366,0.0,74.03857421875
4366,4.0,3.9229127945917606,-0.07708720540823943,67.94553670697672,67.95947028784818,421.7030359718369,0.0,74.04011535644531
4367,4.0,3.9226893444533264,-0.0773106555466736,67.95074096266971,67.95947028784826,421.6818082086857,0.0,74.04156875610352
4368,4.0,3.922366758736418,-0.07763324126358206,67.95588125862572,67.9594702878483,421.6511625655794,0.0,74.04108047485352
4369,4.0,3.922073292177489,-0.07792670782251099,67.96096601282237,67.95947028784813,421.62328324248114,0.0,74.04108047485352
4370,4.0,3.92178326012372,-0.07821673987628008,67.96599901007386,67.9594702878482,421.5957301973731,0.0,74.04108810424805
4371,4.0,3.9214965513148687,-0.07850344868513126,67.97096464435495,67.95947028784806,421.5684928605322,0.0,74.04108428955078
4372,4.0,3.9212390764010006,-0.07876092359899944,67.97587250574321,67.95947028784806,421.54403274371475,0.0,74.04156875610352
4373,4.0,3.920933782807708,-0.07906621719229179,67.98071345792852,67.95947028784808,421.515029852352,0.0,74.04107666015625
4374,4.0,3.9206576606942973,-0.07934233930570267,67.98549416414491,67.95947028784806,421.4887982515779,0.0,74.04106903076172
4375,4.0,3.9203851097881675,-0.07961489021183255,67.99021711217411,67.95947028784806,421.4629059154956,0.0,74.04106521606445
4376,4.0,3.9201160677503823,-0.07988393224961765,67.99487985514786,67.95947028784813,421.437346921906,0.0,74.04106140136719
4377,4.0,3.919877494715047,-0.0801225052849528,67.99947362707539,67.95947028784806,421.4146824835492,0.0,74.04155731201172
4378,4.0,3.9195952923587067,-0.08040470764129326,68.00400856515331,67.95947028784806,421.38787325969685,0.0,74.04116439819336
4379,4.0,3.9193372045052977,-0.08066279549470234,68.00847961264402,67.95947081586529,421.36335491362297,0.0,74.04115676879883
4380,4.0,3.9190842624650517,-0.0809157375349483,68.01286895526471,67.95947690425326,421.3393254197996,0.0,74.04115676879883
4381,4.0,3.9188352788966125,-0.08116472110338746,68.01719716796707,67.95948157300866,421.3156719807979,0.0,74.04116439819336
4382,4.0,3.9186149747919052,-0.08138502520809476,68.02146966739211,67.95948274347589,421.2947430908507,0.0,74.04165267944336
4383,4.0,3.918345581509711,-0.08165441849028898,68.0256906449218,67.95948131657292,421.2691507290422,0.0,74.04115676879883
4384,4.0,3.9181064747913985,-0.08189352520860149,68.0298489968135,67.95947876479536,421.24643559080255,0.0,74.04116439819336
4385,4.0,3.9178676894945226,-0.08213231050547742,68.03395320196834,67.95947391352834,421.2237509875993,0.0,74.04111862182617
4386,4.0,3.9176292316641756,-0.08237076833582435,68.03800314448924,67.95946958034371,421.20109749371636,0.0,74.04101943969727
4387,4.0,3.917421553915115,-0.08257844608488485,68.04199571951482,67.9594664759321,421.1813681075556,0.0,74.04143905639648
4388,4.0,3.91716368311533,-0.08283631688466997,68.0459421059214,67.95946440906516,421.156870381576,0.0,74.04085922241211
4389,4.0,3.91693572422725,-0.08306427577275022,68.04982863540755,67.95947181455638,421.13521428720844,0.0,74.04077911376953
4390,4.0,3.916710596212917,-0.08328940378708305,68.05366643023918,67.95947255763458,421.1138271258468,0.0,74.04069900512695
4391,4.0,3.9164878297153716,-0.08351217028462843,68.05744609760833,67.95946844113178,421.09266430857997,0.0,74.04059982299805
4392,4.0,3.9162451600614805,-0.08375483993851951,68.06117584428674,67.95946459141913,421.06961069146035,0.0,74.04006958007812
4393,4.0,3.91595681493319,-0.08404318506681019,68.06485829948548,67.9594622627844,421.0422179042727,0.0,74.03862380981445
4394,4.0,3.915646124765974,-0.08435387523402582,68.06846678826778,67.95946235780555,421.0127023383872,0.0,74.03667449951172
4395,4.0,3.9153654323603955,-0.08463456763960453,68.07200677201813,67.95946693633047,420.98603655985727,0.0,74.03521728515625
4396,4.0,3.9150887273996946,-0.0849112726003054,68.07547442200364,67.95947665930282,420.9597495885907,0.0,74.03375625610352
4397,4.0,3.9148156383664645,-0.08518436163353549,68.0788937126635,67.95948365111106,420.9338061304338,0.0,74.03231048583984
4398,4.0,3.9145452552116695,-0.08545474478833048,68.0822488785131,67.95948524677728,420.9081197307283,0.0,74.03084564208984
4399,4.0,3.9142532749593975,-0.08574672504060254,68.08553811074175,67.9594866998943,420.88038160676246,0.0,74.02890014648438
4400,4.0,3.9139908602249727,-0.08600913977502733,68.08876261411248,67.95948283583115,420.8554522069921,0.0,74.0274429321289
4401,4.0,3.9137333959198957,-0.08626660408010434,68.09192247465488,67.95947742775165,420.8309930980098,0.0,74.02600860595703
4402,4.0,3.913477347203525,-0.08652265279647509,68.09502302819027,67.95948070893387,420.80666846995456,0.0,74.0245361328125
4403,4.0,3.9132259156974314,-0.08677408430256861,68.09805767601628,67.9594823413712,420.7827824768757,0.0,74.02307891845703
4404,4.0,3.91295204282413,-0.08704795717587022,68.10103405457008,67.95946968432209,420.75676455391203,0.0,74.02113342285156
4405,4.0,3.9127081079330437,-0.08729189206695631,68.10394603066216,67.95945897085494,420.73359073925883,0.0,74.01968383789062
4406,4.0,3.912467882997625,-0.08753211700237484,68.10680080834518,67.95946551287528,420.7107693703941,0.0,74.01824188232422
4407,4.0,3.9122309272140248,-0.08776907278597523,68.1095920020906,67.95946984353822,420.68825857095203,0.0,74.01679229736328
4408,4.0,3.9119967549239494,-0.08800324507605062,68.11232102828976,67.9594726078035,420.66601220339487,0.0,74.01532745361328
4409,4.0,3.9117402380397936,-0.08825976196020635,68.11499989029743,67.95947454279496,420.6416430994001,0.0,74.01338496804237
4410,4.0,3.911513370315088,-0.08848662968491183,68.11761123550242,67.95947564850648,420.62009066555305,0.0,74.0119297504425
4411,4.0,3.911289261455881,-0.08871073854411904,68.12017475209531,67.95947638564834,420.5988003239284,0.0,74.01047444343567
4412,4.0,3.911068367729218,-0.08893163227078205,68.12267839183919,67.95947684636236,420.5778154198954,0.0,74.00901460647583
4413,4.0,3.9108512382567975,-0.08914876174320252,68.12512793574439,67.95947721493378,420.55718812001544,0.0,74.00756692886353
4414,4.0,3.910610422792249,-0.08938957720775109,68.1275224556879,67.95947739921955,420.53431065088336,0.0,74.00561094284058
4415,4.0,3.910400268859971,-0.08959973114002917,68.12984443745582,67.95947749136245,420.51434602731695,0.0,74.0041561126709
4416,4.0,3.910193438169931,-0.08980656183006896,68.13211534897809,67.95946381384444,420.4946971117631,0.0,74.0027084350586
4417,4.0,3.9099887062203824,-0.09001129377961758,68.13433851382409,67.9594577628152,420.475247576556,0.0,74.00124835968018
4418,4.0,3.90978749311273,-0.09021250688727012,68.13650497856943,67.95945339577528,420.45613233132906,0.0,73.99979305267334
4419,4.0,3.9095634774400954,-0.09043652255990464,68.13862210161898,67.95945280991255,420.4348508424288,0.0,73.99785232543945
4420,4.0,3.909368124088482,-0.09063187591151811,68.140686886188,67.95946209998624,420.41629227402547,0.0,73.99639701843262
4421,4.0,3.9091757990566194,-0.09082420094338062,68.14269996725265,67.95947176521062,420.3980213959985,0.0,73.9949426651001
4422,4.0,3.90898358157336,-0.09101641842664021,68.14467711815591,67.95946815137553,420.3797607350889,0.0,73.99345111846924
4423,4.0,3.908791253571977,-0.0912087464280229,68.14660281188466,67.95947931797983,420.36148957495755,0.0,73.99190139770508
4424,4.0,3.9085805273967322,-0.09141947260326777,68.14847704466243,67.95947801621335,420.3414705883093,0.0,73.98994731903076
4425,4.0,3.908396002496,-0.09160399750399995,68.15030659096362,67.95947868763398,420.3239407227397,0.0,73.98844051361084
4426,4.0,3.9082150881808775,-0.09178491181912252,68.1520830111137,67.95947309311683,420.3067538628031,0.0,73.9869441986084
4427,4.0,3.908039419456824,-0.09196058054317602,68.15381643348817,67.95946242418438,420.290065334018,0.0,73.98550033569336
4428,4.0,3.9078648767091844,-0.09213512329081563,68.15551280312906,67.95945608764904,420.2734837729922,0.0,73.98403739929199
4429,4.0,3.9076676946334605,-0.09233230536653947,68.15716314668971,67.95946256853202,420.25475147579846,0.0,73.98209571838379
4430,4.0,3.9074984246047735,-0.09250157539522652,68.15876785467287,67.95946692274987,420.23867082307316,0.0,73.98063278198242
4431,4.0,3.907331681363703,-0.0926683186362971,68.16032510918838,67.95947551604209,420.2228302151715,0.0,73.97916603088379
4432,4.0,3.9071673326273584,-0.09283266737264162,68.16184599585762,67.9594743260906,420.20721708521876,0.0,73.97770500183105
4433,4.0,3.9070028015490386,-0.09299719845096144,68.16331746748736,67.95946888951002,420.19158663277835,0.0,73.97618675231934
4434,4.0,3.906818390026686,-0.09318160997331404,68.16475102509852,67.95946529585855,420.1740675381549,0.0,73.97425079345703
4435,4.0,3.906661501345544,-0.09333849865445609,68.16614388694542,67.95946290009998,420.15916311344637,0.0,73.97279167175293
4436,4.0,3.906507016179611,-0.09349298382038906,68.16748613146655,67.95946133364654,420.1444870226827,0.0,73.97132301330566
4437,4.0,3.906354776174331,-0.09364522382566909,68.16879984900193,67.95946032006037,420.13002422218113,0.0,73.9698657989502
4438,4.0,3.906199762986804,-0.09380023701319606,68.17007664608758,67.95945958290807,420.11529796936605,0.0,73.9683158993721
4439,4.0,3.906026395859986,-0.0939736041400141,68.17131174324436,67.95945921433172,420.09882809231834,0.0,73.96637308597565
4440,4.0,3.9058810862659983,-0.09411891373400172,68.17250557836695,67.95945884575582,420.08502368088955,0.0,73.9649167060852
4441,4.0,3.905738050051901,-0.09426194994809922,68.17366344699602,67.95945866146795,420.0714352405503,0.0,73.96346426010132
4442,4.0,3.9055967590907588,-0.09440324090924124,68.17478610107682,67.95945856932411,420.05801259924175,0.0,73.96200656890869
4443,4.0,3.9054579185418303,-0.09454208145816967,68.17586693967435,67.95945856932424,420.0448227470936,0.0,73.96054983139038
4444,4.0,3.905295150852759,-0.09470484914724109,68.17691765252873,67.95945847718028,420.02935981663177,0.0,73.95860719680786
4445,4.0,3.9051090627308276,-0.09489093726917242,68.17792942122159,67.9594583850364,420.01168144504834,0.0,73.95618057250977
4446,4.0,3.904894743141791,-0.09510525685820914,68.17891239209528,67.95945838503616,419.9913210840898,0.0,73.95318794250488
4447,4.0,3.9046874474432594,-0.09531255255674065,68.17984844264207,67.95945838503614,419.97162799272934,0.0,73.95027732849121
4448,4.0,3.904454493732869,-0.09554550626713088,68.18074286476575,67.95945838503616,419.94949739024224,0.0,73.9468355178833
4449,4.0,3.904248812574775,-0.09575118742522504,68.18157969469875,67.95945838503614,419.9299576802233,0.0,73.94384765625
4450,4.0,3.904023816718966,-0.09597618328103419,68.18237315386165,67.9594583850362,419.9085830739214,0.0,73.9404468536377
4451,4.0,3.9038264279867243,-0.0961735720132757,68.18311545743005,67.95945838503623,419.8898311443585,0.0,73.93751335144043
4452,4.0,3.903628568004872,-0.0963714319951281,68.1838089000155,67.95945838503619,419.87103444608255,0.0,73.9345178604126
4453,4.0,3.903412725392659,-0.09658727460734085,68.18444976174743,67.95945838503629,419.8505293979223,0.0,73.93112468719482
4454,4.0,3.9032250811277382,-0.09677491887226175,68.18503525487426,67.95945838503633,419.8327031927548,0.0,73.9282054901123
4455,4.0,3.9030111605500406,-0.0969888394499594,68.18557757966482,67.95945838503638,419.8123807378735,0.0,73.92474174499512
4456,4.0,3.9028277160104934,-0.09717228398950661,68.18606078466752,67.9594583850363,419.79495350661654,0.0,73.92179107666016
4457,4.0,3.902649683461946,-0.09735031653805404,68.18648290680277,67.95945838503648,419.7780404145046,0.0,73.91887664794922
4458,4.0,3.902448360760716,-0.0975516392392839,68.18685277685816,67.95945838503617,419.75891475788774,0.0,73.91546440124512
4459,4.0,3.9022722269291226,-0.09772777307087743,68.18717493351932,67.95945838503616,419.7421820438863,0.0,73.91247749328613
4460,4.0,3.902074807003985,-0.09792519299601521,68.18746259771103,67.95945838503616,419.72342715099825,0.0,73.90904998779297
4461,4.0,3.901908016237721,-0.0980919837622789,68.18769368853592,67.95945838503614,419.7075820282032,0.0,73.90614128112793
4462,4.0,3.901741878701812,-0.0982581212981879,68.18787994605646,67.95945838503614,419.69179896229184,0.0,73.90319633483887
4463,4.0,3.9015500471946845,-0.09844995280531554,68.1880172172291,67.95945838503614,419.6735749691147,0.0,73.89971160888672
4464,4.0,3.901390279705581,-0.09860972029441895,68.1881132904469,67.95945838503614,419.6583970576499,0.0,73.89678955078125
4465,4.0,3.9012079329668143,-0.09879206703318566,68.18816400733648,67.95945838503616,419.64107411746704,0.0,73.89339065551758
4466,4.0,3.9010519687499805,-0.0989480312500195,68.18817249401043,67.95945838503616,419.62625751686784,0.0,73.89044570922852
4467,4.0,3.9008954219216165,-0.09910457807838347,68.1881401189559,67.95945838503617,419.61138556817326,0.0,73.8874454498291
4468,4.0,3.900720589687122,-0.09927941031287801,68.18805948307364,67.95945838503619,419.5947765058963,0.0,73.88404655456543
4469,4.0,3.9005730644507675,-0.09942693554923254,68.1879433249796,67.95945838503619,419.5807616084426,0.0,73.8811264038086
4470,4.0,3.9004027662552163,-0.09959723374478369,68.1877781270125,67.95945838503616,419.56458327986525,0.0,73.87772178649902
4471,4.0,3.9002563911587154,-0.09974360884128464,68.18757670205983,67.95945838503616,419.55067764569765,0.0,73.87473106384277
4472,4.0,3.9001164337743592,-0.09988356622564076,68.18733876323697,67.95945838503617,419.5373816941838,0.0,73.87182235717773
4473,4.0,3.899953304282887,-0.10004669571711311,68.187053463141,67.95945838503617,419.521884392494,0.0,73.86842346191406
4474,4.0,3.899812919052265,-0.10018708094773521,68.18672964994443,67.95945838503616,419.50854779558483,0.0,73.86541366577148
4475,4.0,3.899653198770881,-0.1003468012291191,68.18637060495448,67.95945838503616,419.4933743688534,0.0,73.86199951171875
4476,4.0,3.8995222018170774,-0.10047779818292257,68.18597414520146,67.95945838503616,419.4809296582421,0.0,73.85908889770508
4477,4.0,3.899389065701625,-0.1006109342983752,68.18555167207086,67.95945838503614,419.4682817272741,0.0,73.85610961914062
4478,4.0,3.8992338853023556,-0.1007661146976444,68.18509202000314,67.95945838503614,419.45353958934345,0.0,73.8526725769043
4479,4.0,3.8991080161375673,-0.1008919838624327,68.184605803705,67.95945838503616,419.44158201868856,0.0,73.84976196289062
4480,4.0,3.898956302133666,-0.10104369786633383,68.18407841684532,67.9594583850362,419.427169188318,0.0,73.84631729125977
4481,4.0,3.898833199066979,-0.10116680093302088,68.18351558061559,67.95945838503621,419.4154743969827,0.0,73.84337615966797
4482,4.0,3.8987136274581164,-0.10128637254188355,68.18291208319607,67.95945838503623,419.40411509414076,0.0,73.84045791625977
4483,4.0,3.898567345202702,-0.10143265479729813,68.18227549053735,67.95945838503624,419.39021827987636,0.0,73.83699798583984
4484,4.0,3.8984499167515376,-0.10155008324846237,68.18160272738552,67.95945838503619,419.37906257701576,0.0,73.83404541015625
4485,4.0,3.898310545175928,-0.1016894548240721,68.18089801737645,67.9594583850362,419.3658222773328,0.0,73.83064270019531
4486,4.0,3.8981978078186836,-0.10180219218131636,68.18015721182843,67.95945838503616,419.35511222839466,0.0,73.82770538330078
4487,4.0,3.898083078020309,-0.10191692197969093,68.1793913213784,67.95945838503619,419.344212897549,0.0,73.82470321655273
4488,4.0,3.8979491979692718,-0.10205080203072825,68.17858689109455,67.95945838503614,419.3314942927005,0.0,73.82129669189453
4489,4.0,3.897843990135587,-0.1021560098644132,68.17774948192772,67.95945838503617,419.3214995485004,0.0,73.81839752197266
4490,4.0,3.8977889957038006,-0.10221100429619945,68.17688284092135,67.95945838503614,419.3162750774807,0.0,73.8164176940918
4491,4.0,3.8977359302511685,-0.10226406974883151,68.17598243533027,67.95945838503621,419.3112338594807,0.0,73.81443786621094
4492,4.0,3.8977374773999167,-0.10226252260008328,68.17506397823146,67.95945838503617,419.3113808386118,0.0,73.81347274780273
4493,4.0,3.897713583383264,-0.1022864166167361,68.17412895278436,67.95945838503626,419.3091109070298,0.0,73.81200790405273
4494,4.0,3.8976658645779647,-0.10233413542203529,68.17317725564249,67.95945838503627,419.30457762052635,0.0,73.81007385253906
4495,4.0,3.8976423023446096,-0.10235769765539038,68.17220468784733,67.95945838503629,419.3023392083576,0.0,73.80857467651367
4496,4.0,3.897595665938009,-0.1024043340619909,68.17122697108564,67.95945838503626,419.29790874973054,0.0,73.80663299560547
4497,4.0,3.8976013671139738,-0.10239863288602624,68.17023230411607,67.95945838503634,419.2984503614472,0.0,73.8056640625
4498,4.0,3.8975817920534146,-0.1024182079465854,68.16923224752925,67.95945838503637,419.2965907306941,0.0,73.8042106628418
4499,4.0,3.897535321000273,-0.102464678999727,68.16823044705934,67.95945838503643,419.29217598064565,0.0,73.80224609375
4500,4.0,3.8975149168665895,-0.10248508313341054,68.16721315235785,67.95945838503643,419.2902375879457,0.0,73.8007583618164
4501,4.0,3.897472168037547,-0.10252783196245296,68.16617439781815,67.95945838503636,419.28617644918666,0.0,73.79882431030273
4502,4.0,3.8974775997532665,-0.10252240024673354,68.1651386134706,67.95945838503648,419.28669246218,0.0,73.79780578613281
4503,4.0,3.8974602790654296,-0.10253972093457042,68.16409907197637,67.95945838503617,419.2850469968355,0.0,73.79635238647461
4504,4.0,3.897417827195513,-0.10258217280448712,68.16303745715427,67.95945838503616,419.2810140691934,0.0,73.79439926147461
4505,4.0,3.897401445187153,-0.10259855481284719,68.16198852094455,67.95945838503619,419.2794577783992,0.0,73.79295349121094
4506,4.0,3.8973565086110162,-0.10264349138898377,68.16092803840311,67.95945838503614,419.27518880366625,0.0,73.79095458984375
4507,4.0,3.897365734818443,-0.10263426518155683,68.1598575826223,67.95945838503616,419.2760652933718,0.0,73.78997039794922
4508,4.0,3.8973503480469565,-0.10264965195304354,68.15878064286794,67.95945838503623,419.27460355008054,0.0,73.78851318359375
4509,4.0,3.897309710459403,-0.10269028954059678,68.15770130602894,67.9594583850364,419.270742979263,0.0,73.78657531738281
4510,4.0,3.897295325145582,-0.10270467485441781,68.15660682860262,67.95945838503637,419.26937637445,0.0,73.78511810302734
4511,4.0,3.8972558877924026,-0.10274411220759738,68.15550646406207,67.9594583850362,419.2656298258979,0.0,73.7831802368164
4512,4.0,3.897267735420896,-0.102732264579104,68.15439719818303,67.95945838503631,419.2667553506048,0.0,73.7822036743164
4513,4.0,3.8972530288476763,-0.10274697115232367,68.15328717235819,67.95945838503627,419.2653582261489,0.0,73.78072357177734
4514,4.0,3.8972137791309267,-0.1027862208690733,68.15216233834813,67.95945838503638,419.26162950305775,0.0,73.77876281738281
4515,4.0,3.8972011975603715,-0.10279880243962847,68.1510433187237,67.9594656467429,419.260434253855,0.0,73.77731323242188
4516,4.0,3.8971594952077533,-0.10284050479224671,68.14991646286529,67.95947194040093,419.25647253035623,0.0,73.77530390024185
4517,4.0,3.8971738892540504,-0.1028261107459496,68.14877152262721,67.95948310946213,419.25783996475445,0.0,73.77433693408966
4518,4.0,3.89716228032441,-0.10283771967558986,68.14762346951342,67.9594879605792,419.25673711643867,0.0,73.77287435531616
4519,4.0,3.897125558536213,-0.10287444146378721,68.14647262803132,67.95948426396205,419.2532485465599,0.0,73.7709333896637
4520,4.0,3.8971147507611477,-0.10288524923885234,68.14531748237665,67.95948065809078,419.2522218079287,0.0,73.76947832107544
4521,4.0,3.8970709170083784,-0.10292908299162162,68.14415551479112,67.95947404293582,419.24805760141567,0.0,73.76739072799683
4522,4.0,3.897082927034718,-0.10291707296528196,68.14298172297914,67.95947031314303,419.2491985539179,0.0,73.76634740829468
4523,4.0,3.897068245414186,-0.10293175458581416,68.14180949673595,67.95946866507796,419.24780379996736,0.0,73.76480054855347
4524,4.0,3.8970287244618294,-0.10297127553817065,68.14062976987283,67.95947095836061,419.2440493094935,0.0,73.76277542114258
4525,4.0,3.8970159365150088,-0.10298406348499123,68.13943233641433,67.95947431609416,419.2428344545455,0.0,73.76123714447021
4526,4.0,3.896976718140593,-0.10302328185940679,68.13823979058212,67.95947090936302,419.23910870897606,0.0,73.75920391082764
4527,4.0,3.8969894124872266,-0.10301058751277337,68.13703992768583,67.95947551770549,419.2403146719062,0.0,73.75814533233643
4528,4.0,3.896979216891303,-0.10302078310869689,68.13583150388939,67.95947655127624,419.2393460902935,0.0,73.7566442489624
4529,4.0,3.8969428782262683,-0.10305712177373172,68.13461851556322,67.95947023116501,419.23589391711516,0.0,73.75464344024658
4530,4.0,3.8969311438207233,-0.10306885617927675,68.13340085400976,67.95946364912555,419.2347791485884,0.0,73.75310325622559
4531,4.0,3.8968984647870726,-0.10310153521292742,68.13217406204913,67.95946763162513,419.2316746403916,0.0,73.7511568069458
4532,4.0,3.896917331242231,-0.10308266875776884,68.13094469598438,67.95946269908633,419.23346695363165,0.0,73.75018310546875
4533,4.0,3.8969111744100555,-0.10308882558994448,68.12970791274338,67.95946009594364,419.232882054575,0.0,73.74872779846191
4534,4.0,3.8968798023977533,-0.10312019760224667,68.12846440023456,67.95946288461475,419.22990171340626,0.0,73.74678802490234
4535,4.0,3.89687348618361,-0.10312651381638993,68.12722333939652,67.9594685736928,419.22930167306265,0.0,73.74532508850098
4536,4.0,3.8968406457063267,-0.10315935429367329,68.1259966568108,67.9594790926003,419.2261818277207,0.0,73.74337577819824
4537,4.0,3.896857351950029,-0.10314264804997109,68.12476365901787,67.95949000599812,419.22776892087245,0.0,73.74235725402832
4538,4.0,3.896851964282677,-0.1031480357173229,68.12351163862824,67.95949023720337,419.227257092474,0.0,73.74090003967285
4539,4.0,3.896820001360529,-0.10317999863947103,68.12227133906754,67.95948983558905,419.2242206148699,0.0,73.73895263671875
4540,4.0,3.8968158240104622,-0.10318417598953777,68.12101576611384,67.95948289484484,419.2238237666136,0.0,73.73751449584961
4541,4.0,3.8967816780149636,-0.10321832198503644,68.11975721028372,67.95947144101292,419.2205798970412,0.0,73.73550605773926
4542,4.0,3.8968021471891032,-0.10319785281089677,68.11849368370555,67.95945685557106,419.2225244685845,0.0,73.73452568054199
4543,4.0,3.896797539354577,-0.10320246064542316,68.11722800518805,67.959460724166,419.2220867243045,0.0,73.73306846618652
4544,4.0,3.8967672322510873,-0.10323276774891266,68.11595869284237,67.95946339534972,419.21920754947297,0.0,73.73112106323242
4545,4.0,3.8967647823208775,-0.10323521767912247,68.11467488350272,67.95946514544052,419.21897480610306,0.0,73.7296850681305
4546,4.0,3.896735029680719,-0.10326497031928117,68.11340014395759,67.95946634287313,419.21614830528796,0.0,73.72774231433868
4547,4.0,3.8967536828193268,-0.10324631718067323,68.11211342311763,67.95946698764543,419.2179203534557,0.0,73.72670245170593
4548,4.0,3.896750633674804,-0.10324936632519588,68.11082488239835,67.95947064108307,419.2176306847261,0.0,73.72525000572205
4549,4.0,3.8967219827844044,-0.1032780172155956,68.10953074156728,67.95946522804823,419.2149088501381,0.0,73.72330713272095
4550,4.0,3.8967193238463014,-0.10328067615369863,68.10823404659469,67.9594691147433,419.2146562510183,0.0,73.72185325622559
4551,4.0,3.8966909678338375,-0.1033090321661625,68.10693450213014,67.95947458442407,419.2119624298343,0.0,73.71991014480591
4552,4.0,3.896714530047643,-0.1032854699523571,68.10562312162482,67.95947128308369,419.2142008401458,0.0,73.71893644332891
4553,4.0,3.896709008953032,-0.10329099104696793,68.10431565153068,67.95947672932213,419.21367633615773,0.0,73.71741676330572
4554,4.0,3.8966810715805917,-0.10331892841940826,68.10300567473702,67.95947090133859,419.2110222857759,0.0,73.71547031402594
4555,4.0,3.896679620496618,-0.10332037950338213,68.10168741167276,67.95946653127879,419.21088443279837,0.0,73.71401596069342
4556,4.0,3.896652351964344,-0.1033476480356561,68.10036924136347,67.9594654757618,419.2082939222324,0.0,73.7120733261109
4557,4.0,3.896676878410714,-0.1033231215892858,68.09904808497517,67.95946472496402,419.21062393463757,0.0,73.71110725402838
4558,4.0,3.896672795179698,-0.10332720482030222,68.09772383514775,67.95946584401635,419.210236027691,0.0,73.70959663391119
4559,4.0,3.896645951569789,-0.1033540484302109,68.09639732792729,67.95947562151215,419.20768588474965,0.0,73.70765304565435
4560,4.0,3.8966458768008394,-0.1033541231991606,68.0950594043571,67.95947526015792,419.2076787816994,0.0,73.70620346069342
4561,4.0,3.8966196557784665,-0.10338034422153353,68.0937193466167,67.95947417648998,419.20518778457404,0.0,73.70425701141363
4562,4.0,3.8966418633173197,-0.10335813668268035,68.09238587865897,67.95947135622728,419.20729750076504,0.0,73.70323371887213
4563,4.0,3.8966421107684623,-0.10335788923153766,68.09103703660115,67.95947454617674,419.20732100862364,0.0,73.70177841186529
4564,4.0,3.896616301926982,-0.10338369807301806,68.08969415342175,67.95947174992955,419.204869168683,0.0,73.69983673095709
4565,4.0,3.8966164150720233,-0.10338358492797672,68.08834236303748,67.95947177879492,419.2048799174619,0.0,73.69837570190435
4566,4.0,3.896591228296881,-0.10340877170311913,68.08698682132263,67.959466711427,419.2024871738234,0.0,73.69643211364752
4567,4.0,3.8966146671260593,-0.1033853328739407,68.08563451087616,67.95946400157086,419.2047138625953,0.0,73.69541168212896
4568,4.0,3.8966161763464937,-0.10338382365350629,68.08426537551385,67.95947624908553,419.2048572385366,0.0,73.69395828247076
4569,4.0,3.896591358096035,-0.10340864190396504,68.08290689268165,67.95947733038479,419.202499504743,0.0,73.69201850891119
4570,4.0,3.896592165927264,-0.10340783407273602,68.08154648056966,67.95947000705289,419.20257624870976,0.0,73.69056129455572
4571,4.0,3.8965673174376594,-0.10343268256234062,68.08018497602156,67.95946839250671,419.20021564219735,0.0,73.68861770629888
4572,4.0,3.8965906179534224,-0.10340938204657757,68.07880163348831,67.95947184184718,419.2024291911948,0.0,73.6875610351563
4573,4.0,3.8965923147819472,-0.10340768521805277,68.07742921461816,67.95947971033573,419.2025903899047,0.0,73.6861076354981
4574,4.0,3.8965689134582577,-0.10343108654174227,68.07604768729966,67.95947124104602,419.2003672641542,0.0,73.68416976928717
4575,4.0,3.8965709260523305,-0.10342907394766954,68.07466622107412,67.95946553353208,419.2005584605911,0.0,73.6827125549317
4576,4.0,3.8965480400808885,-0.10345195991911149,68.07327214191827,67.95946175923132,419.1983842933041,0.0,73.6807708740235
4577,4.0,3.8965763256406794,-0.10342367435932065,68.0718828069389,67.95945918166994,419.20107142148424,0.0,73.67980194091803
4578,4.0,3.896578987888199,-0.10342101211180088,68.07049352085293,67.9594574326154,419.2013243349986,0.0,73.67834854125982
4579,4.0,3.8965529648864705,-0.10344703511352948,68.06909783104442,67.95945632795137,419.1988521498344,0.0,73.67634582519537
4580,4.0,3.89655497202437,-0.10344502797563004,68.06771998243863,67.95945568356476,419.1990428279348,0.0,73.67489242553717
4581,4.0,3.896531180584069,-0.103468819415931,68.06634167390618,67.9594552232889,419.19678264110627,0.0,73.67295074462896
4582,4.0,3.8966077798738437,-0.10339222012615634,68.06495781349055,67.95945485506842,419.2040595736348,0.0,73.67290115356451
4583,4.0,3.8966873690247015,-0.10331263097529853,68.06356759875621,67.95945467095825,419.21162054296633,0.0,73.67290115356451
4584,4.0,3.8967404505658707,-0.1032595494341293,68.06218933617143,67.95945467095825,419.21666328937744,0.0,73.67241287231451
4585,4.0,3.8968190174543964,-0.1031809825456036,68.06081707987252,67.95945467095825,419.22412714378737,0.0,73.67241287231451
4586,4.0,3.8968965972331704,-0.10310340276682961,68.0594585947523,67.95945467095825,419.2314972227709,0.0,73.67240905761724
4587,4.0,3.89700009939366,-0.10299990060633979,68.05810204141089,67.95945457890316,419.2413299280174,0.0,73.67289733886724
4588,4.0,3.8970765181859277,-0.10292348181407229,68.0567745200965,67.95945457890319,419.2485897132828,0.0,73.67290496826178
4589,4.0,3.8971262454008193,-0.10287375459918069,68.05545506416215,67.9594545789032,419.25331379869755,0.0,73.67241668701178
4590,4.0,3.897200509171183,-0.10279949082881679,68.05415117423007,67.95945457890322,419.2603688568821,0.0,73.67240905761724
4591,4.0,3.897274218910501,-0.10272578108949881,68.05287462689657,67.95945457890323,419.2673712821173,0.0,73.67242050170904
4592,4.0,3.897371829636636,-0.10262817036336402,68.05160715490146,67.95945457890325,419.27664430110013,0.0,73.67289352416998
4593,4.0,3.8974446976394703,-0.10255530236052968,68.05034188515032,67.95945457890319,419.2835667613694,0.0,73.67290115356451
4594,4.0,3.8974891816751507,-0.10251081832484932,68.04911418030922,67.95945457890326,419.28779274475903,0.0,73.67241287231451
4595,4.0,3.897559110633135,-0.10244088936686513,68.0478932613927,67.95945457890322,419.2944359957675,0.0,73.67241287231451
4596,4.0,3.8976275473126454,-0.10237245268735462,68.04670196261006,67.9594545789033,419.300937480321,0.0,73.67241668701178
4597,4.0,3.8977215857486027,-0.10227841425139728,68.04551121749846,67.95945457890333,419.30987113173694,0.0,73.67290496826178
4598,4.0,3.8977878346519894,-0.10221216534801059,68.04434763279059,67.95945457890326,419.3161647775587,0.0,73.67289733886724
4599,4.0,3.8978279542944123,-0.10217204570558769,68.04319629223669,67.95945457890326,419.31997614358886,0.0,73.67240905761724
4600,4.0,3.8978933462245147,-0.10210665377548533,68.04205478436548,67.95945457890339,419.3261883769486,0.0,73.67240905761724
4601,4.0,3.8979585438297146,-0.10204145617028537,68.04092375304357,67.95945457890323,419.3323821494426,0.0,73.67241668701178
4602,4.0,3.898047756168889,-0.10195224383111112,68.03981748710295,67.95945457890333,419.34085732166415,0.0,73.67290496826178
4603,4.0,3.8981103573167935,-0.10188964268320655,68.03871776541597,67.95945457890333,419.34680443071505,0.0,73.67289733886724
4604,4.0,3.8981465139560014,-0.10185348604399858,68.03764279349403,67.95945457890348,419.35023931143985,0.0,73.67241668701178
4605,4.0,3.8982075071044524,-0.10179249289554759,68.03657824522675,67.95945457890352,419.35603366054266,0.0,73.67241668701178
4606,4.0,3.8982671100112594,-0.10173288998874064,68.03553094817457,67.95945457890325,419.36169593668933,0.0,73.67240905761724
4607,4.0,3.8983521348253936,-0.10164786517460644,68.03449797430918,67.95945457890328,419.3697732940321,0.0,73.67289733886724
4608,4.0,3.8984109721523157,-0.10158902784768431,68.03347115388725,67.95945457890326,419.3753628400897,0.0,73.67289733886724
4609,4.0,3.898443145829775,-0.1015568541702252,68.03246582086315,67.9594545789033,419.37841933944827,0.0,73.67241668701178
4610,4.0,3.8985006068478496,-0.1014993931521504,68.03147011781746,67.95945457890323,419.3838781361654,0.0,73.6724243164063
4611,4.0,3.898556255953853,-0.10144374404614709,68.03048492692098,67.95945457890322,419.3891648012357,0.0,73.67240905761724
4612,4.0,3.89863805257496,-0.10136194742504001,68.0295155151859,67.95945457890319,419.39693548024087,0.0,73.67290496826178
4613,4.0,3.898692146152975,-0.1013078538470249,68.0285645743098,67.95945457890316,419.4020743701523,0.0,73.67289733886724
4614,4.0,3.898719815936022,-0.10128018406397787,68.02763089651435,67.9594545789032,419.40470299954177,0.0,73.67240905761724
4615,4.0,3.898773264909511,-0.10122673509048896,68.02670533840292,67.95945457890318,419.40978065202324,0.0,73.67241668701178
4616,4.0,3.8988262108142107,-0.10117378918578934,68.0257815384531,67.95945457890316,419.4148105129697,0.0,73.67241668701178
4617,4.0,3.8989039073351983,-0.10109609266480168,68.02487678313037,67.95945457890316,419.4221916824635,0.0,73.67290496826178
4618,4.0,3.8989550076888055,-0.10104499231119446,68.02398523776735,67.95945457890316,419.4270462160562,0.0,73.67290496826178
4619,4.0,3.8989797702444644,-0.1010202297555356,68.02310942034805,67.95945457890316,419.4293986588438,0.0,73.6724243164063
4620,4.0,3.8990290270387753,-0.1009709729612247,68.02224303384362,67.95945457890318,419.43407805430337,0.0,73.67241668701178
4621,4.0,3.8990779261099613,-0.10092207389003871,68.02138290988914,67.95945457890319,419.438723466066,0.0,73.67240905761724
4622,4.0,3.899151925907965,-0.10084807409203478,68.02053574569078,67.95945457890316,419.4457534468764,0.0,73.67288970947271
4623,4.0,3.8992000489917618,-0.10079995100823824,68.01969647107198,67.95945457890318,419.45032513983705,0.0,73.67288994789129
4624,4.0,3.8992210130637206,-0.1007789869362794,68.0188765416406,67.9594545789032,419.45231672667313,0.0,73.67239797115332
4625,4.0,3.8992682401267036,-0.10073175987329641,68.01806074663259,67.9594545789032,419.4568032976565,0.0,73.67240667343145
4626,4.0,3.899313594075619,-0.10068640592438083,68.01726366738687,67.95945457890318,419.4611119228035,0.0,73.67240023612982
4627,4.0,3.89938470153952,-0.10061529846047979,68.0164752273324,67.95945457890319,419.46786713187413,0.0,73.67288970947271
4628,4.0,3.8994293662122326,-0.10057063378776743,68.01569703645048,67.95945457890319,419.4721102757818,0.0,73.67289066314703
4629,4.0,3.899447997497233,-0.10055200250276686,68.01492479909078,67.95945457890323,419.47388024785687,0.0,73.6724061965943
4630,4.0,3.8994911831692938,-0.10050881683070623,68.01417287524771,67.9594545789032,419.4779828867026,0.0,73.67240762710571
4631,4.0,3.899533929392919,-0.10046607060708101,68.01342158930548,67.9594545789032,419.482043777947,0.0,73.67240142822266
4632,4.0,3.8996017221669943,-0.1003982778330057,68.01268381175237,67.95945457890326,419.48848409148417,0.0,73.67288303375244
4633,4.0,3.899643427528151,-0.10035657247184915,68.01195731960848,67.95945457890323,419.49244610079404,0.0,73.67288398742676
4634,4.0,3.899658715633402,-0.10034128436659806,68.01124344853548,67.95945457890319,419.4938984707929,0.0,73.67239952087402
4635,4.0,3.899699589770329,-0.10030041022967096,68.0105314789117,67.95945457890325,419.49778151380093,0.0,73.67240047454834
4636,4.0,3.8997393356593038,-0.10026066434069625,68.00983303776883,67.9594545789032,419.50155737325355,0.0,73.67239475250244
4637,4.0,3.8998046684012087,-0.10019533159879135,68.00914442472352,67.95945457890333,419.5077639837345,0.0,73.67288303375244
4638,4.0,3.8998439668643265,-0.10015603313567345,68.00846790468813,67.95945457890333,419.5114973377307,0.0,73.6728925704956
4639,4.0,3.8998566541280364,-0.10014334587196361,68.00780736197149,67.95946225317105,419.51270262778314,0.0,73.67241668701172
4640,4.0,3.899888595880156,-0.10011140411984387,68.00716759705199,67.95947580480484,419.5157370942345,0.0,73.67232704162598
4641,4.0,3.899919955684346,-0.10008004431565398,68.00653622991341,67.95948629628381,419.5187162756326,0.0,73.6722354888916
4642,4.0,3.8999810233422707,-0.1000189766577293,68.00591327312156,67.95948280242027,419.5245177031354,0.0,73.67271423339844
4643,4.0,3.900014095393318,-0.09998590460668222,68.00529080796942,67.95947790618975,419.52765954798485,0.0,73.67266464233398
4644,4.0,3.900017882115547,-0.0999821178844531,68.00468602807568,67.95948313468436,419.52801928659665,0.0,73.67208099365234
4645,4.0,3.900048778325608,-0.09995122167439208,68.00408391267125,67.95948114873745,419.53095442655246,0.0,73.67201232910156
4646,4.0,3.900078870633088,-0.099921129366912,68.00348702103433,67.95948478044724,419.53381319576306,0.0,73.67193412780762
4647,4.0,3.9001337797336593,-0.09986622026634073,68.00289581371119,67.95947962174573,419.5390295603173,0.0,73.67233085632324
4648,4.0,3.9001631440455755,-0.09983685595442449,68.00231163740422,67.95947862825253,419.54181916994935,0.0,73.6722526550293
4649,4.0,3.9001648505375144,-0.09983514946248562,68.00174139301947,67.95947485695338,419.54198128668355,0.0,73.67166709899902
4650,4.0,3.900193439948376,-0.0998065600516238,68.00117602233955,67.95946675936726,419.5446972807154,0.0,73.67159461975098
4651,4.0,3.9002176429654245,-0.0997823570345755,68.00060873842214,67.95946495177016,419.54699656733504,0.0,73.67143720388412
4652,4.0,3.9002732218373914,-0.09972677816260855,68.00005042320184,67.9594564313854,419.5522765601719,0.0,73.67188215255737
4653,4.0,3.9003088869835234,-0.0996911130164766,67.99949969794552,67.95945999547477,419.5556647490544,0.0,73.67195916175842
4654,4.0,3.9003146977437164,-0.09968530225628358,67.9989518874172,67.95946973460006,419.5562167712728,0.0,73.67147541046143
4655,4.0,3.9003449583594856,-0.09965504164051442,67.99842344098353,67.9594664780211,419.5590915297708,0.0,73.67147445678711
4656,4.0,3.9003752132744385,-0.09962478672556152,67.99789466202083,67.95947272905147,419.5619657466913,0.0,73.67147302627563
4657,4.0,3.900430696477289,-0.0995693035227112,67.99737631030654,67.95947935798958,419.5672366509621,0.0,73.671959400177
4658,4.0,3.9004596239904274,-0.09954037600957255,67.99685924898803,67.95947974243855,419.5699847647103,0.0,73.67194557189941
4659,4.0,3.9004628457111417,-0.09953715428885834,67.99635769824852,67.95947620190509,419.57029082817814,0.0,73.67146301269531
4660,4.0,3.900491605366329,-0.09950839463367078,67.9958554577037,67.95947591970733,419.57302299542096,0.0,73.671462059021
4661,4.0,3.900519917433273,-0.09948008256672702,67.99536102709445,67.95947898630037,419.5757126417806,0.0,73.67146110534668
4662,4.0,3.9005737939251897,-0.09942620607481034,67.99487249922153,67.95947588654671,419.5808309085127,0.0,73.67194938659668
4663,4.0,3.900601677679622,-0.09939832232037782,67.99438555240872,67.9594770346064,419.5834798651838,0.0,73.67194843292236
4664,4.0,3.9006029298505576,-0.09939707014944243,67.9939139535562,67.95947762791603,419.58359882142264,0.0,73.67146110534668
4665,4.0,3.900629879849211,-0.09937012015078883,67.99344505424551,67.95946716769502,419.58615907129473,0.0,73.671462059021
4666,4.0,3.900656068213082,-0.09934393178691803,67.99298943759506,67.95947141870411,419.5886469658625,0.0,73.67146301269531
4667,4.0,3.9007118486075925,-0.09928815139240754,67.99253554486393,67.959468815242,419.59394610334095,0.0,73.67202472686768
4668,4.0,3.9007380213226486,-0.09926197867735143,67.99208197695795,67.9594592603523,419.5964325112713,0.0,73.67202758789062
4669,4.0,3.90073773964931,-0.09926226035068986,67.99164329196111,67.95946182672759,419.5964057523042,0.0,73.67154693603516
4670,4.0,3.9007619911519407,-0.09923800884805933,67.9912100180904,67.95946969575975,419.59870964505404,0.0,73.67153549194336
4671,4.0,3.900787462750286,-0.09921253724971413,67.99077308606358,67.95947125311127,419.60112944689683,0.0,73.67154312133789
4672,4.0,3.900837088700404,-0.09916291129959598,67.99034993932571,67.95947122903006,419.6058439121581,0.0,73.67202186584473
4673,4.0,3.9008607978364993,-0.0991392021635007,67.98993493889405,67.95946870210587,419.6080962800871,0.0,73.6720199584961
4674,4.0,3.900859025123157,-0.09914097487684304,67.98952401567189,67.95946149494333,419.6079278723196,0.0,73.67154121398926
4675,4.0,3.900882338317298,-0.09911766168270209,67.98911592353018,67.95946489664694,419.610142625763,0.0,73.67153930664062
4676,4.0,3.9009060346257733,-0.09909396537422666,67.98870996008746,67.95946387223951,419.61239377506814,0.0,73.67154693603516
4677,4.0,3.9009542557878487,-0.09904574421215129,67.98830781559025,67.95946072842364,419.61697478546535,0.0,73.67202186584473
4678,4.0,3.9009769660105493,-0.09902303398945067,67.98791905046693,67.95946293736364,419.61913225662187,0.0,73.67202949523926
4679,4.0,3.9009733272536136,-0.09902667274638643,67.98753009947553,67.95946929910656,419.618786574713,0.0,73.67153930664062
4680,4.0,3.900997895563656,-0.09900210443634405,67.98714944189223,67.95948673236128,419.62112056416703,0.0,73.67159080505371
4681,4.0,3.9010191003566845,-0.09898089964331547,67.98677988373437,67.9594798307922,419.62313501950473,0.0,73.67159080505371
4682,4.0,3.901065623406182,-0.09893437659381821,67.98641440944385,67.95948828312865,419.62755470920695,0.0,73.67207336425781
4683,4.0,3.9010864160639938,-0.09891358393600624,67.98605204416918,67.95948957981727,419.6295300116991,0.0,73.67207336425781
4684,4.0,3.901084191345392,-0.09891580865460803,67.98568774329576,67.95948792706712,419.62931866343195,0.0,73.6716365814209
4685,4.0,3.901104089563462,-0.09889591043653789,67.98532865028163,67.95947695799637,419.6312089941486,0.0,73.67162322998047
4686,4.0,3.90112418391345,-0.09887581608654994,67.98498550427948,67.95947299987601,419.6331179573975,0.0,73.671630859375
4687,4.0,3.901169363430529,-0.09883063656947089,67.98463819430188,67.9594691329434,419.63741001151993,0.0,73.6721076965332
4688,4.0,3.9011892973844704,-0.0988107026155296,67.98429785274834,67.9594643421273,419.63930373714436,0.0,73.67211532592773
4689,4.0,3.9011830225121953,-0.09881697748780471,67.98396365825235,67.95945752038418,419.63870762427825,0.0,73.67163467407227
4690,4.0,3.9012018947672615,-0.09879810523273846,67.98363478250145,67.9594484830269,419.64050048850953,0.0,73.67163467407227
4691,4.0,3.9012200556865824,-0.09877994431341763,67.98331478562899,67.9594423967015,419.642225775845,0.0,73.671630859375
4692,4.0,3.9012641086646633,-0.09873589133533667,67.9829941747061,67.9594589115215,419.6464108087627,0.0,73.67211532592773
4693,4.0,3.9012823640844725,-0.09871763591552751,67.98267605928079,67.9594769018164,419.64814507364457,0.0,73.67211532592773
4694,4.0,3.901274307369914,-0.09872569263008613,67.98237291995488,67.95948206864178,419.6473796857615,0.0,73.67163467407227
4695,4.0,3.901293401657644,-0.09870659834235607,67.98206483120218,67.95948086983883,419.6491936430959,0.0,73.67166137695312
4696,4.0,3.901310501300441,-0.09868949869955879,67.98175982219428,67.95948022433014,419.6508181091616,0.0,73.6716537475586
4697,4.0,3.9013540136958738,-0.09864598630412624,67.98145921607365,67.95947957882196,419.6549517867277,0.0,73.67214965820312
4698,4.0,3.901375510488628,-0.09862448951137193,67.98116207489527,67.95947930217581,419.65699398203935,0.0,73.67223358154297
4699,4.0,3.901366952475331,-0.09863304752466906,67.98086767475176,67.95947893331439,419.6561809707761,0.0,73.6717529296875
4700,4.0,3.901383354720072,-0.09861664527992797,67.98057482871594,67.95947874888371,419.6577391840265,0.0,73.67174530029297
4701,4.0,3.9013999576678846,-0.09860004233211539,67.98029256795627,67.95947865666845,419.65931646406875,0.0,73.6717529296875
4702,4.0,3.9014419761478343,-0.09855802385216572,67.9800109756458,67.95947865666844,419.663308219664,0.0,73.6722412109375
4703,4.0,3.90145820943757,-0.09854179056243018,67.97973164257449,67.95947865666844,419.66485038218883,0.0,73.67224502563477
4704,4.0,3.901447834328745,-0.09855216567125513,67.97946538693805,67.95947865666844,419.66386474685044,0.0,73.67176055908203
4705,4.0,3.9014624522783072,-0.09853754772169276,67.97920716240846,67.95947865666844,419.6652534520589,0.0,73.67175674438477
4706,4.0,3.9014776520457715,-0.09852234795422854,67.97894232220342,67.95947865666844,419.666697429968,0.0,73.67175674438477
4707,4.0,3.9015182168075038,-0.09848178319249623,67.9786860791097,67.95947865666844,419.67055108233257,0.0,73.67224502563477
4708,4.0,3.901533632333029,-0.09846636766697081,67.97842452520646,67.95947865666842,419.67201555725745,0.0,73.6722526550293
4709,4.0,3.90152266268666,-0.09847733731333985,67.97816511027806,67.95947865666842,419.67097344085244,0.0,73.6717643737793
4710,4.0,3.901536583015986,-0.09846341698401417,67.97791905046675,67.95947865666842,419.67229587213836,0.0,73.67176055908203
4711,4.0,3.9015506149114665,-0.09844938508853351,67.97767104856679,67.95947865666841,419.67362890220903,0.0,73.67175674438477
4712,4.0,3.9015907189313395,-0.09840928106866054,67.97742637081116,67.95947865666842,419.6774387840969,0.0,73.67224884033203
4713,4.0,3.9016047565491316,-0.09839524345086836,67.97718179423578,67.95947865666842,419.6787723577872,0.0,73.67224884033203
4714,4.0,3.9015928287295383,-0.09840717127046172,67.97693907466439,67.95947865666841,419.6776392149258,0.0,73.67176055908203
4715,4.0,3.901606320785387,-0.09839367921461317,67.97671104478005,67.95947865666841,419.67892096023144,0.0,73.67176818847656
4716,4.0,3.901618788709467,-0.0983812112905329,67.97647974075932,67.95947865666841,419.6801054130191,0.0,73.6717529296875
4717,4.0,3.90165783041007,-0.0983421695899298,67.97625006791023,67.95947865666841,419.68381437457634,0.0,73.6722412109375
4718,4.0,3.9016712189777527,-0.09832878102224729,67.97602384720761,67.95947865666842,419.6850862885062,0.0,73.67224884033203
4719,4.0,3.9016600352093977,-0.09833996479060225,67.97581040229795,67.95947865666842,419.6840238305125,0.0,73.67180633544922
4720,4.0,3.901671692183991,-0.0983283078160091,67.9755861933371,67.95947865666842,419.68513124309885,0.0,73.67178344726562
4721,4.0,3.9016867889431515,-0.09831321105684854,67.97536541289564,67.95947865666842,419.6865654352191,0.0,73.67182922363281
4722,4.0,3.9017252359723353,-0.09827476402766466,67.97515315485914,67.95947865666842,419.69021790299155,0.0,73.67232513427734
4723,4.0,3.9017368970920896,-0.0982631029079104,67.97494295815875,67.95947865666851,419.6913257093682,0.0,73.67231750488281
4724,4.0,3.9017232486815123,-0.09827675131848768,67.9747372550122,67.95947865666845,419.69002911036335,0.0,73.67183685302734
4725,4.0,3.90173490118019,-0.09826509881981016,67.97453424902743,67.95947865666845,419.69113609773774,0.0,73.67183685302734
4726,4.0,3.90174659007449,-0.09825340992551013,67.97433061018836,67.95947865666847,419.69224654269624,0.0,73.67183685302734
4727,4.0,3.901783957171994,-0.09821604282800589,67.97413014010895,67.95947865666848,419.6957964169591,0.0,73.67232513427734
4728,4.0,3.90179495636629,-0.09820504363371008,67.9739385204383,67.95947865666845,419.6968413404172,0.0,73.67232513427734
4729,4.0,3.901785101296735,-0.09821489870326516,67.9737446595377,67.9594718410993,419.6959051088095,0.0,73.67192894220352
4730,4.0,3.9017959805370785,-0.09820401946292145,67.97355628562022,67.95946413306022,419.69693863664213,0.0,73.67193019390106
4731,4.0,3.9018092265788944,-0.0981907734211056,67.97337491061386,67.95946185431553,419.69819701061465,0.0,73.67198371887207
4732,4.0,3.901845295420714,-0.0981547045792861,67.97319113021274,67.9594564499519,419.7016235505875,0.0,73.67246556282043
4733,4.0,3.901855918220206,-0.09814408177979406,67.97300673317845,67.95945397033366,419.70263271653926,0.0,73.67246627807617
4734,4.0,3.9018404108782536,-0.09815958912174638,67.97283033377595,67.95945674384996,419.70115951905376,0.0,73.6719822883606
4735,4.0,3.9018503594817404,-0.09814964051825958,67.97265130314906,67.95946799436123,419.70210463638506,0.0,73.67197608947754
4736,4.0,3.901860320318128,-0.09813967968187187,67.97247865954431,67.95946695294822,419.70305091584186,0.0,73.67197704315186
4737,4.0,3.901895985716011,-0.09810401428398885,67.97230873708318,67.95947301187827,419.70643912864074,0.0,73.67246627807617
4738,4.0,3.9019055426965377,-0.09809445730346233,67.97213609255954,67.95947231734364,419.7073470417908,0.0,73.67245960235596
4739,4.0,3.901894008104604,-0.09810599189539593,67.97196483614023,67.95947261312169,419.7062512555571,0.0,73.67205619812012
4740,4.0,3.9019028335933226,-0.09809716640667743,67.97180581496505,67.95947260731583,419.70708967698533,0.0,73.67205047607422
4741,4.0,3.901911758526761,-0.09808824147323891,67.97164330240655,67.95947066267021,419.707937545662,0.0,73.67204284667969
4742,4.0,3.9019466023938403,-0.09805339760615972,67.97148770079569,67.9594688888499,419.71124771303454,0.0,73.672532081604
4743,4.0,3.901957080903466,-0.09804291909653395,67.97133068310512,67.95945868747852,419.71224317144896,0.0,73.67255973815918
4744,4.0,3.901940296233691,-0.0980597037663089,67.97117609251573,67.95945596044017,419.7106486278203,0.0,73.67207527160645
4745,4.0,3.901948894264201,-0.09805110573579912,67.97102807627913,67.95946004504698,419.71146544071877,0.0,73.67207717895508
4746,4.0,3.9019574116618214,-0.09804258833817858,67.97087266656314,67.95946622927735,419.71227459349274,0.0,73.67206954956055
4747,4.0,3.901988716962465,-0.09801128303753481,67.97072504190352,67.95947368394587,419.71524859705386,0.0,73.67250061035156
4748,4.0,3.901993365610556,-0.0980066343894439,67.97057191590267,67.9577997935617,419.7156902186225,0.0,73.67242240905762
4749,4.0,3.9020021694713125,-0.09799783052868749,67.97043087593364,67.95261289353743,419.7165265853944,0.0,73.67243576049805
4750,4.0,3.902036058437786,-0.097963941562214,67.97029104248645,67.94855477521092,419.71974603720935,0.0,73.67292404174805
4751,4.0,3.901992952553267,-0.09800704744673316,67.97015149668005,67.94619727180641,419.71565097818007,0.0,73.67195892333984
4752,4.0,3.9019231511999175,-0.0980768488000825,67.970021194377,67.94220300027384,419.7090198496119,0.0,73.67049980163574
4753,4.0,3.901904957097231,-0.09809504290276916,67.96987707049611,67.93386206275413,419.7072914098566,0.0,73.67000007629395
4754,4.0,3.901861995327364,-0.09813800467263611,67.9697332451869,67.92894744017512,419.7032100417193,0.0,73.66903305053711
4755,4.0,3.90184567396632,-0.09815432603368013,67.96958289176521,67.92726188669278,419.70165951242006,0.0,73.6685619354248
4756,4.0,3.901803183327155,-0.09819681667284508,67.96942381466806,67.92517230766872,419.6976229016994,0.0,73.66758728027344
4757,4.0,3.9017616063515743,-0.09823839364842568,67.9692576171243,67.92009003638894,419.6936730890192,0.0,73.66662216186523
4758,4.0,3.901745734607504,-0.09825426539249582,67.96907781237998,67.91805210727938,419.6921652733326,0.0,73.66612762212753
4759,4.0,3.9017007428407715,-0.09829925715922849,67.96889437650194,67.91808283570313,419.68789105549297,0.0,73.66507935523987
4760,4.0,3.9016622208594725,-0.09833777914052755,67.96870420756014,67.91654249871424,419.68423146726957,0.0,73.66414594650269
4761,4.0,3.901619979870232,-0.09838002012976821,67.96850864621616,67.91080161705746,419.6802185732917,0.0,73.66313648223877
4762,4.0,3.901601904947861,-0.09839809505213903,67.96830567089766,67.90726422471353,419.6785014556665,0.0,73.66257524490356
4763,4.0,3.901586148153407,-0.09841385184659313,67.96808606927699,67.9045645497587,419.6770045601933,0.0,73.6620397567749
4764,4.0,3.9015174498161693,-0.09848255018383067,67.96786346319269,67.90026316177843,419.6704782181558,0.0,73.66050148010254
4765,4.0,3.9015016966899467,-0.09849830331005327,67.96762795156201,67.89396218314764,419.66898167116466,0.0,73.65994882583618
4766,4.0,3.901460397148453,-0.09853960285154706,67.96739044996426,67.89079667049468,419.6650582147227,0.0,73.65891170501709
4767,4.0,3.901450090109006,-0.09854990989099388,67.96713529564809,67.8891881342664,419.66407904597526,0.0,73.65844058990479
4768,4.0,3.9014122025045337,-0.09858779749546631,67.96688278579585,67.88615906595847,419.6604797235504,0.0,73.65745162963867
4769,4.0,3.9013727342165856,-0.09862726578341441,67.96661468821124,67.8810949940729,419.6567302361953,0.0,73.65641593933105
4770,4.0,3.90125956540082,-0.09874043459918003,67.96634836490755,67.87884460640437,419.6459791986976,0.0,73.65399074554443
4771,4.0,3.901174282947771,-0.09882571705222887,67.9660573372821,67.87781903435912,419.63787736565797,0.0,73.65206527709961
4772,4.0,3.901037493616585,-0.09896250638341497,67.96574751079493,67.87472170909791,419.62488237919524,0.0,73.6491470336914
4773,4.0,3.9009532271237504,-0.09904677287624963,67.96542995161668,67.86926233440911,419.616877062376,0.0,73.64721202850342
4774,4.0,3.900844098061786,-0.099155901938214,67.96507557740145,67.8663912505622,419.6065098014894,0.0,73.64476776123047
4775,4.0,3.900735752366092,-0.09926424763390784,67.96469785268931,67.8647481972518,419.59621696039846,0.0,73.64231300354004
4776,4.0,3.9006375538133216,-0.09936244618667844,67.96430333025195,67.86104945626886,419.58688809788526,0.0,73.64003163576126
4777,4.0,3.900529485179574,-0.09947051482042601,67.96388426339105,67.85524327130473,419.57662157767925,0.0,73.63753736019135
4778,4.0,3.900451468840137,-0.09954853115986317,67.96343098009469,67.85233175637184,419.5692100254327,0.0,73.635573387146
4779,4.0,3.900345979652372,-0.09965402034762816,67.96296444689948,67.85092189743727,419.559188552595,0.0,73.63307642936707
4780,4.0,3.9002154337612156,-0.0997845662387844,67.96247325006487,67.85048208808523,419.5467866929352,0.0,73.63007974624634
4781,4.0,3.900085904968548,-0.0999140950314521,67.96195175241847,67.85010811784895,419.5344814576317,0.0,73.6270694732666
4782,4.0,3.8999854970054586,-0.1000145029945414,67.96139857033592,67.85096677856676,419.5249427011383,0.0,73.62457466125488
4783,4.0,3.8998859796279564,-0.10011402037204364,67.96081795550033,67.8519209601862,419.51548855027556,0.0,73.62206697463989
4784,4.0,3.899736150595568,-0.10026384940443211,67.96021170257562,67.85371436478158,419.50125479219867,0.0,73.61858177185059
4785,4.0,3.899612931460791,-0.10038706853920898,67.95957702406221,67.85569066708776,419.48954897439484,0.0,73.61556816101074
4786,4.0,3.8994671956152716,-0.10053280438472845,67.95891211224391,67.85695345879535,419.4757040690705,0.0,73.61209678649902
4787,4.0,3.8993507540655727,-0.10064924593442726,67.95820853428643,67.857248445324,419.4646421218491,0.0,73.6091365814209
4788,4.0,3.899212198857861,-0.10078780114213881,67.95748177410626,67.85665720390219,419.4514793771165,0.0,73.60573387145996
4789,4.0,3.8990796391726095,-0.10092036082739053,67.95671650597234,67.85555113958075,419.4388862070176,0.0,73.60240268707275
4790,4.0,3.8989698392806487,-0.10103016071935134,67.95592168890333,67.85424477689612,419.42845521728134,0.0,73.59946918487549
4791,4.0,3.898863127110487,-0.10113687288951301,67.95509414342013,67.85307561480879,419.41831756111594,0.0,73.59655857086182
4792,4.0,3.898755428965647,-0.10124457103435303,67.95423178276079,67.85230784400602,419.40808623735614,0.0,73.59359169006348
4793,4.0,3.898623997004462,-0.10137600299553817,67.95334010242054,67.85204900109183,419.3956002010436,0.0,73.59014511108398
4794,4.0,3.89849712034046,-0.10150287965953986,67.9524182778371,67.85223462509141,419.38354691796343,0.0,73.58675193786621
4795,4.0,3.898397209568099,-0.10160279043190101,67.95146317656585,67.8527492690054,419.3740553945891,0.0,73.58383178710938
4796,4.0,3.8982946756475862,-0.10170532435241375,67.9504815325966,67.85342693531702,419.3643146721404,0.0,73.5808334350586
4797,4.0,3.898195182607892,-0.10180481739210778,67.94946796868292,67.85408408246283,419.35486283336945,0.0,73.5778579711914
4798,4.0,3.898070308418594,-0.10192969158140608,67.9484493583266,67.85455313339348,419.3429997853861,0.0,73.57439804077148
4799,4.0,3.898002384118377,-0.10199761588162293,67.94739800426962,67.85480697734964,419.3365469768655,0.0,73.57197761535645
4800,4.0,3.8979876121105455,-0.10201238788945455,67.94631497034568,67.85481116106469,419.33514363612153,0.0,73.57052612304688
4801,4.0,3.897971419265392,-0.10202858073460819,67.94521265607187,67.85458100738212,419.3336053158319,0.0,73.56902694702148
4802,4.0,3.897956377920166,-0.10204362207983397,67.94408849963665,67.85423406696303,419.33217638803546,0.0,73.56752586364746
4803,4.0,3.8979131731389485,-0.10208682686105153,67.94295495363042,67.85390675740356,419.3280719338198,0.0,73.56548309326172
4804,4.0,3.897900829979423,-0.10209917002057711,67.94180488025773,67.85360978969965,419.32689933366487,0.0,73.56400489807129
4805,4.0,3.897885928676545,-0.10211407132345496,67.94065358717552,67.853453761428,419.3254837098915,0.0,73.5624771118164
4806,4.0,3.897873970351879,-0.10212602964812101,67.93948798289946,67.85340619157219,419.3243476690482,0.0,73.56098937988281
4807,4.0,3.897865632073734,-0.10213436792626585,67.93831564642564,67.85350440086634,419.3235555326244,0.0,73.55956268310547
4808,4.0,3.8978320140847913,-0.1021679859152087,67.93713646824979,67.85367612054772,419.3203618236749,0.0,73.55765151977539
4809,4.0,3.8978224916385527,-0.10217750836144734,67.93595304420467,67.85384593325112,419.3194571912822,0.0,73.55619049072266
4810,4.0,3.8978142192173904,-0.10218578078260965,67.93476544393359,67.85400038638339,419.31867131127177,0.0,73.55474853515625
4811,4.0,3.897809452522034,-0.10219054747796585,67.93356958710359,67.85408862423186,419.3182184752129,0.0,73.55336380004883
4812,4.0,3.8978011067165586,-0.10219889328344145,67.93237268703487,67.85411218054702,419.31742562369277,0.0,73.55191040039062
4813,4.0,3.897766945137143,-0.10223305486285694,67.93115710930985,67.8541122343803,419.3141802736483,0.0,73.5499496459961
4814,4.0,3.897763099556395,-0.102236900443605,67.92994165715795,67.85403598043119,419.3138149434772,0.0,73.5485610961914
4815,4.0,3.8977566037382227,-0.10224339626177725,67.92872658729574,67.85396507318876,419.31319784075083,0.0,73.54712295532227
4816,4.0,3.897753779951574,-0.1022462200484262,67.92750036893635,67.85383564136617,419.3129295810192,0.0,73.54574203491211
4817,4.0,3.897749951189469,-0.1022500488105309,67.92628109268024,67.85378781264895,419.3125658486193,0.0,73.54434967041016
4818,4.0,3.897725014441623,-0.10227498555837711,67.92505266506355,67.8537608845939,419.3101968575739,0.0,73.54254913330078
4819,4.0,3.8977270144810303,-0.10227298551896968,67.92380931452934,67.85410444746286,419.31038686131757,0.0,73.54124069213867
4820,4.0,3.897728417708337,-0.10227158229166289,67.92257284212252,67.85514946513028,419.3105201679117,0.0,73.5399284362793
4821,4.0,3.8977337539191743,-0.10226624608082568,67.92133125452682,67.85567635381982,419.31102710794124,0.0,73.5386848449707
4822,4.0,3.897712427373353,-0.102287572626647,67.92009272996962,67.85546227561123,419.30900108608824,0.0,73.53694152832031
4823,4.0,3.8977195741852144,-0.10228042581478558,67.91885130032037,67.85466774038721,419.30968003321505,0.0,73.53573226928711
4824,4.0,3.8977323277274203,-0.10226767227257971,67.91759673787193,67.85370596310308,419.3108916197246,0.0,73.53461456298828
4825,4.0,3.8977152068341896,-0.1022847931658104,67.9163518535054,67.8529703546608,419.3092651348677,0.0,73.53294372558594
4826,4.0,3.8976631107604045,-0.1023368892395955,67.91438807513809,67.85268599803884,419.3043160078581,0.0,73.52983474731445
4827,4.0,3.897840563931617,-0.10215943606838307,67.90891451344397,67.85280350868729,419.3211740591233,0.0,73.52725601196289
4828,4.0,3.8980024043587758,-0.10199759564122424,67.90291368964311,67.8531637420166,419.3365488997034,0.0,73.52381134033203
4829,4.0,3.8982251376179335,-0.10177486238206646,67.8962156246326,67.85362987568212,419.3577085593234,0.0,73.52075958251953
4830,4.0,3.8986044609148083,-0.10139553908519172,67.88676683976061,67.85404940963143,419.3937442725265,0.0,73.51768112182617
4831,4.0,3.899290135383579,-0.10070986461642084,67.8712404090164,67.85436180216159,419.4588833470597,0.0,73.5137939453125
4832,4.0,3.9000022454135164,-0.09999775458648363,67.8557102092428,67.85452654669811,419.52653379990375,0.0,73.51039505004883
4833,4.0,3.9007338698662064,-0.0992661301337936,67.83932172298894,67.85444836725806,419.5960381229093,0.0,73.50642776489258
4834,4.0,3.901866022649869,-0.09813397735013085,67.8178638197285,67.85432032609988,419.70359263735725,0.0,73.5045051574707
4835,4.0,3.9031955270154275,-0.09680447298457251,67.79297991863051,67.85409213242202,419.8298955520853,0.0,73.50257110595703
4836,4.0,3.904452725061362,-0.0955472749386379,67.76891483729553,67.85384953783063,419.9493293664491,0.0,73.50014561414719
4837,4.0,3.90576970322977,-0.0942302967702302,67.74427974694906,67.85366917551532,420.0744422924478,0.0,73.49820983409882
4838,4.0,3.9074063587341077,-0.09259364126589231,67.71459663551263,67.85359925336678,420.2299245653599,0.0,73.49679040908813
4839,4.0,3.9093126914057588,-0.09068730859424123,67.68157834474358,67.85358236020659,420.4110261691668,0.0,73.49679255485535
4840,4.0,3.9111630306705165,-0.08883696932948348,67.6491398120718,67.85363791758346,420.5868083993188,0.0,73.49633741378784
4841,4.0,3.91308203036626,-0.0869179696337401,67.61596425436326,67.85375650983397,420.7691133704144,0.0,73.49633741378784
4842,4.0,3.915397472454904,-0.0846025275450959,67.57777630090978,67.85387049939825,420.9890803688356,0.0,73.49829292297363
4843,4.0,3.9178360323106682,-0.08216396768933176,67.53618695801026,67.85397148685517,421.2207435551332,0.0,73.49880743026733
4844,4.0,3.920346352747689,-0.07965364725231083,67.49517851739175,67.85403976950904,421.45922399665017,0.0,73.5012435913086
4845,4.0,3.9229247307541737,-0.0770752692458263,67.45351484690408,67.85408771747699,421.7041699072662,0.0,73.50418376922607
4846,4.0,3.925787367179683,-0.0742126328203172,67.40700288338272,67.85405633686833,421.97612036768953,0.0,73.50710010528564
4847,4.0,3.9289505654625296,-0.07104943453747037,67.35721711438141,67.85401941236633,422.27662420456,0.0,73.51199340820312
4848,4.0,3.9320461757055285,-0.0679538242944715,67.30819952015386,67.8539321599401,422.5707071776449,0.0,73.5163745880127
4849,4.0,3.9352519023456867,-0.06474809765431333,67.2586961069586,67.85386737519387,422.87525120845993,0.0,73.52219772338867
4850,4.0,3.938764395155104,-0.061235604844895875,67.20450858314733,67.85380321781489,423.2089380253546,0.0,73.52853488922119
4851,4.0,3.94251416058508,-0.057485839414920026,67.1472532184992,67.85380445287983,423.5651657412023,0.0,73.53583240509033
4852,4.0,3.946270235561051,-0.05372976443894917,67.09094246721425,67.85381311938819,423.9219928639195,0.0,73.54416370391846
4853,4.0,3.9500512118496323,-0.04994878815036774,67.0343275164417,67.85382892664502,424.28118561133476,0.0,73.5525074005127
4854,4.0,3.95420296630513,-0.04579703369486987,66.97316245636185,67.85386190930626,424.67560228460707,0.0,73.56263267993927
4855,4.0,3.958568877287791,-0.041431122712209056,66.90912102582236,67.85390600702418,425.09036382795983,0.0,73.57343447208405
4856,4.0,3.962929670982792,-0.03707032901720808,66.84615462013018,67.85393117673387,425.5046392289849,0.0,73.58516931533813
4857,4.0,3.9673345845015677,-0.03266541549843227,66.78303903444306,67.85394992923382,425.92310601326864,0.0,73.59740567207336
4858,4.0,3.9719704641135545,-0.028029535886445522,66.71755159826773,67.85394364110745,426.36351457640734,0.0,73.6111512184143
4859,4.0,3.976722717464622,-0.023277282535377974,66.65161509722479,67.85393580703237,426.8149786447588,0.0,73.62638664245605
4860,4.0,3.981419216565869,-0.018580783434130943,66.58722029258999,67.85390998750542,427.26114605937727,0.0,73.6421217918396
4861,4.0,3.9861661080733146,-0.013833891926685382,66.52343636867236,67.85389372647914,427.7121007525846,0.0,73.65929651260376
4862,4.0,3.9909965334085147,-0.00900346659148532,66.45930219695245,67.85388679293852,428.1709911594286,0.0,73.67745685577393
4863,4.0,3.9957740744678265,-0.004225925532173491,66.39708295479014,67.85387516860621,428.6248575600632,0.0,73.69659519195557
4864,4.0,4.000531436834204,0.0005314368342039799,66.33624973252856,67.85388133061541,429.0189693896352,0.0,73.71673679351807
4865,4.0,4.005313536529676,0.005313536529675922,66.27649744981696,67.85389954608408,429.47326886070505,0.0,73.73837566375732
4866,4.0,4.010052848386455,0.01005284838645526,66.21761048873857,67.85388050986026,429.9235034870991,0.0,73.7600326538086
4867,4.0,4.0148275979664545,0.014827597966454498,66.15956899190154,67.85388909576689,430.377104697199,0.0,73.78312873840332
4868,4.0,4.019557481297246,0.019557481297246326,66.10239381662953,67.85388713118012,430.82644361362424,0.0,73.80621433258057
4869,4.0,4.024322302682818,0.024322302682818098,66.04610198885511,67.85389271881589,431.27910164525355,0.0,73.83077812194824
4870,4.0,4.0290619758835655,0.029061975883565516,65.99077187704384,67.85391421574916,431.7293705993245,0.0,73.85580825805664
4871,4.0,4.033775751975676,0.03377575197567584,65.93644959867463,67.85388955560016,432.177179328075,0.0,73.88134765625
4872,4.0,4.0384850465256585,0.03848504652565854,65.88317566904963,67.8539011209793,432.62456231032337,0.0,73.90783882141113
4873,4.0,4.043135309958799,0.04313530995879944,65.83102264512861,67.85390161025975,433.06633733647175,0.0,73.93437004089355
4874,4.0,4.047806506112964,0.04780650611296444,65.77998769662024,67.85389317719385,433.5101009711174,0.0,73.96240615844727
4875,4.0,4.052468571354463,0.05246857135446259,65.73008602743454,67.85388147957529,433.95299716905976,0.0,73.99141883850098
4876,4.0,4.057039334186588,0.05703933418658824,65.68133880524913,67.85389544540512,434.3872196381117,0.0,74.01993751525879
4877,4.0,4.0616527713569575,0.06165277135695746,65.63373946889295,67.85390328585609,434.8254961692968,0.0,74.05040550231934
4878,4.0,4.0661783105122495,0.06617831051224954,65.58723529813075,67.85390687348868,435.2554223890495,0.0,74.08038711547852
4879,4.0,4.070719264254205,0.07071926425420472,65.54186999291659,67.85389042270532,435.6868129945353,0.0,74.11182022094727
4880,4.0,4.075251126776239,0.07525112677623902,65.49761120570162,67.85387073414824,436.1173399341285,0.0,74.14422607421875
4881,4.0,4.079669277086808,0.07966927708680771,65.45441842874367,67.85388710425369,436.53706421363256,0.0,74.17566108703613
4882,4.0,4.084158284282294,0.0841582842822941,65.41232112673218,67.85390081210525,436.96351989720375,0.0,74.20952033996582
4883,4.0,4.087084801864873,0.08708480186487311,65.37130105176306,67.85394281445296,437.2415390675488,0.0,74.216125279665
4884,4.0,4.091480002656724,0.0914800026567244,65.33130075964054,67.85392992946228,437.65908314277465,0.0,74.25047516822815
4885,4.0,4.095847692382514,0.095847692382514,65.2922490311919,67.8539115421372,438.0740136667246,0.0,74.28530764579773
4886,4.0,4.100160264724151,0.10016026472415085,65.25417233748168,67.85389792644972,438.48370803918016,0.0,74.32015681266785
4887,4.0,4.104472474614849,0.1044724746148491,65.21708834907324,67.85387175424835,438.8933679787965,0.0,74.35604000091553
4888,4.0,4.108754760605975,0.10875476060597489,65.18099621522998,67.8538691135921,439.3001851479534,0.0,74.39242458343506
4889,4.0,4.1130019430788165,0.1130019430788165,65.1459263021807,67.85386580254733,439.70366748287336,0.0,74.42925596237183
4890,4.0,4.117187471157324,0.1171874711573242,65.11184998583005,67.85388152840608,440.10129265033163,0.0,74.46602582931519
4891,4.0,4.121393715101904,0.12139371510190422,65.07879530199142,67.8538862839407,440.5008858250667,0.0,74.50426054000854
4892,4.0,4.125543248995774,0.12554324899577374,65.04671005049094,67.85389016714865,440.8950915449843,0.0,74.54250431060791
4893,4.0,4.129605459762706,0.12960545976270588,65.01563298962101,67.85392760568959,441.28100156784285,0.0,74.58025360107422
4894,4.0,4.1336885831411605,0.1336885831411605,64.98554901898783,67.85392995199363,441.6688982887961,0.0,74.61945056915283
4895,4.0,4.137740326017812,0.13774032601781183,64.95644435591845,67.85392247760818,442.05381386207796,0.0,74.6591386795044
4896,4.0,4.141707050557891,0.14170705055789057,64.92830500765585,67.85390831470967,442.4306526933854,0.0,74.69833850860596
4897,4.0,4.145668742725859,0.14566874272585917,64.90114217319206,67.85387797138875,442.80701344934243,0.0,74.73851013183594
4898,4.0,4.149570761840635,0.14957076184063478,64.87496826417869,67.85387808905824,443.1777052652461,0.0,74.7786865234375
4899,4.0,4.153456520355739,0.1534565203557392,64.85035549219744,67.85387523347477,443.54685232418103,0.0,74.82031440734863
4900,4.0,4.157273256319632,0.15727325631963218,64.82686997738685,67.85387307936055,443.9094422407509,0.0,74.86194801330566
4901,4.0,4.160993739773675,0.1609937397736747,64.80407838491541,67.85389098112947,444.2628881688849,0.0,74.90260124206543
4902,4.0,4.164715868045069,0.16471586804506888,64.7821460738966,67.8539031473448,444.61649035466735,0.0,74.9442310333252
4903,4.0,4.168451790214585,0.16845179021458456,64.76084248648282,67.85389684073229,444.97140296077134,0.0,74.98679161071777
4904,4.0,4.172179482806707,0.17217948280670736,64.74008656815236,67.85391083504742,445.32553375702304,0.0,75.02979469299316
4905,4.0,4.175840858161415,0.17584085816141481,64.71997951014475,67.85391648234219,445.67336441572024,0.0,75.07231521606445
4906,4.0,4.1794431422047404,0.17944314220474045,64.70082573037476,67.85391445948102,446.01558139983615,0.0,75.11483955383301
4907,4.0,4.182978792415966,0.18297879241596604,64.68266471796433,67.85389692459908,446.3514681699026,0.0,75.15728187561035
4908,4.0,4.186533429301705,0.18653342930170513,64.66547777283131,67.85388510925749,446.6891586740478,0.0,75.20116233825684
4909,4.0,4.190060961260443,0.1900609612604427,64.64918065169068,67.85389758017423,447.0242742101279,0.0,75.24555778503418
4910,4.0,4.193527116656678,0.19352711665667766,64.63377177228055,67.85389129974911,447.3535589727702,0.0,75.28985404968262
4911,4.0,4.196910635956219,0.19691063595621916,64.61923855674175,67.8538965305008,447.6749933062266,0.0,75.33365821838379
4912,4.0,4.2002711430797595,0.20027114307975946,64.60550120748549,67.8539126672568,447.99424148296293,0.0,75.37795066833496
4913,4.0,4.203549448175955,0.20354944817595477,64.59258502844725,67.85388850394159,448.3056804671015,0.0,75.42170143127441
4914,4.0,4.206803569563457,0.2068035695634567,64.58044217116854,67.8538914646393,448.6148219989142,0.0,75.46589851379395
4915,4.0,4.210087830894117,0.21008783089411676,64.56911167561233,67.85389839532198,448.9268268253269,0.0,75.51156425476074
4916,4.0,4.21329586499218,0.21329586499217967,64.55853332485428,67.85390680008099,449.2315900646429,0.0,75.55672264099121
4917,4.0,4.216481933165704,0.21648193316570374,64.5487421399104,67.85392107154199,449.5342665411277,0.0,75.60239028930664
4918,4.0,4.219591758325033,0.2195917583250333,64.53970390866812,67.85392090890394,449.829699931264,0.0,75.64755630493164
4919,4.0,4.2227040767126,0.22270407671260006,64.53143116372779,67.85389016737487,450.12537017808285,0.0,75.69364929199219
4920,4.0,4.225737874541929,0.22573787454192917,64.52392106610371,67.85385567468191,450.41358097186907,0.0,75.73921585083008
4921,4.0,4.228696200617467,0.22869620061746687,64.51717050614988,67.85385867215298,450.69462194904514,0.0,75.78430938720703
4922,4.0,4.231634524481055,0.2316345244810547,64.51114646720818,67.85386263553788,450.973762716086,0.0,75.82988739013672
4923,4.0,4.234503245138199,0.23450324513819876,64.50584730102099,67.85386396253669,451.2462911785147,0.0,75.87506103515625
4924,4.0,4.237378262864481,0.23737826286448094,64.50126644074939,67.8538770850692,451.5194178625115,0.0,75.92118453979492
4925,4.0,4.240181307187248,0.24018130718724784,64.49739143969225,67.85389907896435,451.78570707317436,0.0,75.96684265136719
4926,4.0,4.2429126007819615,0.24291260078196153,64.49420113357041,67.8539019252929,452.0451799646722,0.0,76.01201629638672
4927,4.0,4.245626130151349,0.24562613015134893,64.49168262662143,67.85391666068126,452.302965254764,0.0,76.05765914916992
4928,4.0,4.248269270770725,0.24826927077072458,64.48983823696706,67.85392306184544,452.5540636136046,0.0,76.10283279418945
4929,4.0,4.250922961468549,0.2509229614685493,64.48865342709414,67.85390833048623,452.806164229898,0.0,76.14897155761719
4930,4.0,4.25350701370429,0.2535070137042901,64.48810939457437,67.85388727942944,453.0516491922934,0.0,76.19461822509766
4931,4.0,4.256023551566254,0.2560235515662539,64.48818889440051,67.85387777898498,453.29072028917994,0.0,76.23979187011719
4932,4.0,4.258523168662779,0.25852316866277913,64.48892441310528,67.85388165013443,453.52818391334984,0.0,76.28543853759766
4933,4.0,4.2609538191176055,0.2609538191176055,64.49028067240509,67.85387032563192,453.75909570655836,0.0,76.33058547973633
4934,4.0,4.263400715048375,0.26340071504837503,64.49223357558384,67.85388372669229,453.99155081998146,0.0,76.3767318725586
4935,4.0,4.2657797587565796,0.26577975875657955,64.49478514367198,67.85391526580818,454.21755997226086,0.0,76.4223747253418
4936,4.0,4.26809318822709,0.2680931882270903,64.49792963579827,67.85389406976542,454.4373357719594,0.0,76.46754837036133
4937,4.0,4.270397192960477,0.27039719296047693,64.50166329184881,67.85389066907118,454.6562162216311,0.0,76.51325607299805
4938,4.0,4.272637650556674,0.2726376505566739,64.50596661459406,67.85388376086529,454.86905969326983,0.0,76.55850601196289
4939,4.0,4.274894145323265,0.27489414532326517,64.51083938165337,67.85391055563994,455.083426696096,0.0,76.6047248840332
4940,4.0,4.277086506239447,0.2770865062394474,64.51626984227396,67.85390864529683,455.2917009831333,0.0,76.65046310424805
4941,4.0,4.279215360245989,0.27921536024598925,64.52224793040445,67.85392276305036,455.49394211375477,0.0,76.69572067260742
4942,4.0,4.281337113221626,0.2813371132216256,64.52873126037784,67.853915992451,455.69550864644026,0.0,76.74145889282227
4943,4.0,4.283394713749749,0.28339471374974856,64.53576433362143,67.85388280866275,455.8909806966119,0.0,76.78670883178711
4944,4.0,4.285471236183235,0.285471236183235,64.5433164188784,67.85386948316655,456.08825032779316,0.0,76.83292388916016
4945,4.0,4.287487041653541,0.28748704165354066,64.55137814712131,67.85385302558767,456.2797518474722,0.0,76.87866592407227
4946,4.0,4.289440996242731,0.2894409962427309,64.5599502008543,67.85389465086696,456.46537753344523,0.0,76.92391586303711
4947,4.0,4.291383097799162,0.29138309779916227,64.56902560201843,67.85390279415002,456.64987718130624,0.0,76.96956253051758
4948,4.0,4.293239089015457,0.29323908901545703,64.57858196828586,67.85390610777345,456.8261963468542,0.0,77.01424789428711
4949,4.0,4.295033843548272,0.2950338435482722,64.58863528337311,67.85389196484341,456.99669802747167,0.0,77.05843734741211
4950,4.0,4.296798696588796,0.2967986965887963,64.59912974333528,67.85391597705019,457.1643590663215,0.0,77.10262680053711
4951,4.0,4.298505122346564,0.29850512234656357,64.61010082817411,67.853901613332,457.32646951330935,0.0,77.14634704589844
4952,4.0,4.300207812574939,0.3002078125749392,64.62151214736014,67.85390419522884,460.340199304467,0.0,77.19053649902344
4953,4.0,4.301781000954466,0.3017810009544659,64.63446430331615,67.8538982315278,460.489652200522,0.0,77.2342529296875
4954,4.0,4.30321840999844,0.30321840999843985,64.6498489125134,67.85387737562117,460.62620605969954,0.0,77.27845001220703
4955,4.0,4.30454093777027,0.3045409377702697,64.66694905803486,67.85388933380199,463.6449851068409,0.0,77.32264709472656
4956,4.0,4.30567431501133,0.3056743150113297,64.68644653202755,67.85389802894733,463.7526559447416,0.0,77.36632537841797
4957,4.0,4.30655692950765,0.30655692950765,64.70892975080103,67.85391954368485,463.83650432189205,0.0,77.4090805053711
4958,4.0,4.307271555055246,0.3072715550552463,64.73350112768313,67.85387912456997,466.8234735219385,0.0,77.45132446289062
4959,4.0,4.307841098310665,0.3078410983106652,64.76067886966868,67.85387976585258,466.87758013120333,0.0,77.49408721923828
4960,4.0,4.308175081893904,0.3081750818939044,64.79095833626619,67.8538959033742,466.90930857161106,0.0,77.53633117675781
4961,4.0,4.30828696846563,0.3082869684656302,64.82335706880309,67.85389222993655,469.8486639963485,0.0,77.57711791992188
4962,4.0,4.308256921226791,0.30825692122679094,64.85831790122273,67.85391469973031,469.84580950865876,0.0,77.61841583251953
4963,4.0,4.307967577292449,0.30796757729244906,64.89634994784969,67.85389775953091,469.81832183489627,0.0,77.6587142944336
4964,4.0,4.3075444968487595,0.3075444968487595,64.93642862906306,67.85391251721603,472.699801912809,0.0,77.69904327392578
4965,4.0,4.306901513314292,0.3069015133142923,64.97900374329772,67.85390898149353,472.6387184770346,0.0,77.7383804321289
4966,4.0,4.30751887255921,0.30751887255920973,65.02453449427654,67.85390757711475,472.6973676053018,0.0,77.80400264263153
4967,4.0,4.306469530836879,0.3064695308368792,65.07205305476995,67.85387269563334,475.5091406846307,0.0,77.8418927192688
4968,4.0,4.305231812681247,0.3052318126812468,65.12203092024328,67.8538782532677,475.3915574598456,0.0,77.87928867340088
4969,4.0,4.303778862631092,0.3037788626310922,65.17489812015454,67.85389284755121,475.25352720508096,0.0,77.91620802879333
4970,4.0,4.302176651776908,0.3021766517769082,65.22963073229643,67.85388853441155,477.9719953658141,0.0,77.95260953903198
4971,4.0,4.300345177832008,0.30034517783200787,65.28662340489382,67.85390196642197,477.79800534104857,0.0,77.98750448226929
4972,4.0,4.298336923477773,0.2983369234777733,65.34633569938939,67.85391149049373,477.6072211773963,0.0,78.0223798751831
4973,4.0,4.296115313781121,0.29611531378112144,65.40774215880087,67.85390739074434,477.39616825621437,0.0,78.05533409118652
4974,4.0,4.2938297440846585,0.29382974408465845,65.4701705849851,67.8539049072911,477.1790391350504,0.0,78.0882682800293
4975,4.0,4.291459892199767,0.2914598921997671,65.53315252265884,67.85390518169879,476.9539032059857,0.0,78.12024879455566
4976,4.0,4.289050618261175,0.2890506182611752,65.59636191755745,67.85388624560858,476.72502218181944,0.0,78.15169906616211
4977,4.0,4.286563612161259,0.2865636121612587,65.65958518589524,67.85389346247597,476.4887566023274,0.0,78.1816635131836
4978,4.0,4.2840631762978365,0.2840631762978365,65.72265914232406,67.85389076940385,476.2512151953023,0.0,78.2111177444458
4979,4.0,4.2815305013969285,0.2815305013969285,65.78549303667562,67.8538694737675,476.010611079716,0.0,78.23960971832275
4980,4.0,4.278970894915293,0.27897089491529314,65.84799495480661,67.85386385306201,475.76744846396065,0.0,78.26712608337402
4981,4.0,4.2763883885455005,0.2763883885455005,65.9101113710348,67.85388358097177,475.5221103588304,0.0,78.29367637634277
4982,4.0,4.27381171573351,0.27381171573351004,65.97181275540026,67.85390658608503,475.2773264416913,0.0,78.31975173950195
4983,4.0,4.271211076119312,0.27121107611931183,66.03307331959014,67.8539086016726,475.03026567834246,0.0,78.34477615356445
4984,4.0,4.268592656675077,0.2685926566750769,66.09387470490327,67.85389402720183,474.78151583114015,0.0,78.36884117126465
4985,4.0,4.265981623013974,0.26598162301397377,66.1542048254126,67.85391788657617,474.5334676333353,0.0,78.39239501953125
4986,4.0,4.263301444807596,0.2633014448075963,66.21404799230842,67.85390765309172,474.27885070372946,0.0,78.41401290893555
4987,4.0,4.260683385678628,0.2606833856786279,66.27339826224913,67.85389972929957,474.03013508647746,0.0,78.43610191345215
4988,4.0,4.2579975548310465,0.25799755483104647,66.33225178758371,67.8538969385353,473.7749811559572,0.0,78.45626831054688
4989,4.0,4.255374825145637,0.2553748251456369,66.39059851833626,67.85389531123892,473.5258218358433,0.0,78.4769115447998
4990,4.0,4.252698726306401,0.25269872630640133,66.44843800959862,67.85389915199633,473.27159244611596,0.0,78.49588546901941
4991,4.0,4.250016631197405,0.250016631197405,66.50577544062688,67.85390274619019,473.0167934107613,0.0,78.51406991481781
4992,4.0,4.247342856599946,0.24734285659994626,66.56258654801958,67.85388580653067,472.7627848240027,0.0,78.5317018032074
4993,4.0,4.24465397302195,0.2446539730219497,66.61889398737506,67.85389172712286,472.507340884093,0.0,78.54837584495544
4994,4.0,4.241950844886963,0.24195084488696317,66.67467481158504,67.85389715949061,472.2505437112693,0.0,78.56408143043518
4995,4.0,4.239310931500335,0.23931093150033522,66.7299429198649,67.85389771340769,471.9997519395397,0.0,78.58027124404907
4996,4.0,4.236577842726001,0.23657784272600058,66.78468651003273,67.85390563251138,471.7401085059779,0.0,78.59403419494629
4997,4.0,4.233908450571705,0.23390845057170484,66.83889579644284,67.85391052789734,471.48651625131976,0.0,78.60826826095581
4998,4.0,4.231172806421676,0.23117280642167604,66.89258387436992,67.85391170818839,471.22663005706704,0.0,78.62057828903198
4999,4.0,4.228500582191653,0.2285005821916526,66.9457339713834,67.85390481332786,470.9727687552148,0.0,78.63335418701172
5000,4.0,4.225814915760262,0.22581491576026202,66.9983791849569,67.85389611314085,470.7176304442327,0.0,78.64520835876465
5001,4.0,4.223092670346318,0.2230926703463183,67.05048357557837,67.85389059787757,470.45901712990803,0.0,78.65566825866699
5002,4.0,4.220402134757936,0.22040213475793635,67.1020525788262,67.85389961046123,470.20341624901175,0.0,78.66601276397705
5003,4.0,4.217699645796431,0.21769964579643108,67.15308159868212,67.8538802964776,469.94667979766876,0.0,78.67542457580566
5004,4.0,4.2150075050791616,0.21500750507916155,67.20357854886909,67.85388750575453,469.6909264295282,0.0,78.68432998657227
5005,4.0,4.212325209764771,0.21232520976477076,67.2535296893015,67.85388267311194,469.43610837466105,0.0,78.69270515441895
5006,4.0,4.209599165115443,0.20959916511544296,67.30295861453713,67.85387723355349,469.1771341329749,0.0,78.69957733154297
5007,4.0,4.206912697057243,0.20691269705724302,67.35183430213611,67.85390055176023,468.9219196674459,0.0,78.70646858215332
5008,4.0,4.204209211224645,0.20420921122464541,67.4002008948866,67.85391147636449,468.66508851334913,0.0,78.71237373352051
5009,4.0,4.201492574253604,0.20149257425360378,67.44801717103577,67.85389667055843,468.40700800110017,0.0,78.71731758117676
5010,4.0,4.198813418176312,0.1988134181763117,67.49528464034817,67.85389039455063,468.15248817375743,0.0,78.72225189208984
5011,4.0,4.196120994909467,0.19612099490946733,67.54199637758556,67.85388936638267,467.8967079634072,0.0,78.7262191772461
5012,4.0,4.193438462601951,0.19343846260195097,67.58817148476324,67.85390124960634,467.6418673941932,0.0,78.72967720031738
5013,4.0,4.190764428270515,0.19076442827051476,67.63380323143782,67.85388906622667,467.3878341327067,0.0,78.73259353637695
5014,4.0,4.188049700144787,0.18804970014478695,67.67889662169905,67.853881976977,467.12993496076257,0.0,78.73405075073242
5015,4.0,4.185397428179863,0.18539742817986316,67.72345132927127,67.85388269748869,466.8779691240948,0.0,78.73598861694336
5016,4.0,4.182705526701775,0.18270552670177498,67.76745861989083,67.85387490271668,466.6222384836764,0.0,78.73647880554199
5017,4.0,4.1800509532002925,0.18005095320029252,67.81091538978404,67.85389217200367,466.3700540010356,0.0,78.73696708679199
5018,4.0,4.177380913181441,0.177380913181441,67.85383209995878,67.85390155806277,466.1164001992447,0.0,78.7364730834961
5019,4.0,4.174722963933569,0.17472296393356856,67.89619587304946,67.85391114633671,465.8638950206968,0.0,78.73550224304199
5020,4.0,4.172075524086313,0.17207552408631344,67.93802445170276,67.85393232392892,465.6123882352076,0.0,78.73404693603516
5021,4.0,4.169439577088322,0.1694395770883217,67.97930046580647,67.85390867050722,465.3619732703984,0.0,78.73210716247559
5022,4.0,4.166789409963309,0.16678940996330915,68.02002535325363,67.85391543273474,465.11020739352216,0.0,78.72920036315918
5023,4.0,4.164150129660789,0.164150129660789,68.06020365718078,67.85392027004725,464.85947576478276,0.0,78.7258071899414
5024,4.0,4.1615419130463795,0.16154191304637955,68.09984374191927,67.85388189938304,464.6116951864139,0.0,78.72232055664062
5025,4.0,4.158920167388978,0.1589201673889784,68.13892969587742,67.85386292871462,464.36262934896075,0.0,78.71788024902344
5026,4.0,4.156309284599326,0.1563092845993257,68.177467148427,67.85388306960519,464.11459548394373,0.0,78.71295547485352
5027,4.0,4.1537078156275555,0.15370781562755553,68.21545211089453,67.85387205925518,463.8674559316256,0.0,78.70751571655273
5028,4.0,4.151093139551976,0.15109313955197567,68.25288469713243,67.85388834375115,463.6190617044455,0.0,78.70113372802734
5029,4.0,4.148513590306849,0.14851359030684907,68.28977961126363,67.85389816466362,463.3740045261585,0.0,78.69474411010742
5030,4.0,4.145969246289619,0.14596924628961894,68.32613361991788,67.85390635101152,463.1322918445216,0.0,78.68834686279297
5031,4.0,4.1433583412866986,0.14335834128669855,68.3619533798813,67.8539178863418,462.88425586924416,0.0,78.68001937866211
5032,4.0,4.140808017435347,0.1408080174353472,68.39722887625855,67.85392182771885,462.6419751033658,0.0,78.67216491699219
5033,4.0,4.138293487012731,0.1382934870127306,68.43195927519751,67.85388149704738,462.40309471321723,0.0,78.66431427001953
5034,4.0,4.135738747570317,0.13573874757031668,68.46612579305932,67.85387638714522,462.1603944661879,0.0,78.65500259399414
5035,4.0,4.133218058261631,0.13321805826163136,68.49977023079333,67.85386948998428,461.9209289818628,0.0,78.64569091796875
5036,4.0,4.130705530287375,0.13070553028737475,68.53286485483511,67.85388848542559,461.6822388243084,0.0,78.63585662841797
5037,4.0,4.128199580860215,0.12819958086021543,68.56542477375064,67.85388309789438,461.44417362872827,0.0,78.62548828125
