Step,Desired Gap (s),Actual Gap (s),Error (s),Ego Speed (km/h),Target Speed (km/h),Req Torque (Nm),Req Decel (m/s^2)
0,4.0,9.476532000505687,5.476532000505687,54.70784703932908,77.5173531180634,630.0,0.0
1,4.0,9.664364342824198,5.664364342824198,53.76545816294844,77.51822077819291,630.0,0.0
2,4.0,9.824589902020717,5.824589902020717,53.01164428176038,77.52010047009925,630.0,0.0
3,4.0,9.933728364176224,5.933728364176224,52.553826782799604,77.52240021772982,630.0,0.0
4,4.0,9.98257820384918,5.9825782038491795,52.42184172228555,77.52458973601313,630.0,0.0
5,4.0,9.986387846332205,5.986387846332205,52.52687346472162,77.52623533850274,630.0,0.0
6,4.0,9.959735675551096,5.959735675551096,52.79177209872811,77.52712357346049,630.0,0.0
7,4.0,9.912676441781713,5.912676441781713,53.16553909132823,77.52720622115133,630.0,0.0
8,4.0,9.852151788698542,5.852151788698542,53.61401641621998,77.52662102886212,630.0,0.0
9,4.0,9.783002819003801,5.783002819003801,54.11328789251583,77.52562947633419,630.0,0.0
10,4.0,9.70896641904247,5.70896641904247,54.64454461439398,77.52447969785688,630.0,0.0
11,4.0,9.632565185544074,5.632565185544074,55.19472015198193,77.52346757058822,630.0,0.0
12,4.0,9.555418073356941,5.555418073356941,55.75502683750334,77.52275141599556,630.0,0.0
13,4.0,9.478619864301747,5.478619864301747,56.31954444198539,77.52243467821069,630.0,0.0
14,4.0,9.402812441603338,5.402812441603338,56.88427906017629,77.52248974511173,630.0,0.0
15,4.0,9.328414066856691,5.328414066856691,57.44657074968192,77.5228408796734,630.0,0.0
16,4.0,9.25568009267153,5.255680092671531,58.004657224505344,77.52335046215248,630.0,0.0
17,4.0,9.184690816551324,5.184690816551324,58.557367738680355,77.52388753084492,630.0,0.0
18,4.0,9.115502594137183,5.115502594137183,59.10396679799245,77.52434889418845,630.0,0.0
19,4.0,9.048109343839272,5.048109343839272,59.64401271007019,77.52465872079057,630.0,0.0
20,4.0,8.982524090669598,4.982524090669598,60.17724528141451,77.52478261318245,630.0,0.0
21,4.0,8.918653881476027,4.918653881476027,60.703531946870484,77.52472066677348,630.0,0.0
22,4.0,8.856434511029217,4.856434511029217,61.22304853568695,77.5245346693648,630.0,0.0
23,4.0,8.795592901172258,4.795592901172258,61.737389160101266,77.52426618284069,630.0,0.0
24,4.0,8.735707301665773,4.735707301665773,62.24905501998056,77.5240045756642,630.0,0.0
25,4.0,8.676526504070807,4.676526504070807,62.7597842262286,77.52379115587745,630.0,0.0
26,4.0,8.617861600012109,4.617861600012109,63.2707840208414,77.52366713626235,630.0,0.0
27,4.0,8.55957487095295,4.55957487095295,63.78292720570355,77.52363264402429,630.0,0.0
28,4.0,8.501582710676548,4.501582710676548,64.29685981056679,77.52368089509368,630.0,0.0
29,4.0,8.44382170311656,4.44382170311656,64.81305818870575,77.52378418127776,630.0,0.0
30,4.0,8.386243099323554,4.386243099323554,65.33189559870549,77.52391501649595,630.0,0.0
31,4.0,8.328788868657682,4.328788868657682,65.85370229585348,77.52403202958077,630.0,0.0
32,4.0,8.271445871809698,4.271445871809698,66.3787324683588,77.5241214935213,630.0,0.0
33,4.0,8.214192916657478,4.214192916657478,66.90723416917682,77.524162865068,630.0,0.0
34,4.0,8.156967420787833,4.156967420787833,67.43949840720396,77.52416292853698,630.0,0.0
35,4.0,8.099752123616748,4.099752123616748,67.97612670219287,77.5241354110137,630.0,0.0
36,4.0,8.042435228520006,4.042435228520006,68.51767594478758,77.52409410276579,630.0,0.0
37,4.0,7.984998563317117,3.9849985633171174,69.06464493045048,77.524048068832,630.0,0.0
38,4.0,7.927426718654543,3.9274267186545426,69.61746835122986,77.52399952850556,630.0,0.0
39,4.0,7.8696551458560515,3.8696551458560515,70.17653151895509,77.5239680138164,630.0,0.0
40,4.0,7.811673550343044,3.811673550343044,70.74219688154238,77.52394819853319,630.0,0.0
41,4.0,7.753458771028837,3.7534587710288374,71.31484409993699,77.52394694810108,630.0,0.0
42,4.0,7.694961399634191,3.694961399634191,71.89484549453171,77.52394888413727,630.0,0.0
43,4.0,7.636187611336354,3.6361876113363536,72.48254580291503,77.52394128902638,630.0,0.0
44,4.0,7.577116118439449,3.5771161184394487,73.0783430622059,77.5239436520691,630.0,0.0
45,4.0,7.517732938253173,3.5177329382531726,73.68263962154822,77.52397104318348,630.0,0.0
46,4.0,7.458035461127771,3.4580354611277713,74.29553771510545,77.5240021440722,630.0,0.0
47,4.0,7.3982468904332865,3.3982468904332865,74.91509500298437,77.5240266819181,630.0,0.0
48,4.0,7.3387352346189685,3.3387352346189685,75.53763062219272,77.52405000386462,630.0,0.0
49,4.0,7.279748927058769,3.279748927058769,76.16054926812609,77.5240463500926,630.0,0.0
50,4.0,7.221467623069719,3.221467623069719,76.7819415657799,77.52403548124852,630.0,0.0
51,4.0,7.163970967806562,3.163970967806562,77.40050393357518,77.5240211533479,630.0,0.0
52,4.0,7.107345145940965,3.1073451459409647,78.01523126375815,77.52400753726829,619.9153566152223,0.0
53,4.0,7.051617748514744,3.0516177485147438,78.62544709295183,77.52397730800392,608.7977408286914,0.0
54,4.0,6.996813308886378,2.996813308886378,79.23064851039608,77.52396375393664,597.8642551228324,0.0
55,4.0,6.942926842273423,2.9429268422734234,79.83052877389098,77.5239727238342,587.1139050335479,0.0
56,4.0,6.889942431198808,2.889942431198808,80.42489311620311,77.52398659586906,576.543515024162,0.0
57,4.0,6.837888041733932,2.8378880417339323,81.01314917897793,77.5239867854688,566.1586643259195,0.0
58,4.0,6.7870113909577565,2.7870113909577565,81.59210441152317,77.52399341845134,556.0087724960724,0.0
59,4.0,6.737623966979286,2.737623966979286,82.15707715944818,77.5240020416766,546.1559814123675,0.0
60,4.0,6.690007399538044,2.690007399538044,82.70464522638689,77.52401088607665,536.6564762078397,0.0
61,4.0,6.64426200351703,2.6442620035170297,83.23245334139574,77.5240185930576,527.5302697016474,0.0
62,4.0,6.600478469508955,2.600478469508955,83.73887120352032,77.52402296688184,518.7954546670366,0.0
63,4.0,6.558669378960058,2.558669378960058,84.22289828158128,77.52402295512563,510.45454110253155,0.0
64,4.0,6.51882567817848,2.51882567817848,84.68400750135936,77.52402187891137,502.5057227966068,0.0
65,4.0,6.4809009413003595,2.4809009413003595,85.122039545827,77.52400604426855,494.93973778942166,0.0
66,4.0,6.444856832332344,2.444856832332344,85.53710141654115,77.52400536843794,487.7489380503026,0.0
67,4.0,6.41062569032975,2.4106256903297503,85.92942817925989,77.52400454334406,480.9198252207852,0.0
68,4.0,6.378127064953797,2.378127064953797,86.29950330048158,77.52400185978308,474.43634945828245,0.0
69,4.0,6.347282285010982,2.347282285010982,86.64784947159477,77.52399865873998,468.28281585969086,0.0
70,4.0,6.318034585251744,2.318034585251744,86.97511387149876,77.52398515342549,462.4478997577229,0.0
71,4.0,6.290298758143366,2.290298758143366,87.28195456186005,77.52399284899285,456.9146022496014,0.0
72,4.0,6.263986070168227,2.263986070168227,87.5690977048009,77.52398416688341,451.6652209985612,0.0
73,4.0,6.239055887358937,2.239055887358937,87.8372364422792,77.52400059715649,446.6916495281079,0.0
74,4.0,6.215409102981579,2.215409102981579,88.08710922006249,77.52400208859339,441.974116044825,0.0
75,4.0,6.192988961034191,2.1929889610341906,88.3194108803737,77.52399612626678,437.501297726321,0.0
76,4.0,6.171741000295137,2.171741000295137,88.53487748714277,77.5239886105188,433.26232955887986,0.0
77,4.0,6.151592219215678,2.1515922192156776,88.73417736664197,77.52398825361657,429.24264773352763,0.0
78,4.0,6.132501964750264,2.132501964750264,88.91799062301183,77.52399642624626,425.43414196767765,0.0
79,4.0,6.11440543820483,2.1144054382048303,89.08696581911882,77.52400240048966,421.8238849218636,0.0
80,4.0,6.097265598018655,2.097265598018655,89.24172204287596,77.52400500572719,418.4044868047217,0.0
81,4.0,6.081016185632861,2.081016185632861,89.38287619963978,77.52400944448357,415.16272903375574,0.0
82,4.0,6.065630923033695,2.0656309230336953,89.51101589753098,77.52402035870057,412.0933691452222,0.0
83,4.0,6.051060999576549,2.051060999576549,89.62670312439147,77.52401360378273,409.1866694155215,0.0
84,4.0,6.0372702668941685,2.0372702668941685,89.73048483201985,77.52400723528976,406.4354182453866,0.0
85,4.0,6.024232182496168,2.024232182496168,89.82288321835244,77.52401308309925,403.8343204079855,0.0
86,4.0,6.011889116670669,2.0118891166706687,89.90438978230291,77.52401906889719,401.3718787757984,0.0
87,4.0,6.000221622217133,2.0002216222171327,89.97550957915908,77.5240113057607,399.04421363231796,0.0
88,4.0,5.989205426956492,1.9892054269564916,90.0367107465281,77.52398925222228,396.84648267782006,0.0
89,4.0,5.978793828422867,1.9787938284228668,90.0884131448685,77.52397227665234,394.7693687703619,0.0
90,4.0,5.968963811904986,1.9689638119049864,90.1310852351261,77.52395952190241,392.80828047504474,0.0
91,4.0,5.959698553729558,1.9596985537295577,90.16510179796772,77.523960175043,390.95986146904676,0.0
92,4.0,5.950962455474221,1.9509624554742206,90.19088300582794,77.52397367965744,389.217009867107,0.0
93,4.0,5.942745064189893,1.942745064189893,90.20881700689931,77.52400543950652,387.5776403058836,0.0
94,4.0,5.935012201236926,1.9350122012369262,90.21928424743855,77.5240191677517,386.0349341467667,0.0
95,4.0,5.9277279414518445,1.9277279414518445,90.22264451319104,77.52400950616105,384.58172431964294,0.0
96,4.0,5.920884164946264,1.9208841649462638,90.21930301644183,77.52401951556531,383.2163909067796,0.0
97,4.0,5.9144903962414865,1.9144903962414865,90.20962136451155,77.52401504565881,381.94083405017653,0.0
98,4.0,5.908484654848885,1.908484654848885,90.19394160923412,77.52401970594056,380.7426886423525,0.0
99,4.0,5.90284811793443,1.9028481179344299,90.17258958278359,77.5240074706755,379.6181995279187,0.0
100,4.0,5.897580708860818,1.8975807088608176,90.14586157386437,77.52398471055038,378.5673514177331,0.0
101,4.0,5.8926552815807955,1.8926552815807955,90.11406777008766,77.52400240335793,377.5847286753687,0.0
102,4.0,5.888063522360325,1.8880635223603246,90.07749144739803,77.5240179090416,376.6686727108847,0.0
103,4.0,5.883785448541139,1.883785448541139,90.03635639161702,77.52401847901217,375.8151969839572,0.0
104,4.0,5.879800857982068,1.879800857982068,89.99095208130848,77.52401326792277,375.02027116742255,0.0
105,4.0,5.876104133394635,1.8761041333946347,89.94149288828288,77.52401304674174,374.28277461222956,0.0
106,4.0,5.872684236115978,1.872684236115978,89.88822190679846,77.52399147281233,373.6005051051376,0.0
107,4.0,5.869526274367812,1.8695262743678116,89.83133869710525,77.52396635988245,372.9704917363784,0.0
108,4.0,5.866621144988519,1.8666211449885193,89.77104895266949,77.5239672155633,372.3909184252096,0.0
109,4.0,5.863954608868206,1.8639546088682062,89.70756028645872,77.52398603538244,371.85894446920713,0.0
110,4.0,5.861525395860975,1.8615253958609754,89.64107752335134,77.52400243207903,371.37431647426456,0.0
111,4.0,5.85931675403202,1.8593167540320197,89.57175124084296,77.52402642588994,370.93369242938786,0.0
112,4.0,5.857308162350639,1.8573081623506393,89.4997639228742,77.52403323930739,370.53297838895253,0.0
113,4.0,5.85550806668342,1.85550806668342,89.42529787195662,77.52402771171116,444.2804549811328,0.0
114,4.0,5.852186321939937,1.8521863219399366,89.37438277198153,77.52402476824594,443.6177669048078,0.0
115,4.0,5.844414447594686,1.8444144475946862,89.39165213817911,77.52401448036134,442.06727797293036,0.0
116,4.0,5.8333962800951324,1.8333962800951324,89.45816576741,77.52400666421109,439.86915355676945,0.0
117,4.0,5.820161959933519,1.820161959933519,89.55820210978092,77.52398154461594,437.2289066845275,0.0
118,4.0,5.80546908672497,1.8054690867249699,89.68029812023316,77.52396258813334,434.29767847942196,0.0
119,4.0,5.789870599674897,1.789870599674897,89.8159204278366,77.5239505602473,431.18578031293237,0.0
120,4.0,5.773785447813501,1.7737854478135011,89.95867056074552,77.52396685389826,427.976792516584,0.0
121,4.0,5.757534057681034,1.7575340576810339,90.10378345346274,77.52399201197335,424.73464018515676,0.0
122,4.0,5.741315902905666,1.741315902905666,90.24769208987664,77.5239992509356,421.49911830747084,0.0
123,4.0,5.7253224864185555,1.7253224864185555,90.38773210202459,77.52400624291143,418.3084317182923,0.0
124,4.0,5.709673039399447,1.7096730393994468,90.52194966456364,77.5240152422478,415.1863670379801,0.0
125,4.0,5.694448274178748,1.6944482741787477,90.64898035138677,77.52402135234745,412.14902637645065,0.0
126,4.0,5.679710898628175,1.6797108986281746,90.76783002128958,77.52402176430117,409.2089199541113,0.0
127,4.0,5.665499500464694,1.6654995004646942,90.87784578400328,77.52401752818783,406.373746020497,0.0
128,4.0,5.651835181295453,1.6518351812954526,90.97861126187082,77.52401026275454,403.64771434623333,0.0
129,4.0,5.6387384931997,1.6387384931996998,91.06988425721029,77.52400595205177,401.0349250711306,0.0
130,4.0,5.626225398854994,1.6262253988549942,91.15149042389508,77.52400287189243,398.5385627493618,0.0
131,4.0,5.614292622949869,1.6142926229498693,91.22334275187612,77.52398845529584,396.1579739562894,0.0
132,4.0,5.602928308100211,1.6029283081002106,91.28551914369528,77.52399956532993,393.8907931437825,0.0
133,4.0,5.592140258014719,1.5921402580147186,91.33813834693125,77.52399133704199,391.7385771517269,0.0
134,4.0,5.5818947190800134,1.5818947190800134,91.38146472908326,77.52400035421401,389.6945921342532,0.0
135,4.0,5.572196388245969,1.5721963882459686,91.41573069704592,77.52402246199277,387.75977513286125,0.0
136,4.0,5.563030959236175,1.5630309592361753,91.44128671057854,77.52403844872543,385.93127204540747,0.0
137,4.0,5.5543719339240365,1.5543719339240365,91.4584172432341,77.52402916678614,384.2037964956358,0.0
138,4.0,5.546176249439787,1.546176249439787,91.4674812921981,77.5240164275365,382.568757441028,0.0
139,4.0,5.538445185651092,1.5384451856510921,91.46884364031541,77.52402191525101,381.0264102151834,0.0
140,4.0,5.531172323686727,1.531172323686727,91.46284841848365,77.52400610535938,379.5754742532925,0.0
141,4.0,5.524337328361549,1.5243373283615487,91.44983451742011,77.52399165809109,378.21189268591945,0.0
142,4.0,5.517904041168409,1.5179040411684088,91.4301841173124,77.52398860951838,376.9284518908881,0.0
143,4.0,5.511850672935024,1.511850672935024,91.40421095751292,77.52399491507886,375.72080492832777,0.0
144,4.0,5.506185210146079,1.5061852101460786,91.372225474593,77.52400981460312,374.5905451019332,0.0
145,4.0,5.500875436132606,1.5008754361326062,91.33457710807144,77.52400047524488,373.5312451862454,0.0
146,4.0,5.495909727479497,1.4959097274794972,91.29155633742502,77.52400067029856,372.5405863099502,0.0
147,4.0,5.491256881703891,1.4912568817038911,91.24347835048667,77.5240140536788,371.6123435777168,0.0
148,4.0,5.48692863659058,1.48692863659058,91.19064775170708,77.52400153896906,370.7488586776112,0.0
149,4.0,5.482875422130911,1.4828754221309106,91.13341195285682,77.52400513678629,369.9402423929072,0.0
150,4.0,5.4791065444065,1.4791065444065001,91.07207441465067,77.52401713332307,369.18835128688727,0.0
151,4.0,5.475602386784596,1.4756023867845958,91.00689893134175,77.52400630419929,368.4892718413173,0.0
152,4.0,5.472336491294131,1.472336491294131,90.93815473123145,77.52400021318547,367.83772569096965,0.0
153,4.0,5.469314251700718,1.4693142517007178,90.86608435069543,77.52398202214239,367.2347888920837,0.0
154,4.0,5.466508457729772,1.4665084577297716,90.79085304673052,77.52397458331123,366.67503299487987,0.0
155,4.0,5.463929750985062,1.463929750985062,90.71257474273631,77.52396822154921,366.16058099931035,0.0
156,4.0,5.461561763143705,1.4615617631437052,90.63137689849083,77.52397063852155,365.6881674249597,0.0
157,4.0,5.459400615479529,1.4594006154795292,90.5473948499396,77.5239880759994,365.25701846595655,0.0
158,4.0,5.457449389349554,1.457449389349554,90.46074355181923,77.52400572939719,364.8677488530265,0.0
159,4.0,5.4556920649589795,1.4556920649589795,90.37157342143553,77.52403577316059,422.66939327215414,0.0
160,4.0,5.45274115679593,1.4527411567959296,90.30288147074627,77.52402222138264,422.08068709362567,0.0
161,4.0,5.446548262287355,1.4465482622873553,90.28799725788012,77.52401637098416,420.8452046391651,0.0
162,4.0,5.438058270281661,1.4380582702816609,90.31120269279491,77.52400859043499,419.1514512340291,0.0
163,4.0,5.428003592051765,1.4280035920517653,90.3601981043491,77.52400583760533,417.14554292716485,0.0
164,4.0,5.416911267603233,1.4169112676032327,90.42607531244415,77.52399197279553,414.9326241996826,0.0
165,4.0,5.405185435254515,1.4051854352545146,90.50214672087515,77.52398901156916,412.59332064611334,0.0
166,4.0,5.393130989640224,1.3931309896402242,90.5834365160926,77.52398657742032,410.18845874606245,0.0
167,4.0,5.380954330085675,1.3809543300856753,90.66623861765032,77.52399202159165,407.7592151649299,0.0
168,4.0,5.36884012550543,1.3688401255054297,90.7477876748406,77.52401184325929,405.3424313511709,0.0
169,4.0,5.356889267807821,1.356889267807821,90.8260668601425,77.52400387851037,402.958235240498,0.0
170,4.0,5.345198636181804,1.345198636181804,90.89958450844689,77.52398721516305,400.62595423110764,0.0
171,4.0,5.333835067417174,1.3338350674171737,90.96728481113901,77.52397478889871,398.35892226256385,0.0
172,4.0,5.322832991662036,1.322832991662036,91.0284208587919,77.52396609381937,396.1640081494139,0.0
173,4.0,5.312241721255167,1.312241721255167,91.08241185526371,77.52395996021171,394.0510497032435,0.0
174,4.0,5.302065238604233,1.302065238604233,91.12891123578704,77.5239556918789,392.0208414143822,0.0
175,4.0,5.292325271677013,1.2923252716770133,91.16772409383977,77.52395268827931,390.0777180124019,0.0
176,4.0,5.283014166849295,1.283014166849295,91.19879524571772,77.52395063321848,388.22015259927207,0.0
177,4.0,5.274146429331603,1.2741464293316032,91.22216893000798,77.52396737962694,386.45103896449257,0.0
178,4.0,5.265710205459207,1.2657102054592073,91.2379874837701,77.52399281623988,384.76801230194957,0.0
179,4.0,5.257678708354829,1.2576787083548293,91.24641171753726,77.52402905165106,383.1657286296262,0.0
180,4.0,5.250064484907675,1.250064484907675,91.24767944260773,77.52403918907251,381.6466910519189,0.0
181,4.0,5.242855671206683,1.2428556712066827,91.2419918380571,77.52403182068818,380.2085327185709,0.0
182,4.0,5.2360278173438575,1.2360278173438575,91.22963996388897,77.52402874610972,378.84637587293724,0.0
183,4.0,5.229594611953365,1.229594611953365,91.2108527315493,77.52401672713081,377.562951397534,0.0
184,4.0,5.223509463748939,1.2235094637489388,91.1859191766324,77.52401178552705,376.348964330751,0.0
185,4.0,5.217779182655406,1.2177791826554056,91.15516703735447,77.52401167722759,375.20577325259114,0.0
186,4.0,5.212378412837281,1.212378412837281,91.11881851566254,77.523998143621,374.1283196738753,0.0
187,4.0,5.207299742729884,1.2072997427298837,91.07719315927179,77.52400919490148,373.1151249874495,0.0
188,4.0,5.2025259940787025,1.2025259940787025,91.03057590042775,77.52399113502912,372.16276213153884,0.0
189,4.0,5.198033594818227,1.1980335948182272,90.97931563870024,77.52399636737749,371.26652847907405,0.0
190,4.0,5.193826688203089,1.1938266882030888,90.92365077036152,77.52400057866042,370.4272506093539,0.0
191,4.0,5.1898781261120055,1.1898781261120055,90.86386455686466,77.524009067371,369.63951247218284,0.0
192,4.0,5.18617958785251,1.1861795878525099,90.80013927022807,77.5240052713825,368.90165408941346,0.0
193,4.0,5.182728888677906,1.1827288886779064,90.7326543842031,77.5240055472386,368.21323960408,0.0
194,4.0,5.179522752295391,1.1795227522953908,90.66155161261408,77.52401716934902,367.5736153957682,0.0
195,4.0,5.1765484200555525,1.1765484200555525,90.58698860470149,77.52401365826609,366.98023611392045,0.0
196,4.0,5.173796430055334,1.1737964300553339,90.50911901281151,77.5240076860109,366.4312141088768,0.0
197,4.0,5.171263926711669,1.171263926711669,90.4281090726616,77.52401449385918,365.92597969181566,0.0
198,4.0,5.168945010508264,1.1689450105082644,90.34411542376203,77.5240116857935,365.46335590923644,0.0
199,4.0,5.166832144445473,1.1668321444454728,90.2573125264914,77.5240019208451,365.04183912970956,0.0
200,4.0,5.164911164254625,1.164911164254625,90.16784228104802,77.524007214778,364.6586035816354,0.0
201,4.0,5.163185761442637,1.1631857614426373,90.07584358820908,77.52401419125123,410.79434117440337,0.0
202,4.0,5.160520737918478,1.1605207379184783,90.00085932991352,77.52280073796437,410.26266898133366,0.0
203,4.0,5.155485644290655,1.1554856442906551,89.96808772740144,77.51871809814371,409.25816780258293,0.0
204,4.0,5.148760617801192,1.1487606178011918,89.96493941636801,77.51532989016708,407.916525017935,0.0
205,4.0,5.140889831451462,1.140889831451462,89.9815787149727,77.51271163334133,406.3463031411639,0.0
206,4.0,5.132292309132966,1.132292309132966,90.01085197434097,77.50621376413187,404.63109743862395,0.0
207,4.0,5.123274130396056,1.123274130396056,90.04756513809832,77.49984492525354,402.83197078061045,0.0
208,4.0,5.114031161683915,1.114031161683915,90.08784652998851,77.49679483170344,400.9879985225383,0.0
209,4.0,5.104718173753305,1.1047181737533052,90.12893904015152,77.49292480732089,399.13005743038167,0.0
210,4.0,5.095482018997346,1.0954820189973464,90.16869948613164,77.48797670061833,397.28744455656783,0.0
211,4.0,5.086394779701527,1.0863947797015268,90.2056284869452,77.48617998760943,395.47454031705183,0.0
212,4.0,5.077498004763988,1.0774980047639877,90.23861282500941,77.48591422112018,393.6996337170128,0.0
213,4.0,5.068868354708573,1.0688683547085729,90.26687647055718,77.48203755796412,391.97801853095757,0.0
214,4.0,5.060499607858382,1.0604996078583824,90.2898857853037,77.47948800776813,390.3084535343445,0.0
215,4.0,5.052433597332053,1.0524335973320529,90.30730505410853,77.4784824876497,388.69928443434185,0.0
216,4.0,5.044682563445085,1.0446825634450851,90.31887905334256,77.47630343712446,387.1529531738918,0.0
217,4.0,5.037275231342152,1.0372752313421518,90.32455291458865,77.47163572995996,385.67519041935657,0.0
218,4.0,5.0301947031116,1.0301947031115999,90.32431617577302,77.46894669991785,384.26262503736143,0.0
219,4.0,5.023447935630469,1.023447935630469,90.3182607482182,77.46716632885521,382.91664492487587,0.0
220,4.0,5.017000443272618,1.017000443272618,90.30653619662976,77.46134770311694,381.63037019948456,0.0
221,4.0,5.01086710992991,1.0108671099299098,90.28931497554541,77.4570675252016,380.40677019761426,0.0
222,4.0,5.005048001676547,1.0050480016765473,90.26672512254082,77.45480436057913,379.24585810106845,0.0
223,4.0,4.9995142476991195,0.9995142476991195,90.23894389039229,77.45208063835774,378.1418741825716,0.0
224,4.0,4.994242684841874,0.9942426848418737,90.2061667800284,77.44746515938755,377.0901973925511,0.0
225,4.0,4.9892617104350805,0.9892617104350805,90.16859319483817,77.44534358104208,376.0964929983958,0.0
226,4.0,4.98455378585537,0.9845537858553701,90.12637129330359,77.44452332461266,375.1572620447436,0.0
227,4.0,4.980096415186975,0.9800964151869751,90.07972691645442,77.43959698434408,374.2680165963988,0.0
228,4.0,4.975915769752346,0.975915769752346,90.02881010015969,77.43614027534989,373.4339778321903,0.0
229,4.0,4.97198104824927,0.9719810482492699,89.97382120103164,77.43442735053279,372.6490008923266,0.0
230,4.0,4.968272259567063,0.9682722595670628,89.91492045148765,77.43350755407536,371.90909755022625,0.0
231,4.0,4.964794460415409,0.9647944604154093,89.8522949823479,77.43293480982858,371.2152766194714,0.0
232,4.0,4.961541968001289,0.9615419680012893,89.78610805505762,77.4336945342853,370.5664043828545,0.0
233,4.0,4.958514153542676,0.9585141535426764,89.71650253737864,77.4347952644426,369.96235539836124,0.0
234,4.0,4.955697871654811,0.9556978716548112,89.64366780454971,77.43695956201253,369.4005071617321,0.0
235,4.0,4.953077882223565,0.9530778822235648,89.56774186766566,77.43917985599606,368.8778192701984,0.0
236,4.0,4.950657258799709,0.9506572587997093,89.48888133914832,77.44071573263017,368.3949048971392,0.0
237,4.0,4.948437103700954,0.9484371037009538,89.40725677233065,77.44136234152943,367.95198395493753,0.0
238,4.0,4.946406085353605,0.9464060853536047,89.32297974251698,77.44114241418649,367.5467957946414,0.0
239,4.0,4.944557603123969,0.9445576031239691,89.23622576893074,77.44025901267835,404.9396263954379,0.0
240,4.0,4.941946886145153,0.9419468861451534,89.16386293708166,77.43904826593297,404.4187883581642,0.0
241,4.0,4.937522398703074,0.9375223987030736,89.12491569925756,77.43780994725505,403.5361031134693,0.0
242,4.0,4.931815522999789,0.9318155229997886,89.10903936236168,77.43678680670703,402.397581410664,0.0
243,4.0,4.925257876125268,0.9252578761252677,89.10843779208747,77.43616086986651,401.089330859197,0.0
244,4.0,4.918180868529239,0.9181808685292392,89.11742033328478,77.43599379339713,399.6774678437894,0.0
245,4.0,4.9108029977041685,0.9108029977041685,89.13180525146485,77.43623139698144,398.20558261418773,0.0
246,4.0,4.903297899724681,0.9032978997246808,89.14855916181548,77.4367446867731,396.7083155672799,0.0
247,4.0,4.895751778077153,0.8957517780771527,89.16545520900979,77.43738330588148,395.20286429859806,0.0
248,4.0,4.888294499512181,0.8882944995121811,89.18088650851648,77.4379929207878,393.71513722488623,0.0
249,4.0,4.880983243760406,0.8809832437604062,89.1936950961492,77.43846945012443,392.2565417024071,0.0
250,4.0,4.8738655483572675,0.8738655483572675,89.20309235410252,77.43872127597639,390.83656146948096,0.0
251,4.0,4.866932519313628,0.8669325193136279,89.20851556622071,77.43875075256952,389.45342217527485,0.0
252,4.0,4.860229778890591,0.8602297788905906,89.2096055940204,77.43861003955081,388.1162254608789,0.0
253,4.0,4.853787300501116,0.8537873005011161,89.20611458578192,77.43832450232065,386.83095102217874,0.0
254,4.0,4.847623724334284,0.8476237243342837,89.19791698498179,77.4380076808365,385.60131757689567,0.0
255,4.0,4.841719892331502,0.8417198923315024,89.18500450815415,77.43771991531867,384.4235030923408,0.0
256,4.0,4.836066943203785,0.836066943203785,89.16737484928721,77.43750359443737,383.2957397413612,0.0
257,4.0,4.830664314692232,0.8306643146922319,89.14511838509941,77.43743004190057,382.21791535330635,0.0
258,4.0,4.825535530830528,0.8255355308305283,89.11832362178166,77.43743680227185,381.19472297289644,0.0
259,4.0,4.820655057721266,0.8206550577212663,89.08707647688531,77.43754720617528,380.2210685875987,0.0
260,4.0,4.816027924449844,0.8160279244498438,89.05154329794995,77.43768760483644,379.2979554999499,0.0
261,4.0,4.811639039053415,0.8116390390534152,89.01187950437993,77.43783933057279,378.42237286336245,0.0
262,4.0,4.807476676975643,0.807476676975643,88.9681966770663,77.43796407390359,377.59198162884684,0.0
263,4.0,4.803547754919771,0.8035477549197712,88.92068270813064,77.43805425248112,376.8081616787004,0.0
264,4.0,4.799843859536496,0.7998438595364963,88.86944511782725,77.43806915887825,376.0692345497371,0.0
265,4.0,4.796356665105208,0.7963566651052076,88.81467101760866,77.43805704283336,375.373539260695,0.0
266,4.0,4.79307798203198,0.7930779820319804,88.75651176947204,77.43799151099515,374.71944198758615,0.0
267,4.0,4.79000569099137,0.7900056909913697,88.6950846689326,77.43792506741555,374.10651992498435,0.0
268,4.0,4.7871370026552595,0.7871370026552595,88.6305520227375,77.43785941926235,373.5342166019303,0.0
269,4.0,4.784457118497626,0.7844571184976257,88.56306411817256,77.43780222460644,372.9995797124824,0.0
270,4.0,4.781974530099934,0.7819745300999337,88.49273391800789,77.43774552413352,372.50430332714285,0.0
271,4.0,4.779670413163886,0.7796704131638856,88.41970993842091,77.43773421858663,372.04463199840126,0.0
272,4.0,4.77753622340012,0.7775362234001202,88.34412859243945,77.43775697749608,371.61886114053004,0.0
273,4.0,4.775582117749366,0.7755821177493658,88.26614611802783,77.43780669656492,402.25271237686934,0.0
274,4.0,4.772998956991793,0.7729989569917928,88.20037851036018,77.43785024921661,401.7373718057336,0.0
275,4.0,4.76899666079917,0.7689966607991696,88.16128754739727,77.43788516545521,400.93891371530526,0.0
276,4.0,4.764022283835815,0.764022283835815,88.14031945413085,77.43790742405967,399.94652551111596,0.0
277,4.0,4.758400309824981,0.7584003098249807,88.1312164767219,77.4379035924237,398.8249416959545,0.0
278,4.0,4.752417992010747,0.7524179920107468,88.1294007256679,77.43789651357838,397.63146929201486,0.0
279,4.0,4.746217852716142,0.7462178527161418,88.13155834875569,77.43789788592603,396.39454150274116,0.0
280,4.0,4.739902029049844,0.7399020290498441,88.13527580771078,77.43788963845478,395.1345346813148,0.0
281,4.0,4.73359816032896,0.7335981603289596,88.13880379643388,77.4378626306039,393.8769128714983,0.0
282,4.0,4.72737472103301,0.7273747210330104,88.14085320013375,77.4378462313928,392.63533673195644,0.0
283,4.0,4.721282249956209,0.721282249956209,88.14054727845328,77.43784206977298,391.4198887521346,0.0
284,4.0,4.715348981320005,0.7153489813200054,88.13723559869753,77.43784038995506,390.236201659212,0.0
285,4.0,4.709602903924423,0.7096029039244227,88.13049418705661,77.43784429532919,389.0898592187932,0.0
286,4.0,4.70408114879443,0.7040811487944296,88.12004194086552,77.4378294200946,387.9882690703596,0.0
287,4.0,4.6987591857400375,0.6987591857400375,88.10574270395986,77.43783409426875,386.92653744100835,0.0
288,4.0,4.693649144456154,0.6936491444561543,88.08749801435974,77.43785227076387,385.9070842048737,0.0
289,4.0,4.688759893901606,0.6887598939016062,88.06530074358369,77.43787619467537,384.93167871924135,0.0
290,4.0,4.684097284759511,0.6840972847595106,88.0392017332296,77.43791273883892,384.0014881953933,0.0
291,4.0,4.679649336187613,0.6796493361876133,88.00923648861048,77.43792382758801,383.11412245529976,0.0
292,4.0,4.675418890005442,0.6754188900054423,87.9755091157737,77.43790917964509,382.2701484419566,0.0
293,4.0,4.671403495824093,0.6714034958240926,87.93813078753954,77.43788780862259,381.46907730277735,0.0
294,4.0,4.667593734987066,0.667593734987066,87.89719223286244,77.4378657913432,380.7090300157905,0.0
295,4.0,4.663983499732819,0.6639834997328187,87.85284641287676,77.43784490314046,379.98878808256825,0.0
296,4.0,4.660573786320645,0.6605737863206453,87.80518430677385,77.43783649190219,379.3085502568396,0.0
297,4.0,4.657353582368833,0.6573535823688328,87.75436510482369,77.43783013282697,378.66611956845304,0.0
298,4.0,4.654323986927251,0.6543239869272508,87.70047397306692,77.43783624597695,378.0617152778574,0.0
299,4.0,4.6514778560924155,0.6514778560924155,87.64365794963983,77.43784656121538,377.4939121763078,0.0
300,4.0,4.648812723320467,0.648812723320467,87.58406529730843,77.4378605521947,376.96221818830406,0.0
301,4.0,4.646315357392905,0.646315357392905,87.5218055646433,77.43788854053172,376.46399368575544,0.0
302,4.0,4.643978947288961,0.6439789472889608,87.4569976351091,77.43788533394886,375.99787987001855,0.0
303,4.0,4.64182585327899,0.6418258532789904,87.38975005106728,77.43787810818259,375.56833761502946,0.0
304,4.0,4.639818998561068,0.6398189985610676,87.32020534431487,77.4378594156734,400.77682164463556,0.0
305,4.0,4.637336544863559,0.6373365448635591,87.26034582885417,77.43786207125103,400.2815721319826,0.0
306,4.0,4.633727714616253,0.6337277146162528,87.22197372810645,77.43786785592097,399.561610497645,0.0
307,4.0,4.6294954087460525,0.6294954087460525,87.19557875009323,77.43787090828175,398.7172654765401,0.0
308,4.0,4.6248127801020775,0.6248127801020775,87.17733314233871,77.43787624273016,397.7830810620671,0.0
309,4.0,4.619925219663259,0.6199252196632594,87.16368220155182,77.43787196415651,396.80801275452285,0.0
310,4.0,4.615146654704575,0.6151466547045752,87.14771724253416,77.43787277265412,395.85468904526533,0.0
311,4.0,4.610377755493704,0.6103777554937038,87.13125316697285,77.43788167271225,394.9032936526965,0.0
312,4.0,4.605708831068866,0.6057088310688661,87.11285060336186,77.43787857576208,393.9718432299414,0.0
313,4.0,4.6013652781221595,0.6013652781221595,87.08880943748541,77.43787291589307,393.1053044170734,0.0
314,4.0,4.597202539076311,0.5972025390763109,87.0614142278981,77.43786372810405,392.2748379774266,0.0
315,4.0,4.59318477721091,0.5931847772109098,87.03150255857075,77.43785401202895,391.4732944852791,0.0
316,4.0,4.589605077249308,0.589605077249308,86.9939571298949,77.4378529687407,390.7591443429396,0.0
317,4.0,4.586246675298589,0.5862466752985886,86.95235487531308,77.4378543671812,390.08914315377103,0.0
318,4.0,4.583078291486265,0.5830782914862649,86.90757372945843,77.43785244806276,389.45705058321244,0.0
319,4.0,4.580324819001492,0.5803248190014916,86.85584705958897,77.43786533332008,388.9077328225002,0.0
320,4.0,4.577877587958373,0.5778775879583726,86.79882794762061,77.43786237445427,388.41951022939793,0.0
321,4.0,4.575576600073745,0.5755766000737452,86.73951923518531,77.4378632492467,387.9604631464148,0.0
322,4.0,4.573731737340985,0.5737317373409851,86.67241306480231,77.43786659781719,387.5924130312291,0.0
323,4.0,4.572169938804526,0.5721699388045263,86.60042412022605,77.43786296073331,410.1727305431109,0.0
324,4.0,4.570197383864464,0.5701973838644641,86.53714850585679,77.4378565351161,409.7792058325685,0.0
325,4.0,4.567499132387742,0.5674991323877423,86.48836698222698,77.43786362803057,409.2409046629625,0.0
326,4.0,4.564326811512268,0.5643268115122684,86.44882328771737,77.43786586995157,408.60802664830544,0.0
327,4.0,4.560717599824764,0.5607175998247644,86.41785811861439,77.43786475111028,430.40462869598787,0.0
328,4.0,4.556509652099161,0.5565096520991606,86.39856635154213,77.43785307349272,429.56514312472996,0.0
329,4.0,4.5512902722001884,0.5512902722001884,86.39843439186431,77.43785567326222,428.523876834885,0.0
330,4.0,4.545238959503707,0.545238959503707,86.4140341808807,77.43785821306717,427.3166399519369,0.0
331,4.0,4.538824466885656,0.5388244668856563,86.43663067888039,77.43786839775817,426.0369486746358,0.0
332,4.0,4.532196981343685,0.5321969813436853,86.46327328045066,77.43786814804774,424.71476530901265,0.0
333,4.0,4.52536850133015,0.5253685013301501,86.4935292528514,77.43786251805633,423.3524835463123,0.0
334,4.0,4.518550349574163,0.5185503495741628,86.5236906771621,77.43786195145215,421.9922622709929,0.0
335,4.0,4.51175175129355,0.5117517512935503,86.5532645256899,77.43785742802808,420.6359419140107,0.0
336,4.0,4.505029792223845,0.5050297922238451,86.5815126130214,77.43787102088464,419.2949110796045,0.0
337,4.0,4.498421056630695,0.49842105663069525,86.6071843682488,77.43786431958625,417.9764683287711,0.0
338,4.0,4.491986928217724,0.49198692821772383,86.62955805758895,77.43785459045802,416.6928597103833,0.0
339,4.0,4.485743654002428,0.4857436540024276,86.64812241599816,77.43785748829978,415.4473265044317,0.0
340,4.0,4.479699607425536,0.47969960742553575,86.6625783622425,77.43785259259575,414.24153921234176,0.0
341,4.0,4.4738732861612265,0.4738732861612265,86.67275692031228,77.43785885899348,413.0791881201121,0.0
342,4.0,4.468263389402184,0.4682633894021837,86.67866510401299,77.43786184521589,411.960013716683,0.0
343,4.0,4.462881714830425,0.4628817148304254,86.68035221503644,77.43785573763962,410.88636963961727,0.0
344,4.0,4.457705967535756,0.4577059675357562,86.67788809892683,77.43785090901174,409.8538080543308,0.0
345,4.0,4.452739023314219,0.4527390233142192,86.67136610508354,77.43785152833674,408.8629026821341,0.0
346,4.0,4.447971927333047,0.4479719273330467,86.66091715236942,77.4378613149151,407.91186703389025,0.0
347,4.0,4.443394798957835,0.4433947989578346,86.64669177832835,77.4378604527155,406.9987299230354,0.0
348,4.0,4.439017930064484,0.43901793006448386,86.62874224164129,77.43786326231572,406.1255445788119,0.0
349,4.0,4.434848289705836,0.4348482897058359,86.60719944711236,77.43786132972672,405.29370132726166,0.0
350,4.0,4.430860107631717,0.4308601076317169,86.58216931995914,77.4378693721406,404.49805900347496,0.0
351,4.0,4.427061595338945,0.4270615953389454,86.55377190833559,77.43787877517094,403.740255801067,0.0
352,4.0,4.4234325971836395,0.42343259718363946,86.52212167778032,77.43787973957319,403.01627066908344,0.0
353,4.0,4.419997460539619,0.4199974605396193,86.48730176603647,77.43786774155403,402.33096090860147,0.0
354,4.0,4.416732102730252,0.4167321027302524,86.44942005809665,77.43786639716537,401.67952202563276,0.0
355,4.0,4.413627330144054,0.4136273301440543,86.40859033390258,77.4378403682597,401.06011989468624,0.0
356,4.0,4.41070909420743,0.41070909420743007,86.3649316148981,77.43783635608625,400.4779318253297,0.0
357,4.0,4.40793976742663,0.40793976742662963,86.31854821983556,77.43783664408296,399.92545113256,0.0
358,4.0,4.405332599513416,0.40533259951341627,86.26952938713099,77.43784938351655,399.40532113387394,0.0
359,4.0,4.402877002858288,0.402877002858288,86.21798648814642,77.4378545311164,398.91542960117584,0.0
360,4.0,4.40057756313653,0.4005775631365296,86.16403368117057,77.4378562145526,398.45669137668506,0.0
361,4.0,4.398423779763557,0.39842377976355703,86.10776297966713,77.43787644863265,398.02701159377705,0.0
362,4.0,4.3964070306821,0.39640703068210037,86.049292223786,77.43787739174981,413.5217789645924,0.0
363,4.0,4.394159287242936,0.39415928724293625,85.99600076499338,77.43788703016152,413.0733541484791,0.0
364,4.0,4.391302088421704,0.3913020884217042,85.95509222564993,77.43787761731183,412.50334298364334,0.0
365,4.0,4.388052596622729,0.38805259662272906,85.92228999263682,77.43786256513575,411.85506936974775,0.0
366,4.0,4.384557891576759,0.3845578915767591,85.8945652496007,77.43786172773513,411.15787571307675,0.0
367,4.0,4.380931877350988,0.38093187735098777,85.8696928254082,77.43786320192994,410.4344858750354,0.0
368,4.0,4.377241917229804,0.3772419172298038,85.84604582583722,77.4378536978639,409.6983388308592,0.0
369,4.0,4.373573992804279,0.37357399280427916,85.82251369455658,77.43784363785308,408.96658790796704,0.0
370,4.0,4.369946563954029,0.3699465639540289,85.79827267797883,77.43784295024305,408.2429158523421,0.0
371,4.0,4.366403924297686,0.3664039242976864,85.77270319362522,77.43785052373983,407.5361592409018,0.0
372,4.0,4.3629527922994304,0.36295279229943045,85.74540705717958,77.437856691927,406.8476584072497,0.0
373,4.0,4.359625799128924,0.35962579912892423,85.71613406473561,77.43785990221828,406.1839232697337,0.0
374,4.0,4.35642186403585,0.3564218640358501,85.68466702118702,77.43786618803684,405.54473821866543,0.0
375,4.0,4.3533603876329305,0.35336038763293054,85.65090280505476,77.43787385879014,404.93397367628296,0.0
376,4.0,4.350427654738894,0.35042765473889403,85.61481937876614,77.4378766284731,404.34889346392265,0.0
377,4.0,4.3476273987134935,0.34762739871349346,85.57638599102933,77.43788100993264,403.79024238685525,0.0
378,4.0,4.344982208921546,0.34498220892154574,85.53561521040285,77.43787383423116,403.2625270233617,0.0
379,4.0,4.342465448042803,0.34246544804280266,85.49256667385325,77.43787865976633,402.7604332280524,0.0
380,4.0,4.340086391102142,0.3400863911021421,85.44725697929638,77.43787190657459,402.2858113683907,0.0
381,4.0,4.337846389689537,0.3378463896895374,85.39977408261429,77.43786411547013,401.83893108657605,0.0
382,4.0,4.335736374275464,0.33573637427546377,85.35017102516815,77.43786181371672,414.8980539600809,0.0
383,4.0,4.333447281785984,0.3334472817859844,85.3046911431804,77.43783644216664,414.44138000842975,0.0
384,4.0,4.330659883264233,0.3306598832642331,85.26934769502658,77.43783869744014,413.8852940033404,0.0
385,4.0,4.3275575743375985,0.32755757433759847,85.24057996213219,77.43784085751649,413.2663833724768,0.0
386,4.0,4.3242607144036365,0.32426071440363646,85.21579522815094,77.43785129348761,412.6086598156514,0.0
387,4.0,4.32086949235092,0.3208694923509201,85.19312553337808,77.43785958721335,411.93211101613446,0.0
388,4.0,4.317441953211986,0.3174419532119863,85.17127024887749,77.43786933026489,411.24831695791715,0.0
389,4.0,4.314044100126363,0.3140441001263632,85.14926542973149,77.43788179894268,410.57044526733534,0.0
390,4.0,4.310692591347064,0.3106925913470642,85.12638717500545,77.43787941240373,409.9018192658652,0.0
391,4.0,4.307424312230978,0.3074243122309781,85.10216686506655,77.43787348782006,409.249797582206,0.0
392,4.0,4.304255066817972,0.304255066817972,85.0762713266766,77.43787118888852,408.6175331223113,0.0
393,4.0,4.301189711973632,0.301189711973632,85.04848766782878,77.43786309496811,408.00599483086546,0.0
394,4.0,4.298256667941046,0.2982566679410459,85.01865428518337,77.43784056731775,407.4208525463646,0.0
395,4.0,4.295440460849579,0.2954404608495791,84.98669863599393,77.437844849957,406.8590192316169,0.0
396,4.0,4.292748298236603,0.292748298236603,84.95261727711255,77.4378612590342,406.32193279032816,0.0
397,4.0,4.290181242268725,0.29018124226872466,84.91636253127328,77.43785909511394,405.8098051247365,0.0
398,4.0,4.287749074890157,0.287749074890157,84.87798985071457,77.437865958402,405.32458773271225,0.0
399,4.0,4.285443177166036,0.2854431771660364,84.83751606071782,77.43787537640611,404.8645611367501,0.0
400,4.0,4.283262222997276,0.2832622229972763,84.79499324933361,77.43787543197648,404.42946078008254,0.0
401,4.0,4.281206875224257,0.2812068752242567,84.75050511812135,77.43786581957708,404.01941889936506,0.0
402,4.0,4.279267097558449,0.27926709755844925,84.70408453455694,77.43786837191121,403.6324332550365,0.0
403,4.0,4.277450280789322,0.27745028078932243,84.65583678173793,77.43788004880226,403.26997830959573,0.0
404,4.0,4.275750546908154,0.2757505469081538,84.60580934331568,77.43787518133279,402.93088140030255,0.0
405,4.0,4.274161750033441,0.274161750033441,84.55408080668367,77.43787201241163,402.6139164237974,0.0
406,4.0,4.272694472826072,0.27269447282607207,84.500720424691,77.43785470652486,402.32119462092726,0.0
407,4.0,4.271320388600164,0.27132038860016383,84.44580239808673,77.43784270746042,402.0470648178586,0.0
408,4.0,4.2700605301675845,0.27006053016758447,84.38940199288356,77.43785122318664,401.795723060559,0.0
409,4.0,4.268901501436265,0.26890150143626457,84.33158760999156,77.437854328588,401.56449682866065,0.0
410,4.0,4.267842852533368,0.26784285253336826,84.27244702248346,77.43785327305181,401.35329637253284,0.0
411,4.0,4.266892289862488,0.26689228986248814,84.21201542962609,77.43785244047005,401.1636591196923,0.0
412,4.0,4.2660202348596306,0.26602023485963056,84.15038960445197,77.43785179613556,400.98968414662215,0.0
413,4.0,4.2652519866842775,0.2652519866842775,84.08764711881642,77.43784456660363,400.8364186356393,0.0
414,4.0,4.264578260206988,0.2645782602069877,84.02382673769453,77.43785332405814,400.70201020341995,0.0
415,4.0,4.263992683289428,0.2639926832894277,83.95898519805986,77.43785082763343,400.5851876083667,0.0
416,4.0,4.263491143864648,0.26349114386464834,83.89320661193925,77.43786498307094,400.4851304931232,0.0
417,4.0,4.263064740004356,0.2630647400043564,83.82656810798707,77.43786506655988,400.400062922995,0.0
418,4.0,4.262728358746854,0.26272835874685363,83.75908689099377,77.43786357759025,400.3329548621232,0.0
419,4.0,4.262470332227961,0.2624703322279611,83.690863630425,77.43785446372938,400.28147857160417,0.0
420,4.0,4.262282138875529,0.26228213887552876,83.62193824691622,77.43785050632903,400.2439339977939,0.0
421,4.0,4.262179795228969,0.2621797952289686,83.55236535882018,77.43784849481322,400.22351644030516,0.0
422,4.0,4.262133038069185,0.26213303806918464,83.48219977342232,77.43782413194397,400.21418838692824,0.0
423,4.0,4.262165892541238,0.2621658925412378,83.41150084469245,77.43782869693382,400.2207428541028,0.0
424,4.0,4.262269287443192,0.2622692874431918,83.3403113712423,77.43785215069023,400.2413701370426,0.0
425,4.0,4.262435742583634,0.26243574258363367,83.26869808961627,77.43787084838475,400.2745779375608,0.0
426,4.0,4.262660609473389,0.26266060947338943,83.19668568878362,77.43787333911203,400.31943888206706,0.0
427,4.0,4.2629485932279705,0.2629485932279705,83.12433443832872,77.43788496535113,400.376891641106,0.0
428,4.0,4.263297399500912,0.263297399500912,83.0517003685965,77.43787752166406,400.44647849255784,0.0
429,4.0,4.2636969253842585,0.2636969253842585,82.97881418030032,77.4378687881462,400.52618390628544,0.0
430,4.0,4.264155993013007,0.26415599301300663,82.90571957715711,77.43785750631822,400.61776789822073,0.0
431,4.0,4.2646755886057806,0.26467558860578055,82.83248103662753,77.43785352944225,400.72142721897916,0.0
432,4.0,4.26523573974102,0.2652357397410201,82.75912059845429,77.43785324585352,400.8331773704594,0.0
433,4.0,4.265843317353087,0.2658433173530872,82.6856794534284,77.43784748840804,400.9543891040668,0.0
434,4.0,4.266508279288714,0.2665082792887139,82.61220546092478,77.43784473790515,401.0870490102243,0.0
435,4.0,4.267217002380147,0.26721700238014723,82.53873339379403,77.43785645353464,401.22843926696527,0.0
436,4.0,4.267967868067583,0.26796786806758277,82.46529034940838,77.43784417440789,401.37823697160866,0.0
437,4.0,4.268759339997489,0.268759339997489,82.3919113580456,77.43784818472295,401.53613562162496,0.0
438,4.0,4.2695945417640795,0.2695945417640795,82.31862348997511,77.43785374450076,401.7027583740597,0.0
439,4.0,4.270467391154532,0.2704673911545319,82.24547854968014,77.43784426242682,401.87689182745504,0.0
440,4.0,4.271375946087022,0.271375946087022,82.17249806221604,77.43785010621487,402.0581485364868,0.0
441,4.0,4.272326344669663,0.2723263446696631,82.09973455405691,77.43783850133453,402.24775305372367,0.0
442,4.0,4.273297588055578,0.2732975880555779,82.02719138982063,77.43783579409154,402.4415161092137,0.0
443,4.0,4.274305118328186,0.2743051183281864,81.95490753798411,77.43784305997416,402.6425183985991,0.0
444,4.0,4.275349413139716,0.2753494131397156,81.88288835604439,77.43785558097616,402.85085521349913,0.0
445,4.0,4.2764218352946495,0.2764218352946495,81.81119155904885,77.43786887004234,403.0648034334085,0.0
446,4.0,4.277517967020276,0.27751796702027587,81.7398224767011,77.43787948582464,403.28348171267095,0.0
447,4.0,4.278634260322506,0.27863426032250604,81.66883692761823,77.43788147769554,403.50618222646585,0.0
448,4.0,4.279790518762789,0.2797905187627894,81.59819817214046,77.43788112867566,403.7368557853024,0.0
449,4.0,4.280964050340538,0.28096405034053795,81.52797435983598,77.43786709174216,403.9709753350632,0.0
450,4.0,4.282161397713602,0.28216139771360194,81.45817623467877,77.43785655618895,404.2098461359895,0.0
451,4.0,4.2833797146970545,0.2833797146970545,81.3888298296638,77.4378477826243,404.45290037418823,0.0
452,4.0,4.284619364372282,0.28461936437228186,81.31993209169416,77.43784352681485,404.7002104843961,0.0
453,4.0,4.285883571514087,0.28588357151408683,81.25152185599003,77.4378445579517,404.9524198091862,0.0
454,4.0,4.287160228769869,0.2871602287698689,81.18362412820531,77.43784240013908,405.20711293171473,0.0
455,4.0,4.28843498998583,0.28843498998582984,81.11624460916289,77.4378500424175,405.46142779429897,0.0
456,4.0,4.289717253980253,0.2897172539802533,81.04938444334452,77.43785907010836,405.7172394611864,0.0
457,4.0,4.291028493360423,0.2910284933604226,80.98307672273886,77.43785440213169,405.9788317175302,0.0
458,4.0,4.292343878890913,0.29234387889091273,80.91732004208633,77.43787393421181,406.241251130863,0.0
459,4.0,4.293674388009809,0.2936743880098094,80.85213765975814,77.43787154667721,406.50668770008286,0.0
460,4.0,4.295013555527846,0.2950135555278459,80.78754902123217,77.43786956400928,406.7738516199312,0.0
461,4.0,4.296356384571278,0.2963563845712782,80.72354875859449,77.43786579494561,407.0417460140959,0.0
462,4.0,4.297724627566298,0.29772462756629814,80.66014043756617,77.4378519740524,407.3147104916024,0.0
463,4.0,4.2990882679125555,0.2990882679125555,80.5973538938402,77.43784270984757,407.5867567406807,0.0
464,4.0,4.300474209514086,0.30047420951408643,80.53518266589413,77.43783900497768,407.8632520901861,0.0
465,4.0,4.301859857222944,0.3018598572229436,80.4736348051981,77.43785822699203,420.12860976771515,0.0
466,4.0,4.302958763515461,0.3029587635154609,80.41800850723868,77.4378701468427,420.34784157307234,0.0
467,4.0,4.303511547271947,0.3035115472719472,80.37322142334644,77.43788645105282,420.4581219324914,0.0
468,4.0,4.303688990576229,0.3036889905762292,80.33609934657916,77.43788375873771,420.4935218716957,0.0
469,4.0,4.303587394583878,0.30358739458387785,80.30438466196215,77.43787540789482,432.5904441952132,0.0
470,4.0,4.303030262581644,0.3030302625816441,80.28169305536709,77.43786677535007,432.47929636076753,0.0
471,4.0,4.301785449192728,0.3017854491927281,80.27184169898271,77.43786192130916,432.2309560896788,0.0
472,4.0,4.300064681151078,0.30006468115107765,80.27076947131502,77.43785036372603,431.8876628653695,0.0
473,4.0,4.298030685826067,0.29803068582606684,80.27558453619247,77.43784193017454,443.4544615759579,0.0
474,4.0,4.295520402105366,0.2955204021053657,80.28939518908659,77.43784269486694,442.953659973678,0.0
475,4.0,4.292340784089889,0.2923407840898893,80.3155906571553,77.43784221130412,442.3193261795904,0.0
476,4.0,4.288682637769012,0.2886826377690124,80.34998251361208,77.43786971321839,441.5895259885756,0.0
477,4.0,4.284746642055629,0.2847466420556293,80.38953033086467,77.4378792179354,440.8042948437556,0.0
478,4.0,4.28062569517478,0.28062569517477964,80.43203564017868,77.43788627944056,439.9821659410261,0.0
479,4.0,4.276416333776399,0.27641633377639874,80.47595911943826,77.43788391727915,439.1423983420491,0.0
480,4.0,4.27216646077098,0.27216646077097995,80.52011551347256,77.43787433795698,438.2945486774681,0.0
481,4.0,4.267907432277621,0.2679074322776209,80.56371537345275,77.43786923289683,437.4448724930429,0.0
482,4.0,4.263710016966601,0.2637100169666011,80.6061408865838,77.43787008525457,436.6074881384945,0.0
483,4.0,4.259566828164308,0.2595668281643082,80.64700430333009,77.43786350917975,435.78092197243706,0.0
484,4.0,4.255504146084379,0.25550414608437944,80.68600129388786,77.43786039018025,434.97041689749125,0.0
485,4.0,4.2515256149269005,0.2515256149269005,80.72296465724712,77.43784779172587,434.1766999315742,0.0
486,4.0,4.2476486680026655,0.2476486680026655,80.75774901723346,77.4378434168583,433.4032490201893,0.0
487,4.0,4.243872681003103,0.24387268100310333,80.79028012656721,77.43785798947604,432.6499396137766,0.0
488,4.0,4.240202832306794,0.24020283230679418,80.8205221914009,77.43786936067201,431.917804798863,0.0
489,4.0,4.236627779523701,0.23662777952370107,80.84850191719732,77.43787300408819,431.20458176863593,0.0
490,4.0,4.2331700163547925,0.2331700163547925,80.87417124722343,77.43787598517835,430.5147580164387,0.0
491,4.0,4.229800143439478,0.22980014343947808,80.89757817500788,77.43788162097695,429.84246836983345,0.0
492,4.0,4.226547034317485,0.2265470343174849,80.91877388498244,77.43787698305348,429.1934730999958,0.0
493,4.0,4.223386473204777,0.22338647320477723,80.937805879294,77.43785634467801,428.56294115801063,0.0
494,4.0,4.2203318009910396,0.22033180099103955,80.95470499787564,77.43785280825657,427.95353405136996,0.0
495,4.0,4.217381725695685,0.21738172569568537,80.96950316305227,77.43784335595558,427.3649940299468,0.0
496,4.0,4.214540695548849,0.21454069554884914,80.98224624395574,77.43783916211378,426.79820851565296,0.0
497,4.0,4.211777020704683,0.21177702070468296,80.99301027447184,77.43785112849118,426.2468553842418,0.0
498,4.0,4.209102799989226,0.20910279998922565,81.00185156801838,77.43785211527894,425.7133483515081,0.0
499,4.0,4.206531110225091,0.2065311102250913,81.00880882539713,77.43785728557253,425.2002962435633,0.0
500,4.0,4.204053866533587,0.20405386653358715,81.0139473400402,77.43785005960102,424.7060861271082,0.0
501,4.0,4.201664121326291,0.2016641213262913,81.01731066958638,77.43786217522977,424.22933195825266,0.0
502,4.0,4.199375952364192,0.1993759523641918,81.01894922958532,77.43786371979267,423.77284225031383,0.0
503,4.0,4.197163087377695,0.19716308737769506,81.01892632488207,77.43787056814979,423.33137568550774,0.0
504,4.0,4.195038831309717,0.19503883130971733,81.01728231827276,77.4378580551224,422.9075865999461,0.0
505,4.0,4.192999888733722,0.19299988873372165,81.01406915688885,77.4378642836972,422.5008175560351,0.0
506,4.0,4.191033212744727,0.19103321274472673,81.00932368905508,77.43786139354167,422.1084656962305,0.0
507,4.0,4.189147421183243,0.18914742118324313,81.00311529063138,77.43787012836137,421.73225027971455,0.0
508,4.0,4.187329827701492,0.1873298277014923,80.99549244469318,77.43787938876086,421.36964038010524,0.0
509,4.0,4.18559388456054,0.18559388456054027,80.98647689373438,77.43787794240066,421.0233197234854,0.0
510,4.0,4.183959066065604,0.1839590660656043,80.97612522411423,77.43787481193348,420.6971734337456,0.0
511,4.0,4.182379005057299,0.18237900505729865,80.96449609937088,77.43786952039764,420.38195126258864,0.0
512,4.0,4.18087173053006,0.18087173053006023,80.95165947503551,77.43785941782632,420.0812499944046,0.0
513,4.0,4.179412193736551,0.17941219373655137,80.93764717864633,77.43785160092985,419.79007240409953,0.0
514,4.0,4.178039842566225,0.17803984256622485,80.9224614975483,77.43785416523217,419.5162883456194,0.0
515,4.0,4.176740341041874,0.17674034104187442,80.90616702832087,77.43785650327257,419.2570377915115,0.0
516,4.0,4.175490071312055,0.17549007131205485,80.88879026991323,77.43786600960726,419.0076089804125,0.0
517,4.0,4.174308468544562,0.17430846854456217,80.87038449020301,77.43786469007398,418.7718792282977,0.0
518,4.0,4.173190312432172,0.17319031243217164,80.85102535807732,77.43785650991978,418.54880708387583,0.0
519,4.0,4.17213262427313,0.1721326242731296,80.83072544022627,77.43785752108715,418.3377982961469,0.0
520,4.0,4.17113732731037,0.1711373273103698,80.80952172213019,77.43785601844452,418.13923655207634,0.0
521,4.0,4.170193448049942,0.1701934480499423,80.78743032988662,77.43785724913245,417.95093263962104,0.0
522,4.0,4.169304902196402,0.16930490219640237,80.76450079092406,77.43786690926093,417.7736677418398,0.0
523,4.0,4.168481175212895,0.16848117521289474,80.7408034289251,77.43785923829681,417.60933420863006,0.0
524,4.0,4.167702924966501,0.16770292496650097,80.71634938917784,77.43785645028565,417.4540732844745,0.0
525,4.0,4.16698506291674,0.16698506291673976,80.6911518486547,77.43785473894926,417.3108598055472,0.0
526,4.0,4.166308246841395,0.16630824684139522,80.66524320665921,77.43785664235355,417.17583499851594,0.0
527,4.0,4.165690460862118,0.16569046086211792,80.63870926153774,77.43785992682221,417.05258669565006,0.0
528,4.0,4.165116019401776,0.16511601940177556,80.61155440304911,77.43785355169075,416.93798562431175,0.0
529,4.0,4.164589188547647,0.16458918854764715,80.58376757155338,77.43785886435762,416.83288286891315,0.0
530,4.0,4.1641181464969055,0.16411814649690548,80.55544026474419,77.43786285019874,416.7389099797902,0.0
531,4.0,4.163671436324486,0.16367143632448578,80.52660462645437,77.43785691849583,416.6497913003925,0.0
532,4.0,4.163283877894196,0.1632838778941963,80.4972606647699,77.43785448998754,416.57247339354967,0.0
533,4.0,4.162933728438789,0.16293372843878906,80.46741905798741,77.43785867373015,416.50261857719596,0.0
534,4.0,4.1626243862851835,0.1626243862851835,80.43717482331087,77.43784917801038,416.44090481755165,0.0
535,4.0,4.162360299851218,0.16236029985121814,80.40650386525579,77.43785153501703,416.3882195739756,0.0
536,4.0,4.1621266326045205,0.16212663260452054,80.37542305493697,77.43784005001748,416.3416029582594,0.0
537,4.0,4.16193848482432,0.16193848482432038,80.34400776258559,77.43784816688019,416.3040674761095,0.0
538,4.0,4.161778696227384,0.16177869622738417,80.31226014864914,77.43834404973461,416.27218965102065,0.0
539,4.0,4.161670311303867,0.1616703113038671,80.28018836720327,77.4384735095112,416.25056685877905,0.0
540,4.0,4.161589996870694,0.16158999687069375,80.24784092418209,77.43827523669407,416.2345441293609,0.0
541,4.0,4.161538848646188,0.16153884864618817,80.21522703745329,77.43811318809824,416.22434005857207,0.0
542,4.0,4.161528117479942,0.1615281174799419,80.1823616046632,77.43772559894205,416.222199190906,0.0
543,4.0,4.161545314164319,0.16154531416431883,80.1492914199035,77.43755294284759,416.22562992943915,0.0
544,4.0,4.161602343987193,0.16160234398719275,80.11602885328992,77.4374932349069,416.2370073791025,0.0
545,4.0,4.161678356425059,0.16167835642505857,80.08259990865895,77.43752312517138,416.25217186045677,0.0
546,4.0,4.161789521414278,0.16178952141427771,80.0490339109157,77.43761697084591,416.27434927580595,0.0
547,4.0,4.16191695332647,0.16191695332646994,80.01534834472788,77.43773946939828,416.2997719422883,0.0
548,4.0,4.162085074612456,0.16208507461245603,79.98153293130467,77.43786414695462,416.33331213884253,0.0
549,4.0,4.162279197082058,0.16227919708205807,79.9476497456904,77.43795742040018,416.37203957152815,0.0
550,4.0,4.162488262492659,0.16248826249265935,79.91368738837092,77.43802662775973,416.41374812094307,0.0
551,4.0,4.162727639490925,0.1627276394909254,79.87965483370948,77.43804713533956,416.46150383209715,0.0
552,4.0,4.162980071559827,0.16298007155982663,79.84561001370082,77.43801978591847,416.51186402984297,0.0
553,4.0,4.163265724908274,0.16326572490827385,79.81154929268685,77.43796187384959,416.5688518728582,0.0
554,4.0,4.163575013630712,0.16357501363071236,79.7774757539574,77.43789607668114,416.63055497298467,0.0
555,4.0,4.163898759795873,0.16389875979587298,79.74343712292037,77.43785441542589,416.6951423329342,0.0
556,4.0,4.1642489953953445,0.16424899539534454,79.70941119930346,77.43780700573699,416.76501433502875,0.0
557,4.0,4.1646034960937754,0.16460349609377545,79.67542811182751,77.43777986295771,416.8357372243658,0.0
558,4.0,4.164997974399948,0.1649979743999479,79.64152386683577,77.43777942348937,416.91443564644715,0.0
559,4.0,4.165407094035277,0.16540709403527742,79.6076792106276,77.43777684352025,416.9960550136954,0.0
560,4.0,4.165827361873007,0.16582736187300728,79.57392494456157,77.43779262732954,417.07989844732253,0.0
561,4.0,4.166263230739115,0.16626323073911475,79.54028507624906,77.4378225265218,417.16685428611095,0.0
562,4.0,4.1667122852661835,0.16671228526618354,79.50674011903038,77.43784972950085,417.25644066426116,0.0
563,4.0,4.167187780117383,0.16718778011738333,79.47332099007703,77.43786789841151,417.3513018870755,0.0
564,4.0,4.167671990756048,0.16767199075604822,79.44006627548819,77.43789665411022,417.4479019094892,0.0
565,4.0,4.1681647302453255,0.16816473024532552,79.40695333016522,77.43790857346445,417.5462034376,0.0
566,4.0,4.168673029193849,0.1686730291938492,79.37398680127097,77.43790429067249,417.64760907783045,0.0
567,4.0,4.169193166946746,0.16919316694674613,79.34121804627034,77.4378817417357,417.7513765595334,0.0
568,4.0,4.169724335060045,0.16972433506004503,79.30862971214944,77.43784809874718,417.85734459813654,0.0
569,4.0,4.1702643727155175,0.17026437271551753,79.27622354878892,77.43784578684884,417.9650821104033,0.0
570,4.0,4.170814550308644,0.170814550308644,79.24401506655215,77.43781558788807,418.07484254023205,0.0
571,4.0,4.1713761874851825,0.17137618748518246,79.21201228457038,77.43781134773276,418.18688915695145,0.0
572,4.0,4.171944727519195,0.17194472751919498,79.18020969814096,77.43781820881715,418.300312893737,0.0
573,4.0,4.172521645074093,0.1725216450740934,79.14865840092746,77.43783100619429,418.4154079459392,0.0
574,4.0,4.173111866832046,0.1731118668320457,79.11733089071238,77.43784835718554,418.53315718665067,0.0
575,4.0,4.173705587940023,0.1737055879400229,79.08622232147964,77.43785745567655,418.6516045476921,0.0
576,4.0,4.17430839762541,0.17430839762540984,79.05538473971126,77.4378804107108,418.77186507992684,0.0
577,4.0,4.174915094277809,0.17491509427780905,79.02479169133088,77.43787595064691,418.89290106208045,0.0
578,4.0,4.175531387710782,0.17553138771078203,78.99444695719194,77.43787468188422,419.01585160195856,0.0
579,4.0,4.176151470360725,0.17615147036072543,78.96435521909181,77.43787449873633,419.1395580906223,0.0
580,4.0,4.176772737190673,0.17677273719067266,78.93456567740202,77.437865859351,419.26350082319675,0.0
581,4.0,4.177402274819562,0.1774022748195616,78.90504298950694,77.43787041291786,419.3890935801601,0.0
582,4.0,4.178030038358485,0.17803003835848497,78.87577305465462,77.43786465242366,419.5143324061753,0.0
583,4.0,4.178670587781804,0.178670587781804,78.84680963455634,77.43786925838266,419.6421220161275,0.0
584,4.0,4.1793119598574915,0.1793119598574915,78.81814188347309,77.43787516548096,419.7700757452271,0.0
585,4.0,4.179950534535646,0.1799505345356458,78.78975249715307,77.43786727434194,419.89747139351886,0.0
586,4.0,4.180595023643241,0.18059502364324143,78.76166111721582,77.43786810483786,420.0260469704842,0.0
587,4.0,4.181235044157662,0.18123504415766156,78.73388588199316,77.4378605059254,420.153731063111,0.0
588,4.0,4.181882059672325,0.18188205967232474,78.70640126971013,77.43785831358399,420.2828106582863,0.0
589,4.0,4.182540721904086,0.1825407219040862,78.67919857969852,77.43785576028989,420.4142137735227,0.0
590,4.0,4.183194325902711,0.18319432590271134,78.65232048776514,77.43785897026308,420.5446077712485,0.0
591,4.0,4.183849328118483,0.18384932811848298,78.62576947329903,77.43784975487851,420.6752807132949,0.0
592,4.0,4.184504146816304,0.18450414681630356,78.59952163593019,77.43784973770948,420.80591704351014,0.0
593,4.0,4.185158335661829,0.18515833566182938,78.57358854213709,77.43785136934103,420.93642771819253,0.0
594,4.0,4.185816888391743,0.18581688839174326,78.54798971716939,77.4378582364996,421.06780898781034,0.0
595,4.0,4.186467523836443,0.18646752383644305,78.52268849767606,77.43786061085574,421.1976107590279,0.0
596,4.0,4.187123983766573,0.1871239837665728,78.49772134057984,77.43785445648,421.3285745150888,0.0
597,4.0,4.187780697981038,0.18778069798103836,78.47305443093158,77.43785668411066,421.45958900087476,0.0
598,4.0,4.188436333968087,0.18843633396808723,78.44873677062158,77.43784762402426,421.5903883802909,0.0
599,4.0,4.188586712778665,0.18858671277866534,78.42476178874277,77.43784476902381,421.6203889530013,0.0
600,4.0,4.189232054371769,0.18923205437176893,78.40104521683065,77.43784798599515,421.74913460082547,0.0
601,4.0,4.189889355097486,0.1898893550974856,78.37756132623753,77.43785720635886,421.88026609560586,0.0
602,4.0,4.190539261201793,0.19053926120179288,78.35435292220787,77.43785264674514,422.0099223634152,0.0
603,4.0,4.191190693148717,0.19119069314871684,78.33145229342077,77.43784626435556,422.1398830368265,0.0
604,4.0,4.191844251619753,0.19184425161975316,78.30884850943083,77.437850472191,422.27026795179836,0.0
605,4.0,4.192487051969055,0.1924870519690547,78.2865419190938,77.43785351320213,422.398506621484,0.0
606,4.0,4.193131031222544,0.19313103122254383,78.26454849225362,77.43785364682185,422.5269804825551,0.0
607,4.0,4.193771564196743,0.19377156419674257,78.24290936917657,77.43785386041024,422.65476681090774,0.0
608,4.0,4.19440836054045,0.19440836054045008,78.2215871856794,77.4378580192698,422.78180768147735,0.0
609,4.0,4.195047182756815,0.19504718275681476,78.20059135189257,77.4378581390422,422.90925271364216,0.0
610,4.0,4.195674731714719,0.19567473171471939,78.17990361765197,77.43785453375152,423.03444873074403,0.0
611,4.0,4.196308778586389,0.1963087785863893,78.15953548265477,77.43785261955348,423.1609410816422,0.0
612,4.0,4.196931243878728,0.19693124387872807,78.13951510668107,77.43785984215525,423.2851229074638,0.0
613,4.0,4.1975511210266,0.1975511210266001,78.11982447206303,77.43785004165177,423.40878839846425,0.0
614,4.0,4.198165471872852,0.19816547187285227,78.10045017948742,77.43784524489699,423.5313513922916,0.0
615,4.0,4.198772804855495,0.1987728048554951,78.08139195012538,77.43783297273254,423.65251432232884,0.0
616,4.0,4.199374729605291,0.19937472960529057,78.06264252128082,77.4378357146876,423.772598309913,0.0
617,4.0,4.199968804503516,0.1999688045035164,78.04424051860644,77.43785606183545,423.8911162521091,0.0
618,4.0,4.200568221181946,0.20056822118194617,78.02617440980819,77.43785962266551,424.01069987945584,0.0
619,4.0,4.201155665874893,0.20115566587489297,78.00841093848129,77.43787070745287,424.1278950956987,0.0
620,4.0,4.201732916916597,0.20173291691659667,77.99096094038585,77.43789410884136,424.24305667851854,0.0
621,4.0,4.202312072474021,0.2023120724740206,77.97381536222656,77.43789070849452,424.35859821222465,0.0
622,4.0,4.20287932084987,0.2028793208498696,77.95697868975924,77.43789407419229,424.4717642632066,0.0
623,4.0,4.203429142503729,0.20342914250372868,77.94090420913079,77.43788029841987,424.58145368315144,0.0
624,4.0,4.2039856454501345,0.20398564545013453,77.9247933884211,77.43787488717578,424.69247602095936,0.0
625,4.0,4.2045316125378855,0.20453161253788554,77.90899147698258,77.4378692297121,424.8013964549657,0.0
626,4.0,4.205076001812897,0.20507600181289742,77.89344170379174,77.43784828817195,424.9100021153306,0.0
627,4.0,4.20562037594493,0.20562037594493,77.87799093239376,77.43782323705996,425.0186047546711,0.0
628,4.0,4.206165658112757,0.20616565811275667,77.86286853825209,77.43782180856559,425.1273885471525,0.0
629,4.0,4.20670241082786,0.20670241082785967,77.8480874567426,77.43781712903012,425.2344707138156,0.0
630,4.0,4.207226579097469,0.207226579097469,77.83364251361458,77.43782627696528,425.33904228360257,0.0
631,4.0,4.207745284990891,0.2077452849908914,77.81950780652623,77.43784731453323,425.44252410934035,0.0
632,4.0,4.208261375207804,0.20826137520780375,77.80566316688645,77.43785552562946,425.5454841076144,0.0
633,4.0,4.2087652463518,0.20876524635179994,77.7920934522528,77.43787452537576,425.64600640084166,0.0
634,4.0,4.209270622317056,0.20927062231705573,77.77880912161363,77.4378843364038,425.7468289059102,0.0
635,4.0,4.209757875870383,0.20975787587038308,77.76579098253382,77.43787337531991,425.844035989799,0.0
636,4.0,4.210247611259389,0.21024761125938873,77.75305620153388,77.43787601694058,425.9417381999056,0.0
637,4.0,4.210715653520647,0.21071565352064692,77.74061726526367,77.43787420337974,426.0351126310266,0.0
638,4.0,4.211197751356645,0.21119775135664476,77.72844016955656,77.43787127157898,426.13129114930814,0.0
639,4.0,4.211661333522644,0.2116613335226436,77.71651622532934,77.43786809781312,426.22377579142494,0.0
640,4.0,4.212121789191807,0.2121217891918068,77.70484820276842,77.4378642478453,426.315636697423,0.0
641,4.0,4.212580397865511,0.2125803978655112,77.69343521371293,77.43785556613896,426.40712912782703,0.0
642,4.0,4.2130185694996385,0.2130185694996385,77.6822874518052,77.43786159891248,426.4945443688355,0.0
643,4.0,4.213467929200679,0.2134679292006787,77.67136599362513,77.43784771249521,426.58419162919296,0.0
644,4.0,4.213902324289464,0.21390232428946376,77.660703102498,77.43784416224177,426.67085344940557,0.0
645,4.0,4.214323077310688,0.2143230773106879,77.65028725106632,77.43784536363498,426.7547936771398,0.0
646,4.0,4.214747453296387,0.21474745329638711,77.64013257056688,77.4378468453484,426.83945668628684,0.0
647,4.0,4.215153369445436,0.21515336944543595,77.63022216782466,77.43784808850236,426.92043695802204,0.0
648,4.0,4.215569181043005,0.21556918104300493,77.62053542139189,77.43786071467865,427.00339137173705,0.0
649,4.0,4.215973123244678,0.21597312324467843,77.61108211602327,77.4378770497373,427.08397784097093,0.0
650,4.0,4.216358439102107,0.21635843910210717,77.60184315567227,77.43787693774392,427.1608483545279,0.0
651,4.0,4.216749891546828,0.21674989154682844,77.59283166641343,77.43787846344955,427.23894311724985,0.0
652,4.0,4.2171340812012525,0.21713408120125255,77.58404990296631,77.43787967902027,427.31558895330744,0.0
653,4.0,4.217507170410262,0.21750717041026224,77.57547717310926,77.43786757479104,427.39002025050485,0.0
654,4.0,4.217882244941805,0.21788224494180497,77.56712666409923,77.43785171634373,427.46484761954764,0.0
655,4.0,4.2182457195384115,0.21824571953841154,77.5589909223038,77.43783908816313,427.5373608015706,0.0
656,4.0,4.218610180615376,0.21861018061537596,77.55104353287597,77.437841157823,427.61007078642507,0.0
657,4.0,4.218957470956456,0.21895747095645568,77.5433447531925,77.43784215958533,427.6793552094705,0.0
658,4.0,4.219306049007701,0.21930604900770057,77.53584164762111,77.43786040569093,427.74889653069386,0.0
659,4.0,4.219655507496364,0.21965550749636442,77.52853514841823,77.4378580053715,427.8186134991822,0.0
660,4.0,4.219986125684187,0.21998612568418707,77.52143927731996,77.43786740046471,427.88457182765285,0.0
661,4.0,4.2203112163405825,0.22031121634058248,77.51453064612909,77.43787013131787,427.94942741360376,0.0
662,4.0,4.220625329695091,0.22062532969509085,77.50781165147905,77.43788169547689,428.01209302782814,0.0
663,4.0,4.220949866995991,0.22094986699599062,77.50127316254421,77.43788330667105,428.0768382193576,0.0
664,4.0,4.2212649544752825,0.2212649544752825,77.49492217357313,77.43788038525267,428.13969817147637,0.0
665,4.0,4.2215645927623315,0.22156459276233154,77.48874510569354,77.43787818666304,428.19947600974274,0.0
666,4.0,4.221864915024086,0.2218649150240859,77.48275803586013,77.43788091590375,428.25939030096265,0.0
667,4.0,4.222162544461596,0.22216254446159578,77.47693832391172,77.43787225857425,428.3187673737459,0.0
668,4.0,4.222455752765662,0.22245575276566232,77.47128510987208,77.43785497616771,428.37726243040714,0.0
669,4.0,4.222740127802187,0.22274012780218744,77.46580773460263,77.43783615422645,428.4339952501939,0.0
670,4.0,4.2230154498943975,0.22301544989439748,77.46051015762299,77.43782967470878,428.48892200758985,0.0
671,4.0,4.223284566570425,0.22328456657042484,77.45535309265037,77.43783936193728,428.5426107844573,0.0
672,4.0,4.223547833622216,0.22354783362221564,77.45036898379902,77.4378577545355,428.59513256128963,0.0
673,4.0,4.22380775882632,0.22380775882631987,77.44557032031221,77.43786551767168,428.6469876395084,0.0
674,4.0,4.224063823050165,0.22406382305016503,77.44092105838465,77.4378695428257,428.6980724521655,0.0
675,4.0,4.224302540208455,0.22430254020845464,77.4364343069327,77.43786394752479,428.7456965252443,0.0
676,4.0,4.224543599089125,0.2245435990891247,77.43208718262852,77.43787721558107,428.79378777193796,0.0
677,4.0,4.2247654325470485,0.2247654325470485,77.4278913652883,77.43787684068359,428.83804354679376,0.0
678,4.0,4.225009220233453,0.22500922023345282,77.42383974004755,77.43786742233486,428.88667919023135,0.0
679,4.0,4.225240860971113,0.2252408609711134,77.41991364667194,77.43786400579026,428.9328915173947,0.0
680,4.0,4.2254645241246935,0.22546452412469353,77.41612764336516,77.4378644695826,428.97751231653393,0.0
681,4.0,4.22567984102686,0.22567984102686012,77.41246894103327,77.43786518226099,429.0204680385161,0.0
682,4.0,4.225890509817578,0.22589050981757808,77.40894125039675,77.43785880802577,429.06249646226445,0.0
683,4.0,4.226098005082558,0.22609800508255784,77.4055435279824,77.43785448887472,429.1038917676278,0.0
684,4.0,4.226795275447615,0.22679527544761502,77.40228266140477,77.43786379183346,429.24299720545673,0.0
685,4.0,4.226979362042759,0.22697936204275937,77.39917649410515,77.43786118474962,429.27972248118806,0.0
686,4.0,4.227179390786219,0.22717939078621896,77.39625733752979,77.43785753916221,429.3196282155082,0.0
687,4.0,4.227362770757041,0.2273627707570407,77.39351453330389,77.43786455382643,429.3562125196872,0.0
688,4.0,4.2275403642029605,0.22754036420296053,77.39094347497269,77.43785580974918,429.3916424121482,0.0
689,4.0,4.227713456357073,0.22771345635707263,77.38849603874813,77.43784988284355,429.4261742968935,0.0
690,4.0,4.227867105722673,0.2278671057226731,77.38617811874147,77.43785150795084,429.4568273453308,0.0
691,4.0,4.228026893414269,0.22802689341426863,77.38398147465468,77.43785471878522,429.48870498980415,0.0
692,4.0,4.2281752761428155,0.22817527614281552,77.38189506754094,77.43783574749595,429.5183073441492,0.0
693,4.0,4.228321870195614,0.22832187019561356,77.37992319298174,77.43784256118626,429.54755285768243,0.0
694,4.0,4.228463064959396,0.22846306495939572,77.37803310632411,77.43784443486375,429.575721213057,0.0
695,4.0,4.228590330340008,0.2285903303400083,77.37623813515538,77.43785868916729,429.6011106564892,0.0
696,4.0,4.2287244256813965,0.2287244256813965,77.37454096064455,77.43786367598588,429.6278626770961,0.0
697,4.0,4.2288469206429316,0.22884692064293155,77.37292218268175,77.43786955579529,429.6523004219224,0.0
698,4.0,4.228979175013092,0.22897917501309184,77.37137722250414,77.43787495578407,429.6786851687694,0.0
699,4.0,4.229118781916907,0.22911878191690693,77.3699068879087,77.43789132472278,429.7065367460805,0.0
700,4.0,4.229247439069297,0.22924743906929734,77.36851803538696,77.43789085895664,429.7322038479824,0.0
701,4.0,4.2293782414019265,0.22937824140192653,77.36720976019305,77.43787611308488,429.75829891334195,0.0
702,4.0,4.229498843322986,0.2294988433229861,77.36598181448792,77.43787753582122,429.7823589965933,0.0
703,4.0,4.229621418416612,0.22962141841661232,77.36483960371513,77.43788577900202,429.80681272777167,0.0
704,4.0,4.2297375129821315,0.22973751298213152,77.36375105571094,77.43788189981082,429.8299735935928,0.0
705,4.0,4.22984497538891,0.22984497538891002,77.3627498321214,77.43786784820415,429.8514123437451,0.0
706,4.0,4.229954854678079,0.22995485467807875,77.36182295735387,77.43787370886051,429.87333326193425,0.0
707,4.0,4.230055032697324,0.23005503269732408,77.36097209795216,77.43786388952665,429.89331877677375,0.0
708,4.0,4.2301567584952595,0.23015675849525952,77.36019361278149,77.43785821848003,429.9136130734619,0.0
709,4.0,4.230252466678122,0.23025246667812205,77.35946271792547,77.43785741895957,429.9327068559429,0.0
710,4.0,4.230337829426322,0.23033782942632186,77.35880254990082,77.43785960143038,429.9497367242088,0.0
711,4.0,4.230427068483125,0.23042706848312466,77.35820786720346,77.43785199956896,429.9675399160409,0.0
712,4.0,4.230508330412118,0.2305083304121176,77.35767143025622,77.437845582546,429.98375167087505,0.0
713,4.0,4.230589134311656,0.23058913431165617,77.35718234225867,77.43784670564891,429.9998720488329,0.0
714,4.0,4.230668588899402,0.23066858889940178,77.35675040514289,77.43784898714073,430.0157232390882,0.0
715,4.0,4.230738938263673,0.23073893826367264,77.35638109587644,77.43784757931324,430.02975793726023,0.0
716,4.0,4.230814405504265,0.23081440550426535,77.35605130684428,77.43784548983146,430.0448136517585,0.0
717,4.0,4.230879361799885,0.230879361799885,77.3557790036718,77.43784583331956,430.05777243273457,0.0
718,4.0,4.230948929995243,0.2309489299952432,77.3555424837746,77.43784734281235,430.07165128770856,0.0
719,4.0,4.2310151442393025,0.23101514423930247,77.35536404590238,77.43785287474603,430.0848610293984,0.0
720,4.0,4.2310711709022595,0.23107117090225948,77.35524204041842,77.43786548593711,430.09603834865834,0.0
721,4.0,4.231133179554003,0.2311331795540026,77.35513400915697,77.43786120353562,430.1084090746811,0.0
722,4.0,4.231187403820964,0.2311874038209636,77.35506930401355,77.43786291077161,430.1192268159398,0.0
723,4.0,4.231244980500888,0.23124498050088782,77.35505203965607,77.43786648536494,430.13071336358473,0.0
724,4.0,4.231295070152764,0.23129507015276385,77.35507752979939,77.43786012958931,430.14070624913387,0.0
725,4.0,4.2313441824318945,0.23134418243189447,77.3551403602464,77.43784902168797,430.1505041488205,0.0
726,4.0,4.231396394267533,0.23139639426753256,77.35522766246332,77.43785582232685,430.1609204100303,0.0
727,4.0,4.2314434349250964,0.23144343492509645,77.35534783377123,77.4378471949647,430.17030502121435,0.0
728,4.0,4.231488666930079,0.23148866693007886,77.35550755704172,77.43785469760402,430.1793288062083,0.0
729,4.0,4.231531947449647,0.2315319474496471,77.35569970618036,77.43783897440754,430.18796326986217,0.0
730,4.0,4.23157340128432,0.23157340128431958,77.35592848971052,77.43784862767107,430.1962333098793,0.0
731,4.0,4.231613039605459,0.23161303960545876,77.35618396669332,77.43785084508266,430.2041411549466,0.0
732,4.0,4.231650963584981,0.23165096358498083,77.35646753252394,77.43785829636926,430.2117069888613,0.0
733,4.0,4.231686977397309,0.2316869773973087,77.35678601181131,77.43785750699753,430.21889174442066,0.0
734,4.0,4.231723898792318,0.23172389879231758,77.35711710186561,77.43785586677807,430.2262575627249,0.0
735,4.0,4.231754872204111,0.23175487220411117,77.3574855221378,77.4378712689606,430.2324367583778,0.0
736,4.0,4.231789983488184,0.23178998348818425,77.35787889650113,77.43786613094544,430.23944145955033,0.0
737,4.0,4.231824074670566,0.2318240746705662,77.3583006473775,77.43787282837907,430.2462426504355,0.0
738,4.0,4.2318568538630545,0.23185685386305455,77.35873339424619,77.43786404706681,430.2527820993369,0.0
739,4.0,4.2318856105512035,0.2318856105512035,77.35918774440408,77.43785771319864,430.2585190586226,0.0
740,4.0,4.231916752200076,0.23191675220007557,77.35966663787893,77.43786955268715,430.2647318175726,0.0
741,4.0,4.231948296643675,0.231948296643675,77.36017710188032,77.43786728259306,430.27102493407074,0.0
742,4.0,4.2319759041543525,0.23197590415435254,77.36070111493106,77.43786956369745,430.2765326324509,0.0
743,4.0,4.232000886962616,0.23200088696261556,77.36124389571643,77.43785256284957,430.2815167026993,0.0
744,4.0,4.232023727155718,0.23202372715571773,77.36181610230234,77.43785440262855,430.2860733212232,0.0
745,4.0,4.232046537691412,0.2320465376914118,77.36242129466231,77.43785808641755,430.29062402309427,0.0
746,4.0,4.23207291360194,0.23207291360194038,77.3630229590811,77.4378594458001,430.2958860172447,0.0
747,4.0,4.2320906103967175,0.23209061039671752,77.36366320926126,77.43785922411182,430.29941652780275,0.0
748,4.0,4.23210946692434,0.23210946692434042,77.36430496833115,77.43785688561643,430.3031784050634,0.0
749,4.0,4.232127592792155,0.2321275927921551,77.36497630302289,77.43785741091925,430.3067945156925,0.0
750,4.0,4.2321406776616985,0.23214067766169855,77.36565866121515,77.43785073972052,430.3094049471664,0.0
751,4.0,4.232158283271552,0.23215828327155208,77.36635572025435,77.43783967839236,430.31291726633225,0.0
752,4.0,4.232172885416275,0.2321728854162748,77.36706549542549,77.43784221164456,430.31583039420434,0.0
753,4.0,4.232188316590357,0.23218831659035732,77.36778606935894,77.43785186461523,430.31890891343386,0.0
754,4.0,4.2321997892142456,0.23219978921424556,77.3685173515736,77.43785616868801,430.3211977018995,0.0
755,4.0,4.23221153138651,0.2322115313865103,77.36926317132391,77.4378668730447,430.32354026526633,0.0
756,4.0,4.23222870312009,0.23222870312009025,77.3700265425933,77.4378629207246,430.3269660261156,0.0
757,4.0,4.232243159775931,0.23224315977593069,77.37079411512184,77.43786381512002,430.3298501289557,0.0
758,4.0,4.232256464130582,0.23225646413058243,77.3715762584425,77.43785673469787,430.3325043477088,0.0
759,4.0,4.232251531273688,0.23225153127368792,77.37237380965196,77.43785537793073,430.3315202427583,0.0
760,4.0,4.232243820159444,0.2322438201594439,77.37317023708114,77.43784946969434,430.3299818754666,0.0
761,4.0,4.232241199168566,0.23224119916856623,77.3739774442296,77.43785175432059,430.3294589877865,0.0
762,4.0,4.232235236796483,0.23223523679648306,77.37480031263897,77.43784899359261,430.32826949455585,0.0
763,4.0,4.232230920969834,0.2322309209698341,77.37561254949104,77.43785692747824,430.3274084871395,0.0
764,4.0,4.232216944975538,0.23221694497553802,77.37643915959931,77.43784415645088,430.32462027627736,0.0
765,4.0,4.23221005402627,0.23221005402626993,77.3772660338957,77.4378393164945,430.3232455318984,0.0
766,4.0,4.232204674193563,0.2322046741935626,77.37810422120829,77.43784236438574,430.32217225527336,0.0
767,4.0,4.232196871794435,0.23219687179443493,77.37893478554933,77.43783836200728,430.3206156766474,0.0
768,4.0,4.232186193832127,0.2321861938321268,77.37976601073146,77.43785174811853,430.3184854231668,0.0
769,4.0,4.232172591608242,0.23217259160824177,77.38058580931335,77.43786188815395,430.3157717795018,0.0
770,4.0,4.2321655159594345,0.23216551595943447,77.38140958631593,77.43787052427906,430.3143601875647,0.0
771,4.0,4.2321568210270115,0.23215682102701152,77.38221754507147,77.43786669268614,430.31262554854635,0.0
772,4.0,4.232148114245403,0.23214811424540294,77.38303870341626,77.4378731125192,430.31088854561546,0.0
773,4.0,4.2321408907450415,0.23214089074504152,77.38384572326952,77.43787690666976,430.3094474572933,0.0
774,4.0,4.232127898814105,0.23212789881410512,77.38465438450295,77.43786536305606,430.30685556707147,0.0
775,4.0,4.232120276880515,0.23212027688051506,77.38546220657915,77.43785936435717,430.30533499132025,0.0
776,4.0,4.232115239323685,0.23211523932368472,77.38625522427068,77.43785255090789,430.30432999873267,0.0
777,4.0,4.232106121889752,0.23210612188975244,77.38707092831996,77.43785467222594,430.3025110706631,0.0
778,4.0,4.232101136006539,0.2321011360065386,77.38786026776184,77.43784223739146,430.301516386962,0.0
779,4.0,4.2320886642387965,0.23208866423879648,77.38866633264176,77.43784798375621,430.2990282692975,0.0
780,4.0,4.232078155882026,0.23207815588202596,77.3894733085319,77.43785207613432,430.29693185212176,0.0
781,4.0,4.232072632876033,0.23207263287603297,77.39028170603254,77.43785948990259,430.2958300124261,0.0
782,4.0,4.232066794602047,0.23206679460204693,77.39106342124202,77.43785627504627,430.29466527676595,0.0
783,4.0,4.232061029570406,0.23206102957040642,77.39186570276908,77.43785327957048,430.29351515295366,0.0
784,4.0,4.232047570808296,0.2320475708082963,77.39265616987336,77.43784933247679,430.29083012991265,0.0
785,4.0,4.232044636680975,0.23204463668097475,77.39343021321243,77.43785128854621,430.290244771512,0.0
786,4.0,4.232042700146367,0.2320427001463674,77.39421197384821,77.43784697496426,430.28985843285784,0.0
787,4.0,4.232038750971827,0.23203875097182713,77.39499426416695,77.43786833324866,430.28907057253707,0.0
788,4.0,4.2320320070119815,0.23203200701198146,77.39577508821557,77.43787591362792,430.2877251525478,0.0
789,4.0,4.232016593998365,0.23201659399836494,77.3965625759593,77.4378799788897,430.28465025633136,0.0
790,4.0,4.232012401634036,0.23201240163403636,77.39734361677043,77.43786820354278,430.28381387964777,0.0
791,4.0,4.232011087868755,0.2320110878687549,77.39812474457825,77.43785842753573,430.28355178347414,0.0
792,4.0,4.23200519572723,0.23200519572723,77.39892125845985,77.43785017502805,430.28237630124,0.0
793,4.0,4.231998198970835,0.2319981989708353,77.39970633811909,77.43784974632786,430.2809804483392,0.0
794,4.0,4.231968819055507,0.23196881905550715,77.40048745958653,77.43784798765111,430.2751191552312,0.0
795,4.0,4.231947429218257,0.23194742921825728,77.40125590831843,77.43785820711848,430.2708518826999,0.0
796,4.0,4.231921119005492,0.2319211190054924,77.40203323177757,77.43786958110327,430.2656029952533,0.0
797,4.0,4.231899248380721,0.23189924838072073,77.40279669909407,77.43786325583984,430.2612398056113,0.0
798,4.0,4.231880124977316,0.23188012497731592,77.40355292370546,77.43786243191363,430.257424686632,0.0
799,4.0,4.231857928405666,0.23185792840566588,77.40428018148822,77.43786094785553,430.2529964705879,0.0
800,4.0,4.2318389387516016,0.23183893875160155,77.40500882392753,77.43786660699845,430.2492080346021,0.0
801,4.0,4.23181698854399,0.23181698854399002,77.40573564653478,77.43788502697794,430.2448289681835,0.0
802,4.0,4.231799942128786,0.23179994212878618,77.40645715281059,77.43788964941848,430.2414282083504,0.0
803,4.0,4.231784525517227,0.23178452551722728,77.40716426738472,77.43788796341627,430.2383525943444,0.0
804,4.0,4.231760200968381,0.231760200968381,77.40785260095554,77.43788889818097,430.23349984684955,0.0
805,4.0,4.231740911935775,0.23174091193577517,77.40855105522905,77.43787307129453,430.2296516848447,0.0
806,4.0,4.23172093439005,0.23172093439004993,77.40922641304033,77.43786182680867,430.22566616447256,0.0
807,4.0,4.231704864895571,0.23170486489557085,77.40990006059273,77.4378536077955,430.2224603003239,0.0
808,4.0,4.2316827485836574,0.23168274858365745,77.41055289524174,77.43784881305099,430.2180480960972,0.0
809,4.0,4.2316656195735005,0.23166561957350051,77.41119401160502,77.43783530654812,430.21463085857096,0.0
810,4.0,4.231648277487956,0.23164827748795602,77.41183740841892,77.4378322034844,430.2111711125048,0.0
811,4.0,4.231633058063043,0.2316330580630428,77.41246631879636,77.43784562882325,430.20813483723464,0.0
812,4.0,4.231613420944316,0.23161342094431614,77.4130884274941,77.43785612296601,430.2042172320486,0.0
813,4.0,4.231595571262022,0.23159557126202213,77.41371029549018,77.43785993004273,430.2006562204309,0.0
814,4.0,4.231583502597974,0.23158350259797356,77.41430754180209,77.43786702569001,430.19824852195325,0.0
815,4.0,4.231566966841948,0.23156696684194777,77.41491674026977,77.43788067509765,430.1949496386261,0.0
816,4.0,4.231552608866529,0.2315526088665294,77.41549746013646,77.43787993369241,430.1920852225302,0.0
817,4.0,4.2315397583145575,0.23153975831455753,77.41607656856745,77.43787201366823,430.1895215374118,0.0
818,4.0,4.231527683566036,0.2315276835660356,77.41665446854972,77.43787391182389,430.1871126250816,0.0
819,4.0,4.231519349826898,0.2315193498268977,77.41722234559448,77.4378702127519,430.1854500441236,0.0
820,4.0,4.231504516084867,0.23150451608486744,77.41778257567339,77.43785831656447,430.1824907125886,0.0
821,4.0,4.231491739161692,0.23149173916169197,77.41833114187382,77.43785688864631,430.17994171641504,0.0
822,4.0,4.23147961948633,0.23147961948633,77.41887742267015,77.43786031887255,430.17752384118035,0.0
823,4.0,4.231465705901981,0.23146570590198134,77.41942731934121,77.43784708163936,430.17474808110285,0.0
824,4.0,4.231453466699881,0.23145346669988065,77.41996605722893,77.43784892400798,430.17230636028376,0.0
825,4.0,4.2314423550622555,0.23144235506225552,77.42050039499227,77.43784979835642,430.1700895885775,0.0
826,4.0,4.231432726687791,0.2314327266877907,77.42103356043101,77.43785786271967,430.1681687278718,0.0
827,4.0,4.231418165664914,0.23141816566491435,77.42156286173751,77.43785997049845,430.16526380380793,0.0
828,4.0,4.231406533020618,0.23140653302061764,77.42207753177199,77.4378573629772,430.16294309127073,0.0
829,4.0,4.23139865723625,0.23139865723624986,77.42258188335597,77.43786103134259,430.1613718722894,0.0
830,4.0,4.231390502968676,0.2313905029686758,77.4230751048925,77.43785647117465,430.15974509590836,0.0
831,4.0,4.2313852241244945,0.23138522412449447,77.423567643217,77.43786052889695,430.1586919664942,0.0
832,4.0,4.2313749674095344,0.23137496740953445,77.42406363753221,77.43785292653754,430.1566457518597,0.0
833,4.0,4.231366843349466,0.23136684334946622,77.42456280296001,77.4378627143215,430.155025001876,0.0
834,4.0,4.231362551380269,0.2313625513802693,77.42506000669125,77.43785489568586,430.15416875402127,0.0
835,4.0,4.231355465802231,0.2313554658022312,77.42554341881022,77.43785299591678,430.15275518120274,0.0
836,4.0,4.231350737631961,0.2313507376319608,77.42602264244523,77.43784715171252,430.1518119112337,0.0
837,4.0,4.231341318171973,0.2313413181719728,77.42650981742179,77.43784167732971,430.1499327289662,0.0
838,4.0,4.231332553274682,0.23133255327468216,77.4269785260014,77.43784857116233,430.14818413195667,0.0
839,4.0,4.231329535967763,0.23132953596776318,77.42744916612553,77.43785422875564,430.14758217922633,0.0
840,4.0,4.23130944365934,0.23130944365933992,77.42791744111945,77.43785699380062,430.1435737636959,0.0
841,4.0,4.2312863337457935,0.23128633374579355,77.42838901074936,77.43785119665708,430.1389633359434,0.0
842,4.0,4.231258554550304,0.23125855455030386,77.42885190791985,77.43784140894702,430.13342138644316,0.0
843,4.0,4.231231407959429,0.2312314079594291,77.42929998922989,77.43785811351512,430.1280056415637,0.0
844,4.0,4.231205854580825,0.23120585458082488,77.42974488600667,77.43786236126694,430.1229077425321,0.0
845,4.0,4.231183053220101,0.2311830532201009,77.4301718829604,77.4378603139932,430.11835887106764,0.0
846,4.0,4.231161355159423,0.23116135515942293,77.43058518535464,77.43785354716351,430.11403010796244,0.0
847,4.0,4.231138631383134,0.23113863138313384,77.43098480609324,77.43785196864029,430.10949671459275,0.0
848,4.0,4.231114750723136,0.23111475072313592,77.43138288277015,77.43785494384194,430.10473252292314,0.0
849,4.0,4.23109042811334,0.23109042811334035,77.43176957763208,77.4378563866479,430.09988016226896,0.0
850,4.0,4.231069307487044,0.23106930748704357,77.43213013523032,77.43785211024344,430.09566659732275,0.0
851,4.0,4.231052479401228,0.23105247940122808,77.43249003648438,77.43785054738024,430.0923093942026,0.0
852,4.0,4.231034036739043,0.2310340367390431,77.43283404862505,77.43784879468637,430.0886300830967,0.0
853,4.0,4.23101022048362,0.2310102204836202,77.43316605137512,77.43784509226083,430.0838787401398,0.0
854,4.0,4.230991468870754,0.23099146887075417,77.43348326625996,77.43783417338649,430.08013779337307,0.0
855,4.0,4.2309740529116855,0.2309740529116855,77.43380200571764,77.43783400793482,430.0766633095388,0.0
856,4.0,4.23096062284038,0.23096062284037977,77.43409324034128,77.43783706006049,430.0739840103133,0.0
857,4.0,4.230945750426017,0.23094575042601662,77.43438490784406,77.43783570830499,430.0710169636479,0.0
858,4.0,4.230927760725563,0.23092776072556287,77.43464923832887,77.4378447249228,430.0674280184073,0.0
859,4.0,4.230913621472043,0.23091362147204286,77.43492099991049,77.43787007163546,430.06460723733005,0.0
860,4.0,4.230902183927786,0.23090218392778628,77.43518226614884,77.43787171135693,430.06232544725094,0.0
861,4.0,4.230893760541028,0.2308937605410284,77.4354338096415,77.43788025297991,430.0606449815927,0.0
862,4.0,4.2308815146844445,0.2308815146844445,77.43566443038421,77.43787375240426,430.05820193320426,0.0
863,4.0,4.23086886503003,0.2308688650300299,77.43589595124332,77.43787860948552,430.05567832714854,0.0
864,4.0,4.230857746377256,0.2308577463772563,77.43613191094717,77.43786844744295,430.0534601559202,0.0
865,4.0,4.230846526416756,0.23084652641675607,77.43635025069932,77.43786403583591,430.05122177380036,0.0
866,4.0,4.230835476178515,0.2308354761785152,77.43657197701909,77.43785410769988,430.0490172512714,0.0
867,4.0,4.230824116008228,0.23082411600822805,77.436773409837,77.43785756642384,430.04675089729903,0.0
868,4.0,4.230811261183512,0.23081126118351225,77.4369632494108,77.43784586438393,430.0441863597682,0.0
869,4.0,4.230798053410108,0.2307980534101084,77.43715955022945,77.43783221199168,430.04155140897416,0.0
870,4.0,4.230786661385313,0.2307866613853129,77.43734209376622,77.43783986832919,430.0392787000275,0.0
871,4.0,4.230781962918399,0.2307819629183987,77.43751248601524,77.4378382463569,430.0383413558781,0.0
872,4.0,4.230768707221542,0.23076870722154208,77.43768633672839,77.43783637559464,430.0356968443552,0.0
873,4.0,4.230753261874257,0.23075326187425738,77.43786557560152,77.4378543641632,430.0326154975719,0.0
874,4.0,4.230743739554638,0.23074373955463834,77.43802221836894,77.43787454611197,430.03071579480786,0.0
875,4.0,4.230737014926491,0.23073701492649068,77.43816335954943,77.43787008738353,430.02937423149245,0.0
876,4.0,4.230730084675321,0.2307300846753213,77.43832814654736,77.4378905989205,430.0279916463841,0.0
877,4.0,4.230721780085559,0.23072178008555877,77.43847609468529,77.43789464566713,430.0263348807265,0.0
878,4.0,4.23070988951553,0.23070988951552973,77.43861218254533,77.43788423239548,430.0239627120057,0.0
879,4.0,4.230701766456019,0.23070176645601936,77.4387426079135,77.43788073677862,430.02234216163345,0.0
880,4.0,4.2306951485672615,0.23069514856726148,77.43887347995583,77.4378775569545,430.0210218928262,0.0
881,4.0,4.230690728122344,0.2306907281223438,77.43899045336639,77.43787002564326,430.0201400140652,0.0
882,4.0,4.230683993713196,0.23068399371319614,77.4390994687851,77.4378565377226,430.0187964994402,0.0
883,4.0,4.23067765970225,0.23067765970225018,77.439210234321,77.43784425293757,430.01753286425645,0.0
884,4.0,4.230671666945611,0.2306716669456108,77.43931952139498,77.4378484838862,430.0163373093069,0.0
885,4.0,4.2306672619865315,0.23066726198653154,77.43943261138895,77.43783752191747,430.0154585199706,0.0
886,4.0,4.230667160176837,0.23066716017683664,77.43953226186665,77.43784321984542,430.0154382089365,0.0
887,4.0,4.230665303329042,0.230665303329042,77.43963076528968,77.43784357872956,430.0150677678015,0.0
888,4.0,4.230656807588777,0.23065680758877694,77.43973352644922,77.43785413274536,430.01337286761856,0.0
889,4.0,4.230654466426433,0.23065446642643295,77.4398226362928,77.43786527474424,430.0129058057309,0.0
890,4.0,4.230652206718906,0.23065220671890607,77.43991187827169,77.4378722996719,430.01245499407935,0.0
891,4.0,4.230650951430196,0.23065095143019576,77.44000383428329,77.4378785989806,430.0122045639816,0.0
892,4.0,4.230648571173504,0.23064857117350357,77.44009284849072,77.43788568749781,430.01172970277156,0.0
893,4.0,4.230644595760943,0.23064459576094265,77.44017778938395,77.43787560628088,430.0109366079656,0.0
894,4.0,4.230639096149997,0.23063909614999734,77.44027845759028,77.4378664707768,430.009839435582,0.0
895,4.0,4.230633369269701,0.23063336926970113,77.44036705582637,77.43783999277439,430.0086969229629,0.0
896,4.0,4.230631501592295,0.23063150159229462,77.44045155709554,77.43783524156638,430.00832432132034,0.0
897,4.0,4.23062752780725,0.2306275278072496,77.44052754218673,77.43782614778061,430.00753155120384,0.0
898,4.0,4.230616940149581,0.23061694014958078,77.44060448818166,77.43782833708946,430.005419313499,0.0
899,4.0,4.230612911462849,0.230612911462849,77.44067985560419,77.43784013120258,430.0046155904959,0.0
900,4.0,4.230608796653286,0.2306087966532857,77.44075355355406,77.43786841511395,430.0037946859881,0.0
901,4.0,4.23060804321691,0.2306080432169102,77.44081928246118,77.43788302774021,430.0036443754311,0.0
902,4.0,4.230602221450066,0.2306022214500656,77.44089176548403,77.4378857086503,430.00248293294567,0.0
903,4.0,4.230594483703373,0.23059448370337332,77.44094738317226,77.43788532646035,430.0009392524805,0.0
904,4.0,4.230591431163232,0.23059143116323177,77.44102273648079,77.43788306221605,430.0003302707223,0.0
905,4.0,4.2305873301251795,0.2305873301251795,77.44108644474976,77.43787620566553,429.9995121136309,0.0
906,4.0,4.230584169435045,0.230584169435045,77.44114754746695,77.43786573889757,429.998881555949,0.0
907,4.0,4.230580547654304,0.2305805476543039,77.44119599090128,77.43785440712028,429.9981590106912,0.0
908,4.0,4.230574438791649,0.23057443879164907,77.44124289219799,77.43783863416992,429.99694029259155,0.0
909,4.0,4.230572348337726,0.23057234833772622,77.44129576576385,77.43784774247545,429.99652324703396,0.0
910,4.0,4.230566855903467,0.23056685590346682,77.44134599097617,77.43785798846906,429.9954275063992,0.0
911,4.0,4.230566568939261,0.23056656893926064,77.44139344342092,77.43786783608581,429.99537025704,0.0
912,4.0,4.230563540593306,0.2305635405933062,77.44144563183939,77.43787121849141,429.99476610202214,0.0
913,4.0,4.230557546207701,0.2305575462077014,77.44148394590596,77.43787977030375,429.9935702220939,0.0
914,4.0,4.230553390869861,0.23055339086986137,77.44153079541213,77.43787791073237,429.9927412321949,0.0
915,4.0,4.230551338847472,0.23055133884747203,77.44156511217922,77.43787225231793,429.9923318537282,0.0
916,4.0,4.230549484104384,0.23054948410438403,77.44159906384628,77.43786713201882,429.99196183248216,0.0
917,4.0,4.230548608192266,0.23054860819226608,77.44163782061787,77.43785103354242,429.99178708801463,0.0
918,4.0,4.230541653977781,0.23054165397778092,77.44167098217885,77.4378405226748,429.9903997222248,0.0
919,4.0,4.230540834908869,0.23054083490886867,77.44169571395659,77.43784683774138,429.99023631797684,0.0
920,4.0,4.230537855920825,0.23053785592082487,77.44172103028701,77.43783959029446,429.98964200986205,0.0
921,4.0,4.2305357228746185,0.23053572287461854,77.44174059974908,77.43785216547474,429.98921646714393,0.0
922,4.0,4.2305370178442,0.2305370178441999,77.4417720791508,77.43787402972401,429.98947481357544,0.0
923,4.0,4.230532171365817,0.23053217136581683,77.44179587324267,77.43787894842552,429.98850794113804,0.0
924,4.0,4.230528371368474,0.23052837136847426,77.44181674178637,77.43787290293356,429.9877498416681,0.0
925,4.0,4.230527526701525,0.23052752670152543,77.44182895767023,77.43788439316474,429.9875813306119,0.0
926,4.0,4.230526071195173,0.23052607119517265,77.4418588475662,77.4378693732192,429.9872909570945,0.0
927,4.0,4.2305277239827666,0.23052772398276655,77.44187728467709,77.43785093851919,429.98762068821947,0.0
928,4.0,4.230519572966538,0.23051957296653836,77.4419063856706,77.43784417409285,429.9859945604819,0.0
929,4.0,4.230521374588261,0.23052137458826127,77.44192534445479,77.4378469559768,429.98635398401564,0.0
930,4.0,4.230523702756574,0.23052370275657363,77.4419346645127,77.43783932352319,429.986818453594,0.0
931,4.0,4.2305227551804245,0.23052275518042453,77.44194227194127,77.4378607634535,429.9866294121522,0.0
932,4.0,4.230527280726802,0.23052728072680218,77.44196655235056,77.43786505427427,429.9875322586546,0.0
933,4.0,4.23052697383735,0.23052697383734966,77.44197217011941,77.43786128936175,429.98747103420885,0.0
934,4.0,4.230528225584905,0.23052822558490504,77.44198820998936,77.43858574578913,429.9877207578461,0.0
935,4.0,4.230512710072087,0.2305127100720874,77.44200929169841,77.44225612798354,429.98462541303905,0.0
936,4.0,4.230497461939914,0.2304974619399136,77.44201898664585,77.44564600469963,429.98158341067034,0.0
937,4.0,4.23048284648621,0.2304828464862103,77.44203333093068,77.44841574636823,429.9786676276565,0.0
938,4.0,4.23047848188762,0.2304784818876202,77.4420288273563,77.45347789737957,429.9777968902378,0.0
939,4.0,4.230467182773047,0.23046718277304734,77.44202466403274,77.45971887151104,429.97554271688045,0.0
940,4.0,4.230446479769826,0.23044647976982624,77.4420141056359,77.46325012037951,429.9714124677379,0.0
941,4.0,4.230459453054072,0.23045945305407223,77.44200709915332,77.46692440524777,429.974000637945,0.0
942,4.0,4.230470073703707,0.23047007370370665,77.4419944666433,77.47153298916038,429.976119457547,0.0
943,4.0,4.230471253711226,0.2304712537112259,77.44197286570801,77.47383101302528,429.97635486904716,0.0
944,4.0,4.230478217910298,0.23047821791029843,77.44194925887552,77.47478498332991,429.97774422676207,0.0
945,4.0,4.230510602195135,0.2305106021951353,77.44192776975419,77.47710100615201,429.98420489158707,0.0
946,4.0,4.230532198774517,0.23053219877451703,77.44190898649983,77.47972366055258,429.9885134091737,0.0
947,4.0,4.230551281868699,0.23055128186869922,77.44189076797421,77.48105776296359,429.99232048646303,0.0
948,4.0,4.23058210777283,0.23058210777282984,77.44189780622243,77.48350201677283,429.99847025433706,0.0
949,4.0,4.230609649401148,0.23060964940114825,77.44191302617054,77.48762378039477,430.00396480918664,0.0
950,4.0,4.230645101195429,0.23064510119542891,77.44193926106865,77.490347648073,430.0110374421456,0.0
951,4.0,4.23068756274208,0.23068756274208013,77.44197351626245,77.49318481544725,430.0195085207025,0.0
952,4.0,4.230737339374833,0.23073733937483265,77.44204266217447,77.49592109958496,430.0294389589367,0.0
953,4.0,4.2307679032941685,0.23076790329416852,77.44211941373659,77.49999852297152,430.0355364608442,0.0
954,4.0,4.23079542903019,0.23079542903018968,77.44222580880603,77.50178153979579,430.04102784518045,0.0
955,4.0,4.23084531494292,0.23084531494292015,77.44235786774706,77.50422196528604,430.0509800847701,0.0
956,4.0,4.230901763702185,0.2309017637021853,77.4424996314877,77.50904815602787,430.0622416122435,0.0
957,4.0,4.230944189615304,0.23094418961530394,77.44267029804068,77.512183607044,430.07070558191066,0.0
958,4.0,4.2309915122153665,0.2309915122153665,77.44287355791558,77.51422592391707,430.08014644062314,0.0
959,4.0,4.231052976426644,0.23105297642664357,77.44310587980547,77.51802870002496,430.0924085507729,0.0
960,4.0,4.23109844931955,0.23109844931954981,77.44335906183213,77.52189525941839,430.1014803929077,0.0
961,4.0,4.231132249493485,0.2311322494934851,77.44364778069438,77.52395585711113,430.10822352760783,0.0
962,4.0,4.231192343375241,0.2311923433752412,77.44396622339715,77.5253197050701,430.1202122570182,0.0
963,4.0,4.231270333613594,0.23127033361359395,77.44431208770894,77.52573421225324,430.1357713095695,0.0
964,4.0,4.231341488464085,0.23134148846408475,77.44469906694302,77.52473682159396,430.1499667022424,0.0
965,4.0,4.231397607313476,0.23139760731347625,77.44512146960079,77.52367255953375,430.16116241269606,0.0
966,4.0,4.231462087081238,0.23146208708123783,77.44557278377738,77.52123826887882,430.1740261263645,0.0
967,4.0,4.231533175268283,0.2315331752682832,77.44607899485753,77.5187295127248,430.18820821968,0.0
968,4.0,4.231594524113429,0.2315945241134294,77.44662855430708,77.51697146917043,430.20044731428675,0.0
969,4.0,4.231655252046369,0.2316552520463686,77.4472058909075,77.51622727906216,430.2125625369081,0.0
970,4.0,4.231716643038203,0.23171664303820272,77.44783963137063,77.51646446031296,430.22481003977896,0.0
971,4.0,4.231777285664258,0.2317772856642577,77.44850165311202,77.51743426914207,430.236908243677,0.0
972,4.0,4.231830109781626,0.231830109781626,77.44918992163008,77.51879806156373,430.24744665509195,0.0
973,4.0,4.231881326880272,0.23188132688027174,77.44991001768823,77.52020146926424,430.25766446627176,0.0
974,4.0,4.23193315966747,0.23193315966747008,77.45066507052272,77.52133187340185,430.26800510731783,0.0
975,4.0,4.231984751213473,0.2319847512134734,77.45144074506452,77.52199154296157,430.2782976207455,0.0
976,4.0,4.232034720536691,0.23203472053669127,77.4522671820986,77.5221677009592,430.28826650072745,0.0
977,4.0,4.232081000816474,0.23208100081647398,77.45314245586337,77.52191736584128,430.2974994165441,0.0
978,4.0,4.232122390651216,0.23212239065121576,77.45403825816024,77.52134643308807,430.3057566885751,0.0
979,4.0,4.23216437425745,0.23216437425744996,77.45497022694254,77.52063898484322,430.3141324180188,0.0
980,4.0,4.232202857111704,0.2322028571117043,77.45594109877369,77.52002099878783,430.32180974744256,0.0
981,4.0,4.23222077583136,0.23222077583135992,77.45693867964866,77.51953873997672,430.32538453201386,0.0
982,4.0,4.23224488656092,0.23224488656092035,77.45796083202767,77.51928465946739,430.3301946225611,0.0
983,4.0,4.232258179466752,0.23225817946675242,77.45901223049732,77.51928520574536,430.3328465572747,0.0
984,4.0,4.232272603119942,0.23227260311994158,77.46008835446023,77.51944965706288,430.33572407608585,0.0
985,4.0,4.232282243238101,0.23228224323810132,77.46119361513011,77.5197271103805,430.3376472796588,0.0
986,4.0,4.232291105564271,0.23229110556427113,77.46230986165484,77.52004633294426,430.33941531372966,0.0
987,4.0,4.23230313890002,0.2323031389000203,77.46343782768912,77.5203234581281,430.3418159642116,0.0
988,4.0,4.232311326317954,0.23231132631795415,77.46458426321648,77.52050135737039,430.34344935408944,0.0
989,4.0,4.232321042361336,0.23232104236133644,77.46575138687015,77.52056773758925,430.34538770474416,0.0
990,4.0,4.232325218053937,0.23232521805393702,77.46692257068396,77.52052467142303,430.346220755418,0.0
991,4.0,4.232331215668694,0.23233121566869386,77.4681074529956,77.52041425457377,430.34741727956197,0.0
992,4.0,4.232341541562588,0.23234154156258757,77.46930071498053,77.52029717037986,430.34947729539374,0.0
993,4.0,4.23234371312055,0.23234371312055035,77.47050695170638,77.52019009388688,430.34991052120733,0.0
994,4.0,4.2323511974962065,0.23235119749620647,77.47171814745892,77.52010900415674,430.3514036541508,0.0
995,4.0,4.232354088977159,0.23235408897715892,77.47294202713444,77.52005279007106,430.3519805046007,0.0
996,4.0,4.232355518905704,0.23235551890570427,77.47417805781667,77.5200469685607,430.3522657753456,0.0
997,4.0,4.232363660131071,0.23236366013107101,77.4754080447674,77.52005676769372,430.3538899498063,0.0
998,4.0,4.232365570009914,0.23236557000991365,77.47667097806828,77.52009361363442,430.3542709706353,0.0
999,4.0,4.232368998259796,0.23236899825979584,77.47792233853032,77.5201412457636,430.3549549064868,0.0
1000,4.0,4.232369890301161,0.23236989030116106,77.47918767831366,77.52018024337059,430.3551328687392,0.0
1001,4.0,4.232371621041306,0.23237162104130604,77.480447398012,77.52022106511473,430.3554781513981,0.0
1002,4.0,4.232376032489102,0.23237603248910244,77.48171320159958,77.52023375344903,430.3563582352335,0.0
1003,4.0,4.232377856931262,0.23237785693126156,77.48297769246956,77.52023357371708,430.3567222114442,0.0
1004,4.0,4.232372554918427,0.23237255491842657,77.48426557384079,77.52023358115474,430.35566445988366,0.0
1005,4.0,4.232351781062218,0.232351781062218,77.48556415695721,77.52021815505412,430.35152007557,0.0
1006,4.0,4.232334832835227,0.23233483283522727,77.48685760724491,77.52020563791223,430.3481389042854,0.0
1007,4.0,4.232320852050583,0.23232085205058262,77.48816163339093,77.52017763506112,430.3453497377488,0.0
1008,4.0,4.232303891636296,0.23230389163629628,77.48946181623748,77.52016791565399,430.34196613509863,0.0
1009,4.0,4.232287467765001,0.2322874677650013,77.49076192009801,77.52014636690187,430.33868957277537,0.0
1010,4.0,4.232274108107929,0.23227410810792914,77.492057845824,77.52014618079944,430.3360243211894,0.0
1011,4.0,4.232257970957831,0.23225797095783118,77.49334947417566,77.52016690966936,430.33280495974486,0.0
1012,4.0,4.232244155799063,0.2322441557990631,77.49464726792162,77.52016917845681,430.3300488355706,0.0
1013,4.0,4.232230814525087,0.23223081452508687,77.49592016868637,77.52017648214235,430.3273872514124,0.0
1014,4.0,4.232217228770198,0.2322172287701978,77.49719106452767,77.52019559176752,430.324676893312,0.0
1015,4.0,4.232201663065834,0.23220166306583412,77.4984592862642,77.52020469666633,430.3215715352914,0.0
1016,4.0,4.2321885016550835,0.23218850165508353,77.4997418976633,77.52020975994414,430.31894583384667,0.0
1017,4.0,4.232176702165277,0.23217670216527697,77.50100931173473,77.52020898025185,430.31659183563033,0.0
1018,4.0,4.232165620562128,0.23216562056212808,77.50226358644784,77.52021884548394,430.31438105580213,0.0
1019,4.0,4.232095851618448,0.23209585161844792,77.50454395074956,77.52022549784863,430.30046215153794,0.0
1020,4.0,4.231922904381455,0.23192290438145502,77.50891202973072,77.52021682546902,430.26595917775785,0.0
1021,4.0,4.231721043201525,0.2317210432015253,77.51368676946497,77.52019952003067,430.2256878723619,0.0
1022,4.0,4.23144404410226,0.23144404410226027,77.519838463146,77.52019488684317,430.1704265520584,0.0
1023,4.0,4.230909539406671,0.23090953940667092,77.53066722598601,77.52019529825867,430.06379286528846,0.0
1024,4.0,4.230343990508257,0.23034399050825716,77.54211970088022,77.52019681527584,429.9509658600548,0.0
1025,4.0,4.229689069937313,0.2296890699373133,77.55515871954672,77.52019806128422,429.82030920615153,0.0
1026,4.0,4.228841988714721,0.22884198871472083,77.57148620327132,77.52019814386321,429.6513165022443,0.0
1027,4.0,4.2278997636055,0.22789976360549957,77.58928690954939,77.52019930829691,429.4633425929547,0.0
1028,4.0,4.226958318415604,0.22695831841560388,77.60683431692696,77.5201867171591,429.2755242775705,0.0
1029,4.0,4.225836057149422,0.22583605714942223,77.62730148482659,77.52019214475384,429.0516331549673,0.0
1030,4.0,4.2245445260448395,0.22454452604483954,77.65048764014401,77.52019262911789,428.793972699603,0.0
1031,4.0,4.223250958208854,0.22325095820885377,77.67351732487411,77.52019094970908,428.5359059163238,0.0
1032,4.0,4.221888030698193,0.22188803069819318,77.69762288277741,77.52018263501236,428.26400187794707,0.0
1033,4.0,4.220289833182372,0.22028983318237216,77.72545852733352,77.52016678534527,427.9451614735408,0.0
1034,4.0,4.218651798426013,0.2186517984260128,77.75367839384445,77.52015044353458,427.6183735396471,0.0
1035,4.0,4.217032071803903,0.21703207180390294,77.78135453793091,77.52015073472029,427.29523807853616,0.0
1036,4.0,4.2152003700446805,0.2152003700446805,77.81243704537293,77.52015726379348,426.92981357757134,0.0
1037,4.0,4.213245989694625,0.2132459896946246,77.845422041265,77.52016156985613,426.5399146977352,0.0
1038,4.0,4.211298461052277,0.21129846105227656,77.8778935418192,77.52017437652559,426.15138273358673,0.0
1039,4.0,4.209324280127403,0.20932428012740267,77.91062087174437,77.52019528345521,425.7575336390744,0.0
1040,4.0,4.2071605793842455,0.20716057938424548,77.94638081578145,77.52020510431593,425.3258753408145,0.0
1041,4.0,4.20491927987317,0.20491927987317027,77.9831267785452,77.52020074363708,424.878736088355,0.0
1042,4.0,4.202717594974001,0.20271759497400144,78.01891883989062,77.52018824022262,424.43949995097086,0.0
1043,4.0,4.200330870817594,0.20033087081759415,78.05752095132094,77.5201813554139,423.9633484817676,0.0
1044,4.0,4.1978205242341815,0.1978205242341815,78.09794855863322,77.52016691382745,423.4625343383768,0.0
1045,4.0,4.1953462413941685,0.19534624139416845,78.13743984340059,77.52016658357029,422.9689149117942,0.0
1046,4.0,4.192799669345141,0.19279966934514103,78.1778287772851,77.52016534530986,422.4608737880132,0.0
1047,4.0,4.190191494810319,0.19019149481031938,78.21875040066894,77.5201609479098,421.94054296831627,0.0
1048,4.0,4.1876368717318275,0.18763687173182753,78.25820529995796,77.5201555033627,421.4308956641571,0.0
1049,4.0,4.185127271212174,0.1851272712121741,78.29631889260911,77.52014710509374,420.93023036048623,0.0
1050,4.0,4.182616030888851,0.18261603088885092,78.33395076715898,77.5201581904614,420.42923791598326,0.0
1051,4.0,4.18019403176561,0.18019403176560989,78.36928567615253,77.5201616394505,419.94604909089674,0.0
1052,4.0,4.1778440219511355,0.17784402195113547,78.40281512299482,77.52018339186546,419.4772221329091,0.0
1053,4.0,4.175545717079486,0.17554571707948607,78.43489232970191,77.5201898361502,419.018710311015,0.0
1054,4.0,4.173296814578885,0.1732968145788849,78.46567031938363,77.52019566312815,418.5700542621451,0.0
1055,4.0,4.17109088643089,0.17109088643089,78.49530565351931,77.52019280383514,418.1299715966201,0.0
1056,4.0,4.168929707610577,0.16892970761057668,78.52384781611744,77.52020749909762,417.6988164219676,0.0
1057,4.0,4.1668177566457265,0.1668177566457265,78.551242304909,77.52020905273616,417.27748220448,0.0
1058,4.0,4.164750556534539,0.16475055653453907,78.57749090902409,77.52021040399042,416.8650757822981,0.0
1059,4.0,4.162731610071384,0.1627316100713836,78.60255173791953,77.52021615590799,416.46229596289857,0.0
1060,4.0,4.160766257368191,0.1607662573681914,78.62641493173439,77.5202012704773,416.0702080986117,0.0
1061,4.0,4.158853246043176,0.15885324604317574,78.64904830789979,77.52017384406862,415.68856233927113,0.0
1062,4.0,4.156992355460004,0.15699235546000434,78.67044935966845,77.5201545663423,415.31731466792843,0.0
1063,4.0,4.155185363185251,0.1551853631852511,78.69062740641365,77.5201453714527,414.9568197091151,0.0
1064,4.0,4.153430343459115,0.15343034345911466,78.70962234666727,77.52015222820079,414.6066932737509,0.0
1065,4.0,4.151721736751784,0.15172173675178424,78.72745469577134,77.52016985281504,414.2658262356385,0.0
1066,4.0,4.150071341530466,0.15007134153046575,78.74414425252199,77.52018028484072,413.93657238898544,0.0
1067,4.0,4.148474597612679,0.14847459761267867,78.75972007809975,77.52017444028854,413.61802197738695,0.0
1068,4.0,4.146926016281409,0.14692601628140878,78.77422410755783,77.52017447599357,413.30908000179863,0.0
1069,4.0,4.145418390813364,0.14541839081336416,78.7877087850933,77.52019314568149,413.0083087209237,0.0
1070,4.0,4.143961573407094,0.14396157340709426,78.80018906059891,77.52019309367412,412.71767364837285,0.0
1071,4.0,4.142539682214572,0.14253968221457214,78.81169538658209,77.52020700340783,412.4340063554647,0.0
1072,4.0,4.141169755054892,0.14116975505489204,78.82227192941808,77.52021845334072,412.1607058871085,0.0
1073,4.0,4.13983037985255,0.1398303798525502,78.8319369832143,77.52021969795476,411.8935005342413,0.0
1074,4.0,4.138537243531454,0.13853724353145402,78.84070086824758,77.5202234453809,411.63551983818263,0.0
1075,4.0,4.137294353977335,0.13729435397733525,78.84858730195721,77.52022681416126,411.38756337213596,0.0
1076,4.0,4.136079645113981,0.1360796451139814,78.85563241081043,77.52021040031534,411.14522895389683,0.0
1077,4.0,4.134909918651729,0.1349099186517293,78.8618552878617,77.52019689846972,410.9118685246775,0.0
1078,4.0,4.133774692130148,0.1337746921301477,78.86729556228667,77.52017060652388,410.685390833622,0.0
1079,4.0,4.1326826578344775,0.13268265783447752,78.87193941932776,77.52015636158016,410.46752999163584,0.0
1080,4.0,4.1316336040550725,0.13163360405507252,78.87585493850487,77.5201663799741,410.2582437626445,0.0
1081,4.0,4.130617153487279,0.13061715348727887,78.87903680517914,77.52014877094233,410.0554618743697,0.0
1082,4.0,4.129622048996989,0.12962204899698904,78.88151652853311,77.52014761678271,409.8569385285569,0.0
1083,4.0,4.128659292613198,0.12865929261319842,78.88330953892375,77.52015896023681,409.6648686299906,0.0
1084,4.0,4.127735649582161,0.12773564958216088,78.88444239252486,77.52017620594123,409.4806018452987,0.0
1085,4.0,4.126841391826866,0.12684139182686582,78.88494416473901,77.52018772624295,409.3021974231173,0.0
1086,4.0,4.125983694993521,0.12598369499352113,78.8848137073579,77.52019903036923,409.131086904865,0.0
1087,4.0,4.125151284595098,0.1251512845950984,78.88408312942856,77.52020011448447,408.9650210303797,0.0
1088,4.0,4.12435411771886,0.12435411771885985,78.88275476419409,77.52020198328026,408.8059862385701,0.0
1089,4.0,4.123589300706333,0.12358930070633267,78.88085700966616,77.52019396722372,408.65340524457093,0.0
1090,4.0,4.122857242312406,0.12285724231240636,78.87840508979751,77.52018766868284,408.50735959498263,0.0
1091,4.0,4.1221639589944425,0.12216395899444255,78.87542689978673,77.52018058555349,408.3690495730488,0.0
1092,4.0,4.12149374772993,0.1214937477299296,78.87194620478115,77.52018715914754,408.2353424257785,0.0
1093,4.0,4.1208521244796845,0.12085212447968452,78.86797055586918,77.52017735465729,408.1073385873546,0.0
1094,4.0,4.120235864858566,0.12023586485856619,78.86350485934045,77.52016607558997,407.98439479294154,0.0
1095,4.0,4.119640173465845,0.11964017346584477,78.85859076895444,77.52016096980354,407.8655543600936,0.0
1096,4.0,4.119073217578517,0.11907321757851719,78.85322851110406,77.52016722045452,407.7524466605717,0.0
1097,4.0,4.118534333023624,0.11853433302362415,78.8474440658937,77.52017045781531,407.6449391918706,0.0
1098,4.0,4.118023632278998,0.11802363227899804,78.8412419021003,77.52017648060641,407.5430543933177,0.0
1099,4.0,4.117538643643687,0.11753864364368738,78.83465597408257,77.52017193520835,407.4462991605732,0.0
1100,4.0,4.117067849373663,0.11706784937366344,78.82771666532918,77.52017474152696,407.3523757037034,0.0
1101,4.0,4.116625304125731,0.1166253041257308,78.82041836500221,77.5201726054954,407.26408792674084,0.0
1102,4.0,4.116210553280727,0.11621055328072671,78.81275980323474,77.52016982696892,407.18134513316255,0.0
1103,4.0,4.115811428122402,0.1158114281224023,78.80476047475408,77.52016977190229,407.1017196640768,0.0
1104,4.0,4.115432119281653,0.1154321192816532,78.79644358015194,77.52016931282962,407.02604755034736,0.0
1105,4.0,4.115080558319319,0.11508055831931863,78.78782749116594,77.52016998928198,406.9559111383616,0.0
1106,4.0,4.114751776177266,0.11475177617726562,78.77890731597466,77.52016864572272,406.89031910102204,0.0
1107,4.0,4.114434849777732,0.11443484977773188,78.76969866017778,77.52016841837892,406.82709228431503,0.0
1108,4.0,4.114145303333597,0.11414530333359707,78.76022812842514,77.52016839825927,406.7693277687102,0.0
1109,4.0,4.113871000558676,0.11387100055867627,78.75050451632683,77.52016802825139,406.7146043651135,0.0
1110,4.0,4.113609846449159,0.11360984644915906,78.74054795234828,77.52016661922154,406.66250412026477,0.0
1111,4.0,4.113381636298064,0.11338163629806441,78.73037689722035,77.52017480688642,406.6169761951214,0.0
1112,4.0,4.113158426030955,0.11315842603095483,78.72001219806401,77.52018759406715,406.57244574683307,0.0
1113,4.0,4.112950869147653,0.11295086914765307,78.7094403051242,77.52018395112569,406.53103814861436,0.0
1114,4.0,4.1127709688233125,0.1127709688233125,78.69865200458847,77.52018472426904,406.4951480339084,0.0
1115,4.0,4.1125992894449555,0.11259928944495545,78.68768543047828,77.52019356274548,406.46089799792617,0.0
1116,4.0,4.112452567118456,0.11245256711845641,78.67653434157657,77.52017904796645,406.4316268937896,0.0
1117,4.0,4.112324063146392,0.1123240631463922,78.66521428522432,77.52018779851817,406.4059903513628,0.0
1118,4.0,4.112198500889782,0.11219850088978234,78.65375042686823,77.52019833956754,406.38094068116914,0.0
1119,4.0,4.112097846786556,0.11209784678655588,78.64213679391536,77.5202108972737,406.3608601875755,0.0
1120,4.0,4.11200624515933,0.11200624515933022,78.6304162835372,77.52021257971644,406.342585662944,0.0
1121,4.0,4.111932507052767,0.11193250705276725,78.61858749068591,77.52020488927667,406.3278749106846,0.0
1122,4.0,4.111867769229514,0.11186776922951402,78.60664633157991,77.52018240475871,406.31495971494564,0.0
1123,4.0,4.11181498214406,0.11181498214406016,78.59459660094541,77.52016660050607,406.30442869139756,0.0
1124,4.0,4.111775503732337,0.11177550373233736,78.58246588576075,77.52016156779585,406.2965527482589,0.0
1125,4.0,4.111750473507966,0.11175047350796596,78.57021916717532,77.52014101892485,406.29155921849673,0.0
1126,4.0,4.111739342477176,0.11173934247717643,78.55791382008918,77.52015290730809,406.28933857785427,0.0
1127,4.0,4.111734022959202,0.11173402295920187,78.54553078956114,77.52016851035111,406.28827733401835,0.0
1128,4.0,4.111744931303186,0.11174493130318641,78.53307157407544,77.52017852623659,406.2904535486432,0.0
1129,4.0,4.111761153361324,0.11176115336132408,78.52061114816782,77.52018544587979,406.2936898492417,0.0
1130,4.0,4.111792316289897,0.11179231628989683,78.50809266048773,77.52019098673543,406.29990685349196,0.0
1131,4.0,4.111831920675044,0.11183192067504422,78.49552008897483,77.52019491841206,406.3078079283289,0.0
1132,4.0,4.111879376166243,0.1118793761662431,78.48291813981984,77.52019737192504,406.31727529882306,0.0
1133,4.0,4.11193850965167,0.11193850965166963,78.47028065101195,77.52019969427639,406.32907242916565,0.0
1134,4.0,4.112005185632957,0.11200518563295692,78.45764404651223,77.52020104929491,406.3423742874325,0.0
1135,4.0,4.112085507001178,0.11208550700117836,78.44498634716393,77.5202018016218,406.3583984003926,0.0
1136,4.0,4.112166263649645,0.11216626364964544,78.43231373369517,77.52018907735011,406.37450935176184,0.0
1137,4.0,4.112261306728828,0.11226130672882828,78.41967328334717,77.52017393527247,406.3934704460588,0.0
1138,4.0,4.11235764167481,0.11235764167481044,78.40702464855912,77.5201680527942,406.41268926778224,0.0
1139,4.0,4.112464847073382,0.11246484707338222,78.39438206108815,77.52016397506084,406.4340767447973,0.0
1140,4.0,4.1125785954800556,0.11257859548005555,78.38176653025155,77.52017843128506,406.45676955192863,0.0
1141,4.0,4.112698761174662,0.11269876117466193,78.36914544861064,77.52018464797905,406.48074260800263,0.0
1142,4.0,4.11282787140278,0.11282787140278039,78.3565667248034,77.52019392850401,406.5065000985123,0.0
1143,4.0,4.112955104886823,0.11295510488682314,78.3440090965315,77.52018945071809,406.53188317857877,0.0
1144,4.0,4.113099781088137,0.11309978108813734,78.33147647866653,77.52019263381263,406.56074608074096,0.0
1145,4.0,4.113235797333789,0.11323579733378875,78.319016984902,77.52017731426143,406.5878813217484,0.0
1146,4.0,4.113388989126869,0.1133889891268689,78.30660839610573,77.52017374773331,406.6184430844679,0.0
1147,4.0,4.11354446167362,0.11354446167362031,78.29422617709277,77.5201723609959,406.6494598575448,0.0
1148,4.0,4.113702085669014,0.11370208566901407,78.28191057098365,77.52017439597174,406.68090584462584,0.0
1149,4.0,4.113870686072025,0.11387068607202533,78.26963618685868,77.52018577495673,406.7145416250266,0.0
1150,4.0,4.114040846497549,0.11404084649754864,78.25740531952773,77.52019819830171,406.7484886299185,0.0
1151,4.0,4.114218806233574,0.11421880623357428,78.24523784064894,77.52020213081788,406.78399159725564,0.0
1152,4.0,4.11439865097875,0.11439865097874957,78.23314112882449,77.52019089742024,406.8198706239181,0.0
1153,4.0,4.1145799009022905,0.11457990090229053,78.2211272337466,77.52018116736548,406.85602998366454,0.0
1154,4.0,4.114767422524312,0.11476742252431205,78.20919126762473,77.52017573505307,406.8934405472578,0.0
1155,4.0,4.114957050333086,0.11495705033308568,78.19734068012997,77.52017125983838,406.93127129510816,0.0
1156,4.0,4.115153216169822,0.11515321616982188,78.18556218976256,77.52016821995271,406.97040637953705,0.0
1157,4.0,4.115349796307662,0.11534979630766173,78.17384786354741,77.52016661704566,407.0096241170361,0.0
1158,4.0,4.115547616768572,0.11554761676857161,78.16222371853353,77.52016515445716,407.0490892989876,0.0
1159,4.0,4.115750878542323,0.11575087854232269,78.15068922896074,77.5201631366452,407.0896400228509,0.0
1160,4.0,4.115952904133287,0.1159529041332874,78.13923273101945,77.52016308694368,407.1299441282484,0.0
1161,4.0,4.116165786244358,0.11616578624435814,78.12785321349213,77.5201618481151,407.172414109407,0.0
1162,4.0,4.116373491982313,0.11637349198231295,78.11662481566141,77.52016170182691,407.213851404129,0.0
1163,4.0,4.11658565653758,0.11658565653757957,78.10546974400782,77.52016067687845,407.2561782329047,0.0
1164,4.0,4.116803600183485,0.11680360018348512,78.09440967975712,77.52016185517745,407.2996579902628,0.0
1165,4.0,4.1170200821449985,0.11702008214499848,78.08344188599338,77.52017553982854,407.34284614158474,0.0
1166,4.0,4.117241616220662,0.11724161622066198,78.07258957997415,77.52019063814122,407.3870421896796,0.0
1167,4.0,4.117462899562204,0.11746289956220402,78.0618365832982,77.52019667154158,407.43118821631725,0.0
1168,4.0,4.117686959633906,0.11768695963390563,78.0511721835337,77.5202058861626,407.47588820062174,0.0
1169,4.0,4.117912089737156,0.11791208973715595,78.04060372037948,77.52020600490812,407.52080165622016,0.0
1170,4.0,4.118141348406314,0.11814134840631407,78.03014326297131,77.52019912326027,407.5665387607172,0.0
1171,4.0,4.118368945843029,0.11836894584302904,78.01981881215984,77.52020486069581,407.6119444493419,0.0
1172,4.0,4.118596169563801,0.11859616956380137,78.00961594937337,77.5202112214916,407.65727558163593,0.0
1173,4.0,4.118821975107781,0.11882197510778081,77.99952442336696,77.52019834699638,407.70232378765985,0.0
1174,4.0,4.11905165297374,0.11905165297373976,77.98954072179097,77.52017730682525,407.7481445219186,0.0
1175,4.0,4.119282824997311,0.11928282499731058,77.97968153697084,77.5201800910935,407.79426334062106,0.0
1176,4.0,4.119512334251018,0.11951233425101826,77.9699166019096,77.520169544388,407.8400504367357,0.0
1177,4.0,4.119744133626965,0.11974413362696534,77.96026608919374,77.52015780451035,407.88629441223713,0.0
1178,4.0,4.11997568137436,0.11997568137435977,77.9507247540109,77.52015252900618,407.93248818784235,0.0
1179,4.0,4.120203959006071,0.12020395900607106,77.94129968049931,77.52016831104451,407.97802957536874,0.0
1180,4.0,4.120437385415295,0.12043738541529514,77.93199157404445,77.52017940677167,408.02459814400896,0.0
1181,4.0,4.120670176290839,0.12067017629083931,77.92280318625411,77.52018775218257,408.07103992368,0.0
1182,4.0,4.120897758576508,0.12089775857650764,77.91377430021129,77.52019273563785,408.11644258967084,0.0
1183,4.0,4.1211241155137035,0.1211241155137035,77.90485954775212,77.52019746556452,408.1616007986414,0.0
1184,4.0,4.121353392414381,0.12135339241438103,77.89606052449415,77.52020708680423,408.2073415403266,0.0
1185,4.0,4.121580527521557,0.1215805275215569,77.88737292557116,77.52019420479151,408.2526549942081,0.0
1186,4.0,4.12180884816505,0.12180884816504989,77.87880715026076,77.52018980252176,408.29820496258503,0.0
1187,4.0,4.122034059964576,0.12203405996457573,77.87035435909183,77.52019425140973,408.3431347165904,0.0
1188,4.0,4.12225902638916,0.12225902638915986,77.86201039973288,77.5201922643404,408.38801551829494,0.0
1189,4.0,4.1224837863578925,0.12248378635789248,77.85378118032828,77.52018982858368,408.4328551320571,0.0
1190,4.0,4.1227079239250095,0.12270792392500951,77.84566787275135,77.52018716348806,408.47757057669696,0.0
1191,4.0,4.122931155738726,0.12293115573872626,77.8376824656023,77.52016817851842,408.5221053235334,0.0
1192,4.0,4.123154145774383,0.12315414577438322,77.8298024074158,77.52016712536518,408.56659183564705,0.0
1193,4.0,4.123373707366716,0.12337370736671627,77.82204452633654,77.52016248707314,408.61039437331743,0.0
1194,4.0,4.123588582353128,0.1235885823531282,77.81443918638557,77.52015367552526,408.65326193310665,0.0
1195,4.0,4.123801091966983,0.12380109196698275,77.80695586189233,77.52016947830347,408.69565760107065,0.0
1196,4.0,4.124015151566789,0.12401515156678933,77.79958392755576,77.52018156490203,408.73836249123207,0.0
1197,4.0,4.124222537647588,0.12422253764758828,77.79232531693708,77.52018921364015,408.7797360143514,0.0
1198,4.0,4.124432723158725,0.12443272315872456,77.7851844522594,77.52019011779919,408.8216680238231,0.0
1199,4.0,4.12464299908656,0.12464299908655985,77.7781424947316,77.52015474512233,408.86361807142623,0.0
1200,4.0,4.124846647571614,0.1248466475716139,77.77120956440281,77.52013818845447,408.90424594419454,0.0
1201,4.0,4.125055296774009,0.12505529677400862,77.76439278280424,77.52014453245374,408.9458714600723,0.0
1202,4.0,4.125257409469731,0.1252574094697314,77.75768658240351,77.520129526938,408.98619294286897,0.0
1203,4.0,4.1254597088393865,0.1254597088393865,77.75108737196305,77.52013781771903,409.02655166711514,0.0
1204,4.0,4.125658930254024,0.12565893025402364,77.74460339730683,77.52013507822217,409.0662963393353,0.0
1205,4.0,4.125858354341903,0.1258583543419034,77.73822939903926,77.52012441171007,409.1060814448673,0.0
1206,4.0,4.126055114887629,0.12605511488762922,77.73195279284765,77.52012040595982,409.14533517373957,0.0
1207,4.0,4.126252047839144,0.12625204783914423,77.72578003943588,77.52013132541532,409.1846232975668,0.0
1208,4.0,4.126445996497174,0.12644599649717403,77.71971733130707,77.52012567184575,409.2233160548438,0.0
1209,4.0,4.126636193823467,0.12663619382346702,77.71381236353642,77.52012831760801,409.26126042143926,0.0
1210,4.0,4.126822978238246,0.12682297823824573,77.70799882680444,77.52017283827855,409.2985239121876,0.0
1211,4.0,4.127006738044708,0.12700673804470775,77.7022893488253,77.52021151535412,409.3351839935768,0.0
1212,4.0,4.1271956640625564,0.12719566406255645,77.69668276783324,77.52023340980448,409.37287473413755,0.0
1213,4.0,4.127380058155346,0.12738005815534592,77.69116866061583,77.52024895650793,409.40966135564906,0.0
1214,4.0,4.127564384931155,0.12756438493115496,77.68576278095944,77.52024933591883,409.44643454742294,0.0
1215,4.0,4.127746893207629,0.1277468932076289,77.68045149212146,77.52023890301692,409.4828449485795,0.0
1216,4.0,4.127924075237137,0.12792407523713667,77.67524755058457,77.52020926721173,409.51819276346635,0.0
1217,4.0,4.128100359515221,0.12810035951522103,77.67014078748106,77.52018489092485,409.55336147694413,0.0
1218,4.0,4.12827855345602,0.12827855345601957,77.66513159600831,77.52015747267048,409.58891116813345,0.0
1219,4.0,4.128450236277497,0.12845023627749708,77.66022535892603,77.52014889073433,409.62316189101824,0.0
1220,4.0,4.128625318246914,0.1286253182469137,77.65541525611901,77.52015552743627,409.65809074391683,0.0
1221,4.0,4.128797127115745,0.1287971271157451,77.6507070322551,77.5201557323011,409.6923666132487,0.0
1222,4.0,4.128960901047897,0.12896090104789693,77.6460837789972,77.52016260843045,409.72503951271295,0.0
1223,4.0,4.129128963881192,0.12912896388119233,77.64155984328058,77.52017574537892,409.7585680479554,0.0
1224,4.0,4.129293401411348,0.12929340141134826,77.63711773997659,77.52017546384884,409.7913733352215,0.0
1225,4.0,4.129451800443338,0.12945180044333782,77.63278951272424,77.5201988072971,409.82297394210343,0.0
1226,4.0,4.129610880458885,0.12961088045888491,77.62853527867398,77.52019966286029,409.8547104052051,0.0
1227,4.0,4.129771809488076,0.12977180948807643,77.62437298087971,77.52021081174667,409.8868157465288,0.0
1228,4.0,4.129925910734435,0.1299259107344346,77.62029906642698,77.52019766689062,409.91755894517723,0.0
1229,4.0,4.130074571087552,0.13007457108755194,77.61631721149548,77.52019953980549,409.94721668562414,0.0
1230,4.0,4.130221659669378,0.13022165966937838,77.61245770686635,77.5201989076916,409.97656085769853,0.0
1231,4.0,4.130369620491451,0.13036962049145107,77.60868848354242,77.52018038428288,410.00607904170204,0.0
1232,4.0,4.130510823687082,0.13051082368708222,77.60499558377165,77.52017808205055,410.03424907923045,0.0
1233,4.0,4.13064986111078,0.13064986111078003,77.60138601331658,77.5201668223994,410.06198704525815,0.0
1234,4.0,4.130790437987753,0.13079043798775292,77.59786287852053,77.52016799768018,410.0900321322143,0.0
1235,4.0,4.130925407711097,0.13092540771109729,77.5944095695174,77.5201683067712,410.1169585920215,0.0
1236,4.0,4.131058737764718,0.1310587377647181,77.59103174561851,77.52018102194256,410.1435579377188,0.0
1237,4.0,4.131192211852593,0.13119221185259278,77.58773453965941,77.52018977987194,410.1701860182498,0.0
1238,4.0,4.131322976317264,0.1313229763172643,77.58451502504948,77.5201976167073,410.1962735289518,0.0
1239,4.0,4.131452845104527,0.13145284510452715,77.5813739234111,77.52015498484405,410.22218235201075,0.0
1240,4.0,4.131580190324775,0.13158019032477508,77.57829390728176,77.5201372288274,410.2475877234502,0.0
1241,4.0,4.131703265948348,0.1317032659483477,77.57528707833916,77.52015187197672,410.27214131035294,0.0
1242,4.0,4.131823659109636,0.131823659109636,77.57236963565036,77.52017357668487,410.2961597460299,0.0
1243,4.0,4.131947497393987,0.1319474973939867,77.56950941392243,77.52018823983997,410.3208654837579,0.0
1244,4.0,4.132068141160452,0.13206814116045162,77.56672283241416,77.52020553766592,410.34493391516764,0.0
1245,4.0,4.13218247782801,0.1321824778280103,77.56401325970441,77.52022217241198,410.3677440803456,0.0
1246,4.0,4.132293762663405,0.1322937626634051,77.56137233464568,77.52022356268998,410.38994540500687,0.0
1247,4.0,4.132409166128736,0.13240916612873566,77.55879424240594,77.52020837895702,410.4129683963403,0.0
1248,4.0,4.132527404674254,0.13252740467425372,77.55628355079436,77.52019909211708,410.4365569861712,0.0
1249,4.0,4.132635732059837,0.13263573205983725,77.55383853726131,77.5201869717034,410.45816829959506,0.0
1250,4.0,4.132741571727969,0.1327415717279692,77.55145196456236,77.52017856630316,410.4792833133874,0.0
1251,4.0,4.13284709546236,0.13284709546235973,77.5491271003645,77.52017641937518,410.50033529839834,0.0
1252,4.0,4.132947119586255,0.13294711958625527,77.54687563939781,77.52017986883592,410.52029011111546,0.0
1253,4.0,4.13305113906194,0.13305113906193977,77.54468721857037,77.52016502982725,410.54104199651454,0.0
1254,4.0,4.133156770355483,0.133156770355483,77.54254758067563,77.52017187217986,410.5621154395764,0.0
1255,4.0,4.133260410512441,0.13326041051244086,77.54046534130069,77.52018451191688,410.58279165088953,0.0
1256,4.0,4.133358908247762,0.13335890824776175,77.5384597391625,77.52018127246401,410.602441949086,0.0
1257,4.0,4.133453454552152,0.13345345455215174,77.53651506510778,77.5201841877487,410.62130393681184,0.0
1258,4.0,4.13355095091788,0.13355095091788005,77.53461647485534,77.52016946561399,410.64075446177463,0.0
1259,4.0,4.133639446011462,0.13363944601146205,77.53277218975161,77.52018469191239,410.6584092329442,0.0
1260,4.0,4.1337307597076265,0.1337307597076265,77.53098142788987,77.52019553150795,410.67662631532903,0.0
1261,4.0,4.13382483811461,0.13382483811461032,77.52926513261728,77.52019400041452,410.6953949575223,0.0
1262,4.0,4.133914499937948,0.1339144999379478,77.52759021905688,77.52017676753064,410.71328249127816,0.0
1263,4.0,4.134001977488309,0.13400197748830944,77.52597295004173,77.52016614457183,410.7307342625753,0.0
1264,4.0,4.134089212293665,0.13408921229366477,77.52439518117957,77.52017738947158,410.74813760624363,0.0
1265,4.0,4.134170668457293,0.1341706684572932,77.52287767220578,77.52017663317551,410.7643881108875,0.0
1266,4.0,4.134249508447417,0.13424950844741712,77.52139765283282,77.5201812130469,410.78011668891725,0.0
1267,4.0,4.134325660815504,0.13432566081550412,77.51997472703401,77.52018660866369,410.79530908635064,0.0
1268,4.0,4.134403072915831,0.13440307291583142,77.51859964893276,77.5201937777185,410.81075280036595,0.0
1269,4.0,4.134481452565992,0.13448145256599187,77.51727623443995,77.52019460206338,410.82638954057296,0.0
1270,4.0,4.134558006767646,0.13455800676764618,77.51599373717649,77.52018784865552,410.841662103803,0.0
1271,4.0,4.134634498005816,0.13463449800581628,77.51476228931287,77.52018139247379,410.85692210581794,0.0
1272,4.0,4.134706808806292,0.1347068088062917,77.51359265098912,77.52017831702584,410.87134811051277,0.0
1273,4.0,4.1347772944745245,0.13477729447452447,77.51249048151776,77.52016975406966,410.88541000132517,0.0
1274,4.0,4.1348460772352915,0.13484607723529152,77.5114202721469,77.52016227145587,410.89913216209817,0.0
1275,4.0,4.134907290806802,0.13490729080680186,77.51040231283716,77.52015506576106,410.9113442696145,0.0
1276,4.0,4.134970926619598,0.13497092661959798,77.50941868703092,77.52016357468835,410.9240396142673,0.0
1277,4.0,4.1350329454423616,0.13503294544236155,77.50848532757522,77.52018025788934,410.9364123694087,0.0
1278,4.0,4.135091021473556,0.13509102147355634,77.50758604644366,77.52019892909198,410.9479985376321,0.0
1279,4.0,4.1351476267105225,0.1351476267105225,77.50672764232469,77.5202061740028,410.9592912824068,0.0
1280,4.0,4.135199284836702,0.13519928483670185,77.50588892366054,77.5202195837304,410.96959707857957,0.0
1281,4.0,4.13525193953206,0.13525193953206038,77.50509132459302,77.52021292864855,410.9801016903036,0.0
1282,4.0,4.135299351223595,0.13529935122359493,77.50432891379069,77.52019833518489,410.9895603227647,0.0
1283,4.0,4.135351012020045,0.1353510120200454,77.50360311496252,77.52020413898586,410.9998666516566,0.0
1284,4.0,4.135404405919719,0.13540440591971858,77.50290794912321,77.52018780423916,411.01051873464144,0.0
1285,4.0,4.135455041862374,0.13545504186237434,77.5022346009109,77.52016243968994,411.02062060520126,0.0
1286,4.0,4.135506967580386,0.13550696758038594,77.50160019203096,77.52014879955269,411.0309797859445,0.0
1287,4.0,4.1355574407798015,0.13555744077980147,77.5009896988068,77.5201542246963,411.0410491892279,0.0
1288,4.0,4.135603516604474,0.13560351660447356,77.500418457896,77.52016233513814,411.05024131625004,0.0
1289,4.0,4.135650158870799,0.13565015887079923,77.49987646230733,77.52018482583345,411.059546448382,0.0
1290,4.0,4.135694740827335,0.13569474082733457,77.49935316387625,77.52020684315539,411.0684405487108,0.0
1291,4.0,4.135736484546018,0.13573648454601805,77.49886977977042,77.52021985750378,411.07676842058817,0.0
1292,4.0,4.135777458651316,0.13577745865131607,77.49841078838965,77.52021103119655,411.0849427545951,0.0
1293,4.0,4.135819850591491,0.13581985059149115,77.49796508415349,77.52020267975834,411.09339994666004,0.0
1294,4.0,4.135857748403506,0.13585774840350595,77.49755379307393,77.52019945060147,411.100960560157,0.0
1295,4.0,4.135892302725535,0.13589230272553543,77.49717195464534,77.52019567538359,411.1078541474019,0.0
1296,4.0,4.135929507069646,0.1359295070696458,77.49682015735424,77.52019352882787,411.1152764140519,0.0
1297,4.0,4.135964926063316,0.13596492606331623,77.49648853743204,77.52019379403674,411.1223425032892,0.0
1298,4.0,4.135997657848836,0.13599765784883644,77.49617074967048,77.5201914129686,411.1288724945004,0.0
1299,4.0,4.136029759627163,0.13602975962716268,77.4958680915531,77.52019058758697,411.13527679927654,0.0
1300,4.0,4.136061230497914,0.13606123049791385,77.49560382146807,77.5201908591801,411.1415552379914,0.0
1301,4.0,4.136090652710771,0.13609065271077103,77.49535137771748,77.52018120817834,411.1474249694564,0.0
1302,4.0,4.136121368775648,0.1361213687756484,77.49512117906046,77.5201753833832,411.1535528243994,0.0
1303,4.0,4.136150384859227,0.13615038485922693,77.494916194232,77.52016706774292,411.15934153307336,0.0
1304,4.0,4.13618053801043,0.1361805380104304,77.49472975068569,77.52016465693963,411.1653570867384,0.0
1305,4.0,4.136210147295263,0.13621014729526326,77.49455349954215,77.52017255258548,411.1712641390626,0.0
1306,4.0,4.136234201247111,0.1362342012471114,77.4944149298491,77.52019648894645,411.1760629024563,0.0
1307,4.0,4.136262615375061,0.13626261537506057,77.4942677151532,77.52021493953093,411.1817315209821,0.0
1308,4.0,4.1362896174965815,0.13628961749658153,77.49414695667106,77.52022195171389,411.1871184442256,0.0
1309,4.0,4.1363140623543915,0.13631406235439147,77.49404090937381,77.52021864159691,411.19199519335865,0.0
1310,4.0,4.136336458083042,0.13633645808304173,77.49396661346991,77.52020741716765,411.1964631412244,0.0
1311,4.0,4.136359489553529,0.13635948955352895,77.49390032815586,77.52018781322067,411.2010579195866,0.0
1312,4.0,4.136381213471282,0.13638121347128163,77.49385854017962,77.52016721165639,411.20539184117825,0.0
1313,4.0,4.136402738359935,0.13640273835993533,77.49382048137122,77.5201650283779,411.20968605646465,0.0
1314,4.0,4.136423968006197,0.13642396800619672,77.49381451414011,77.52015290796442,411.2139213708938,0.0
1315,4.0,4.136443611317481,0.13644361131748095,77.49381170617148,77.5201501882088,411.217840211495,0.0
1316,4.0,4.136460641495386,0.13646064149538617,77.49381801393014,77.52015283004064,411.2212377319871,0.0
1317,4.0,4.136482901653987,0.13648290165398702,77.49383258032437,77.52017063666398,411.225678633628,0.0
1318,4.0,4.136498481935129,0.1364984819351287,77.49387269041218,77.52018350525162,411.2287868997157,0.0
1319,4.0,4.136514288844005,0.13651428884400474,77.49392183422215,77.52018292848508,411.23194037803654,0.0
1320,4.0,4.136532913894036,0.13653291389403588,77.49397794083912,77.52017308712172,411.23565607551774,0.0
1321,4.0,4.136547451246155,0.1365474512461553,77.49404422790452,77.52016803115654,411.2385562772655,0.0
1322,4.0,4.136561159907634,0.13656115990763418,77.49411431580285,77.52017635725987,411.24129115523056,0.0
1323,4.0,4.136576286025631,0.13657628602563143,77.49420640190604,77.52018344420442,411.24430881577103,0.0
1324,4.0,4.1365922672561295,0.1365922672561295,77.49431494017419,77.52020749277304,411.2474970712554,0.0
1325,4.0,4.136605277286591,0.13660527728659133,77.49442124964466,77.5202092267724,411.2500925723325,0.0
1326,4.0,4.136616717929194,0.1366167179291944,77.4945393223803,77.52020042564119,411.25237498053184,0.0
1327,4.0,4.136630980535533,0.13663098053553302,77.4946568157847,77.52019741860019,411.2552203704964,0.0
1328,4.0,4.136643025393866,0.13664302539386597,77.49479842602747,77.52019288581504,411.2576233197338,0.0
1329,4.0,4.136653228745885,0.13665322874588526,77.49494341049007,77.52019979299826,411.2596588884617,0.0
1330,4.0,4.136661353870154,0.13666135387015377,77.49510325860253,77.52018563946099,411.2612798507532,0.0
1331,4.0,4.136671492806089,0.13667149280608903,77.4952718570544,77.5201784756569,411.2633025684723,0.0
1332,4.0,4.136677614626174,0.13667761462617367,77.49545346417726,77.52017070094936,411.26452387157923,0.0
1333,4.0,4.136682546146345,0.13668254614634456,77.49563361232566,77.52015726431507,411.2655077098533,0.0
1334,4.0,4.136690044639482,0.1366900446394821,77.49582604949431,77.52015807465357,411.26700365923426,0.0
1335,4.0,4.136696328925254,0.13669632892525385,77.49602204021451,77.52015867638421,411.2682573742457,0.0
1336,4.0,4.136701736107362,0.13670173610736214,77.49621703303222,77.52016918659412,411.2693361070763,0.0
1337,4.0,4.13670795749134,0.1367079574913399,77.49642831000995,77.5201913407488,411.27057727317987,0.0
1338,4.0,4.136715584918708,0.13671558491870783,77.49663067448506,77.52021474846134,411.2720989449397,0.0
1339,4.0,4.136719130327804,0.13671913032780392,77.49683191092288,77.52020692037996,411.27280625405444,0.0
1340,4.0,4.136723874034602,0.13672387403460196,77.49704099097379,77.5201963353428,411.27375262356065,0.0
1341,4.0,4.136730058279245,0.13673005827924456,77.49727039003592,77.52018966980702,411.27498638036684,0.0
1342,4.0,4.136735044531108,0.1367350445311084,77.49750065323165,77.5201850617849,411.2759811376137,0.0
1343,4.0,4.136737083058609,0.136737083058609,77.4977421519961,77.52018127166929,411.27638782385003,0.0
1344,4.0,4.13674111675511,0.13674111675511025,77.4979720008883,77.52017801464332,411.27719254630205,0.0
1345,4.0,4.136746861488246,0.13674686148824566,77.49820797158367,77.52017656981833,411.2783386205626,0.0
1346,4.0,4.1367455631191365,0.13674556311913655,77.4984480783111,77.52251919913915,411.2780795959253,0.0
1347,4.0,4.136730823500188,0.13673082350018806,77.49867939703778,77.52683669967257,411.27513904194507,0.0
1348,4.0,4.136714864567639,0.13671486456763926,77.49892692100867,77.53012760057965,411.2719552349016,0.0
1349,4.0,4.136709300312539,0.13670930031253903,77.49916893452671,77.53320594543952,411.27084516600905,0.0
1350,4.0,4.136692878423051,0.13669287842305078,77.49940355643187,77.54061049262695,411.26756899905615,0.0
1351,4.0,4.136667403118172,0.13666740311817183,77.49964014420938,77.54703131506325,411.2624866757328,0.0
1352,4.0,4.136649641778064,0.13664964177806382,77.49987164646122,77.5509892806467,411.25894328838126,0.0
1353,4.0,4.136650025801243,0.1366500258012433,77.50008189965224,77.55556656282826,411.2590199010056,0.0
1354,4.0,4.136639826869866,0.13663982686986564,77.50030617518925,77.56026124303735,411.25698521419577,0.0
1355,4.0,4.136625664392902,0.13662566439290202,77.50049847498673,77.56167915901786,411.2541598000415,0.0
1356,4.0,4.1366272194421745,0.13662721944217449,77.50070670887794,77.56298473742189,411.2544700323714,0.0
1357,4.0,4.1366239608417565,0.13662396084175654,77.50090387283565,77.56666575651477,411.25381994158795,0.0
1358,4.0,4.136613369374366,0.1366133693743663,77.50108902832083,77.56917647763109,411.25170694384366,0.0
1359,4.0,4.136602499236621,0.13660249923662082,77.50127276607479,77.57064621472266,411.2495383513634,0.0
1360,4.0,4.13661060707137,0.13661060707137018,77.50145616656506,77.57276273237339,411.2511558643959,0.0
1361,4.0,4.136604069053235,0.1366040690532353,77.50162679762168,77.57770492914467,411.249851529778,0.0
1362,4.0,4.1365910763611025,0.13659107636110246,77.50181212627392,77.5805972936118,411.2472594876975,0.0
1363,4.0,4.136594135550149,0.13659413555014943,77.50198720049983,77.58325211753375,411.2478697959124,0.0
1364,4.0,4.13659602672335,0.1365960267233497,77.50215759923927,77.58956576017734,411.24824708496584,0.0
1365,4.0,4.136585536695812,0.13658553669581242,77.50232425929497,77.59431455159705,411.2461543244721,0.0
1366,4.0,4.136588645063703,0.1365886450637026,77.50248816707759,77.59714313668414,411.24677444386623,0.0
1367,4.0,4.136599691502311,0.13659969150231088,77.50265393476208,77.60094411744466,411.24897820836856,0.0
1368,4.0,4.136591214224516,0.1365912142245156,77.50282189359443,77.60584476081038,411.2472869914484,0.0
1369,4.0,4.136579771720827,0.13657977172082703,77.50298876431539,77.60825654641992,411.24500421196257,0.0
1370,4.0,4.136587598978131,0.13658759897813066,77.50315501026833,77.608896004162,411.2465657497946,0.0
1371,4.0,4.136587875997431,0.1365878759974306,77.50332743276847,77.61369357393927,411.24662101514497,0.0
1372,4.0,4.1365762047906225,0.1365762047906225,77.50349921251376,77.61722623942975,411.2442926093868,0.0
1373,4.0,4.136569438174378,0.13656943817437828,77.50367330131301,77.61899086341651,411.24294266944605,0.0
1374,4.0,4.136575844972857,0.13657584497285669,77.50382715191205,77.61974190609311,411.2442208257425,0.0
1375,4.0,4.136570597009281,0.13657059700928098,77.50399353657875,77.62066217594108,411.24317385700914,0.0
1376,4.0,4.136559228540981,0.1365592285409809,77.50415591182266,77.62012214566131,411.24090584758324,0.0
1377,4.0,4.136560890668478,0.13656089066847787,77.50431068318879,77.61911537410926,411.24123744201887,0.0
1378,4.0,4.136571094113399,0.13657109411339885,77.50446892483721,77.61692385086388,411.24327302928066,0.0
1379,4.0,4.136577018577796,0.13657701857779614,77.50461189211607,77.61476276391285,411.24445495992785,0.0
1380,4.0,4.136582778417439,0.1365827784174387,77.50477205290449,77.61325444484254,411.2456040479366,0.0
1381,4.0,4.1365889549182295,0.13658895491822953,77.50492274657043,77.61260474806839,411.2468362598444,0.0
1382,4.0,4.136595780035322,0.13659578003532236,77.50508369606756,77.61278275781478,411.24819787070436,0.0
1383,4.0,4.136597676794771,0.13659767679477142,77.50526726808248,77.61357710436614,411.2485762742145,0.0
1384,4.0,4.136601596845091,0.13660159684509132,77.50543450957828,77.6147221263488,411.2493583242533,0.0
1385,4.0,4.136613319358528,0.13661331935852772,77.50559333352668,77.6158968632375,411.25169696568383,0.0
1386,4.0,4.136620678488823,0.1366206784888231,77.5057691742204,77.6168625222634,411.2531651121778,0.0
1387,4.0,4.136627127975884,0.13662712797588394,77.50596371774209,77.61745345852205,411.25445178484637,0.0
1388,4.0,4.136635025383771,0.1366350253837707,77.50614275104736,77.61763453832756,411.2560273177198,0.0
1389,4.0,4.136646461371257,0.13664646137125658,77.50633349873824,77.61744620636631,411.25830879722326,0.0
1390,4.0,4.136654732402162,0.13665473240216208,77.50651880934811,77.61698898450612,411.2599588678889,0.0
1391,4.0,4.136662895952027,0.13666289595202663,77.50671277264664,77.61643185939832,411.26158749608686,0.0
1392,4.0,4.1366715247859105,0.1366715247859105,77.50692789554145,77.61586833987226,411.2633089484467,0.0
1393,4.0,4.136678455200433,0.13667845520043276,77.50713500258433,77.61542198689433,411.2646915661439,0.0
1394,4.0,4.1366861876515975,0.13668618765159746,77.50735695957945,77.61515088017194,411.2662341901513,0.0
1395,4.0,4.136695401035447,0.13669540103544708,77.50757606644609,77.61508800149389,411.26807226022925,0.0
1396,4.0,4.136702653773808,0.13670265377380808,77.5078086697869,77.61519275826537,411.26951918153225,0.0
1397,4.0,4.136708295254618,0.1367082952546177,77.50804158396694,77.61542113946741,411.2706446569538,0.0
1398,4.0,4.136713165050764,0.13671316505076359,77.50828231679364,77.61571342261809,411.2716161812849,0.0
1399,4.0,4.136723308331612,0.13672330833161173,77.5085238340454,77.61597293239689,411.2736397658141,0.0
1400,4.0,4.136730202353784,0.1367302023537844,77.50876979482022,77.61617897269498,411.27501512323755,0.0
1401,4.0,4.136732976598343,0.13673297659834294,77.50902987089425,77.61629685036884,411.275568585027,0.0
1402,4.0,4.136738361251044,0.13673836125104444,77.50928751230076,77.61630127792883,411.27664282324093,0.0
1403,4.0,4.136740621489617,0.13674062148961674,77.50954725915008,77.61622752147629,411.2770937408361,0.0
1404,4.0,4.136744531041399,0.1367445310413986,77.50980930006875,77.61610660822417,411.2778736964166,0.0
1405,4.0,4.1367479552483815,0.13674795524838146,77.51008043437706,77.6159657480671,411.2785568257097,0.0
1406,4.0,4.1367492668851815,0.13674926688518152,77.510357954158,77.61583476231615,411.2788184972512,0.0
1407,4.0,4.136748870330126,0.13674887033012606,77.51064092242704,77.61576162594923,411.2787393845177,0.0
1408,4.0,4.136750353210536,0.13675035321053564,77.5109152333514,77.61571782159095,411.27903521915937,0.0
1409,4.0,4.136755709704221,0.13675570970422068,77.51120659613785,77.61571509862571,411.2801038396496,0.0
1410,4.0,4.1367558987203985,0.1367558987203985,77.51150514987958,77.6157621349551,411.28014154837706,0.0
1411,4.0,4.136756096282087,0.1367560962820873,77.5117935842862,77.6158341330127,411.280180961934,0.0
1412,4.0,4.1367616645458405,0.1367616645458405,77.51208429723886,77.61589805881039,411.28129183055273,0.0
1413,4.0,4.136765151061772,0.13676515106177156,77.51238081880715,77.61595511368061,411.281987390481,0.0
1414,4.0,4.13676903869999,0.13676903869999002,77.51268310272532,77.61599099199887,411.28276297430557,0.0
1415,4.0,4.136774433007544,0.13677443300754444,77.51298485366316,77.61600081513046,411.2838391386627,0.0
1416,4.0,4.136778115615822,0.13677811561582232,77.51329191177298,77.61598637577835,411.2845738190141,0.0
1417,4.0,4.136778756794428,0.13677875679442764,77.51359693003228,77.61595585104472,411.28470173414587,0.0
1418,4.0,4.136783046139007,0.13678304613900671,77.51390143639155,77.61592031471967,411.28555745838935,0.0
1419,4.0,4.136786723305195,0.13678672330519515,77.51419956957174,77.61588763318981,411.286291053044,0.0
1420,4.0,4.136790455837201,0.13679045583720129,77.51447695405776,77.61587405685688,411.28703569317923,0.0
1421,4.0,4.13679491799696,0.1367949179969603,77.51475892470756,77.61586631933189,411.28792589405117,0.0
1422,4.0,4.136801285424591,0.1368012854245908,77.5150471051208,77.61586331626846,411.2891961958634,0.0
1423,4.0,4.13680342062216,0.13680342062215978,77.51532786115042,77.61587842317734,411.2896221677785,0.0
1424,4.0,4.1368074989165295,0.13680749891652955,77.51561826776165,77.6158934596451,411.2904357875052,0.0
1425,4.0,4.136813453980815,0.1368134539808148,77.51591168310722,77.6159106151767,411.2916238228301,0.0
1426,4.0,4.136813175258626,0.13681317525862635,77.51620737812448,77.61591205880723,411.29156821775354,0.0
1427,4.0,4.136813225786344,0.13681322578634436,77.51650354299223,77.61593043929355,411.29157829803324,0.0
1428,4.0,4.136813272755378,0.13681327275537836,77.5168022642989,77.61593888619669,411.29158766835553,0.0
1429,4.0,4.136698292415627,0.1366982924156268,77.51931207500145,77.61594641456799,411.2686490905751,0.0
1430,4.0,4.136502648444841,0.13650264844484106,77.52341507339283,77.61594623903754,411.2296181184033,0.0
1431,4.0,4.136293632582618,0.13629363258261762,77.52786039516933,77.61594055197612,411.1879194538898,0.0
1432,4.0,4.135945119997819,0.13594511999781922,77.53490456580965,77.61592437525543,411.11839119322246,0.0
1433,4.0,4.1353506168877425,0.13535061688774253,77.54664053162072,77.61591444795695,410.9997878227622,0.0
1434,4.0,4.134736114606053,0.13473611460605284,77.55887125918122,77.61590010968801,410.8771946175651,0.0
1435,4.0,4.133998968969679,0.13399896896967878,77.57328401295557,77.61588897114791,410.73013406310844,0.0
1436,4.0,4.132971363901664,0.13297136390166386,77.5927891578771,77.61588923936529,410.5251268520395,0.0
1437,4.0,4.1319424668880895,0.13194246688808953,77.61225847628755,77.61588450379219,410.3198618978314,0.0
1438,4.0,4.130903553423738,0.13090355342373794,77.63183430969943,77.61588681650402,410.11259866169326,0.0
1439,4.0,4.129632608559805,0.12963260855980518,77.6552209854414,77.6158959518377,409.8590451613387,0.0
1440,4.0,4.128223779337434,0.1282237793374339,77.68104523894016,77.61590110337897,409.5779837314756,0.0
1441,4.0,4.126820880525574,0.12682088052557372,77.70651423031357,77.6159116089528,409.2981054185095,0.0
1442,4.0,4.1252739466323565,0.12527394663235647,77.73436004285281,77.61593069291051,408.98949210681263,0.0
1443,4.0,4.12354806666238,0.12354806666238005,77.76517504120542,77.6159363249917,408.6451790528024,0.0
1444,4.0,4.1217719439433615,0.12177194394336155,77.79676257364285,77.61594682623432,408.2908425703582,0.0
1445,4.0,4.119995160752544,0.11999516075254402,77.82807649326952,77.61593806394964,407.93637432379006,0.0
1446,4.0,4.117994031461818,0.11799403146181842,77.86316227923218,77.6159203135713,407.5371490302903,0.0
1447,4.0,4.11585725997073,0.11585725997073038,77.90040229495524,77.615901274022,407.11086311781827,0.0
1448,4.0,4.113749017742988,0.11374901774298785,77.93692016434129,77.61588494738491,406.6902687933836,0.0
1449,4.0,4.111532462122421,0.11153246212242074,77.97510666092826,77.61587207295092,406.24806594708053,0.0
1450,4.0,4.109132967573072,0.10913296757307211,78.01622328146267,77.61588075392162,405.76936678448544,0.0
1451,4.0,4.106695127778871,0.10669512777887125,78.05775333671757,77.61587701660325,405.28301774554234,0.0
1452,4.0,4.104209192387446,0.10420919238744641,78.09989472499038,77.6158825426249,404.7870736349531,0.0
1453,4.0,4.1015988648494766,0.10159886484947656,78.14383953523874,77.61589543699526,404.26631329112814,0.0
1454,4.0,4.098866636969714,0.09886663696971443,78.18968693210054,77.6159046098724,403.7212338291156,0.0
1455,4.0,4.096178254911776,0.09617825491177623,78.23436495750329,77.61592116149913,403.1849016085569,0.0
1456,4.0,4.093412449997984,0.0934124499979836,78.2800521679102,77.61592552085142,402.6331235282553,0.0
1457,4.0,4.090589089286919,0.09058908928691878,78.32612687476093,77.61593590174357,402.06986306639783,0.0
1458,4.0,4.087813264502983,0.08781326450298277,78.37081550482318,77.61593213580488,401.51608602200264,0.0
1459,4.0,4.0850868867940955,0.08508688679409548,78.41405597688802,77.61592255093423,400.9721736690796,0.0
1460,4.0,4.082369258578854,0.08236925857885424,78.45643772930846,77.61592447890185,400.43000684013896,0.0
1461,4.0,4.079743683877941,0.07974368387794062,78.49649525445108,77.61592757437295,399.90620468730674,0.0
1462,4.0,4.077185217906744,0.07718521790674426,78.53465651895473,77.6159250005663,399.39579072605306,0.0
1463,4.0,4.074687081852551,0.07468708185255135,78.57128938790196,77.6159174961035,398.8974125832415,0.0
1464,4.0,4.07223545192068,0.0722354519206796,78.60655561827502,77.61590172735393,398.4083124118331,0.0
1465,4.0,4.069831060914807,0.06983106091480717,78.64058942682104,77.6158931161306,397.9286364061615,0.0
1466,4.0,4.067467566584682,0.067467566584682,78.67341536781267,77.61589353435664,397.45711928730157,0.0
1467,4.0,4.06515352174471,0.06515352174471012,78.7049437190422,77.61588747075831,396.99546734172714,0.0
1468,4.0,4.062889017810564,0.06288901781056389,78.73521370422229,77.61588334122425,396.543698806865,0.0
1469,4.0,4.060676869341623,0.06067686934162264,78.7641544117396,77.61589630487624,396.1023751873112,0.0
1470,4.0,4.058516791545167,0.0585167915451672,78.79174269895339,77.6159153096574,395.67143966691833,0.0
1471,4.0,4.0564106112177925,0.05641061121779245,78.81795254294995,77.61591119372251,395.25125669160707,0.0
1472,4.0,4.0543646531953605,0.054364653195360546,78.84281271896286,77.6159220797134,394.84308806613194,0.0
1473,4.0,4.052373894146741,0.052373894146740874,78.86632803257878,77.61593052147758,394.4459316359323,0.0
1474,4.0,4.050434226417918,0.05043422641791828,78.8885060375668,77.615933242313,394.0589679240322,0.0
1475,4.0,4.048548423198561,0.0485484231985609,78.90938065809759,77.61591987242349,393.6827501817704,0.0
1476,4.0,4.0467157396502005,0.04671573965020048,78.92898412766758,77.61592204620452,393.3171298138725,0.0
1477,4.0,4.044934336777242,0.04493433677724212,78.94738718486312,77.61591008660676,392.96173994071734,0.0
1478,4.0,4.043203535135985,0.043203535135985405,78.96458892455782,77.61590698790735,392.6164450132866,0.0
1479,4.0,4.041523059573473,0.04152305957347302,78.98064860058798,77.61589989305013,392.28119013856536,0.0
1480,4.0,4.0398893652863155,0.03988936528631548,78.99555701739996,77.6159030355706,391.95526812827745,0.0
1481,4.0,4.0383075851856,0.03830758518560007,79.00937506614096,77.61590925447031,391.6397029981847,0.0
1482,4.0,4.0367692536368605,0.036769253636860455,79.02215608808893,77.61590118474129,391.3328058542112,0.0
1483,4.0,4.035277702611598,0.035277702611598016,79.0339234104098,77.61589170944802,391.0352414246713,0.0
1484,4.0,4.033830853150667,0.033830853150666584,79.04469581073641,77.61589410677281,390.7465949572155,0.0
1485,4.0,4.032427194431153,0.03242719443115316,79.05449977627188,77.61588661402277,390.4665650426725,0.0
1486,4.0,4.031067391383572,0.031067391383571952,79.06337204012836,77.61589860147365,390.19528433468014,0.0
1487,4.0,4.029746692218898,0.029746692218897586,79.07131941150605,77.6158953778176,389.93180485132757,0.0
1488,4.0,4.028466587460671,0.0284665874606711,79.07837626088472,77.61588803636073,389.67642395206144,0.0
1489,4.0,4.027228240312478,0.02722824031247839,79.08454084840824,77.61589613339086,389.42937369599696,0.0
1490,4.0,4.026032945454829,0.026032945454828926,79.08986006253639,77.61590605456426,389.1909123718959,0.0
1491,4.0,4.0248723464556875,0.024872346455687477,79.09435389043087,77.6159066602732,388.95937287156715,0.0
1492,4.0,4.023749318403506,0.023749318403505804,79.09806054672255,77.61590913152394,388.7353287751569,0.0
1493,4.0,4.022667609527433,0.022667609527433186,79.1009977386015,77.61591776643823,388.51952785438044,0.0
1494,4.0,4.021622006544716,0.02162200654471569,79.10317851314367,77.6159092192632,388.3109300593283,0.0
1495,4.0,4.020611098485128,0.02061109848512821,79.10463681322574,77.61591284363942,388.1092539014406,0.0
1496,4.0,4.019633727968372,0.019633727968371595,79.10539141648815,77.6159109160136,387.9142684833476,0.0
1497,4.0,4.018691775433575,0.018691775433574698,79.10545261696075,77.6159142393122,387.72634895265566,0.0
1498,4.0,4.017782219912731,0.0177822199127311,79.10485889600011,77.61590723350164,387.54489262624736,0.0
1499,4.0,4.016905163191474,0.01690516319147406,79.10363175010636,77.61589383470486,387.3699198103566,0.0
1500,4.0,4.016065552147462,0.016065552147462192,79.10178620200338,77.61590355663732,387.2024174070762,0.0
1501,4.0,4.015253888959339,0.015253888959339434,79.0993277498903,77.61591159878677,387.0404906010457,0.0
1502,4.0,4.014470200311018,0.014470200311017756,79.09630686039287,77.61591190029228,386.88414471570553,0.0
1503,4.0,4.013720616793943,0.013720616793943208,79.0927119480379,77.61590872149085,386.7346028040492,0.0
1504,4.0,4.012997981714617,0.012997981714616635,79.08858458649387,77.61591434394234,386.59043710572354,0.0
1505,4.0,4.0123047535837335,0.012304753583733508,79.0839240309135,77.61592819981054,386.45213809361235,0.0
1506,4.0,4.0116404763756695,0.01164047637566945,79.07877332934976,77.61593107644558,386.31961479060357,0.0
1507,4.0,4.011004541578031,0.011004541578031102,79.07316146509226,77.61591724670689,386.19274579847473,0.0
1508,4.0,4.0103958949103635,0.010395894910363523,79.06708857747337,77.61590727603692,386.07132078827505,0.0
1509,4.0,4.009810711238971,0.009810711238970704,79.0605615033098,77.61588887139992,385.95457664583216,0.0
1510,4.0,4.009254188326499,0.009254188326498713,79.05359413029308,77.61589444493347,385.84355032479397,0.0
1511,4.0,4.008727750355423,0.008727750355422614,79.04621315375823,77.61589440406658,385.73852594956435,0.0
1512,4.0,4.008222659492994,0.008222659492994389,79.03841956964129,77.61589830798981,385.6377603225099,0.0
1513,4.0,4.007743459482121,0.007743459482121295,79.03024367748208,77.61589156676821,385.5421599203407,0.0
1514,4.0,4.007290727053917,0.007290727053916868,79.02168783368866,77.6158968218333,385.45183980091394,0.0
1515,4.0,4.006860506455647,0.006860506455646842,79.01277524637011,77.61588841212586,385.36601079155906,0.0
1516,4.0,4.006451919563158,0.00645191956315827,79.0035232666313,77.61587964368013,385.2844977065076,0.0
1517,4.0,4.006066164460879,0.006066164460879264,78.99394945233807,77.61588966724334,385.20753956360295,0.0
1518,4.0,4.005703665219325,0.005703665219325416,78.98407636749025,77.61589866925192,385.13522096491295,0.0
1519,4.0,4.005359394140938,0.005359394140938001,78.9739140897367,77.61591255870306,385.0665388847746,0.0
1520,4.0,4.00503669038766,0.005036690387660414,78.9634894287748,77.615914426962,385.0021594859958,0.0
1521,4.0,4.004734842582322,0.004734842582322152,78.952795939294,77.61590851250332,384.94194084883077,0.0
1522,4.0,4.004450214720365,0.004450214720365331,78.94185739428492,77.6159168424745,384.8851575903704,0.0
1523,4.0,4.0041882008248315,0.004188200824831512,78.93065672602467,77.61591775953998,384.8328858182114,0.0
1524,4.0,4.003940019010076,0.0039400190100762345,78.91922997320617,77.61590779177665,384.7833735461677,0.0
1525,4.0,4.00370828841519,0.0037082884151899975,78.9075873334505,77.61590401855528,384.7371432924879,0.0
1526,4.0,4.003497902021672,0.0034979020216718837,78.89573539511815,77.61590202287685,384.69517120698106,0.0
1527,4.0,4.003302388737312,0.0033023887373122562,78.88368519194815,77.61590566992247,384.6561663067513,0.0
1528,4.0,4.003127130943801,0.0031271309438007933,78.87146800488833,77.61591361025324,384.62120237694575,0.0
1529,4.0,4.002964919029833,0.0029649190298330907,78.85910938474886,77.61591500060244,384.5888411001092,0.0
1530,4.0,4.002819417442647,0.002819417442647243,78.8465715618325,77.61590583158042,384.5598135334657,0.0
1531,4.0,4.00268972678936,0.0026897267893604138,78.83388611104701,77.61590465129055,384.5339402481349,0.0
1532,4.0,4.00257536037197,0.002575360371969815,78.82105589067645,77.6158966158257,384.51112414786553,0.0
1533,4.0,4.002474580239739,0.0024745802397392325,78.80810839344045,77.61588726951246,384.4910185114855,0.0
1534,4.0,4.002388584842861,0.0023885848428610856,78.79502701079495,77.6158913994043,384.47386242980826,0.0
1535,4.0,4.002316542689225,0.0023165426892246543,78.78183510869513,77.6158893865439,384.45949002015783,0.0
1536,4.0,4.002258932932476,0.002258932932475588,78.76855770181321,77.61588803299875,384.44799687368635,0.0
1537,4.0,4.002213305377764,0.0022133053777642075,78.75520196886384,77.61590113433599,384.43889417652144,0.0
1538,4.0,4.0021803702067755,0.002180370206775528,78.74176777993064,77.6159067364578,384.43232360990925,0.0
1539,4.0,4.0021590056516985,0.0021590056516984646,78.728249876683,77.61590959109085,384.42806138117135,0.0
1540,4.0,4.002151079612886,0.0021510796128856313,78.71465967635326,77.61592060931247,384.4264801364282,0.0
1541,4.0,4.002155170731927,0.0021551707319273916,78.70102363066735,77.61593316478248,384.42729631467705,0.0
1542,4.0,4.002171000567035,0.0021710005670350085,78.68732479194736,77.61593275712632,384.430454366781,0.0
1543,4.0,4.0021955928515665,0.0021955928515664525,78.6735945782525,77.61593147992724,384.435360527545,0.0
1544,4.0,4.002227827180845,0.002227827180845132,78.65985373362521,77.61592360134152,384.44179127623613,0.0
1545,4.0,4.002271517292336,0.0022715172923364335,78.64608015160918,77.61590996839193,384.4505074534786,0.0
1546,4.0,4.002325202732485,0.0023252027324849323,78.63226747442697,77.61590947715908,384.46121769878823,0.0
1547,4.0,4.002388654499163,0.0023886544991631453,78.61845504607952,77.6159101392148,384.4738763262406,0.0
1548,4.0,4.002462722197147,0.002462722197146938,78.60462971333325,77.6159077376265,384.48865283198836,0.0
1549,4.0,4.002542848652919,0.00254284865291865,78.5908133048294,77.61590701182327,384.5046380599148,0.0
1550,4.0,4.0026329330915775,0.0026329330915775273,78.57697865598251,77.61589986996083,384.5226099054272,0.0
1551,4.0,4.002731644432001,0.0027316444320009126,78.56318802119723,77.61590177132113,384.5423028178417,0.0
1552,4.0,4.002837315903316,0.002837315903316373,78.54941930145796,77.61590915739309,384.56338427636916,0.0
1553,4.0,4.002950092766927,0.002950092766926815,78.53566457085566,77.6159122674826,384.5858832606594,0.0
1554,4.0,4.003067283288506,0.0030672832885061396,78.52195359807716,77.61590644905705,384.60926276971446,0.0
1555,4.0,4.003195310343985,0.003195310343985014,78.5082473508137,77.61589894826534,384.63480416728254,0.0
1556,4.0,4.003327964007843,0.003327964007842965,78.49458981973474,77.6158960310805,384.6612685732222,0.0
1557,4.0,4.003467912594768,0.0034679125947683076,78.48096684768205,77.61590240491688,384.6891883163138,0.0
1558,4.0,4.003613782859505,0.003613782859504866,78.46739727336583,77.61591077397847,384.71828943412874,0.0
1559,4.0,4.003764216373407,0.003764216373406626,78.45391634460881,77.61591139178168,384.74830092015213,0.0
1560,4.0,4.003920573514675,0.0039205735146747855,78.440491872907,77.61591067552772,384.7794941698352,0.0
1561,4.0,4.00408308629287,0.004083086292870242,78.42710822029365,77.615897104477,384.8119154690851,0.0
1562,4.0,4.004251556119403,0.004251556119402977,78.41378648031954,77.6159004897114,384.8455251994784,0.0
1563,4.0,4.004424358789259,0.004424358789258953,78.40053707011835,77.61590411165353,384.87999933211466,0.0
1564,4.0,4.004605064600754,0.004605064600753828,78.38734500569801,77.61590973454598,384.91605014150787,0.0
1565,4.0,4.004789597125849,0.004789597125848921,78.37423441035489,77.615905864819,384.9528643802644,0.0
1566,4.0,4.004978609220991,0.004978609220991359,78.36122425453023,77.61591385518291,384.9905722932453,0.0
1567,4.0,4.00516945192727,0.005169451927270252,78.34830038172744,77.61591486714582,385.02864541314796,0.0
1568,4.0,4.005364699751785,0.005364699751784663,78.33547416138661,77.61591113532873,385.0675973541385,0.0
1569,4.0,4.005564091555524,0.005564091555523731,78.32272929985747,77.6159179393115,385.1073760189845,0.0
1570,4.0,4.005767482452936,0.0057674824529359014,78.31006180039117,77.61590488623303,385.14795250301825,0.0
1571,4.0,4.005973899565792,0.0059738995657916405,78.29749241827317,77.61589718076807,385.189132717033,0.0
1572,4.0,4.006183428700587,0.006183428700587079,78.28501606214404,77.61590988759967,385.2309337794246,0.0
1573,4.0,4.006394832269756,0.006394832269755568,78.2726415002725,77.61589869248324,385.27310879147376,0.0
1574,4.0,4.006606505910352,0.006606505910352389,78.26039150274765,77.61591078006293,385.3153376827728,0.0
1575,4.0,4.006821716735483,0.00682171673548293,78.24824680560299,77.61592094089664,385.35827224238636,0.0
1576,4.0,4.0070376151659435,0.007037615165943478,78.23620993964856,77.61593352663924,385.40134397926323,0.0
1577,4.0,4.007256240311941,0.007256240311940942,78.22427878599565,77.61593041470204,385.44495969588974,0.0
1578,4.0,4.007478895097996,0.007478895097995597,78.21244848393303,77.6159227240992,385.4893793257076,0.0
1579,4.0,4.00770408380055,0.007704083800549988,78.20073453127837,77.61591616334024,385.53430447186724,0.0
1580,4.0,4.007930982373706,0.00793098237370593,78.1891324480198,77.6159108502608,385.57957073721184,0.0
1581,4.0,4.008160555492489,0.00816055549248862,78.17763540622019,77.61590299930539,385.62537057440903,0.0
1582,4.0,4.0083898467538415,0.008389846753841468,78.16626337619584,77.61589164565461,385.6711141810489,0.0
1583,4.0,4.008616908738511,0.008616908738511064,78.15504402490708,77.61589708050663,385.71641304699045,0.0
1584,4.0,4.008846736104413,0.008846736104413111,78.14393818348358,77.6159164207588,385.7622636064879,0.0
1585,4.0,4.009078816617335,0.009078816617335228,78.13294727468733,77.61590511378415,385.80856366881585,0.0
1586,4.0,4.009311540942592,0.009311540942592345,78.12206840269177,77.6159026910236,385.8549921717047,0.0
1587,4.0,4.009543479019989,0.009543479019988865,78.1113191375579,77.61589803472286,385.9012638181453,0.0
1588,4.0,4.009778242858087,0.00977824285808726,78.10068389503988,77.6158931977588,385.9480992038459,0.0
1589,4.0,4.010012515698685,0.01001251569868522,78.09017247298196,77.61589130107413,385.9948366355452,0.0
1590,4.0,4.010245476505914,0.01024547650591412,78.07978713362883,77.61588894749687,386.0413123165874,0.0
1591,4.0,4.01048175833481,0.010481758334809577,78.06951298964427,77.6158887379428,386.088450541452,0.0
1592,4.0,4.010718338683529,0.010718338683529005,78.059402024796,77.61590832646623,386.1356483210215,0.0
1593,4.0,4.010952878755035,0.01095287875503459,78.04942097470395,77.61591439063302,386.1824390652869,0.0
1594,4.0,4.011187551075207,0.011187551075207303,78.03956861764351,77.615921166514,386.22925619316135,0.0
1595,4.0,4.011422197439884,0.011422197439883597,78.02983773902203,77.61592169165584,386.27606814291426,0.0
1596,4.0,4.011657363607947,0.011657363607946891,78.02022797296243,77.61592378997149,386.3229837934429,0.0
1597,4.0,4.011891830765258,0.011891830765257794,78.01072877108247,77.61591506459933,386.3697599913265,0.0
1598,4.0,4.01212426794971,0.012124267949710443,78.00136598480891,77.61591863406447,386.4161312096247,0.0
1599,4.0,4.0123564244458745,0.012356424445874481,77.99212610957674,77.61590559583978,386.4624464306095,0.0
1600,4.0,4.012588171683532,0.012588171683532323,77.98302188819346,77.61591314677796,386.5086800045222,0.0
1601,4.0,4.012819503768808,0.01281950376880836,77.97402945307871,77.61591554719712,386.5548307555348,0.0
1602,4.0,4.013049156186043,0.013049156186043298,77.96517334900354,77.61591524132776,386.60064641277313,0.0
1603,4.0,4.013275427259612,0.013275427259611838,77.95649343963234,77.61591311572094,386.64578749195005,0.0
1604,4.0,4.013503222673719,0.013503222673718618,77.94792861456872,77.61589749551437,386.69123267706436,0.0
1605,4.0,4.013728625804986,0.013728625804986017,77.93948648815456,77.61588740711774,386.7362006017522,0.0
1606,4.0,4.013954260184438,0.013954260184437572,77.93117767186865,77.61589120260876,386.7812146604528,0.0
1607,4.0,4.014179666201289,0.014179666201289187,77.92298369780245,77.61588922323362,386.8261831608147,0.0
1608,4.0,4.014405032443163,0.014405032443162824,77.91491456857943,77.61589576124379,386.8711437260685,0.0
1609,4.0,4.014628723809503,0.014628723809503086,77.9069643654327,77.61589584151487,386.9157701536534,0.0
1610,4.0,4.014848381078158,0.014848381078158113,77.89913778758915,77.61589706977743,386.95959177875005,0.0
1611,4.0,4.0150660400057365,0.015066040005736525,77.89143292171126,77.61589356365255,387.003014734802,0.0
1612,4.0,4.015283247470913,0.015283247470913253,77.88385393352485,77.6158946048091,387.04634762410467,0.0
1613,4.0,4.015499382966237,0.015499382966236652,77.8763957342598,77.61590519257108,387.0894666554217,0.0
1614,4.0,4.015713370543229,0.015713370543228855,77.86905864349285,77.61590857487289,387.1321571770317,0.0
1615,4.0,4.015927956336028,0.015927956336027727,77.86184068149794,77.61591107854615,387.1749670426951,0.0
1616,4.0,4.016139079706882,0.016139079706881887,77.85478635546524,77.61591495655992,387.2170861551804,0.0
1617,4.0,4.016348420619065,0.01634842061906472,77.84785622052429,77.61591687175779,387.2588496671609,0.0
1618,4.0,4.016555966968365,0.016555966968365254,77.84104364445864,77.61591283575517,387.3002551638464,0.0
1619,4.0,4.01676219289759,0.01676219289759029,77.83434625006761,77.61589892663439,387.3413972367268,0.0
1620,4.0,4.0169660017889095,0.0169660017889095,77.82776474735527,77.61589522296683,387.38205711054496,0.0
1621,4.0,4.017167086514902,0.01716708651490162,77.82129821941984,77.61589594642132,387.4221735133804,0.0
1622,4.0,4.01736693106155,0.01736693106154963,77.81493840188402,77.61589692367374,387.46204250043667,0.0
1623,4.0,4.017564323390622,0.017564323390621972,77.80869507376295,77.61588899194186,387.5014222700866,0.0
1624,4.0,4.0177603572238985,0.01776035722389846,77.8025743713125,77.61587976982368,387.54053101982527,0.0
1625,4.0,4.017955569732577,0.01795556973257728,77.79654536223386,77.61589216199995,387.57947591530666,0.0
1626,4.0,4.018147829899616,0.01814782989961561,77.79064245012357,77.61591047420269,387.6178318186308,0.0
1627,4.0,4.018337613946127,0.018337613946126652,77.78486322055348,77.61592384035114,387.6556937359098,0.0
1628,4.0,4.018526305108573,0.01852630510857267,77.779180872558,77.61592886459879,387.69333762281775,0.0
1629,4.0,4.018713304597401,0.018713304597400615,77.77360014166369,77.61592412321954,387.73064402083895,0.0
1630,4.0,4.018894363692914,0.018894363692914418,77.76813488029116,77.61592416222035,387.7667653103939,0.0
1631,4.0,4.019073630529804,0.019073630529804042,77.76277996123879,77.6159151882007,387.80252904435343,0.0
1632,4.0,4.019250262053303,0.019250262053303047,77.75753800541473,77.61591812203693,387.83776703329147,0.0
1633,4.0,4.019423100291421,0.019423100291421136,77.75241772107617,77.61590681865896,387.872248261796,0.0
1634,4.0,4.019595505518158,0.019595505518157808,77.747404770116,77.61589739006507,387.90664310452996,0.0
1635,4.0,4.019765619407837,0.01976561940783661,77.7424952287566,77.61590116410213,387.9405808255209,0.0
1636,4.0,4.019935127586041,0.019935127586040657,77.73767881752805,77.61589761644676,387.9743977070726,0.0
1637,4.0,4.020103006621351,0.020103006621351227,77.73296893318155,77.61590285539351,388.0078895746171,0.0
1638,4.0,4.0202718351754765,0.020271835175476483,77.72833993217782,77.61590159328642,388.04157087116505,0.0
1639,4.0,4.020435452641096,0.02043545264109614,77.72382956740688,77.6158955813788,388.0742125555562,0.0
1640,4.0,4.020594237909973,0.020594237909972612,77.71940956193569,77.61589171737023,388.10589021669705,0.0
1641,4.0,4.020753811888639,0.020753811888639007,77.71509761924983,77.61590773411233,388.137725225441,0.0
1642,4.0,4.020910577904277,0.020910577904277083,77.71087145264859,77.61590605110351,388.1690000455608,0.0
1643,4.0,4.021065076023708,0.02106507602370833,77.70672103340729,77.61590872682373,388.1998224203873,0.0
1644,4.0,4.021217112782226,0.021217112782226266,77.70267142857867,77.6159075105066,388.23015375371165,0.0
1645,4.0,4.021368152708076,0.021368152708076238,77.69870968989207,77.6159067708858,388.26028621891874,0.0
1646,4.0,4.021516604429589,0.021516604429589137,77.69483240087459,77.6159027013946,388.28990233736056,0.0
1647,4.0,4.0216681832107035,0.021668183210703518,77.69104030203637,77.61590243175564,388.32014230419287,0.0
1648,4.0,4.021812402722644,0.021812402722644286,77.6873424662212,77.61590880022939,388.348914096825,0.0
1649,4.0,4.0219571954219795,0.021957195421979492,77.68373409835513,77.61589740445386,388.3778002403424,0.0
1650,4.0,4.022098144587593,0.022098144587593183,77.68021217201446,77.61590296317264,388.40591959888235,0.0
1651,4.0,4.022233543603604,0.022233543603603856,77.67676972188308,77.61591713498356,388.43293170257647,0.0
1652,4.0,4.022370903261294,0.022370903261293762,77.67340700369093,77.61591923570661,388.4603349542856,0.0
1653,4.0,4.022503889106905,0.02250388910690493,77.67012939532209,77.61592280880926,388.48686563048506,0.0
1654,4.0,4.022631757508812,0.022631757508811745,77.66694867487325,77.615923430109,388.5123753766655,0.0
1655,4.0,4.022763270884821,0.022763270884820663,77.6638219634716,77.6159176095504,388.53861229517923,0.0
1656,4.0,4.022888804493746,0.022888804493746306,77.66077547709003,77.61591962770909,388.56365625015985,0.0
1657,4.0,4.023012250540983,0.023012250540983104,77.65781129429129,77.6159020559047,388.58828373658366,0.0
1658,4.0,4.0231342310080125,0.023134231008012485,77.65494043836453,77.61590617995445,388.612618839756,0.0
1659,4.0,4.023251259461537,0.023251259461536833,77.65215594765549,77.61591117677825,388.6359660162341,0.0
1660,4.0,4.023370645215584,0.023370645215583963,77.64944217570337,77.6159040035166,388.6597834741665,0.0
1661,4.0,4.0234896770846555,0.023489677084655547,77.64679597821002,77.61590495847193,388.6835303320463,0.0
1662,4.0,4.023604416761217,0.023604416761217273,77.64422935133507,77.61591974261339,388.70642089752033,0.0
1663,4.0,4.023716553888753,0.023716553888752934,77.64172930135271,77.61591846195294,388.7287922544637,0.0
1664,4.0,4.023828029761393,0.02382802976139331,77.63930358168415,77.61592076316583,388.75103169105546,0.0
1665,4.0,4.023939293094587,0.0239392930945872,77.63693158273523,77.61593023724473,388.77322872602764,0.0
1666,4.0,4.024045148939476,0.024045148939475958,77.63463844447705,77.61592942000425,388.79434696708296,0.0
1667,4.0,4.024150944893805,0.02415094489380465,77.63240118421507,77.61592931279151,388.81545325997155,0.0
1668,4.0,4.024255237744173,0.02425523774417293,77.6302408127976,77.6159151695469,388.83625968362,0.0
1669,4.0,4.024354852713515,0.024354852713514674,77.62814348807339,77.61590986438848,388.8561328700037,0.0
1670,4.0,4.024451314515095,0.024451314515094857,77.6261002626434,77.61590268838737,388.87537699941896,0.0
1671,4.0,4.024548485500644,0.024548485500644368,77.6241048778179,77.61590449304525,388.894762611036,0.0
1672,4.0,4.024643701145146,0.02464370114514569,77.62217971737783,77.61590399856448,388.9137581321141,0.0
1673,4.0,4.024734758362566,0.02473475836256611,77.62031266781398,77.61589537400174,388.9319240469894,0.0
1674,4.0,4.024826354159181,0.024826354159181108,77.61849673318066,77.61588865337234,388.9501974084141,0.0
1675,4.0,4.0249197255822775,0.024919725582277508,77.61673705719714,77.6158919744681,388.96882500732187,0.0
1676,4.0,4.025007971192082,0.025007971192081868,77.615040479954,77.61590898381925,388.9864300064778,0.0
1677,4.0,4.025093437294816,0.02509343729481639,77.61340269032361,77.61589944835009,389.00348049397337,0.0
1678,4.0,4.025179321678026,0.025179321678026056,77.61181831666073,77.6159026960339,389.0206144284237,0.0
1679,4.0,4.025262816217416,0.025262816217415995,77.61027667699602,77.61590768682142,389.037271589032,0.0
1680,4.0,4.025342456936736,0.025342456936735758,77.60878893338587,77.6159100404638,389.0531599125363,0.0
1681,4.0,4.025421364572548,0.025421364572547844,77.60735632053205,77.61591100405518,389.0689019858808,0.0
1682,4.0,4.025497631438352,0.02549763143835193,77.60596785120529,77.61590391651167,389.0841172256087,0.0
1683,4.0,4.025573599936351,0.025573599936350888,77.60462271197892,77.61590817845666,389.0992729409595,0.0
1684,4.0,4.025646664118559,0.025646664118559315,77.6033267879463,77.6158992804628,389.1138492453101,0.0
1685,4.0,4.025717992849386,0.02571799284938603,77.60207800968094,77.61589874246856,389.12807932711,0.0
1686,4.0,4.025790496955069,0.025790496955068853,77.60087484389524,77.61590649569484,389.1425438961938,0.0
1687,4.0,4.025862634220841,0.02586263422084123,77.59972313762925,77.61590717800084,389.15693528071535,0.0
1688,4.0,4.025930457936246,0.025930457936246043,77.59861368161773,77.61591228848826,389.1704661119386,0.0
1689,4.0,4.025997904557981,0.02599790455798079,77.5975456417043,77.61590934680454,389.18392171297467,0.0
1690,4.0,4.026065375621496,0.02606537562149569,77.59652492050024,77.61591619623023,389.1973821901459,0.0
1691,4.0,4.026129550366395,0.026129550366395193,77.59552683203074,77.6159107152396,389.21018505175334,0.0
1692,4.0,4.026192467798106,0.026192467798106023,77.59458029400535,77.61590539751958,389.22273707937967,0.0
1693,4.0,4.02625515990683,0.026255159906829917,77.59368246888091,77.61591081731301,389.23524415507006,0.0
1694,4.0,4.0263141467851185,0.026314146785118453,77.59281855807703,77.61590530770269,389.24701203728864,0.0
1695,4.0,4.026372799400893,0.02637279940089332,77.59200204301418,77.61590707909136,389.2587132341357,0.0
1696,4.0,4.026432920258457,0.026432920258456782,77.59120500770031,77.61590326861375,389.27070734521965,0.0
1697,4.0,4.026488586949575,0.02648858694957479,77.59044607896071,77.61590247503506,389.28181285009765,0.0
1698,4.0,4.026544242589659,0.02654424258965893,77.58971807950546,77.61590432445215,389.29291615029445,0.0
1699,4.0,4.026594963128899,0.02659496312889864,77.58904426866495,77.61589455246094,389.3030348978728,0.0
1700,4.0,4.026644288530305,0.02664428853030465,77.58839735735053,77.61590864695052,389.31287531545325,0.0
1701,4.0,4.0266947038675545,0.02669470386755446,77.58778061763078,77.61589902648527,389.32293317523465,0.0
1702,4.0,4.026741038068064,0.026741038068063716,77.58719478262232,77.61589751604407,389.3321768482362,0.0
1703,4.0,4.02678846659199,0.026788466591989746,77.58663221113468,77.61589727509896,389.3416388387594,0.0
1704,4.0,4.0268348112876815,0.026834811287681504,77.58610758704116,77.61590342942384,389.35088460555,0.0
1705,4.0,4.026878906704394,0.02687890670439419,77.58561949109534,77.61589437947822,389.3596816411841,0.0
1706,4.0,4.026919867358565,0.026919867358564886,77.58516451990306,77.61589844562619,389.3678532916912,0.0
1707,4.0,4.026962036614452,0.026962036614452067,77.58472378531641,77.61589993645946,389.3762660582407,0.0
1708,4.0,4.027004334265493,0.027004334265493313,77.58430445773331,77.61589450877374,389.3847044396234,0.0
1709,4.0,4.027041619636924,0.02704161963692364,77.58392032104943,77.61590078739522,389.39214287122377,0.0
1710,4.0,4.027079159115024,0.0270791591150239,77.58357221769579,77.61590564146131,389.3996319971048,0.0
1711,4.0,4.027119224288272,0.027119224288272292,77.58323684476866,77.61591876074269,389.4076249991678,0.0
1712,4.0,4.027156289742003,0.02715628974200257,77.58293880745646,77.61592444428587,389.41501955718707,0.0
1713,4.0,4.027192272877046,0.02719227287704573,77.58265480608084,77.61591348847695,389.4221981926281,0.0
1714,4.0,4.027229369195351,0.027229369195350905,77.58239710511535,77.6159118485281,389.42959890813,0.0
1715,4.0,4.027265021227075,0.02726502122707508,77.58215359202214,77.61591366750271,389.436711488459,0.0
1716,4.0,4.0272978121194525,0.02729781211945248,77.581944740522,77.61590584704302,389.4432532714883,0.0
1717,4.0,4.02733216405657,0.027332164056569574,77.58176037960143,77.61590371171101,389.4501064829431,0.0
1718,4.0,4.027362927917358,0.02736292791735817,77.58159740253477,77.61589496193784,389.4562438731705,0.0
1719,4.0,4.027392716678385,0.027392716678384943,77.58146003148505,77.61589596160262,389.4621867309953,0.0
1720,4.0,4.027426237110112,0.02742623711011216,77.58133261470313,77.61589153172916,389.4688740571249,0.0
1721,4.0,4.027455751518086,0.02745575151808577,77.58122099159199,77.6158965979187,389.47476218151564,0.0
1722,4.0,4.0274837625490525,0.027483762549052493,77.58112469035623,77.61589821519459,389.4803503821935,0.0
1723,4.0,4.027511356586001,0.027511356586001234,77.58105688157413,77.61591783126443,389.48585539256476,0.0
1724,4.0,4.027533280990014,0.027533280990014397,77.58100963222712,77.6159221667793,389.49022931116536,0.0
1725,4.0,4.027555735097842,0.027555735097841705,77.58097263838089,77.6159176702129,389.49470890567693,0.0
1726,4.0,4.0275805625946,0.027580562594599733,77.58095812208147,77.61590916094332,389.49966199128016,0.0
1727,4.0,4.027601675375834,0.027601675375834134,77.5809674242035,77.61591146181564,389.50387399113646,0.0
1728,4.0,4.027618483117365,0.027618483117365145,77.58097755213981,77.61591108708005,389.50722713557184,0.0
1729,4.0,4.027640888201702,0.027640888201702296,77.58101028290798,77.61591126824294,389.5116969498971,0.0
1730,4.0,4.027664364445549,0.027664364445548983,77.5810457686331,77.61590691309785,389.5163804605445,0.0
1731,4.0,4.027684754873618,0.027684754873617656,77.58109604796043,77.615914995932,389.52044835094426,0.0
1732,4.0,4.027704724953559,0.027704724953559356,77.58116891432269,77.61591836260037,389.5244323818926,0.0
1733,4.0,4.027723490873319,0.027723490873318823,77.58125240138068,77.615912590276,389.52817618288464,0.0
1734,4.0,4.027738145273179,0.027738145273178638,77.58135285787914,77.61589725573958,389.53109973565665,0.0
1735,4.0,4.027752261166373,0.027752261166373415,77.5814645386064,77.6158955501191,389.53391585634904,0.0
1736,4.0,4.027768597613177,0.027768597613176738,77.58158629511244,77.61589362446965,389.5371749774863,0.0
1737,4.0,4.027781945391764,0.02778194539176404,77.58172129319303,77.61588929429396,389.53983785931445,0.0
1738,4.0,4.027793573484946,0.02779357348494571,77.58185958087078,77.61589366606896,389.54215766390416,0.0
1739,4.0,4.027806857012574,0.027806857012573793,77.5820222386073,77.61589524688475,389.54480772766595,0.0
1740,4.0,4.0278198511113,0.027819851111299698,77.58218791299379,77.61589853389681,389.5474000503618,0.0
1741,4.0,4.027828636871926,0.02782863687192627,77.58236102151983,77.6159003800766,389.54915280960677,0.0
1742,4.0,4.027840499617536,0.027840499617536096,77.58255093612934,77.6159037257994,389.55151942735597,0.0
1743,4.0,4.027854729619346,0.027854729619345875,77.58274351810894,77.61590531818602,389.554358312717,0.0
1744,4.0,4.027865947966707,0.02786594796670716,77.58294232644789,77.61590946532753,389.5565963730156,0.0
1745,4.0,4.027877656718988,0.027877656718987787,77.58314191612035,77.61590112119887,389.5589322690956,0.0
1746,4.0,4.027890699190709,0.02789069919070908,77.58334756569933,77.61590143943818,389.56153424220395,0.0
1747,4.0,4.027901495718603,0.02790149571860301,77.58357047724417,77.61590566872657,389.5636881495188,0.0
1748,4.0,4.027910567785042,0.027910567785042417,77.58380231114775,77.61591294425128,389.56549802677347,0.0
1749,4.0,4.027920985276047,0.02792098527604736,77.58403465210739,77.61591931443826,389.56757631622895,0.0
1750,4.0,4.027930870627995,0.02793087062799504,77.5842883223149,77.61591376269696,389.5695484439425,0.0
1751,4.0,4.027938527656601,0.027938527656600876,77.58453803290787,77.61591019314133,389.5710760211494,0.0
1752,4.0,4.027945138390734,0.027945138390734314,77.58479511060648,77.61590792138072,389.57239486260903,0.0
1753,4.0,4.027953890807315,0.02795389080731514,77.58505951908076,77.61591414509101,389.5741409697169,0.0
1754,4.0,4.027957998230914,0.027957998230913716,77.58532390018759,77.61591615474795,389.5749604007248,0.0
1755,4.0,4.02796193521908,0.027961935219080303,77.58559582538238,77.61591407394602,389.57574582986405,0.0
1756,4.0,4.027968523367381,0.027968523367380982,77.58587208653195,77.61591333693612,389.57706016545,0.0
1757,4.0,4.027973376344294,0.027973376344293754,77.58615364193592,77.61590955086902,389.5780283343441,0.0
1758,4.0,4.027976264001041,0.02797626400104125,77.58644066331213,77.61590967111587,389.57860442186524,0.0
1759,4.0,4.02797988734482,0.027979887344820042,77.58673056040871,77.61591253721399,389.5793272789491,0.0
1760,4.0,4.027983882371802,0.02798388237180216,77.58703375387623,77.61590485033217,389.5801242868321,0.0
1761,4.0,4.027985183479206,0.0279851834792062,77.58733599190725,77.61590083622993,389.58038385775916,0.0
1762,4.0,4.027988267442151,0.02798826744215077,77.58763457249326,77.61590408593113,389.5809991083666,0.0
1763,4.0,4.027991620129866,0.02799162012986578,77.58793820450218,77.61591031485682,389.58166796956573,0.0
1764,4.0,4.027991027923441,0.027991027923441436,77.588249636221,77.61590900348943,389.58154982438407,0.0
1765,4.0,4.027989806536326,0.027989806536326434,77.58855784536404,77.61590861445588,389.58130615765464,0.0
1766,4.0,4.027989801115706,0.027989801115706037,77.58886820250595,77.61590340964806,389.5813050762409,0.0
1767,4.0,4.027989785196182,0.02798978519618167,77.58918558062521,77.61590632256078,389.5813019002958,0.0
1768,4.0,4.027989102329648,0.027989102329647686,77.58950898713138,77.61590221491564,389.5811656684222,0.0
1769,4.0,4.027990124000064,0.027990124000064398,77.58982001604173,77.61590175835536,389.5813694916704,0.0
1770,4.0,4.027993694144721,0.02799369414472075,77.59012968538104,77.6159102235635,389.5820817355293,0.0
1771,4.0,4.027992600926049,0.027992600926048716,77.59044394942703,77.6159045510049,389.58186363840423,0.0
1772,4.0,4.027991966479832,0.027991966479832264,77.5907664232052,77.61591242287338,389.58173706638405,0.0
1773,4.0,4.027992573894923,0.027992573894922934,77.59107861262444,77.61592660820064,389.5818582456946,0.0
1774,4.0,4.027990351968468,0.027990351968467664,77.59140780063322,77.61591262238207,389.5814149713668,0.0
1775,4.0,4.027990968388178,0.027990968388177606,77.59173004473269,77.61590488558404,389.5815379470989,0.0
1776,4.0,4.027990893211671,0.02799089321167081,77.59204515488146,77.61589676660039,389.5815229493858,0.0
1777,4.0,4.027985897148816,0.02798589714881583,77.5923732326501,77.61589699027662,389.5805262348463,0.0
