Step,Desired Gap (s),Actual Gap (s),Error (s),Ego Speed (km/h),Target Speed (km/h),Incremental Torque (Nm),Incremental Brake Torque (Nm)
0,4.0,5.316050391935759,1.3160503919357591,79.22779956214539,67.9594712907111,276.6704249374196,0.0
1,4.0,5.2695967749954065,1.2695967749954065,79.8160244577822,67.95947140707946,267.7434976096997,0.0
2,4.0,5.222818152861359,1.2228181528613593,80.4140212163666,67.9594714070794,258.7563765651474,0.0
3,4.0,5.179783066491913,1.179783066491913,80.95858300546108,67.9594714070794,250.488082489259,0.0
4,4.0,5.152311769898424,1.1523117698984242,81.26232116384382,67.95947140707945,245.20045266986463,0.0
5,4.0,5.140189282504891,1.140189282504891,81.32407129689075,67.95947140707943,242.85068260002308,0.0
6,4.0,5.139341115413535,1.1393411154135347,81.2084267270712,67.95947140707948,242.65886450704068,0.0
7,4.0,5.1464880657247045,1.1464880657247045,80.9687055730173,67.95947140707962,243.99786179688766,0.0
8,4.0,5.159336540767534,1.1593365407675336,80.64335049864029,67.95947140707948,246.4293897822197,0.0
9,4.0,5.1762201966092025,1.1762201966092025,80.260306212923,67.95947140707949,249.63505182135634,0.0
10,4.0,5.195954926802148,1.1959549268021483,79.84006334302732,67.9594714070794,276.70985410812483,0.0
11,4.0,5.216987167740006,1.2169871677400064,79.40713804402482,67.95947140707942,280.7142145533051,0.0
12,4.0,5.238044455112255,1.238044455112255,78.9813807316325,67.9594714070794,284.7255778630569,0.0
13,4.0,5.258983413256607,1.2589834132566073,78.56470962034996,67.9594714070794,288.7163837873276,0.0
14,4.0,5.279678764270537,1.2796787642705372,78.1585804155717,67.95947140707946,292.6624911133794,0.0
15,4.0,5.300072497572587,1.3000724975725868,77.76393941598492,67.95947140707943,296.5527585773196,0.0
16,4.0,5.32007484533927,1.3200748453392697,77.38143874743064,67.95947140707943,300.3697851003668,0.0
17,4.0,5.339666722998698,1.3396667229986976,77.01139030080155,67.95947140707942,304.10987755680554,0.0
18,4.0,5.358789891332266,1.3587898913322656,76.65398013028191,67.95947140707943,307.761680530587,0.0
19,4.0,5.377456308926143,1.377456308926143,76.3091218100114,67.95947140707949,311.3274692983876,0.0
20,4.0,5.395612416617219,1.3956124166172188,75.97673063921633,67.95947140707955,314.796745214652,0.0
21,4.0,5.413269385116158,1.4132693851161582,75.65653252177687,67.95947140707949,318.1715933023037,0.0
22,4.0,5.430436095668134,1.4304360956681341,75.34819194100524,67.95947140707958,321.4536413858059,0.0
23,4.0,5.44711835062619,1.44711835062619,75.05119660143686,67.95947140707965,324.6438819721688,0.0
24,4.0,5.463349637021444,1.4633496370214436,74.76492540998667,67.95947140707946,327.74868603901206,0.0
25,4.0,5.479139907971026,1.4791399079710263,74.48888156120206,67.95947140707942,330.76986449115446,0.0
26,4.0,5.494507798699079,1.494507798699079,74.22261868455374,67.9594714070794,333.7109342241486,0.0
27,4.0,5.50945611355628,1.50945611355628,73.9657666056783,67.9594714070794,336.57234312926096,0.0
28,4.0,5.523997103419146,1.5239971034191457,73.71794735538157,67.9594714070794,339.35638139101,0.0
29,4.0,5.538140823897657,1.538140823897657,73.47884713349241,67.9594714070794,342.06492613624295,0.0
30,4.0,5.551898464272319,1.5518984642723188,73.24816572226003,67.9594714070794,344.70007985582606,0.0
31,4.0,5.5653030733493045,1.5653030733493045,73.02562552349815,67.9594714070794,347.26821368399084,0.0
32,4.0,5.578325487291033,1.5783254872910328,72.81095973105677,67.9594714070794,349.7635707657505,0.0
33,4.0,5.590981424354273,1.5909814243542728,72.60392413287113,67.9594714070794,352.18915204633,0.0
34,4.0,5.603325183489165,1.603325183489165,72.40371986789351,67.95947140707942,354.5553698571579,0.0
35,4.0,5.615349216044142,1.6153492160441418,72.21017970138209,67.95947140707942,356.86070671855725,0.0
36,4.0,5.627004473386545,1.6270044733865454,72.02392894011719,67.95947140707943,359.0957139029897,0.0
37,4.0,5.638336265854569,1.6383362658545693,71.8441223249195,67.9594714070794,361.269044719642,0.0
38,4.0,5.649359946620478,1.6493599466204776,71.6705490640418,67.9594714070794,363.38364078308615,0.0
39,4.0,5.660018576507788,1.6600185765077882,71.50372371867851,67.95947140707942,365.4284932823414,0.0
40,4.0,5.670340882828667,1.6703408828286674,71.34330560089684,67.95947140707946,367.40912620350645,0.0
41,4.0,5.680330279195723,1.680330279195723,71.18901179196239,67.95947140707942,369.32613989856446,0.0
42,4.0,5.6899946641346615,1.6899946641346615,71.04058583740004,67.95947140707943,371.18101538121425,0.0
43,4.0,5.699344364246188,1.6993443642461878,70.89778801247982,67.95947140707943,372.9757112021048,0.0
44,4.0,5.7083935499833345,1.7083935499833345,70.76041484716517,67.95947140707949,374.71294333649735,0.0
45,4.0,5.717162193486665,1.717162193486665,70.62823794539399,67.9594714070795,376.39655470749034,0.0
46,4.0,5.72563377784498,1.7256337778449797,70.50109808168119,67.95947140707946,378.0232871593493,0.0
47,4.0,5.733829615094438,1.7338296150944377,70.37879516452413,67.95947140707955,379.5972515402797,0.0
48,4.0,5.741758069600039,1.7417580696000394,70.26116608361201,67.95947140707949,381.120041686838,0.0
49,4.0,5.749417981677538,1.7494179816775377,70.1480395446834,67.95947140707945,382.59139303617246,0.0
50,4.0,5.756823327045698,1.7568233270456979,70.03926922322924,67.95947140707945,384.0139977398914,0.0
51,4.0,5.763983818531535,1.7639838185315346,69.93468883495811,67.95947140707946,385.3897131034715,0.0
52,4.0,5.770910963812968,1.7709109638129679,69.83415048069246,67.95947140707955,386.7207503861157,0.0
53,4.0,5.7776185256589745,1.7776185256589745,69.737530175441,67.95947140707958,388.00976558758913,0.0
54,4.0,5.7840907455011905,1.7840907455011905,69.6446794792799,67.95947140707968,389.25365352490763,0.0
55,4.0,5.790336749208637,1.7903367492086373,69.55547192205646,67.95947140707959,390.45416605526754,0.0
56,4.0,5.796368613677044,1.7963686136770436,69.46977133942465,67.9594714070796,391.61362883393,0.0
57,4.0,5.802194547958769,1.802194547958769,69.38746357226667,67.95947140707953,392.7336178177669,0.0
58,4.0,5.807814538695365,1.8078145386953652,69.30841631578019,67.95947140707943,393.8141022622558,0.0
59,4.0,5.813238604794876,1.8132386047948756,69.23252487483536,67.95947140707949,394.8570132993824,0.0
60,4.0,5.81846649551416,1.8184664955141603,69.15967424784888,67.95947140707943,395.8622776501737,0.0
61,4.0,5.823511202398882,1.8235112023988824,69.08975606478931,67.95947140707942,396.8324057445046,0.0
62,4.0,5.828370867593322,1.8283708675933221,69.02264028168455,67.95947152344777,397.76700833209327,0.0
63,4.0,5.833083314468943,1.8330833144689427,68.95825658916928,67.95947152344785,398.67344575090846,0.0
64,4.0,5.837619102323647,1.8376191023236466,68.89650340186633,67.95947152344776,399.54595590060876,0.0
65,4.0,5.841997303926772,1.8419973039267719,68.83727236678246,67.95947152344776,400.38823562831334,0.0
66,4.0,5.846218994204029,1.8462189942040288,68.78048694091345,67.95947152344782,401.2004784810511,0.0
67,4.0,5.850286398662174,1.850286398662174,68.72604540129232,67.95947152344777,401.98309760364936,0.0
68,4.0,5.854204086715724,1.8542040867157237,68.67388026396725,67.95947152344773,402.73696992445815,0.0
69,4.0,5.8579742418086695,1.8579742418086695,68.62388119372199,67.95947152344776,403.46249892325415,0.0
70,4.0,5.861611429909479,1.8616114299094786,68.57599399708425,67.95947152344775,404.1625136005351,0.0
71,4.0,5.865111893613398,1.8651118936133981,68.53012778168274,67.95947152344773,404.83626289480344,0.0
72,4.0,5.86848513893476,1.8684851389347603,68.48621159060487,67.95947152344773,405.48558603267406,0.0
73,4.0,5.871732767943544,1.871732767943544,68.44417726579647,67.95947152344775,406.1107815781784,0.0
74,4.0,5.8748655200678135,1.8748655200678135,68.4039442032105,67.95947152344773,406.7139275491464,0.0
75,4.0,5.877874510758911,1.877874510758911,68.36544461743073,67.95947152344773,407.29327781677,0.0
76,4.0,5.880760230639751,1.8807602306397513,68.32862451462313,67.9594714070794,407.8489171158201,0.0
77,4.0,5.883528835259608,1.8835288352596082,68.29342049593411,67.9594714070794,408.3820330823434,0.0
78,4.0,5.88621424501898,1.88621424501898,68.25975094978963,67.9594714070794,408.8992240504502,0.0
79,4.0,5.888789340601929,1.888789340601929,68.22756275607317,67.9594714070795,409.3951911269449,0.0
80,4.0,5.891253967937889,1.8912539679378888,68.19682014712224,67.9594714070794,409.86989700713235,0.0
81,4.0,5.893639258474571,1.893639258474571,68.1674461106797,67.95947140707945,410.32939718712043,0.0
82,4.0,5.895934327087168,1.8959343270871676,68.13940171897215,67.95947140707949,410.7715612700572,0.0
83,4.0,5.898139757359898,1.898139757359898,68.11262616993965,67.95947140707949,411.196491095461,0.0
84,4.0,5.900262914751514,1.9002629147515142,68.08708303059112,67.95947140707942,448.6607425038025,0.0
85,4.0,5.9010075543583245,1.9010075543583245,68.07757197036429,67.95947140707945,448.80412647323794,0.0
86,4.0,5.899294605385618,1.8992946053856183,68.09633599726888,67.95947140707953,448.47369376719456,0.0
87,4.0,5.895944101752903,1.895944101752903,68.13382209008759,67.9594714070794,484.7984351613999,0.0
88,4.0,5.890218130495743,1.890218130495743,68.1981488735829,67.9594714070794,483.6942003233129,0.0
89,4.0,5.881464496196684,1.881464496196684,68.29696589590927,67.9594714070794,482.0062046241395,0.0
90,4.0,5.870770546916465,1.8707705469164653,68.4177891277586,67.9594714070794,479.944107805393,0.0
91,4.0,5.858855016774963,1.858855016774963,68.55204294404498,67.95947140707943,477.6464323410183,0.0
92,4.0,5.8462611612883615,1.8462611612883615,68.69370476554258,67.95947140707943,475.21796492737127,0.0
93,4.0,5.8333428330957116,1.8333428330957116,68.83856177473011,67.9594714070794,472.72690021591137,0.0
94,4.0,5.820358424790208,1.820358424790208,68.9836935767391,67.95947140707948,470.22306218590705,0.0
95,4.0,5.807477986014199,1.8074779860141987,69.12704022469974,67.95947140707949,467.73921045006415,0.0
96,4.0,5.794815243759584,1.794815243759584,69.26720843882988,67.95947140707952,465.2972482454047,0.0
97,4.0,5.782449842522242,1.782449842522242,69.40326256760716,67.95947140707946,462.9125198971834,0.0
98,4.0,5.770424900588786,1.770424900588786,69.53458794617974,67.95947140707959,460.5933085704916,0.0
99,4.0,5.758782269628716,1.7587822696287159,69.66081379153269,67.95947140707959,458.347697475524,0.0
100,4.0,5.747522497887211,1.7475224978872106,69.78173629622735,67.95947140707942,456.1757481003362,0.0
101,4.0,5.736667134100377,1.7366671341003768,69.89724812691807,67.95947140707946,454.08163594369194,0.0
102,4.0,5.726214840415144,1.7262148404151443,70.00736555443468,67.95947140707942,452.0650980549864,0.0
103,4.0,5.716145886320036,1.716145886320036,70.11215036802302,67.9594714070794,450.122294154971,0.0
104,4.0,5.706468347667235,1.7064683476672347,70.21168488739212,67.9594714070794,448.25481057305467,0.0
105,4.0,5.697159373213392,1.6971593732133918,70.30609777717899,67.95947140707942,446.4582123439982,0.0
106,4.0,5.688224179274325,1.688224179274325,70.39553448312714,67.95947140707942,444.733541359899,0.0
107,4.0,5.679627984505544,1.6796279845055437,70.48013884450829,67.9594714070794,443.0740400100464,0.0
108,4.0,5.671380275966358,1.6713802759663583,70.56008015735,67.9594714070794,441.4815884109742,0.0
109,4.0,5.663451689182931,1.6634516891829314,70.63549796844097,67.9594714070794,439.9504850617797,0.0
110,4.0,5.655847472214511,1.6558474722145107,70.70654982922038,67.9594714070794,438.481781779675,0.0
111,4.0,5.648546871280709,1.6485468712807094,70.77340025695288,67.9594714070794,437.0714616999949,0.0
112,4.0,5.641524570264713,1.6415245702647132,70.83618179470989,67.95947140707942,435.7146122104535,0.0
113,4.0,5.634774169606083,1.6347741696060831,70.89507230347361,67.9594714070794,434.4100186974556,0.0
114,4.0,5.628300538122675,1.6283005381226747,70.95018794985369,67.95947140707943,433.15865182268396,0.0
115,4.0,5.622087756789886,1.6220877567898864,71.00166707062174,67.95947140707945,431.9574332394011,0.0
116,4.0,5.616121054148036,1.616121054148036,71.04965529030109,67.9594714070794,430.8035100265019,0.0
117,4.0,5.610403745023394,1.610403745023394,71.09426694250203,67.95947140707943,429.6975500177629,0.0
118,4.0,5.604915731851148,1.6049157318511478,71.13563300334266,67.95947140707949,428.6356591152966,0.0
119,4.0,5.599658899430828,1.5996588994308283,71.17387184918294,67.95947140707952,427.61822741292855,0.0
120,4.0,5.594615963929897,1.594615963929897,71.20910154735641,67.95947140707965,426.6419071948825,0.0
121,4.0,5.589781043884792,1.5897810438847921,71.24144383102112,67.95947140707973,425.70557506686725,0.0
122,4.0,5.585153089539003,1.585153089539003,71.27099441883111,67.95947140707948,424.80904472075105,0.0
123,4.0,5.580717546799295,1.5807175467992947,71.29787487987187,67.9594714070794,423.94950178424074,0.0
124,4.0,5.576467417778699,1.5764674177786988,71.32218033791794,67.95947140707942,423.1256001405432,0.0
125,4.0,5.5723920108328855,1.5723920108328855,71.34401964540754,67.95947140707945,422.33527622758163,0.0
126,4.0,5.568495193786832,1.5684951937868323,71.36347386961491,67.9594714070796,421.5793000839664,0.0
127,4.0,5.5647711451547295,1.5647711451547295,71.3806453500365,67.95947140707968,420.8565566690758,0.0
128,4.0,5.561198609720414,1.5611986097204138,71.39564273556039,67.95947140707949,420.16292269655605,0.0
129,4.0,5.557795935237934,1.5577959352379338,71.40851643833398,67.95947140707955,419.50198582555674,0.0
130,4.0,5.55453008101307,1.5545300810130698,71.41936974177003,67.95947140707969,418.86732363129755,0.0
131,4.0,5.5514171542717285,1.5514171542717285,71.42827798834882,67.95947140707976,418.2620919699079,0.0
132,4.0,5.54844579246719,1.5484457924671897,71.43532900641986,67.95947140707966,417.6840926401121,0.0
133,4.0,5.5456163066695146,1.5456163066695146,71.44060441211172,67.95947140707949,417.1334025850073,0.0
134,4.0,5.542898590635186,1.5428985906351862,71.44416704577813,67.95947140707943,416.6041636319797,0.0
135,4.0,5.540307950487186,1.5403079504871862,71.4460894484279,67.95947140707953,416.09937499656417,0.0
136,4.0,5.537836495191959,1.537836495191959,71.4464362742551,67.95947140707946,415.61751088929833,0.0
137,4.0,5.535487850589486,1.5354878505894858,71.44529256045234,67.95947140707945,415.159295427607,0.0
138,4.0,5.53325082598885,1.5332508259888504,71.44269177085552,67.9594714070794,414.72255316349555,0.0
139,4.0,5.5311388274604845,1.5311388274604845,71.4387074295666,67.9594714070794,414.3099130816621,0.0
140,4.0,5.529125665206252,1.5291256652062524,71.43340833565638,67.95947140707942,443.7342325083352,0.0
141,4.0,5.526263333681078,1.5262633336810776,71.43908107133821,67.9594714070794,443.17721732092974,0.0
142,4.0,5.521725150714605,1.5217251507146052,71.46624430719699,67.9594714070794,442.2977290683099,0.0
143,4.0,5.516083539055467,1.516083539055467,71.50747483086987,67.9594714070794,441.20590247509693,0.0
144,4.0,5.509737439228641,1.5097374392286413,71.55747253147408,67.9594714070794,439.9784693777659,0.0
145,4.0,5.502998517026631,1.5029985170266311,71.61213691943118,67.9594714070794,438.6753826026562,0.0
146,4.0,5.4960522421834614,1.4960522421834614,71.6689357734806,67.9594714070794,437.33230059671246,0.0
147,4.0,5.489055783470428,1.4890557834704277,71.72607238609484,67.9594714070794,435.97950992671616,0.0
148,4.0,5.482090025154169,1.4820900251541689,71.78235335384812,67.9594836146174,434.6325423098039,0.0
149,4.0,5.475236809729898,1.475236809729898,71.83689409462642,67.95949218971619,433.30717794617453,0.0
150,4.0,5.468533262660044,1.4685332626600438,71.88914626255868,67.95949597737153,432.0105446575656,0.0
151,4.0,5.462016529302649,1.462016529302649,71.93872010067126,67.9595051312027,430.74980594022423,0.0
152,4.0,5.455694192021325,1.4556941920213253,71.98539231969572,67.9595056486327,429.5263940389494,0.0
153,4.0,5.449587635208264,1.449587635208264,72.0290014965939,67.95950317905982,428.3444450743523,0.0
154,4.0,5.443695927452364,1.4436959274523637,72.069518058815,67.9594969014033,427.2037703017048,0.0
155,4.0,5.437999156203652,1.4379991562036523,72.10691316272218,67.95949144984924,426.1004798686784,0.0
156,4.0,5.432524572942684,1.4325245729426843,72.14120819514748,67.95948678449005,425.03989116761386,0.0
157,4.0,5.427273446572068,1.4272734465720678,72.17249525269503,67.9594870505242,424.02226942741356,0.0
158,4.0,5.422215296438984,1.422215296438984,72.20081302058995,67.95948122799618,423.04167798062304,0.0
159,4.0,5.417352552970606,1.4173525529706064,72.22624782849509,67.95948221461937,422.0986075837123,0.0
160,4.0,5.4126887862838124,1.4126887862838124,72.24887913895788,67.95948501066394,421.19376993381024,0.0
161,4.0,5.4082286568314,1.4082286568314002,72.26880473807664,67.95949753575884,420.3280931548208,0.0
162,4.0,5.403944683150691,1.4039446831506908,72.28610437547381,67.95950458459583,419.49623411629767,0.0
163,4.0,5.3998263626423935,1.3998263626423935,72.30088402855672,67.95950479023745,418.69616597307197,0.0
164,4.0,5.395907883623543,1.3959078836235426,72.31322430755019,67.95949886290802,417.93457152341665,0.0
165,4.0,5.3921502956990155,1.3921502956990155,72.32323091083599,67.95948130278722,417.2038766811711,0.0
166,4.0,5.388539836268711,1.388539836268711,72.33096938676641,67.95948125154784,416.50141087366853,0.0
167,4.0,5.385101775071972,1.3851017750719716,72.33653691476964,67.95948301277404,415.8321213180634,0.0
168,4.0,5.381828656754524,1.3818286567545242,72.3400251829032,67.95948651705534,415.19457276832446,0.0
169,4.0,5.378698963707013,1.3786989637070128,72.34149671097472,67.95948852229526,414.58458194668464,0.0
170,4.0,5.375707756813302,1.375707756813302,72.34106477836411,67.95949336631737,414.0012087426316,0.0
171,4.0,5.372860896612761,1.3728608966127611,72.33877577251462,67.95949101646632,413.44560540365734,0.0
172,4.0,5.3701578171328785,1.3701578171328785,72.33472405229472,67.959498140542,412.91768079284543,0.0
173,4.0,5.367549503435778,1.3675495034357779,72.32895500497757,67.95949804133457,412.4078862882442,0.0
174,4.0,5.365070301943889,1.3650703019438888,72.3215665712488,67.95949835991331,411.922939442556,0.0
175,4.0,5.362725929792277,1.3627259297922771,72.31261438971029,67.95949384664097,411.463966511053,0.0
176,4.0,5.360500341784292,1.3605003417842916,72.30217003604056,67.95950132749842,411.0278533498669,0.0
177,4.0,5.358372873767487,1.358372873767487,72.29030097041286,67.959501659932,410.6105842931904,0.0
178,4.0,5.3563637225789575,1.3563637225789575,72.27707845575596,67.9594890083228,436.66520493997126,0.0
179,4.0,5.353658599813633,1.3536585998136328,72.27349164758576,67.9594936011813,436.13697707063227,0.0
180,4.0,5.349515285663963,1.349515285663963,72.28898663160845,67.95948775959833,435.3321800433536,0.0
181,4.0,5.344448421557991,1.344448421557991,72.31671502941404,67.95948358196189,434.3497788033738,0.0
182,4.0,5.3388035023590765,1.3388035023590765,72.3520011356001,67.95948613156126,433.2561964495782,0.0
183,4.0,5.332823441387489,1.3328234413874886,72.39154416848812,67.95949378442015,432.0981314323781,0.0
184,4.0,5.3266789758371855,1.3266789758371855,72.43304285437634,67.9594913464532,430.90841021929606,0.0
185,4.0,5.3204955078310325,1.3204955078310325,72.47488087710137,67.95948932241319,429.7111575217858,0.0
186,4.0,5.314341038409659,1.3143410384096592,72.51593733006258,67.95949621365028,428.51940510571836,0.0
187,4.0,5.308279337065046,1.3082793370650458,72.55544325868995,67.95949307778334,427.34543087376017,0.0
188,4.0,5.302348252125117,1.3023482521251166,72.5928808676577,67.95949352600442,426.1965090412616,0.0
189,4.0,5.296581449267597,1.296581449267597,72.62790844489936,67.9594915434432,425.07913397868856,0.0
190,4.0,5.291007492560534,1.2910074925605342,72.66030945917348,67.95949063850874,423.99883072809877,0.0
191,4.0,5.285595057869662,1.2855950578696618,72.68994942757232,67.95949515524214,422.94946287826997,0.0
192,4.0,5.280375687746497,1.2803756877464973,72.71679107966564,67.95948846343236,421.93717291584744,0.0
193,4.0,5.275335184892079,1.2753351848920786,72.74083670095762,67.95949693165814,420.9591922013976,0.0
194,4.0,5.2704948029569065,1.2704948029569065,72.76209247174641,67.9594889738539,420.01966589408465,0.0
195,4.0,5.265837757422388,1.2658377574223882,72.78060291975139,67.95948833352652,419.1153296249796,0.0
196,4.0,5.261375184090639,1.2613751840906389,72.79642138642556,67.95949489133329,418.2483653653197,0.0
197,4.0,5.257087568528172,1.2570875685281724,72.8096292852939,67.95949010764174,417.4149841089672,0.0
198,4.0,5.252968968212716,1.2529689682127163,72.82030389778029,67.95949084236744,416.61404259718705,0.0
199,4.0,5.249022252934062,1.2490222529340622,72.82853445873229,67.95949942982008,415.84611848446104,0.0
200,4.0,5.245269641297884,1.2452696412978836,72.83439884353797,67.95949256227797,415.1155601778778,0.0
201,4.0,5.2416605460864485,1.2416605460864485,72.83794714793144,67.95948963847196,414.4125133129004,0.0
202,4.0,5.2382163061029345,1.2382163061029345,72.83930752465211,67.95948871060376,413.74116513391937,0.0
203,4.0,5.234911602739046,1.2349116027390457,72.83854711285035,67.95949212510526,413.0965922379106,0.0
204,4.0,5.2317586622903285,1.2317586622903285,72.8357621080859,67.95948938300471,412.48119846706663,0.0
205,4.0,5.228752393434187,1.2287523934341866,72.83102525991438,67.9594949547038,411.8940059592675,0.0
206,4.0,5.225868362291698,1.2258683622916982,72.82439553911522,67.95949051324476,411.33026226151367,0.0
207,4.0,5.223129629052891,1.2231296290528908,72.81595632617734,67.95949092924607,410.7944812884936,0.0
208,4.0,5.220520006750589,1.220520006750589,72.80577864970725,67.95949628201767,410.2835212511751,0.0
209,4.0,5.218032897669145,1.2180328976691452,72.79392637976079,67.95950089593805,409.79610881740774,0.0
210,4.0,5.215681982511704,1.215681982511704,72.78046772075604,67.9595002160663,409.33492584946856,0.0
211,4.0,5.213447113742813,1.2134471137428129,72.76550100345715,67.9594912681287,408.89606387914057,0.0
212,4.0,5.211325328259997,1.2113253282599974,72.74905874620487,67.95948823874545,408.4789519437029,0.0
213,4.0,5.209308832482128,1.2093088324821277,72.731220030456,67.95949089551391,431.6636089056168,0.0
214,4.0,5.2067153117706075,1.2067153117706075,72.72185838427238,67.95949146168437,431.15595796519443,0.0
215,4.0,5.2028920342259335,1.2028920342259335,72.72945467193581,67.95949299699903,430.41197222135366,0.0
216,4.0,5.198272391089848,1.1982723910898478,72.74789357853074,67.95949082610508,429.51491308710644,0.0
217,4.0,5.1931713915920765,1.1931713915920765,72.77299895433258,67.9594952724314,428.52535448054414,0.0
218,4.0,5.18779049940869,1.18779049940869,72.80182189674667,67.95948989912046,427.4819795605762,0.0
219,4.0,5.1822684153460985,1.1822684153460985,72.8323126818823,67.9594910532681,426.41141611629484,0.0
220,4.0,5.1767205536537055,1.1767205536537055,72.86302972504117,67.95949141013853,425.33587500352013,0.0
221,4.0,5.171209061985464,1.171209061985464,72.89299725851524,67.95948753515272,424.26727507658507,0.0
222,4.0,5.1657911379761705,1.1657911379761705,72.92150053099479,67.95949394374149,423.2166231298177,0.0
223,4.0,5.16049171865431,1.1604917186543098,72.9480957139115,67.95949109572801,422.18869049459965,0.0
224,4.0,5.155329988908715,1.155329988908715,72.97248221966528,67.95949598924497,421.18715611978996,0.0
225,4.0,5.150327268490227,1.1503272684902273,72.99447194580482,67.95949106204661,420.21613829484323,0.0
226,4.0,5.145495245650288,1.145495245650288,73.01394872397954,67.95949167353781,419.2778919345578,0.0
227,4.0,5.140830810413313,1.1408308104133127,73.03086756832224,67.95948819266185,418.37180094298424,0.0
228,4.0,5.136345371211281,1.1363453712112808,73.0452394216824,67.9594892369241,417.50009184684893,0.0
229,4.0,5.1320154995485066,1.1320154995485066,73.05706850798776,67.95949178956756,416.6581966484071,0.0
230,4.0,5.127865223941359,1.1278652239413587,73.06640664415988,67.95949469030536,415.8508113003947,0.0
231,4.0,5.123887776020801,1.1238877760208013,73.07330043826875,67.95949724295956,415.0766253511514,0.0
232,4.0,5.12007066271277,1.1200706627127701,73.0778198842918,67.95949944752925,414.3332168915769,0.0
233,4.0,5.116400913763774,1.1164009137637736,73.08004250776972,67.95950107195118,413.61807256229037,0.0
234,4.0,5.11288851519307,1.1128885151930703,73.08004605684592,67.95950246431468,412.9331555702962,0.0
235,4.0,5.109524771067965,1.1095247710679654,73.07789119692266,67.95950327652744,412.2767826742997,0.0
236,4.0,5.1063303050553985,1.1063303050553985,73.0736606112706,67.95950385667977,411.65299251752424,0.0
237,4.0,5.1032716096942154,1.1032716096942154,73.06742692407508,67.95950420477097,411.05526613994454,0.0
238,4.0,5.1003461224694835,1.1003461224694835,73.05926681645573,67.95950449569672,410.4831197090511,0.0
239,4.0,5.097547802598914,1.097547802598914,73.04928034151624,67.95948828170172,409.93539595595695,0.0
240,4.0,5.094891444134198,1.0948914441341984,73.03751191961149,67.95948142523562,409.4149889971362,0.0
241,4.0,5.0923564691294905,1.0923564691294905,73.02402830376452,67.95947941559545,408.9179000164796,0.0
242,4.0,5.0899550575121575,1.0899550575121575,73.00889061828634,67.9594821862629,408.4465168429964,0.0
243,4.0,5.087664892271949,1.087664892271949,72.99220735059768,67.95949088126774,407.996510136967,0.0
244,4.0,5.085488574055744,1.085488574055744,72.9740158011222,67.95949883857861,407.5683948957158,0.0
245,4.0,5.083432473199776,1.0834324731997764,72.95437511594001,67.95949449365838,428.2903589265686,0.0
246,4.0,5.080858985886002,1.0808589858860023,72.9421779501442,67.95949767436477,427.7860270468328,0.0
247,4.0,5.077233636895165,1.0772336368951647,72.94505584600314,67.95949658704428,427.07967426304606,0.0
248,4.0,5.072941190487014,1.0729411904870139,72.95753058975036,67.95949636740454,426.24520610894916,0.0
249,4.0,5.068237214658649,1.068237214658649,72.97583766036931,67.95949141004803,425.3316868726225,0.0
250,4.0,5.06329561957841,1.06329561957841,72.9973656667639,67.95948985119986,424.3724939252218,0.0
251,4.0,5.058246961511595,1.0582469615115953,73.02027532248765,67.9594910405073,423.39270867623463,0.0
252,4.0,5.053181723260012,1.0531817232600122,73.04329203130452,67.95949564230536,422.4097137540692,0.0
253,4.0,5.048152159774055,1.0481521597740553,73.0655279648046,67.95949410825742,421.4335164917756,0.0
254,4.0,5.043213235273893,1.0432132352738934,73.08636678420093,67.95949300757103,420.4747081040455,0.0
255,4.0,5.0383862937855,1.0383862937855,73.10540944735305,67.9594926589578,419.53736840324706,0.0
256,4.0,5.033694452317542,1.0336944523175422,73.12239601861668,67.95949087714257,418.62595147281036,0.0
257,4.0,5.02915288180204,1.0291528818020401,73.13714286581157,67.95949092722398,417.74337758610073,0.0
258,4.0,5.024756446300985,1.0247564463009846,73.14958549138176,67.959495957861,416.88863169049336,0.0
259,4.0,5.020514550893371,1.0205145508933713,73.15966553246611,67.95950083074632,416.0635355285969,0.0
260,4.0,5.016439222763069,1.0164392227630694,73.16738029509003,67.95950175891701,415.2704336461343,0.0
261,4.0,5.012521644538933,1.012521644538933,73.17276360091799,67.95950129483153,414.5076134605717,0.0
262,4.0,5.008756195282889,1.0087561952828894,73.1758436090683,67.95950013461882,413.7739845770602,0.0
263,4.0,5.005142063119696,1.0051420631196963,73.17667266810591,67.95949885838563,413.06939939131274,0.0
264,4.0,5.001676670640481,1.0016766706404807,73.17532059757649,67.95949781419594,412.393369658642,0.0
265,4.0,4.998357726857306,0.9983577268573063,73.1718749038084,67.95949677000714,411.7454666653724,0.0
266,4.0,4.9951873709240475,0.9951873709240475,73.16637048902741,67.9594959578609,411.1261147878259,0.0
267,4.0,4.992151226275218,0.9921512262752179,73.1588976943941,67.95949560979838,410.53252927537835,0.0
268,4.0,4.9892508882497895,0.9892508882497895,73.14951202640567,67.95949514571521,409.96503275997276,0.0
269,4.0,4.986483502225505,0.9864835022255054,73.13829134006434,67.95949491367367,409.4230847527368,0.0
270,4.0,4.983845086624099,0.9838450866240986,73.1253049846359,67.95949468163212,408.90592327886554,0.0
271,4.0,4.981309750800246,0.9813097508002464,73.11062790188437,67.95949468163212,408.408515262022,0.0
272,4.0,4.978910432006238,0.9789104320062378,73.0943099700983,67.95949468163212,407.9372939271213,0.0
273,4.0,4.976628413069412,0.9766284130694123,73.07643183157774,67.95949468163214,407.488626221563,0.0
274,4.0,4.974461858950426,0.9744618589504261,73.05706096420565,67.95949468163215,407.06216840950697,0.0
275,4.0,4.972410347043565,0.9724103470435654,73.03625268634988,67.95949468163217,425.6198514545555,0.0
276,4.0,4.96992290385789,0.9699229038578903,73.0219574243362,67.95949468163218,425.13186457434574,0.0
277,4.0,4.966531411695914,0.9665314116959136,73.02107970150327,67.95949468163221,424.4703433855854,0.0
278,4.0,4.9625487743266055,0.9625487743266055,73.02870809517954,67.95949468163222,423.69529545990116,0.0
279,4.0,4.958212201541571,0.9582122015415706,73.0414778691707,67.95949468163224,422.85228618965704,0.0
280,4.0,4.953682868039178,0.953682868039178,73.05703372287643,67.95949468163221,421.97226135315503,0.0
281,4.0,4.949068055764259,0.9490680557642586,73.07373861960984,67.95949468163231,421.0758049288926,0.0
282,4.0,4.944424192080299,0.9444241920802989,73.09044864596603,67.95949468163225,420.173685318743,0.0
283,4.0,4.939837755552672,0.9398377555526718,73.10635687663661,67.95949468163238,419.2825999694941,0.0
284,4.0,4.935334698960891,0.935334698960891,73.12097026934623,67.95949468163232,418.4075081941448,0.0
285,4.0,4.93094256234155,0.9309425623415502,73.133887209819,67.95949468163234,417.5536975522219,0.0
286,4.0,4.926651893810599,0.9266518938105994,73.14488582225833,67.95949468163234,416.71927910812656,0.0
287,4.0,4.922511262826746,0.9225112628267462,73.15379657789852,67.9594830019955,415.91368885698273,0.0
288,4.0,4.918506705659846,0.9185067056598459,73.16059772549501,67.95947395323716,415.13419923992564,0.0
289,4.0,4.914649465707693,0.9146494657076927,73.16522234341264,67.95948077042705,414.3829888308596,0.0
290,4.0,4.910938647739009,0.9109386477390089,73.16767822485363,67.95948163930785,413.659884578108,0.0
291,4.0,4.907369332495405,0.9073693324954046,73.16797760687949,67.95948773233741,412.9639296989525,0.0
292,4.0,4.9039516330419275,0.9039516330419275,73.16616089592593,67.95948725826318,412.29710454845565,0.0
293,4.0,4.900659101350896,0.9006591013508958,73.1622824065711,67.95948120154645,411.65426296720443,0.0
294,4.0,4.897509684810677,0.8975096848106769,73.15639546045894,67.95948193944095,411.0389157317934,0.0
295,4.0,4.894495932095266,0.8944959320952659,73.14856877635353,67.95948757203406,410.44962406751347,0.0
296,4.0,4.891613181705234,0.8916131817052344,73.13885227372664,67.95949625183381,409.88548937615064,0.0
297,4.0,4.8888579645105,0.8888579645104997,73.1273177538539,67.95949225859981,409.3458500960806,0.0
298,4.0,4.886226322731466,0.8862263227314662,73.1140447501463,67.95948092003152,408.8299509879396,0.0
299,4.0,4.883711838792461,0.8837118387924612,73.09909377377163,67.95948052926444,408.3365532566814,0.0
300,4.0,4.881311273398241,0.8813112733982411,73.08251743327149,67.95948370003852,407.86503626214915,0.0
301,4.0,4.879025666231836,0.8790256662318363,73.06437773230297,67.95948649230955,407.41561570808545,0.0
302,4.0,4.876849827372687,0.8768498273726868,73.04475148936822,67.9594880447627,406.98729557685976,0.0
303,4.0,4.874780784484909,0.8747807844849094,73.02369383351308,67.95947969898188,423.63773312616223,0.0
304,4.0,4.872346849608209,0.872346849608209,73.00835043264418,67.95947678967431,423.15996570068035,0.0
305,4.0,4.869140116148337,0.869140116148337,73.0049602467437,67.95947551052531,422.53395673265936,0.0
306,4.0,4.865425959602275,0.8654259596022751,73.00909436645003,67.95947717127565,421.810544869892,0.0
307,4.0,4.861411747227804,0.8614117472278036,73.01772437294174,67.95947107120072,421.02954520373,0.0
308,4.0,4.857200538622618,0.8572005386226182,73.02874798503585,67.95947396364241,420.2106229862153,0.0
309,4.0,4.852933144883864,0.8529331448838642,73.04068728812204,67.95947798098047,419.380933070456,0.0
310,4.0,4.848674512651092,0.8486745126510922,73.0525722478188,67.9594786938257,418.55294088645263,0.0
311,4.0,4.844457498653896,0.8444574986538962,73.06366331913513,67.95948497208747,417.73290155661135,0.0
312,4.0,4.840321281105137,0.8403212811051368,73.07348583249708,67.95948267063498,416.92835722764244,0.0
313,4.0,4.836282142697863,0.836282142697863,73.08171048208122,67.95948396408711,416.14241524945055,0.0
314,4.0,4.8323681172833215,0.8323681172833215,73.08814179307613,67.95948529662513,415.38050193991455,0.0
315,4.0,4.82856834278414,0.8285683427841404,73.0926492322052,67.95948989205678,414.6404722689681,0.0
316,4.0,4.824894773589465,0.824894773589465,73.09517775769497,67.95948887097467,413.92464595656725,0.0
317,4.0,4.821363389298296,0.8213633892982957,73.0956854649568,67.95949009753335,413.23613036956766,0.0
318,4.0,4.81796387101835,0.8179638710183497,73.09418189743317,67.95948933478175,412.5729152767627,0.0
319,4.0,4.814693027502564,0.8146930275025639,73.0906828409669,67.95948479164458,411.93438165475993,0.0
320,4.0,4.8115482436772625,0.8115482436772625,73.08523564512318,67.95948251351298,411.3200293535528,0.0
321,4.0,4.808525802307647,0.8085258023076474,73.07787627323479,67.95948599874994,410.7291409916888,0.0
322,4.0,4.805643148644745,0.8056431486447453,73.0686622023904,67.95948483468105,410.16513032084026,0.0
323,4.0,4.80287572861587,0.8028757286158701,73.05767846396374,67.95948371387567,409.62322690856956,0.0
324,4.0,4.800231705263155,0.8002317052631547,73.04494733758243,67.95947906615729,409.10502728805704,0.0
325,4.0,4.797705521982476,0.7977055219824756,73.03053432465633,67.9594828493257,408.60946155979275,0.0
326,4.0,4.795290560195602,0.7952905601956024,73.01450424000403,67.95948075604554,408.13525261223134,0.0
327,4.0,4.792996810484057,0.7929968104840572,72.99693281597963,67.95948349388591,407.6843643718251,0.0
328,4.0,4.79081005055864,0.7908100505586404,72.97785809510545,67.95948324969969,407.25403152699596,0.0
329,4.0,4.788735030064783,0.7887350300647826,72.95733311585332,67.95948391505928,422.2255244672244,0.0
330,4.0,4.786336462307834,0.7863364623078342,72.94185271280331,67.95948169738665,421.7546283939771,0.0
331,4.0,4.783236569249552,0.783236569249552,72.9369976792757,67.9594866577694,421.1491535155513,0.0
332,4.0,4.779707087499614,0.7797070874996139,72.9387947496852,67.9594807382581,420.46127313265634,0.0
333,4.0,4.775917058324045,0.7759170583240449,72.94452770132654,67.95948748562026,419.7233932661452,0.0
334,4.0,4.771993759202166,0.7719937592021662,72.95230132361826,67.95948190349887,418.9599444472541,0.0
335,4.0,4.767990787851425,0.7679907878514252,72.96081724884442,67.95948399562278,418.1811119984587,0.0
336,4.0,4.7640179497398965,0.7640179497398965,72.96910502144777,67.95948726544269,417.4081089236689,0.0
337,4.0,4.760120762441952,0.7601207624419519,72.97659879483767,67.95948640700108,416.64969502332156,0.0
338,4.0,4.756295916656087,0.7562959166560868,72.98286197107656,67.95948330883483,415.90513533677813,0.0
339,4.0,4.7525558677139825,0.7525558677139825,72.98761332137447,67.95948052085096,415.1768008725046,0.0
340,4.0,4.748930265630496,0.7489302656304959,72.99067091168405,67.95948129232713,414.4704359831925,0.0
341,4.0,4.745408835289157,0.7454088352891572,72.99192244429007,67.9594819000137,413.78401392940555,0.0
342,4.0,4.742016888340625,0.7420168883406246,72.99131593299013,67.95947563587978,413.1224597943741,0.0
343,4.0,4.738759743803553,0.7387597438035529,72.98882347123788,67.95948501410719,412.4868050689351,0.0
344,4.0,4.735610344987391,0.735610344987391,72.98445238430935,67.95948035280989,411.87177524137144,0.0
345,4.0,4.732580541841417,0.7325805418414166,72.9782370248053,67.95948437273037,411.27968817027715,0.0
346,4.0,4.729667769572489,0.7296677695724894,72.97019646860919,67.95947773580359,410.71004773165896,0.0
347,4.0,4.726878187007878,0.7268781870078778,72.9603897612255,67.959488787531,410.1640671339091,0.0
348,4.0,4.7241976391487075,0.7241976391487075,72.94887032786082,67.95949125382536,409.6389972568865,0.0
349,4.0,4.721640123229819,0.7216401232298191,72.93568159825044,67.95948746886181,409.1375766344767,0.0
350,4.0,4.719196419201849,0.7191964192018494,72.9208595973787,67.95947889506795,408.6580149293481,0.0
351,4.0,4.716864174475887,0.7168641744758872,72.90447998184439,67.95948404271557,408.19986910004775,0.0
352,4.0,4.714639637095545,0.7146396370955452,72.88661125689097,67.95948497215028,407.7624217700427,0.0
353,4.0,4.7125133683054345,0.7125133683054345,72.86728774849747,67.95948514487431,421.2378503214873,0.0
354,4.0,4.710116644045849,0.7101166440458488,72.85235715114612,67.95948597937243,420.7674302758549,0.0
355,4.0,4.707115302874,0.7071153028739996,72.84687215960537,67.95948841617017,420.1810452006095,0.0
356,4.0,4.703733018258125,0.7037330182581254,72.84727356899464,67.95948594061626,419.52158192242257,0.0
357,4.0,4.700128606634679,0.7001286066346788,72.85107157158097,67.9594801549835,418.81949963471834,0.0
358,4.0,4.696411148241324,0.6964111482413244,72.8565822990524,67.95948895037321,418.0957241317722,0.0
359,4.0,4.6926551952683,0.6926551952683004,72.86265263313743,67.95948957232467,417.364556921183,0.0
360,4.0,4.688912987041681,0.6889129870416806,72.86843122590678,67.95948699481802,416.6360102638522,0.0
361,4.0,4.685223791640283,0.6852237916402828,72.87338862328718,67.95948511293375,415.9176329316656,0.0
362,4.0,4.681608499245395,0.681608499245395,72.87711538838154,67.9594846654782,415.21341457460363,0.0
363,4.0,4.678107140338577,0.678107140338577,72.87938409935532,67.9594833788671,414.53111449364087,0.0
364,4.0,4.6747075263374365,0.6747075263374365,72.88002293802852,67.95948455016797,413.8683206773053,0.0
365,4.0,4.671415177543747,0.6714151775437474,72.87894806123587,67.95948898781,413.22609239428397,0.0
366,4.0,4.668230955120795,0.6682309551207952,72.87610717213227,67.95948900445828,412.6045868705605,0.0
367,4.0,4.665165339207901,0.6651653392079009,72.87148622175151,67.9594915670534,412.0058448969663,0.0
368,4.0,4.662226349006122,0.6622263490061222,72.86509221691142,67.95949199017184,411.43143172267713,0.0
369,4.0,4.65939935436763,0.65939935436763,72.85695066855297,67.95948774634357,410.8784997906898,0.0
370,4.0,4.656681556989454,0.6566815569894544,72.84708506233865,67.95947859975834,410.3465083625824,0.0
371,4.0,4.654063364826985,0.6540633648269853,72.8355841718964,67.95947414697541,409.833605314028,0.0
372,4.0,4.651559957103929,0.6515599571039292,72.82246223636882,67.9594750485809,409.34275366795805,0.0
373,4.0,4.649162216101981,0.6491622161019812,72.80775996534875,67.95947444141039,408.87218398290383,0.0
374,4.0,4.646869781335362,0.6468697813353623,72.79153475781754,67.9594760562157,408.4218379083725,0.0
375,4.0,4.644680223249904,0.644680223249904,72.77386492287938,67.95947760166375,407.99125791390526,0.0
376,4.0,4.642585649042653,0.6425856490426529,72.75477862370657,67.95948324507192,420.10933103602304,0.0
377,4.0,4.640264331849458,0.6402643318494583,72.73952521905572,67.9594828607744,419.6535540675856,0.0
378,4.0,4.637413825297617,0.6374138252976174,72.73269155224081,67.95948028860109,419.09630766136576,0.0
379,4.0,4.634229431614122,0.6342294316141217,72.73104182011329,67.9594856005433,418.4750135078379,0.0
380,4.0,4.630857614312993,0.6308576143129931,72.73237966874879,67.95948173161204,417.81778273576265,0.0
381,4.0,4.627386448905195,0.6273864489051952,72.7351737278457,67.95948334434918,417.14147690678215,0.0
382,4.0,4.623892451039653,0.6238924510396533,72.7383494873567,67.95948246943703,416.4607968384571,0.0
383,4.0,4.620413803388036,0.6204138033880362,72.74118844264407,67.959487675808,415.78304120168696,0.0
384,4.0,4.616981287307665,0.6169812873076648,72.74319794443083,67.95948529395494,415.1141115857814,0.0
385,4.0,4.613630094375496,0.6136300943754964,72.74403477653316,67.9594884038315,414.46080013144285,0.0
386,4.0,4.610380083523805,0.6103800835238049,72.7434852048594,67.95948736831869,413.8269356045714,0.0
387,4.0,4.607233995326668,0.6072339953266681,72.7414009720301,67.95948168418936,413.2130220995495,0.0
388,4.0,4.605419457249007,0.605419457249007,72.73770343662812,67.95948485840746,412.8584309148329,0.0
389,4.0,4.602470397525221,0.602470397525221,72.73246171443587,67.9594836886554,412.2822922413652,0.0
390,4.0,4.599622575692496,0.5996225756924964,72.72575422041886,67.95948548534774,411.72559529239413,0.0
391,4.0,4.5968772095893335,0.5968772095893335,72.71753023442004,67.95948756171326,411.18856725866897,0.0
392,4.0,4.594236574524056,0.5942365745240563,72.70775755761592,67.95948111323598,410.67164534774525,0.0
393,4.0,4.591685241759628,0.5916852417596283,72.6964382571727,67.9594828880304,410.17182150611893,0.0
394,4.0,4.589237868947873,0.5892378689478726,72.68359823515536,67.95948070616912,409.6919594172644,0.0
395,4.0,4.5868887079724034,0.5868887079724034,72.6692813390592,67.95948524314561,409.2309473226915,0.0
396,4.0,4.584636372949821,0.584636372949821,72.65350743219476,67.95948376952812,408.7885192113497,0.0
397,4.0,4.582489636197416,0.5824896361974163,72.63632661577128,67.95948866987175,419.7249440175217,0.0
398,4.0,4.580140413514754,0.5801404135147541,72.62249007136491,67.95948255738148,419.26401988127975,0.0
399,4.0,4.577321402683254,0.5773214026832543,72.61612368263653,67.95948094555872,418.7130127996065,0.0
400,4.0,4.5742188908458905,0.5742188908458905,72.61431270260226,67.95948481900405,418.1076532234008,0.0
401,4.0,4.570963178315254,0.570963178315254,72.61506664433058,67.95948420495908,417.47294321946777,0.0
402,4.0,4.567639567882496,0.5676395678824964,72.61701158536634,67.95948114460221,416.8252363097956,0.0
403,4.0,4.5642920948666275,0.5642920948666275,72.61918256211335,67.95948914202506,416.1729223617243,0.0
404,4.0,4.560969957718641,0.5609699577186413,72.62094729714336,67.95948555338973,415.5254659674804,0.0
405,4.0,4.557707366092671,0.5577073660926706,72.62184941784956,67.95948884195344,414.88944481210285,0.0
406,4.0,4.554503185765779,0.5545031857657792,72.62157721322065,67.95948565594522,414.26457406434355,0.0
407,4.0,4.551373944549576,0.5513739445495762,72.61997312476268,67.95948729777263,413.6540444775525,0.0
408,4.0,4.548343851076715,0.5483438510767149,72.61687593617042,67.95948352543697,413.06254383500624,0.0
409,4.0,4.545427849898779,0.545427849898779,72.6122163396381,67.95948021527435,412.4929722125062,0.0
410,4.0,4.542626796727931,0.542626796727931,72.60597346568204,67.95948509917176,411.94549227472316,0.0
411,4.0,4.539929887774058,0.5399298877740577,72.59813158927012,67.95948878151681,411.41799415596364,0.0
412,4.0,4.53734024670253,0.5373402467025299,72.58870652598179,67.95949279420627,410.91109030481203,0.0
413,4.0,4.534854124042536,0.5348541240425364,72.5777320140671,67.95948557812467,410.4240565854869,0.0
414,4.0,4.532462294516637,0.5324622945166366,72.56524790695312,67.95949037679416,409.95510234404276,0.0
415,4.0,4.53016290109976,0.5301629010997599,72.55127930219238,67.95948829577681,409.50387073949855,0.0
416,4.0,4.527960040270878,0.5279600402708784,72.53586077259037,67.95948514851827,419.36638859685445,0.0
417,4.0,4.525585696131334,0.5255856961313343,72.52334510675617,67.95948651069612,418.9008390400164,0.0
418,4.0,4.522801843435036,0.5228018434350359,72.51744542019033,67.95948737792895,418.35678473267217,0.0
419,4.0,4.519779656357615,0.5197796563576151,72.51552161869176,67.95948364654049,417.7670659827375,0.0
420,4.0,4.516614497195669,0.5166144971956692,72.51578878115001,67.9594878580005,417.14991442089314,0.0
421,4.0,4.513392694518394,0.5133926945183944,72.5170074783245,67.95948902540076,416.5219113951378,0.0
422,4.0,4.51016255368698,0.51016255368698,72.51831783378164,67.95948822842082,415.892301123406,0.0
423,4.0,4.506960097687404,0.5069600976874042,72.51912823200927,67.95948700928702,415.267987451618,0.0
424,4.0,4.503828506825777,0.5038285068257773,72.51903655816035,67.9594864034697,414.65730854031324,0.0
425,4.0,4.500768763971632,0.5007687639716316,72.51776879338051,67.95948183855116,414.06040017525174,0.0
426,4.0,4.4978064015206884,0.49780640152068845,72.51516742802967,67.95948345333764,413.48220906995937,0.0
427,4.0,4.494938906517824,0.4949389065178238,72.51112388353022,67.95947796700192,412.92222308952006,0.0
428,4.0,4.492171203841808,0.49217120384180824,72.50557144994698,67.95947448981941,412.3813890341377,0.0
429,4.0,4.4895006927937775,0.4895006927937775,72.49849158519613,67.95946995775105,411.85919605834823,0.0
430,4.0,4.4869242169600465,0.4869242169600465,72.48989016737247,67.95947005596443,411.3550299508286,0.0
431,4.0,4.484432061938876,0.4844320619388762,72.47976900670368,67.95946927185759,410.8669968825639,0.0
432,4.0,4.482036077925039,0.4820360779250388,72.46817659374962,67.95947156508757,410.39741765208987,0.0
433,4.0,4.479741076572022,0.47974107657202225,72.455131588852,67.95947894966946,409.94723447739585,0.0
434,4.0,4.4775342451704745,0.4775342451704745,72.44065897673231,67.95947673311329,418.8258719099708,0.0
435,4.0,4.475183181371975,0.4751831813719747,72.4286689824228,67.95947881930712,418.36497242603326,0.0
436,4.0,4.472482336141847,0.4724823361418471,72.4225509846299,67.95947648880983,417.83706168833527,0.0
437,4.0,4.469571977816339,0.4695719778163392,72.41991232017875,67.95948279414448,417.2690044886904,0.0
438,4.0,4.466520870735783,0.4665208707357831,72.41914022536272,67.95948858329857,416.67388138564877,0.0
439,4.0,4.46345023971858,0.46345023971858,72.41909920692024,67.95949028883368,416.0750999847202,0.0
440,4.0,4.460375757398363,0.4603757573983627,72.41904061152094,67.95948883117028,415.4755640005214,0.0
441,4.0,4.457338418615027,0.4573384186150271,72.41843699756811,67.9594843182162,414.8831600246777,0.0
442,4.0,4.4543542580974735,0.45435425809747354,72.4169248383899,67.95948580583921,414.3009408093235,0.0
443,4.0,4.451448973824197,0.45144897382419735,72.41425090818936,67.95948200936846,413.7338659109332,0.0
444,4.0,4.448643029612472,0.44864302961247216,72.41028681239366,67.95948150435851,413.18589965829483,0.0
445,4.0,4.445926761050971,0.44592676105097073,72.40491903357179,67.95948444105994,412.65513442333344,0.0
446,4.0,4.443299676495195,0.44329967649519464,72.39812242617386,67.95948844848009,412.1414692800326,0.0
447,4.0,4.440767301161283,0.4407673011612827,72.38986046048603,67.9594810300771,411.6459742919259,0.0
448,4.0,4.438329634247743,0.43832963424774274,72.38014354686489,67.95947778463042,411.1686515235653,0.0
449,4.0,4.435991969618351,0.4359919696183514,72.36899808909659,67.95947212235801,410.71053877051804,0.0
450,4.0,4.433717917787396,0.433717917787396,72.35645271975471,67.95947212182689,410.26454604277427,0.0
451,4.0,4.431542114677641,0.43154211467764103,72.34251370812464,67.95947741254234,418.2525000048964,0.0
452,4.0,4.429247256127732,0.4292472561277316,72.33070978282642,67.95947712292559,417.8026016961541,0.0
453,4.0,4.4266340566023565,0.42663405660235654,72.32409132376593,67.95947575585777,417.2916817806332,0.0
454,4.0,4.423843610510543,0.4238436105105432,72.3205084330958,67.95947687417309,416.7468161851153,0.0
455,4.0,4.420952975328729,0.42095297532872866,72.31853193251474,67.95947638118933,416.18274040393436,0.0
456,4.0,4.418029434450527,0.41802943445052687,72.31712876330054,67.95947717131912,415.61236460536537,0.0
457,4.0,4.415105405059176,0.41510540505917604,72.31561043018611,67.9594818709645,415.0418701349755,0.0
458,4.0,4.412224706446577,0.41222470644657694,72.31349818927801,67.95948505795255,414.4797044115354,0.0
459,4.0,4.4094001948929105,0.40940019489291046,72.31048044287587,67.95948454359063,413.9283110647587,0.0
460,4.0,4.406650570529286,0.406650570529286,72.30634221615091,67.95948680148918,413.39129293610404,0.0
461,4.0,4.403978478504167,0.40397847850416735,72.3009446466161,67.95948605450141,412.8691376382215,0.0
462,4.0,4.4013860354181,0.40138603541810003,72.29421975863629,67.95948878990875,412.3622441475634,0.0
463,4.0,4.398888209633831,0.39888820963383065,72.28610066874536,67.95948808675901,411.8735177757092,0.0
464,4.0,4.3964815013513165,0.39648150135131655,72.27659308246938,67.95948989953455,411.4022773166654,0.0
465,4.0,4.394159096396482,0.39415909639648206,72.26568236411569,67.95948773947323,410.9471911438979,0.0
466,4.0,4.391946810130625,0.3919468101306247,72.25341124489792,67.95947480052035,418.1562648609794,0.0
467,4.0,4.389638702572396,0.3896387025723964,72.24295498524023,67.95947428100695,417.7040597076387,0.0
468,4.0,4.387058506818377,0.38705850681837717,72.23708658153807,67.95947355422739,417.19972950950216,0.0
469,4.0,4.384323070507391,0.38432307050739123,72.23383775105584,67.95947279890939,416.6656595481575,0.0
470,4.0,4.381503613167169,0.38150361316716896,72.23191356220704,67.95947158079072,416.11547455244846,0.0
471,4.0,4.37865795171598,0.37865795171598027,72.2303877929739,67.95947373346591,415.5602606839294,0.0
472,4.0,4.375827143946166,0.37582714394616623,72.22864624304029,67.9594753135928,415.00789946596274,0.0
473,4.0,4.373035220740592,0.3730352207405918,72.22627276587043,67.95947502096598,414.46299240948736,0.0
474,4.0,4.370288457867751,0.3702884578677512,72.22295510642873,67.95948039075432,413.926699889703,0.0
475,4.0,4.367612979541858,0.3676129795418577,72.21851745041144,67.95947923847045,413.4040804529139,0.0
476,4.0,4.365008724136216,0.3650087241362163,72.21283942213462,67.9594785234393,412.8950976815739,0.0
477,4.0,4.3624900623905685,0.36249006239056847,72.20584491398836,67.95948117645133,412.40253847720385,0.0
478,4.0,4.360053978136045,0.3600539781360448,72.19751900654848,67.959473216532,411.92581173580726,0.0
479,4.0,4.357709322274708,0.3577093222747081,72.18782046797956,67.95947726456363,411.4666351075809,0.0
480,4.0,4.354215219718018,0.35421521971801795,72.17676363127197,67.9594756010859,410.7830409714117,0.0
481,4.0,4.35205102106678,0.35205102106677977,72.16425988398564,67.95947920152648,410.35848484050905,0.0
482,4.0,4.34998752311799,0.3499875231179903,72.15025497060091,67.95947755254261,416.7780179366775,0.0
483,4.0,4.347840484003968,0.34784048400396816,72.13767868575867,67.95946093048117,416.3567941341258,0.0
484,4.0,4.345468564900272,0.3454685649002718,72.12904113253951,67.95946454076403,415.892517986693,0.0
485,4.0,4.342959487532806,0.3429594875328057,72.1226161009127,67.95946102401791,422.08965487815203,0.0
486,4.0,4.340227676744744,0.3402276767447443,72.12002849275,67.95946668615949,421.5564270272992,0.0
487,4.0,4.337167755869188,0.3371677558691877,72.12286209745304,67.95947530836332,420.9603170909469,0.0
488,4.0,4.333918518936617,0.33391851893661695,72.1288388419436,67.95948795093028,420.3279280033486,0.0
489,4.0,4.330572168040344,0.3305721680403444,72.13642395897173,67.95943177397375,419.67692802360233,0.0
490,4.0,4.327197633365789,0.3271976333657891,72.14452243013164,67.95941969160931,419.02053650628324,0.0
491,4.0,4.323820656072706,0.32382065607270594,72.15240909798176,67.95942640833925,418.36362589209403,0.0
492,4.0,4.32049160727611,0.3204916072761099,72.15955368798986,67.95943599278758,417.71591094134527,0.0
493,4.0,4.317216862766398,0.31721686276639804,72.16562182034461,67.95944444779745,417.07856703695944,0.0
494,4.0,4.314010916623433,0.31401091662343283,72.17039937534912,67.95929015088721,416.45437701795663,0.0
495,4.0,4.309917485610458,0.30991748561045807,72.1737257613428,67.95925725068959,415.6568330106958,0.0
496,4.0,4.3068880467152395,0.3068880467152395,72.17543998896062,67.95927991742523,415.0664403151237,0.0
497,4.0,4.303973463399427,0.3039734633994273,72.17543484726937,67.95931797280993,414.49809552506224,0.0
498,4.0,4.301139438626729,0.30113943862672876,72.17372297731768,67.95937161084576,413.9451132838793,0.0
499,4.0,4.298414435433126,0.2984144354331262,72.17035864723893,67.95914539964784,413.41305492087906,0.0
500,4.0,4.2957980537267755,0.2957980537267755,72.16536746803484,67.95910112366869,412.9018476619347,0.0
501,4.0,4.293271136193003,0.2932711361930034,72.15879174115682,67.95911934595686,412.4077644820457,0.0
502,4.0,4.290840626905513,0.2908406269055126,72.15068794200798,67.959190889813,411.9321710209172,0.0
503,4.0,4.288502016842621,0.2885020168426209,72.14110905494202,67.95928705155826,411.47419887154575,0.0
504,4.0,4.286266882940266,0.28626688294026614,72.13010556621784,67.95939136333965,411.0361158951008,0.0
505,4.0,4.284102625612431,0.28410262561243105,72.11769750476256,67.95898862791653,410.61156936604874,0.0
506,4.0,4.2820449249361765,0.2820449249361765,72.1039428123929,67.95892592402512,410.2075287937519,0.0
507,4.0,4.2800604404824805,0.28006044048248047,72.08889035706474,67.95896259878087,409.81750285638554,0.0
508,4.0,4.2781639920145835,0.2781639920145835,72.07259439302472,67.95906756051257,409.44439256747364,0.0
509,4.0,4.276351824969437,0.2763518249694368,72.05509826725095,67.95919803667871,409.0874747405213,0.0
510,4.0,4.274612388379545,0.2746123883795448,72.03643390715041,67.95865810097958,408.74450358100864,0.0
511,4.0,4.272955024767148,0.27295502476714795,72.01665871198735,67.9585934239246,408.4173126879381,0.0
512,4.0,4.271374543338551,0.2713745433385508,71.99581018747533,67.95869019703434,408.10489763447464,0.0
513,4.0,4.26989270024997,0.2698927002499696,71.97390990166271,67.95888011295439,407.81150542473875,0.0
514,4.0,4.2684714804516,0.2684714804516002,71.95102880873306,67.95910103011504,407.5297376733044,0.0
515,4.0,4.267105935361713,0.26710593536171334,71.92719399755924,67.95838888142423,407.2586350746717,0.0
516,4.0,4.26583559260012,0.26583559260012013,71.90244264347808,67.95828654428006,407.00591322244924,0.0
517,4.0,4.264619377850335,0.26461937785033474,71.87681255018354,67.95839963533255,406.7635704565943,0.0
518,4.0,4.263465220614769,0.2634652206147692,71.85034746814702,67.95864424323152,406.53316205898636,0.0
519,4.0,4.257463186479686,0.25746318647968636,71.82309926269605,67.95892678484557,405.357261479751,0.0
520,4.0,4.2520008896445,0.25200088964450007,71.79468049281373,67.95921068227638,404.2863754533331,0.0
521,4.0,4.251124219663101,0.25112421966310094,71.76443225674996,67.95824842767954,404.109319763716,0.0
522,4.0,4.25037054457499,0.25037054457498975,71.73234901777109,67.95807554339291,403.95588052865355,0.0
523,4.0,4.249727166199476,0.24972716619947644,71.69884580857311,67.95816417441596,403.823665771722,0.0
524,4.0,4.24919633505743,0.24919633505743022,71.6642343679394,67.95842487752132,403.7131775632424,0.0
525,4.0,4.2487249670530565,0.24872496705305647,71.62870854973997,67.95876202236647,403.61410387161504,0.0
526,4.0,4.2483122469112935,0.2483122469112935,71.59247299099535,67.95755327610439,403.52632718668576,0.0
527,4.0,4.24798283167009,0.2479828316700896,71.5556486775784,67.9574518776173,403.45468019035053,0.0
528,4.0,4.247719064050029,0.2477190640500293,71.51829286066815,67.95766827804356,403.3957314090299,0.0
529,4.0,4.247479008921704,0.2474790089217036,71.48051920081699,67.95808940753783,403.341326504651,0.0
530,4.0,4.247304099269076,0.24730409926907626,71.44239803292503,67.95859368578948,403.2995591713311,0.0
531,4.0,4.247173327956842,0.24717332795684221,71.40395766664382,67.95716828114446,403.2663388133105,0.0
532,4.0,4.238158237377206,0.2381582373772062,71.36523122980499,67.95703568857567,401.50062294821333,0.0
533,4.0,4.238139315452895,0.23813931545289524,71.32557241413564,67.95730796662205,401.48897719357234,0.0
534,4.0,4.238248745589912,0.23824874558991205,71.28437722988669,67.95782236919932,401.50205656184767,0.0
535,4.0,4.23845044806036,0.23845044806035975,71.2421278562421,67.95843212563356,401.5329226299052,0.0
536,4.0,4.238733554951675,0.2387335549516747,71.19915397774096,67.95899741439298,401.5795225329924,0.0
537,4.0,4.239055079778921,0.23905507977892082,71.15570111975457,67.95718383026362,401.6335232931298,0.0
538,4.0,4.239437850784327,0.2394378507843271,71.1119474502352,67.95684914374543,401.6994122185024,0.0
539,4.0,4.239868790174069,0.2398687901740688,71.0680105064965,67.95699456147226,401.77466273787564,0.0
540,4.0,4.240336835421022,0.24033683542102224,71.02398038022022,67.95746213983726,401.8571357183005,0.0
541,4.0,4.240833734542689,0.2408337345426892,70.9799486091335,67.95807639016665,401.94524032716384,0.0
542,4.0,4.241357305221269,0.2413573052212694,70.93595623390686,67.95609634929639,402.0385591990477,0.0
543,4.0,4.2323402614440795,0.2323402614440795,70.89204124523005,67.95593693056779,400.2714791197634,0.0
544,4.0,4.232957241311261,0.2329572413112606,70.84749080075551,67.95635711974634,400.38291248372104,0.0
545,4.0,4.233679894642978,0.2336798946429779,70.8016689328603,67.95713192068413,400.5147046345533,0.0
546,4.0,4.23448452715364,0.23448452715364,70.75508484837906,67.95801444352337,400.6623369847282,0.0
547,4.0,4.235353275331474,0.235353275331474,70.70807993579187,67.95884274114277,400.822394323178,0.0
548,4.0,4.236260794644781,0.23626079464478078,70.66091096545749,67.9567238530873,400.9899856496528,0.0
549,4.0,4.237206138298342,0.23720613829834214,70.61374015213374,67.95635884710873,401.1649586126029,0.0
550,4.0,4.238177859170663,0.23817785917066292,70.56670042431688,67.95651008620779,401.34510739985626,0.0
551,4.0,4.239168097205461,0.23916809720546084,70.51987432637749,67.95701742132403,401.5289156160851,0.0
552,4.0,4.240175037899656,0.24017503789965566,70.47333944185186,67.95770643333569,401.7160447226361,0.0
553,4.0,4.231078476744334,0.2310784767443339,70.42713647547858,67.95562077042786,399.93306278665796,0.0
554,4.0,4.232156731196616,0.23215673119661595,70.38051446456042,67.955510181723,400.1340929684756,0.0
555,4.0,4.233327601122675,0.23332760112267525,70.33279829245294,67.95602714753483,400.35297289282187,0.0
556,4.0,4.234574505277453,0.23457450527745305,70.28452196360452,67.956907012536,400.58657519094044,0.0
557,4.0,4.2358629220994874,0.23586292209948745,70.23603960954269,67.95789011676452,400.828238324175,0.0
558,4.0,4.237181787701736,0.23718178770173637,70.18761146675878,67.95593598299045,401.075856277718,0.0
559,4.0,4.238527987646153,0.2385279876461528,70.13940832680451,67.95585230256745,401.3288553974005,0.0
560,4.0,4.239878931151456,0.23987893115145642,70.09155941812116,67.95632607393388,401.58285585835097,0.0
561,4.0,4.241240292361335,0.2412402923613346,70.04414408445392,67.957097427727,401.83897960248834,0.0
562,4.0,4.2333857421269805,0.2333857421269805,69.99723391377863,67.95797880095964,400.2981063623023,0.0
563,4.0,4.2347893457934624,0.23478934579346245,69.9501417543156,67.95876447748283,400.5625435254288,0.0
564,4.0,4.236280767869597,0.23628076786959706,69.90227584891689,67.95664436037693,400.84395943136394,0.0
565,4.0,4.237816592663557,0.23781659266355692,69.8541225611893,67.95627765791248,401.1339838625616,0.0
566,4.0,4.239400816144741,0.23940081614474096,69.8060053253708,67.95645959297299,401.43345963399383,0.0
567,4.0,4.241016508927004,0.24101650892700377,69.75814794738363,67.95700556202137,401.73912939963947,0.0
568,4.0,4.242642412805619,0.24264241280561905,69.71072448213374,67.95774239826972,402.04688182186175,0.0
569,4.0,4.244259942848829,0.2442599428488288,69.66383395173385,67.95572731267936,402.3531120620555,0.0
570,4.0,4.236602508248695,0.2366025082486951,69.61756110497298,67.95563497334709,400.8508512916285,0.0
571,4.0,4.238247770252836,0.23824777025283606,69.57121745645745,67.95616364048581,401.16260852926075,0.0
572,4.0,4.239971956455483,0.23997195645548342,69.5242229755292,67.95702041655733,401.4896347929654,0.0
573,4.0,4.24173857005233,0.24173857005232957,69.47706893189738,67.9579952894886,401.82490943663845,0.0
574,4.0,4.243536996337738,0.2435369963377383,69.43007906992814,67.958859041801,402.16642585901775,0.0
575,4.0,4.245340585087761,0.24534058508776102,69.38346982459242,67.95677018946887,402.50902942645536,0.0
576,4.0,4.247143724055587,0.24714372405558738,69.3373981837201,67.95641160745774,402.8516562081895,0.0
577,4.0,4.248943973538801,0.24894397353880127,69.29197353261581,67.95656064945746,403.1938515655759,0.0
578,4.0,4.2507428821443405,0.2507428821443405,69.2472787652699,67.95705637663823,403.5359333694226,0.0
579,4.0,4.243205837470547,0.2432058374705468,69.20335811919665,67.95773849337624,402.057660534292,0.0
580,4.0,4.245017278725954,0.24501727872595414,69.15951103462359,67.955653842335,402.4023621845029,0.0
581,4.0,4.246890103053449,0.24689010305344894,69.11513106535118,67.95553014648604,402.75893537874833,0.0
582,4.0,4.248796723625776,0.24879672362577576,69.07068917546242,67.95602900758384,403.12209235296166,0.0
583,4.0,4.251749866234624,0.2517498662346238,69.0264864365186,67.95688593726348,403.6893730946587,0.0
584,4.0,4.253685171255203,0.25368517125520285,68.98283071585004,67.95789803655583,404.0582871039512,0.0
585,4.0,4.2556170735481915,0.2556170735481915,68.93998178271605,67.95602457432136,404.42669933262533,0.0
586,4.0,4.257520330992459,0.25752033099245875,68.89796307811227,67.95598599710043,404.7896918166429,0.0
587,4.0,4.259397806342848,0.25939780634284837,68.85677250806604,67.95646497321184,405.1478220935057,0.0
588,4.0,4.251871544354991,0.2518715443549908,68.816425516214,67.95722194435575,403.67239159115354,0.0
589,4.0,4.253751480461655,0.25375148046165474,68.77623738990472,67.95807739444099,404.0312050169707,0.0
590,4.0,4.255688787752497,0.25568878775249715,68.73561817748696,67.9588307877014,404.4011270477431,0.0
591,4.0,4.257657643270301,0.25765764327030105,68.69493534044273,67.95669661619398,404.777193332447,0.0
592,4.0,4.259652617486712,0.2596526174867124,68.65453811738954,67.95630013740514,405.15841255326995,0.0
593,4.0,4.261633335004335,0.26163333500433517,68.61472707657643,67.95645589676714,405.5369693996307,0.0
594,4.0,4.263605928073165,0.2636059280731651,68.57548833046535,67.95698236738085,405.9140567855991,0.0
595,4.0,4.265562395073962,0.26556239507396207,68.53704198687308,67.9577209562652,406.2881566237862,0.0
596,4.0,4.258078281273958,0.25807828127395815,68.49939035306157,67.95571546959697,404.8215004287135,0.0
597,4.0,4.260029087079267,0.26002908707926675,68.46183318222795,67.95563921012149,405.1946757271942,0.0
598,4.0,4.262046113539037,0.2620461135390366,68.42379909373699,67.95617689241392,405.58067626231417,0.0
599,4.0,4.264085395693423,0.2640853956934226,68.3857834298844,67.95706509461183,405.9710242682932,0.0
600,4.0,4.266146122083897,0.26614612208389676,68.34806472708294,67.95804853491386,406.36561503456255,0.0
601,4.0,4.268200661968219,0.2682006619682191,68.31089249284882,67.95891566813319,406.75910839674526,0.0
602,4.0,4.270240450759417,0.2702404507594167,68.2743213068917,67.95682462826143,407.14984456697897,0.0
603,4.0,4.272256998804126,0.2722569988041261,68.23863038059382,67.95641403963414,407.53622145099075,0.0
604,4.0,4.274264385582742,0.27426438558274224,68.20365988992367,67.95655508612114,407.92095363189384,0.0
605,4.0,4.266762996460344,0.2667629964603444,68.16970327342929,67.95703711961166,406.4516722898625,0.0
606,4.0,4.268750057493849,0.2687500574938486,68.13583915617001,67.9577011321563,406.83265969194565,0.0
607,4.0,4.280718391042506,0.2807183910425062,68.10149722538364,67.9556405631887,409.1599069625078,0.0
608,4.0,4.282725937047643,0.28272593704764315,68.0680652863903,67.95553306237895,409.54497814526934,0.0
609,4.0,4.284653101896718,0.2846531018967182,68.03629716870874,67.95604789945004,409.9146964404649,0.0
610,4.0,4.286528075335749,0.28652807533574887,68.00599653036126,67.95690795273141,410.2745208579746,0.0
611,4.0,4.28833088124424,0.28833088124423956,67.9771123226072,67.95791895581853,410.6205459217755,0.0
612,4.0,4.290083045325128,0.29008304532512774,67.94923533943899,67.95884432895167,410.95689061519926,0.0
613,4.0,4.291783522551832,0.2917835225518317,67.92240269781962,67.9567823600464,411.28335801001725,0.0
614,4.0,4.283948598462328,0.2839485984623282,67.89666667438092,67.95642921146967,409.7506335300573,0.0
615,4.0,4.285622190547872,0.28562219054787175,67.87105286992357,67.95658785965972,410.07209489103815,0.0
616,4.0,4.287340523167422,0.28734052316742176,67.84500450923568,67.95707113188124,410.4021996011543,0.0
617,4.0,4.289081879554048,0.28908187955404774,67.81880637879104,67.95774864818597,410.73676729342634,0.0
618,4.0,4.290845505318628,0.29084550531862785,67.79287876695052,67.95563053587132,411.0757310108444,0.0
619,4.0,4.2925952389595095,0.29259523895950945,67.76745470913963,67.95548589201994,411.412083606259,0.0
620,4.0,4.303759252525892,0.3037592525258921,67.74248789637846,67.95600284234798,413.5843097003391,0.0
621,4.0,4.305421832419579,0.30542183241957943,67.71895521050784,67.9568714586987,413.904031055472,0.0
622,4.0,4.297433165016973,0.29743316501697326,67.69740131902682,67.95786526987928,412.34213740909024,0.0
623,4.0,4.298928215042178,0.2989282150421779,67.67688956058669,67.95599368573204,412.6297682790273,0.0
624,4.0,4.300464331174883,0.3004643311748829,67.65612563289059,67.95593467825188,418.7844147088432,0.0
625,4.0,4.3018521898551265,0.3018521898551265,67.6379357455424,67.95640760370023,419.05158722661844,0.0
626,4.0,4.302961332809015,0.3029613328090148,67.62436711463957,67.95718651538668,419.2652897994846,0.0
627,4.0,4.303852778573086,0.303852778573086,67.61416932294655,67.95804985642673,425.3623119649669,0.0
628,4.0,4.304472678312291,0.3044726783122913,67.60862935375921,67.95879360173001,425.4821392035766,0.0
629,4.0,4.304684315623515,0.30468431562351483,67.60923377757312,67.95669839157135,425.5235233828453,0.0
630,4.0,4.304657125116773,0.3046571251167727,67.61366817978963,67.95630821760597,431.4598782042545,0.0
631,4.0,4.304830360879631,0.304830360879631,67.62327179969036,67.95648490487729,431.49548512524746,0.0
632,4.0,4.304062907009683,0.3040629070096834,67.63911626946405,67.95700873078896,431.34884471464704,0.0
633,4.0,4.303016102642505,0.30301610264250467,67.65908299270505,67.95772556557,437.05732988013864,0.0
634,4.0,4.301637126140542,0.30163712614054194,67.68397653309603,67.95573007333465,436.79316621354536,0.0
635,4.0,4.299881988544393,0.2998819885443931,67.71468896314084,67.95563594617742,436.45676075488575,0.0
636,4.0,4.297863543072076,0.29786354307207574,67.74906024991152,67.95617787501297,436.06970989994704,0.0
637,4.0,4.295671917134412,0.29567191713441243,67.7856886232192,67.95704319642212,435.64932237265197,0.0
638,4.0,4.293400677679219,0.2934006776792186,67.82340092809727,67.95801932077474,435.21362069397645,0.0
639,4.0,4.291075587587877,0.2910755875878772,67.86145031507812,67.95889779538497,434.76748646022315,0.0
640,4.0,4.281672029101434,0.28167202910143363,67.8995034067854,67.95682757828969,432.9410556675689,0.0
641,4.0,4.287459680163925,0.2874596801639253,67.93656418693696,67.95647171297568,434.0767252503194,0.0
642,4.0,4.285181680227197,0.2851816802271969,67.97259639993156,67.95660304456851,433.6394001619409,0.0
643,4.0,4.282907419668448,0.28290741966844823,68.00828321276725,67.9570722871096,433.2027418528319,0.0
644,4.0,4.2806554453415036,0.28065544534150355,68.04335533419757,67.95772750587773,432.77031533303307,0.0
645,4.0,4.278412698969213,0.2784126989692126,68.07782282803181,67.95564036120024,432.3395759830859,0.0
646,4.0,4.2761984604346335,0.2761984604346335,68.11128991530299,67.95552421863344,431.9142074058241,0.0
647,4.0,4.274028873473644,0.274028873473644,68.14385644720282,67.95602474729708,431.4973764796351,0.0
648,4.0,4.2624227233569485,0.2624227233569485,68.17551216786381,67.95690943059935,429.2402441188875,0.0
649,4.0,4.269894854066515,0.26989485406651514,68.2054293113706,67.95791608319838,430.7030459056409,0.0
650,4.0,4.2679343478056575,0.2679343478056575,68.23352933620656,67.95603646029426,430.3261373617555,0.0
651,4.0,4.265978855966058,0.26597885596605764,68.26132291265965,67.95596871809211,429.9501500308165,0.0
652,4.0,4.264060258252048,0.26406025825204793,68.28840860786626,67.9564358798343,429.5812233020066,0.0
653,4.0,4.262167243167859,0.262167243167859,68.3147016558309,67.95721179737646,429.21713498930336,0.0
654,4.0,4.2603004091699574,0.26030040916995745,68.340220541884,67.95806112430702,428.85800516806444,0.0
655,4.0,4.2584838660917885,0.25848386609178853,68.36485526728941,67.95881051600058,428.5085139441055,0.0
656,4.0,4.256686089393309,0.25668608939330895,68.38858080563203,67.95667556340234,428.16250903589037,0.0
657,4.0,4.245506791033202,0.24550679103320228,68.41155375198394,67.95626379883454,425.98696421617564,0.0
658,4.0,4.253306130564003,0.2533061305640034,68.43297762608292,67.95642977149541,427.5119571911278,0.0
659,4.0,4.251715339118624,0.25171533911862376,68.45287340272324,67.95698323473879,427.2055817888877,0.0
660,4.0,4.2501486758666704,0.25014867586667044,68.47231876287493,67.95772065981107,426.90382577752354,0.0
661,4.0,4.248583110787876,0.24858311078787576,68.49131075641235,67.95574950305881,426.60219766104996,0.0
662,4.0,4.247037810689746,0.24703781068974617,68.50975238890975,67.955684062285,426.3044162095436,0.0
663,4.0,4.245533037748224,0.2455330377482241,68.52744128691567,67.95622433108016,426.0143934669043,0.0
664,4.0,4.244044697349238,0.24404469734923762,68.5444186525398,67.9570887194949,425.7274388121452,0.0
665,4.0,4.24258780765292,0.24258780765291998,68.56084950549409,67.95803971945115,425.44651249721034,0.0
666,4.0,4.239439006273578,0.23943900627357806,68.57652887305987,67.95889430087061,424.8355192572112,0.0
667,4.0,4.239837720592169,0.23983772059216868,68.59124595683632,67.95681220017063,424.916106676046,0.0
668,4.0,4.238495762070373,0.23849576207037337,68.6052365289771,67.95642816166001,424.6571233510069,0.0
669,4.0,4.237189899450318,0.23718989945031765,68.61865925686045,67.95656605479154,424.40506971487116,0.0
670,4.0,4.2359287123790725,0.23592871237907254,68.6313986284238,67.95704593917293,424.16159644306447,0.0
671,4.0,4.234676943146157,0.23467694314615706,68.6434095965721,67.9577211397745,423.91981951392586,0.0
672,4.0,4.233455246013251,0.23345524601325085,68.65495092607648,67.95564399212246,423.68381638797433,0.0
673,4.0,4.2322812398029495,0.23228123980294946,68.66583872706109,67.95551520330888,423.45698718509516,0.0
674,4.0,4.221742063762477,0.22174206376247696,68.67600135441575,67.95604935080992,421.4038101634574,0.0
675,4.0,4.230078330478381,0.23007833047838133,68.68493188223273,67.95695111769768,423.031106812388,0.0
676,4.0,4.22908146590077,0.22908146590077028,68.69262315266025,67.95794520884122,422.83820371678996,0.0
677,4.0,4.228067967364284,0.22806796736428403,68.70030750083107,67.95886626342842,422.6420558283528,0.0
678,4.0,4.227090836390746,0.22709083639074557,68.70748329266236,67.95679508351321,422.45290153070766,0.0
679,4.0,4.22610796369647,0.22610796369647002,68.71444319541945,67.95644165210567,422.2625860297015,0.0
680,4.0,4.225136825657069,0.22513682565706894,68.72105295896924,67.95656885076204,422.0744912645356,0.0
681,4.0,4.224201863252994,0.2242018632529943,68.72727061987403,67.9570402248527,421.8933750974852,0.0
682,4.0,4.223266206581454,0.2232662065814539,68.73300197338858,67.95769770821235,421.712029670447,0.0
683,4.0,4.2130207635076795,0.2130207635076795,68.73826988172367,67.95558790834804,419.7151864124331,0.0
684,4.0,4.221594267014676,0.22159426701467577,68.7423643553321,67.95547445866077,421.38781099899893,0.0
685,4.0,4.220832128047439,0.220832128047439,68.74540631355949,67.95600750880345,421.23978189756514,0.0
686,4.0,4.220067698471129,0.22006769847112917,68.74833038357575,67.95689146097664,421.09128336461447,0.0
687,4.0,4.219291487344817,0.21929148734481707,68.75127508543237,67.95788898749127,420.94049144192724,0.0
688,4.0,4.2185634439232915,0.21856344392329152,68.75407062654537,67.95602786944632,420.7990634096351,0.0
689,4.0,4.2178398760199975,0.21783987601999755,68.75645291519871,67.95597320969264,420.658428230642,0.0
690,4.0,4.217122354315244,0.21712235431524363,68.75850582395933,67.95645367176886,420.51890839494075,0.0
691,4.0,4.216421603203233,0.21642160320323267,68.76039016414306,67.95720862277962,420.38262624524543,0.0
692,4.0,4.215744049451673,0.21574404945167291,68.76188998034024,67.95805212581314,420.250793244348,0.0
693,4.0,4.215100741826641,0.21510074182664063,68.76287102894476,67.95880460328027,420.12553794087677,0.0
694,4.0,4.214474516307244,0.21447451630724412,68.76364467606474,67.95667493348955,420.0035735493302,0.0
695,4.0,4.213849225348999,0.21384922534899875,68.76400590872991,67.95627444403972,419.8817116574149,0.0
696,4.0,4.213266395385078,0.2132663953850784,68.76427520646729,67.95642492103659,419.76811188385904,0.0
697,4.0,4.212690585730872,0.21269058573087207,68.76396911785378,67.95697677622415,419.65576981828576,0.0
698,4.0,4.212139971944715,0.21213997194471457,68.76345172208455,67.95772201700882,419.54830009081115,0.0
699,4.0,4.211595741143813,0.21159574114381297,68.76255159020526,67.95574408022037,419.4420010447092,0.0
700,4.0,4.201690116803883,0.20169011680388316,68.76150585266512,67.95567245245425,417.5102021085956,0.0
701,4.0,4.210634516970119,0.21063451697011892,68.75920035302775,67.9562177287645,419.2539143912932,0.0
702,4.0,4.210252772389796,0.21025277238979623,68.75611892340052,67.95709979539208,419.178878451958,0.0
703,4.0,4.20986124249312,0.20986124249311988,68.75324302388388,67.95805535187678,419.1019741360497,0.0
704,4.0,4.209459320174447,0.2094593201744468,68.7504174486242,67.95891328837732,419.02305304948686,0.0
705,4.0,4.209063958424758,0.20906395842475778,68.7475027350859,67.95685444028182,418.94539406536916,0.0
706,4.0,4.208665687608603,0.20866568760860282,68.74459705832206,67.956466165224,418.86716958396545,0.0
707,4.0,4.208283546977289,0.208283546977289,68.74150770625222,67.95658617165104,418.7920550098957,0.0
708,4.0,4.207930902422576,0.20793090242257595,68.73828230876957,67.95706456751873,418.7226659027354,0.0
709,4.0,4.207551534438935,0.20755153443893537,68.73486896715674,67.9577364750968,418.6480294321256,0.0
710,4.0,4.207203137233581,0.20720313723358075,68.73126771421217,67.95565007482557,418.5793959802232,0.0
711,4.0,4.206869660861911,0.20686966086191116,68.72751437333126,67.95551746011299,418.51364273639365,0.0
712,4.0,4.206550929163213,0.20655092916321305,68.72350108327244,67.95602881164973,418.4507145111742,0.0
713,4.0,4.206226227430226,0.20622622743022578,68.7194665722168,67.9569247611822,418.386618074088,0.0
714,4.0,4.205949283517119,0.2059492835171186,68.71504810209436,67.95791603991526,418.3317602709705,0.0
715,4.0,4.205668991914948,0.2056689919149477,68.71064353892238,67.95602143962005,418.2762524102327,0.0
716,4.0,4.205395542893272,0.2053955428932719,68.70596291153608,67.95596846154402,418.22202557457,0.0
717,4.0,4.205139440517152,0.2051394405171516,68.70124851300372,67.95644344136099,418.17117487262556,0.0
718,4.0,4.204947050372471,0.2049470503724713,68.69617294418086,67.95720299832695,418.13267835394464,0.0
719,4.0,4.204722110215609,0.20472211021560938,68.6910087286123,67.95807665932342,418.0878175334668,0.0
720,4.0,4.204523233747944,0.20452323374794368,68.68579292742831,67.95883279047358,418.0480292445204,0.0
721,4.0,4.204323299217129,0.20432329921712888,68.68043457899151,67.95671177815908,418.00800718139965,0.0
722,4.0,4.204141165960415,0.2041411659604151,68.67488946390307,67.95631476491569,417.9714203824715,0.0
723,4.0,4.2039802207491705,0.20398022074917055,68.66928217735187,67.95647677974462,417.93895333443396,0.0
724,4.0,4.203807108700413,0.2038071087004134,68.66347586873985,67.95700148821989,417.90407541634147,0.0
725,4.0,4.203657856812453,0.20365785681245274,68.6576709968017,67.95772308666571,417.8738506017543,0.0
726,4.0,4.201943333932313,0.2019433339323129,68.65164719756125,67.95571391190742,417.5383557774671,0.0
727,4.0,4.203376737141358,0.20337673714135818,68.64547171032741,67.95563262660781,417.81667736392063,0.0
728,4.0,4.203297741937365,0.20329774193736494,68.63903213053554,67.95617150491498,417.8000303968965,0.0
729,4.0,4.203173433649882,0.20317343364988183,68.63272802493198,67.95707077217222,417.77457363939027,0.0
730,4.0,4.203110287756721,0.20311028775672124,68.62636416805562,67.95803009268676,417.7610321306046,0.0
731,4.0,4.202991561033475,0.2029915610334747,68.61977601247204,67.95889895560228,417.7366091960749,0.0
732,4.0,4.20290167238709,0.20290167238708978,68.61339347489196,67.95683296285497,417.71784947812995,0.0
733,4.0,4.202816414566054,0.20281641456605382,68.60687625455449,67.95647606304475,417.6999669039471,0.0
734,4.0,4.202766725787024,0.20276672578702382,68.6002348336178,67.95660061187814,417.68899645509975,0.0
735,4.0,4.202721027303298,0.20272102730329777,68.59361010049442,67.95707947659842,417.67880745649114,0.0
736,4.0,4.2026633456828675,0.20266334568286748,68.5868713283138,67.95772904614009,417.66625987670807,0.0
737,4.0,4.202611473902183,0.20261147390218337,68.58018570817245,67.95583015578548,417.6548555929497,0.0
738,4.0,4.202587778944918,0.20258777894491775,68.57337581944812,67.95574787987147,417.64892195442553,0.0
739,4.0,4.202559140705859,0.20255914070585934,68.56657481945541,67.95627341743392,417.6420262200699,0.0
740,4.0,4.2025402153094324,0.20254021530943245,68.55972964428143,67.95712878437857,417.63701610408754,0.0
741,4.0,4.202543950785368,0.20254395078536813,68.55280599719936,67.95808459117075,417.636409863845,0.0
742,4.0,4.202553352814779,0.20255335281477915,68.54592269042453,67.9589421007707,417.63691651146746,0.0
743,4.0,4.202532748071652,0.20253274807165234,68.53899124626828,67.95732814957483,417.63156269465435,0.0
744,4.0,4.202521908408801,0.20252190840880058,68.53217038948117,67.95705923725922,417.6281345137914,0.0
745,4.0,4.202526137667957,0.2025261376679568,68.52514984260546,67.95718083630078,417.627606427082,0.0
746,4.0,4.202570790854868,0.2025707908548684,68.51809775203226,67.95754486624581,417.6349550676409,0.0
747,4.0,4.2025952369158714,0.20259523691587145,68.51107388433262,67.95806098421609,417.6383688953661,0.0
748,4.0,4.202611487560413,0.20261148756041258,68.50414610787658,67.95670266416745,417.6402032648291,0.0
749,4.0,4.202651595037942,0.20265159503794195,68.49721799785937,67.9566659460759,417.646689787431,0.0
750,4.0,4.2026613837029805,0.20266138370298048,68.4902077870011,67.95707632520524,417.64724846538155,0.0
751,4.0,4.202742891951138,0.2027428919511376,68.48319303151641,67.9577075699068,417.6617917250967,0.0
752,4.0,4.212220784105987,0.21222078410598666,68.47615069743414,67.95841912513694,419.50862467491635,0.0
753,4.0,4.202729305863561,0.20272930586356086,68.46987828653046,67.95751408290923,417.6565787654625,0.0
754,4.0,4.202652161889686,0.20265216188968616,68.46428088759835,67.9575815357606,417.64045809452045,0.0
755,4.0,4.202667853813832,0.202667853813832,68.45828274304705,67.95787849893095,417.64236337101806,0.0
756,4.0,4.202697131665844,0.20269713166584413,68.45187005826891,67.95831147595688,417.6468382159412,0.0
757,4.0,4.202760107724868,0.20276010772486774,68.44523674617486,67.95876299139047,417.6578418657714,0.0
758,4.0,4.2028189857125,0.2028189857124998,68.43844776410214,67.95913106821929,417.66801655873985,0.0
759,4.0,4.202865176716906,0.20286517671690607,68.43171850552343,67.95824696128587,417.67572891143857,0.0
760,4.0,4.202978001723833,0.2029780017238334,68.42477943795956,67.95809641045494,417.69639465499347,0.0
761,4.0,4.212451401827605,0.2124514018276047,68.41792251530609,67.9581608837746,419.5423884807754,0.0
762,4.0,4.212497048830194,0.21249704883019405,68.41173783296982,67.95837884311034,419.55009989666763,0.0
763,4.0,4.212490405200392,0.2124904052003922,68.40690258114529,67.95869433312785,419.5478743045996,0.0
764,4.0,4.212391377303834,0.21239137730383373,68.40289721661685,67.95813089831374,419.5277934631636,0.0
765,4.0,4.2027911145711885,0.20279111457118848,68.39961917203719,67.95820222352783,417.6551117567547,0.0
766,4.0,4.202686168854859,0.2026861688548589,68.39591395263731,67.95844865411507,417.63393474542937,0.0
767,4.0,4.202676888278683,0.2026768882786829,68.39110294758657,67.95876466518693,417.6311998267001,0.0
768,4.0,4.202699511494488,0.20269951149448762,68.38549472728295,67.95910325553426,417.6345329167635,0.0
769,4.0,4.211606922901181,0.211606922901181,68.37944140738544,67.95870694752446,419.3703142125275,0.0
770,4.0,4.212255561160627,0.21225556116062716,68.37370012724071,67.95871615912776,419.4956948385885,0.0
771,4.0,4.212233824840182,0.21223382484018227,68.36897981144608,67.95881574475375,419.49054878445054,0.0
772,4.0,4.212187805816169,0.21218780581616858,68.36514046020378,67.95897149187917,419.48083701306416,0.0
773,4.0,4.212060061820602,0.2120600618206021,68.36178083528056,67.95915697759713,419.45528112691915,0.0
774,4.0,4.211981395028809,0.21198139502880942,68.35876280819744,67.95929922948106,419.4393609865318,0.0
775,4.0,4.211849390354965,0.2118493903549652,68.35596349970515,67.95898913880282,419.41308202346136,0.0
776,4.0,4.2117357473475625,0.2117357473475625,68.35322631987981,67.95895987148386,419.390395548328,0.0
777,4.0,4.211645612949135,0.21164561294913486,68.35062510886449,67.95899395462202,419.3723194048085,0.0
778,4.0,4.220916940440392,0.22091694044039212,68.34799125115438,67.95910196634344,421.17972207468046,0.0
779,4.0,4.220726228557638,0.22072622855763768,68.34615373047887,67.95921697091946,421.1421801231053,0.0
780,4.0,4.220477291561917,0.22047729156191664,68.34559378194973,67.95907124976515,421.0935298000056,0.0
781,4.0,4.220188167384162,0.22018816738416191,68.34590688571372,67.9590889246794,421.0372107564122,0.0
782,4.0,4.2103056975397175,0.2103056975397175,68.3467590590795,67.95916334501001,419.1102929055187,0.0
783,4.0,4.210044268554777,0.21004426855477742,68.34706610033113,67.9592641219633,419.05937326045733,0.0
784,4.0,4.209814467865257,0.20981446786525737,68.34620929548177,67.95936300361092,419.0143974664255,0.0
785,4.0,4.209628890331971,0.20962889033197118,68.3445612158554,67.95943410562361,418.97789312756686,0.0
786,4.0,4.2094430892040435,0.20944308920404353,68.34229727382363,67.95936370334185,418.94122684678507,0.0
787,4.0,4.218800923620014,0.21880092362001413,68.33961270936643,67.95935958987889,420.76548868489687,0.0
788,4.0,4.218703274967473,0.21870327496747333,68.33718662136897,67.95936110021984,420.7459810116004,0.0
789,4.0,4.218489525803842,0.21848952580384218,68.33596134790045,67.95936781310513,420.7040644879974,0.0
790,4.0,4.21821619675464,0.2182161967546401,68.33543061753107,67.95939519345674,420.65066334470043,0.0
791,4.0,4.217914592719724,0.21791459271972435,68.33539839921401,67.95937553426957,420.59184436723683,0.0
792,4.0,4.217659997130713,0.21765999713071338,68.33563609331301,67.95937881852554,420.5422438996717,0.0
793,4.0,4.217409771194337,0.2174097711943368,68.33589703741306,67.9593900219812,420.4934999819795,0.0
794,4.0,4.217107398414488,0.21710739841448756,68.33623531223382,67.95943715273694,420.4346022890425,0.0
795,4.0,4.226238680222876,0.22623868022287574,68.33658425842083,67.95946887786529,422.2152692916403,0.0
796,4.0,4.225849463335572,0.22584946333557188,68.33753912387549,67.95949129350826,422.13955547763265,0.0
797,4.0,4.2253983783618585,0.2253983783618585,68.33982910154668,67.95949129244846,422.052033941299,0.0
798,4.0,4.224883065714369,0.22488306571436922,68.34283682507717,67.95948538562703,421.9521259503394,0.0
799,4.0,4.22443862298075,0.2244386229807498,68.34629221438894,67.95947912727148,421.86612364909763,0.0
800,4.0,4.223986226831336,0.22398622683133596,68.34996440302693,67.9594678538488,421.7786121315061,0.0
801,4.0,4.223508919298996,0.22350891929899586,68.35363288445662,67.95947410186359,421.68624221964217,0.0
802,4.0,4.22301638418179,0.22301638418178982,68.35743323851814,67.95947844838233,421.5909283136494,0.0
803,4.0,4.222508688052473,0.22250868805247315,68.36106851440454,67.95948619096016,421.4926263196724,0.0
804,4.0,4.231405799246229,0.23140579924622884,68.36451770943161,67.95949256239008,423.2282260206863,0.0
805,4.0,4.230892976867173,0.2308929768671728,68.3685304414974,67.95949731975635,423.1289970424697,0.0
806,4.0,4.230272539551533,0.2302725395515326,68.37364972016242,67.95950801699036,423.0089959338201,0.0
807,4.0,4.229628495010762,0.2296284950107621,68.3795318264758,67.95951224611635,422.88453815886356,0.0
808,4.0,4.228942552132175,0.22894255213217463,68.38571716916053,67.9595094969436,422.7519686140593,0.0
809,4.0,4.228260974845923,0.22826097484592278,68.39199670578031,67.95950465229971,422.62026858139825,0.0
810,4.0,4.227574889775367,0.22757488977536688,68.39826227369181,67.95949839982033,422.4876869551603,0.0
811,4.0,4.226880792093215,0.22688079209321543,68.4043573933835,67.95949004556859,422.35351019583777,0.0
812,4.0,4.231224723421687,0.2312247234216871,68.4103395303517,67.95948042184845,423.2017274649279,0.0
813,4.0,4.234883438355203,0.23488343835520276,68.41646578777473,67.95946990944658,423.9163553627638,0.0
814,4.0,4.2341267696130584,0.23412676961305845,68.42330321002336,67.95946657745773,423.77012037264757,0.0
815,4.0,4.233309336445433,0.2333093364454326,68.43099666935838,67.95947137329799,423.6122011650678,0.0
816,4.0,4.23247224305021,0.23247224305020975,68.43910803996248,67.95947926950586,423.4505288015639,0.0
817,4.0,4.231607562150036,0.2316075621500362,68.44731876530696,67.9594885024375,423.283496181567,0.0
818,4.0,4.230762930510994,0.23076293051099395,68.45557422108055,67.95949008448565,423.1203819669833,0.0
819,4.0,4.229915661310294,0.22991566131029373,68.46354694451651,67.95949435408214,422.9566991913437,0.0
820,4.0,4.229071137852869,0.22907113785286892,68.4713724651029,67.95949765036714,422.79352367347434,0.0
821,4.0,4.237624745342837,0.23762474534283662,68.47887264194087,67.95949732484138,424.46292121730727,0.0
822,4.0,4.236781245793982,0.2367812457939822,68.48670390424705,67.95950115358744,424.2999468045325,0.0
823,4.0,4.235879914751879,0.2358799147518793,68.49559545815549,67.95949691429816,424.1258996309138,0.0
824,4.0,4.234900078323723,0.23490007832372317,68.50500929756068,67.95949065234736,423.9366447336207,0.0
825,4.0,4.2339219908298915,0.2339219908298915,68.51472922300866,67.95948641830657,423.74779009543755,0.0
826,4.0,4.232942729783025,0.23294272978302466,68.52428933564633,67.95948378559999,423.5586760875928,0.0
827,4.0,4.231961014256761,0.2319610142567612,68.53372852959188,67.95948097785454,423.36906041163496,0.0
828,4.0,4.230997540347298,0.2309975403472979,68.5429402838799,67.95948265318361,423.1829582668298,0.0
829,4.0,4.230044223597256,0.23004422359725574,68.5518353887909,67.9594795614603,422.99877597063085,0.0
830,4.0,4.23847881719577,0.23847881719577035,68.56036623798747,67.9594871178898,424.64516619362655,0.0
831,4.0,4.237518734307932,0.23751873430793236,68.56914935580176,67.9594922504337,424.4596433447962,0.0
832,4.0,4.236494601111275,0.23649460111127496,68.5789610574373,67.95949340638413,424.2618292449174,0.0
833,4.0,4.235439396094573,0.23543939609457265,68.5892424822702,67.95949357715318,424.05804700169654,0.0
834,4.0,4.23435974494717,0.23435974494717016,68.59962345705402,67.95949530130915,423.84951726239376,0.0
835,4.0,4.23328813490595,0.23328813490595035,68.61007444988189,67.95949969113722,423.642569349641,0.0
836,4.0,4.232216685311259,0.2322166853112586,68.62021094956962,67.95949817509434,423.4355923501597,0.0
837,4.0,4.2311361796099245,0.2311361796099245,68.63016638804119,67.95949261777156,423.226814758305,0.0
838,4.0,4.230051788250554,0.23005178825055417,68.63981742702835,67.95948978520926,423.01722099167375,0.0
839,4.0,4.2384333132737035,0.23843331327370354,68.64906997404047,67.9594873133364,424.65340426080024,0.0
840,4.0,4.237407732395506,0.23740773239550617,68.65859069169026,67.95949376630836,424.4552538916734,0.0
841,4.0,4.236264295383215,0.23626429538321503,68.66896014272675,67.95949365202162,424.23428570789196,0.0
842,4.0,4.235102917609624,0.2351029176096242,68.6799114849778,67.9594918213408,424.00993174986974,0.0
843,4.0,4.2339535810513445,0.23395358105134445,68.69096407981293,67.95949284083876,423.78794572265934,0.0
844,4.0,4.232745329117294,0.23274532911729384,68.70183831173301,67.95949128648316,423.5544370849394,0.0
845,4.0,4.231551364707772,0.23155136470777204,68.71269871273324,67.95948908583446,423.3237121747542,0.0
846,4.0,4.230414342180267,0.2304143421802669,68.72313242682247,67.9594859537415,423.10400881114697,0.0
847,4.0,4.229269091899824,0.22926909189982414,68.73309622809978,67.95948477716976,422.8826105236794,0.0
848,4.0,4.22812331656009,0.22812331656009022,68.74270125668953,67.9594799168627,422.6610407806276,0.0
849,4.0,4.22704721641212,0.22704721641212,68.75188444746239,67.95947728743286,422.45297641024166,0.0
850,4.0,4.225964234256927,0.22596423425692702,68.76047668128008,67.95946192677124,422.24345602812446,0.0
851,4.0,4.234256423795886,0.23425642379588574,68.76866278145607,67.95945657143778,423.8620158015758,0.0
852,4.0,4.233175510066378,0.2331755100663777,68.77707286439707,67.95944401569706,423.6528639418193,0.0
853,4.0,4.232059122155221,0.23205912215522062,68.78636015235934,67.95945033370414,423.4369644790857,0.0
854,4.0,4.230884516560004,0.2308845165600042,68.79596897773614,67.95945843412674,423.2097750092059,0.0
855,4.0,4.229733987057715,0.22973398705771508,68.80572882923133,67.95946494254319,422.98730985597734,0.0
856,4.0,4.2285341220945885,0.22853412209458845,68.81533191503182,67.95946848782884,422.75519422207594,0.0
857,4.0,4.227395365891453,0.2273953658914527,68.8247300841533,67.95947113946914,422.5349553995411,0.0
858,4.0,4.22623875215164,0.22623875215164002,68.83370929260514,67.95947732420785,422.31115351638783,0.0
859,4.0,4.225132465872393,0.22513246587239344,68.84232234720588,67.95948176329047,422.0970948372835,0.0
860,4.0,4.223992176891312,0.22399217689131223,68.85044890569266,67.95947861412495,421.8763116562461,0.0
861,4.0,4.222900030500845,0.22290003050084461,68.85816597577703,67.9594727610366,421.66483718194297,0.0
862,4.0,4.221865178501147,0.2218651785011474,68.86531678274429,67.95947224034488,421.46442563131944,0.0
863,4.0,4.220813403357622,0.22081340335762167,68.8719444069405,67.95947233746125,421.2606128937231,0.0
864,4.0,4.21982926093563,0.21982926093563027,68.87810436939172,67.95946103607989,421.06989808657005,0.0
865,4.0,4.218843723935882,0.21884372393588158,68.88371381700381,67.95945554404757,420.8788048144729,0.0
866,4.0,4.217868767512137,0.21786876751213669,68.88888039561907,67.9594551487223,420.6896890577057,0.0
867,4.0,4.21699449423803,0.21699449423802974,68.89354834646204,67.95945985080547,420.52010999743,0.0
868,4.0,4.2253748115950405,0.22537481159504047,68.89767694016797,67.9594668251685,422.1550716824774,0.0
869,4.0,4.224431392823653,0.22443139282365276,68.90216069787928,67.95947139560863,421.971973679945,0.0
870,4.0,4.223500465944276,0.22350046594427564,68.90750773764147,67.95947733212479,421.7914789176447,0.0
871,4.0,4.222503656248932,0.2225036562489322,68.9132149272837,67.9594806299403,421.5982068733088,0.0
872,4.0,4.221447837655017,0.22144783765501685,68.91912410695606,67.95948185466618,421.3934673285958,0.0
873,4.0,4.220438903304298,0.22043890330429772,68.92497991645283,67.95948336220981,421.1978599660893,0.0
874,4.0,4.219432071282677,0.21943207128267694,68.930587338449,67.95948251383645,421.00261451147844,0.0
875,4.0,4.218484978853314,0.21848497885331408,68.93589385475317,67.95947210035291,420.8189600394361,0.0
876,4.0,4.217473756670261,0.2174737566702607,68.94082972700556,67.95945711640236,420.6227284952881,0.0
877,4.0,4.216502355714687,0.21650235571468723,68.94540832991417,67.95945212175313,420.43419289778103,0.0
878,4.0,4.215561166232331,0.21556116623233113,68.94952177794092,67.95945212175285,420.25145841483686,0.0
879,4.0,4.2146630896653665,0.2146630896653665,68.95319646011998,67.95945212175292,420.07704592795386,0.0
880,4.0,4.213812168078664,0.21381216807866377,68.95640168647974,67.9594521217529,419.9117376756038,0.0
881,4.0,4.212985687434531,0.21298568743453128,68.95915436536873,67.95945447768611,419.7511076862876,0.0
882,4.0,4.212108531361091,0.21210853136109087,68.96147197046093,67.9594568336194,419.5805116452555,0.0
883,4.0,4.21126945572714,0.21126945572714018,68.96335607281881,67.95946512048513,419.4172572430665,0.0
884,4.0,4.2104691088911,0.21046910889110038,68.96480471188237,67.95946774302897,419.26147052253725,0.0
885,4.0,4.209685294036409,0.2096852940364089,68.96581832033871,67.95947241817805,419.1088231830232,0.0
886,4.0,4.2089554802108,0.20895548021079957,68.96641077497195,67.95947596565901,418.966624376117,0.0
887,4.0,4.208277956434493,0.2082779564344932,68.96658376746572,67.9594757911428,418.83454078671105,0.0
888,4.0,4.202913491456132,0.20291349145613236,68.96635894018398,67.95947495573893,417.7884265170905,0.0
889,4.0,4.2023021161875596,0.20230211618755956,68.96537872785485,67.95947567366746,417.6690182571495,0.0
890,4.0,4.201761374059456,0.2017613740594557,68.96333924361194,67.95946837895984,417.56317805447105,0.0
891,4.0,4.201255510054182,0.20125551005418174,68.96049995869332,67.9594673488056,417.4639840114356,0.0
892,4.0,4.200811037689735,0.20081103768973474,68.95703675545518,67.95946480925721,417.37664038586666,0.0
893,4.0,4.2004014556204625,0.20040145562046252,68.95306790263388,67.95946061911482,417.2960023639609,0.0
894,4.0,4.200020997126984,0.20002099712698396,68.9486792317294,67.95946448484035,417.2209620926352,0.0
895,4.0,4.19966572691529,0.19966572691529016,68.94393675438151,67.95946114121928,417.15076500198614,0.0
896,4.0,4.199311995531961,0.19931199553196066,68.9388963702652,67.9594776338976,417.08081029856004,0.0
897,4.0,4.19899527442889,0.1989952744288903,68.93358931804639,67.95947998999483,417.01802098310156,0.0
898,4.0,4.198694114627238,0.19869411462723807,68.92804439951951,67.95947998999489,416.95822009884836,0.0
899,4.0,4.19840762599161,0.1984076259916101,68.92228400644963,67.9594788310512,416.9012384199861,0.0
900,4.0,4.1981341042526195,0.19813410425261946,68.9163148695365,67.95947635482399,416.8467449287325,0.0
901,4.0,4.197855693321086,0.19785569332108643,68.91015614028208,67.95947312403334,416.7912614090629,0.0
902,4.0,4.197606182435416,0.1976061824354156,68.90381255275598,67.95946945746671,416.7413776895196,0.0
903,4.0,4.197366113541613,0.19736611354161315,68.89730095669216,67.95946903786248,416.6933027237135,0.0
904,4.0,4.197135165610781,0.19713516561078137,68.89063236243877,67.95946711232257,416.64697605303303,0.0
905,4.0,4.1969124889359914,0.19691248893599145,68.88383055020931,67.95946800392925,416.6022365994263,0.0
906,4.0,4.196678753703617,0.1966787537036172,68.87687655281934,67.95946242527626,416.55531138351296,0.0
907,4.0,4.196469768363468,0.1964697683634684,68.86978230855428,67.95945964250078,416.5131853737774,0.0
908,4.0,4.19626773619993,0.1962677361999301,68.86254707164134,67.95946228500637,416.47238807466397,0.0
909,4.0,4.196072463366467,0.196072463366467,68.85517567499512,67.95946837209374,416.432882630397,0.0
910,4.0,4.195883525468658,0.19588352546865817,68.84768000827924,67.9594752008684,416.3945885942207,0.0
911,4.0,4.195681223558761,0.19568122355876127,68.84007071478125,67.95947925341943,416.3536667393618,0.0
912,4.0,4.195503320872599,0.19550332087259914,68.8323369769848,67.9594835897138,416.3174788104304,0.0
913,4.0,4.195441911295809,0.19544191129580923,68.82448532336853,67.95948482756388,416.30398438664986,0.0
914,4.0,4.195406293607112,0.19540629360711215,68.8165328014291,67.95948070807528,416.29550003636894,0.0
915,4.0,4.195360385132062,0.19536038513206222,68.8084903296476,67.95947687843994,416.2849917573149,0.0
916,4.0,4.195321091757344,0.1953210917573438,68.80038011598947,67.95946889994728,416.27576049972305,0.0
917,4.0,4.195288029383517,0.19528802938351664,68.79221995212855,67.95946299626436,416.267734810307,0.0
918,4.0,4.195259716816118,0.19525971681611765,68.7840161544967,67.95946024333651,416.2606270812361,0.0
919,4.0,4.195257686131056,0.19525768613105576,68.77575947066744,67.95946032603024,416.25863428104935,0.0
920,4.0,4.195245035059934,0.1952450350599344,68.76746572849972,67.95946995924805,416.25456353159757,0.0
921,4.0,4.195239553080327,0.19523955308032725,68.75914772962264,67.95947412729765,416.2518862586483,0.0
922,4.0,4.195242721272737,0.195242721272737,68.75079761217212,67.95947466237604,416.2508897547848,0.0
923,4.0,4.195253125180994,0.1952531251809937,68.74242387433218,67.95947629690819,416.2512998459429,0.0
924,4.0,4.1952882932489635,0.19528829324896346,68.73404380755481,67.9594745646907,416.25653792222784,0.0
925,4.0,4.195312932856871,0.19531293285687124,68.72564322338741,67.95947100658437,416.2597191813928,0.0
926,4.0,4.195343877640796,0.19534387764079586,68.71723111719628,67.9594738534748,416.26412792201756,0.0
927,4.0,4.195381344177334,0.195381344177334,68.70881380025514,67.95946938824535,416.26980759667515,0.0
928,4.0,4.195425566274351,0.19542556627435115,68.70038421003146,67.95946759722088,416.27680243397657,0.0
929,4.0,4.195491788630208,0.19549178863020789,68.69196119608188,67.95946129424121,416.28808879175887,0.0
930,4.0,4.195544890885909,0.19554489088590898,68.68354047297265,67.95946341958494,416.29681737192243,0.0
931,4.0,4.195601885550344,0.19560188555034408,68.67513153354018,67.95947196973583,416.30630744662614,0.0
932,4.0,4.195663021551178,0.19566302155117832,68.66673359984749,67.95947948202455,416.3166074057259,0.0
933,4.0,4.195727293079792,0.1957272930797922,68.65834351678329,67.95947786366771,416.32752050665096,0.0
934,4.0,4.19581314039059,0.19581314039059006,68.64996398115544,67.959477266436,416.3426431190235,0.0
935,4.0,4.1958826572839785,0.19588265728397847,68.64159992507506,67.95946781476596,416.35458448511395,0.0
936,4.0,4.195952072618701,0.1959520726187014,68.6332705362848,67.95946701270618,416.36651293422346,0.0
937,4.0,4.196022623233058,0.1960226232330582,68.62495885709596,67.9594645900377,416.3786663752079,0.0
938,4.0,4.1960945613624885,0.19609456136248848,68.61666076867988,67.95946663616661,416.3910931980583,0.0
939,4.0,4.196185528822276,0.19618552882227558,68.60837583049378,67.95946105114449,416.4072334708164,0.0
940,4.0,4.1962579500369666,0.19625795003696656,68.60011954091965,67.9594643283584,416.41976294485363,0.0
941,4.0,4.196328479669837,0.19632847966983658,68.5919010007266,67.95946726820756,416.43193103276275,0.0
942,4.0,4.196398155303462,0.19639815530346194,68.58370323919452,67.95947305239521,416.4439367878067,0.0
943,4.0,4.196465019361927,0.19646501936192706,68.5755353320768,67.95947825514224,416.45540023125193,0.0
944,4.0,4.196549731676113,0.19654973167611267,68.56739348843098,67.95947417735361,416.470349297172,0.0
945,4.0,4.196615018724416,0.19661501872441622,68.55927153374238,67.95947575944973,416.48151445676297,0.0
946,4.0,4.1966779934081035,0.19667799340810355,68.55117124171623,67.9594799386837,416.49223306629733,0.0
947,4.0,4.196741040982129,0.19674104098212908,68.54308636370995,67.9594797869966,416.5029690447038,0.0
948,4.0,4.19680142461863,0.19680142461862982,68.53502559810617,67.95947541524954,416.5131903857485,0.0
949,4.0,4.1968792984859675,0.19687929848596752,68.5269837946126,67.95947413440237,416.52682615823466,0.0
950,4.0,4.1969546065074,0.1969546065073997,68.51897436287943,67.95946785412845,416.539968009457,0.0
951,4.0,4.197140337351702,0.19714033735170222,68.51098524573042,67.95945682474893,416.57464640493635,0.0
952,4.0,4.19730910293659,0.19730910293658965,68.5030152453171,67.95945635018985,416.6060204365302,0.0
953,4.0,4.19749763672344,0.19749763672343956,68.49509627959446,67.9594573135461,416.6412592751929,0.0
954,4.0,4.197666383122036,0.19766638312203622,68.48723259928497,67.95945866260342,416.6726503960019,0.0
955,4.0,4.197853502426575,0.1978535024265753,68.47943296169599,67.95946925492642,416.707636738895,0.0
956,4.0,4.19804152690002,0.19804152690002041,68.47170430868265,67.95947084803649,416.7428134274538,0.0
957,4.0,4.198210795387564,0.19821079538756425,68.46404996806282,67.95947785407826,416.7743471724972,0.0
958,4.0,4.1983972220078485,0.19839722200784848,68.45646974183352,67.95947928463701,416.80924118424895,0.0
959,4.0,4.198566084152588,0.19856608415258759,68.4489672061541,67.95947864861031,416.84072523764473,0.0
960,4.0,4.198754783992337,0.19875478399233693,68.44154093783057,67.95947340879657,416.8760924771387,0.0
961,4.0,4.198943866650759,0.19894386665075903,68.43419413245987,67.95947236457019,416.9115498119795,0.0
962,4.0,4.199115571376521,0.19911557137652114,68.42692186402358,67.9594671380025,416.94363294294516,0.0
963,4.0,4.1993057261473545,0.19930572614735453,68.4197420158565,67.95946588177796,416.979331761591,0.0
964,4.0,4.199476462969316,0.19947646296931598,68.41265678050891,67.95946267636248,417.0112624252689,0.0
965,4.0,4.199666697171001,0.1996666971710006,68.40565348143896,67.95946716627601,417.0470109791362,0.0
966,4.0,4.19985745231921,0.19985745231921026,68.39872734883542,67.95946877706862,417.0828760965241,0.0
967,4.0,4.200029577067891,0.20002957706789104,68.39188287543813,67.95947108118415,417.11512412442386,0.0
968,4.0,4.200218970717954,0.20021897071795358,68.38511745550015,67.95946931098797,417.15075492074766,0.0
969,4.0,4.200389223694873,0.20038922369487278,68.3784353770365,67.95946869123432,417.18266943839956,0.0
970,4.0,4.200575105487078,0.20057510548707835,68.37183292162727,67.95947490094866,417.2176470080615,0.0
971,4.0,4.200760184220453,0.20076018422045294,68.36530950287884,67.95946937372601,417.25248329712286,0.0
972,4.0,4.2009232118971624,0.20092321189716245,68.358883959127,67.95946734279907,417.28303856263045,0.0
973,4.0,4.205844001392149,0.20584400139214942,68.35253606260292,67.95946395944561,418.2413724222122,0.0
974,4.0,4.205978879315737,0.20597887931573666,68.34664273333924,67.95946350387075,418.26654099650125,0.0
975,4.0,4.206087927480614,0.20608792748061422,68.34150351650788,67.95946895683488,418.28681777810226,0.0
976,4.0,4.206169939445145,0.20616993944514483,68.3368848265086,67.95945139046137,418.3019225943741,0.0
977,4.0,4.206216575649963,0.20621657564996276,68.33263369333392,67.95944722058003,418.31019981938556,0.0
978,4.0,4.206270507526968,0.20627050752696796,68.32863143797724,67.95944714517805,418.31994756759747,0.0
979,4.0,4.206299167909296,0.2062991679092958,68.32482226020002,67.95945046645899,418.3248045128744,0.0
980,4.0,4.206250816335336,0.20625081633533604,68.32113763496068,67.95945121977492,418.314668094857,0.0
981,4.0,4.206165956216584,0.20616595621658362,68.31753575663865,67.95945567683385,418.29742844418746,0.0
982,4.0,4.206086048582752,0.20608604858275203,68.31397532598935,67.95943627214136,418.2811625261043,0.0
983,4.0,4.206048793662904,0.2060487936629043,68.31042565330816,67.95945051168928,418.2732159892485,0.0
984,4.0,4.2059814104769915,0.20598141047699148,68.30687218456038,67.95946749099006,418.25939374684106,0.0
985,4.0,4.205920531633982,0.20592053163398205,68.30330766170458,67.95948296231754,418.24683776378845,0.0
986,4.0,4.205885318794804,0.2058853187948042,68.299721328138,67.95949710781419,418.2392824985337,0.0
987,4.0,4.205821136863371,0.20582113686337067,68.2961065869057,67.95949464296291,418.2260728411434,0.0
988,4.0,4.205801010919098,0.20580101091909775,68.29246043370976,67.95949978867621,418.2214481060655,0.0
989,4.0,4.2057685813362475,0.20576858133624754,68.28879198167272,67.95947881799857,418.2144199171123,0.0
990,4.0,4.2057429340784465,0.20574293407844646,68.28509090443187,67.95946358060066,418.2087080551618,0.0
991,4.0,4.205742137741223,0.20574213774122274,68.28137652098373,67.95945098746938,418.20783960651306,0.0
992,4.0,4.205708178364464,0.2057081783644641,68.27764705342231,67.95944470615356,418.2005015080304,0.0
993,4.0,4.205716589902396,0.20571658990239605,68.27389581359817,67.95943666811054,418.2014215973111,0.0
994,4.0,4.205730809517921,0.2057308095179211,68.27013194043205,67.95944620065823,418.2034718761489,0.0
995,4.0,4.207514034714564,0.2075140347145643,68.26634671912359,67.95945535094732,418.55047418530165,0.0
996,4.0,4.2075274588261555,0.20752745882615553,68.26269754622689,67.95946420653708,418.55239143661623,0.0
997,4.0,4.207509957426927,0.20750995742692702,68.25929735709805,67.95947534112251,418.548326038888,0.0
998,4.0,4.207484844018311,0.20748484401831124,68.25605530464918,67.9594767403707,418.5428066820139,0.0
999,4.0,4.207454949155697,0.2074549491556974,68.25291994917956,67.95948122201031,418.5363754479109,0.0
1000,4.0,4.207423696905011,0.2074236969050114,68.2498469593673,67.95948052439887,418.5296915191427,0.0
1001,4.0,4.207411069342338,0.20741106934233766,68.24681066213971,67.95949040063988,418.5266464723187,0.0
1002,4.0,4.207381584368387,0.20738158436838727,68.243795629772,67.95950065601816,418.52031833671975,0.0
1003,4.0,4.2074286867452,0.20742868674520043,68.24078357946988,67.9595097675575,418.52892533228203,0.0
1004,4.0,4.207405309600447,0.20740530960044712,68.23777390524977,67.95951433236876,418.5237893025538,0.0
1005,4.0,4.207311862363248,0.20731186236324817,68.23476552782337,67.95951747277424,418.5049898790767,0.0
1006,4.0,4.207259042907522,0.20725904290752162,68.23175747856396,67.95951037921905,418.4941129613952,0.0
1007,4.0,4.2071550580340205,0.20715505803402046,68.22872227218467,67.95950143304935,418.47325360267536,0.0
1008,4.0,4.207036499253935,0.20703649925393464,68.22566456788526,67.95948651130354,418.44954804210806,0.0
1009,4.0,4.207034507401388,0.20703450740138774,68.22256235146872,67.9594794549062,418.44856451994934,0.0
1010,4.0,4.206927063266939,0.20692706326693866,68.21940739201719,67.95947040591452,418.42700771266107,0.0
1011,4.0,4.206821521593831,0.20682152159383094,68.21624998563918,67.95946827258521,418.4058214439727,0.0
1012,4.0,4.206755998895449,0.20675599889544927,68.21304254177616,67.95947093964325,418.3924293060455,0.0
1013,4.0,4.206822808176901,0.20682280817690124,68.20979001991333,67.95947051887288,418.404833287428,0.0
1014,4.0,4.206873783203648,0.20687378320364758,68.20651032136183,67.95947927346556,418.4141444068171,0.0
1015,4.0,4.206964489795855,0.2069644897958547,68.20321985443175,67.95948666529644,418.4312011466065,0.0
1016,4.0,4.206999437785974,0.2069994377859743,68.19992432788148,67.95949419766488,418.4373840191693,0.0
1017,4.0,4.207145583866897,0.20714558386689674,68.19664451896632,67.95948556244836,418.46525356394056,0.0
1018,4.0,4.2072187954262015,0.20721879542620147,68.1933720216364,67.95947277034601,418.47890230922286,0.0
1019,4.0,4.207217938408928,0.20721793840892833,68.19013320627849,67.95945629696274,418.47811417031613,0.0
1020,4.0,4.207365407217505,0.2073654072175053,68.18691570337228,67.95945295654367,418.5062536831714,0.0
1021,4.0,4.2074963839859825,0.20749638398598247,68.18372415459316,67.95945183647626,418.5311822532543,0.0
1022,4.0,4.207554940635153,0.2075549406351529,68.18057376000489,67.95945017510378,418.5419968184503,0.0
1023,4.0,4.20766869319874,0.20766869319874015,68.17747233903552,67.95946649711964,418.5635840032491,0.0
1024,4.0,4.207800898176084,0.20780089817608438,68.17441154416746,67.95948793261564,418.5887772235688,0.0
1025,4.0,4.207824068729041,0.2078240687290407,68.17138115101965,67.95949608155733,418.5927145850531,0.0
1026,4.0,4.207922359675483,0.20792235967548311,68.16840011150111,67.95950258505059,418.61130990906327,0.0
1027,4.0,4.208058045533998,0.2080580455339982,68.165457996332,67.95950528980538,418.6372047265111,0.0
1028,4.0,4.207992122228324,0.2079921222283243,68.16254927921798,67.95951023673346,418.62379218238425,0.0
1029,4.0,4.207962583090244,0.20796258309024385,68.15968915299369,67.95950221967857,418.6174838873123,0.0
1030,4.0,4.2079885784059,0.20798857840590035,68.15684981090952,67.95949861874743,418.622008816896,0.0
1031,4.0,4.20798118352867,0.2079811835286698,68.15400629275598,67.95948870960324,418.620021881246,0.0
1032,4.0,4.207994797144187,0.20799479714418734,68.15117824323924,67.95948131267556,418.62213458865654,0.0
1033,4.0,4.208028110671534,0.20802811067153382,68.14834773480239,67.95947502462914,418.6280883301814,0.0
1034,4.0,4.208026302692039,0.2080263026920388,68.14551165835148,67.95947400261709,418.62719233349543,0.0
1035,4.0,4.208117714317158,0.20811771431715798,68.14269008375554,67.95947903364595,418.6444769609555,0.0
1036,4.0,4.208284103795137,0.20828410379513684,68.13986855131277,67.9594801264406,418.6763823001854,0.0
1037,4.0,4.208452173099562,0.20845217309956166,68.13707551866062,67.95948668897849,418.70862068821316,0.0
1038,4.0,4.208506968907865,0.2085069689078649,68.13432184596306,67.95949259621591,418.7187783070743,0.0
1039,4.0,4.2086703135998995,0.20867031359989952,68.13162198152966,67.9594968093237,418.7501132878465,0.0
1040,4.0,4.208813828933427,0.20881382893342693,68.12896596257924,67.95949818319242,418.77758996353197,0.0
1041,4.0,4.208975221619168,0.20897522161916804,68.1263600905093,67.95949716370616,418.8085623488297,0.0
1042,4.0,4.209135081305208,0.20913508130520775,68.12382164385069,67.95949939468242,418.8392487337526,0.0
1043,4.0,4.2092731976661,0.20927319766609997,68.12135143500976,67.95949584675678,418.8657082590071,0.0
1044,4.0,4.209428902640107,0.2094289026401066,68.11894583994372,67.95948991161453,418.89560995698935,0.0
1045,4.0,4.209562110617831,0.20956211061783137,68.1166141094904,67.95948689716622,418.9211389043855,0.0
1046,4.0,4.209713553614329,0.2097135536143293,68.11434958290165,67.95948212026246,418.95023656697555,0.0
1047,4.0,4.209749030144271,0.2097490301442706,68.11215426982149,67.95948743643478,418.95673403872206,0.0
1048,4.0,4.209873806132745,0.20987380613274542,68.11000828034811,67.9594906682494,418.9806543645554,0.0
1049,4.0,4.209960050071144,0.20996005007114427,68.10793450279033,67.95948794562091,418.99707478268414,0.0
1050,4.0,4.2100084761849255,0.21000847618492546,68.1059050118015,67.9594842572427,419.00612921805646,0.0
1051,4.0,4.21001708873113,0.21001708873112968,68.10393246380787,67.95948622699068,419.0074309236941,0.0
1052,4.0,4.21002469606179,0.2100246960617902,68.10200554198778,67.95948324028511,419.00854536022905,0.0
1053,4.0,4.210031551258286,0.210031551258286,68.10010057925341,67.95948760634332,419.00951734588597,0.0
1054,4.0,4.210093657193463,0.21009365719346285,68.09820875150726,67.95948591515781,419.0212657508779,0.0
1055,4.0,4.210156499605161,0.21015649960516125,68.09632790055493,67.95947920880118,419.03315988063423,0.0
1056,4.0,4.210272855427605,0.210272855427605,68.09446881110017,67.95947877129576,419.0554933020969,0.0
1057,4.0,4.210406615517172,0.2104066155171722,68.09263821227324,67.95948730200904,419.0812260203073,0.0
1058,4.0,4.210536689354746,0.210536689354746,68.09084124961353,67.95949245679563,419.1062463687594,0.0
1059,4.0,4.210623714674367,0.2106237146743668,68.08908496619549,67.95949360141216,419.12288005350894,0.0
1060,4.0,4.210742447463729,0.21074244746372894,68.08739657740163,67.95949651036521,419.1457097019289,0.0
1061,4.0,4.210836122046991,0.21083612204699076,68.08575470823469,67.95950284994687,419.1636619141248,0.0
1062,4.0,4.210943562736564,0.21094356273656434,68.08414145226276,67.95949844961602,419.18430400235553,0.0
1063,4.0,4.211023859611234,0.2110238596112337,68.08258231206206,67.9594948317731,419.1996634137085,0.0
1064,4.0,4.211116335712517,0.21111633571251698,68.08106765211681,67.95949584114594,419.2174062960229,0.0
1065,4.0,4.211126050005868,0.21112605000586804,68.07959963874646,67.95948931729612,419.21901956168756,0.0
1066,4.0,4.211073938208176,0.21107393820817588,68.07817888731515,67.95948619460675,419.20858579271356,0.0
1067,4.0,4.211033006237554,0.21103300623755405,68.07677303487655,67.95948024895343,419.20033494765613,0.0
1068,4.0,4.211097937019791,0.21109793701979118,68.07537768224172,67.95947939714239,419.2127293547926,0.0
1069,4.0,4.211156776455479,0.21115677645547937,68.07399605214421,67.95947660526556,419.22393858148484,0.0
1070,4.0,4.211191495950908,0.21119149595090825,68.07263259225435,67.95948327193571,419.23044790311957,0.0
1071,4.0,4.211108838272066,0.21110883827206628,68.07126855156407,67.95948122293932,419.2140685698311,0.0
1072,4.0,4.2110358505670025,0.21103585056700247,68.06989815950982,67.95948794118952,419.19957367100693,0.0
1073,4.0,4.211009797393886,0.2110097973938858,68.06849303505477,67.9594957094972,419.1942243635303,0.0
1074,4.0,4.21102875293516,0.2110287529351602,68.06707130873707,67.95949792983481,419.1976485834386,0.0
1075,4.0,4.2111500620765225,0.21115006207652254,68.06564534181085,67.95949861817802,419.22103094944373,0.0
1076,4.0,4.211258770402901,0.21125877040290142,68.06425354501776,67.95949931580552,419.2419627018806,0.0
1077,4.0,4.211358109900927,0.21135810990092718,68.06288279973826,67.95950261124821,419.26107156708923,0.0
1078,4.0,4.211464376193527,0.21146437619352731,68.06152408704584,67.95949551954317,419.2815334652825,0.0
1079,4.0,4.211428819987277,0.21142881998727692,68.06020741317113,67.95948985098978,419.2743480264928,0.0
1080,4.0,4.209583520646507,0.20958352064650665,68.0589370853805,67.95948643977728,418.91427155057767,0.0
1081,4.0,4.209552979175694,0.20955297917569382,68.05754066301364,67.9594808937294,418.9080487336384,0.0
1082,4.0,4.209494426736783,0.2094944267367831,68.0558905759403,67.95948381178134,418.8963152417572,0.0
1083,4.0,4.209458305534774,0.20945830553477407,68.05406528322534,67.95948447378497,418.88892232204086,0.0
1084,4.0,4.209477731970868,0.2094777319708676,68.05211126167018,67.95948860566986,418.89233656877576,0.0
1085,4.0,4.209536486128692,0.2095364861286919,68.05007262789701,67.95948830662547,418.90340354187185,0.0
1086,4.0,4.209610607498948,0.20961060749894767,68.04796628972926,67.95949006432916,418.9174541785933,0.0
1087,4.0,4.209680761149495,0.20968076114949508,68.04584749830373,67.95949137073544,418.9307287397292,0.0
1088,4.0,4.209804464364336,0.20980446436433642,68.04371914765962,67.95949062078861,418.95444364958996,0.0
1089,4.0,4.209998653109148,0.20999865310914778,68.04161871331628,67.9594949069983,418.99190859150445,0.0
1090,4.0,4.210194025665822,0.2101940256658219,68.0395368525206,67.95949456956842,419.0296079425373,0.0
1091,4.0,4.210312834328502,0.21031283432850234,68.03751087338352,67.95949419886455,419.0523880371112,0.0
1092,4.0,4.210374320762921,0.21037432076292095,68.03555182539202,67.95949452763845,419.0640031128985,0.0
1093,4.0,4.210507244242648,0.2105072442426481,68.03364533610781,67.95949419672425,419.0895584777126,0.0
1094,4.0,4.210567445872083,0.21056744587208343,68.03176916323551,67.95949536702798,419.10093889126415,0.0
1095,4.0,4.210627895553164,0.21062789555316375,68.02995100457616,67.95949491021045,419.11237878221124,0.0
1096,4.0,4.2106869745291196,0.21068697452911955,68.02816808908881,67.95949285459804,419.12355813637697,0.0
1097,4.0,4.2107467851438125,0.2107467851438125,68.02643129346859,67.95948664105674,419.1348889907595,0.0
1098,4.0,4.210809163719105,0.21080916371910519,68.02472562732213,67.95948788200415,419.1467265601816,0.0
1099,4.0,4.210761598051603,0.21076159805160266,68.02305616475651,67.9594915354674,419.1371319350516,0.0
1100,4.0,4.210694737705631,0.21069473770563096,68.0214162448784,67.95948517807564,419.1237805059129,0.0
1101,4.0,4.21065080518801,0.21065080518800983,68.01977933003825,67.9594814584418,419.11490058560673,0.0
1102,4.0,4.2105873232778634,0.21058732327786345,68.01812930507153,67.95948502975722,419.10220603391605,0.0
1103,4.0,4.210548234422862,0.21054823442286175,68.01646357975777,67.95949000241097,419.09426513293863,0.0
1104,4.0,4.210512617980372,0.21051261798037224,68.0147787556603,67.95949115258811,419.086997707646,0.0
1105,4.0,4.210460719790964,0.21046071979096403,68.01307304539974,67.95949060250511,419.07655135540097,0.0
1106,4.0,4.210428408459941,0.21042840845994082,68.0113473068075,67.95949563393657,419.06992061858637,0.0
1107,4.0,4.2103773850002355,0.2103773850002355,68.0096139363112,67.95949098585508,419.05963956559634,0.0
1108,4.0,4.2104197442630245,0.21041974426302446,68.00785296839716,67.95949366715386,419.0675628745956,0.0
1109,4.0,4.21049848971037,0.21049848971037033,68.00607512035582,67.95948867194393,419.0825782704674,0.0
1110,4.0,4.210558782173225,0.21055878217322466,68.00428878619216,67.95948894608964,419.09399372056833,0.0
1111,4.0,4.210654899550939,0.2106548995509394,68.00251466031854,67.95948980094373,419.1123973723988,0.0
1112,4.0,4.21073060344321,0.21073060344320993,68.00076044707266,67.95949362787337,419.1268242108328,0.0
1113,4.0,4.210841009560184,0.21084100956018403,67.99903131342023,67.95949121967486,419.14802278698454,0.0
1114,4.0,4.2110441651838935,0.21104416518389346,67.99733491123837,67.95948965720297,419.18731378349605,0.0
1115,4.0,4.2110972754747,0.21109727547469959,67.99567509345873,67.95949953942083,419.1973529428182,0.0
1116,4.0,4.211183305217332,0.21118330521733242,67.99408220214362,67.95949321297955,419.21382419847686,0.0
1117,4.0,4.211340280005366,0.2113402800053663,67.99254398576646,67.95949157104951,419.2441401980361,0.0
1118,4.0,4.21140376462165,0.21140376462165023,67.99105028277535,67.95949361123789,419.25623413076903,0.0
1119,4.0,4.211465718712258,0.21146571871225817,67.98961068104562,67.95949516331596,419.26803996005833,0.0
1120,4.0,4.211524237312892,0.21152423731289183,67.98821761485614,67.9594946569272,419.2791847708638,0.0
1121,4.0,4.211581291400032,0.2115812914000319,67.98686290213702,67.95949682981725,419.29005133891064,0.0
1122,4.0,4.211732268597856,0.21173226859785643,67.9855409257099,67.95949694089937,419.3192391766768,0.0
1123,4.0,4.211810226772983,0.21181022677298333,67.98425483774528,67.95948640639826,419.33419517035554,0.0
1124,4.0,4.211887550647723,0.2118875506477229,67.98301979186569,67.95948330859588,419.34903723711665,0.0
1125,4.0,4.211925257074669,0.21192525707466903,67.98182593066554,67.95948015451248,419.3561617784128,0.0
1126,4.0,4.211997690746486,0.211997690746486,67.9806731501859,67.95948102651613,419.3700659890273,0.0
1127,4.0,4.211959880716169,0.21195988071616867,67.97954720799278,67.95948353523468,419.3624778115038,0.0
1128,4.0,4.211922391035511,0.21192239103551103,67.97845031038723,67.95948326794756,419.35495765740706,0.0
1129,4.0,4.211846052794811,0.21184605279481072,67.97736577944603,67.9594875442298,419.3398644012528,0.0
1130,4.0,4.211901337703253,0.21190133770325303,67.9762746261653,67.95949553401451,419.35043639671295,0.0
1131,4.0,4.21184854951112,0.21184854951111998,67.97516863485325,67.95950053735363,419.3399313048544,0.0
1132,4.0,4.211795705998888,0.2117957059988882,67.97406676921034,67.95950098733152,419.32941621755936,0.0
1133,4.0,4.211853448807143,0.21185344880714307,67.9729588031548,67.95949240665814,419.34046430021397,0.0
1134,4.0,4.211894292308119,0.21189429230811907,67.97184318611765,67.95949380528299,419.34821555910884,0.0
1135,4.0,4.211860851818401,0.2118608518184013,67.97073465605813,67.95949588252797,419.3414827977927,0.0
1136,4.0,4.212012757055253,0.2120127570552528,67.96962007790901,67.95948695576092,419.3708913007109,0.0
1137,4.0,4.212091990545334,0.2120919905453338,67.96851430291872,67.95948680321278,419.3861304989212,0.0
1138,4.0,4.212150361056913,0.21215036105691265,67.9674354859753,67.95948483272775,419.39730657177694,0.0
1139,4.0,4.212300003441449,0.21230000344144884,67.96639021691855,67.95948196829117,419.42628707444794,0.0
1140,4.0,4.212411944387017,0.21241194438701694,67.9653795389588,67.95948258568275,419.4479224101773,0.0
1141,4.0,4.212463544875139,0.2124635448751393,67.96441333568305,67.95948740149815,419.45779985885855,0.0
1142,4.0,4.212570137546175,0.21257013754617482,67.96348577577135,67.95948589782301,419.4784081706266,0.0
1143,4.0,4.212711454872982,0.2127114548729816,67.9626043957592,67.95949169407002,419.5057966176091,0.0
1144,4.0,4.212777114314068,0.21277711431406843,67.96176355335457,67.95949436450286,419.51843952565014,0.0
1145,4.0,4.212820558363124,0.2128205583631244,67.96097795382381,67.959498241304,419.5267609908224,0.0
1146,4.0,4.212954134520649,0.2129541345206487,67.96023462358593,67.959495211844,419.5526662962079,0.0
1147,4.0,4.2130136185942675,0.21301361859426748,67.95952933637912,67.95949095903092,419.5641309164317,0.0
1148,4.0,4.2130340316737795,0.21303403167377954,67.95887409498519,67.95948986452267,419.56798625736906,0.0
1149,4.0,4.213073138311453,0.21307313831145258,67.95825306509809,67.95948779848325,419.5754933807124,0.0
1150,4.0,4.2130202145433895,0.21302021454338949,67.95765947542635,67.95948860799695,419.56505981943087,0.0
1151,4.0,4.2129497829372236,0.21294978293722355,67.95709076584589,67.95948291165571,419.5512169848788,0.0
1152,4.0,4.212973997355827,0.21297399735582712,67.95652089489417,67.9594828875002,419.55582990414945,0.0
1153,4.0,4.212946111013838,0.21294611101383776,67.95594390960807,67.95948160718937,419.5502818166101,0.0
1154,4.0,4.212884172231098,0.21288417223109768,67.9553718183397,67.95948851538138,419.5380944392017,0.0
1155,4.0,4.212897592778946,0.21289759277894582,67.95479025085496,67.95949190142095,419.5406003214929,0.0
1156,4.0,4.212880988165365,0.21288098816536483,67.95419751508692,67.95946146534361,419.5372491642749,0.0
1157,4.0,4.212814315096519,0.21281431509651938,67.95359744094598,67.95946089553134,419.5241332570999,0.0
1158,4.0,4.212883914695284,0.21288391469528367,67.95297680315834,67.95947048030283,419.5375865919893,0.0
1159,4.0,4.212903992402384,0.2129039924023841,67.95234980083069,67.9594842257925,419.5413819430149,0.0
1160,4.0,4.212910772833828,0.21291077283382798,67.9517286594667,67.95947268156273,419.5425854462367,0.0
1161,4.0,4.212941877640781,0.2129418776407812,67.9511030928046,67.95946468832415,419.54853135824163,0.0
1162,4.0,4.213038545677722,0.21303854567772174,67.95049250667762,67.95935223349915,419.5672649634461,0.0
1163,4.0,4.213018899917718,0.21301889991771805,67.94987711109114,67.95933320793095,419.56331646038495,0.0
1164,4.0,4.213046281546657,0.2130462815466574,67.94928880535868,67.95934268521711,419.5685434750555,0.0
1165,4.0,4.213178489956628,0.21317848995662825,67.9487146221422,67.95938029884519,419.59421441124425,0.0
1166,4.0,4.213228943813257,0.21322894381325685,67.94815516815932,67.95942388676029,419.60394602459826,0.0
1167,4.0,4.213186891444491,0.213186891444491,67.94762409065252,67.95921812271378,419.5956443463942,0.0
1168,4.0,4.21323981154932,0.21323981154931992,67.94710962367927,67.95917569613039,419.60586547486287,0.0
1169,4.0,4.213311830688347,0.21331183068834658,67.94661636663209,67.95919508946183,419.6198149679815,0.0
1170,4.0,4.213294176267669,0.21329417626766922,67.9461448882771,67.95926342958391,419.616282278515,0.0
1171,4.0,4.2133701327728375,0.21337013277283745,67.94568268090688,67.959345741307,419.616282278515,0.0
1172,4.0,4.2169677934731515,0.21696779347315154,67.88879673870535,67.95899230736299,419.616282278515,0.0
1173,4.0,4.237046750694706,0.23704675069470582,67.56956097947335,67.95893928460855,419.616282278515,0.0
1174,4.0,4.273204353905647,0.2732043539056468,67.00704635957509,67.95900090568571,419.616282278515,0.0
1175,4.0,4.320881542810406,0.3208815428104064,66.28420856745375,67.9590986078682,419.616282278515,0.0
1176,4.0,4.377207029405745,0.3772070294057448,65.45591052250754,67.95921736533927,419.616282278515,0.0
1177,4.0,4.44037506721205,0.44037506721204966,64.55920488721739,67.95872499419636,419.616282278515,0.0
1178,4.0,4.5091580846359784,0.5091580846359784,63.61947020454591,67.95866193366889,419.616282278515,0.0
1179,4.0,4.582535243000408,0.5825352430004083,62.65422977444792,67.95874269803483,419.616282278515,0.0
1180,4.0,4.660016099891096,0.660016099891096,61.67573633986436,67.95890447735881,419.616282278515,0.0
1181,4.0,4.7412267696955634,0.7412267696955634,60.69254514258418,67.95912362959868,419.616282278515,0.0
1182,4.0,4.825751665637571,0.8257516656375712,59.71067559562128,67.95930555075772,419.616282278515,0.0
1183,4.0,4.913483186400022,0.9134831864000219,58.734299546382495,67.9585584501757,419.616282278515,0.0
1184,4.0,5.004326068471135,1.0043260684711353,57.76634057185309,67.9584124839297,419.616282278515,0.0
1185,4.0,5.098076851311165,1.0980768513111654,56.80878260520838,67.95846032127723,419.616282278515,0.0
1186,4.0,5.194910105083667,1.1949101050836672,55.86296106049983,67.9586413107267,419.616282278515,0.0
1187,4.0,5.307141880111546,1.307141880111546,54.92973272188431,67.95889338179576,419.616282278515,0.0
1188,4.0,5.410162325352692,1.410162325352692,54.0096344669796,67.95795594568132,419.616282278515,0.0
1189,4.0,5.516134044536382,1.5161340445363818,53.10296758444605,67.95786141936141,419.616282278515,0.0
1190,4.0,5.625249022423519,1.6252490224235192,52.20986064770153,67.95804104528011,419.616282278515,0.0
1191,4.0,5.73745383339981,1.73745383339981,51.33033273065714,67.95837019386194,419.616282278515,0.0
1192,4.0,5.852963547299944,1.852963547299944,50.46435730744452,67.95878152157644,419.616282278515,0.0
1193,4.0,5.971657344398017,1.9716573443980172,49.611832444530734,67.95758244979616,419.616282278515,0.0
1194,4.0,6.093744419474248,2.0937444194742483,48.77263171045449,67.95745460461842,419.616282278515,0.0
1195,4.0,6.219221486954432,2.2192214869544324,47.946616823846455,67.95766521267902,419.616282278515,0.0
1196,4.0,6.348203557316673,2.3482035573166726,47.13363968136813,67.95807226412438,419.616282278515,0.0
1197,4.0,6.480751164414697,2.4807511644146967,46.3335350197322,67.9585406550123,419.616282278515,0.0
1198,4.0,6.617090432918703,2.617090432918703,45.546145141658236,67.95705974883661,419.616282278515,0.0
1199,4.0,6.757161574785184,2.757161574785184,44.771299929879994,67.95690638629692,419.616282278515,0.0
1200,4.0,6.917080490843598,2.917080490843598,44.00884157310106,67.95717471937488,419.616282278515,0.0
1201,4.0,7.065189710433888,3.065189710433888,43.25859532811498,67.95768827701963,419.616282278515,0.0
1202,4.0,7.217377829853067,3.217377829853067,42.52041060758722,67.95831376811019,419.616282278515,0.0
1203,4.0,7.373780111151358,3.3737801111513583,41.79410273230751,67.95656912390842,419.616282278515,0.0
1204,4.0,7.534388570276623,3.534388570276623,41.07954561287939,67.95640948335672,419.616282278515,0.0
1205,4.0,7.6994088211768945,3.6994088211768945,40.37643192162937,67.95675204298952,419.616282278515,0.0
1206,4.0,7.868783305290912,3.868783305290912,39.685331272075864,67.95737954526938,419.616282278515,0.0
1207,4.0,8.043262542416603,4.043262542416603,39.00306359997409,67.958111734184,419.616282278515,0.0
1208,4.0,8.221101214408677,4.221101214408677,38.33749604340762,67.95879688121438,419.616282278515,0.0
1209,4.0,8.397650102891095,4.397650102891095,37.710299117314875,67.95681151279346,419.616282278515,0.0
1210,4.0,8.585774704874334,4.585774704874334,37.06226512762518,67.95644544010868,419.616282278515,0.0
1211,4.0,8.795083741753299,4.795083741753299,36.43854241497824,67.95660621418644,419.616282278515,0.0
1212,4.0,8.99207574131578,4.99207574131578,35.817442374073416,67.9570829959598,419.616282278515,0.0
1213,4.0,9.195468551068775,5.195468551068775,35.20180077874665,67.9577348359648,419.616282278515,0.0
1214,4.0,9.405361067440774,5.405361067440774,34.59217135149945,67.95571440378781,419.616282278515,0.0
1215,4.0,9.6219169780721,5.6219169780721,33.988915855368504,67.95557034001094,419.616282278515,0.0
1216,4.0,9.845172628394138,5.845172628394138,33.39220380651536,67.95603960894405,419.616282278515,0.0
1217,4.0,10.075549486216472,6.075549486216472,32.802025408559885,67.9568760461304,419.616282278515,0.0
1218,4.0,10.313164404804569,6.313164404804569,32.218370873632956,67.95780559763898,419.616282278515,0.0
1219,4.0,10.57862711288741,6.5786271128874105,31.641124917936846,67.95586389783577,419.616282278515,0.0
1220,4.0,10.831991209079519,6.8319912090795185,31.070177321181006,67.95576467251462,419.616282278515,0.0
1221,4.0,11.093603160360614,7.093603160360614,30.505395945609894,67.95620829568773,419.616282278515,0.0
1222,4.0,11.363619078545907,7.3636190785459075,29.9466137254143,67.9569370209838,419.616282278515,0.0
1223,4.0,11.642618185486562,7.642618185486562,29.393719976866045,67.95778357758726,419.616282278515,0.0
1224,4.0,11.927290786038034,7.927290786038034,28.85513210874684,67.95580459533022,419.616282278515,0.0
1225,4.0,12.218135692014808,8.218135692014808,28.329719137534276,67.95568341189535,419.616282278515,0.0
1226,4.0,12.512957878833637,8.512957878833637,27.82190204565945,67.95612813601355,419.616282278515,0.0
1227,4.0,12.83358690806845,8.83358690806845,27.33435307567884,67.95689776473202,419.616282278515,0.0
1228,4.0,13.13202179815025,9.13202179815025,26.868770789929002,67.95777998915796,419.616282278515,0.0
1229,4.0,13.430113891880008,9.430113891880008,26.426317328282188,67.95588951913008,419.616282278515,0.0
1230,4.0,13.726570649004639,9.726570649004639,26.00774573773099,67.95579603081157,419.616282278515,0.0
1231,4.0,14.020191228651456,10.020191228651456,25.6136317267786,67.95625191906517,419.616282278515,0.0
1232,4.0,14.309468136230109,10.309468136230109,25.244358535133678,67.95701738133025,419.616282278515,0.0
1233,4.0,14.593431714430796,10.593431714430796,24.900308952490096,67.957905128152,419.616282278515,0.0
1234,4.0,14.870529120168616,10.870529120168616,24.581765921900967,67.95868627476679,419.616282278515,0.0
1235,4.0,15.139421512336382,11.139421512336382,24.28909027607956,67.95666691337097,419.616282278515,0.0
1236,4.0,15.425207475688302,11.425207475688302,24.022597356959977,67.9562952875396,419.616282278515,0.0
1237,4.0,15.673486116716461,11.673486116716461,23.782685755979315,67.95646356290669,419.616282278515,0.0
1238,4.0,15.909123199617834,11.909123199617834,23.56972872521293,67.95696379673466,419.616282278515,0.0
1239,4.0,16.13039829388455,12.13039829388455,23.384205172398644,67.95764344487606,419.616282278515,0.0
1240,4.0,16.335992255691824,12.335992255691824,23.226546541312945,67.95571557786009,419.616282278515,0.0
1241,4.0,16.524492609111746,12.524492609111746,23.097291737773023,67.95560054984922,419.616282278515,0.0
1242,4.0,16.69431160049499,12.694311600494991,22.996921309628846,67.95608922924787,419.616282278515,0.0
1243,4.0,16.84391445332087,12.84391445332087,22.926010737506147,67.95691423522571,419.616282278515,0.0
1244,4.0,17.000445503661826,13.000445503661826,22.885031989567175,67.95785587316962,419.616282278515,0.0
1245,4.0,17.10660339458308,13.106603394583079,22.87457002910372,67.95602051991332,419.616282278515,0.0
1246,4.0,17.189511752779424,13.189511752779424,22.89508689025644,67.95593977311073,419.616282278515,0.0
1247,4.0,17.24851803083087,13.24851803083087,22.947125092251056,67.95637232372219,419.616282278515,0.0
1248,4.0,17.283116496775364,13.283116496775364,23.031115851545366,67.95708692315678,419.616282278515,0.0
1249,4.0,17.29312840264081,13.29312840264081,23.147544173493458,67.95788031581786,419.616282278515,0.0
1250,4.0,17.278245680074818,13.278245680074818,23.296788783144244,67.95594957404747,419.616282278515,0.0
1251,4.0,17.238861486091835,13.238861486091835,23.479282872525687,67.95579339076144,419.616282278515,0.0
1252,4.0,17.20220721196728,13.20220721196728,23.695350079085305,67.95620479963667,419.616282278515,0.0
1253,4.0,17.11473593875564,13.11473593875564,23.94538600490488,67.95696336530966,419.616282278515,0.0
1254,4.0,17.00429885305252,13.004298853052521,24.229670487626073,67.95781714112952,419.616282278515,0.0
1255,4.0,16.872118120050438,12.872118120050438,24.548565322128415,67.955978224098,419.616282278515,0.0
1256,4.0,16.719089017112502,12.719089017112502,24.90232359084796,67.95589356957142,419.616282278515,0.0
1257,4.0,16.54656776129218,12.54656776129218,25.29129997877295,67.95635003353165,419.616282278515,0.0
1258,4.0,16.355926606941242,12.355926606941242,25.71577240066005,67.95710036208663,419.616282278515,0.0
1259,4.0,16.148438824283723,12.148438824283723,26.176086174882716,67.9579460715353,419.616282278515,0.0
1260,4.0,15.949735739289341,11.949735739289341,26.672548732053052,67.95605249139098,419.616282278515,0.0
1261,4.0,15.712510959071105,11.712510959071105,27.205570132599,67.95591960635653,419.616282278515,0.0
1262,4.0,15.462819073653758,11.462819073653758,27.77554337040072,67.95635778563506,419.616282278515,0.0
1263,4.0,15.202021165257454,11.202021165257454,28.38295430992052,67.95709299103653,419.616282278515,0.0
1264,4.0,14.931604574372795,10.931604574372795,29.02831864700096,67.95793340315,419.616282278515,0.0
1265,4.0,14.652576741303998,10.652576741303998,29.71232978547913,67.95869192754452,419.616282278515,0.0
1266,4.0,14.36641936022745,10.36641936022745,30.435761528462642,67.95669568600675,419.616282278515,0.0
1267,4.0,14.074075440780822,10.074075440780822,31.19969881853724,67.95633672422392,419.616282278515,0.0
1268,4.0,13.776416003566588,9.776416003566588,32.0055622817943,67.95650652515641,419.616282278515,0.0
1269,4.0,13.49340447033741,9.49340447033741,32.855556444341445,67.95700820616828,419.616282278515,0.0
1270,4.0,13.185604556100651,9.185604556100651,33.7535086697178,67.95768892710208,419.616282278515,0.0
1271,4.0,12.87128020875001,8.87128020875001,34.70829142075659,67.95572330416184,419.616282278515,0.0
1272,4.0,12.543088857364447,8.543088857364447,35.746493219557365,67.95561160810497,419.616282278515,0.0
1273,4.0,12.21532453264832,8.21532453264832,36.83475764810495,67.95608381877784,419.616282278515,0.0
1274,4.0,11.899783231150279,7.899783231150279,37.93921830727981,67.9569032376628,419.616282278515,0.0
1275,4.0,11.60482157191604,7.604821571916039,39.03018737496926,67.95784475209291,419.616282278515,0.0
1276,4.0,11.332268186823564,7.332268186823564,40.093664772003194,67.95600688712618,419.616282278515,0.0
1277,4.0,11.094105760200755,7.094105760200755,41.1348973951072,67.95590947540732,419.616282278515,0.0
1278,4.0,10.855488454365341,6.855488454365341,42.15954207859734,67.95633522094641,419.616282278515,0.0
1279,4.0,10.63014725492221,6.6301472549222105,43.17187757103665,67.95704969986673,419.616282278515,0.0
1280,4.0,10.4161838312193,6.4161838312193,44.174924643646484,67.95785274903406,419.616282278515,0.0
1281,4.0,10.21222847237003,6.212228472370031,45.170805625247986,67.95590166455506,419.616282278515,0.0
1282,4.0,10.01720920617708,6.01720920617708,46.16102616029443,67.95574893885733,419.616282278515,0.0
1283,4.0,9.830285703844433,5.830285703844433,47.14650907403496,67.95617128510604,419.616282278515,0.0
1284,4.0,9.651237347157396,5.651237347157396,48.125848285521215,67.95691316864979,419.616282278515,0.0
1285,4.0,9.493048561097263,5.493048561097263,49.09680485694175,67.957799118037,419.616282278515,0.0
1286,4.0,9.329095301615876,5.329095301615876,50.05793398823698,67.95594944088998,419.616282278515,0.0
1287,4.0,9.172234664244128,5.172234664244128,51.00832267500854,67.95587594084441,800.0,0.0
1288,4.0,9.0224010054905,5.022401005490501,51.94625210683186,67.9563451153816,800.0,0.0
1289,4.0,8.878741759194277,4.878741759194277,52.87379812904818,67.95712655420134,800.0,0.0
1290,4.0,8.741088502962581,4.741088502962581,53.78950523158894,67.95798532849429,800.0,0.0
1291,4.0,8.609067892195265,4.609067892195265,54.6933746483825,67.9587419845799,800.0,0.0
1292,4.0,8.482368750554718,4.482368750554718,55.58538643643626,67.95673698200989,800.0,0.0
1293,4.0,8.360614067266024,4.360614067266024,56.46560548154233,67.9563581250093,800.0,0.0
1294,4.0,8.254744301549652,4.2547443015496516,57.33412175172148,67.95649332898226,800.0,0.0
1295,4.0,8.141875676416086,4.1418756764160864,58.1910628466137,67.95697613070793,800.0,0.0
1296,4.0,8.03311898391796,4.03311898391796,59.03653833578259,67.9576305957553,800.0,0.0
1297,4.0,7.9282218276575085,3.9282218276575085,59.87070431804512,67.95570615499668,782.2583782582794,0.0
1298,4.0,7.826973008325072,3.826973008325072,60.69368981672111,67.95560172662478,762.654356872321,0.0
1299,4.0,7.729144694594081,3.7291446945940807,61.50565850839081,67.95608475300234,743.7173330902226,0.0
1300,4.0,7.634553007712189,3.6345530077121886,62.306766961828856,67.95691222992943,725.4114025275883,0.0
1301,4.0,7.5433002261571644,3.5433002261571644,63.0944907343762,67.95782692979586,707.7559882254478,0.0
1302,4.0,7.465999701598167,3.465999701598167,63.86313495674094,67.9560116347753,692.8195821369419,0.0
1303,4.0,7.382643708881919,3.3826437088819192,64.60883152068227,67.95592142633083,676.6998514130443,0.0
1304,4.0,7.303453698977712,3.3034536989777123,65.32930586425623,67.95636112323106,661.3894168135132,0.0
1305,4.0,7.228460718715481,3.228460718715481,66.02248610223147,67.95706920579983,646.8937945430762,0.0
1306,4.0,7.157543872915736,3.1575438729157357,66.68729295267673,67.95787922459776,633.1890480640623,0.0
1307,4.0,7.090595448710881,3.0905954487108813,67.32326972337295,67.95592313677228,620.2539277979287,0.0
1308,4.0,7.027422197516332,3.027422197516332,67.93055331794054,67.95577313676401,608.0506217539278,0.0
1309,4.0,6.967821372623797,2.9678213726237974,68.50958400768079,67.95617065509903,596.5395321489809,0.0
1310,4.0,6.920831420813736,2.9208314208137356,69.06103251752091,67.95692156706129,587.4831483526164,0.0
1311,4.0,6.867560795036908,2.8675607950369084,69.58629871274753,67.9577717716277,577.1977642864308,0.0
1312,4.0,6.817116376754454,2.817116376754454,70.08696321441158,67.95592554578243,567.4594173178272,0.0
1313,4.0,6.769365377943557,2.769365377943557,70.56366011160867,67.95586872169082,558.2422356916915,0.0
1314,4.0,6.724089793245829,2.7240897932458292,71.01709112005736,67.9563305238499,549.5037521086726,0.0
1315,4.0,6.681233078106852,2.6812330781068523,71.44788442149226,67.95710259683679,541.2329775912862,0.0
1316,4.0,6.640600473449755,2.640600473449755,71.85702978740225,67.95793209805746,533.3920518365863,0.0
1317,4.0,6.602052892081229,2.602052892081229,72.24525837336533,67.95606271596999,525.9539266544678,0.0
1318,4.0,6.565495237285815,2.5654952372858153,72.61337229667963,67.95593803665278,518.9001534574029,0.0
1319,4.0,6.539565201261709,2.539565201261709,72.96224943197038,67.95636522412705,513.9151998646806,0.0
1320,4.0,6.506517421175094,2.5065174211750936,73.29326134674375,67.95710536557968,507.5389461714378,0.0
1321,4.0,6.474976926553005,2.474976926553005,73.60791589880664,67.95794100024106,501.453535333214,0.0
1322,4.0,6.444877429280742,2.4448774292807416,73.90642499105024,67.95870781866778,495.64604178682487,0.0
1323,4.0,6.4162129362772005,2.4162129362772005,74.18916645379636,67.95670770292037,490.11533504392133,0.0
1324,4.0,6.379732022058091,2.379732022058091,74.45674649469275,67.9563645605942,483.0574764429889,0.0
1325,4.0,6.353775643627385,2.353775643627385,74.70877899131042,67.95653584931605,478.04883726589185,0.0
1326,4.0,6.329104623014829,2.329104623014829,74.94520816665379,67.95703908582341,473.2877330001272,0.0
1327,4.0,6.314229218230987,2.314229218230987,75.16675090816678,67.95770900961115,470.4337843560682,0.0
1328,4.0,6.291906999240216,2.291906999240216,75.37498364159707,67.95575617180454,466.12502376263706,0.0
1329,4.0,6.2705367557482985,2.2705367557482985,75.57137123149356,67.9556182698723,461.9995031037653,0.0
1330,4.0,6.250144759230729,2.2501447592307287,75.75599573020575,67.95608801902506,458.0623431724185,0.0
1331,4.0,6.230694632727534,2.230694632727534,75.92929524500767,67.95690652564055,454.30652567714037,0.0
1332,4.0,6.2121289144025855,2.2121289144025855,76.09145142693063,67.95783251552133,450.72086786953724,0.0
1333,4.0,6.194422088549209,2.194422088549209,76.24252568054584,67.95598258667968,447.30039210818694,0.0
1334,4.0,6.1775607645664845,2.1775607645664845,76.38264142113958,67.95591657010478,444.04249960972726,0.0
1335,4.0,6.169958772307475,2.169958772307475,76.51214561134435,67.95634292776171,442.58794888806034,0.0
1336,4.0,6.145559402235844,2.145559402235844,76.63215474417828,67.95707138142087,437.8559105669675,0.0
1337,4.0,6.131033427827314,2.1310334278273144,76.74270932176424,67.95786899012455,435.0471846018778,0.0
1338,4.0,6.117222644909941,2.1172226449099414,76.84336183200368,67.95592986915504,432.37581566795944,0.0
1339,4.0,6.104189365811484,2.104189365811484,76.93424104474232,67.95577985480632,429.85397411793514,0.0
1340,4.0,6.0918633236882025,2.0918633236882025,77.0161988487968,67.95620518164483,427.4681349055018,0.0
1341,4.0,6.080139767894153,2.0801397678941527,77.08968757746443,67.95694669273242,425.1979635354841,0.0
1342,4.0,6.069075627391341,2.0690756273913413,77.15478384874315,67.95781040257295,423.05457252732026,0.0
1343,4.0,6.066900079953424,2.066900079953424,77.21218907024823,67.95593730057034,422.64279921822515,0.0
1344,4.0,6.056913146570004,2.056913146570004,77.26294783352529,67.9558336762101,420.70637091252917,0.0
1345,4.0,6.038271061841644,2.0382710618416437,77.3080332257147,67.95629114825725,417.08096203642486,0.0
1346,4.0,6.029216612353708,2.029216612353708,77.34654564347937,67.95704796833323,415.32371816522254,0.0
1347,4.0,6.020698727721458,2.0206987277214576,77.37797112164681,67.95791658794316,413.6695666131515,0.0
1348,4.0,6.012668566672983,2.012668566672983,77.40276047634401,67.95869250345258,412.1090795701358,0.0
1349,4.0,6.005118124256559,2.005118124256559,77.42130190963472,67.95671110555635,410.64077919233466,0.0
1350,4.0,5.997996386899901,1.9979963868999011,77.43419848318099,67.95637485482509,409.25484816078904,0.0
1351,4.0,5.991314699961089,1.9913146999610891,77.44174223200068,67.95653811279378,407.9535617974467,0.0
1352,4.0,5.985060072267481,1.9850600722674807,77.44436184371631,67.95700549506215,406.73447983369135,0.0
1353,4.0,5.979113546343097,1.9791135463430969,77.44216841312293,67.95765699897721,405.574429644174,0.0
1354,4.0,5.973500177346734,1.9735001773467342,77.43554063009256,67.95572993551995,404.47837952775353,0.0
1355,4.0,5.968192567991269,1.9681925679912693,77.42481025773625,67.955615922044,403.44105948763655,0.0
1356,4.0,5.963224291928703,1.9632242919287028,77.41004838174565,67.95611327952435,402.4690322300529,0.0
1357,4.0,5.95850952033153,1.9585095203315301,77.39180302374547,67.95692513525792,401.5456808913275,0.0
1358,4.0,5.954117640205108,1.9541176402051077,77.36985666060302,67.95786444256426,400.68448915134877,0.0
1359,4.0,5.949987767017872,1.9499877670178716,77.34478261577102,67.95603924336001,399.8737098974341,0.0
1360,4.0,5.946143601405376,1.9461436014053763,77.31663434851679,67.95595245406919,399.1179770371327,0.0
1361,4.0,5.942494548888809,1.942494548888809,77.28553611597029,67.95635954442841,398.3996523797264,0.0
1362,4.0,5.939059495978314,1.9390594959783138,77.2517191069087,67.95703970427404,397.7224697868711,0.0
1363,4.0,5.935869035834568,1.9358690358345676,77.21532479811935,67.95783562304445,397.09242641728065,0.0
1364,4.0,5.932855565230428,1.9328555652304278,77.1766437668404,67.95593027235242,396.4964034900867,0.0
1365,4.0,5.930069110071933,1.9300691100719334,77.13553417499925,67.9557886956426,395.9441260396153,0.0
1366,4.0,5.927443655376013,1.9274436553760133,77.09239123788043,67.95621680783786,395.4228076569894,0.0
1367,4.0,5.916729991186708,1.916729991186708,77.04715002761188,67.95694875222244,393.3238390746244,0.0
1368,4.0,5.922864713846156,1.922864713846156,76.99931869510598,67.95780344506625,432.00561281019094,0.0
1369,4.0,5.919669546491015,1.919669546491015,76.96477545711367,67.95595243419446,431.3750779514228,0.0
1370,4.0,5.914210613245272,1.914210613245272,76.95956761371626,67.95586894872461,430.3094589704899,0.0
1371,4.0,5.90724482732995,1.9072448273299498,76.97380297119872,67.95633258172819,428.95421148562207,0.0
1372,4.0,5.899323236958729,1.899323236958729,77.00052789280541,67.9571079370816,427.41528662068936,0.0
1373,4.0,5.890841667412658,1.8908416674126576,77.03468064814166,67.9579648346732,425.7687766745097,0.0
1374,4.0,5.873727287189995,1.873727287189995,77.07271412401381,67.95609081845603,422.43971291454153,0.0
1375,4.0,5.864884620459771,1.8648846204597707,77.11095175098416,67.95596851659981,420.7236816174834,0.0
1376,4.0,5.856183058036238,1.8561830580362377,77.14718661301914,67.95637079189217,419.0347353176113,0.0
1377,4.0,5.856020566858035,1.8560205668580352,77.18032536378999,67.95709377015605,419.01023967895685,0.0
1378,4.0,5.8477310138664205,1.8477310138664205,77.21049479121716,67.9579137358503,417.4003254154914,0.0
1379,4.0,5.839675524053313,1.8396755240533134,77.23779982256781,67.95867997051347,415.83543393294957,0.0
1380,4.0,5.831852891859794,1.8318528918597936,77.26186487029497,67.9569003268272,414.31524789224505,0.0
1381,4.0,5.824310273361672,1.8243102733616716,77.28200333313816,67.95661931958729,412.848812869072,0.0
1382,4.0,5.808790320178977,1.8087903201789768,77.29806403510828,67.95677817897523,409.82591240439996,0.0
1383,4.0,5.8018953336002115,1.8018953336002115,77.30914056902671,67.95725840044209,408.4837976614574,0.0
1384,4.0,5.795449006601237,1.7954490066012374,77.31462005014986,67.9578709884707,407.2279550662322,0.0
1385,4.0,5.797653213669515,1.7976532136695154,77.31520427571903,67.95636779135195,407.65790245274263,0.0
1386,4.0,5.791872296955607,1.7918722969556073,77.31158220662448,67.95632880585592,406.52983628632217,0.0
1387,4.0,5.78630102219603,1.7863010221960298,77.30490648245139,67.95674272740136,405.44198655884054,0.0
1388,4.0,5.781035222793253,1.7810352227932533,77.2947656367962,67.95741606224442,404.41295152773444,0.0
1389,4.0,5.767697407030785,1.7676974070307852,77.28174598033738,67.95816494614726,401.8092480110331,0.0
1390,4.0,5.762940433834299,1.7629404338342987,77.26468540579943,67.95706735515711,400.8779313403748,0.0
1391,4.0,5.758540707651358,1.758540707651358,77.24300152952831,67.95711018832169,400.0152744740885,0.0
1392,4.0,5.75445151878996,1.7544515187899599,77.21740006746134,67.95744839993799,399.2123230933946,0.0
1393,4.0,5.750649716302592,1.7506497163025916,77.18825889597146,67.95794579080241,398.4646456235425,0.0
1394,4.0,5.755579352549914,1.7555793525499137,77.15588031691689,67.9584640322563,399.4188987288415,0.0
1395,4.0,5.752185257021346,1.7521852570213463,77.12122538227699,67.95754594396308,398.7495334479395,0.0
1396,4.0,5.740657906131663,1.7406579061316627,77.08499140561437,67.95752521044555,396.4938444887243,0.0
1397,4.0,5.737623843310067,1.7376238433100673,77.04663693319102,67.95778304491351,395.8938910007763,0.0
1398,4.0,5.734818015419731,1.734818015419731,77.0053388630263,67.95818055202295,395.3378100850744,0.0
1399,4.0,5.7322572395919105,1.7322572395919105,76.96122518283478,67.95863769250107,394.8289098043571,0.0
1400,4.0,5.729865869058307,1.7298658690583073,76.91481671802944,67.95799227652289,394.3525527255084,0.0
1401,4.0,5.727687823198395,1.7276878231983952,76.86605413846827,67.95804760456387,393.9172912026327,0.0
1402,4.0,5.725673842213025,1.725673842213025,76.81547964836575,67.95827311118829,393.51363765431626,0.0
1403,4.0,5.7238337333632705,1.7238337333632705,76.7631617958014,67.95860903686473,393.14352006517686,0.0
1404,4.0,5.713793616377373,1.713793616377373,76.70916162362012,67.95894688934958,391.17404571809425,0.0
1405,4.0,5.712288052660095,1.712288052660095,76.65309812622623,67.95922848882194,390.8683727331086,0.0
1406,4.0,5.719375162905759,1.7193751629057594,76.59424460774343,67.95873291308918,425.7654947892479,0.0
1407,4.0,5.717195283487264,1.7171952834872641,76.54809120710547,67.95866745999817,425.3304812658425,0.0
1408,4.0,5.713041175330395,1.7130411753303951,76.52873881681568,67.9587093121791,424.5162652999846,0.0
1409,4.0,5.7075578069272,1.7075578069272002,76.52739419077956,67.95882702624435,423.4467191202283,0.0
1410,4.0,5.7011818638913425,1.7011818638913425,76.53760557456397,67.95898428844963,422.2056076752882,0.0
1411,4.0,5.685924473119661,1.6859244731196608,76.55458330258213,67.95866966912354,419.23407065980376,0.0
1412,4.0,5.678812334769495,1.6788123347694954,76.57476480393878,67.9586945718802,417.8515484819281,0.0
1413,4.0,5.671668263260269,1.671668263260269,76.59495503101519,67.95883100284955,416.46280236254177,0.0
1414,4.0,5.664628520559578,1.664628520559578,76.61377519383386,67.95901342896778,415.09410635920983,0.0
1415,4.0,5.657747343826835,1.657747343826835,76.63053238599991,67.95921366705328,413.75588719827977,0.0
1416,4.0,5.651035279573752,1.651035279573752,76.64465556757577,67.95908790112476,412.4500780919774,0.0
1417,4.0,5.644568779246823,1.644568779246823,76.6554104326243,67.95914273993473,411.1914284844641,0.0
1418,4.0,5.629992081036821,1.6299920810368214,76.66275291917133,67.95921314431324,408.35055501926644,0.0
1419,4.0,5.62406579565854,1.6240657956585398,76.6660449812643,67.95929070129318,407.19563902943486,0.0
1420,4.0,5.618525536674593,1.6185255366745928,76.66425020916454,67.95935780102859,406.1149016307037,0.0
1421,4.0,5.613310610440868,1.6133106104408679,76.65811302117744,67.95924558705894,405.0966680973388,0.0
1422,4.0,5.608371696708222,1.6083716967082218,76.64784387422908,67.95923727485561,404.1313665632086,0.0
1423,4.0,5.612180694544039,1.6121806945440387,76.63360694888698,67.95926554723883,404.8710530819929,0.0
1424,4.0,5.607767761256867,1.6077677612568673,76.61669041636486,67.95931317719861,404.0068863170378,0.0
1425,4.0,5.603513302697401,1.6035133026974009,76.5976593430354,67.95936793054673,403.1731674946045,0.0
1426,4.0,5.591066612384875,1.591066612384875,76.5763966996696,67.95941260888833,400.7414839917393,0.0
1427,4.0,5.587200135211368,1.5872001352113676,76.55226353832714,67.95940246448107,399.98232542764873,0.0
1428,4.0,5.5836518952870415,1.5836518952870415,76.52428596864422,67.95942574092254,399.284397532208,0.0
1429,4.0,5.580341119535289,1.580341119535289,76.49328863050155,67.95943704577446,398.63212782994816,0.0
1430,4.0,5.5772515479997296,1.5772515479997296,76.45927710170095,67.95945498024285,398.0223476181463,0.0
1431,4.0,5.574389842303901,1.5743898423039013,76.4225173874379,67.95946483730604,397.45641393901593,0.0
1432,4.0,5.571723329089029,1.5717233290890293,76.38347247234708,67.95947306015535,396.92805577781394,0.0
1433,4.0,5.560818737334742,1.560818737334742,76.34226039319105,67.9594681219599,394.792811376084,0.0
1434,4.0,5.558560664714275,1.5585606647142747,76.29822594371821,67.959466877706,394.3430374668685,0.0
1435,4.0,5.556558339969394,1.5565583399693939,76.25097158436276,67.95947024522718,393.9424494688074,0.0
1436,4.0,5.554770071046684,1.5547700710466836,76.20114827659724,67.95946934702728,393.5830581920676,0.0
1437,4.0,5.5531758678354555,1.5531758678354555,76.14915111609344,67.95946924029057,393.26105124158863,0.0
1438,4.0,5.551737353065481,1.551737353065481,76.09529465098925,67.95947381400941,392.9690133057878,0.0
1439,4.0,5.550473498306803,1.5504734983068031,76.03976556166879,67.95947774211542,422.9449178166428,0.0
1440,4.0,5.539919653822047,1.5399196538220474,75.99582762332548,67.95947503209588,420.8775264710524,0.0
1441,4.0,5.536214699661048,1.5362146996610484,75.97426935693021,67.959479978897,420.1504543463784,0.0
1442,4.0,5.53150448399866,1.5315044839986598,75.96668875434999,67.95948663872001,419.23034295791285,0.0
1443,4.0,5.526110511267187,1.5261105112671869,75.96829593068577,67.95948484616507,418.17886157957395,0.0
1444,4.0,5.520352186712329,1.520352186712329,75.9750455412236,67.95948785228872,417.0574301355025,0.0
1445,4.0,5.514369272360754,1.5143692723607538,75.98466118550158,67.95948343960127,415.89281614117647,0.0
1446,4.0,5.508332176494919,1.5083321764949194,75.99503524673254,67.95948472316987,414.71779907273657,0.0
1447,4.0,5.502326702425634,1.5023267024256342,76.00501336535511,67.95948947074893,413.54886393908424,0.0
1448,4.0,5.487934719532182,1.4879347195321824,76.01362126193567,67.95949812340918,410.74426699513094,0.0
1449,4.0,5.482226548864306,1.4822265488643058,76.0193377461236,67.95948969041567,409.6323955839896,0.0
1450,4.0,5.476782562688597,1.476782562688597,76.02133066242764,67.95948489844935,408.57124427693725,0.0
1451,4.0,5.471608441635232,1.4716084416352322,76.01960803893212,67.9594840180573,407.5619224502929,0.0
1452,4.0,5.466694594037785,1.4666945940377847,76.01439853933675,67.95948043482576,406.60260865737274,0.0
1453,4.0,5.462028909438136,1.4620289094381356,76.00575107677743,67.95948402024689,405.69095196552513,0.0
1454,4.0,5.457611232348337,1.457611232348337,75.99376303184198,67.95948257963693,404.8269431137501,0.0
1455,4.0,5.444952886974054,1.444952886974054,75.97875396452177,67.9594775096916,402.3553589302309,0.0
1456,4.0,5.441024160919477,1.4410241609194774,75.96014538191913,67.95947624350451,401.5852823215539,0.0
1457,4.0,5.43740240224687,1.43740240224687,75.93733485872357,67.95947880392744,400.874168093126,0.0
1458,4.0,5.4340424844180175,1.4340424844180175,75.9109275779413,67.95947480390308,400.2133465531479,0.0
1459,4.0,5.43094027673005,1.43094027673005,75.88130759532827,67.95947250301622,399.60209495952927,0.0
1460,4.0,5.428041297539524,1.428041297539524,75.84905639536936,67.95947156328958,399.0299142096197,0.0
1461,4.0,5.425349357159634,1.425349357159634,75.81417076389577,67.95947536219761,398.4975473451415,0.0
1462,4.0,5.422850584566575,1.422850584566575,75.77714532557147,67.95948205578617,398.0023956819734,0.0
1463,4.0,5.411975165347354,1.4119751653473536,75.73832871351578,67.95948000553994,395.87342032359624,0.0
1464,4.0,5.4098439202551925,1.4098439202551925,75.69658311403285,67.95948315042358,395.44893972319244,0.0
1465,4.0,5.407932759602384,1.4079327596023843,75.65204326101924,67.95948340802782,395.0667860836694,0.0
1466,4.0,5.406233061496215,1.4062330614962146,75.60497624273764,67.95949058394933,394.72533596539057,0.0
1467,4.0,5.404703694843248,1.4047036948432483,75.55583807122942,67.95948732549722,394.4166666877927,0.0
1468,4.0,5.4033531604378675,1.4033531604378675,75.5047477824358,67.95949101312223,394.1424620363001,0.0
1469,4.0,5.402149901040258,1.402149901040258,75.45215705398354,67.95949215778829,421.2385880875112,0.0
1470,4.0,5.391701481901849,1.3917014819018494,75.40968845501347,67.95949040399557,419.1921388346847,0.0
1471,4.0,5.388419431560681,1.3884194315606813,75.38687059093972,67.95948368048684,418.5473014806451,0.0
1472,4.0,5.384255950384268,1.3842559503842677,75.3763849149426,67.95947476838823,417.73320010981007,0.0
1473,4.0,5.3795654123601055,1.3795654123601055,75.37330247672286,67.9594718684895,416.8178919010128,0.0
1474,4.0,5.374536766197949,1.3745367661979486,75.37474230643218,67.95947886250269,415.83761105457035,0.0
1475,4.0,5.369362183445652,1.3693621834456522,75.37829730137827,67.95947642931228,414.82932088271156,0.0
1476,4.0,5.3641371042233015,1.3641371042233015,75.38259790003536,67.9594784196029,413.81134197396875,0.0
1477,4.0,5.358943467777879,1.3589434677778787,75.3864427817687,67.95947515516856,412.7993978586173,0.0
1478,4.0,5.345284007712072,1.3452840077120722,75.38901344653766,67.95947998745017,410.1363480673838,0.0
1479,4.0,5.340359908532007,1.3403599085320073,75.38897658017699,67.95947853073166,409.1761409123222,0.0
1480,4.0,5.3356783667420284,1.3356783667420284,75.3855466837144,67.95947365830287,408.2625132088889,0.0
1481,4.0,5.331231783866061,1.3312317838660608,75.37882231967475,67.95948153913443,407.3940042429176,0.0
1482,4.0,5.327007165520764,1.3270071655207643,75.36904491091288,67.95948004002572,406.5681314598379,0.0
1483,4.0,5.322998516651868,1.322998516651868,75.35628763812207,67.95948545163733,405.7837415820138,0.0
1484,4.0,5.319192964960686,1.3191929649606857,75.34079186161333,67.959486856824,405.03837596275474,0.0
1485,4.0,5.307027612560162,1.3070276125601623,75.3226088909923,67.95948819067333,402.6622807390996,0.0
1486,4.0,5.303652004453821,1.303652004453821,75.30130374108063,67.95948879479263,401.9995254975237,0.0
1487,4.0,5.300550949089465,1.3005509490894651,75.27624920324824,67.95947967601535,401.3895156887613,0.0
1488,4.0,5.297689873500677,1.2976898735006772,75.24802005155993,67.95947571829153,400.82563198936214,0.0
1489,4.0,5.295033898836426,1.2950338988364258,75.21712218858416,67.95947412514671,400.3011807759533,0.0
1490,4.0,5.292563518335365,1.2925635183353652,75.18381234499161,67.95946812010567,399.8124131993209,0.0
1491,4.0,5.290278426531867,1.2902784265318674,75.14829389575058,67.95947482154789,399.35931334521536,0.0
1492,4.0,5.279556258434122,1.2795562584341216,75.110925448657,67.95946896310262,397.2605964392478,0.0
1493,4.0,5.2776381274886655,1.2776381274886655,75.07092528560784,67.95947337702728,396.8781151759448,0.0
1494,4.0,5.275942058072997,1.2759420580729968,75.02807364203703,67.95948066014606,396.5383388340732,0.0
1495,4.0,5.27443685019986,1.2744368501998604,74.98286269539423,67.95947990244485,396.2352882164728,0.0
1496,4.0,5.273105382663033,1.273105382663033,74.93560806308687,67.9594824092993,395.9656920899375,0.0
1497,4.0,5.271917205027262,1.271917205027262,74.88672277946064,67.95948269034895,420.5260859039196,0.0
1498,4.0,5.27012991767502,1.2701299176750203,74.84676309211747,67.95948208441744,420.16915287646736,0.0
1499,4.0,5.267060205011906,1.267060205011906,74.82519428995003,67.95947593886758,419.56602028122313,0.0
1500,4.0,5.254524039997615,1.254524039997615,74.81566538840642,67.95948113683716,417.11946339619334,0.0
1501,4.0,5.250141931254735,1.2501419312547348,74.81293802925796,67.95947791046122,416.26437845166225,0.0
1502,4.0,5.24551753388516,1.2455175338851596,74.81350542998416,67.95947455541723,415.3627403238683,0.0
1503,4.0,5.240813053478695,1.2408130534786954,74.81524152395396,67.95946938458054,414.44573185757815,0.0
1504,4.0,5.2360790795936225,1.2360790795936225,74.8173844587283,67.95947635649308,413.5230577596093,0.0
1505,4.0,5.231397120642091,1.2313971206420913,74.81877603270267,67.95947705219085,412.61036851667313,0.0
1506,4.0,5.2268089213637765,1.2268089213637765,74.8188296008466,67.95947567331619,411.71568092691797,0.0
1507,4.0,5.22233422685359,1.2223342268535902,74.81727223337738,67.95947965345124,410.8427878661129,0.0
1508,4.0,5.209201824558905,1.209201824558905,74.8136941832024,67.95948664780902,408.2812167118612,0.0
1509,4.0,5.2050687604771415,1.2050687604771415,74.80733097299834,67.95948218013531,407.47393068988663,0.0
1510,4.0,5.201187603198238,1.201187603198238,74.79744280797772,67.95947872485941,406.7150252324305,0.0
1511,4.0,5.197522965651154,1.197522965651154,74.7844793472374,67.95948676035283,405.99769470900213,0.0
1512,4.0,5.194062007620119,1.1940620076201194,74.76871869454277,67.95948129425558,405.3194940812376,0.0
1513,4.0,5.1907975350101605,1.1907975350101605,74.75026054342274,67.95948130140805,404.6790418265174,0.0
1514,4.0,5.187703470511475,1.187703470511475,74.72953148044306,67.95948385190265,404.0713429261917,0.0
1515,4.0,5.184768648016181,1.1847686480161812,74.70667845550729,67.95948431462153,403.4942512548635,0.0
1516,4.0,5.1819898139203815,1.1819898139203815,74.68178859637065,67.95948716705918,402.94715106533766,0.0
1517,4.0,5.179369443348299,1.1793694433482989,74.65489479822466,67.95948697061594,402.4305323397225,0.0
1518,4.0,5.176887483422766,1.1768874834227656,74.62624775298727,67.95948592576245,401.9405378256313,0.0
1519,4.0,5.165894316890385,1.1658943168903848,74.59585450147436,67.9594850061962,399.790494059139,0.0
1520,4.0,5.163724926388771,1.1637249263887712,74.56314081988504,67.95948376053269,399.3606027110107,0.0
1521,4.0,5.161772406145067,1.161772406145067,74.52762269668305,67.95948675774845,398.97241636683447,0.0
1522,4.0,5.16001480321861,1.1600148032186102,74.48961916816373,67.95948770168984,398.62172186594387,0.0
1523,4.0,5.1584071358522605,1.1584071358522605,74.44978328458336,67.95949540832875,398.29988527113164,0.0
1524,4.0,5.1569486213746325,1.1569486213746325,74.40819400884287,67.95948930694817,398.00677109802984,0.0
1525,4.0,5.1556233298080665,1.1556233298080665,74.36518329116187,67.95948157792016,420.273997958588,0.0
1526,4.0,5.153759260764971,1.1537592607649714,74.33024123223584,67.95947687272488,419.9031997676369,0.0
1527,4.0,5.150757411376897,1.1507574113768966,74.31198334384038,67.95947706377156,419.314023643887,0.0
1528,4.0,5.147018129344917,1.147018129344917,74.30441420280427,67.95947963928388,418.58328214016257,0.0
1529,4.0,5.142803460319697,1.1428034603196968,74.30369117519754,67.95947548503175,417.76127061821944,0.0
1530,4.0,5.141355338907736,1.1413553389077364,74.3068557143686,67.95947635425277,417.4795481203376,0.0
1531,4.0,5.136715985772635,1.1367159857726348,74.31211182454551,67.9594751009147,416.5759724973944,0.0
1532,4.0,5.132002394097924,1.132002394097924,74.318530429689,67.95947674192249,415.65816336219257,0.0
1533,4.0,5.127302568331358,1.1273025683313582,74.32466101460004,67.95947928457944,414.7429785021011,0.0
1534,4.0,5.122660862928829,1.1226608629288286,74.3299685587426,67.9594720455376,413.8389551999917,0.0
1535,4.0,5.109366070483403,1.1093660704834027,74.33380106803212,67.95946720157711,411.24727169852423,0.0
1536,4.0,5.104987597872925,1.1049875978729249,74.33514118600992,67.95946968800438,410.39374964470613,0.0
1537,4.0,5.100838129805208,1.100838129805208,74.33314709550744,67.95947160491816,409.5841865778151,0.0
1538,4.0,5.096904117115129,1.0969041171151286,74.32804949239292,67.95947780542451,408.81598868147387,0.0
1539,4.0,5.0931608944890705,1.0931608944890705,74.32015919877794,67.95947326513608,408.0844113069279,0.0
1540,4.0,5.089609475726349,1.0896094757263493,74.30967300833487,67.95947678235662,407.38969345004205,0.0
1541,4.0,5.086229154342879,1.0862291543428793,74.29667144866268,67.95947407686326,406.72781439897796,0.0
1542,4.0,5.083014423221064,1.083014423221064,74.28138326524224,67.9594756656532,406.0977483187725,0.0
1543,4.0,5.079962496698104,1.079962496698104,74.26388891326299,67.95947117230038,405.49896910046243,0.0
1544,4.0,5.077067873520179,1.0770678735201793,74.24426992552353,67.9594746479257,404.93042134604167,0.0
1545,4.0,5.074319989257617,1.0743199892576172,74.22269593217865,67.95947331778915,404.39008074529306,0.0
1546,4.0,5.071711407255478,1.0717114072554779,74.19923381021867,67.95947624511898,403.8765114591689,0.0
1547,4.0,5.069240205645591,1.069240205645591,74.1739960356829,67.95947505732683,403.3893625555113,0.0
1548,4.0,5.066899138158683,1.066899138158683,74.14704473729553,67.95946956013536,402.92723434294385,0.0
1549,4.0,5.064690688871046,1.0646906888710461,74.11845375723708,67.95948083451034,402.49062699519726,0.0
1550,4.0,5.062604947307821,1.062604947307821,74.0883241504544,67.95948915241321,402.0776294172077,0.0
1551,4.0,5.060644470565445,1.0606444705654452,74.05668323569695,67.95949218966526,422.3713134985585,0.0
1552,4.0,5.058208157351649,1.0582081573516486,74.03230592773474,67.95948457659202,421.89115706671475,0.0
1553,4.0,5.054767186611958,1.054767186611958,74.02285496567771,67.95947948994873,421.21820053179954,0.0
1554,4.0,5.050675307164807,1.0506753071648074,74.0229310057928,67.95947900977397,420.42029986653733,0.0
1555,4.0,5.046185564465754,1.0461855644657536,74.02882033328738,67.95947426731236,419.54602588979384,0.0
1556,4.0,5.04147215851302,1.0414721585130202,74.03792159430245,67.95947543912233,418.6288063267521,0.0
1557,4.0,5.03665483023982,1.0366548302398204,74.04843002388284,67.95947830404528,417.69161512939286,0.0
1558,4.0,5.031822190493492,1.031822190493492,74.05905702208729,67.95947821543557,416.751463196096,0.0
1559,4.0,5.02703094293695,1.0270309429369497,74.06894022082507,67.95947040244592,415.8192281464131,0.0
1560,4.0,5.022329182565194,1.0223291825651941,74.07747723287765,67.95946670749515,414.904162968973,0.0
1561,4.0,5.01773897614691,1.0177389761469096,74.0842517998239,67.95946612523018,414.010483874951,0.0
1562,4.0,5.0132889761329915,1.0132889761329915,74.0890105012242,67.95946608299788,413.14372519761105,0.0
1563,4.0,5.008978223850389,1.0089782238503888,74.09158627907755,67.95946867458169,412.3036651111541,0.0
1564,4.0,5.004819447155324,1.0048194471553238,74.0918754029358,67.95947954786192,411.49276388960084,0.0
1565,4.0,5.000817528975439,1.000817528975439,74.08985884014818,67.95948083353132,410.71196973323873,0.0
1566,4.0,4.996980925119987,0.9969809251199866,74.08552404902346,67.95948448043801,409.96292895146604,0.0
1567,4.0,4.993298213224036,0.993298213224036,74.07889668622546,67.95949130818993,409.24341961208773,0.0
1568,4.0,4.9897697471076565,0.9897697471076565,74.07001657643528,67.95949794795231,408.5535191325369,0.0
1569,4.0,4.986397110815029,0.9863971108150293,74.0589361031232,67.95949272756468,407.8935474785385,0.0
1570,4.0,4.98317675702318,0.9831767570231804,74.04571557168003,67.9594909422874,407.26282568356163,0.0
1571,4.0,4.98010056371327,0.98010056371327,74.03042038543938,67.95948598496872,406.65978380697356,0.0
1572,4.0,4.977173098661655,0.9771730986616554,74.01315668898249,67.95948405136882,406.0853349227715,0.0
1573,4.0,4.974377075510419,0.9743770755104189,73.99398643907512,67.95947518973419,405.53612136842366,0.0
1574,4.0,4.971730664256064,0.9717306642560644,73.97296629522633,67.9594749788992,405.0156983866658,0.0
1575,4.0,4.969216852215813,0.9692168522158129,73.95017427054182,67.95947339845596,404.52076505399845,0.0
1576,4.0,4.966827938753823,0.9668279387538226,73.92567987653564,67.95947702648306,404.0498345361633,0.0
1577,4.0,4.964563586220238,0.9645635862202377,73.89954285418071,67.95947982063811,403.6028537569004,0.0
1578,4.0,4.9624199342254975,0.9624199342254975,73.87187020261449,67.9594866510764,403.1790925276753,0.0
1579,4.0,4.960390051009973,0.9603900510099734,73.84270423308774,67.9594797503352,421.50481429371155,0.0
1580,4.0,4.957943933572004,0.9579439335720039,73.81995776791832,67.95947751765296,421.0230992133341,0.0
1581,4.0,4.9546048714894555,0.9546048714894555,73.81056934030764,67.95947570132026,420.37003348812556,0.0
1582,4.0,4.950705057161186,0.9507050571611861,73.80961903744911,67.95947787598494,419.6093724674094,0.0
1583,4.0,4.946453347468489,0.9464533474684886,73.81378756778619,67.95947742019833,418.7811542367016,0.0
1584,4.0,4.942012600647085,0.942012600647085,73.82072297174356,67.9594759042848,417.91664812610577,0.0
1585,4.0,4.937494890239514,0.9374948902395142,73.82879939456515,67.9594745831987,417.03737111771153,0.0
1586,4.0,4.932979993686702,0.9329799936867023,73.83685406044768,67.95946977150705,416.1586384773142,0.0
1587,4.0,4.928507809043547,0.9285078090435466,73.84412469572047,67.95947871391839,415.2880720474253,0.0
1588,4.0,4.924127408712298,0.9241274087122981,73.85006543580745,67.95947648314258,414.435127547407,0.0
1589,4.0,4.91984376843605,0.9198437684360501,73.85432973444198,67.9594802056329,413.60070321472284,0.0
1590,4.0,4.915698994812828,0.9156989948128276,73.85666584643012,67.9594814885876,412.79295749520605,0.0
1591,4.0,4.911689263730622,0.9116892637306222,73.85695004966732,67.95948534620148,412.0111189552999,0.0
1592,4.0,4.907811462825535,0.9078114628255349,73.85510100814626,67.9594836436145,411.25456378827477,0.0
1593,4.0,4.9040825584023855,0.9040825584023855,73.85108793791926,67.95948055575599,410.5265940643661,0.0
1594,4.0,4.900503653847227,0.9005036538472266,73.84490084744664,67.95948314340214,409.8274229424802,0.0
1595,4.0,4.897070105909096,0.897070105909096,73.83657750519693,67.95947782764661,409.15615294345577,0.0
1596,4.0,4.893777590433638,0.893777590433638,73.82614010252944,67.95947952727833,408.5119456137976,0.0
1597,4.0,4.8906324508274075,0.8906324508274075,73.8136804767681,67.95948328452005,407.89605716482924,0.0
1598,4.0,4.887631639157111,0.8876316391571111,73.79921377515826,67.9594818885481,407.30789660530905,0.0
1599,4.0,4.884770637698821,0.8847706376988214,73.78280300831808,67.95948366638356,406.7465962964404,0.0
1600,4.0,4.882042982901947,0.8820429829019467,73.76455508008743,67.95948341020052,406.2109182881933,0.0
1601,4.0,4.879444654027019,0.8794446540270187,73.74452917215527,67.95948315370565,405.7000910908702,0.0
1602,4.0,4.876985282319376,0.8769852823193762,73.72277555581037,67.9594806540293,405.21600351866454,0.0
1603,4.0,4.874635431913028,0.8746354319130276,73.69937227698357,67.95947784617019,404.7529320681612,0.0
1604,4.0,4.8724007951407255,0.8724007951407255,73.67439592833547,67.95948118055045,404.31200293679564,0.0
1605,4.0,4.870279880446938,0.8702798804469376,73.64790250909202,67.95948560144312,403.892937199251,0.0
1606,4.0,4.868280398813207,0.8682803988132068,73.61995018039148,67.95948259739197,420.428718652541,0.0
1607,4.0,4.865915465136603,0.8659154651366032,73.59767694871718,67.9594852876238,419.9629465850965,0.0
1608,4.0,4.862761220967156,0.8627612209671556,73.58735285770575,67.95947742359583,419.34573261720976,0.0
1609,4.0,4.859123733286266,0.8591237332862658,73.58454179367003,67.95948652971228,418.6358408804014,0.0
1610,4.0,4.855183592803122,0.8551835928031224,73.58625673940413,67.95947929059122,417.86786832405045,0.0
1611,4.0,4.8510860477901065,0.8510860477901065,73.59037352379197,67.9594803934255,417.0696988803788,0.0
1612,4.0,4.846920544602276,0.8469205446022761,73.59542712978624,67.95947826223477,416.2584715023605,0.0
1613,4.0,4.842753036816961,0.8427530368169611,73.60041213644844,67.9594791187318,415.44683910291593,0.0
1614,4.0,4.83863866620739,0.8386386662073901,73.60462011267013,67.95948257299914,414.6454077051104,0.0
1615,4.0,4.834604529679508,0.8346045296795079,73.60756820570931,67.95947860482615,413.8593612409733,0.0
1616,4.0,4.830673059599694,0.8306730595996941,73.60893971892284,67.9594779664628,413.09300844209923,0.0
1617,4.0,4.826862742846732,0.8268627428467319,73.60852276367831,67.95948549384214,412.34991037608665,0.0
1618,4.0,4.82318196580536,0.8231819658053601,73.60618514856176,67.95948316985839,411.6316750348943,0.0
1619,4.0,4.819623773990733,0.8196237739907328,73.60186930069678,67.95948812047816,410.93693441682797,0.0
1620,4.0,4.816203037360324,0.8162030373603244,73.5955606460468,67.95948862926936,410.26858521969774,0.0
1621,4.0,4.812924599946173,0.8129245999461734,73.5872498933117,67.9594837282198,409.6275702132984,0.0
1622,4.0,4.809784316763347,0.8097843167633467,73.57697425176808,67.95948285287753,409.0130889639794,0.0
1623,4.0,4.806773113511866,0.8067731135118663,73.56476106737568,67.95947434285348,408.42337781010076,0.0
1624,4.0,4.803904447660411,0.8039044476604111,73.55067035692873,67.95947620395471,407.8610735698229,0.0
1625,4.0,4.80115421436349,0.80115421436349,73.5347488433735,67.95947547167691,407.321485682186,0.0
1626,4.0,4.798516251906755,0.7985162519067552,73.51707178846215,67.95947087308897,406.80342841665197,0.0
1627,4.0,4.7960132334346754,0.7960132334346754,73.49768522620172,67.95947097247702,406.3113328116664,0.0
1628,4.0,4.793620746021935,0.7936207460219347,73.4766643747542,67.95947448079366,405.8404541666725,0.0
1629,4.0,4.791346419424767,0.7913464194247668,73.45406324372853,67.9594764209168,405.39229172905874,0.0
1630,4.0,4.789189807778398,0.7891898077783983,73.4299397054748,67.95946926197433,404.9667708054896,0.0
1631,4.0,4.7871437838076085,0.7871437838076085,73.40436834456327,67.95947653389177,419.9118210655974,0.0
1632,4.0,4.784780736871446,0.7847807368714461,73.3837976657864,67.95947980008769,419.44678171855287,0.0
1633,4.0,4.781725369534448,0.7817253695344482,73.37389745125748,67.95948629006881,418.84894239336825,0.0
1634,4.0,4.7751721580222295,0.7751721580222295,73.37066786112341,67.95948503977684,417.57039985224776,0.0
1635,4.0,4.771460272732705,0.7714602727327051,73.3711488567016,67.95948880807897,416.8466814530547,0.0
1636,4.0,4.767629917580194,0.7676299175801944,73.37319208219937,67.95948713444744,416.10018373520495,0.0
1637,4.0,4.763778974754787,0.7637789747547874,73.37568602172307,67.95948503703188,415.3497644236473,0.0
1638,4.0,4.7599381281178665,0.7599381281178665,73.37780906559408,67.95948021714976,414.60123736095204,0.0
1639,4.0,4.7561714614097825,0.7561714614097825,73.3790022602513,67.95948745311081,413.8669835412227,0.0
1640,4.0,4.752478470375322,0.7524784703753218,73.3788705834549,67.95949106922684,413.1468231208199,0.0
1641,4.0,4.748882614939794,0.7488826149397942,73.37719422491561,67.95948602661929,412.44528543452054,0.0
1642,4.0,4.745416609919106,0.745416609919106,73.37380831511089,67.95948503997047,411.76871587831846,0.0
1643,4.0,4.742062704183533,0.7420627041835326,73.36861261809446,67.95948764126135,411.1136323521029,0.0
1644,4.0,4.738829795224392,0.7388297952243921,73.3615827420666,67.95948152267827,410.4817649144651,0.0
1645,4.0,4.7357227106881785,0.7357227106881785,73.35271028945463,67.95948940552273,409.8740533331989,0.0
1646,4.0,4.732753868705937,0.7327538687059372,73.3419885078774,67.95949143432455,409.292917889255,0.0
1647,4.0,4.729903549088631,0.7299035490886308,73.32946072803603,67.95948991211498,408.7345222473607,0.0
1648,4.0,4.727170919329088,0.7271709193290876,73.31518474488084,67.95948939979925,408.1987161738548,0.0
1649,4.0,4.724570344478406,0.7245703444784057,73.29917044188122,67.95948469383512,407.68830310125315,0.0
1650,4.0,4.7220790293735995,0.7220790293735995,73.28148722040838,67.95948083527992,407.198852508061,0.0
1651,4.0,4.719688589045035,0.7196885890450346,73.26221872230661,67.95947507462127,406.72874680438656,0.0
1652,4.0,4.71742551007371,0.7174255100737099,73.24139431070195,67.95947761625742,406.2831571782877,0.0
1653,4.0,4.715259793562879,0.715259793562879,73.21908389484896,67.95948208802322,405.8562485110622,0.0
1654,4.0,4.713201365448437,0.7132013654484366,73.19534244791328,67.95948054756452,419.3573945802686,0.0
1655,4.0,4.710883197973299,0.710883197973299,73.17601256163493,67.95948235674915,418.90137411919,0.0
1656,4.0,4.707948038233469,0.7079480382334689,73.16620439491837,67.95948821187115,418.3269999967219,0.0
1657,4.0,4.704639773155813,0.7046397731558134,73.16231999284003,67.95948392470697,417.6810891882423,0.0
1658,4.0,4.70111380485012,0.7011138048501202,73.16189395885526,67.95949042378251,416.9934377254032,0.0
1659,4.0,4.697473264540061,0.6974732645400614,73.16322393039661,67.95948490452348,416.2838059668714,0.0
1660,4.0,4.693793134503971,0.693793134503971,73.16513210968046,67.95948496229613,415.56657316942733,0.0
1661,4.0,4.69011796688817,0.6901179668881703,73.16679457741465,67.959480980149,414.85025750335285,0.0
1662,4.0,4.686508043098796,0.6865080430987964,73.16763735906268,67.95948067099994,414.14649575261825,0.0
1663,4.0,4.68295966827992,0.6829596682799197,73.16727637390237,67.95948132031283,413.4544883960486,0.0
1664,4.0,4.67950626522571,0.6795062652257098,73.1654827246685,67.95948551085624,412.78070579143997,0.0
1665,4.0,4.6761772214169355,0.6761772214169355,73.1620652099089,67.95948019246843,412.1308391854437,0.0
1666,4.0,4.6729477415694705,0.6729477415694705,73.15694595010565,67.95948317720875,411.5000375243039,0.0
1667,4.0,4.669832284437617,0.669832284437617,73.1500790526102,67.95948740161754,410.891110899162,0.0
1668,4.0,4.666845264914584,0.666845264914584,73.14143276009287,67.95948652790263,410.30686378418943,0.0
1669,4.0,4.6639784124921695,0.6639784124921695,73.13102804865686,67.95948368923807,409.7456878734143,0.0
1670,4.0,4.6612235264530675,0.6612235264530675,73.11889831468396,67.95948424409386,409.2059910475027,0.0
1671,4.0,4.658595209375342,0.658595209375342,73.10508195103974,67.95948383237607,408.6906288776602,0.0
1672,4.0,4.656081537877665,0.6560815378776654,73.08960955089837,67.95949004977965,408.19728278845565,0.0
1673,4.0,4.653668296169376,0.6536682961693758,73.07253753715916,67.95949034703699,407.723192509891,0.0
1674,4.0,4.651354140552112,0.6513541405521117,73.05394467901607,67.95948196893514,407.2681124314912,0.0
1675,4.0,4.649161460639421,0.6491614606394212,73.03384740588064,67.95948251923899,406.8364121403409,0.0
1676,4.0,4.647063277839021,0.6470632778390213,73.01231737143395,67.9594775208865,419.0405796941767,0.0
1677,4.0,4.644732298049342,0.644732298049342,72.9946627638792,67.95948115548747,418.5824146233159,0.0
1678,4.0,4.64186792833425,0.6418679283342499,72.98549148242822,67.95947785719837,418.0219802595469,0.0
1679,4.0,4.638672096767308,0.6386720967673076,72.98155308981882,67.95948066771712,417.3979848799832,0.0
1680,4.0,4.635286877669557,0.6352868776695573,72.98062652207877,67.95948227490426,416.73767701506756,0.0
1681,4.0,4.631820267572087,0.6318202675720874,72.98115890388509,67.95947935054018,416.06179729577224,0.0
1682,4.0,4.628322698629729,0.628322698629729,72.9821031118411,67.95948106055859,415.37996511425,0.0
1683,4.0,4.624840248034955,0.6248402480349551,72.98271515019665,67.9594796736731,414.70101284685677,0.0
1684,4.0,4.621408603760489,0.6214086037604893,72.9824782097212,67.95947580080067,414.0317935898056,0.0
1685,4.0,4.618067485134524,0.6180674851345236,72.98108089294033,67.95947210950598,413.3799887118241,0.0
1686,4.0,4.614803896190646,0.6148038961906463,72.97825312171156,67.95947524612441,412.743008592488,0.0
1687,4.0,4.611639590010134,0.6116395900101343,72.97388303627939,67.95948256747604,412.12507216429,0.0
1688,4.0,4.6085865877643375,0.6085865877643375,72.96790554406581,67.95948664249462,411.52851025726574,0.0
1689,4.0,4.605636413688154,0.6056364136881536,72.96024342762814,67.95947951008992,410.9516543370061,0.0
1690,4.0,4.602801775219982,0.6028017752199819,72.95092527864009,67.95948891037101,410.3969883277501,0.0
1691,4.0,4.600078157146331,0.6000781571463314,72.93994271262683,67.95948742326418,409.8636301734287,0.0
1692,4.0,4.597462327121592,0.5974623271215922,72.9273000342956,67.95948864792274,409.3509506035621,0.0
1693,4.0,4.59495109787829,0.5949510978782904,72.91305782869577,67.95948791573109,408.8583406990948,0.0
1694,4.0,4.592563183718117,0.5925631837181173,72.897249312884,67.95948247883196,408.38945674965913,0.0
1695,4.0,4.590278078404582,0.590278078404582,72.87993861291002,67.9594799005471,407.9403133890648,0.0
1696,4.0,4.588085927078842,0.5880859270788417,72.86115543506466,67.95947059795571,407.5089952251972,0.0
1697,4.0,4.586015206187245,0.5860152061872448,72.84095557920278,67.95946884637937,418.52836334774247,0.0
1698,4.0,4.583739426334506,0.5837394263345059,72.82416596690324,67.95947191633773,418.0811478941107,0.0
1699,4.0,4.580992287355859,0.5809922873558593,72.81491710652202,67.95947298103246,417.543562037,0.0
1700,4.0,4.577957387106118,0.5779573871061183,72.81029656072508,67.95947470657828,416.9508104956115,0.0
1701,4.0,4.574761323557659,0.5747613235576594,72.80829777973418,67.95947645739132,416.3271688995679,0.0
1702,4.0,4.571489163306448,0.5714891633064481,72.8075321649854,67.95947650702405,415.68894091167743,0.0
1703,4.0,4.5681814723900915,0.5681814723900915,72.80704915040639,67.95948161895508,415.0438422996699,0.0
1704,4.0,4.564900716909,0.5649007169090003,72.80616892897106,67.95947974420454,414.4039147825671,0.0
1705,4.0,4.561688573843975,0.5616885738439752,72.80444525717131,67.9594747008248,413.77719402236386,0.0
1706,4.0,4.558537596671386,0.5585375966713864,72.80157961959053,67.95947231095477,413.16216685145423,0.0
1707,4.0,4.555472338413945,0.5554723384139448,72.79737033280115,67.95947178954476,412.5635798535695,0.0
1708,4.0,4.552509960186414,0.5525099601864136,72.79170945212722,67.95947408018867,411.9847573999484,0.0
1709,4.0,4.549643358033418,0.5496433580334177,72.7845029190539,67.95948143685642,411.42429503885313,0.0
1710,4.0,4.546873706267646,0.5468737062676459,72.77572946992512,67.95948226554148,410.8824175039845,0.0
1711,4.0,4.544220003642541,0.5442200036425406,72.76536060884504,67.95948889397114,410.3628238378733,0.0
1712,4.0,4.541670118063949,0.5416701180639487,72.75341934796947,67.95948729783184,409.8631531292934,0.0
1713,4.0,4.539220896329895,0.539220896329895,72.73994228449826,67.95948770797334,409.38279814753764,0.0
1714,4.0,4.536871709350022,0.5368717093500219,72.7249621280248,67.95948291297016,408.9216430833577,0.0
1715,4.0,4.534632972801266,0.5346329728012664,72.7085164631418,67.95947622646915,408.4817268676159,0.0
1716,4.0,4.53248466137452,0.5324846613745198,72.69064067108674,67.95948811578245,418.44260289682694,0.0
1717,4.0,4.530164707043408,0.5301647070434079,72.67571361566053,67.95948582396186,417.98716112707507,0.0
1718,4.0,4.5274385287515395,0.5274385287515395,72.66750913894462,67.95948041963013,417.4538798600058,0.0
1719,4.0,4.524452109194133,0.524452109194133,72.66335264391083,67.9594779265148,416.8706787816756,0.0
1720,4.0,4.521314657826376,0.5213146578263759,72.66144162742388,67.95947672667135,416.25848531797584,0.0
1721,4.0,4.518123573937855,0.5181235739378547,72.66051204463952,67.9594712310531,415.63603403686136,0.0
1722,4.0,4.514930536154356,0.5149305361543561,72.65971600884562,67.9594690235841,415.01322903311365,0.0
1723,4.0,4.511762265803584,0.5117622658035836,72.65843475689616,67.95946964560369,414.3951545492612,0.0
1724,4.0,4.508654982705746,0.508654982705746,72.65625417744555,67.95946739901584,413.7887888537497,0.0
1725,4.0,4.50562714246951,0.5056271424695096,72.65294805267561,67.95946858821212,413.1976845933342,0.0
1726,4.0,4.502682082785416,0.5026820827854159,72.64828963835122,67.95946134804757,412.6224463310124,0.0
1727,4.0,4.499834345336074,0.4998343453360743,72.64220048258923,67.95947123358648,412.06589372367904,0.0
1728,4.0,4.497086075806352,0.4970860758063518,72.63462528427047,67.95947384229954,411.52843395890693,0.0
1729,4.0,4.494430700628376,0.49443070062837613,72.6255274878282,67.95947983135139,411.0087778209016,0.0
1730,4.0,4.49187959599457,0.4918795959945701,72.61490448848362,67.95948675256143,410.5091432521919,0.0
1731,4.0,4.489422157570546,0.4894221575705462,72.60277908969681,67.95949552572203,410.027467199483,0.0
1732,4.0,4.487066627850985,0.487066627850985,72.5891570255551,67.95950181652456,409.56535827328037,0.0
1733,4.0,4.48479459402883,0.48479459402882963,72.5740940689595,67.95950083174613,409.1192375295069,0.0
1734,4.0,4.482630101929893,0.4826301019298933,72.55761285637459,67.95948867147064,418.1050856931844,0.0
1735,4.0,4.480327989296785,0.4803279892967849,72.5436749747024,67.95947594431351,417.6533304082513,0.0
1736,4.0,4.477648267028259,0.47764826702825935,72.53568964114636,67.95947042294166,417.1291558076258,0.0
1737,4.0,4.474761370867935,0.4747613708679346,72.53124369710339,67.95947128650575,416.56530430055045,0.0
1738,4.0,4.471764548378362,0.4717645483783617,72.52871097415701,67.95947246158595,415.9804073879412,0.0
1739,4.0,4.46870891115035,0.4687089111503502,72.52696268753336,67.95946966790441,415.3842015909252,0.0
1740,4.0,4.46565011187804,0.4656501118780403,72.52522492173044,67.95947464848366,414.7873813493559,0.0
1741,4.0,4.462636262774398,0.4626362627743976,72.5229535323336,67.95947183162319,414.19921758134706,0.0
1742,4.0,4.459669007052294,0.45966900705229374,72.5197970679898,67.9594746484836,413.61995905802763,0.0
1743,4.0,4.456780233550199,0.4567802335501989,72.51550654446177,67.95948038844301,413.0557733583078,0.0
1744,4.0,4.453975099889951,0.4539750998899512,72.50992578738551,67.95947881571588,412.50763441783823,0.0
1745,4.0,4.451261520966338,0.4512615209663382,72.50293962442743,67.95947864903233,411.9770622221686,0.0
1746,4.0,4.44863199158039,0.44863199158039,72.49452606064061,67.95947910256982,411.4625888568336,0.0
1747,4.0,4.44611216464006,0.4461121646400601,72.48463758379289,67.95948039469789,410.9692070565314,0.0
1748,4.0,4.4436885722352555,0.4436885722352555,72.47329263947839,67.95947876959804,410.4942944607026,0.0
1749,4.0,4.441358198662068,0.44135819866206827,72.46051182303029,67.95947200312834,410.0372673426874,0.0
1750,4.0,4.439130127308624,0.43913012730862366,72.44631983993663,67.95948309077752,418.162939633153,0.0
1751,4.0,4.436770991459728,0.43677099145972775,72.43430629131592,67.95948375428011,417.700461111175,0.0
1752,4.0,4.434101072327774,0.43410107232777406,72.42754956053119,67.95947817896766,417.1784507849104,0.0
1753,4.0,4.431224552351185,0.4312245523511846,72.4238892772611,67.95947214584572,416.6167839790963,0.0
1754,4.0,4.42825624620156,0.4282562462015598,72.42182339612246,67.95947664313896,416.0375435834176,0.0
1755,4.0,4.425261768435482,0.42526176843548225,72.42033355411051,67.95948136420814,415.4533170347163,0.0
1756,4.0,4.4222682535812226,0.42226825358122255,72.41871878956408,67.95947677309066,414.86925282223893,0.0
1757,4.0,4.419322410902193,0.41932241090219335,72.41647836273992,67.95948109454721,414.2943572919258,0.0
1758,4.0,4.416431627660093,0.416431627660093,72.4133290528389,67.95948046390178,413.7300133039593,0.0
1759,4.0,4.413598565260425,0.4135985652604246,72.40902794873868,67.95948385547845,413.1766903994443,0.0
1760,4.0,4.4108673864624945,0.41086738646249454,72.40342561694001,67.95948525709443,412.642969935696,0.0
1761,4.0,4.408218704725289,0.4082187047252894,72.39645990541334,67.95949202900083,412.125058946665,0.0
1762,4.0,4.405659450050965,0.4056594500509654,72.38806787239979,67.95948716285749,411.62429605155995,0.0
1763,4.0,4.403190565285132,0.403190565285132,72.37825231652135,67.95948987048169,411.14086577580605,0.0
1764,4.0,4.400820765001275,0.40082076500127517,72.36700076705382,67.9594878516161,410.6764650415163,0.0
1765,4.0,4.3985335579170295,0.3985335579170295,72.35434565520266,67.95948906969979,410.22788478297156,0.0
1766,4.0,4.396346351905837,0.3963463519058372,72.34030987246845,67.95948930101045,417.52727820380613,0.0
1767,4.0,4.3940614608197714,0.39406146081977145,72.32811804027698,67.95948397992574,417.07924473333446,0.0
1768,4.0,4.391483904803713,0.39148390480371287,72.32058282125304,67.95948591610247,416.57508892361193,0.0
1769,4.0,4.388757106216954,0.38875710621695436,72.31572309997668,67.95948100764997,416.0423749951928,0.0
1770,4.0,4.385964990232014,0.38596499023201414,72.31221444966557,67.95947561918581,415.4971989500396,0.0
1771,4.0,4.383132603824861,0.38313260382486103,72.30913538711025,67.95947668217273,414.944257550892,0.0
1772,4.0,4.3803320869768125,0.38033208697681253,72.30585389350708,67.95947906077657,414.39748958586364,0.0
1773,4.0,4.377568310563848,0.37756831056384765,72.30196607964335,67.9594855469383,413.85776277034466,0.0
1774,4.0,4.374842994026739,0.37484299402673926,72.29715211596329,67.95948222397699,413.32534739790987,0.0
1775,4.0,4.372201072188156,0.37220107218815635,72.29120453468393,67.95948749953835,412.80896362454297,0.0
1776,4.0,4.369632970618646,0.3696329706186461,72.28405686473536,67.95948335968133,412.30673098312724,0.0
1777,4.0,4.36714734651877,0.36714734651877023,72.2755860880887,67.9594890101624,411.8203126996315,0.0
1778,4.0,4.364748020101932,0.3647480201019322,72.26577594242292,67.95948851273057,411.35045050573143,0.0
1779,4.0,4.362442285627796,0.3624422856277958,72.25460786956842,67.95949796360303,410.8985631224879,0.0
1780,4.0,4.3602131082458815,0.3602131082458815,72.24210598383999,67.95949342468667,417.4854893911674,0.0
1781,4.0,4.357908319599265,0.3579083195992654,72.23116909744586,67.95948142483972,417.03383414177006,0.0
1782,4.0,4.355360466510044,0.35536046651004405,72.22436146925152,67.95947610365774,416.5356202168306,0.0
1783,4.0,4.352671084235992,0.35267108423599236,72.21986566418062,67.95946757500103,422.88736382690274,0.0
1784,4.0,4.34974302148822,0.34974302148822023,72.21932060997146,67.95946447100265,422.31628090764525,0.0
1785,4.0,4.3464876077505465,0.34648760775054654,72.22434344120505,67.95947323481495,421.6824952401574,0.0
1786,4.0,4.343017683505108,0.3430176835051082,72.23258720679905,67.95947715439546,421.0075342686002,0.0
1787,4.0,4.3394559735483345,0.33945597354833446,72.24242595251437,67.95948407261656,420.31499926376443,0.0
1788,4.0,4.335860278832462,0.3358602788324623,72.25276799825161,67.95949044323883,419.61593975415815,0.0
1789,4.0,4.332266170429454,0.3322661704294543,72.26281862901642,67.95949536892611,418.91713066351286,0.0
1790,4.0,4.32871980123772,0.32871980123772016,72.2720698545802,67.95948450804346,418.22746855008427,0.0
1791,4.0,4.325239843134155,0.3252398431341552,72.28017244461915,67.95947897588671,417.55052339008085,0.0
1792,4.0,4.321836676952413,0.3218366769524126,72.28688289209163,67.95948408666918,416.88826987274535,0.0
1793,4.0,4.318517888201623,0.3185178882016233,72.29205466600679,67.95948517790767,416.2421573078134,0.0
1794,4.0,4.3153073432371665,0.31530734323716647,72.29558321534978,67.9594770108262,415.6168183140653,0.0
1795,4.0,4.312200095653298,0.3122000956532984,72.29743607130914,67.95948252536725,415.01128169296334,0.0
1796,4.0,4.309183218425271,0.30918321842527074,72.29759690339714,67.95949138141619,414.42302332869804,0.0
1797,4.0,4.306273472800885,0.3062734728008847,72.29605819546848,67.95948858352615,413.8553101343853,0.0
1798,4.0,4.303465321125471,0.3034653211254712,72.29285858265607,67.95948383288801,413.30707014296706,0.0
1799,4.0,4.300759419514009,0.30075941951400864,72.28799678271379,67.95947662372711,412.77843108106157,0.0
1800,4.0,4.298142278053638,0.29814227805363824,72.28153071779465,67.95947483740494,412.2667742560886,0.0
1801,4.0,4.295628161294772,0.295628161294772,72.27347681001957,67.95947429638738,411.77488468018817,0.0
1802,4.0,4.293213489755606,0.29321348975560557,72.2639058948854,67.95947395494201,411.3020788555745,0.0
1803,4.0,4.290883887814866,0.29088388781486607,72.2528501117164,67.95947131041102,410.84556018806944,0.0
1804,4.0,4.28864810596364,0.2886481059636399,72.240378047111,67.95947091910234,410.4070490937069,0.0
1805,4.0,4.286510348658057,0.2865103486580569,72.22651997999276,67.9594665748834,409.98737173972563,0.0
1806,4.0,4.2844544620242075,0.28445446202420754,72.21130985703492,67.95948008702261,409.58338517544996,0.0
1807,4.0,4.282483227733521,0.28248322773352097,72.19481194621993,67.95947545541821,409.1956450466142,0.0
1808,4.0,4.280601542899848,0.2806015428998476,72.17706157733146,67.95948353986059,408.82511363978335,0.0
1809,4.0,4.278803936200705,0.2788039362007053,72.15811196699363,67.95948089322229,408.4707350320334,0.0
1810,4.0,4.277084187842995,0.2770841878429948,72.13798093273773,67.95948652850655,408.1313001695009,0.0
1811,4.0,4.27544242387171,0.27544242387171014,72.11674632373752,67.95948378721755,407.8068496177907,0.0
1812,4.0,4.273887693330382,0.27388769333038177,72.09443532601554,67.95948426265656,407.4991536491293,0.0
1813,4.0,4.272409020107932,0.2724090201079319,72.0710886388107,67.95948021320326,407.2060803721808,0.0
1814,4.0,4.270992690515752,0.2709926905157518,72.04675770586513,67.95948261400436,406.9249662432441,0.0
1815,4.0,4.269661384677838,0.2696613846778382,72.02147173929397,67.95948465836541,406.6602400042989,0.0
1816,4.0,4.26839565306962,0.26839565306961966,71.99528272072025,67.95948648708254,406.4081197248116,0.0
1817,4.0,4.267195240021903,0.26719524002190287,71.96821467539105,67.95948967357468,406.1685606105816,0.0
1818,4.0,4.266066331283321,0.26606633128332113,71.94031187078656,67.95948781233476,405.94277803787537,0.0
1819,4.0,4.2650061706612235,0.26500617066122345,71.9116086395472,67.95948699998519,405.73024168775646,0.0
1820,4.0,4.2640127320512535,0.26401273205125353,71.88215925267504,67.95948182312745,405.5305676329233,0.0
1821,4.0,4.263072982245029,0.2630729822450286,71.85197807219335,67.95948385479966,405.341217484732,0.0
1822,4.0,4.262216002317048,0.26221600231704834,71.82109768579035,67.95948179066198,405.16786882004226,0.0
1823,4.0,4.261415575478132,0.2614155754781322,71.78957441553072,67.95947743079353,405.00542091624243,0.0
1824,4.0,4.2606669235687455,0.26066692356874555,71.75743160997325,67.95947821395494,404.85294691419324,0.0
1825,4.0,4.259984424402779,0.2599844244027789,71.72471172309315,67.9594780608055,404.71325921757904,0.0
1826,4.0,4.259346515663033,0.259346515663033,71.69143716595909,67.9594768027435,404.5821578515279,0.0
1827,4.0,4.258750049429833,0.2587500494298327,71.65765525204667,67.95947835718196,404.4590386605152,0.0
1828,4.0,4.258215953764523,0.2582159537645232,71.6233759479473,67.95948359888337,404.34798476827683,0.0
1829,4.0,4.257729058937392,0.2577290589373922,71.58862985520597,67.9594781940343,404.24604438126744,0.0
1830,4.0,4.257293599073043,0.2572935990730434,71.55346293188994,67.95947716690398,404.15405253716034,0.0
1831,4.0,4.2569015296136055,0.25690152961360546,71.51788888650597,67.95948230556903,404.07044342873013,0.0
1832,4.0,4.25656057628102,0.2565605762810197,71.48192736317262,67.95948045459615,403.99672764228535,0.0
1833,4.0,4.256264817068056,0.2562648170680557,71.44562089381927,67.95948668977927,403.93175904829775,0.0
1834,4.0,4.256016214003015,0.2560162140030151,71.40898856496227,67.95948577834564,403.87592418029993,0.0
1835,4.0,4.255815147437493,0.25581514743749256,71.37206236822706,67.95948219075349,403.8293037278034,0.0
1836,4.0,4.255650364040682,0.2556503640406822,71.33486563988475,67.95948037240792,403.78970806364936,0.0
1837,4.0,4.255526292392605,0.25552629239260494,71.2974218146455,67.95948496379607,403.75800554391634,0.0
1838,4.0,4.255446236788561,0.25544623678856127,71.25975406467084,67.95948849790216,403.73484522723544,0.0
1839,4.0,4.255395790286649,0.2553957902866486,71.22188562825362,67.95948381414388,403.7174224848632,0.0
1840,4.0,4.25539368323073,0.2553936832307304,71.1838446382426,67.95948717612418,403.7093954289271,0.0
1841,4.0,4.255417847630483,0.2554178476304827,71.14564151363032,67.95948365661685,403.7064629409932,0.0
1842,4.0,4.255485533443288,0.25548553344328795,71.10730538553044,67.95948456371326,403.71199463950745,0.0
1843,4.0,4.255586668793377,0.2555866687933772,71.06884912706393,67.95948592372987,403.7240291241802,0.0
1844,4.0,4.255728635877919,0.2557286358779187,71.03029968616536,67.95947688513023,403.74401134459356,0.0
1845,4.0,4.255902963063058,0.2559029630630576,70.99169059071755,67.95947490492894,403.7702960551489,0.0
1846,4.0,4.256105318360438,0.25610531836043826,70.95302154076062,67.95947808321144,403.8020384777011,0.0
1847,4.0,4.256339990018784,0.25633999001878394,70.91432026986223,67.95947329770097,403.84008037033857,0.0
1848,4.0,4.256585858413022,0.25658585841302184,70.87561185684824,67.95946740038501,403.88030841464047,0.0
1849,4.0,4.256865916941277,0.25686591694127703,70.83689869175612,67.95947090555416,403.9272068016228,0.0
1850,4.0,4.257170476273259,0.2571704762732594,70.7982138118743,67.95947208623825,403.978892690229,0.0
1851,4.0,4.2575018565791405,0.2575018565791405,70.75956669983265,67.95948248194101,404.0358203911081,0.0
1852,4.0,4.257859795406062,0.25785979540606174,70.72096312299773,67.95948801514338,404.0979398605086,0.0
1853,4.0,4.258237804218927,0.2582378042189273,70.68241960153495,67.95948010553819,404.1639891032334,0.0
1854,4.0,4.258637787842304,0.2586377878423036,70.64395907416841,67.95948436305336,404.2343440970552,0.0
1855,4.0,4.259061842987646,0.2590618429876459,70.60559108500986,67.95948801186644,404.30941556857783,0.0
1856,4.0,4.259503443329724,0.25950344332972364,70.56732795906674,67.95949030636085,404.3879332999935,0.0
1857,4.0,4.259971979045043,0.25997197904504343,70.52919036251505,67.95948630196303,404.4717324402987,0.0
1858,4.0,4.260453683208726,0.2604536832087261,70.49118213060031,67.95948803580677,404.55812915893694,0.0
1859,4.0,4.260950589831323,0.2609505898313227,70.4533158675028,67.95948533826709,404.6475225434053,0.0
1860,4.0,4.2614743930694825,0.2614743930694825,70.41560413634134,67.95948172041926,404.742195396352,0.0
1861,4.0,4.262009226324866,0.26200922632486634,70.37805746269235,67.95948285007246,404.8390557648545,0.0
1862,4.0,4.262561558913915,0.26256155891391497,70.34069214865367,67.9594821016374,404.93936833766014,0.0
1863,4.0,4.26312962275888,0.2631296227588802,70.30351358142586,67.95948579041638,405.04278934739176,0.0
1864,4.0,4.263711096611966,0.26371109661196623,70.26653700096134,67.95948235197542,405.14886910322633,0.0
1865,4.0,4.264309097821509,0.264309097821509,70.2297580294778,67.95948252529652,405.25821456059003,0.0
1866,4.0,4.264914766756221,0.2649147667562213,70.19320127177454,67.9594865073753,405.369102886343,0.0
1867,4.0,4.2655400312563865,0.2655400312563865,70.15687267255464,67.95948745858624,405.48386111351937,0.0
1868,4.0,4.266171849226746,0.26617184922674575,70.12077695667782,67.959493853402,405.59994689521204,0.0
1869,4.0,4.266813283596589,0.26681328359658885,70.08492181032135,67.95949043128363,405.7179589464102,0.0
1870,4.0,4.267479360477021,0.26747936047702137,70.04931816162312,67.9594828755951,405.84082943849216,0.0
1871,4.0,4.26815286315157,0.2681528631515704,70.01396739537486,67.95947922681154,405.96520130883226,0.0
1872,4.0,4.268837680312023,0.26883768031202315,69.97889590559977,67.95947708839321,406.091837970424,0.0
1873,4.0,4.269526253055056,0.26952625305505595,69.94408614219113,67.9594803189327,406.21926190291043,0.0
1874,4.0,4.270220104695222,0.2702201046952224,69.90956297914322,67.95947734564287,406.34777496533917,0.0
1875,4.0,4.270922078517556,0.2709220785175557,69.87532168738838,67.95947660669377,406.47793058567515,0.0
1876,4.0,4.2716248114976,0.27162481149759987,69.84136697231085,67.95947326691153,406.6082938167838,0.0
1877,4.0,4.272336038129357,0.2723360381293567,69.80771858735554,67.95947947690398,406.7403766802556,0.0
1878,4.0,4.27305044105296,0.27305044105295995,69.77436377794261,67.95947511908051,406.8731397016066,0.0
1879,4.0,4.273784665718943,0.2737846657189431,69.74131200708447,67.95947085261959,407.0098305167878,0.0
1880,4.0,4.27452331604537,0.2745233160453697,69.70856245673447,67.95946990790979,407.1474466449887,0.0
1881,4.0,4.275266675793026,0.2752666757930262,69.67613293259619,67.95947660701383,407.28604682451004,0.0
1882,4.0,4.276012471914212,0.2760124719142123,69.64402667439818,67.95947485476985,407.4251883579297,0.0
1883,4.0,4.276764044228085,0.2767640442280852,69.61223255535855,67.95947752750504,407.56552024450684,0.0
1884,4.0,4.277500297392411,0.277500297392411,69.58078869363776,67.95947992232628,407.7029362665624,0.0
1885,4.0,4.27825274042644,0.2782527404264403,69.54966222737947,67.95947926161051,407.84357416343744,0.0
1886,4.0,4.279000139830188,0.27900013983018823,69.51886132866463,67.95947804861373,407.9832949167325,0.0
1887,4.0,4.279751708247877,0.2797517082478773,69.48840459903339,67.95948254987316,408.12389854201916,0.0
1888,4.0,4.280507477020345,0.28050747702034506,69.45828502114547,67.95947887235593,408.26538969182064,0.0
1889,4.0,4.281265671094169,0.281265671094169,69.42848959103834,67.95946845415818,408.40741960641685,0.0
1890,4.0,4.282020254029868,0.2820202540298684,69.39904225664361,67.9594664671818,408.54881577178406,0.0
1891,4.0,4.282786706679221,0.2827867066792207,69.36992929384323,67.95947469303212,408.6925941905803,0.0
1892,4.0,4.283552818307898,0.28355281830789814,69.34115286595758,67.95947435449179,408.83637410928964,0.0
1893,4.0,4.28431828845092,0.2843182884509199,69.31273367352242,67.95947611567497,408.98010088998194,0.0
1894,4.0,4.2850924096697565,0.28509240966975646,69.2846622747169,67.95946991319609,409.1255846570847,0.0
1895,4.0,4.285859244010151,0.28585924401015106,69.25692383876869,67.95948443805871,409.2697145390439,0.0
1896,4.0,4.286623736920799,0.2866237369207987,69.22955350787402,67.95948042938878,409.41346166126743,0.0
1897,4.0,4.287394220941659,0.2873942209416587,69.20253505962766,67.95948321845422,409.5584476274175,0.0
1898,4.0,4.288145296574679,0.2881452965746787,69.17586503313446,67.95948767906212,409.6997187819954,0.0
1899,4.0,4.288900691182798,0.28890069118279804,69.14954136307604,67.95948849190323,409.84190148081586,0.0
1900,4.0,4.289653746593819,0.28965374659381915,69.12357519381439,67.95948610732674,409.98369946944496,0.0
1901,4.0,4.290398562942737,0.2903985629427366,69.09795248466226,67.95948299600572,410.12395946791884,0.0
1902,4.0,4.291147357534006,0.29114735753400556,69.07268427148313,67.95947594269717,410.26506591975766,0.0
1903,4.0,4.2918961493066226,0.29189614930662255,69.0477576925441,67.95947791121273,410.40623994539885,0.0
1904,4.0,4.292630245949697,0.292630245949697,69.02317847224502,67.95948461790874,410.5446175833812,0.0
1905,4.0,4.293364375453074,0.29336437545307437,68.99896217775947,67.95947831148489,410.6830737399353,0.0
1906,4.0,4.294095840159968,0.2940958401599678,68.97507839926789,67.95947635596784,410.8210763999963,0.0
1907,4.0,4.294831946884802,0.29483194688480197,68.95154710926687,67.95947819569882,410.9600541976421,0.0
1908,4.0,4.295554848102887,0.2955548481028867,68.92834767961115,67.95947943960978,411.0965227975602,0.0
1909,4.0,4.296277165092175,0.2962771650921754,68.90550105627398,67.95948039382029,411.2329473422899,0.0
1910,4.0,4.296996843035841,0.2969968430358412,68.88299205277764,67.95948100084517,411.3689241331363,0.0
1911,4.0,4.2977019755770565,0.29770197557705647,68.86082270106002,67.95948307085779,411.5021317598458,0.0
1912,4.0,4.29841038464277,0.2984103846427697,68.83900112001666,67.95947890355113,411.6360470061735,0.0
1913,4.0,4.299119052619445,0.29911905261944494,68.81751160454724,67.95947891549444,411.7700783344853,0.0
1914,4.0,4.299810472213886,0.2998104722138857,68.7963658259124,67.9594808532774,411.90081402013845,0.0
1915,4.0,4.300500160519753,0.3005001605197526,68.77554832041923,67.95948618608689,417.8910299747772,0.0
1916,4.0,4.3010330433558055,0.3010330433558055,68.7574133512306,67.95949055038838,417.9914355656418,0.0
1917,4.0,4.301294347015986,0.3012943470159861,68.7439454674602,67.95948771989592,418.03978623925366,0.0
1918,4.0,4.3013556191212805,0.3013556191212805,68.73366590504651,67.95948955038376,423.9261820251664,0.0
1919,4.0,4.301142008538775,0.3011420085387746,68.72789682996172,67.9594834706374,423.8834130372458,0.0
1920,4.0,4.300572804910222,0.30057280491022187,68.72791804518081,67.95948188790035,423.77242242953366,0.0
1921,4.0,4.29976247069486,0.2997624706948603,68.73175520085374,67.95948173897838,423.61514881131524,0.0
1922,4.0,4.298798756261869,0.2987987562618688,68.73803349597654,67.9594857932246,423.4284379050584,0.0
1923,4.0,4.297743221063437,0.2977432210634374,68.74584083747096,67.95948403984173,423.22411762344905,0.0
1924,4.0,4.296622785789226,0.29662278578922585,68.75449875961846,67.95948417568663,423.0073064363308,0.0
1925,4.0,4.295466868480276,0.29546686848027637,68.76355016984998,67.95948769666846,422.78365254427166,0.0
1926,4.0,4.294302497018421,0.29430249701842115,68.77269707375274,67.95948394681682,422.55836878899413,0.0
1927,4.0,4.293139799845595,0.29313979984559513,68.78170056036332,67.95948437857007,422.3333840181191,0.0
1928,4.0,4.291970721090022,0.2919707210900224,68.79044644467353,67.9594744044884,422.1071052393292,0.0
1929,4.0,4.290836314639477,0.2908363146394768,68.7988139877795,67.95947006035865,421.8875145847668,0.0
1930,4.0,4.289728530526129,0.289728530526129,68.80672051837466,67.9594692302371,421.67302628938336,0.0
1931,4.0,4.288623307230369,0.28862330723036944,68.81414173899455,67.95947489656888,421.45894362471364,0.0
1932,4.0,4.287562691356428,0.2875626913564284,68.8210365441074,67.95947563727347,421.2534576937628,0.0
1933,4.0,4.286532180127085,0.28653218012708503,68.82740011758612,67.9594713720788,421.0537394922888,0.0
1934,4.0,4.285524560496235,0.28552456049623487,68.8332516619656,67.95947155557525,420.85838616437536,0.0
1935,4.0,4.284543701965536,0.2845437019655357,68.83856060419173,67.95946837742186,420.6681463197944,0.0
1936,4.0,4.2835899746904325,0.28358997469043246,68.84337181806521,67.95947459558217,420.483100801017,0.0
1937,4.0,4.282664677989974,0.28266467798997397,68.84766399190048,67.9594839092608,420.3034988293824,0.0
1938,4.0,4.281771305255335,0.2817713052553348,68.8514471811508,67.95948342536629,420.1300235440934,0.0
1939,4.0,4.280911626089627,0.28091162608962694,68.85475527534167,67.95948357252047,419.9630265627732,0.0
1940,4.0,4.280073047357002,0.28007304735700167,68.85758195077977,67.95947972032782,419.80005098631005,0.0
1941,4.0,4.279269819668979,0.2792698196689791,68.85994567778673,67.95947758847305,419.6438792487303,0.0
1942,4.0,4.278504035220411,0.27850403522041134,68.86186933617297,67.95946851727487,419.49492374895607,0.0
1943,4.0,4.277750853121028,0.2777508531210282,68.86335003570608,67.9594749586707,419.3483399466035,0.0
1944,4.0,4.277015145313397,0.2770151453133973,68.86441062949069,67.95947076775117,419.2050822900895,0.0
1945,4.0,4.276315559679129,0.27631555967912913,68.8650644986307,67.95947025487168,419.0687897036373,0.0
1946,4.0,4.275629400378387,0.2756294003783868,68.86532005404418,67.95947415079911,418.935038124901,0.0
1947,4.0,4.274968337143154,0.2749683371431537,68.86519109427788,67.95947350081009,418.80610582266326,0.0
1948,4.0,4.274334896569893,0.27433489656989263,68.86467689764494,67.95947724543483,418.6824853439087,0.0
1949,4.0,4.273714315576232,0.2737143155762318,68.86380671963603,67.9594774904249,418.5613035540675,0.0
1950,4.0,4.273128587432221,0.2731285874322209,68.86259075016137,67.95947926757788,418.4468511164782,0.0
1951,4.0,4.27257179215686,0.2725717921568602,68.86103830917135,67.95947299925588,418.33797544296834,0.0
1952,4.0,4.272039772442217,0.2720397724422172,68.85915844363645,67.95947625868429,418.2338676145693,0.0
1953,4.0,4.271511489312867,0.27151148931286695,68.85695826435686,67.95947703655794,418.1304264130126,0.0
1954,4.0,4.271010754660934,0.27101075466093416,68.85445570065748,67.95947624941014,418.032298634441,0.0
1955,4.0,4.27053313626027,0.2705331362602701,68.85166426988722,67.95948061487675,417.93862261807953,0.0
1956,4.0,4.270063099973463,0.2700630999734628,68.84858192280105,67.9594822983332,417.84636881722145,0.0
1957,4.0,4.269620881516203,0.2696208815162029,68.84523529284301,67.95948142244539,417.75948835970735,0.0
1958,4.0,4.269192307625509,0.2691923076255094,68.84161904576041,67.95948184620805,417.6752164341632,0.0
1959,4.0,4.268766818952303,0.2687668189523027,68.83774179730531,67.9594812649971,417.5914956434037,0.0
1960,4.0,4.268376888682267,0.2683768886822673,68.83362279126493,67.95947600670398,417.51466199176866,0.0
1961,4.0,4.2680144732515135,0.2680144732515135,68.82927217233909,67.95947056275283,417.44314895606107,0.0
1962,4.0,4.267662267907629,0.26766226790762904,68.8246727919069,67.95947177476408,417.3735787994116,0.0
1963,4.0,4.26732206639081,0.26732206639081024,68.81987805812801,67.95947610156082,417.3063116457809,0.0
1964,4.0,4.266998476611998,0.26699847661199794,68.81487218653824,67.95947038949492,417.24224299148517,0.0
1965,4.0,4.266681557605001,0.26668155760500056,68.80967549676194,67.95947398067293,417.17943828848524,0.0
1966,4.0,4.266387106025285,0.26638710602528537,68.8042975660338,67.95947160323529,417.1209797458262,0.0
1967,4.0,4.26612323380085,0.2661232338008501,68.7987359827416,67.9594751551692,417.06844873116376,0.0
1968,4.0,4.265857761251433,0.265857761251433,68.79299187663504,67.95947471432704,417.0155704339944,0.0
1969,4.0,4.265604470880182,0.2656044708801817,68.78707716591454,67.95948020278506,416.965034756459,0.0
1970,4.0,4.265373641328166,0.265373641328166,68.78100642242556,67.95949038669177,416.9188488602727,0.0
1971,4.0,4.265169225290534,0.265169225290534,68.77476830196713,67.95948676867845,416.8777813352103,0.0
1972,4.0,4.264974457171441,0.26497445717144075,68.76839736478775,67.9594902197887,416.8385695816142,0.0
1973,4.0,4.264793692740564,0.26479369274056364,68.76187814830945,67.95948103960966,416.8020599920783,0.0
1974,4.0,4.264621643836624,0.264621643836624,68.75524684688754,67.9594825661856,416.767228380672,0.0
1975,4.0,4.2644607649130934,0.26446076491309345,68.74850819806014,67.95948024449234,416.734554287899,0.0
1976,4.0,4.264305156888489,0.2643051568884891,68.74165669875626,67.9594754479847,416.7028863352871,0.0
1977,4.0,4.264169037053037,0.26416903705303696,68.73469507028474,67.95947796138908,416.6749974268994,0.0
1978,4.0,4.264030189111934,0.2640301891119341,68.72762720920801,67.95948257544714,416.64655614472673,0.0
1979,4.0,4.2639015790979995,0.2639015790979995,68.72046313080038,67.95947594431382,416.62009280675153,0.0
1980,4.0,4.26380051277642,0.26380051277642025,68.71319292520728,67.95947893604925,416.5989801283235,0.0
1981,4.0,4.2637040615698325,0.2637040615698325,68.7058512272298,67.95948042381485,416.5787537344146,0.0
1982,4.0,4.2636054475998995,0.26360544759989946,68.69843614298169,67.95948071795543,416.55809157733876,0.0
1983,4.0,4.263521236813458,0.2635212368134576,68.69094971246425,67.95947956449604,416.54022441533914,0.0
1984,4.0,4.263457180722063,0.2634571807220629,68.68338954175707,67.95947498545961,416.5262733353476,0.0
1985,4.0,4.263400196409735,0.26340019640973544,68.67576837845876,67.95947687731687,416.5136896350639,0.0
1986,4.0,4.263343529473077,0.2633435294730768,68.66809197159904,67.95948084830151,416.50115731978326,0.0
1987,4.0,4.263301390846801,0.2633013908468014,68.6603553267563,67.9594813137798,416.4914465611256,0.0
1988,4.0,4.263273996792362,0.2632739967923623,68.65256792357566,67.95947897977702,416.484601363945,0.0
