Step,Desired Gap (s),Actual Gap (s),Error (s),Ego Speed (km/h),Target Speed (km/h),Incremental Torque (Nm),Incremental Brake Torque (Nm),Vehicle Distance (m)
0,4.0,5.775679875872429,1.775679875872429,49.236637119841355,67.95549290930038,348.44958418993167,0.0,78.99307060241699
1,4.0,5.854887015706858,1.8548870157068578,48.73290681962157,67.95848698721566,355.9742624742024,0.0,79.25712871551514
2,4.0,5.930999609169707,1.9309996091697066,48.271827231855895,67.96111375390598,363.204958853173,0.0,79.52783012390137
3,4.0,6.0005547813746105,2.0005547813746105,47.87811658262086,67.96286012480414,369.8127002126389,0.0,79.80423927307129
4,4.0,6.055824325269181,2.055824325269181,47.60831858203833,67.96349049044603,375.06330688262307,0.0,80.08544826507568
5,4.0,6.099599475737245,2.0995994757372447,47.43433040497245,67.96309515242693,379.22194617708914,0.0,80.36956024169922
6,4.0,6.1354574056776165,2.1354574056776165,47.3249878095867,67.9619587380085,382.6284495214245,0.0,80.65567970275879
7,4.0,6.164763088573579,2.1647630885735794,47.267473715623446,67.96048960947674,385.41248939654093,0.0,80.94243812561035
8,4.0,6.190890834853379,2.190890834853379,47.2350087879441,67.9590828721142,387.89462529312186,0.0,81.22966194152832
9,4.0,6.212869983483417,2.212869983483417,47.23459468127436,67.95804344597678,389.9826444129755,0.0,81.51733207702637
10,4.0,6.233703201868598,2.2337032018685976,47.242832321035536,67.95754443299084,391.9618001595677,0.0,81.8049430847168
11,4.0,6.251646410187717,2.2516464101877167,47.272558426981774,67.95758594952491,393.666404949884,0.0,82.09203338623047
12,4.0,6.269214056529564,2.269214056529564,47.30497105335791,67.95804344597684,395.3353313523595,0.0,82.37916374206543
13,4.0,6.285270108866405,2.2852701088664054,47.348280045873516,67.95874335494693,396.8606563243594,0.0,82.66575813293457
14,4.0,6.300473227196983,2.300473227196983,47.39743415852417,67.95947117434285,398.3049525657643,0.0,82.95174026489258
15,4.0,6.314606645626049,2.314606645626049,47.45382363279622,67.96006025618746,399.6476273165256,0.0,83.23673057556152
16,4.0,6.327930112436186,2.327930112436186,47.515678837391825,67.96039988972302,400.91335666348857,0.0,83.52108192443848
17,4.0,6.34050545703726,2.34050545703726,47.58250660551007,67.96046228089236,402.1080144005906,0.0,83.80476188659668
18,4.0,6.352452599550083,2.352452599550083,47.6532057644005,67.96029586565149,403.2429929393088,0.0,84.0874252319336
19,4.0,6.3638239315698915,2.3638239315698915,47.727442940768896,67.95998390980517,404.32326948119055,0.0,84.36917877197266
20,4.0,6.3746938028692615,2.3746938028692615,47.804530341439566,67.95962351800247,405.3559072546307,0.0,84.64978981018066
21,4.0,6.385057820112021,2.3850578201120207,47.88430879822779,67.95930464273377,406.34048889269286,0.0,84.92891120910645
22,4.0,6.395033240007394,2.395033240007394,47.966278313435716,67.95908979153658,407.28815378275334,0.0,85.20720672607422
23,4.0,6.404591375031945,2.404591375031945,48.05048297085691,67.95901344515444,408.1961766100857,0.0,85.4843635559082
24,4.0,6.41379944651355,2.4137994465135497,48.136451467030604,67.95905507805672,409.07094340083813,0.0,85.76042938232422
25,4.0,6.422598478116043,2.4225984781160426,48.22427815336927,67.95918677981767,409.90685140307494,0.0,86.03477096557617
26,4.0,6.431097323429688,2.4310973234296878,48.313553710751414,67.95936703390325,410.7142417078712,0.0,86.30810165405273
27,4.0,6.4392692987687115,2.4392692987687115,48.40444708208292,67.95953333277569,411.4905793650785,0.0,86.58035278320312
28,4.0,6.447131583003029,2.4471315830030287,48.496578976775425,67.9596650345364,412.2374963673386,0.0,86.8510627746582
29,4.0,6.454695668435074,2.4546956684350736,48.59006522815177,67.95972742570561,412.9560844833829,0.0,87.12057876586914
30,4.0,6.46201923556523,2.46201923556523,48.684589966006115,67.95972062265157,413.65182336074776,0.0,87.38909912109375
31,4.0,6.469018254292061,2.4690182542920613,48.780309827122785,67.95966515090467,414.31673013979673,0.0,87.65575408935547
32,4.0,6.475783942151852,2.4757839421518524,48.8768755478667,67.95957508204606,414.9594704864769,0.0,87.92113494873047
33,4.0,6.4822899325724705,2.4822899325724705,48.9744729239688,67.95948489681916,415.5775395764356,0.0,88.1852035522461
34,4.0,6.48856901583369,2.48856901583369,49.072780035035336,67.95941570259586,416.1740524862514,0.0,88.44781112670898
35,4.0,6.494608418854352,2.4946084188543516,49.17196949790665,67.9593809891159,416.7477957732143,0.0,88.70907974243164
36,4.0,6.5004844949150735,2.5004844949150735,49.27169924683775,67.95937406969364,417.3060229989829,0.0,88.96942138671875
37,4.0,6.506105952921206,2.5061059529212057,49.37219317269828,67.95940174738291,417.84006150956543,0.0,89.22797775268555
38,4.0,6.511542594254895,2.5115425942548946,49.47314797559182,67.95944326391687,418.35654243626584,0.0,89.48514175415039
39,4.0,6.516769550951781,2.516769550951781,49.57469704809784,67.95948478045086,418.85310332247013,0.0,89.74079895019531
40,4.0,6.521833333283146,2.521833333283146,49.67662714514622,67.95951949393081,419.33416264394975,0.0,89.99518966674805
41,4.0,6.526702987860817,2.5267029878608174,49.779035921687715,67.95954025219781,419.79677982882856,0.0,90.24805068969727
42,4.0,6.53141998122087,2.5314199812208704,49.88173039175995,67.95954728798846,420.2448941980336,0.0,90.49959182739258
43,4.0,6.535968214428114,2.535968214428114,49.98477511656215,67.95953344914379,420.6769763527217,0.0,90.74969482421875
44,4.0,6.540365867724504,2.5403658677245042,50.08801921449946,67.9595128072452,421.0947534158788,0.0,90.99832534790039
45,4.0,6.544612104837524,2.5446121048375243,50.191524085668256,67.95949204897839,421.4981459416157,0.0,91.24557113647461
46,4.0,6.548722825529685,2.548722825529685,50.295167998413184,67.95947117434292,421.888664407371,0.0,91.49142074584961
47,4.0,6.552694251522193,2.552694251522193,50.39896522378911,67.95947117434301,422.26594987665925,0.0,91.73583602905273
48,4.0,6.556539744536099,2.5565397445360993,50.50284640670056,67.95947117434302,422.6312717129803,0.0,91.97886657714844
49,4.0,6.560257451222565,2.560257451222565,50.60678143855137,67.9594711743428,422.98445384819456,0.0,92.22042083740234
50,4.0,6.563860510954477,2.563860510954477,50.71075638236345,67.9594711743428,423.32674452272624,0.0,92.46064758300781
51,4.0,6.5673470194269274,2.5673470194269274,50.814699344355205,67.95947117434278,423.657962827609,0.0,92.69937896728516
52,4.0,6.570725759032315,2.5707257590323147,50.91863144970507,67.9594712907111,423.97894309012077,0.0,92.936767578125
53,4.0,6.5740008543522555,2.5740008543522555,51.02246523430875,67.9594712907111,424.29007714551517,0.0,93.17270278930664
54,4.0,6.577166884422597,2.5771668844225966,51.12624162854556,67.95947129071111,424.59085000219756,0.0,93.40717315673828
55,4.0,6.580220001000089,2.5802200010000886,51.229866441828335,67.9594712907111,424.88089607705933,0.0,93.63994216918945
56,4.0,6.583174074752651,2.583174074752651,51.33336222212584,67.9594712907111,425.16153308355274,0.0,93.8712387084961
57,4.0,6.5860576543727225,2.5860576543727225,51.43662970209961,67.9594712907111,425.43547314745956,0.0,94.10128021240234
58,4.0,6.5888492582105265,2.5888492582105265,51.5396967167371,67.9594712907111,425.7006755120509,0.0,94.32980346679688
59,4.0,6.591569239029962,2.591569239029962,51.642483381227095,67.95947140707946,425.9590736898973,0.0,94.55694580078125
60,4.0,6.594218188176338,2.594218188176338,51.745009577116626,67.9594714070794,426.210723858803,0.0,94.78274536132812
61,4.0,6.596796281013675,2.596796281013675,51.84722342618025,67.9594714070794,426.45564267835005,0.0,95.0071029663086
62,4.0,6.599315026127617,2.5993150261276172,51.94913371662993,67.95947140707945,426.6949234641745,0.0,95.23019409179688
63,4.0,6.6017590123293175,2.6017590123293175,52.05069031599792,67.95947140707943,426.927102153336,0.0,95.45169830322266
64,4.0,6.6041613387356,2.6041613387356,52.15191017307746,67.95947140707948,427.15532316193287,0.0,95.672119140625
65,4.0,6.606475529805368,2.606475529805368,52.25275989178058,67.95947140707962,427.3751713135608,0.0,95.89071655273438
66,4.0,6.6087290898741085,2.6087290898741085,52.35327537055879,67.95947140707948,452.3721858738952,0.0,96.10794830322266
67,4.0,6.60970616871364,2.6097061687136396,52.462996294109296,67.95947140707949,452.46500836365067,0.0,96.3236083984375
68,4.0,6.6084822807388575,2.6084822807388575,52.58925076471289,67.9594714070794,452.34873900604634,0.0,96.53753662109375
69,4.0,6.605826501083581,2.6058265010835813,52.726180432208885,67.95947140707942,476.8517916990892,0.0,96.75
70,4.0,6.601001472476577,2.601001472476577,52.87937324876116,67.9594714070794,476.3934139814238,0.0,96.9602279663086
71,4.0,6.59345576697739,2.5934557669773897,53.0534527317274,67.9594714070794,475.67657195900097,0.0,97.16822052001953
72,4.0,6.584162375985048,2.5841623759850476,53.2406957369035,67.95947140707946,474.7936998147285,0.0,97.37371826171875
73,4.0,6.5737865330852125,2.5737865330852125,53.43581590377493,67.95947140707943,473.8079947392442,0.0,97.57656860351562
74,4.0,6.562798825195427,2.5627988251954266,53.635092588923634,67.95947140707943,472.7641624897145,0.0,97.7767562866211
75,4.0,6.5515064696645755,2.5515064696645755,53.83590602470269,67.95947140707942,471.6913887142836,0.0,97.97396850585938
76,4.0,6.540135904939104,2.5401359049391043,54.03643807108341,67.95947140707943,470.6111850653639,0.0,98.1682357788086
77,4.0,6.5288644090405485,2.5288644090405485,54.23538584387846,67.95947140707949,469.5403929550011,0.0,98.35985565185547
78,4.0,6.5177888435622116,2.5177888435622116,54.43189783687135,67.95947140707955,468.48821423455905,0.0,98.54878234863281
79,4.0,6.50697785829417,2.50697785829417,54.62537598886628,67.95947140707949,467.46117063409514,0.0,98.73503112792969
80,4.0,6.496474905957239,2.496474905957239,54.815419097879946,67.95947140707958,466.4633901620867,0.0,98.91860961914062
81,4.0,6.486313010778039,2.486313010778039,55.00181346146458,67.95947140707965,465.49801012006265,0.0,99.09971618652344
82,4.0,6.476499000998904,2.4764990009989036,55.18441186742316,67.95947140707946,464.5656791910448,0.0,99.27827453613281
83,4.0,6.467040816342248,2.467040816342248,55.3631717954948,67.95947140707942,463.6671516486625,0.0,99.45441436767578
84,4.0,6.457924604756344,2.457924604756344,55.53808515159875,67.9594714070794,462.80111154800164,0.0,99.62799072265625
85,4.0,6.449137794554283,2.449137794554283,55.70919936056607,67.9594714070794,461.9663645788059,0.0,99.7989730834961
86,4.0,6.4406798459614745,2.4406798459614745,55.876566854753484,67.9594714070794,461.16285946248905,0.0,99.96752166748047
87,4.0,6.432552484893496,2.4325524848934963,56.04026878310225,67.9594714070794,460.3907601610311,0.0,100.13388061523438
88,4.0,6.424746623075591,2.424746623075591,56.20039248917526,67.9594714070794,459.6492032883301,0.0,100.29813385009766
89,4.0,6.417236920223311,2.417236920223311,56.35702495038952,67.9594714070794,458.9357815173635,0.0,100.4601058959961
90,4.0,6.410021156150679,2.4100211561506786,56.5102717338053,67.9594714070794,458.2502839304634,0.0,100.62001037597656
91,4.0,6.403081584245772,2.403081584245772,56.6602272999358,67.9594714070794,457.5910245994973,0.0,100.77779388427734
92,4.0,6.396416605146307,2.3964166051463067,56.8069787703596,67.95947140707942,456.9578515850481,0.0,100.93363952636719
93,4.0,6.390014454181197,2.3900144541811974,56.95064073639879,67.95947140707942,456.3496472433627,0.0,101.08761596679688
94,4.0,6.3838509502169885,2.3838509502169885,57.09129055031005,67.95947140707943,455.7641143667629,0.0,101.2395248413086
95,4.0,6.377918941761124,2.3779189417611244,57.22901767072266,67.9594714070794,455.2005735634558,0.0,101.38945439457893
96,4.0,6.372185854053426,2.372185854053426,57.363921055701674,67.9594714070794,454.6559302312245,0.0,101.53710174560547
97,4.0,6.366675799235064,2.3666757992350638,57.4960615432709,67.95947140707942,454.13247502348,0.0,101.68299543857574
98,4.0,6.361379257087143,2.361379257087143,57.62554185514749,67.95947140707946,453.62930351942754,0.0,101.82720184326172
99,4.0,6.356279294398566,2.3562792943985658,57.752420865489086,67.95947140707942,453.1448070640127,0.0,101.96958804130554
100,4.0,6.351372063254964,2.3513720632549644,57.876791065166195,67.95947140707943,452.6786201053706,0.0,102.11028718948364
101,4.0,6.346648297938939,2.3466482979389394,57.9987130816676,67.95947140707943,452.2298624003482,0.0,102.24928712844849
102,4.0,6.342098475104437,2.3420984751044367,58.118261517710465,67.95947140707949,451.79762923107046,0.0,102.38659381866455
103,4.0,6.337718285615398,2.3377182856153977,58.23549893344058,67.9594714070795,451.38151122961176,0.0,102.52227401733398
104,4.0,6.333503955843325,2.333503955843325,58.35050740568484,67.95947140707946,450.9811499012648,0.0,102.6564359664917
105,4.0,6.3294491028000746,2.3294491028000746,58.46333999266691,67.95947140707955,450.59593886215606,0.0,102.78909301757812
106,4.0,6.3255424883296385,2.3255424883296385,58.57404570532377,67.95947140707949,450.22481048746465,0.0,102.92017078399658
107,4.0,6.321782764233931,2.321782764233931,58.68269864337267,67.95947140707945,449.8676366983724,0.0,103.04979801177979
108,4.0,6.318162521803833,2.318162521803833,58.78935976098616,67.95947140707945,449.5237136675131,0.0,103.17798042297363
109,4.0,6.314667840130944,2.3146678401309444,58.894064126308955,67.95947140707946,449.1917189085887,0.0,103.30457019805908
110,4.0,6.311279848073807,2.3112798480738066,58.99687583128874,67.95947140707955,448.8698596631606,0.0,103.42938709259033
111,4.0,6.308039114824966,2.3080391148249664,59.09769281316072,67.95947140707958,448.5619900045208,0.0,103.55293273925781
112,4.0,6.304938063084869,2.304938063084869,59.196472069377975,67.95947140707968,448.2673900892115,0.0,103.67502498626709
113,4.0,6.301987474619401,2.301987474619401,59.29317503806289,67.95947140707959,447.98708418499206,0.0,103.79579067230225
114,4.0,6.299192729026626,2.2991927290266263,59.38780710220413,67.9594714070796,447.72158335367845,0.0,103.91534519195557
115,4.0,6.296544918059894,2.296544918059894,59.48040827839925,67.95947140707953,447.4700413118389,0.0,104.03362846374512
116,4.0,6.2940340034139135,2.2940340034139135,59.570995797857954,67.95947140707943,447.23150442047074,0.0,104.15052032470703
117,4.0,6.291671345156585,2.291671345156585,59.65962877962866,67.95947140707949,447.00705188602456,0.0,104.26632690429688
118,4.0,6.289436117476548,2.289436117476548,59.74635575233646,67.95947140707943,446.794705256421,0.0,104.38080215454102
119,4.0,6.2873341368415145,2.2873341368415145,59.83121890198213,67.95947140707942,446.5950170960929,0.0,104.4941291809082
120,4.0,6.2853568038255805,2.2853568038255805,59.91429074927254,67.95947152344777,468.1180600959221,0.0,104.60630416870117
121,4.0,6.282638543857854,2.2826385438578543,60.00383258176999,67.95947152344785,467.8598253989881,0.0,104.71733093261719
122,4.0,6.2784988818326095,2.2784988818326095,60.10632824040355,67.95947152344776,467.4665575065899,0.0,104.82708740234375
123,4.0,6.2734742662577565,2.2734742662577565,60.21655269157961,67.95947152344776,466.98921902697884,0.0,104.93527603149414
124,4.0,6.2679363812396325,2.2679363812396325,60.331056954961035,67.95947152344782,466.46311995025707,0.0,105.04200744628906
125,4.0,6.262121419199063,2.2621214191990626,60.44746893490097,67.95947152344777,465.9106985564029,0.0,105.14705276489258
126,4.0,6.256206651170685,2.256206651170685,60.564186563766555,67.95947152344773,465.34879559370705,0.0,105.25057411193848
127,4.0,6.250277512251518,2.250277512251518,60.68013307572177,67.95947152344776,464.7855273963862,0.0,105.35213088989258
128,4.0,6.244419646189696,2.244419646189696,60.79470087238052,67.95947152344775,464.2290301205131,0.0,105.45211791992188
129,4.0,6.238641105480349,2.2386411054803492,60.90776390408422,67.95947152344773,463.6800687531251,0.0,105.55046653747559
130,4.0,6.232951751956564,2.2329517519565636,61.01936694627802,67.95947152344773,463.1395801683655,0.0,105.64743614196777
131,4.0,6.227333900412145,2.2273339004121446,61.12955572173377,67.95947152344775,462.6058842716457,0.0,105.7428207397461
132,4.0,6.221800480761778,2.221800480761778,61.23834542861435,67.95947152344773,462.08020940486085,0.0,105.83687973022461
133,4.0,6.216325560608938,2.2163255606089383,61.34577173135076,67.95947152344773,461.5600919903411,0.0,105.92924690246582
134,4.0,6.210920783800104,2.2109207838001037,61.45184876496561,67.9594714070794,461.0466381935018,0.0,106.02015686035156
135,4.0,6.205593422199697,2.205593422199697,61.55661345540616,67.9594714070794,460.54053884146316,0.0,106.10980987548828
136,4.0,6.200327867514622,2.2003278675146216,61.660059781378344,67.9594714070794,460.04031114638104,0.0,106.19794082641602
137,4.0,6.195122638082793,2.1951226380827933,61.762233740891496,67.9594714070795,459.5458143503573,0.0,106.28461456298828
138,4.0,6.18998403623943,2.18998403623943,61.86314380080929,67.9594714070794,459.05764717523783,0.0,106.36996459960938
139,4.0,6.184905548725378,2.1849055487253777,61.962811055394695,67.95947140707945,458.57519086140286,0.0,106.45392608642578
140,4.0,6.1798963700302965,2.1798963700302965,62.06125052885195,67.95947140707949,458.0993188853701,0.0,106.53669357299805
141,4.0,6.174915612104496,2.1749156121044964,62.15847386417388,67.95947140707949,457.6261468824191,0.0,106.61759185791016
142,4.0,6.169992130212213,2.169992130212213,62.25449945838171,67.95947140707942,457.1584161026522,0.0,106.69715881347656
143,4.0,6.165126067465177,2.1651260674651773,62.349358186024475,67.95947140707945,456.6961401416838,0.0,106.77545928955078
144,4.0,6.160312178795531,2.1603121787955306,62.4430576686953,67.95947140707953,456.23882071806736,0.0,106.85242462158203
145,4.0,6.155560725000728,2.1555607250007283,62.53560457333247,67.9594714070794,455.78743260756113,0.0,106.92825317382812
146,4.0,6.150853972889253,2.1508539728892533,62.627017679300295,67.9594714070794,455.34029115697103,0.0,107.00267791748047
147,4.0,6.146202440843425,2.1462024408434246,62.71730124261437,67.9594714070794,454.8983956126173,0.0,107.07589721679688
148,4.0,6.141600047697239,2.1416000476972394,62.80647443715487,67.9594714070794,454.4611682637297,0.0,107.14784622192383
149,4.0,6.13705177071534,2.13705177071534,62.89455322069652,67.95947140707943,454.02908195044927,0.0,107.21864700317383
150,4.0,6.132552315649136,2.1325523156491357,62.98155360839067,67.95947140707943,453.60163371915985,0.0,107.28824234008789
151,4.0,6.128100289462385,2.1281002894623846,63.06748100000227,67.9594714070794,453.1786912314185,0.0,107.35662460327148
152,4.0,6.123694363682674,2.1236943636826737,63.1523447589633,67.95947140707948,452.760128282346,0.0,107.42379379272461
153,4.0,6.119337148673702,2.1193371486737016,63.236156334280935,67.95947140707949,452.3461928564936,0.0,107.48982238769531
154,4.0,6.115028640209285,2.1150286402092853,63.31893846684112,67.95947140707952,451.93688455237407,0.0,107.55475616455078
155,4.0,6.11076833854453,2.1107683385445304,63.40069892665183,67.95947140707946,451.53215589422234,0.0,107.61860656738281
156,4.0,6.106551166464175,2.1065511664641754,63.48144369114578,67.95947140707959,451.13152454658865,0.0,107.68130111694336
157,4.0,6.1023755574312855,2.1023755574312855,63.56118750970768,67.95947140707959,450.7348416884641,0.0,107.74284362792969
158,4.0,6.0982540410140835,2.0982540410140835,63.63994682020081,67.95947140707942,450.3432976288299,0.0,107.8034896850586
159,4.0,6.094172483998409,2.094172483998409,63.71771206339867,67.95947140707946,449.9555497123408,0.0,107.86297988891602
160,4.0,6.090134987566872,2.0901349875668718,63.79451792778618,67.95947140707942,449.57198755134476,0.0,107.92145156860352
161,4.0,6.086135930748651,2.086135930748651,63.870367926877,67.9594714070794,449.1920771536138,0.0,107.97881698608398
162,4.0,6.082160376460871,2.0821603764608714,63.94526901575014,67.9594714070794,448.81439949627475,0.0,108.03482818603516
163,4.0,6.078222061624124,2.078222061624124,64.01922967474981,67.95947140707942,448.4402595867837,0.0,108.08974838256836
164,4.0,6.074326249350959,2.0743262493509587,64.09226352752859,67.95947140707942,448.070157420833,0.0,108.1436996459961
165,4.0,6.070472115861146,2.070472115861146,64.16438048744938,67.9594714070794,447.7040147393008,0.0,108.19668960571289
166,4.0,6.066657387245491,2.066657387245491,64.23559687014148,67.9594714070794,447.3416155208136,0.0,108.24871063232422
167,4.0,6.062885773314562,2.0628857733145622,64.30590421522896,67.9594714070794,446.98331219737537,0.0,108.29981994628906
168,4.0,6.059148483302044,2.059148483302044,64.37532926034719,67.9594714070794,446.62826964618614,0.0,108.34991073608398
169,4.0,6.055451576775984,2.055451576775984,64.44386820369965,67.9594714070794,446.27706352621044,0.0,108.39908981323242
170,4.0,6.051783051556649,2.051783051556649,64.51153479912408,67.95947140707942,445.92855363037364,0.0,108.44717025756836
171,4.0,6.048158573929415,2.048158573929415,64.57834315026864,67.9594714070794,445.5842282557864,0.0,108.49446105957031
172,4.0,6.044576697689552,2.0445766976895516,64.64428754379671,67.95947140707943,445.2439500129994,0.0,108.54093170166016
173,4.0,6.041021370907405,2.041021370907405,64.70939377421189,67.95947140707945,444.90619396869545,0.0,108.58634185791016
174,4.0,6.03750527469229,2.0375052746922897,64.77366902642328,67.9594714070794,444.5721648282595,0.0,108.63093566894531
175,4.0,6.034026194609301,2.034026194609301,64.83711162963994,67.95947140707943,444.24165222037556,0.0,108.67467498779297
176,4.0,6.030579340948987,2.0305793409489867,64.89972953047318,67.95947140707949,443.9142011226457,0.0,108.71749114990234
177,4.0,6.027167061019764,2.027167061019764,64.96154513705523,67.95947140707952,443.5900345293695,0.0,108.75946807861328
178,4.0,6.02378965708203,2.0237896570820304,65.02255275890006,67.95947140707965,443.26918115528485,0.0,108.80060577392578
179,4.0,6.020451843374123,2.020451843374123,65.08276744503131,67.95947140707973,442.9520888530337,0.0,108.84101867675781
180,4.0,6.017145291745905,2.017145291745905,65.14219925058788,67.95947140707948,442.6379664483529,0.0,108.88057708740234
181,4.0,6.013873350984126,2.0138733509841256,65.20085075441617,67.9594714070794,442.3271320759839,0.0,108.91934967041016
182,4.0,6.010631448349117,2.010631448349117,65.25873275993067,67.95947140707942,442.0191513256581,0.0,108.957275390625
183,4.0,6.007425550478948,2.007425550478948,65.31585600434634,67.95947140707945,441.71459102799207,0.0,108.9944839477539
184,4.0,6.004257327313073,2.0042573273130726,65.37222293489222,67.9594714070796,441.41360982723387,0.0,109.03101348876953
185,4.0,6.001103844518169,2.001103844518169,65.42783876659735,67.95947140707968,441.114028961718,0.0,109.06645965576172
186,4.0,5.99797047551489,1.9979704755148902,65.48272566588099,67.95947140707949,440.81635890640655,0.0,109.10095977783203
187,4.0,5.994870837832657,1.9948708378326572,65.53686593333838,67.95947140707955,440.5218933265944,0.0,109.13473510742188
188,4.0,5.991803161874767,1.991803161874767,65.59028145096246,67.95947140707969,440.2304641105948,0.0,109.16779327392578
189,4.0,5.98876458605272,1.9887645860527199,65.64299244327253,67.95947140707976,439.94179940750035,0.0,109.20011901855469
190,4.0,5.98575716520843,1.9857571652084296,65.69497910475934,67.95947140707966,439.65609442729277,0.0,109.23171997070312
191,4.0,5.982780251738485,1.9827802517384852,65.7462558292489,67.95947140707949,439.37328764764806,0.0,109.26261138916016
192,4.0,5.979832832806371,1.9798328328063706,65.7968411021823,67.95947140707943,439.0932828490972,0.0,109.29280853271484
193,4.0,5.97691196730833,1.9769119673083297,65.84672419556762,67.95947140707953,438.8158006267833,0.0,109.3222427368164
194,4.0,5.9740267570818855,1.9740267570818855,65.89592715093792,67.95947140707946,438.5417056552711,0.0,109.35111999511719
195,4.0,5.97116460651146,1.9711646065114596,65.94445381211534,67.95947140707945,438.2698013510806,0.0,109.37921905517578
196,4.0,5.968327550767852,1.9683275507678522,65.99230775218116,67.9594714070794,438.00028105543794,0.0,109.40658569335938
197,4.0,5.9655216897809185,1.9655216897809185,66.0394981496108,67.9594714070794,437.73372426167924,0.0,109.433349609375
198,4.0,5.962743754689897,1.962743754689897,66.08602731266502,67.95947140707942,437.46982042803216,0.0,109.45945739746094
199,4.0,5.959992273688837,1.9599922736888367,66.13189616871956,67.9594714070794,437.20842973293145,0.0,109.4848861694336
200,4.0,5.957266283664235,1.957266283664235,66.17712772208448,67.9594714070794,436.94946068059426,0.0,109.50965881347656
201,4.0,5.954571174822606,1.9545711748226058,66.22172053454965,67.9594714070794,436.6934253406395,0.0,109.53387451171875
202,4.0,5.951907745903699,1.951907745903699,66.26567610269225,67.9594714070794,436.4403995933434,0.0,109.5575530230999
203,4.0,5.949272064605877,1.9492720646058768,66.30900515561197,67.9594714070794,436.19000987005023,0.0,109.58064222335815
204,4.0,5.946651535593129,1.946651535593129,66.35171510312442,67.9594714070794,435.94105961383923,0.0,109.60292458534241
205,4.0,5.944068069862196,1.9440680698621957,66.39380252021353,67.9594714070794,435.69563036940053,0.0,109.62480044364929
206,4.0,5.94150512546667,1.9415051254666702,66.4352826210154,67.9594836146174,435.4521506518256,0.0,109.64599227905273
207,4.0,5.938970630976606,1.9389706309766064,66.47616053804242,67.95949218971619,435.21137367526956,0.0,109.66665697097778
208,4.0,5.936459243558228,1.936459243558228,66.51644373977324,67.95949597737153,434.9727918705236,0.0,109.68671035766602
209,4.0,5.93397102351719,1.9339710235171896,66.55612714198607,67.9595051312027,434.736410966625,0.0,109.70614719390869
210,4.0,5.9315217743888935,1.9315217743888935,66.59523322987506,67.9595056486327,434.5037322994368,0.0,109.72529888153076
211,4.0,5.929090471789961,1.9290904717899613,66.63375700004954,67.95950317905982,434.2727585525383,0.0,109.74377048015594
212,4.0,5.92668704783113,1.9266870478311304,66.67170911520371,67.9594969014033,452.3479602308451,0.0,109.76176524162292
213,4.0,5.9236718612519095,1.9236718612519095,66.71629010551051,67.95949144984924,452.0615175058191,0.0,109.77928066253662
214,4.0,5.919494944491867,1.9194949444918672,66.77350146021503,67.95948678449005,451.66471041361507,0.0,109.79594564437866
215,4.0,5.914567689591593,1.9145676895915926,66.83883311202284,67.9594870505242,451.196621198089,0.0,109.8118896484375
216,4.0,5.909145688879618,1.9091456888796179,66.90928296412923,67.95948122799618,450.6815311304514,0.0,109.82686138153076
217,4.0,5.903407819587812,1.9034078195878124,66.98281825142948,67.95948221461937,450.1364335477299,0.0,109.84080362319946
218,4.0,5.897484507262116,1.8974845072621163,67.05801866029434,67.95948501066394,449.57371887678875,0.0,109.85378503799438
219,4.0,5.891449284340767,1.8914492843407666,67.13394038305401,67.95949753575884,449.00037269926054,0.0,109.86561250686646
220,4.0,5.88537899976029,1.8853789997602899,67.20990282397086,67.95950458459583,448.42369566411526,0.0,109.87659740447998
221,4.0,5.879302921147935,1.8793029211479348,67.28545689132714,67.95950479023745,447.8464681959415,0.0,109.88655090332031
222,4.0,5.873247699734233,1.8732476997342333,67.36028915449629,67.95949886290802,447.27122216163986,0.0,109.89546203613281
223,4.0,5.8672108928761535,1.8672108928761535,67.43419761485114,67.95948130278722,446.69772551012227,0.0,109.90296077728271
224,4.0,5.861225629346767,1.8612256293467668,67.50703321604907,67.95948125154784,446.1291254748306,0.0,109.90943145751953
225,4.0,5.855306525905924,1.8553065259059238,67.5786994433139,67.95948301277404,445.5668106479505,0.0,109.91499996185303
226,4.0,5.849447549450084,1.8494475494500842,67.6491380063563,67.95948651705534,445.0102078846457,0.0,109.91946792602539
227,4.0,5.843671819615128,1.8436718196151283,67.71831012529556,67.95948852229526,444.46151355032487,0.0,109.92321681976318
228,4.0,5.837970738071361,1.8379707380713608,67.78619483105385,67.95949336631737,443.919910803667,0.0,109.92606163024902
229,4.0,5.832337731324656,1.8323377313246558,67.85278392611092,67.95949101646632,443.38477516273,0.0,109.92787551879883
230,4.0,5.826784591056731,1.8267845910567306,67.91808765803404,67.959498140542,442.8572268372771,0.0,109.92890739440918
231,4.0,5.8212945049468745,1.8212945049468745,67.98210137351778,67.95949804133457,442.33566865684077,0.0,109.92884254455566
232,4.0,5.815889560942454,1.8158895609424537,68.0448300976483,67.95949835991331,441.8221989764208,0.0,109.92811584472656
233,4.0,5.810553897690236,1.8105538976902356,68.106302139763,67.95949384664097,441.3153109674601,0.0,109.92648315429688
234,4.0,5.805293353000751,1.805293353000751,68.16651780153003,67.95950132749842,440.81555922195906,0.0,109.92406463623047
235,4.0,5.800109712139111,1.8001097121391112,68.22549057601002,67.959501659932,440.32311334010325,0.0,109.92092514038086
236,4.0,5.794986532254289,1.7949865322542893,68.28324975267584,67.9594890083228,439.8364112510452,0.0,109.91680908203125
237,4.0,5.789940070557299,1.7899400705572992,68.33979290580136,67.9594936011813,439.3569973898311,0.0,109.91202926635742
238,4.0,5.7849615881135925,1.7849615881135925,68.39514195840837,67.95948775959833,438.884041557679,0.0,109.90646362304688
239,4.0,5.780049511013798,1.7800495110137984,68.44932001452794,67.95948358196189,438.41739423319854,0.0,109.90012741088867
240,4.0,5.775201564830196,1.775201564830196,68.50232303834721,67.95948613156126,437.9568393457563,0.0,109.89297866821289
241,4.0,5.770405530144667,1.770405530144667,68.55417961679643,67.95949378442015,437.50121605063106,0.0,109.88483810424805
242,4.0,5.765678158829382,1.765678158829382,68.60488980753435,67.9594913464532,437.052115775679,0.0,109.87603187561035
243,4.0,5.761014498142553,1.7610144981425533,68.65447104909975,67.95948932241319,436.6090680104303,0.0,109.86650085449219
244,4.0,5.756409187582934,1.7564091875829337,68.70294356545887,67.95949621365028,436.1715635072664,0.0,109.85618209838867
245,4.0,5.751876534821503,1.7518765348215029,68.75032201380665,67.95949307778334,435.7409614949305,0.0,109.84537887573242
246,4.0,5.747404135852609,1.7474041358526087,68.79660712048022,67.95949352600442,435.31608359288555,0.0,109.8338623046875
247,4.0,5.7429909522469265,1.7429909522469265,68.84182406078885,67.9594915434432,434.89683115034575,0.0,109.82165908813477
248,4.0,5.738658997990794,1.738658997990794,68.88597513306173,67.95949063850874,434.4852954960131,0.0,109.80920028686523
249,4.0,5.734391216049469,1.7343912160494694,68.92908146354353,67.95949515524214,434.0798562115873,0.0,109.79619979858398
250,4.0,5.7301619469312115,1.7301619469312115,68.97115813164349,67.95948846343236,433.6780756453528,0.0,109.78219604492188
251,4.0,5.726001411716163,1.7260014117161626,69.01221191084413,67.95949693165814,433.28282479992316,0.0,109.76778411865234
252,4.0,5.721907712095582,1.7219077120955824,69.05226679937259,67.9594889738539,432.893923335968,0.0,109.75297164916992
253,4.0,5.71786520957496,1.7178652095749598,69.09132327842914,67.95948833352652,432.50988559650887,0.0,109.73746490478516
254,4.0,5.713871009312338,1.7138710093123377,69.12941800923696,67.95949489133329,432.1304365715598,0.0,109.72127151489258
255,4.0,5.709934959964892,1.709934959964892,69.16653212521652,67.95949010764174,431.75651188355243,0.0,109.70455551147461
256,4.0,5.706056563135164,1.7060565631351636,69.20269016743539,67.95949084236744,431.38806418472825,0.0,109.68735122680664
257,4.0,5.702229952587967,1.7022299525879667,69.23792419251023,67.95949942982008,431.02453618274455,0.0,109.66960144042969
258,4.0,5.698463373410031,1.6984633734100312,69.27220826644395,67.95949256227797,430.6667111608407,0.0,109.65142822265625
259,4.0,5.694743365084336,1.694743365084336,69.30558266047481,67.95948963847196,430.3133103698996,0.0,109.63264083862305
260,4.0,5.691086242722166,1.6910862427221662,69.33804386486884,67.95948871060376,429.9658837454935,0.0,109.61355209350586
261,4.0,5.687479219584704,1.687479219584704,69.36959771003546,67.95949212510526,429.6232165474346,0.0,109.59392929077148
262,4.0,5.683927328692947,1.6839273286929473,69.4002816574448,67.95948938300471,429.2857869127177,0.0,109.57393264770508
263,4.0,5.68042959048877,1.68042959048877,69.43008581403565,67.9594949547038,428.95350178332086,0.0,109.55353164672852
264,4.0,5.676992130531472,1.6769921305314721,69.45903193433374,67.95949051324476,428.6269430873775,0.0,109.53288269042969
265,4.0,5.673599369658584,1.673599369658584,69.48711712218281,67.95949092924607,428.30463080445315,0.0,109.51168441772461
266,4.0,5.670248107921332,1.6702481079213323,69.51437597579745,67.95949628201767,427.98626093941425,0.0,109.48993301391602
267,4.0,5.666955294871663,1.6669552948716628,69.54080199741401,67.95950089593805,427.67344369969567,0.0,109.46794891357422
268,4.0,5.66371888228222,1.66371888228222,69.56641564957778,67.9595002160663,427.3659845036986,0.0,109.44572830200195
269,4.0,5.660521376772348,1.6605213767723477,69.59122604802887,67.9594912681287,427.06222148026075,0.0,109.4229507446289
270,4.0,5.657378625898995,1.6573786258989953,69.61524021580006,67.95948823874545,426.7636601472923,0.0,109.39993667602539
271,4.0,5.654282040473715,1.6542820404737153,69.63847447704158,67.95949089551391,426.46948453189066,0.0,109.37654876708984
272,4.0,5.651235162601481,1.6512351626014814,69.6609319193756,67.95949146168437,426.18003113402847,0.0,109.35286331176758
273,4.0,5.648237023735076,1.648237023735076,69.6826323672199,67.95949299699903,425.89520794171995,0.0,109.32889556884766
274,4.0,5.645282220556947,1.6452822205569468,69.70357022199903,67.95949082610508,425.61450163979765,0.0,109.30453491210938
275,4.0,5.64238061978304,1.6423806197830402,69.723772779644,67.9594952724314,425.3388495662765,0.0,109.2800178527832
276,4.0,5.639520029444681,1.6395200294446806,69.7432405676444,67.95948989912046,425.06709348413233,0.0,109.25511169433594
277,4.0,5.636707714122096,1.636707714122096,69.76198933203946,67.9594910532681,424.79992352848683,0.0,109.22998428344727
278,4.0,5.633948326254267,1.6339483262542673,69.78003057905107,67.95949141013853,424.5377816810431,0.0,109.20474624633789
279,4.0,5.631226101583538,1.6312261015835379,69.79737768883933,67.95948753515272,424.27917033732376,0.0,109.17911529541016
280,4.0,5.628556574115326,1.6285565741153256,69.8140269433368,67.95949394374149,424.02556522784363,0.0,109.15338897705078
281,4.0,5.625927639372011,1.6259276393720112,69.82998798692489,67.95949109572801,423.77581642722873,0.0,109.12734985351562
282,4.0,5.623336197716487,1.6233361977164869,69.84529800810941,67.95949598924497,423.529629469954,0.0,109.10099792480469
283,4.0,5.620803155033921,1.6208031550339213,69.85994517393323,67.95949106204661,423.2889904151102,0.0,109.07472229003906
284,4.0,5.618305107436442,1.6183051074364423,69.87393566077354,67.95949167353781,423.05167589334974,0.0,109.04808044433594
285,4.0,5.615856856665382,1.6158568566653821,69.8872797590434,67.95948819266185,422.81909207009903,0.0,109.02137756347656
286,4.0,5.6134396437914,1.6134396437914003,69.90000925122759,67.9594892369241,422.5894568470707,0.0,108.99430084228516
287,4.0,5.611070359381412,1.6110703593814124,69.91212316294362,67.95949178956756,422.36437482812187,0.0,108.96717834472656
288,4.0,5.608748423155025,1.608748423155025,69.92361784389527,67.95949469030536,437.42690090658783,0.0,108.93999481201172
289,4.0,5.605964382816328,1.6059643828163281,69.9406908781822,67.95949724295956,437.1624170744116,0.0,108.91250610351562
290,4.0,5.602299621946636,1.6022996219466359,69.96861694337522,67.95949944752925,436.81426479179083,0.0,108.884765625
291,4.0,5.59805515244161,1.59805515244161,70.00355824224154,67.95950107195118,436.4110401888134,0.0,108.85660552978516
292,4.0,5.593432728011971,1.5934327280119707,70.04293651895915,67.95950246431468,435.9719098679976,0.0,108.8279037475586
293,4.0,5.588575169095451,1.588575169095451,70.0849845652463,67.95950327652744,435.5104417709283,0.0,108.79866790771484
294,4.0,5.583576412722435,1.5835764127224348,70.12848562195833,67.95950385667977,435.0355599154917,0.0,108.7688217163086
295,4.0,5.5785086882497605,1.5785086882497605,70.17262693044366,67.95950420477097,434.5541260905877,0.0,108.7385025024414
296,4.0,5.573404779649232,1.5734047796492323,70.2168165053474,67.95950449569672,434.0692547735375,0.0,108.70742797851562
297,4.0,5.568304863318272,1.5683048633182723,70.2606519768379,67.95948828170172,433.58476272209634,0.0,108.6757583618164
298,4.0,5.563242201390612,1.5632422013906124,70.30387485605829,67.95948142523562,433.1038098389686,0.0,108.64374542236328
299,4.0,5.558191337353604,1.5581913373536036,70.34627604596879,67.95947941559545,432.62397775545276,0.0,108.6105728149414
300,4.0,5.553203459670078,1.553203459670078,70.3877482648258,67.9594821862629,432.15012937551785,0.0,108.57707977294922
301,4.0,5.54825640194684,1.5482564019468397,70.428202643839,67.95949088126774,431.6801588918102,0.0,108.5427017211914
302,4.0,5.543381435357814,1.543381435357814,70.467594782904,67.95949883857861,431.21703706585276,0.0,108.50798797607422
303,4.0,5.538573907524871,1.5385739075248708,70.5058853424738,67.95949449365838,430.7603219217232,0.0,108.47279357910156
304,4.0,5.533826192347865,1.533826192347865,70.54303822144995,67.95949767436477,430.3092889799076,0.0,108.43692016601562
305,4.0,5.529156222094352,1.5291562220943522,70.57906875268885,67.95949658704428,429.8656418058239,0.0,108.40074920654297
306,4.0,5.5245411714271615,1.5245411714271615,70.61398093806324,67.95949636740454,429.4272119924408,0.0,108.36384582519531
307,4.0,5.51999765192125,1.5199976519212504,70.64774740339634,67.95949141004803,428.99557763937923,0.0,108.32649993896484
308,4.0,5.515527782422185,1.5155277824221853,70.6804115468292,67.95948985119986,428.57094003696807,0.0,108.28882598876953
309,4.0,5.5111148775796375,1.5111148775796375,70.71195956566724,67.9594910405073,428.151714076926,0.0,108.2504812180996
310,4.0,5.506788309920048,1.506788309920048,70.7424100028833,67.95949564230536,427.740690149265,0.0,108.21207678318024
311,4.0,5.502531926505632,1.5025319265056316,70.77179292121185,67.95949410825742,427.33633372489544,0.0,108.17334723472595
312,4.0,5.498329179416639,1.498329179416639,70.80010598565146,67.95949300757103,426.9370727514411,0.0,108.13396906852722
313,4.0,5.494203869410039,1.4942038694100388,70.82736769919316,67.9594926589578,426.5451683008141,0.0,108.09444379806519
314,4.0,5.490140610289756,1.4901406102897559,70.85358550320107,67.95949087714257,426.15915868438725,0.0,108.05448532104492
315,4.0,5.486129430398069,1.4861294303980692,70.87879756295065,67.95949092722398,425.778096594677,0.0,108.01396036148071
316,4.0,5.482174978675473,1.4821749786754728,70.90298793420658,67.959495957861,425.4024236810303,0.0,107.97294065728784
317,4.0,5.478286139979466,1.478286139979466,70.92616558034402,67.95950083074632,425.03298400490974,0.0,107.93161940574646
318,4.0,5.47447401050511,1.4744740105051104,70.94836128903559,67.95950175891701,424.6708317048459,0.0,107.89026665687561
319,4.0,5.470717071586007,1.470717071586007,70.96957276297779,67.95950129483153,424.31392250753106,0.0,107.84845924377441
320,4.0,5.467020637313516,1.4670206373135164,70.98983775371407,67.95950013461882,423.96276125164445,0.0,107.8063633441925
321,4.0,5.463380288814641,1.4633802888146414,71.0091586282271,67.95949885838563,423.61692814425135,0.0,107.76389932632446
322,4.0,5.459805696051993,1.4598056960519932,71.02752893804735,67.95949781419594,423.2773418317998,0.0,107.72125196456909
323,4.0,5.4562882616334,1.4562882616334,71.04498746484829,67.95949677000714,422.9431855620335,0.0,107.67831420898438
324,4.0,5.452829352505746,1.4528293525057459,71.06153737707011,67.9594959578609,422.61458919490633,0.0,107.63512134552002
325,4.0,5.449452524644827,1.449452524644827,71.0771870125746,67.95949560979838,422.293790548119,0.0,107.59215450286865
326,4.0,5.446113586564616,1.446113586564616,71.0919334055813,67.95949514571521,421.97659143049896,0.0,107.54854011535645
327,4.0,5.4428307968265734,1.4428307968265734,71.1058451359325,67.95949491367367,421.6647264053849,0.0,107.50474548339844
328,4.0,5.439600082402325,1.4396000824023254,71.11889146357058,67.95949468163212,421.35780853508135,0.0,107.4606466293335
329,4.0,5.436432503751174,1.436432503751174,71.1310880552705,67.95949468163212,421.05688856322195,0.0,107.41648864746094
330,4.0,5.43332360516517,1.43332360516517,71.1424540603698,67.95949468163212,420.7615431975516,0.0,107.3722152709961
331,4.0,5.430267974762767,1.4302679747627671,71.15301117797868,67.95949468163214,420.4712583093233,0.0,107.32775497436523
332,4.0,5.42726870633731,1.4272687063373102,71.16276018096143,67.95949468163215,420.18632780890493,0.0,107.28317260742188
333,4.0,5.424318702842679,1.4243187028426787,71.17171279475326,67.95949468163217,419.9060774769149,0.0,107.23834800720215
334,4.0,5.421426715964826,1.4214267159648264,71.17987415907605,67.95949468163218,419.631338723519,0.0,107.1934642791748
335,4.0,5.418594447827233,1.4185944478272328,71.18726600236333,67.95949468163221,419.3622732504475,0.0,107.14859008789062
336,4.0,5.415807033873935,1.4158070338739348,71.19390604413803,67.95949468163222,419.0974689248842,0.0,107.10346031188965
337,4.0,5.413074195656083,1.4130741956560833,71.19979827937476,67.95949468163224,418.83784929418835,0.0,107.05827522277832
338,4.0,5.410393986846001,1.4103939868460014,71.204963204393,67.95949468163221,418.5832294572306,0.0,107.01302909851074
339,4.0,5.407789203570194,1.4077892035701938,71.20940287562341,67.95949468163231,418.33577504602886,0.0,106.96817779541016
340,4.0,5.405217640245076,1.405217640245076,71.21310300082348,67.95949468163225,418.09147653014264,0.0,106.92286682128906
341,4.0,5.402690801432339,1.402690801432339,71.21614084605663,67.95949468163238,417.8514268429326,0.0,106.87744140625
342,4.0,5.400222097609354,1.4002220976093538,71.21849621550614,67.95949468163232,417.61689997974906,0.0,106.83213806152344
343,4.0,5.3977944987411455,1.3977944987411455,71.22018926256587,67.95949468163234,417.38627808726926,0.0,106.78665161132812
344,4.0,5.395414823823792,1.395414823823792,71.22121049094434,67.95949468163234,417.16020897012066,0.0,106.74110412597656
345,4.0,5.393084781085273,1.393084781085273,71.22157716737306,67.9594830019955,430.17316033027146,0.0,106.695556640625
346,4.0,5.390389424060026,1.390389424060026,71.22673020964031,67.95947395323716,429.91710141287297,0.0,106.64994812011719
347,4.0,5.386981870035615,1.3869818700356147,71.24130066735053,67.95948077042705,429.59338378055395,0.0,106.60433197021484
348,4.0,5.383098128315602,1.383098128315602,71.26195814777468,67.95948163930785,429.22442831715273,0.0,106.55836486816406
349,4.0,5.378916990370185,1.3789169903701852,71.28646407163296,67.95948773233741,428.82722021233815,0.0,106.51221466064453
350,4.0,5.374542579916425,1.374542579916425,71.31324545664127,67.95948725826318,428.41165121923086,0.0,106.465576171875
351,4.0,5.370060097623019,1.3700600976230186,71.34126068149247,67.95948120154645,427.9858154013573,0.0,106.41857147216797
352,4.0,5.365530754020051,1.3655307540200514,71.36975151857577,67.95948193944095,427.5555277590754,0.0,106.37127685546875
353,4.0,5.36098299568717,1.36098299568717,71.39824372055293,67.95948757203406,427.12349071745166,0.0,106.32354736328125
354,4.0,5.3564521765223,1.3564521765222999,71.42636357544502,67.95949625183381,426.693062896789,0.0,106.27552795410156
355,4.0,5.351940589595361,1.351940589595361,71.45389963787864,67.95949225859981,426.2644621387298,0.0,106.2269515991211
356,4.0,5.34747871827332,1.3474787182733197,71.48065837686977,67.95948092003152,425.8405843631359,0.0,106.17813873291016
357,4.0,5.343060438806412,1.343060438806412,71.50654941739094,67.95948052926444,425.4208478137797,0.0,106.12883758544922
358,4.0,5.33869867459149,1.3386986745914902,71.53148941829814,67.95948370003852,425.00648021336207,0.0,106.07918548583984
359,4.0,5.334391737988848,1.334391737988848,71.55544125497255,67.95948649230955,424.59732123611104,0.0,106.02909851074219
360,4.0,5.3301451337238674,1.3301451337238674,71.57836909340902,67.9594880447627,424.1938938309379,0.0,105.9786376953125
361,4.0,5.325966459149456,1.3259664591494564,71.60027070836797,67.95947969898188,423.79691974636887,0.0,105.9279556274414
362,4.0,5.321858073930798,1.3218580739307981,71.62113689237064,67.95947678967431,423.4066231505964,0.0,105.87709045410156
363,4.0,5.317834652047824,1.3178346520478241,71.64095266743163,67.95947551052531,423.0243980717138,0.0,105.8263168334961
364,4.0,5.313877815039551,1.3138778150395511,71.65974028387447,67.95947717127565,422.64849855592786,0.0,105.77530670166016
365,4.0,5.309978171971865,1.3099781719718653,71.6775148790061,67.95947107120072,422.27803246449776,0.0,105.7238998413086
366,4.0,5.3061437761752295,1.3061437761752295,71.69426317987732,67.95947396364241,421.9137648638173,0.0,105.6722412109375
367,4.0,5.302374248741644,1.3023742487416436,71.71002890540365,67.95947798098047,421.5556597576267,0.0,105.62039184570312
368,4.0,5.298669916459493,1.2986699164594926,71.7248049559807,67.9594786938257,421.20374819082235,0.0,105.56835174560547
369,4.0,5.295029189670831,1.2950291896708306,71.73862062006405,67.95948497208747,420.85787914589946,0.0,105.5161361694336
370,4.0,5.2914434020606445,1.2914434020606445,71.75146635686083,67.95948267063498,420.5172293229317,0.0,105.46356201171875
371,4.0,5.287931336298334,1.2879313362983336,71.763365369415,67.95948396408711,420.1835830755122,0.0,105.41104125976562
372,4.0,5.284480158961433,1.2844801589614327,71.77432845598572,67.95948529662513,419.85572122850664,0.0,105.35833740234375
373,4.0,5.281085396054999,1.2810853960549986,71.78438821233968,67.95948989205678,419.5332187523954,0.0,105.30541229248047
374,4.0,5.277739831740073,1.2777398317400728,71.79354705685468,67.95948887097467,419.2153901424774,0.0,105.25212860107422
375,4.0,5.274453497523292,1.2744534975232922,71.80180705664209,67.95949009753335,418.9031883918833,0.0,105.19869232177734
376,4.0,5.271227290252102,1.271227290252102,71.80917487655924,67.95948933478175,418.5966987011202,0.0,105.14513397216797
377,4.0,5.2680593129994815,1.2680593129994815,71.81567448462842,67.95948479164458,418.29574086212125,0.0,105.0914535522461
378,4.0,5.264957019828894,1.264957019828894,71.8213276155517,67.95948251351298,418.00102301091545,0.0,105.03783416748047
379,4.0,5.261901000132672,1.2619010001326716,71.8261417517379,67.95948599874994,417.7107011397743,0.0,104.98390197753906
380,4.0,5.258911363328564,1.258911363328564,71.83013310640115,67.95948483468105,417.4266856433841,0.0,104.93008422851562
381,4.0,5.255989065127345,1.2559890651273449,71.8333131907744,67.95948371387567,417.1490673142683,0.0,104.87641906738281
382,4.0,5.253119124808131,1.2531191248081308,71.83569193423493,67.95947906615729,416.8764229839429,0.0,104.82262420654297
383,4.0,5.250301191721349,1.2503011917213493,71.83727798057033,67.9594828493257,416.6087193406987,0.0,104.76870727539062
384,4.0,5.247543239349102,1.2475432393491017,71.83808646664522,67.95948075604554,416.3467138653352,0.0,104.71485137939453
385,4.0,5.244844255490271,1.2448442554902712,71.8381352388503,67.95948349388591,416.0903103987463,0.0,104.66106414794922
386,4.0,5.242183770334079,1.242183770334079,71.83742594726337,67.95948324969969,415.837564308908,0.0,104.60694122314453
387,4.0,5.239587544129915,1.2395875441299147,71.83597121247355,67.95948391505928,415.5909228195124,0.0,104.55301666259766
388,4.0,5.237049779962121,1.2370497799621214,71.83380229184094,67.95948169738665,415.3498352235721,0.0,104.49922180175781
389,4.0,5.2345474318676715,1.2345474318676715,71.83091439808663,67.9594866577694,415.11211215459934,0.0,104.4450912475586
390,4.0,5.232115256042862,1.2321152560428619,71.82732811913634,67.9594807382581,414.8810554512424,0.0,104.39134979248047
391,4.0,5.2297396769749875,1.2297396769749875,71.82305050236447,67.95948748562026,414.65537543979434,0.0,104.33773803710938
392,4.0,5.227399750846435,1.227399750846435,71.81809526806468,67.95948190349887,414.4330824575818,0.0,104.28385925292969
393,4.0,5.225114096871824,1.225114096871824,71.81246853527021,67.95948399562278,425.8545292502761,0.0,104.23009490966797
394,4.0,5.222543811038107,1.2225438110381068,71.8109817944464,67.95948726544269,425.610352096073,0.0,104.17666625976562
395,4.0,5.219391207026443,1.219391207026443,71.81778414681023,67.95948640700108,425.3108547149649,0.0,104.12364196777344
396,4.0,5.21582349960049,1.2158234996004902,71.82991070521568,67.95948330883483,424.9719225094994,0.0,104.07003784179688
397,4.0,5.212012531854079,1.2120125318540786,71.84535952206612,67.95948052085096,424.6098805735903,0.0,104.01636505126953
398,4.0,5.2080487621948155,1.2080487621948155,71.86278110159955,67.95948129232713,424.2333224559603,0.0,103.96246337890625
399,4.0,5.203987500956463,1.2039875009564627,71.88123804338558,67.9594819000137,423.84750263831677,0.0,103.90807342529297
400,4.0,5.199897584990453,1.1998975849904534,71.90009361879224,67.95947563587978,423.4589606215459,0.0,103.85364532470703
401,4.0,5.195818371943603,1.195818371943603,71.91888359354974,67.95948501410719,423.07143538209516,0.0,103.7992935180664
402,4.0,5.1917202179056945,1.1917202179056945,71.93729367654788,67.95948035280989,422.6821107484938,0.0,103.74397277832031
403,4.0,5.187653101199151,1.1876531011991514,71.95512762418747,67.95948437273037,422.2957346613722,0.0,103.68840026855469
404,4.0,5.1836389377500165,1.1836389377500165,71.97223842448332,67.95947773580359,421.9143891337044,0.0,103.63280487060547
405,4.0,5.17967639517549,1.1796763951754903,71.98852573171638,67.959488787531,421.5379475891244,0.0,103.57701873779297
406,4.0,5.175742497878795,1.1757424978787947,72.00394594773132,67.95949125382536,421.16422734593834,0.0,103.52052307128906
407,4.0,5.171884847075057,1.1718848470750567,72.01843408874092,67.95948746886181,420.79775051958325,0.0,103.46417999267578
408,4.0,5.168091260158788,1.1680912601587883,72.03197653241573,67.95947889506795,420.4373597625377,0.0,103.40773010253906
409,4.0,5.164347868065791,1.164347868065791,72.04456739029894,67.95948404271557,420.081737513703,0.0,103.35089111328125
410,4.0,5.160668460218451,1.1606684602184512,72.05620328561834,67.95948497215028,419.73219376820566,0.0,103.29393768310547
411,4.0,5.157053411893839,1.1570534118938394,72.06688182284687,67.95948514487431,419.38876417736753,0.0,103.23687744140625
412,4.0,5.1534879936093505,1.1534879936093505,72.07660407027345,67.95948597937243,419.0500494403411,0.0,103.1794204711914
413,4.0,5.149995657283708,1.149995657283708,72.08537549007255,67.95948841617017,418.71827748940507,0.0,103.1220474243164
414,4.0,5.146574560177818,1.1465745601778181,72.09321958603725,67.95948594061626,418.39327326434557,0.0,103.06475830078125
415,4.0,5.143199793248426,1.1431997932484261,72.10014159597665,67.9594801549835,418.0726704060533,0.0,103.00706481933594
416,4.0,5.139880922152885,1.1398809221528854,72.10616028853106,67.95948895037321,417.7573776519769,0.0,102.94918823242188
417,4.0,5.136643322081511,1.136643322081511,72.11128642968376,67.95948957232467,417.4498056451964,0.0,102.89165496826172
418,4.0,5.133446116301164,1.1334461163011644,72.11553054194525,67.95948699481802,417.14607109606345,0.0,102.83366394042969
419,4.0,5.13030780540511,1.1303078054051099,72.11890384104403,67.95948511293375,416.84793156093826,0.0,102.77560424804688
420,4.0,5.127241220694685,1.1272412206946854,72.12142232568057,67.9594846654782,416.55660601344795,0.0,102.71775817871094
421,4.0,5.124267756396334,1.1242677563963337,72.12309947285517,67.9594833788671,416.27412690510454,0.0,102.66057586669922
422,4.0,5.121327050672901,1.1213270506729014,72.12393644633583,67.95948455016797,415.9947598613785,0.0,102.60285186767578
423,4.0,5.118456141372633,1.1184561413726328,72.12394648690646,67.95948898781,415.722023477853,0.0,102.54534912109375
424,4.0,5.115636211189325,1.115636211189325,72.12317337018392,67.95948900445828,415.4541301104387,0.0,102.48775482177734
425,4.0,5.112860213523041,1.1128602135230414,72.12161315600339,67.9594915670534,415.19041033214177,0.0,102.42992401123047
426,4.0,5.110161215343528,1.1101612153435276,72.1192655335089,67.95949199017184,414.93400550508795,0.0,102.37252044677734
427,4.0,5.107523727213064,1.1075237272130636,72.11615447428505,67.95948774634357,414.68344413269386,0.0,102.31526947021484
428,4.0,5.104905639963674,1.1049056399636736,72.11229805481787,67.95947859975834,414.43472584400183,0.0,102.25735473632812
429,4.0,5.102348548089867,1.102348548089867,72.10769947505675,67.95947414697541,414.1918021159902,0.0,102.19961547851562
430,4.0,5.099859073357323,1.0998590733573232,72.10237726207481,67.9594750485809,413.95530201639855,0.0,102.1422119140625
431,4.0,5.097409092372139,1.0974090923721391,72.09634577522651,67.95947444141039,413.72255382280605,0.0,102.08460235595703
432,4.0,5.095000692643924,1.0950006926439242,72.08961233040773,67.9594760562157,413.4937558486256,0.0,102.02684020996094
433,4.0,5.092665231116924,1.092665231116924,72.08216911693647,67.95947760166375,413.2718870035606,0.0,101.96954345703125
434,4.0,5.090385801706703,1.0903858017067032,72.07405521040155,67.95948324507192,423.41400632580337,0.0,101.91242980957031
435,4.0,5.087833617870901,1.087833617870901,72.06955450228007,67.9594828607744,423.17154886140213,0.0,101.85497283935547
436,4.0,5.084777883444824,1.0847778834448238,72.07237500497084,67.95948028860109,422.8812540909248,0.0,101.79778289794922
437,4.0,5.081394118478668,1.0813941184786682,72.07986794590006,67.9594856005433,422.55979641914,0.0,101.74061584472656
438,4.0,5.077786631341453,1.0777866313414526,72.09026570107223,67.95948173161204,422.2170851411045,0.0,101.68305206298828
439,4.0,5.074044638445654,1.0740446384456543,72.10235676883964,67.95948334434918,421.8615958160037,0.0,101.62516021728516
440,4.0,5.070248613694353,1.0702486136943534,72.11530460375984,67.95948246943703,421.5009734646301,0.0,101.56736755371094
441,4.0,5.0664358449892,1.0664358449891997,72.12853190062499,67.959487675808,421.1387604376405,0.0,101.50960540771484
442,4.0,5.062600759048022,1.0626007590480224,72.14161971932332,67.95948529395494,420.77442727322864,0.0,101.451171875
443,4.0,5.05879192144411,1.0587919214441097,72.15432041986537,67.9594884038315,420.412587700857,0.0,101.39269256591797
444,4.0,5.055048140603605,1.0550481406036054,72.16647009521654,67.95948736831869,420.056928521009,0.0,101.334716796875
445,4.0,5.051336200856514,1.0513362008565137,72.17790006052611,67.95948168418936,419.7042942450353,0.0,101.2763442993164
446,4.0,5.048902543381905,1.0489025433819048,72.18855168522764,67.95948485840746,419.47309678494753,0.0,101.24248950183384
447,4.0,5.045297214362605,1.0452972143626047,72.1983913081301,67.9594836886554,419.130590528114,0.0,101.18398404121392
448,4.0,5.0417369327662325,1.0417369327662325,72.20745422149355,67.95948548534774,418.7923637764586,0.0,101.12527465820305
449,4.0,5.03821652194699,1.0382165219469899,72.2156993295153,67.95948756171326,418.4579247486306,0.0,101.06620264053338
450,4.0,5.034769512716937,1.0347695127169372,72.22307554107897,67.95948111323598,418.13045887177555,0.0,101.00737190246575
451,4.0,5.031354005846694,1.0313540058466941,72.22958722476739,67.9594828880304,417.80598571910247,0.0,100.94795083999627
452,4.0,5.027993881926163,1.0279938819261627,72.23521511956356,67.95948070616912,417.48677394665197,0.0,100.88839435577385
453,4.0,5.024683150070701,1.0246831500707012,72.23995559688743,67.95948524314561,417.1722544203832,0.0,100.82857990264885
454,4.0,5.021444534271304,1.0214445342713043,72.24381040552416,67.95948376952812,416.8645859194404,0.0,100.76896858215325
455,4.0,5.018257737967939,1.0182577379679394,72.24678458033114,67.95948866987175,416.5618402706208,0.0,100.7091627120971
456,4.0,5.015127783827009,1.0151277838270092,72.24889435667926,67.95948255738148,416.2644946272324,0.0,100.64928817749016
457,4.0,5.012067359727579,1.0120673597275793,72.25014899741348,67.95948094555872,415.97375433778654,0.0,100.58961486816399
458,4.0,5.009062381657622,1.009062381657622,72.25056017350586,67.95948481900405,415.68828142114063,0.0,100.52987861633294
459,4.0,5.00610783512202,1.0061078351220196,72.25014385895068,67.95948420495908,415.40759950025836,0.0,100.47000312805169
460,4.0,5.003220928395021,1.003220928395021,72.2488971379133,67.95948114460221,415.1333433611935,0.0,100.41033172607415
461,4.0,5.0003869520937965,1.0003869520937965,72.24683615525991,67.95948914202506,414.86411561257717,0.0,100.35059356689446
462,4.0,4.99759694061709,0.9975969406170897,72.24399027115196,67.95948555338973,414.59906452229006,0.0,100.29065132141106
463,4.0,4.994871165225524,0.9948711652255238,72.240357875434,67.95948884195344,414.34011586009126,0.0,100.23091125488274
464,4.0,4.992195523531807,0.992195523531807,72.23594381528942,67.95948565594522,414.08592989918816,0.0,100.17109870910637
465,4.0,4.989579250254468,0.9895792502544678,72.23079355838068,67.95948729777263,413.83738393784097,0.0,100.11146354675286
466,4.0,4.987010635251116,0.9870106352511163,72.22489810738452,67.95948352543697,413.5933655125226,0.0,100.05175971984856
467,4.0,4.984515798809614,0.984515798809614,72.21826375103596,67.95948021527435,413.35635605057985,0.0,99.99252128601067
468,4.0,4.9820865448427165,0.9820865448427165,72.21090096714138,67.95948509917176,413.12557692372457,0.0,99.93359947204583
469,4.0,4.979706387032933,0.979706387032933,72.2028232637803,67.95948878151681,412.89946193179514,0.0,99.87468338012688
470,4.0,4.9773920127026505,0.9773920127026505,72.19405268446468,67.95949279420627,412.6795963704183,0.0,99.81613922119134
471,4.0,4.9751258731991514,0.9751258731991514,72.18458651605675,67.95948557812467,421.7280089129779,0.0,99.75761222839348
472,4.0,4.972643098000145,0.9726430980001446,72.17831267986006,67.95949037679416,421.49214526907224,0.0,99.69916343688958
473,4.0,4.9696990741897755,0.9696990741897755,72.17850857148763,67.95948829577681,421.2124630070872,0.0,99.64040756225579
474,4.0,4.966476035124805,0.9664760351248054,72.18283156823779,67.95948514851827,420.906274295915,0.0,99.5817508697509
475,4.0,4.963074548171169,0.9630745481711687,72.18968235083015,67.95948651069612,420.5831330353195,0.0,99.52299308776848
476,4.0,4.959561871100066,0.9595618711000657,72.19798114591262,67.95948737792895,420.2494287135647,0.0,99.4639873504638
477,4.0,4.956013706138159,0.9560137061381591,72.20698192804423,67.95948364654049,419.9123530421836,0.0,99.40522003173821
478,4.0,4.95243785575452,0.9524378557545203,72.21616638496995,67.9594878580005,419.57264725573793,0.0,99.3461322784423
479,4.0,4.948851183213013,0.9488511832130131,72.2252015481588,67.95948902540076,419.23191336429477,0.0,99.28660392761222
480,4.0,4.945286554847394,0.9452865548473941,72.23384035038373,67.95948822842082,418.8932736695609,0.0,99.22695541381827
481,4.0,4.941751639574058,0.9417516395740577,72.24191412945743,67.95948700928702,418.557456718594,0.0,99.16711044311515
482,4.0,4.938279242403221,0.9382792424032207,72.24931004362867,67.9594864034697,418.2275789873645,0.0,99.10757446289054
483,4.0,4.9348557847790735,0.9348557847790735,72.25594413097069,67.95948183855116,417.9023505130705,0.0,99.04796218872062
484,4.0,4.931492509481079,0.9314925094810791,72.26175847019051,67.95948345333764,417.582839359761,0.0,98.98842239379874
485,4.0,4.928189133990361,0.9281891339903607,72.26674416637876,67.95947796700192,417.26901868814275,0.0,98.92893981933585
486,4.0,4.924942825622891,0.9249428256228907,72.27088516950957,67.95947448981941,416.9606193932331,0.0,98.86943817138663
487,4.0,4.921747257994903,0.9217472579949026,72.27417490610544,67.95946995775105,416.6570404685742,0.0,98.80978393554679
488,4.0,4.918604861779142,0.9186048617791416,72.27660940197386,67.95947005596443,416.358512828077,0.0,98.75002288818351
489,4.0,4.915504586610387,0.9155045866103872,72.27820135271713,67.95946927185759,416.06398668704526,0.0,98.68995285034171
490,4.0,4.912456437076278,0.912456437076278,72.27895287917282,67.95947156508757,415.7744124813049,0.0,98.62977981567374
491,4.0,4.909469291400276,0.909469291400276,72.27886315357999,67.95947894966946,415.49063364208473,0.0,98.56968307495109
492,4.0,4.906542761731721,0.9065427617317212,72.27795035068867,67.95947673311329,415.212613323572,0.0,98.50968170166007
493,4.0,4.90366598760599,0.90366598760599,72.2762274774315,67.95947881930712,414.93931978162755,0.0,98.44957733154288
494,4.0,4.900855035650993,0.9008550356509932,72.2736916028698,67.95947648880983,414.6722793459029,0.0,98.38969039916984
495,4.0,4.898096504824102,0.8980965048241023,72.27038215044128,67.95948279414448,414.4102189173482,0.0,98.32980728149406
496,4.0,4.895388783987306,0.8953887839873058,72.2662796234247,67.95948858329857,414.1529854378525,0.0,98.26987075805656
497,4.0,4.892736996949505,0.8927369969495054,72.2614250442127,67.95949028883368,413.90106566926147,0.0,98.21004104614249
498,4.0,4.89013800170634,0.8901380017063403,72.25582727390959,67.95948883117028,413.6541611211608,0.0,98.15026855468741
499,4.0,4.887594461409838,0.8875944614098383,72.24947403850896,67.9594843182162,413.41252479299317,0.0,98.09059143066398
500,4.0,4.885103601900672,0.8851036019006724,72.24239696587402,67.95948580583921,413.17589313962236,0.0,98.03099822998038
501,4.0,4.88267094044615,0.8826709404461504,72.2345923067158,67.95948200936846,412.94479030144277,0.0,97.97159576416007
502,4.0,4.880314077675254,0.880314077675254,72.22608298016837,67.95948150435851,412.7208883382076,0.0,97.91276931762687
503,4.0,4.8780056123066196,0.8780056123066196,72.21687707293594,67.95948444105994,420.8426374451002,0.0,97.85398101806632
504,4.0,4.8755123761932415,0.8755123761932415,72.21044683738064,67.95948844848009,420.6057800143293,0.0,97.79525756835929
505,4.0,4.872632100869765,0.8726321008697653,72.20976782294395,67.9594810300771,420.33215385859904,0.0,97.73656463623038
506,4.0,4.869504754945241,0.8695047549452406,72.21272921324798,67.95947778463042,420.0350559957692,0.0,97.67784118652335
507,4.0,4.8662295596905105,0.8662295596905105,72.21791391836453,67.95947212235801,419.72391244656984,0.0,97.61915206909171
508,4.0,4.86284150229385,0.8628415022938496,72.22434128817896,67.95947212182689,419.4020469938871,0.0,97.55986785888663
509,4.0,4.859414509196482,0.8594145091964824,72.23133375588729,67.95947741254234,419.07648264963717,0.0,97.50055313110343
510,4.0,4.855977286016587,0.8559772860165866,72.23844585691134,67.95947712292559,418.7499464475471,0.0,97.44118118286124
511,4.0,4.852545429709858,0.852545429709858,72.24534945837537,67.95947575585777,418.42392009840785,0.0,97.38162231445304
512,4.0,4.84914082720571,0.8491408272057104,72.25181426912725,67.95947687417309,418.1004828605138,0.0,97.32200622558585
513,4.0,4.845769644287344,0.8457696442873441,72.25771897395427,67.95947638118933,417.78022048326903,0.0,97.26229476928702
514,4.0,4.842443592789878,0.8424435927898779,72.26294138982253,67.95947717131912,417.4642455910098,0.0,97.2025604248046
515,4.0,4.839157504038418,0.8391575040384183,72.26740674499943,67.9594818709645,417.1520671596211,0.0,97.14260101318351
516,4.0,4.835927334913623,0.8359273349136229,72.27109925754714,67.95948505795255,416.84520109276554,0.0,97.08271789550773
517,4.0,4.8327535217922435,0.8327535217922435,72.27397094071608,67.95948454359063,416.5436888462345,0.0,97.02285766601554
518,4.0,4.829628199883203,0.8296281998832029,72.27602972145986,67.95948680148918,416.2467832648756,0.0,96.96287536621085
519,4.0,4.826553586105601,0.826553586105601,72.27726352266504,67.95948605450141,415.95469495600344,0.0,96.90280151367179
520,4.0,4.823530006058116,0.8235300060581157,72.27766584894623,67.95948878990875,415.6674548514923,0.0,96.84263610839835
521,4.0,4.820564810753325,0.820564810753325,72.27724455574413,67.95948808675901,415.3857612975372,0.0,96.7825393676757
522,4.0,4.817654806165548,0.8176548061655478,72.27601755001022,67.95948989953455,415.1093108616984,0.0,96.72247314453116
523,4.0,4.814794568026349,0.8147945680263486,72.27397356431591,67.95948773947323,414.8375882384745,0.0,96.66231536865226
524,4.0,4.812012719714903,0.812012719714903,72.27113793464154,67.95947480052035,414.57331264888717,0.0,96.60267639160148
525,4.0,4.80929398513342,0.8092939851334204,72.2675105347525,67.95947428100695,414.31503286364625,0.0,96.54325103759757
526,4.0,4.806621957771474,0.8066219577714744,72.2631196824504,67.95947355422739,414.0611902642614,0.0,96.48374938964835
527,4.0,4.8040091190586445,0.8040091190586445,72.25796516639514,67.95947279890939,413.8129705865426,0.0,96.42442321777335
528,4.0,4.801445751557091,0.8014457515570914,72.25208347215258,67.95947158079072,413.56945067389506,0.0,96.36512756347648
529,4.0,4.79893177086701,0.7989317708670098,72.24545771698466,67.95947373346591,413.3306225083373,0.0,96.30583953857413
530,4.0,4.796473996144786,0.796473996144786,72.23811593837459,67.9594753135928,413.09713390972604,0.0,96.24673461914054
531,4.0,4.794066196728857,0.7940661967288571,72.23005377271637,67.95947502096598,412.86839296521276,0.0,96.18768310546866
532,4.0,4.791691177101326,0.7916911771013257,72.22129454968837,67.95948039075432,412.6427661005973,0.0,96.12837219238273
533,4.0,4.789368941632782,0.789368941632782,72.21184547206099,67.95947923847045,419.9211586765971,0.0,96.06921386718741
534,4.0,4.786888552365563,0.7868885523655633,72.20481862000506,67.9594785234393,419.68552169621125,0.0,96.01011657714835
535,4.0,4.784064575391733,0.7840645753917332,72.20292374058238,67.95948117645133,419.41724388369744,0.0,95.95095825195304
536,4.0,4.781032064011308,0.781032064011308,72.20423326441728,67.959473216532,419.129155302557,0.0,95.89187622070304
537,4.0,4.777871807103111,0.7778718071031108,72.20744051236612,67.95947726456363,418.8289308962783,0.0,95.83274841308585
538,4.0,4.774637160618212,0.7746371606182123,72.21171378204194,67.9594756010859,418.5216394802129,0.0,95.77353668212882
539,4.0,4.771372749600619,0.7713727496006193,72.2164318269663,67.95947920152648,418.21152043354164,0.0,95.71430969238273
540,4.0,4.7681000905598845,0.7681000905598845,72.22119485787718,67.95947755254261,417.9006178246718,0.0,95.65496826171866
541,4.0,4.764843148241906,0.7648431482419058,72.22570313893647,67.95946093048117,417.59120830446386,0.0,95.59559631347648
542,4.0,4.7616102205989375,0.7616102205989375,72.22978408378385,67.95946454076403,417.2840801783818,0.0,95.53613281249991
543,4.0,4.758410764187847,0.7584107641878468,72.23327589139814,67.95946102401791,416.9801318193282,0.0,95.47655487060538
544,4.0,4.755256541856781,0.7552565418567809,72.23612568123919,67.95946668615949,416.680480697877,0.0,95.41703033447257
545,4.0,4.752150906461216,0.7521509064612157,72.23825222783158,67.95947530836332,416.3854453352983,0.0,95.35752105712882
546,4.0,4.749100175667357,0.7491001756673574,72.23961578129068,67.95948795093028,416.09562590988173,0.0,95.29810333251945
547,4.0,4.744863069317486,0.7448630693174856,72.24021292801554,67.95943177397375,415.6931008066439,0.0,95.21386623382568
548,4.0,4.741918832516798,0.7419188325167978,72.23997508542055,67.95941969160931,415.4133983105786,0.0,95.15447175502777
549,4.0,4.739027050090293,0.7390270500902929,72.23885549106392,67.95942640833925,415.1386789800606,0.0,95.0949695110321
550,4.0,4.736203151308861,0.7362031513088612,72.23687828997342,67.95943599278758,414.8704085958246,0.0,95.03570294380188
551,4.0,4.733431248727305,0.7334312487273049,72.2340818462298,67.95944444779745,414.60707785057673,0.0,94.97640562057495
552,4.0,4.730701908425972,0.7307019084259716,72.23049309880638,67.95929015088721,414.34779052195006,0.0,94.91692543029785
553,4.0,4.7270534655481,0.7270534655481002,72.22611209060106,67.95925725068959,414.0011884485523,0.0,94.83797040581703
554,4.0,4.724436224984329,0.7244362249843288,72.22092355795573,67.95927991742523,413.752550594994,0.0,94.77865207195282
555,4.0,4.721886233209811,0.721886233209811,72.21490775202338,67.95931797280993,413.5103013764148,0.0,94.71960520744324
556,4.0,4.719369026026727,0.7193690260267269,72.20811020128163,67.95937161084576,413.2711666940219,0.0,94.6601996421814
557,4.0,4.716922301625201,0.7169223016252007,72.20054950964328,67.95914539964784,413.0387278758768,0.0,94.60121726989746
558,4.0,4.7145248689417025,0.7145248689417025,72.1922727781415,67.95910112366869,412.81097177094455,0.0,94.54229593276978
559,4.0,4.712175287454983,0.7121752874549827,72.18327974687234,67.95911934595686,412.58776152970614,0.0,94.483407497406
560,4.0,4.709879630093673,0.7098796300936732,72.17358844972618,67.959190889813,412.36967408038174,0.0,94.42469835281372
561,4.0,4.707630900424114,0.7076309004241139,72.16321866093877,67.95928705155826,418.8785383158027,0.0,94.36605501174927
562,4.0,4.705263298865784,0.7052632988657841,72.15495913619262,67.95939136333965,418.65361616776136,0.0,94.30780029296875
563,4.0,4.702582791125491,0.7025827911254909,72.15121992751004,67.95898862791653,418.3989679324335,0.0,94.24919033050537
564,4.0,4.699736425682524,0.6997364256825236,72.15030019522248,67.95892592402512,418.1285632153516,0.0,94.19094276428223
565,4.0,4.696768106252564,0.6967681062525637,72.15106707569586,67.95896259878087,417.8465728695054,0.0,94.13245296478271
566,4.0,4.693745645456035,0.6937456454560351,72.15271545783409,67.95906756051257,417.5594390938352,0.0,94.07402610778809
567,4.0,4.690700796950569,0.6907007969505692,72.15473376305916,67.95919803667871,417.27017848581596,0.0,94.01562976837158
568,4.0,4.687654639876501,0.6876546398765013,72.15672942429951,67.95865810097958,416.9807935637795,0.0,93.95717430114746
569,4.0,4.68462693745281,0.6846269374528102,72.15847126742004,67.9585934239246,416.69316183352885,0.0,93.89875507354736
570,4.0,4.68162155721936,0.6816215572193602,72.15977596584727,67.95869019703434,416.4076507113511,0.0,93.84021186828613
571,4.0,4.678649931021239,0.6786499310212388,72.16051990861962,67.95888011295439,416.1253462225296,0.0,93.78161430358887
572,4.0,4.675714107911934,0.6757141079119338,72.16064028225779,67.95910103011504,415.8464430271456,0.0,93.7229232788086
573,4.0,4.672822426932102,0.6728224269321021,72.16008501348125,67.95838888142423,415.5717333340616,0.0,93.66423988342285
574,4.0,4.669980081186557,0.6699800811865568,72.15881232012032,67.95828654428006,415.3017104882348,0.0,93.60561561584473
575,4.0,4.66717441101022,0.6671744110102198,72.1568092139944,67.95839963533255,415.0351718214828,0.0,93.54678153991699
576,4.0,4.6644579460635835,0.6644579460635835,72.15406560344356,67.95864424323152,414.77710765155234,0.0,93.48877906799316
577,4.0,4.6568788310080755,0.6568788310080755,72.15057085599969,67.95892678484557,414.05709172127905,0.0,93.33235168457031
578,4.0,4.6497909737677015,0.6497909737677015,72.14614700186208,67.95921068227638,413.38374528344355,0.0,93.18458420038223
579,4.0,4.647254893419594,0.6472548934195936,72.14045591311682,67.95824842767954,413.1428176503733,0.0,93.12641298770905
580,4.0,4.644798576348732,0.644798576348732,72.13348997845439,67.95807554339291,412.90946752864147,0.0,93.06820321083069
581,4.0,4.642413997231901,0.642413997231901,72.12542865175676,67.95816417441596,412.6829325125425,0.0,93.01002764701843
582,4.0,4.640095838542537,0.6400958385425373,72.11640533379052,67.95842487752132,412.4627074370529,0.0,92.9519534111023
583,4.0,4.637846039809324,0.6378460398093244,72.1065142897484,67.95876202236647,412.24897655739767,0.0,92.8941421508789
584,4.0,4.63565444557014,0.6356544455701396,72.09584357387989,67.95755327610439,412.04077510467516,0.0,92.83650493621826
585,4.0,4.633510763676485,0.633510763676485,72.08442070869694,67.9574518776173,411.83712532477796,0.0,92.77887201309204
586,4.0,4.631434087790578,0.631434087790578,72.07232482257837,67.95766827804356,417.6384649496273,0.0,92.72172832489014
587,4.0,4.629228098703972,0.6292280987039716,72.06203708053846,67.95808940753783,417.42889598639965,0.0,92.66433525085449
588,4.0,4.6267789280763365,0.6267789280763365,72.05573356530398,67.95859368578948,417.19622477677433,0.0,92.60720825195312
589,4.0,4.62416673331647,0.6241667333164704,72.05189441382171,67.95716828114446,422.87765024109353,0.0,92.54999256134033
590,4.0,4.612503952560247,0.6125039525602469,72.0519550880029,67.95703568857567,421.7696860692523,0.0,92.31664656475186
591,4.0,4.609323235507022,0.6093232355070217,72.05696532279948,67.95730796662205,421.4675179491959,0.0,92.25940126180649
592,4.0,4.605967655714866,0.6059676557148661,72.0646861125673,67.95782236919932,421.1487378689411,0.0,92.20211482048035
593,4.0,4.60251112365361,0.6025111236536098,72.07396222447193,67.95843212563356,420.8203673231218,0.0,92.14478135108948
594,4.0,4.598998748335479,0.5989987483354788,72.0840265829765,67.95899741439298,420.4866916678993,0.0,92.08731889724731
595,4.0,4.595466829727286,0.595466829727286,72.09433354467139,67.95718383026362,420.15115940012106,0.0,92.02975511550903
596,4.0,4.591930752103052,0.5919307521030523,72.10452503254592,67.95684914374543,419.81523202581883,0.0,91.97194051742554
597,4.0,4.5884154196495475,0.5884154196495475,72.11435305823917,67.95699456147226,419.48127544273586,0.0,91.91405820846558
598,4.0,4.58493059675755,0.58493059675755,72.12363047927579,67.95746213983726,419.15021726799614,0.0,91.85606670379639
599,4.0,4.581479341568067,0.581479341568067,72.13226349259749,67.95807639016665,418.8223480249952,0.0,91.7979097366333
600,4.0,4.578063705199444,0.578063705199444,72.14015551062047,67.95609634929639,418.49786256997606,0.0,91.7395076751709
601,4.0,4.565297994354633,0.5652979943546326,72.14725345767357,67.95593693056779,417.28512003971895,0.0,91.49269764125347
602,4.0,4.562004469887763,0.5620044698877633,72.15316220719997,67.95635711974634,416.97223521536637,0.0,91.4341801404953
603,4.0,4.5588059338886,0.5588059338885998,72.15754540981867,67.95713192068413,416.6683742954458,0.0,91.37562394142151
604,4.0,4.555684180647154,0.5556841806471544,72.16062969800873,67.95801444352337,416.37180773750856,0.0,91.31695532798767
605,4.0,4.552655179601097,0.5526551796010972,72.16255832806384,67.95884274114277,416.08405263813313,0.0,91.25867915153503
606,4.0,4.549680752288951,0.5496807522889506,72.16342148442631,67.9567238530873,415.80148204347915,0.0,91.20014715194702
607,4.0,4.546761218313056,0.5467612183130557,72.16334411371616,67.95635884710873,415.52412631576914,0.0,91.141526222229
608,4.0,4.543898981444757,0.543898981444757,72.16235517681501,67.95651008620779,415.2522138132808,0.0,91.08290338516235
609,4.0,4.541088003805706,0.5410880038057062,72.16049412014725,67.95701742132403,414.98517093757096,0.0,91.02420949935913
610,4.0,4.5383295298468305,0.5383295298468305,72.15780768455579,67.95770643333569,414.72311591147775,0.0,90.96553039550781
611,4.0,4.525757127003595,0.5257571270035948,72.15430936881526,67.95562077042786,413.52873764137036,0.0,90.70913329720497
612,4.0,4.523129815490707,0.5231298154907069,72.14964604522069,67.955510181723,413.279143047646,0.0,90.6506153345108
613,4.0,4.520596571363023,0.520596571363023,72.1434873841783,67.95602714753483,413.038484855516,0.0,90.59211158752441
614,4.0,4.518152427294329,0.5181524272943294,72.13610677614633,67.956907012536,412.80629116899013,0.0,90.5338683128357
615,4.0,4.515794010131408,0.5157940101314082,72.12768342105315,67.95789011676452,412.5822415385127,0.0,90.47604465484619
616,4.0,4.513482667168814,0.5134826671688142,72.11828990035562,67.95593598299045,412.3626639570662,0.0,90.41795873641968
617,4.0,4.5112347848788765,0.5112347848788765,72.10808471011396,67.95585230256745,412.1491151395221,0.0,90.36013889312744
618,4.0,4.509034725017337,0.5090347250173366,72.09709897032347,67.95632607393388,411.94010945267587,0.0,90.30231189727783
619,4.0,4.50688607678557,0.5068860767855696,72.08538265204143,67.957097427727,411.73598787065794,0.0,90.24461317062378
620,4.0,4.495838922897447,0.49583892289744735,72.07300235988704,67.95797880095964,410.68650825128634,0.0,90.00794702768326
621,4.0,4.49381238784088,0.49381238784088044,72.05959332318484,67.95876447748283,410.4939874209125,0.0,89.95063698291779
622,4.0,4.491882589243799,0.491882589243799,72.04489180200832,67.95664436037693,410.3106565541898,0.0,89.8936653137207
623,4.0,4.490035847294007,0.4900358472940072,72.02912900389555,67.95627765791248,410.13521606895955,0.0,89.8370475769043
624,4.0,4.488243304001187,0.48824330400118665,72.0124970091668,67.95645959297299,409.9649244561416,0.0,89.78044652938843
625,4.0,4.486506822823849,0.4865068228238494,71.99508982634177,67.95700556202137,409.79995874429454,0.0,89.72401714324951
626,4.0,4.484840145744572,0.4848401457445721,71.97697335022328,67.95774239826972,414.24760580633665,0.0,89.66811656951904
627,4.0,4.4830944651731235,0.4830944651731235,71.96014519725107,67.95572731267936,414.081766152049,0.0,89.6122579574585
628,4.0,4.472195563628056,0.47219556362805637,71.94627304604836,67.95563497334709,413.04637050526765,0.0,89.37716753780842
629,4.0,4.4701931006150435,0.4701931006150435,71.9338702049784,67.95616364048581,412.8561365190314,0.0,89.32174730300903
630,4.0,4.468180484931749,0.46818048493174924,71.92185792361104,67.95702041655733,412.66493802911845,0.0,89.26662278175354
631,4.0,4.46615549614193,0.46615549614192986,71.90994044425317,67.9579952894886,412.4725640940856,0.0,89.21138215065002
632,4.0,4.464162442962229,0.46416244296222864,71.89790829891673,67.958859041801,412.283224042014,0.0,89.15665054321289
633,4.0,4.462204490545994,0.4622044905459939,71.88561827372415,67.95677018946887,412.09721856247165,0.0,89.10231351852417
634,4.0,4.4602528647882,0.4602528647881998,71.8729622655979,67.95641160745774,416.28421633096923,0.0,89.04766273498535
635,4.0,4.45823181757746,0.45823181757745957,71.8616960031869,67.95656064945746,416.0922168459489,0.0,88.99336099624634
636,4.0,4.456042021399227,0.45604202139922734,71.85334773048105,67.95705637663823,415.8841862090168,0.0,88.93931579589844
637,4.0,4.444766941862075,0.444766941862075,71.84674756702127,67.95773849337624,414.8130536529874,0.0,88.706124573946
638,4.0,4.442441476098442,0.4424414760984421,71.840783751092,67.955653842335,414.5921344054422,0.0,88.65235483646393
639,4.0,4.44012194678235,0.44012194678234984,71.83463899316092,67.95553014648604,414.3717791204134,0.0,88.59848809242249
640,4.0,4.437829169047029,0.4378291690470286,71.82817463965993,67.95602900758384,414.15396523555796,0.0,88.5447690486908
641,4.0,4.435574710854017,0.43557471085401733,71.82128766057767,67.95688593726348,413.93979170722184,0.0,88.49130201339722
642,4.0,4.433350718639242,0.43335071863924224,71.81392204575513,67.95789803655583,413.72851244681823,0.0,88.43786191940308
643,4.0,4.431166971663554,0.4311669716635542,71.80602858228576,67.95602457432136,413.5210564841278,0.0,88.38458395004272
644,4.0,4.429016983489969,0.4290169834899693,71.79759441667225,67.95598599710043,413.3168076076373,0.0,88.33132362365723
645,4.0,4.4269016803386085,0.42690168033860854,71.78857291257437,67.95646497321184,417.1714197714748,0.0,88.27804279327393
646,4.0,4.415731897386031,0.41573189738603133,71.78063092440104,67.95722194435575,416.11029039097997,0.0,88.04556155204773
647,4.0,4.413427705404836,0.4134277054048363,71.77485823120627,67.95807739444099,415.89139215276646,0.0,87.99254107475281
648,4.0,4.412052328999167,0.41205232899916666,71.76990131704567,67.9588307877014,415.76073139422783,0.0,87.95904451608658
649,4.0,4.409681402523697,0.409681402523697,71.76529510120042,67.95669661619398,415.5354933790582,0.0,87.90613532066345
650,4.0,4.407314161893325,0.4073141618933249,71.76080098872136,67.95630013740514,415.3106055191729,0.0,87.85344290733337
651,4.0,4.404955850941388,0.40495585094138775,71.75624153705495,67.95645589676714,415.0865659787388,0.0,87.80085444450378
652,4.0,4.402610714949595,0.4026107149495948,71.75133595623285,67.95698236738085,414.8637780595185,0.0,87.74811124801636
653,4.0,4.400293848500854,0.40029384850085403,71.74595114517193,67.9577209562652,414.6436757468881,0.0,87.69535207748413
654,4.0,4.389023396303335,0.38902339630333493,71.74008682630634,67.95571546959697,413.5729827881238,0.0,87.4635887593031
655,4.0,4.386803696019471,0.38680369601947096,71.73330842181261,67.95563921012149,413.36211126115677,0.0,87.4110951423645
656,4.0,4.38466982683803,0.38466982683802975,71.72530822091792,67.95617689241392,413.15939368891986,0.0,87.3588318824768
657,4.0,4.3825881649439165,0.38258816494391645,71.71630489363719,67.95706509461183,412.96163580897905,0.0,87.30639696121216
658,4.0,4.380587723978711,0.380587723978711,71.70632458379373,67.95804853491386,412.7715939172846,0.0,87.2544014453888
659,4.0,4.378629955700044,0.37862995570004365,71.69563956202269,67.95891566813319,412.58560593081114,0.0,87.2024097442627
660,4.0,4.376726736034817,0.37672673603481677,71.68410233923251,67.95682462826143,412.4048000626146,0.0,87.15047979354858
661,4.0,4.374876085406557,0.3748760854065569,71.67195203814,67.95641403963414,415.7903110642922,0.0,87.09886360168457
662,4.0,4.372974714733969,0.37297471473396904,71.66063280710645,67.95655508612114,415.60968085039633,0.0,87.04725980758667
663,4.0,4.361951442230402,0.361951442230402,71.65137087743948,67.95703711961166,414.5624699625575,0.0,86.8166112601757
664,4.0,4.35988771989947,0.3598877198994703,71.6430531486212,67.9577011321563,414.36641634111896,0.0,86.76546323299408
665,4.0,4.357824654519953,0.3578246545199528,71.63468756835641,67.9556405631887,414.1704251300648,0.0,86.71427989006042
666,4.0,4.355783697027392,0.355783697027392,71.62610018184596,67.95553306237895,413.97653416827154,0.0,86.6632776260376
667,4.0,4.353758438428762,0.35375843842876176,71.61726641517032,67.95604789945004,413.78413460140166,0.0,86.61229944229126
668,4.0,4.351780570861471,0.35178057086147074,71.6079791122258,67.95690795273141,413.596237182509,0.0,86.56172561645508
669,4.0,4.349843607386373,0.3498436073863731,71.59820463613114,67.95791895581853,416.7357399225453,0.0,86.51138687133789
670,4.0,4.347844207319128,0.34784420731912835,71.58937091726575,67.95884432895167,416.54579691615703,0.0,86.46095323562622
671,4.0,4.355169448293558,0.3551694482935579,71.58246172175933,67.9567823600464,417.24169480872786,0.0,86.59826397895813
672,4.0,4.343958444643874,0.3439584446438744,71.57713180271043,67.95642921146967,416.1766494620079,0.0,86.36891281604767
673,4.0,4.34170362062615,0.34170362062615034,71.57268527336895,67.95658785965972,415.9624411803241,0.0,86.31871855258942
674,4.0,4.339450292898967,0.33945029289896667,71.56823327946864,67.95707113188124,415.7483750462417,0.0,86.26855301856995
675,4.0,4.337206791312483,0.3372067913124832,71.5635396257645,67.95774864818597,418.7387069129943,0.0,86.21829724311829
676,4.0,4.334914799796416,0.33491479979641614,71.55989995204817,67.95563053587132,418.520967718968,0.0,86.16835260391235
677,4.0,4.332503507792041,0.3325035077920413,71.55817074689276,67.95548589201994,418.29189497855236,0.0,86.11834049224854
678,4.0,4.330019672769011,0.33001967276901123,71.55758452073928,67.95600284234798,421.1911175426701,0.0,86.0682635307312
679,4.0,4.327419756938412,0.3274197569384123,71.55882467413913,67.9568714586987,420.9441255387632,0.0,86.018075466156
680,4.0,4.315644251207861,0.31564425120786144,71.56256455433476,67.95786526987928,419.8254524943609,0.0,85.78849175572395
681,4.0,4.312819997849631,0.31281999784963066,71.56745590166783,67.95599368573204,419.55714842532893,0.0,85.73820972442627
682,4.0,4.310001067104054,0.3100010671040536,71.57240887856324,67.95593467825188,419.28935000449917,0.0,85.68809962272644
683,4.0,4.316120002855319,0.31612000285531927,71.57713389384,67.95640760370023,422.87378892799495,0.0,85.81541648507118
684,4.0,4.313240654132969,0.31324065413296864,71.58307963475619,67.95718651538668,422.6002507993716,0.0,85.76529145240784
685,4.0,4.310199335550694,0.3101993355506938,71.5914356885171,67.95804985642673,422.3113255340555,0.0,85.71482181549072
686,4.0,4.307076937859446,0.30707693785944556,71.60119143722913,67.95879360173001,424.9319286630517,0.0,85.66440010070801
687,4.0,4.303830341258993,0.3038303412589931,71.61267209238754,67.95669839157135,424.6235019860087,0.0,85.61355304718018
688,4.0,4.300433820136769,0.3004338201367691,71.62661559669714,67.95630821760597,424.3008324793974,0.0,85.56264448165894
689,4.0,4.287928993111469,0.2879289931114686,71.6419353453913,67.95648490487729,423.11287391199386,0.0,85.33209213614464
690,4.0,4.284418509682342,0.28441850968234217,71.65746345917165,67.95700873078896,422.77937798622685,0.0,85.28071188926697
691,4.0,4.2809333940926315,0.2809333940926315,71.67244042181161,67.95772556557,422.44829200520434,0.0,85.2291510105133
692,4.0,4.277476050226707,0.2774760502267073,71.68677670158608,67.95573007333465,422.1198443379416,0.0,85.17735290527344
693,4.0,4.278630449944311,0.27863044994431085,71.70037101955035,67.95563594617742,422.22951231111387,0.0,85.21649742126465
694,4.0,4.2802021133609225,0.2802021133609225,71.71326441083356,67.95617787501297,422.378820335692,0.0,85.2631294131279
695,4.0,4.27682099807435,0.2768209980743501,71.72591753663315,67.95704319642212,422.0576143834676,0.0,85.21080839633942
696,4.0,4.273462677772302,0.2734626777723017,71.73826160090769,67.95801932077474,421.738573954773,0.0,85.15855097770691
697,4.0,4.270108802215843,0.27010880221584266,71.75021642933118,67.95889779538497,421.41995577690943,0.0,85.10589742660522
698,4.0,4.257800365274203,0.25780036527420336,71.76149081029752,67.95682757828969,420.2506542674537,0.0,84.87391716241837
699,4.0,4.254540993094098,0.25454099309409806,71.77163091499463,67.95647171297568,419.94101391034366,0.0,84.82092940807343
700,4.0,4.251348079539378,0.2513480795393779,71.78048643205676,67.95660304456851,419.6376871226453,0.0,84.76773142814636
701,4.0,4.2482371068676565,0.24823710686765654,71.78803168928744,67.9570722871096,419.3421447188317,0.0,84.71460556983948
702,4.0,4.245195317671517,0.24519531767151737,71.79452451116381,67.95772750587773,419.0531747451985,0.0,84.66160535812378
703,4.0,4.252182871916298,0.25218287191629774,71.79999689262675,67.95564036120024,419.7169923984526,0.0,84.80742138624191
704,4.0,4.2492107803933505,0.24921078039335054,71.80487607148855,67.95552421863344,419.4346437037726,0.0,84.75390374660492
705,4.0,4.2462558140885935,0.24625581408859354,71.8095639861901,67.95602474729708,419.1539219048207,0.0,84.70049405097961
706,4.0,4.234324711184457,0.23432471118445708,71.81383858275366,67.95690943059935,418.02046712892775,0.0,84.46753092110157
707,4.0,4.231416053658726,0.23141605365872575,71.817458126619,67.95791608319838,417.7441446639833,0.0,84.41376256942749
708,4.0,4.228577196725629,0.22857719672562915,71.81986520287809,67.95603646029426,417.4744532553391,0.0,84.35995674133301
709,4.0,4.225819079335177,0.2258190793351771,71.82095423981923,67.95596871809211,417.21243210324616,0.0,84.30621075630188
710,4.0,4.223118264140528,0.2231182641405276,71.82132543753198,67.9564358798343,416.95585465975444,0.0,84.2527642250061
711,4.0,4.229508737584554,0.22950873758455437,71.82077392538619,67.95721179737646,417.562949636937,0.0,84.37960857152939
712,4.0,4.226897548871741,0.22689754887174107,71.81949686775852,67.95806112430702,417.31488670921976,0.0,84.32601535320282
713,4.0,4.224283784279471,0.22428378427947138,71.81836498806994,67.95881051600058,417.06657907295414,0.0,84.27254295349121
714,4.0,4.221664386429085,0.22166438642908481,71.81695334532203,67.95667556340234,416.8177362771674,0.0,84.21863174438477
715,4.0,4.210104880983089,0.21010488098308944,71.81514742656529,67.95626379883454,415.71958325979784,0.0,83.98591741919518
716,4.0,4.207567936650587,0.20756793665058737,71.81241507880132,67.95642977149541,415.47857354821014,0.0,83.93211531639099
717,4.0,4.205118348169513,0.20511834816951335,71.80842493406209,67.95698323473879,415.2458626425081,0.0,83.87859034538269
718,4.0,4.202741115101483,0.20274111510148263,71.80348434401512,67.95772065981107,415.0200255010452,0.0,83.82540440559387
719,4.0,4.209440045325869,0.20944004532586913,71.79772064249504,67.95574950305881,415.65642387236187,0.0,83.95227789878845
720,4.0,4.207142129888524,0.2071421298885241,71.79128071494782,67.955684062285,415.4381219058141,0.0,83.89892268180847
721,4.0,4.204845091987827,0.20484509198782686,71.78502431958066,67.95622433108016,415.2199033052479,0.0,83.84580755233765
722,4.0,4.202562819822185,0.20256281982218471,71.7782870914484,67.9570887194949,415.0030874495119,0.0,83.79243350028992
723,4.0,4.200309188118122,0.20030918811812182,71.7712239877494,67.95803971945115,414.7889924376259,0.0,83.73925876617432
724,4.0,4.1890917828073935,0.18909178280739347,71.7638277807343,67.95889430087061,413.72333893310673,0.0,83.50701701641083
725,4.0,4.1869356356907605,0.18693563569076055,71.75540128799786,67.95681220017063,413.5185049570266,0.0,83.45423519611359
726,4.0,4.184843740001409,0.18484374000140935,71.74579369307803,67.95642816166001,413.31977486653824,0.0,83.40137100219727
727,4.0,4.191849182250885,0.191849182250885,71.73532821431583,67.95656605479154,413.9852918802384,0.0,83.52879914268851
728,4.0,4.189888808977087,0.18988880897708693,71.72411536832013,67.95704593917293,413.7990564192276,0.0,83.4766856431961
729,4.0,4.1879098546230535,0.18790985462305354,71.71297253647141,67.9577211397745,413.6110557555944,0.0,83.42429566383362
730,4.0,4.185957502118483,0.18595750211848294,71.70155737160664,67.95564399212246,413.4255822676602,0.0,83.37213110923767
731,4.0,4.184040406259831,0.18404040625983065,71.68985752712175,67.95551520330888,413.24345816108826,0.0,83.3203501701355
732,4.0,4.173151411519466,0.17315141151946634,71.67762268729648,67.95604935080992,412.20900366075364,0.0,83.08932563662529
733,4.0,4.171298116285647,0.17129811628564706,71.6646889630775,67.95695111769768,412.0329406135408,0.0,83.03743946552277
734,4.0,4.169550307468877,0.16955030746887712,71.65059835071312,67.95794520884122,411.8668987759477,0.0,82.98632621765137
735,4.0,4.169090181063216,0.16909018106321572,71.63546330213701,67.95886626342842,411.8231867674098,0.0,82.95964074134827
736,4.0,4.17526522933676,0.1752652293367598,71.61969557167656,67.95679508351321,412.40981635339654,0.0,83.06422907114029
737,4.0,4.173655359998121,0.1736553599981212,71.60364614221783,67.95644165210567,412.2568787662259,0.0,83.01359486579895
738,4.0,4.1720507200753945,0.17205072007539446,71.58746029088954,67.95656885076204,412.1044379735668,0.0,82.96292090415955
739,4.0,4.170461692485848,0.17046169248584775,71.57130399759782,67.9570402248527,411.95348035255984,0.0,82.91260600090027
740,4.0,4.16888137779506,0.16888137779505996,71.55493786771592,67.95769770821235,411.80335045693505,0.0,82.86223554611206
741,4.0,4.1583503867907865,0.1583503867907865,71.53806007857207,67.95558790834804,410.80290631152906,0.0,82.63342216610909
742,4.0,4.156873208372074,0.1568732083720743,71.52063533220691,67.95547445866077,410.6625743617514,0.0,82.58394801616669
743,4.0,4.155465898061279,0.15546589806127908,71.5020695324607,67.95600750880345,410.52887988222585,0.0,82.53455877304077
744,4.0,4.163162560478289,0.16316256047828936,71.48261081418339,67.95689146097664,411.26006281184186,0.0,82.66492474079132
745,4.0,4.161837345991674,0.16183734599167376,71.46300163448574,67.95788898749127,411.13416743561334,0.0,82.61594140529633
746,4.0,4.160565395653929,0.16056539565392924,71.44335684159303,67.95602786944632,411.0133321535276,0.0,82.56798839569092
747,4.0,4.159278101991035,0.15927810199103476,71.42355006986847,67.95597320969264,410.89103925555264,0.0,82.51955771446228
748,4.0,4.158003660399121,0.15800366039912106,71.4037303772555,67.95645367176886,410.76996730432086,0.0,82.47138118743896
749,4.0,4.156776913760745,0.1567769137607451,71.38355665477647,67.95720862277962,410.65342637367513,0.0,82.42375564575195
750,4.0,4.146515603776584,0.14651560377658424,71.3630283785992,67.95805212581314,409.6786019251798,0.0,82.19664186239243
751,4.0,4.145359188552434,0.14535918855243413,71.34193784452468,67.95880460328027,409.5687424788856,0.0,82.14943265914917
752,4.0,4.153351694613965,0.15335169461396525,71.31980991644365,67.95667493348955,410.3280305547311,0.0,82.28229260444641
753,4.0,4.1523118452314245,0.1523118452314245,71.2973695910497,67.95627444403972,410.2292448633897,0.0,82.235808968544
754,4.0,4.151311096524911,0.15131109652491137,71.27478281137451,67.95642492103659,410.1341737362709,0.0,82.18994355201721
755,4.0,4.150298084742106,0.15029808474210604,71.2522388088587,67.95697677622415,410.0379376169044,0.0,82.14389729499817
756,4.0,4.1493167673662334,0.14931676736623345,71.22960162031704,67.95772201700882,409.9447124661965,0.0,82.09838342666626
757,4.0,4.148360756876878,0.1483607568768779,71.20659567410213,67.95574408022037,409.8538914697077,0.0,82.05295753479004
758,4.0,4.138361000854177,0.1383610008541769,71.18341149269668,67.95567245245425,408.9039146475511,0.0,81.82851500809193
759,4.0,4.137481349536272,0.1374813495362721,71.1597107670733,67.9562177287645,408.8203477723502,0.0,81.78388226032257
760,4.0,4.145775477225616,0.1457754772256159,71.13490480663795,67.95709979539208,409.60828990283784,0.0,81.91926220059395
761,4.0,4.145030356603942,0.14503035660394215,71.10987402979853,67.95805535187678,409.53750344377886,0.0,81.87571847438812
762,4.0,4.144285469148542,0.14428546914854223,71.08488019123588,67.95891328837732,409.46673913551587,0.0,81.83223223686218
763,4.0,4.143560572152294,0.14356057215229434,71.05990107891708,67.95685444028182,409.3978739208723,0.0,81.78916788101196
764,4.0,4.14284417820979,0.14284417820979023,71.03484719183916,67.956466165224,409.3298164963344,0.0,81.7461953163147
765,4.0,4.142148379046182,0.14214837904618172,71.00962387116178,67.95658617165104,409.2637155757916,0.0,81.70344400405884
766,4.0,4.14150855390167,0.14150855390167028,70.98438063328977,67.95706456751873,409.202932187063,0.0,81.66178321838379
767,4.0,4.131762602493634,0.1317626024936338,70.9586845184289,67.9577364750968,408.2770668032996,0.0,81.44012194871902
768,4.0,4.131170399036745,0.131170399036745,70.93255583480125,67.95565007482557,408.2208074748951,0.0,81.39846527576447
769,4.0,4.139761928226761,0.13976192822676126,70.90572204462732,67.95551746011299,409.03700274794664,0.0,81.53689128160477
770,4.0,4.139292172347597,0.13929217234759683,70.87838067411052,67.95602881164973,408.99237593942604,0.0,81.49620175361633
771,4.0,4.138795456744919,0.13879545674491922,70.85131652576277,67.9569247611822,408.9451879571717,0.0,81.4553074836731
772,4.0,4.138348090232716,0.1383480902327161,70.82432508760041,67.95791603991526,408.90268813851236,0.0,81.41547513008118
773,4.0,4.1379218383006195,0.13792183830061955,70.79727146967895,67.95602143962005,408.8621942049632,0.0,81.37599325180054
774,4.0,4.13750437508371,0.13750437508370972,70.77013891268736,67.95596846154402,408.82253519935676,0.0,81.33659982681274
775,4.0,4.1371092078485985,0.13710920784859848,70.742940783481,67.95644344136099,408.7849943120212,0.0,81.2975754737854
776,4.0,4.127659718794398,0.12765971879439775,70.71556498506001,67.95720299832695,407.88729285187213,0.0,81.08049696683884
777,4.0,4.136481031793957,0.13648103179395665,70.68781967198947,67.95807665932342,408.7253175868302,0.0,81.22189590334892
778,4.0,4.136230271991457,0.1362302719914572,70.65941287697262,67.95883279047358,408.70149540559277,0.0,81.18433403968811
779,4.0,4.1359660979398845,0.13596609793988446,70.63137405077902,67.95671177815908,408.67639887069333,0.0,81.14693570137024
780,4.0,4.135740551747426,0.13574055174742572,70.60322196433536,67.95631476491569,408.6549719824098,0.0,81.11016893386841
781,4.0,4.135539978577265,0.13553997857726507,70.5750820762403,67.95647677974462,408.63591753124456,0.0,81.07390928268433
782,4.0,4.135338258578438,0.13533825857843773,70.54683366006658,67.95700148821989,408.61675413135595,0.0,81.03750562667847
783,4.0,4.135167529595933,0.13516752959593337,70.51859323440814,67.95772308666571,408.60053487801804,0.0,81.00172138214111
784,4.0,4.125875822650059,0.12587582265005892,70.49027104404685,67.95571391190742,407.71782271815994,0.0,80.78725139796734
785,4.0,4.134909968837583,0.134909968837583,70.46144545523202,67.95563262660781,408.5760666059747,0.0,80.93103700876236
786,4.0,4.134885481911308,0.1348854819113079,70.43231669529567,67.95617150491498,408.5737403479786,0.0,80.89710104465485
787,4.0,4.1348349249095975,0.13483492490959748,70.40329338637297,67.95707077217222,408.56893743281614,0.0,80.86277675628662
788,4.0,4.134834282369189,0.13483428236918904,70.37438497187769,67.95803009268676,408.56887639147726,0.0,80.82956099510193
789,4.0,4.134810146432098,0.13481014643209832,70.34543243369178,67.95889895560228,408.5665834774537,0.0,80.79583549499512
790,4.0,4.1348172364725935,0.13481723647259347,70.31649425898999,67.95683296285497,408.56725703130076,0.0,80.76273679733276
791,4.0,4.134833701480358,0.13483370148035778,70.2876513120717,67.95647606304475,408.56882120703835,0.0,80.72993040084839
792,4.0,4.13491422341207,0.13491422341207038,70.25872566094793,67.95660061187814,408.576470790551,0.0,80.69827890396118
793,4.0,4.125824664529556,0.12582466452955643,70.2296536093695,67.95707947659842,407.7129626967122,0.0,80.48756584525108
794,4.0,4.13512268645798,0.1351226864579802,70.20034171973892,67.95772904614009,408.59627477991245,0.0,80.63528490066528
795,4.0,4.135279706884052,0.13527970688405233,70.17066912183742,67.95583015578548,408.61119172038934,0.0,80.60426223278046
796,4.0,4.135465840949355,0.13546584094935543,70.14115627032716,67.95574787987147,408.6288744565931,0.0,80.57398772239685
797,4.0,4.135660671007715,0.13566067100771484,70.11183828866014,67.95627341743392,408.64738331213726,0.0,80.54410338401794
798,4.0,4.1358709794214725,0.13587097942147253,70.08252247990262,67.95712878437857,408.6673626114442,0.0,80.51451969146729
799,4.0,4.136099793829528,0.13609979382952808,70.05330066466969,67.95808459117075,408.6890999802095,0.0,80.4854006767273
800,4.0,4.136356865740451,0.13635686574045103,70.0241755917932,67.9589421007707,408.7135218117472,0.0,80.45693874359131
801,4.0,4.1366055820608025,0.13660558206080253,69.99508679785359,67.95732814957483,408.73714986218056,0.0,80.42835187911987
802,4.0,4.136866812899383,0.13686681289938285,69.96597110367894,67.95705923725922,408.7619667918457,0.0,80.3999733030796
803,4.0,4.137146988649036,0.13714698864903596,69.93696355966162,67.95718083630078,408.7885834880627,0.0,80.3720828294754
804,4.0,4.13747486412647,0.13747486412647003,69.90792064245785,67.95754486624581,408.81973165841896,0.0,80.34507346153259
805,4.0,4.137812837068486,0.1378128370684859,69.87897928425934,67.95806098421609,408.8518390879105,0.0,80.31837153434753
806,4.0,4.138171238205465,0.13817123820546495,69.85005686723366,67.95670266416745,408.8858871959235,0.0,80.2920823097229
807,4.0,4.138551919692012,0.13855191969201197,69.82113584036321,67.9566659460759,408.9220519371455,0.0,80.26622104644775
808,4.0,4.138907151930228,0.13890715193022807,69.79230751648058,67.95707632520524,408.955798999776,0.0,80.23996686935425
809,4.0,4.1393326562671895,0.1393326562671895,69.76356174481843,67.9577075699068,408.9962219117873,0.0,80.21516370773315
810,4.0,4.146060720167525,0.14606072016752503,69.73483890320986,67.95841912513694,409.63538798231923,0.0,80.31246566772461
811,4.0,4.140132048123461,0.14013204812346114,69.70624333125112,67.95751408290923,409.0721641381332,0.0,80.16473665833473
812,4.0,4.140530859413824,0.1405308594138237,69.67814442245556,67.9575815357606,409.1100512107176,0.0,80.14014089107513
813,4.0,4.140987748601193,0.14098774860119256,69.6498764470873,67.95787849893095,409.1534556835177,0.0,80.11646807193756
814,4.0,4.1414476327028655,0.14144763270286553,69.62166953989612,67.95831147595688,409.1971446731766,0.0,80.09291625022888
815,4.0,4.141953721500663,0.14195372150066277,69.59340675417175,67.95876299139047,409.2452231089673,0.0,80.07018613815308
816,4.0,4.142483598087464,0.14248359808746436,69.5651585440079,67.95913106821929,409.29556138471344,0.0,80.0479245185852
817,4.0,4.1429999922014185,0.14299999220141846,69.5368803312561,67.95824696128587,409.3446188255391,0.0,80.02535963058472
818,4.0,4.143584199539726,0.1435841995397258,69.50878818966824,67.95809641045494,409.4001185226783,0.0,80.004310131073
819,4.0,4.153391111661073,0.15339111166107333,69.48077368534918,67.9581608837746,410.3317751742063,0.0,80.16134107112885
820,4.0,4.15394878486617,0.15394878486617003,69.45316326416406,67.95837884311034,410.3847541286905,0.0,80.14024531841278
821,4.0,4.154482022073821,0.15448202207382078,69.4263350066901,67.95869433312785,410.4354116634173,0.0,80.11957240104675
822,4.0,4.155021320289522,0.15502132028952165,69.40006568165597,67.95813089831374,410.4866449939089,0.0,80.09965348243713
823,4.0,4.146207481807839,0.14620748180783938,69.37400275532634,67.95820222352783,409.64933033814907,0.0,79.89972479641438
824,4.0,4.146740463236618,0.14674046323661827,69.34797605424505,67.95844865411507,409.6999635738831,0.0,79.88001620769501
825,4.0,4.1473334610402155,0.1473334610402155,69.32160008904914,67.95876466518693,409.7562983652248,0.0,79.8610532283783
826,4.0,4.147958380154195,0.14795838015419527,69.2949141092549,67.95910325553426,409.8156656810529,0.0,79.8423388004303
827,4.0,4.157574871856218,0.15757487185621777,69.26810404905191,67.95870694752446,410.729232392745,0.0,79.99648022651672
828,4.0,4.158602620300884,0.15860262030088368,69.24163819408308,67.95871615912776,410.8268684949883,0.0,79.98568278551102
829,4.0,4.159230701709843,0.1592307017098431,69.21565102422923,67.95881574475375,410.8865362288394,0.0,79.96773910522461
830,4.0,4.1598597029840345,0.1598597029840345,69.19038191237425,67.95897149187917,410.9462913498876,0.0,79.95063376426697
831,4.0,4.160441865232324,0.16044186523232362,69.16546319903865,67.95915697759713,411.00159676347505,0.0,79.93302464485168
832,4.0,4.161081895404695,0.16108189540469464,69.14079763633212,67.95929922948106,411.06239962985035,0.0,79.91681146621704
833,4.0,4.161687547882059,0.1616875478820594,69.11646578835766,67.95898913880282,411.1199366152,0.0,79.900315284729
834,4.0,4.162336755823376,0.16233675582337614,69.09220326825665,67.95895987148386,411.1816113696251,0.0,79.88472700119019
835,4.0,4.163022130782217,0.16302213078221683,69.06813915849365,67.95899395462202,411.24672199071495,0.0,79.8700532913208
836,4.0,4.172975816933,0.17297581693299957,69.04427505808773,67.95910196634344,412.1923221750393,0.0,80.03335836529732
837,4.0,4.173593983375638,0.17359398337563814,69.02095396021528,67.95921697091946,412.25104798709,0.0,80.01817727088928
838,4.0,4.1742065539104996,0.17420655391049955,68.99849864462547,67.95907124976515,412.30924218790176,0.0,80.00388479232788
839,4.0,4.174802907316558,0.17480290731655757,68.97655840086331,67.9590889246794,412.3658957614773,0.0,79.98987126350403
840,4.0,4.165913427824299,0.1659134278242993,68.95505398547523,67.95916334501001,411.52139520971275,0.0,79.79466258734465
841,4.0,4.166525094841407,0.16652509484140676,68.9335257111578,67.9592641219633,411.57950357633797,0.0,79.78146243095398
842,4.0,4.167152806374032,0.16715280637403218,68.91170999921344,67.95936300361092,411.63913617193737,0.0,79.76822936534882
843,4.0,4.167809600795063,0.16780960079506269,68.88955132830233,67.95943410562361,411.7015316419353,0.0,79.75514817237854
844,4.0,4.174658106316283,0.17465810631628287,68.86731540352169,67.95936370334185,412.3521396664512,0.0,79.86041569709778
845,4.0,4.178529047975722,0.17852904797572222,68.84536247632349,67.95935958987889,412.71987912409793,0.0,79.90898525714874
846,4.0,4.179207231550238,0.17920723155023843,68.82389199453635,67.95936110021984,412.784306563677,0.0,79.8970297574997
847,4.0,4.179827865454521,0.1798278654545209,68.80311324773604,67.95936781310513,412.8432667845838,0.0,79.88476943969727
848,4.0,4.180434674220305,0.18043467422030535,68.78270724212796,67.95939519345674,412.90091361733334,0.0,79.87267065048218
849,4.0,4.1810503852626875,0.18105038526268746,68.7626029351302,67.95937553426957,412.95940616635966,0.0,79.86108541488647
850,4.0,4.181706066294673,0.181706066294673,68.74285404691881,67.95937881852554,413.0216958643983,0.0,79.85066938400269
851,4.0,4.182371730776743,0.18237173077674296,68.72324282369846,67.9593900219812,413.08493399019494,0.0,79.8405966758728
852,4.0,4.183022779789007,0.18302277978900694,68.70395052904965,67.95943715273694,413.14678364636,0.0,79.83060836791992
853,4.0,4.193057372527679,0.1930573725276794,68.68472239512151,67.95946887786529,414.10006995653384,0.0,79.9997171163559
854,4.0,4.19362112159611,0.19362112159611033,68.6660270166927,67.95949129350826,414.1536261180348,0.0,79.98869478702545
855,4.0,4.194191795855656,0.19419179585565605,68.64821183990934,67.95949129244846,414.2078401726917,0.0,79.97882413864136
856,4.0,4.194691043723359,0.19469104372335888,68.63096457043544,67.95948538562703,414.25526872012347,0.0,79.96824789047241
857,4.0,4.195272316771554,0.195272316771554,68.6141696285493,67.95947912727148,414.31048965970194,0.0,79.95975732803345
858,4.0,4.195862813816552,0.1958628138165519,68.59772357452137,67.9594678538488,414.36658687897676,0.0,79.95184373855591
859,4.0,4.196440953584861,0.1964409535848608,68.58149187265191,67.95947410186359,414.4215101569661,0.0,79.94393920898438
860,4.0,4.197010929191104,0.1970109291911042,68.56545527921135,67.95947844838233,414.47565783955923,0.0,79.93610143661499
861,4.0,4.197562979928298,0.19756297992829808,68.5497088155102,67.95948619096016,414.52810265959266,0.0,79.92825555801392
862,4.0,4.207476983997468,0.20747698399746817,68.53405891887374,67.95949256239008,415.4699330461638,0.0,80.09874320030212
863,4.0,4.208026725711484,0.20802672571148406,68.51897546283352,67.95949731975635,415.5221585089953,0.0,80.0915777683258
864,4.0,4.208502151862894,0.208502151862894,68.50464878004621,67.95950801699036,415.56732399337926,0.0,80.0838782787323
865,4.0,4.20897252454196,0.20897252454196025,68.49094816645845,67.95951224611635,415.6120093978906,0.0,80.07681083679199
866,4.0,4.209421188678997,0.20942118867899673,68.47763903593034,67.9595094969436,415.654632490909,0.0,80.06978464126587
867,4.0,4.2098588793140586,0.20985887931405856,68.46458990047745,67.95950465229971,415.6962131012399,0.0,80.06285047531128
868,4.0,4.210291391727113,0.21029139172711275,68.45192040832747,67.95949839982033,415.73730178048004,0.0,80.05625867843628
869,4.0,4.210723120904171,0.2107231209041709,68.43935349211145,67.95949004556859,415.77831605230057,0.0,80.04976892471313
870,4.0,4.220547235545212,0.2205472355452116,68.42695936207336,67.95948042184845,416.71160694319946,0.0,80.22200393676758
871,4.0,4.2209798843812125,0.22097988438121252,68.41503072174423,67.95946990944658,416.75270858261956,0.0,80.2162412405014
872,4.0,4.2213525466798725,0.22135254667987248,68.40385330180415,67.95946657745773,416.7881115009922,0.0,80.21021676063538
873,4.0,4.221684756408143,0.221684756408143,68.39333879109157,67.95947137329799,416.81967142517794,0.0,80.20419883728027
874,4.0,4.2219942412958735,0.22199424129587353,68.38318221384294,67.95947926950586,416.8490724895123,0.0,80.19816708564758
875,4.0,4.222313587482181,0.22231358748218089,68.37340043595798,67.9594885024375,416.8794103772115,0.0,80.1927604675293
876,4.0,4.222628361360037,0.22262836136003727,68.36369843102817,67.95949008448565,416.90931389560785,0.0,80.18735885620117
877,4.0,4.222930411152285,0.2229304111522854,68.35425179625543,67.95949435408214,416.9380086258715,0.0,80.18201351165771
878,4.0,4.223239402062085,0.22323940206208537,68.34497627357668,67.95949765036714,416.96736276230246,0.0,80.17699909210205
879,4.0,4.2329330917611365,0.23293309176113652,68.3357862505007,67.95949732484138,417.8882632837123,0.0,80.35022526979446
880,4.0,4.233222048250776,0.2332220482507763,68.3270782101197,67.95950115358744,417.9157141502281,0.0,80.34547054767609
881,4.0,4.233477472615526,0.23347747261552598,68.31914001616707,67.95949691429816,417.93997946487934,0.0,80.3409833908081
882,4.0,4.233694727335164,0.2336947273351644,68.31171373813507,67.95949065234736,417.960618663245,0.0,80.33637285232544
883,4.0,4.233897728667059,0.23389772866705894,68.30469534773042,67.95948641830657,417.97990378977494,0.0,80.33197069168091
884,4.0,4.234096710426696,0.23409671042669622,68.29793301794001,67.95948378559999,417.99880705694045,0.0,80.32779264450073
885,4.0,4.23427802408123,0.2342780240812301,68.29139181797319,67.95948097785454,418.0160318541212,0.0,80.3235387802124
886,4.0,4.234459162641144,0.2344591626411443,68.28501291522049,67.95948265318361,418.03324001731306,0.0,80.31947183609009
887,4.0,4.242074590728167,0.2420745907281674,68.27874128423834,67.9594795614603,418.75670568558024,0.0,80.45653152465826
888,4.0,4.244151294907387,0.24415129490738696,68.27289501427204,67.9594871178898,418.95399258260613,0.0,80.48902660608297
889,4.0,4.24427840591751,0.24427840591750982,68.26779219917223,67.9594922504337,418.96606812856777,0.0,80.48542118072515
890,4.0,4.244379894123121,0.24437989412312078,68.26316250040175,67.95949340638413,418.9757095081008,0.0,80.48188734054571
891,4.0,4.244426543430386,0.24442654343038583,68.25893405929746,67.95949357715318,418.980141192291,0.0,80.47778654098516
892,4.0,4.244484838363672,0.24448483836367174,68.25506968364722,67.95949530130915,418.98567921095315,0.0,80.47433567047125
893,4.0,4.244535673526714,0.24453567352671435,68.25135327122683,67.95949969113722,418.9905085514422,0.0,80.47091770172125
894,4.0,4.244590049013948,0.2445900490139481,68.24785058349846,67.95949817509434,418.9956742227294,0.0,80.46781873703009
895,4.0,4.244607140844926,0.24460714084492619,68.24441925270277,67.95949261777156,418.99729794667235,0.0,80.46409702301031
896,4.0,4.244645518223904,0.244645518223904,68.24115571458418,67.95948978520926,419.00094379767523,0.0,80.46097660064703
897,4.0,4.254171248979806,0.25417124897980603,68.23792339758899,67.9594873133364,419.9058882194859,0.0,80.63772550225264
898,4.0,4.2541565077004595,0.2541565077004595,68.23510875293718,67.95949376630836,419.90448779794804,0.0,80.63411998748785
899,4.0,4.254111455895744,0.25411145589574424,68.23315745795216,67.95949365202162,419.9002078765001,0.0,80.63096022605902
900,4.0,4.254044551277434,0.25404455127743386,68.23162885291646,67.9594918213408,419.8938519377606,0.0,80.6278858184815
901,4.0,4.2539427915777175,0.2539427915777175,68.23045526273884,67.95949284083876,419.8841847662875,0.0,80.62457036972052
902,4.0,4.25382664126223,0.2538266412622301,68.2295584390112,67.95949128648316,419.8731504863162,0.0,80.62130928039556
903,4.0,4.253700055809234,0.25370005580923394,68.22882329441734,67.95948908583446,419.86112486828154,0.0,80.6180415153504
904,4.0,4.253564025173668,0.2535640251736684,68.22823073028667,67.9594859537415,419.8482019579028,0.0,80.61476325988775
905,4.0,4.253456353685692,0.2534563536856922,68.22772524202733,67.95948477716976,419.8379731665451,0.0,80.61212539672857
906,4.0,4.253327092551172,0.2533270925511717,68.22723752082327,67.9594799168627,419.82569335876565,0.0,80.60909938812262
907,4.0,4.253171825356397,0.2531718253563966,68.22682064751284,67.95947728743286,419.81094297526204,0.0,80.60566425323492
908,4.0,4.253054458427559,0.2530544584275587,68.22652711516952,67.95946192677124,419.79979311702243,0.0,80.60309314727789
909,4.0,4.2623358688074,0.26233586880739956,68.22615441321454,67.95945657143778,420.6815271031073,0.0,80.77855142951017
910,4.0,4.26219360745578,0.2621936074557798,68.22620654372017,67.95944401569706,420.6680122747034,0.0,80.77591705322271
911,4.0,4.261962073476285,0.2619620734762851,68.22688068353968,67.95945033370414,420.6460165466514,0.0,80.77232718467718
912,4.0,4.261730369995089,0.2617303699950888,68.22810178946438,67.95945843412674,420.62400471593776,0.0,80.76938152313238
913,4.0,4.261485406314045,0.26148540631404504,68.22952264428203,67.95946494254319,420.6007331662386,0.0,80.7664208412171
914,4.0,4.26124382299052,0.2612438229905196,68.23114292472027,67.95946848782884,420.57778275050373,0.0,80.76376008987432
915,4.0,4.260956201728649,0.2609562017286491,68.232863275567,67.95947113946914,420.550458730626,0.0,80.76034498214727
916,4.0,4.260669567994703,0.26066956799470287,68.23473806624119,67.95947732420785,420.5232285259011,0.0,80.75713109970098
917,4.0,4.260414097040705,0.2604140970407052,68.23658581422242,67.95948176329047,420.4989587852713,0.0,80.75447559356695
918,4.0,4.260113937646723,0.2601139376467234,68.23844081309286,67.95947861412495,420.47044364284307,0.0,80.75098133087164
919,4.0,4.259836727625493,0.25983672762549315,68.24030804054848,67.9594727610366,420.44410869082617,0.0,80.74793624877935
920,4.0,4.259549640429386,0.2595496404293858,68.24213950537136,67.95947224034488,420.416835407196,0.0,80.74466133117681
921,4.0,4.259250843231432,0.259250843231432,68.24395974319737,67.95947233746125,420.38844967339037,0.0,80.74115085601812
922,4.0,4.25897521757901,0.2589752175790103,68.2457475044625,67.95946103607989,420.3622652364103,0.0,80.73804092407232
923,4.0,4.258686464399543,0.2586864643995428,68.24747580505661,67.95945554404757,420.3348336843609,0.0,80.73461151123053
924,4.0,4.258382920807902,0.25838292080790204,68.24916968748788,67.9594551487223,420.305997043155,0.0,80.7308607101441
925,4.0,4.258151318557078,0.2581513185570783,68.25085078348708,67.95945985080547,420.2839948293268,0.0,80.72845840454107
926,4.0,4.267293063701946,0.2672930637019464,68.25240627849048,67.9594668251685,421.1524606180892,0.0,80.90361663699156
927,4.0,4.266950401594012,0.26695040159401184,68.25430697724174,67.95947139560863,421.1199077178355,0.0,80.89937293529516
928,4.0,4.266632407420572,0.26663240742057237,68.25687649562876,67.95947733212479,421.0896982713587,0.0,80.896389245987
929,4.0,4.266304415067654,0.2663044150676539,68.25977726934528,67.9594806299403,421.0585389978315,0.0,80.89360809326178
930,4.0,4.2658968306389395,0.26589683063893954,68.26289681335427,67.95948185466618,421.0198184771036,0.0,80.88957643508917
931,4.0,4.265505965368593,0.26550596536859317,68.26619085434623,67.95948336220981,420.9826862764207,0.0,80.88606786727911
932,4.0,4.265097203351135,0.26509720335113496,68.26955744271642,67.95948251383645,420.9438538847622,0.0,80.88230514526373
933,4.0,4.264711308234287,0.2647113082342871,68.27291563626565,67.95947210035291,420.9071938486616,0.0,80.87896537780767
934,4.0,4.264350709625191,0.2643507096251909,68.27626633083214,67.95945711640236,420.8729369807975,0.0,80.87609577178961
935,4.0,4.263899773108355,0.26389977310835544,68.27957622935592,67.95945212175313,420.8300980116981,0.0,80.87146377563482
936,4.0,4.2634709669850235,0.2634709669850235,68.28285933007777,67.95945212175285,420.78936142998157,0.0,80.8672189712525
937,4.0,4.263062207655366,0.26306220765536636,68.28607002545255,67.95945212175292,420.75052929366416,0.0,80.86326789855963
938,4.0,4.262676611982748,0.26267661198274794,68.28920100341875,67.9594521217529,420.7138977047654,0.0,80.85966110229498
939,4.0,4.262329578963159,0.26232957896315856,68.29224469221785,67.95945447768611,420.6809295679044,0.0,80.85668182373053
940,4.0,4.2619665990556355,0.26196659905563546,68.29519077887748,67.9594568336194,420.6464464766897,0.0,80.85328388214117
941,4.0,4.261510385913984,0.2615103859139838,68.29806221305668,67.95946512048513,420.60310622823283,0.0,80.84802818298346
942,4.0,4.2610872315311195,0.26108723153111946,68.30087973614282,67.95946774302897,420.5629065618607,0.0,80.84333515167242
943,4.0,4.260659041191968,0.2606590411919676,68.30358677180867,67.95947241817805,420.5222284796413,0.0,80.83841514587408
944,4.0,4.260264460524658,0.2602644605246578,68.30620273505731,67.95947596565901,420.48474331624686,0.0,80.83402442932135
945,4.0,4.259901480808926,0.25990148080892617,68.30872831737894,67.9594757911428,420.45026024325233,0.0,80.83012580871588
946,4.0,4.254768621101711,0.25476862110171083,68.31115289647474,67.95947495573893,419.96263857106686,0.0,80.73559717088943
947,4.0,4.254421437059701,0.2544214370597011,68.31331310144847,67.95947567366746,419.92965608707595,0.0,80.73156213760382
948,4.0,4.254104737202231,0.2541047372022307,68.31504286565571,67.95946837895984,419.89956960061625,0.0,80.72759652137762
949,4.0,4.253791936362602,0.2537919363626022,68.31646854250971,67.9594673488056,419.86985352085156,0.0,80.72334527969366
950,4.0,4.253516168511722,0.2535161685117222,68.31765194449264,67.95946480925721,419.8436555750179,0.0,80.71951031684881
951,4.0,4.253234729761289,0.2532347297612887,68.3186594059452,67.95946061911482,419.8169188937268,0.0,80.71535968780523
952,4.0,4.252982579317146,0.25298257931714563,68.31951315956164,67.95946448484035,419.7929646015332,0.0,80.71158313751226
953,4.0,4.252739261209748,0.2527392612097481,68.32023965406121,67.95946114121928,419.7698493813304,0.0,80.70782375335699
954,4.0,4.252484104909792,0.2524841049097919,68.32086537728786,67.9594776338976,419.7456095328346,0.0,80.70372056961065
955,4.0,4.252252833007381,0.2522528330073808,68.32140131198814,67.95947998999483,419.7236387021055,0.0,80.69996452331549
956,4.0,4.252007406683929,0.25200740668392907,68.32186316282724,67.95947998999489,419.7003232013776,0.0,80.69585227966314
957,4.0,4.251784511520459,0.25178451152045866,68.32225693408482,67.9594788310512,419.67914816084794,0.0,80.69208717346197
958,4.0,4.251564324789698,0.25156432478969837,68.32258299647886,67.95947635482399,419.6582304214257,0.0,80.6882934570313
959,4.0,4.251328637776689,0.25132863777668923,68.32285051441538,67.95947312403334,419.63584015518984,0.0,80.68413639068609
960,4.0,4.251113616074767,0.25111361607476734,68.32305486593452,67.95946945746671,419.61541309350724,0.0,80.68029689788824
961,4.0,4.250882126737438,0.25088212673743815,68.32320328060969,67.95946903786248,419.593421606461,0.0,80.67607879638678
962,4.0,4.250670961482545,0.25067096148254464,68.32328349242711,67.95946711232257,419.57336090724607,0.0,80.67216587066656
963,4.0,4.250461024692711,0.2504610246927106,68.32331811806712,67.95946800392925,419.55341691221184,0.0,80.66822242736822
964,4.0,4.250234262753724,0.2502342627537244,68.3232944508098,67.95946242527626,419.5318745280082,0.0,80.6638908386231
965,4.0,4.250026305926352,0.2500263059263519,68.3232091990725,67.95945964250078,419.5121186294078,0.0,80.65984344482428
966,4.0,4.249800732899076,0.24980073289907612,68.32307108266735,67.95946228500637,419.4906891918166,0.0,80.65539932250982
967,4.0,4.249594825676552,0.2495948256765521,68.32288014814614,67.95946837209374,419.4711280056768,0.0,80.65126609802252
968,4.0,4.249390147777858,0.2493901477778584,68.32263388066112,67.9594752008684,419.4516836053009,0.0,80.64709091186529
969,4.0,4.249168360905802,0.2491683609058022,68.32233464627457,67.95947925341943,419.4306138524555,0.0,80.6425285339356
970,4.0,4.2489682484699065,0.2489682484699065,68.32195673953514,67.9594835897138,419.4116031710455,0.0,80.6382846832276
971,4.0,4.248749453912654,0.24874945391265424,68.32153982960457,67.95948482756388,419.3908176881065,0.0,80.6336402893067
972,4.0,4.248550579020308,0.24855057902030797,68.32106275396865,67.95948070807528,419.37192457333356,0.0,80.62930297851562
973,4.0,4.248354194740201,0.24835419474020082,68.32053265038971,67.95947687843994,419.35326806672344,0.0,80.62495040893555
974,4.0,4.248140758278394,0.2481407582783941,68.31994538618082,67.95946889994728,419.3329916028518,0.0,80.62020683288574
975,4.0,4.247947532778713,0.24794753277871262,68.31931103561514,67.95946299626436,419.314635180382,0.0,80.61579132080078
976,4.0,4.247737227832105,0.24773722783210506,68.31862317648677,67.95946024333651,419.2946562104543,0.0,80.61098861694336
977,4.0,4.2475471037756805,0.24754710377568045,68.31789032448667,67.95946032603024,419.276594425094,0.0,80.60651588439941
978,4.0,4.247359923267928,0.24735992326792822,68.31709551125788,67.95946995924805,419.2588122768575,0.0,80.60202598571777
979,4.0,4.247157071323637,0.2471570713236373,68.3162536130821,67.95947412729765,419.2395413421499,0.0,80.59718322753906
980,4.0,4.246975899266681,0.24697589926668062,68.31535877118435,67.95947466237604,419.222329996739,0.0,80.59268951416016
981,4.0,4.2467792218323,0.24677922183230017,68.31441900641488,67.95947629690819,419.20364564047287,0.0,80.58784866333008
982,4.0,4.2466034687610525,0.24660346876105255,68.31342713185569,67.9594745646907,419.1869490987043,0.0,80.58334350585938
983,4.0,4.246430916826571,0.24643091682657126,68.31238691241771,67.95947100658437,419.1705566649286,0.0,80.57884216308594
984,4.0,4.246242936643555,0.24624293664355523,68.31130373819217,67.9594738534748,419.15269854754206,0.0,80.5739974975586
985,4.0,4.246077074250544,0.24607707425054404,68.31016542655493,67.95946938824535,419.136941620206,0.0,80.56950759887695
986,4.0,4.245895702173296,0.24589570217329637,68.3089789851675,67.95946759722088,419.1197112728675,0.0,80.56466674804688
987,4.0,4.245735346804857,0.24573534680485665,68.30774542038934,67.95946129424121,419.10447751286574,0.0,80.5601692199707
988,4.0,4.245577618870696,0.24557761887069596,68.30647595927816,67.95946341958494,419.08949335912047,0.0,80.55567932128906
989,4.0,4.2454047198242,0.24540471982419998,68.30515613092608,67.95947196973583,419.07306794970333,0.0,80.55084228515625
990,4.0,4.245254050512216,0.24525405051221583,68.30379231456908,67.95947948202455,419.05875436506483,0.0,80.5463752746582
991,4.0,4.245088043205403,0.24508804320540278,68.30238403492001,67.95947786366771,419.0429836709176,0.0,80.54156494140625
992,4.0,4.244943633602661,0.24494363360266114,68.30093224037584,67.959477266436,419.0292647586572,0.0,80.53711318969727
993,4.0,4.244801648973049,0.24480164897304935,68.29945426979812,67.95946781476596,419.01577621884405,0.0,80.53267669677734
994,4.0,4.244643157901509,0.2446431579015087,68.29793120179137,67.95946701270618,419.00071956704767,0.0,80.52787399291992
995,4.0,4.244506994818069,0.24450699481806915,68.29638523795305,67.9594645900377,418.9877840741209,0.0,80.52346801757812
996,4.0,4.244354647389828,0.24435464738982837,68.29479221389924,67.95946663616661,418.9733110684381,0.0,80.5186996459961
997,4.0,4.244223713366524,0.24422371336652393,68.29316190414593,67.95946105114449,418.96087233622416,0.0,80.5142936706543
998,4.0,4.244095401787403,0.24409540178740308,68.29149576771552,67.9594643283584,418.9486827362076,0.0,80.50989532470703
999,4.0,4.243950640866338,0.24395064086633766,68.28979004591308,67.95946726820756,418.9349304487064,0.0,80.5051383972168
1000,4.0,4.243828261101777,0.24382826110177724,68.28804766637587,67.95947305239521,418.9233043710732,0.0,80.50076293945312
1001,4.0,4.243688936043331,0.24368893604333142,68.28627043003848,67.95947825514224,418.9100684905208,0.0,80.49602508544922
1002,4.0,4.243571090724052,0.2435710907240516,68.28444840414025,67.95947417735361,418.89887318518925,0.0,80.49164199829102
1003,4.0,4.243456290678509,0.24345629067850894,68.28259345598174,67.95947575944973,418.8879671808627,0.0,80.48727798461914
1004,4.0,4.243324857187252,0.24332485718725216,68.28070508059616,67.9594799386837,418.8754809991933,0.0,80.48255920410156
1005,4.0,4.243214791443372,0.2432147914433722,68.27878021532243,67.9594797869966,418.8650247535247,0.0,80.47820281982422
1006,4.0,4.2430892680420325,0.24308926804203246,68.27682564203491,67.95947541524954,418.8531000303974,0.0,80.47351837158203
1007,4.0,4.242985827167896,0.24298582716789596,68.27483604287464,67.95947413440237,418.84327314735447,0.0,80.46921157836914
1008,4.0,4.242883477905491,0.24288347790549114,68.2728125979575,67.95946785412845,418.833549967426,0.0,80.46488571166992
1009,4.0,4.242765938838118,0.2427659388381178,68.27075834964722,67.95945682474893,418.82238375602554,0.0,80.46023559570312
1010,4.0,4.242669522502433,0.24266952250243268,68.26867160341018,67.95945635018985,418.81322420413545,0.0,80.45594787597656
1011,4.0,4.242557849752961,0.24255784975296102,68.26655187485329,67.9594573135461,418.8026152929356,0.0,80.45133209228516
1012,4.0,4.2424660556620415,0.2424660556620415,68.26440350331988,67.95945866260342,418.7938948542983,0.0,80.44705963134766
1013,4.0,4.242378340358122,0.24237834035812167,68.26221854254088,67.95946925492642,418.78556190042593,0.0,80.44282150268555
1014,4.0,4.242272789405687,0.2422727894056873,68.26001618191495,67.95947084803649,418.7755345599446,0.0,80.43822479248047
1015,4.0,4.2421879100191395,0.24218791001913953,68.25778216305594,67.95947785407826,418.76747101822264,0.0,80.4339828491211
1016,4.0,4.242084604895931,0.24208460489593087,68.25552079643867,67.95947928463701,418.75765703151774,0.0,80.42935943603516
1017,4.0,4.242001035291617,0.24200103529161687,68.25323314062499,67.95947864861031,418.749717919108,0.0,80.42507934570312
1018,4.0,4.241920170777456,0.24192017077745565,68.2509212953281,67.95947340879657,418.74203579026266,0.0,80.42082214355469
1019,4.0,4.241822848651374,0.24182284865137404,68.24857630567243,67.95947236457019,418.73279018828487,0.0,80.41621398925781
1020,4.0,4.241763473767453,0.24176347376745344,68.24620990438993,67.9594671380025,418.7271495743124,0.0,80.41230010986328
1021,4.0,4.241799853033463,0.24179985303346285,68.2438115883297,67.95946588177796,418.7306056045833,0.0,80.41016387939453
1022,4.0,4.241748049001598,0.24174804900159774,68.24138805847637,67.95946267636248,418.7256842215561,0.0,80.40632629394531
1023,4.0,4.241680156014006,0.24168015601400583,68.2389642951706,67.95946716627601,418.7192343877349,0.0,80.40218353271484
1024,4.0,4.24166873569917,0.2416687356991698,68.23652555055976,67.95946877706862,418.71814945782546,0.0,80.39909362792969
1025,4.0,4.2416233388726425,0.24162333887264253,68.23407001383517,67.95947108118415,418.7138367593054,0.0,80.39533996582031
1026,4.0,4.241543058147598,0.2415430581475979,68.23159279583587,67.95946931098797,418.7062100904261,0.0,80.39089965820312
1027,4.0,4.2415590021241805,0.24155900212418047,68.22910229861061,67.95946869123432,418.7077247682015,0.0,80.38826751708984
1028,4.0,4.241521268474593,0.24152126847459332,68.22659458360476,67.95947490094866,418.7041400714907,0.0,80.38459777832031
1029,4.0,4.241448414880286,0.2414484148802858,68.22408188085029,67.95946937372601,418.6972189800315,0.0,80.38025665283203
1030,4.0,4.2414144999388075,0.24141449993880748,68.22155148706204,67.95946734279907,418.6939970605911,0.0,80.37663269042969
1031,4.0,4.2419502161512135,0.24195021615121348,68.21900915366244,67.95946395944561,418.7448901007696,0.0,80.3837890625
1032,4.0,4.246180124207064,0.24618012420706403,68.21646872031862,67.95946350387075,419.1467313660754,0.0,80.46094822883606
1033,4.0,4.246103619553773,0.24610361955377336,68.21413661890485,67.95946895683488,419.1394634240128,0.0,80.45674788951874
1034,4.0,4.246049293068148,0.2460492930681477,68.21211501429676,67.95945139046137,419.1343024078784,0.0,80.45333409309387
1035,4.0,4.246081219744072,0.24608121974407204,68.21030700406249,67.95944722058003,419.13733544209117,0.0,80.45180654525757
1036,4.0,4.245999803847801,0.24599980384780107,68.20862964345872,67.95944714517805,419.12960093194545,0.0,80.4482855796814
1037,4.0,4.245919322309798,0.24591932230979818,68.20704192188951,67.95945046645899,419.1219551858352,0.0,80.4448881149292
1038,4.0,4.245746903035072,0.24574690303507207,68.20551111656468,67.95945121977492,419.1055753547362,0.0,80.43981599807739
1039,4.0,4.245655067697346,0.24565506769734569,68.20400010517743,67.95945567683385,419.09685099765215,0.0,80.4362940788269
1040,4.0,4.2454989383489155,0.24549893834891545,68.20248880780595,67.95943627214136,419.08201870955133,0.0,80.4315538406372
1041,4.0,4.245351104494681,0.24535110449468078,68.20097716492744,67.95945051168928,419.067974493399,0.0,80.42697048187256
1042,4.0,4.2452869236586555,0.24528692365865545,68.19944056638377,67.95946749099006,419.06187731397665,0.0,80.42394256591797
1043,4.0,4.245158143985248,0.2451581439852477,68.19788143552621,67.95948296231754,419.04964324500287,0.0,80.41966438293457
1044,4.0,4.245001370555222,0.2450013705552223,68.19630608102668,67.95949710781419,419.0347497691505,0.0,80.41483688354492
1045,4.0,4.24494708723955,0.2449470872395496,68.1946927778509,67.95949464296291,419.0295928541616,0.0,80.4119062423706
1046,4.0,4.244940076663681,0.24494007666368134,68.19305277354368,67.95949978867621,419.0289268494541,0.0,80.40983963012695
1047,4.0,4.244831462408738,0.24483146240873843,68.19138774873694,67.95947881799857,419.0186084952345,0.0,80.40581893920898
1048,4.0,4.244730081281151,0.24473008128115126,68.18970673553433,67.95946358060066,419.00897728811367,0.0,80.40191650390625
1049,4.0,4.244748012774495,0.24474801277449476,68.18800809710424,67.95945098746938,419.0106807799814,0.0,80.40025329589844
1050,4.0,4.244681054928931,0.24468105492893066,68.18628032428927,67.95944470615356,419.00431978465275,0.0,80.39694786071777
1051,4.0,4.24458378345931,0.2445837834593103,68.18454605395097,67.95943666811054,418.99507899503885,0.0,80.3930606842041
1052,4.0,4.244642757822475,0.2446427578224748,68.18278340065658,67.95944620065823,419.00068155953943,0.0,80.39209938049316
1053,4.0,4.2464202038805565,0.24642020388055652,68.18100247798101,67.95945535094732,419.1695389350572,0.0,80.42366290092468
1054,4.0,4.246339525644168,0.24633952564416806,68.17928596242432,67.95946420653708,419.1618745026003,0.0,80.42011022567749
1055,4.0,4.24636641631737,0.24636641631737,68.17768267789006,67.95947534112251,419.1644291165545,0.0,80.41872835159302
1056,4.0,4.246393020403403,0.24639302040340283,68.1761620355117,67.9594767403707,419.16695650472764,0.0,80.41743850708008
1057,4.0,4.246347729803579,0.24634772980357944,68.1746829573074,67.95948122201031,419.16265389774435,0.0,80.41483616828918
1058,4.0,4.2463036358326365,0.24630363583263648,68.17324244529662,67.95948052439887,419.15846497050484,0.0,80.41230201721191
1059,4.0,4.246354853886017,0.2463548538860172,68.17181701366806,67.95949040063988,419.16333068557594,0.0,80.41159057617188
1060,4.0,4.246373488711082,0.24637348871108156,68.17040129808586,67.95950065601816,419.1651009939571,0.0,80.41027355194092
1061,4.0,4.24624607401508,0.24624607401507959,68.16900007499667,67.9595097675575,419.15299659783693,0.0,80.40620803833008
1062,4.0,4.24615681719726,0.24615681719726012,68.16759906350325,67.95951433236876,419.14451720014404,0.0,80.40286540985107
1063,4.0,4.246089204999498,0.24608920499949782,68.16618768348685,67.95951747277424,419.1380940413566,0.0,80.39992046356201
1064,4.0,4.245951235694286,0.24595123569428612,68.16476890058696,67.95951037921905,419.12498695736156,0.0,80.39563465118408
1065,4.0,4.245853258404944,0.245853258404944,68.16333546887506,67.95950143304935,419.115679114874,0.0,80.39208889007568
1066,4.0,4.2458140438409355,0.24581404384093553,68.16188284627604,67.95948651130354,419.1119537312932,0.0,80.38963317871094
1067,4.0,4.245647011181962,0.24564701118196197,68.1604104607199,67.9594794549062,419.09608562869073,0.0,80.38473415374756
1068,4.0,4.245573628373323,0.24557362837332342,68.1589159595725,67.95947040591452,419.08911426187007,0.0,80.38158226013184
1069,4.0,4.245520081643481,0.24552008164348127,68.15740297590574,67.95946827258521,419.08402732253506,0.0,80.3787841796875
1070,4.0,4.245487506635515,0.24548750663551466,68.15586542908352,67.95947093964325,419.08093269677823,0.0,80.3763542175293
1071,4.0,4.245436431357411,0.2454364313574109,68.15430623116694,67.95947051887288,419.07608054535837,0.0,80.37354850769043
1072,4.0,4.245496465544911,0.24549646554491122,68.15271980337012,67.95947927346556,419.08178379317087,0.0,80.3728141784668
1073,4.0,4.24557602259544,0.24557602259543998,68.15112732496969,67.95948666529644,419.08934171297113,0.0,80.3724422454834
1074,4.0,4.245637746588465,0.24563774658846516,68.14953166035787,67.95949419766488,419.09520549230854,0.0,80.37172889709473
1075,4.0,4.245642951406991,0.24564295140699066,68.14793756140386,67.95948556244836,419.0956999500685,0.0,80.36994743347168
1076,4.0,4.245703638865375,0.2457036388653746,68.14634890175446,67.95947277034601,419.1014652586149,0.0,80.36922264099121
1077,4.0,4.24576543234712,0.24576543234712034,68.14476032551346,67.95945629696274,419.1073356393808,0.0,80.3685188293457
1078,4.0,4.245828629474916,0.24582862947491613,68.14317837780773,67.95945295654367,419.11333936652136,0.0,80.36784934997559
1079,4.0,4.245762154031688,0.24576215403168788,68.14161078944663,67.95945183647626,419.1070241994147,0.0,80.36474227905273
1080,4.0,4.245845116649255,0.2458451166492548,68.14004159059228,67.95945017510378,419.11490564808355,0.0,80.36446189880371
1081,4.0,4.245928997349784,0.24592899734978424,68.13848036030505,67.95946649711964,419.1228743146338,0.0,80.36420822143555
1082,4.0,4.245995618132204,0.24599561813220383,68.1369309531402,67.95948793261564,419.1292032889637,0.0,80.3636417388916
1083,4.0,4.246083359730861,0.2460833597308607,68.13539197579162,67.95949608155733,419.13753874083613,0.0,80.36348724365234
1084,4.0,4.2461556748600335,0.24615567486003354,68.13386773302707,67.95950258505059,419.14440867810754,0.0,80.36305809020996
1085,4.0,4.246210556020579,0.2462105560205794,68.13235646006275,67.95950528980538,419.1496223883594,0.0,80.36231422424316
1086,4.0,4.246174310868774,0.24617431086877417,68.13086007138263,67.95951023673346,419.14617909893786,0.0,80.35986328125
1087,4.0,4.246047067194753,0.24604706719475278,68.12936995202202,67.95950221967857,419.13409094990584,0.0,80.35569763183594
1088,4.0,4.245994418077311,0.24599441807731104,68.12787632244583,67.95949861874743,419.1290892837489,0.0,80.35293960571289
1089,4.0,4.245980450144321,0.24598045014432124,68.12637977702681,67.95948870960324,419.1277623301148,0.0,80.35091018676758
1090,4.0,4.245951981619069,0.2459519816190694,68.1248700680523,67.95948131267556,419.12505782021594,0.0,80.34859085083008
1091,4.0,4.24592362711009,0.24592362711009041,68.12335850950849,67.95947502462914,419.12236414186293,0.0,80.34627151489258
1092,4.0,4.245840468468024,0.24584046846802377,68.12184322698462,67.95947400261709,419.1144640708666,0.0,80.34291076660156
1093,4.0,4.245906126550041,0.2459061265500413,68.12031757986489,67.95947903364595,419.1207015886583,0.0,80.34235382080078
1094,4.0,4.246009778007856,0.24600977800785628,68.11877756465535,67.9594801264406,419.1305484771507,0.0,80.34249877929688
1095,4.0,4.246116301680545,0.2461163016805452,68.11723359282755,67.95948668897849,419.14066822605616,0.0,80.34269332885742
1096,4.0,4.246203214366644,0.24620321436664394,68.11570351203778,67.95949259621591,419.1489249312355,0.0,80.34253311157227
1097,4.0,4.246308567320468,0.2463085673204679,68.1141784669201,67.9594968093237,419.1589334618488,0.0,80.34272766113281
1098,4.0,4.246396179409078,0.24639617940907765,68.11266963960071,67.95949818319242,419.1672566102667,0.0,80.34260559082031
1099,4.0,4.246500685100148,0.24650068510014833,68.11118420008712,67.95949716370616,419.17718465091843,0.0,80.34283065795898
1100,4.0,4.24660533515465,0.24660533515465044,68.10972238914206,67.95949939468242,419.1871264060961,0.0,80.34308624267578
1101,4.0,4.246691450460858,0.24669145046085816,68.10827010241611,67.95949584675678,419.1953073601859,0.0,80.34300231933594
1102,4.0,4.2467955849160335,0.24679558491603348,68.10686196968219,67.95948991161453,419.2052001334275,0.0,80.34331130981445
1103,4.0,4.246879701205896,0.24687970120589586,68.10547419986538,67.95948689716622,419.2131911809645,0.0,80.34326553344727
1104,4.0,4.246983745137597,0.24698374513759713,68.10410645253924,67.95948212026246,419.22307535447607,0.0,80.34362030029297
1105,4.0,4.247086067697473,0.24708606769747288,68.10276637471293,67.95948743643478,419.23279599766425,0.0,80.34397506713867
1106,4.0,4.247169766954822,0.24716976695482185,68.10143396924082,67.9594906682494,419.2407474271124,0.0,80.34398651123047
1107,4.0,4.247218094993889,0.24721809499388936,68.10012878408125,67.95948794562091,419.24533859082385,0.0,80.3433609008789
1108,4.0,4.247228100977223,0.2472281009772228,68.09884313109576,67.9594842572427,419.2462891592405,0.0,80.34203338623047
1109,4.0,4.247200845645922,0.2472008456459216,68.09757290154275,67.95948622699068,419.24369990276693,0.0,80.34001922607422
1110,4.0,4.247174344409145,0.24717434440914499,68.0963196658533,67.95948324028511,419.2411822852731,0.0,80.33803939819336
1111,4.0,4.2471488989643,0.2471488989642996,68.09505918720711,67.95948760634332,419.2387649680128,0.0,80.3360710144043
1112,4.0,4.24717863792123,0.2471786379212304,68.09380636152599,67.95948591515781,419.2415901689212,0.0,80.33515548706055
1113,4.0,4.247209024484854,0.24720902448485393,68.09254640415732,67.95947920880118,419.24447689246546,0.0,80.33424377441406
1114,4.0,4.247294867334679,0.24729486733467887,68.091289806552,67.95947877129576,419.25263196319884,0.0,80.33438491821289
1115,4.0,4.2473994295384365,0.24739942953843652,68.09004032877947,67.95948730200904,419.2625653725558,0.0,80.33488845825195
1116,4.0,4.247502231292407,0.24750223129240734,68.08879973404706,67.95949245679563,419.272331539183,0.0,80.33536911010742
1117,4.0,4.247563728358348,0.24756372835834828,68.08756498023887,67.95949360141216,419.27817376044743,0.0,80.33507537841797
1118,4.0,4.247659352466308,0.2476593524663082,68.08635225244421,67.95949651036521,419.2872580507036,0.0,80.33545303344727
1119,4.0,4.247730787542072,0.24773078754207223,68.08516519944676,67.95950284994687,419.29404438290123,0.0,80.33540344238281
1120,4.0,4.247817119953674,0.24781711995367406,68.08399481374154,67.95949844961602,419.3022459620034,0.0,80.33565521240234
1121,4.0,4.247878904341249,0.24787890434124904,68.08282997237409,67.9594948317731,419.30811547882297,0.0,80.33544921875
1122,4.0,4.247953776988398,0.24795377698839793,68.08168169831109,67.95949584114594,419.3152283803022,0.0,80.33551025390625
1123,4.0,4.24794791544695,0.24794791544695016,68.08055362976239,67.95948931729612,419.3146715338646,0.0,80.33406829833984
1124,4.0,4.247881726568842,0.247881726568842,68.07943547104581,67.95948619460675,419.30838359044435,0.0,80.33149719238281
1125,4.0,4.247827457471416,0.24782745747141632,68.0783266850731,67.95948024895343,419.3032280261889,0.0,80.32916259765625
1126,4.0,4.247879231276223,0.24787923127622324,68.07721244198062,67.95947939714239,419.30814653764554,0.0,80.32882690429688
1127,4.0,4.247925327451088,0.24792532745108797,68.07609869437385,67.95947660526556,419.3125256742577,0.0,80.32838439941406
1128,4.0,4.247946477561504,0.2479464775615039,68.07500326673483,67.95948327193571,419.3145349347472,0.0,80.3274917602539
1129,4.0,4.247851659601778,0.24785165960177835,68.07391060652441,67.95948122293932,419.3055272285733,0.0,80.32440948486328
1130,4.0,4.247768713094376,0.2477687130943762,68.07279576547069,67.95948794118952,419.29764731037005,0.0,80.32152557373047
1131,4.0,4.247732836172177,0.2477328361721769,68.07166369470484,67.9594957094972,419.2942390027612,0.0,80.31951141357422
1132,4.0,4.2477256053013,0.24772560530129972,68.07049283733463,67.95949792983481,419.29355207002783,0.0,80.3179931640625
1133,4.0,4.24778233886587,0.24778233886587042,68.06931858217378,67.95949861817802,419.29894175866207,0.0,80.31768035888672
1134,4.0,4.2478632883893965,0.24786328838939653,68.06816366485981,67.95949931580552,419.306631963397,0.0,80.3178482055664
1135,4.0,4.247954467298727,0.24795446729872683,68.0670259196357,67.95950261124821,419.3152939597834,0.0,80.31822967529297
1136,4.0,4.248052833967777,0.248052833967777,68.06588943404587,67.95949551954317,419.3246387933432,0.0,80.3187484741211
1137,4.0,4.248011931835613,0.2480119318356131,68.0647538458464,67.95948985098978,419.32075309078755,0.0,80.31663513183594
1138,4.0,4.246182206804503,0.24618220680450342,68.063626922181,67.95948643977728,419.14692921283216,0.0,80.28071154654026
1139,4.0,4.246123905944193,0.2461239059441933,68.06246587431184,67.9594808937294,419.1413906311027,0.0,80.27823984622955
1140,4.0,4.246048131028228,0.2460481310282283,68.0611710177725,67.95948381178134,419.134192014086,0.0,80.2752799987793
1141,4.0,4.245988467148935,0.24598846714893519,68.05978130221906,67.95948447378497,419.1285239455532,0.0,80.27251291275024
1142,4.0,4.245979266824869,0.24597926682486904,68.05834051676881,67.95948860566986,419.1276499147669,0.0,80.27063965797424
1143,4.0,4.246007139836801,0.24600713983680134,68.0568480528507,67.95948830662547,419.13029785090043,0.0,80.26940631866455
1144,4.0,4.246047009679265,0.2460470096792653,68.05531998463222,67.95949006432916,419.1340854859345,0.0,80.26835775375366
1145,4.0,4.246083336537855,0.24608333653785497,68.05377717216659,67.95949137073544,419.1375365375005,0.0,80.26722478866577
1146,4.0,4.246116627844428,0.24611662784442778,68.05220905372353,67.95949062078861,419.140699211625,0.0,80.26600456237793
1147,4.0,4.246146845678493,0.246146845678493,68.05063644804802,67.9594949069983,419.14356990586117,0.0,80.26472091674805
1148,4.0,4.2462868705346235,0.2462868705346235,68.04906268839585,67.95949456956842,419.15687226719353,0.0,80.26551151275635
1149,4.0,4.24640640809975,0.2464064080997499,68.04751010499609,67.95949419886455,419.1682283358806,0.0,80.26593971252441
1150,4.0,4.246529153986475,0.2465291539864749,68.04596602659075,67.95949452763845,419.1798891951195,0.0,80.2664384841919
1151,4.0,4.2465389655114105,0.24653896551141052,68.04445380119967,67.95949419672425,419.18082128998833,0.0,80.2648401260376
1152,4.0,4.246568074777653,0.2465680747776533,68.04294606104817,67.95949536702798,419.18358667028144,0.0,80.26361179351807
1153,4.0,4.246617071739138,0.24661707173913783,68.04145196867958,67.95949491021045,419.18824138162245,0.0,80.26277542114258
1154,4.0,4.246628555291599,0.24662855529159877,68.03996958779108,67.95949285459804,419.18933231910626,0.0,80.26124382019043
1155,4.0,4.246680592383748,0.24668059238374784,68.03848909401206,67.95948664105674,419.1942758428604,0.0,80.2604808807373
1156,4.0,4.246698675031286,0.24669867503128629,68.03702066824266,67.95948788200415,419.1959936943765,0.0,80.25909042358398
1157,4.0,4.246626465259198,0.2466264652591983,68.03556462926659,67.9594915354674,419.1891337660282,0.0,80.25600814819336
1158,4.0,4.2465566192660535,0.24655661926605354,68.03410947737349,67.95948517807564,419.1824983966794,0.0,80.25297164916992
1159,4.0,4.246472260111032,0.24647226011103207,68.03265233080486,67.9594814584418,419.1744842769524,0.0,80.24965858459473
1160,4.0,4.246405936623569,0.24640593662356913,68.03118321717655,67.95948502975722,419.1681835456434,0.0,80.24667230248451
1161,4.0,4.246326851044906,0.24632685104490637,68.02970350205476,67.95949000241097,419.16067041567044,0.0,80.24343240261078
1162,4.0,4.246270058358285,0.2462700583582853,68.0282040686241,67.95949115258811,419.15527511044144,0.0,80.24059057235718
1163,4.0,4.246216371888227,0.24621637188822731,68.02668868932984,67.95949060250511,419.15017489578594,0.0,80.23778867721558
1164,4.0,4.246146049265276,0.24614604926527583,68.02515315889416,67.95949563393657,419.14349424660554,0.0,80.23464870452881
1165,4.0,4.246094194857193,0.24609419485719286,68.0236111765779,67.95949098585508,419.1385680778377,0.0,80.23185014724731
1166,4.0,4.2460993691927715,0.24609936919277153,68.02204012708115,67.95949366715386,419.13905963971763,0.0,80.23009490966797
1167,4.0,4.246160077513989,0.24616007751398872,68.02046240166511,67.95948867194393,419.1448269302333,0.0,80.22938108444214
1168,4.0,4.2462217425245194,0.24622174252451945,68.01887424768094,67.95948894608964,419.1506851062337,0.0,80.2286729812622
1169,4.0,4.246283995050166,0.24628399505016585,68.01728360142764,67.95948980094373,419.1565990961701,0.0,80.22797298431396
1170,4.0,4.246363320782643,0.24636332078264278,68.01569766092413,67.95949362787337,419.1641350407554,0.0,80.22760105133057
1171,4.0,4.246405368115856,0.24640536811585623,68.01412189034718,67.95949121967486,419.16812953741066,0.0,80.22653675079346
1172,4.0,4.246465036862008,0.24646503686200827,68.01256872260227,67.95948965720297,419.1737980682951,0.0,80.22583198547363
1173,4.0,4.2465222450385784,0.24652224503857845,68.01102832640905,67.95949953942083,419.1792328450693,0.0,80.22509574890137
1174,4.0,4.246579049079424,0.24657904907942374,68.00949606094058,67.95949321297955,419.1846292289496,0.0,80.22436141967773
1175,4.0,4.246653599144948,0.2466535991449481,68.007973920597,67.95949157104951,419.19171148517444,0.0,80.22397422790527
1176,4.0,4.246690821120669,0.2466908211206693,68.00645701305828,67.95949361123789,419.1952475728679,0.0,80.22288799285889
1177,4.0,4.246745457229801,0.24674545722980135,68.00496524462451,67.95949516331596,419.2004380032355,0.0,80.22216033935547
1178,4.0,4.246837486170719,0.246837486170719,68.0034737922308,67.9594946569272,419.2091807526226,0.0,80.22213935852051
1179,4.0,4.2469481947892875,0.24694819478928753,68.00199534805648,67.95949682981725,419.2196980713867,0.0,80.22248649597168
1180,4.0,4.247023448175145,0.24702344817514543,68.00053819872291,67.95949694089937,419.2268471430432,0.0,80.22218894958496
1181,4.0,4.247136428829978,0.247136428829978,67.99910273878095,67.95948640639826,419.23758030525227,0.0,80.22262954711914
1182,4.0,4.247232931822743,0.24723293182274286,67.99768057370768,67.95948330859588,419.2467480895649,0.0,80.22277450561523
1183,4.0,4.247273191002489,0.24727319100248923,67.99628428197198,67.95948015451248,419.2505727116408,0.0,80.22188758850098
1184,4.0,4.247256271128505,0.24725627112850468,67.99491907968432,67.95948102651613,419.2489653236123,0.0,80.21995735168457
1185,4.0,4.24731509575328,0.24731509575328037,67.99357481329785,67.95948353523468,419.254553662966,0.0,80.219482421875
1186,4.0,4.247284935591503,0.24728493559150344,67.99221463575843,67.95948326794756,419.2516884475972,0.0,80.2173080444336
1187,4.0,4.247217126215883,0.2472171262158831,67.99087674641308,67.9594875442298,419.24524655691323,0.0,80.21444892883301
1188,4.0,4.247151443474366,0.24715144347436624,67.98953548829958,67.95949553401451,419.2390066964691,0.0,80.21162605285645
1189,4.0,4.247103661114474,0.24710366111447435,67.98819379971181,67.95950053735363,419.23446737227937,0.0,80.20914077758789
1190,4.0,4.247039137559701,0.24703913755970142,67.98683875823058,67.95950098733152,419.22833763457595,0.0,80.20632362365723
1191,4.0,4.247104568070845,0.2471045680708448,67.98547771194515,67.95949240665814,419.2345535331346,0.0,80.20595359802246
1192,4.0,4.2471538620470835,0.24715386204708345,67.98409692912635,67.95949380528299,419.23923646087724,0.0,80.20525550842285
1193,4.0,4.247147376150948,0.24714737615094773,67.98272468202057,67.95949588252797,419.2386203007444,0.0,80.2035140991211
1194,4.0,4.247234453604001,0.2472344536040012,67.98135675677435,67.95948695576092,419.2468926587844,0.0,80.20354461669922
1195,4.0,4.247431412090632,0.24743141209063158,67.97999235432327,67.95948680321278,419.2656037150143,0.0,80.20565414428711
1196,4.0,4.247502100742467,0.2475021007424667,67.97862174891219,67.95948483272775,419.2723191369387,0.0,80.20537185668945
1197,4.0,4.2475704456454935,0.24757044564549346,67.97728546487741,67.95948196829117,419.27881190272626,0.0,80.20508575439453
1198,4.0,4.247694552024025,0.2476945520240248,67.97595888619325,67.95948258568275,419.29060200868673,0.0,80.20586395263672
1199,4.0,4.247797850410806,0.24779785041080604,67.97465499820447,67.95948740149815,419.3004153554309,0.0,80.2062759399414
1200,4.0,4.247863160235799,0.24786316023579857,67.97337390343799,67.95948589782301,419.30661978880516,0.0,80.20599746704102
1201,4.0,4.247965058141721,0.24796505814172143,67.97211516902796,67.95949169407002,419.31630008986787,0.0,80.20643615722656
1202,4.0,4.248160509462671,0.24816050946267065,67.97087898992305,67.95949436450286,419.33486796535806,0.0,80.20866775512695
1203,4.0,4.248245652542693,0.2482456525426926,67.96964925861751,67.959498241304,419.3429565579602,0.0,80.20882415771484
1204,4.0,4.248290849306929,0.24829084930692868,67.96846711699088,67.959495211844,419.3472502505626,0.0,80.20828247070312
1205,4.0,4.248392531514551,0.24839253151455143,67.96730258767865,67.95949095903092,419.35691006028674,0.0,80.20882797241211
1206,4.0,4.248530548472459,0.24853054847245915,67.96616453605739,67.95948986452267,419.370021671288,0.0,80.21009063720703
1207,4.0,4.248486303853363,0.24848630385336268,67.96503956526652,67.95948779848325,419.3658184324738,0.0,80.20792770385742
1208,4.0,4.248441934405529,0.24844193440552864,67.9639391951821,67.95948860799695,419.36160333492955,0.0,80.20579147338867
1209,4.0,4.248454842195108,0.24845484219510805,67.96285024664185,67.95948291165571,419.3628295749396,0.0,80.20475006103516
1210,4.0,4.248488770276748,0.2484887702767482,67.96176768637714,67.9594828875002,419.3660527426954,0.0,80.2041130065918
1211,4.0,4.248433783810896,0.24843378381089565,67.9606916584904,67.95948160718937,419.3608290284394,0.0,80.2018051147461
1212,4.0,4.24845466036715,0.24845466036715003,67.95961424213449,67.95948851538138,419.3628123012836,0.0,80.200927734375
1213,4.0,4.248534453849657,0.24853445384965678,67.95853827254777,67.95949190142095,419.37039268212175,0.0,80.20116424560547
1214,4.0,4.248491259619463,0.24849125961946328,67.95745783769705,67.95946146534361,419.36628923025336,0.0,80.1990737915039
1215,4.0,4.248507752439291,0.24850775243929135,67.9563859230596,67.95946089553134,419.367856048137,0.0,80.1981201171875
1216,4.0,4.2486047577610355,0.24860475776103552,67.9553191741347,67.95947048030283,419.3770715537027,0.0,80.19869232177734
1217,4.0,4.248615776263634,0.24861577626363385,67.95424758230011,67.9594842257925,419.37811831144955,0.0,80.19763565063477
1218,4.0,4.248631636340926,0.24863163634092622,67.95318906402109,67.95947268156273,419.37962501879235,0.0,80.19668579101562
1219,4.0,4.2486881183486584,0.24868811834865845,67.95213054616514,67.95946468832415,419.3849908095269,0.0,80.19650268554688
1220,4.0,4.248812574046377,0.2488125740463767,67.95108066390148,67.95935223349915,419.39681410081016,0.0,80.19761276245117
1221,4.0,4.248839039955458,0.24883903995545786,67.9500368244359,67.95933320793095,419.3993283621728,0.0,80.19688034057617
1222,4.0,4.248875795229938,0.24887579522993786,67.94901267938313,67.95934268521711,419.4028201132484,0.0,80.19636535644531
1223,4.0,4.249035882704624,0.24903588270462418,67.94799751855332,67.95938029884519,419.4180284233436,0.0,80.19818878173828
1224,4.0,4.249152410372519,0.24915241037251867,67.94699382012703,67.95942388676029,419.42909855179363,0.0,80.19920349121094
1225,4.0,4.249122063352618,0.2491220633526181,67.94601502510417,67.95921812271378,419.42621558490305,0.0,80.19747543334961
1226,4.0,4.249204040933775,0.24920404093377524,67.94505322246424,67.95917569613039,419.434003455113,0.0,80.1978874206543
1227,4.0,4.249306166022719,0.24930616602271893,67.94410218471766,67.95919508946183,419.4437053385626,0.0,80.19869232177734
1228,4.0,4.2493372000463845,0.2493372000463845,67.94317291301006,67.95926342958391,419.4466535708109,0.0,80.19818115234375
1229,4.0,4.2494632748093695,0.24946327480936947,67.94224945620272,67.959345741307,419.45863067329446,0.0,80.19947052001953
1230,4.0,4.249581970945375,0.24958197094537482,67.94135353741363,67.95899230736299,419.4699068062149,0.0,80.20065307617188
1231,4.0,4.2495463196442245,0.24954631964422447,67.94047576227862,67.95893928460855,419.4665199326057,0.0,80.19894409179688
1232,4.0,4.249631432031072,0.2496314320310722,67.93962562355276,67.95900090568571,419.4746056093562,0.0,80.19954681396484
1233,4.0,4.249781084829682,0.24978108482968242,67.93879719815267,67.9590986078682,419.4888226252242,0.0,80.2013931274414
1234,4.0,4.2498128904394505,0.24981289043945054,67.93797852816967,67.95921736533927,419.49184415815216,0.0,80.2010269165039
1235,4.0,4.249791611015656,0.24979161101565595,67.93718124123225,67.95872499419636,419.48982261289166,0.0,80.1996841430664
1236,4.0,4.2499393062966915,0.24993930629669148,67.93639068718007,67.95866193366889,419.50385366459,0.0,80.2015380859375
1237,4.0,4.249995704883251,0.24999570488325062,67.93561840404558,67.95874269803483,419.5092115303131,0.0,80.20169067382812
1238,4.0,4.249977857460084,0.24997785746008372,67.9348696811988,67.95890447735881,419.5075160251123,0.0,80.20046997070312
1239,4.0,4.250109868915753,0.2501098689157528,67.93412959982959,67.95912362959868,419.52005711340087,0.0,80.20208740234375
1240,4.0,4.250218352668987,0.25021835266898673,67.93340373562052,67.95930555075772,419.53036306995807,0.0,80.20327758789062
1241,4.0,4.2502263004520655,0.2502263004520655,67.93268864202543,67.9585584501757,419.5311181093506,0.0,80.20258331298828
1242,4.0,4.250264012718502,0.2502640127185023,67.93199541046866,67.9584124839297,419.53470077466204,0.0,80.20247650146484
1243,4.0,4.250343294044499,0.25034329404449895,67.93131632437476,67.95846032127723,419.5422325006317,0.0,80.20317077636719
1244,4.0,4.250467275049137,0.2504672750491368,67.93064660240384,67.9586413107267,419.55401069607234,0.0,80.20471954345703
1245,4.0,4.260536905869741,0.2605369058697411,67.92999757477884,67.95889338179576,420.5106256240298,0.0,80.39396157860756
1246,4.0,4.260643408435223,0.2606434084352234,67.92974209911539,67.95795594568132,420.5207433677506,0.0,80.39566886425018
1247,4.0,4.260602237579132,0.2606022375791319,67.93020683309547,67.95786141936141,420.51683213642184,0.0,80.39544200897217
1248,4.0,4.260513271710411,0.26051327171041105,67.93116398234889,67.95804104528011,420.5083803788934,0.0,80.39489603042603
1249,4.0,4.260479701269808,0.2604797012698077,67.93242086766281,67.95837019386194,420.5051911870361,0.0,80.39575004577637
1250,4.0,4.260395146055401,0.2603951460554006,67.9338960298329,67.95878152157644,420.4971584416674,0.0,80.3959002494812
1251,4.0,4.260241874277259,0.2602418742772592,67.93551327547031,67.95758244979616,420.4825976227439,0.0,80.39492177963257
1252,4.0,4.260211111865564,0.2602111118655639,67.93720902524024,67.95745460461842,420.47967519363294,0.0,80.39634799957275
1253,4.0,4.2600956029972785,0.2600956029972785,67.93895760002086,67.95766521267902,420.4687018511458,0.0,80.39623737335205
1254,4.0,4.259913381538419,0.2599133815384187,67.94073462774585,67.95807226412438,420.4513908125541,0.0,80.39490127563477
1255,4.0,4.25986747727223,0.2598674772722296,67.94250078609237,67.9585406550123,420.44702990726614,0.0,80.39612483978271
1256,4.0,4.259789901146066,0.2597899011460658,67.94426923316041,67.95705974883661,420.4396601752806,0.0,80.39675331115723
1257,4.0,4.259629912658491,0.25962991265849134,67.94602968455744,67.95690638629692,420.424461268961,0.0,80.39581680297852
1258,4.0,4.269817495188002,0.26981749518800235,67.94777906742077,67.95717471937488,421.39228160926456,0.0,80.5901710614562
1259,4.0,4.269728434918561,0.26972843491856136,67.94990127140906,67.95768827701963,421.3838208836677,0.0,80.59100711345673
1260,4.0,4.269524063056937,0.2695240630569371,67.95271331043374,67.95831376811019,421.3644055568134,0.0,80.59048461914062
1261,4.0,4.269269723136274,0.26926972313627395,67.95598513616251,67.95656912390842,421.34024326435036,0.0,80.58956384658813
1262,4.0,4.268981486401387,0.26898148640138686,67.95953699960559,67.95640948335672,421.3128607745361,0.0,80.58833479881287
1263,4.0,4.268689813562317,0.26868981356231725,67.96327313711478,67.95675204298952,421.28515185482445,0.0,80.58725881576538
1264,4.0,4.268419109249141,0.26841910924914103,67.9671032001701,67.95737954526938,421.2594349450727,0.0,80.58668947219849
1265,4.0,4.268115492512198,0.268115492512198,67.97097485269312,67.958111734184,421.23059135506315,0.0,80.58554744720459
1266,4.0,4.267814810084367,0.26781481008436714,67.97485824053516,67.95879688121438,421.20202652441924,0.0,80.58447408676147
1267,4.0,4.267513638035056,0.267513638035056,67.9787226218647,67.95681151279346,421.17341517973466,0.0,80.5833683013916
1268,4.0,4.267201796665247,0.2672017966652467,67.9825439149542,67.95644544010868,421.1437902496028,0.0,80.58200931549072
1269,4.0,4.2774291261863295,0.27742912618632953,67.98632117580311,67.95660621418644,422.1153865541056,0.0,80.77963066101074
1270,4.0,4.2770751622532,0.27707516225320017,67.99043983544678,67.9570829959598,422.08175998045834,0.0,80.77783930301666
1271,4.0,4.276674118755159,0.27667411875515935,67.99523524086963,67.9577348359648,422.04366084814444,0.0,80.77596187591553
1272,4.0,4.276255294266836,0.2762552942668357,68.0004587091405,67.95571440378781,422.0038725217537,0.0,80.77425599098206
1273,4.0,4.2758165727670745,0.2758165727670745,68.0059125381072,67.95557034001094,421.96219397927644,0.0,80.77244663238525
1274,4.0,4.275359432577386,0.27535943257738626,68.01151092265414,67.95603960894405,421.91876566125603,0.0,80.77045965194702
1275,4.0,4.274916447302713,0.27491644730271325,68.01715593729885,67.9568760461304,421.8766820601621,0.0,80.76879405975342
1276,4.0,4.274474874756359,0.27447487475635857,68.02279650727081,67.95780559763898,421.8347326682584,0.0,80.76714849472046
1277,4.0,4.2834411166915904,0.28344111669159044,68.02840990557948,67.95586389783577,422.68652565210544,0.0,80.94324669241905
1278,4.0,4.282947028376918,0.28294702837691776,68.03432784597584,67.95576467251462,422.63958726221153,0.0,80.94095063209534
1279,4.0,4.282463442070043,0.2824634420700427,68.04083516545408,67.95620829568773,422.5936465630584,0.0,80.93955254554749
1280,4.0,4.281886162459139,0.28188616245913867,68.04768914874082,67.9569370209838,422.53880500002253,0.0,80.93679404258728
1281,4.0,4.281350719802897,0.28135071980289705,68.05474861910004,67.95778357758726,422.4879379476796,0.0,80.93506860733032
1282,4.0,4.28076596194044,0.2807659619404399,68.06189999867824,67.95580459533022,422.43238595074615,0.0,80.9325180053711
1283,4.0,4.280201860164026,0.28020186016402615,68.06906372863284,67.95568341189535,422.37879628198687,0.0,80.93037033081055
1284,4.0,4.279651754831216,0.2796517548312156,68.07620325049959,67.95612813601355,422.3265362753698,0.0,80.92845630645752
1285,4.0,4.288507023365764,0.2885070233657636,68.08326174551274,67.95689776473202,423.16778678615185,0.0,81.10431838035583
1286,4.0,4.287915290234216,0.28791529023421614,68.09058750322109,67.95777998915796,423.1115721386549,0.0,81.10185313224792
1287,4.0,4.2872947980855916,0.28729479808559155,68.09848199003066,67.95588951913008,423.05262538453553,0.0,81.09951877593994
1288,4.0,4.286646750606784,0.286646750606784,68.10667560169313,67.95579603081157,422.9910608740488,0.0,81.09701657295227
1289,4.0,4.286007414828746,0.28600741482874614,68.1150464448054,67.95625191906517,422.93032397513525,0.0,81.09488725662231
1290,4.0,4.285324059205081,0.28532405920508097,68.12348324439955,67.95701738133025,422.86540519088703,0.0,81.09200048446655
1291,4.0,4.284697804476782,0.2846978044767816,68.13192741515495,67.957905128152,422.8059109916986,0.0,81.09019994735718
1292,4.0,4.284028195171885,0.28402819517188505,68.14031232452287,67.95868627476679,422.7422981077334,0.0,81.08750534057617
1293,4.0,4.283365148964835,0.283365148964835,68.14861868029305,67.95666691337097,422.6793087180637,0.0,81.08483839035034
1294,4.0,4.292112010365955,0.2921120103659547,68.15681714995324,67.9562952875396,423.51026055117006,0.0,81.26019263267517
1295,4.0,4.291452159552159,0.29145215955215864,68.16525135736195,67.95646356290669,423.4475747238594,0.0,81.25775420665741
1296,4.0,4.290755749503529,0.29075574950352934,68.17419341666017,67.95696379673466,423.38141576923965,0.0,81.25522565841675
1297,4.0,4.290000650172527,0.2900006501725274,68.1834198246117,67.95764344487606,423.3096813327944,0.0,81.25192093849182
1298,4.0,4.28926533397934,0.2892653339793396,68.19279080097432,67.95571557786009,423.2398262944416,0.0,81.24915933609009
1299,4.0,4.288534794722401,0.28853479472240107,68.20219889825813,67.95560054984922,423.1704250650324,0.0,81.24652862548828
1300,4.0,4.287766230717638,0.2877662307176383,68.21159056685784,67.95608922924787,423.09741148458,0.0,81.24315404891968
1301,4.0,4.286997270393068,0.2869972703930683,68.22089380599836,67.95691423522571,423.02436025374584,0.0,81.23966264724731
1302,4.0,4.295654442968529,0.2956544429685293,68.23009953174277,67.95785587316962,423.84679164841464,0.0,81.41470283269882
1303,4.0,4.294864667111562,0.294864667111562,68.23950744234102,67.95602051991332,423.77176294200274,0.0,81.41095817089081
1304,4.0,4.294048316565463,0.2940483165654628,68.24942448866004,67.95593977311073,423.6942096401233,0.0,81.40731287002563
1305,4.0,4.2931772963117565,0.2931772963117565,68.25962585242253,67.95637232372219,423.6114627160212,0.0,81.4029655456543
1306,4.0,4.292319274109028,0.2923192741090279,68.26991776732133,67.95708692315678,423.529950606762,0.0,81.39896774291992
1307,4.0,4.2914271209644435,0.29142712096444345,68.28021523613143,67.95788031581786,423.44519605802645,0.0,81.39432430267334
1308,4.0,4.290534929987948,0.29053492998794805,68.29043837105715,67.95594957404747,423.3604379152594,0.0,81.38958644866943
1309,4.0,4.289631006565451,0.28963100656545127,68.30052722142709,67.95579339076144,423.2745651901222,0.0,81.38446092605591
1310,4.0,4.298064092017192,0.2980640920171922,68.31047838825282,67.95620479963667,424.07570830803763,0.0,81.55633729696274
1311,4.0,4.297154267108645,0.29715426710864534,68.32056765973765,67.95696336530966,423.9892749417256,0.0,81.55111634731293
1312,4.0,4.29623389374796,0.29623389374796005,68.33113558954219,67.95781714112952,423.90183947246055,0.0,81.54626131057739
1313,4.0,4.295321476989332,0.295321476989332,68.34194463236048,67.955978224098,423.81515988039087,0.0,81.54183959960938
1314,4.0,4.294351137380613,0.29435113738061336,68.35281678721996,67.95589356957142,423.7229776175626,0.0,81.53638792037964
1315,4.0,4.2933571524747745,0.29335715247477445,68.36366533569341,67.95635003353165,423.6285490515079,0.0,81.53045320510864
1316,4.0,4.2923691818265715,0.29236918182657146,68.37435551869233,67.95710036208663,423.53469183992866,0.0,81.52443790435791
1317,4.0,4.291395071578536,0.2913950715785356,68.38488215475385,67.9579460715353,423.44215136636524,0.0,81.5184850692749
1318,4.0,4.299879828596663,0.29987982859666307,68.39525824659286,67.95605249139098,424.2482032830873,0.0,81.69205314060673
1319,4.0,4.2988623545246485,0.2988623545246485,68.40580178095342,67.95591960635653,424.151543246246,0.0,81.68531280755997
1320,4.0,4.297811469009813,0.2978114690098126,68.41672795701537,67.95635778563506,424.05170912233655,0.0,81.67838835716248
1321,4.0,4.296794096505928,0.2967940965059279,68.42780559030074,67.95709299103653,423.95505873446746,0.0,81.67227530479431
1322,4.0,4.295778126092081,0.2957781260920811,68.43901218858363,67.95793340315,423.85854154515204,0.0,81.66633653640747
1323,4.0,4.294697996949515,0.29469799694951515,68.45013728838745,67.95869192754452,423.7559292766083,0.0,81.65907430648804
1324,4.0,4.293674188950037,0.29367418895003716,68.4610572202262,67.95669568600675,423.6586675166579,0.0,81.65263175964355
1325,4.0,4.292652329853507,0.29265232985350664,68.47187169475875,67.95633672422392,423.56159090248747,0.0,81.64609432220459
1326,4.0,4.2915962107332595,0.2915962107332595,68.48244083142626,67.95650652515641,423.461259586064,0.0,81.63860654830933
1327,4.0,4.299952609071993,0.29995260907199306,68.4927232394534,67.95700820616828,424.2551174282437,0.0,81.80985110998154
1328,4.0,4.298908289134171,0.2989082891341708,68.50318372165755,67.95768892710208,424.1559070341506,0.0,81.80247342586517
1329,4.0,4.297833072549739,0.29783307254973934,68.51397242303501,67.95572330416184,424.05376145862954,0.0,81.79489350318909
1330,4.0,4.2868042118966905,0.2868042118966905,68.52493860767518,67.95561160810497,423.00601969658993,0.0,81.59805428981781
1331,4.0,4.285705554918406,0.28570555491840643,68.53556260760637,67.95608381877784,422.90164728365295,0.0,81.58978927135468
1332,4.0,4.2846768401403486,0.28467684014034855,68.54537670684009,67.9569032376628,422.80391937973747,0.0,81.58188557624817
1333,4.0,4.28366197466567,0.28366197466567034,68.55463134889636,67.95784475209291,422.707507159643,0.0,81.57357430458069
1334,4.0,4.282708078299857,0.2827080782998568,68.56327202970235,67.95600688712618,422.6168870048907,0.0,81.5656886100769
1335,4.0,4.291091266043662,0.2910912660436624,68.57152684359744,67.95590947540732,423.41328984055224,0.0,81.73518887162209
1336,4.0,4.2901433190587905,0.29014331905879054,68.57969517028623,67.95633522094641,423.32323487698943,0.0,81.72686696052551
1337,4.0,4.289131225414201,0.28913122541420133,68.58824464426826,67.95704969986673,423.2270859807535,0.0,81.71777272224426
1338,4.0,4.288141448411649,0.2881414484116487,68.59680284375028,67.95785274903406,423.133057165511,0.0,81.70910930633545
1339,4.0,4.287170765959949,0.2871707659599494,68.60538556634646,67.95590166455506,423.04084233259954,0.0,81.70083427429199
1340,4.0,4.286130559885469,0.28613055988546865,68.61390525065762,67.95574893885733,422.94202275552385,0.0,81.69115447998047
1341,4.0,4.285127568149928,0.2851275681499281,68.62213957492466,67.95617128510604,422.8467385406475,0.0,81.68183946609497
1342,4.0,4.284172456776326,0.28417245677632597,68.63017370022999,67.95691316864979,422.75600296015534,0.0,81.67319440841675
1343,4.0,4.282333368451862,0.2823333684518623,68.63814494687702,67.957799118037,422.58128956933126,0.0,81.64761623740196
1344,4.0,4.281393331959141,0.2813933319591406,68.64559297173393,67.95594944088998,422.4919861025227,0.0,81.63855111598969
1345,4.0,4.280417675986153,0.2804176759861532,68.6528877536816,67.95587594084441,422.3992987850889,0.0,81.62862062454224
1346,4.0,4.279444466226075,0.2794444662260753,68.6597943219053,67.9563451153816,422.3068438578815,0.0,81.6182713508606
1347,4.0,4.278538909835631,0.278538909835631,68.66626060151359,67.95712655420134,422.2208160007893,0.0,81.60868549346924
1348,4.0,4.2776160312745075,0.2776160312745075,68.67265095149634,67.95798532849429,422.13314253748257,0.0,81.59867572784424
1349,4.0,4.276735256730025,0.2767352567300252,68.67861958923314,67.9587419845799,422.04946895575677,0.0,81.58896493911743
1350,4.0,4.275823664894814,0.2758236648948138,68.68440402311357,67.95673698200989,421.9628677314116,0.0,81.578444480896
1351,4.0,4.274964981356195,0.2749649813561952,68.68977125478877,67.9563581250093,421.88129279524287,0.0,81.56843519210815
1352,4.0,4.283450667109526,0.28345066710952604,68.6949212148207,67.95649332898226,422.68743294180933,0.0,81.73647391796112
1353,4.0,4.272368853188451,0.2723688531884507,68.70022941751515,67.95697613070793,421.63466061930717,0.0,81.53131121397018
1354,4.0,4.271484582811205,0.2714845828112047,68.70542089948404,67.9576305957553,421.55065493346876,0.0,81.52059614658356
1355,4.0,4.270650566051404,0.2706505660514038,68.71010902412063,67.95570615499668,421.47142334128773,0.0,81.51024055480957
1356,4.0,4.269855766871558,0.269855766871558,68.7143532883309,67.95560172662478,421.39591741920236,0.0,81.5001049041748
1357,4.0,4.269054752138133,0.2690547521381328,68.71829305677284,67.95608475300234,421.31982101952696,0.0,81.48948764801025
1358,4.0,4.268282901066698,0.26828290106669783,68.72185523959465,67.95691222992943,421.24649516774065,0.0,81.4789776802063
1359,4.0,4.267527523260139,0.2675275232601386,68.72509227903049,67.95782692979586,421.17473427611753,0.0,81.4683952331543
1360,4.0,4.276116600078071,0.2761166000780708,68.72815608927795,67.9560116347753,421.9906965738211,0.0,81.63600254058838
1361,4.0,4.266082065049678,0.2660820650496776,68.7312583780855,67.95592142633083,421.0374157461237,0.0,81.44810796529055
1362,4.0,4.265316882839196,0.26531688283919586,68.73446331054144,67.95636112323106,420.96472343612794,0.0,81.4372963309288
1363,4.0,4.264568883943842,0.26456888394384226,68.73721119449361,67.95706920579983,420.8936635410694,0.0,81.42627000808716
1364,4.0,4.263862077288038,0.2638620772880378,68.73954350704383,67.95787922459776,420.8265169087679,0.0,81.41553688049316
1365,4.0,4.2631586296340105,0.2631586296340105,68.74168250509385,67.95592313677228,420.7596893816353,0.0,81.4046380519867
1366,4.0,4.262475801106548,0.26247580110654756,68.7435186669335,67.95577313676401,420.6948206715264,0.0,81.39377355575562
1367,4.0,4.261796615301064,0.2617966153010638,68.74519374472156,67.95617065509903,420.6302980200054,0.0,81.38278722763062
1368,4.0,4.2704692565832625,0.2704692565832625,68.74663235156724,67.95692156706129,421.4541989418143,0.0,81.5501055419445
1369,4.0,4.2697972331762495,0.2697972331762495,68.74831261522077,67.9577717716277,421.39035671814804,0.0,81.53926527500153
1370,4.0,4.259785503813919,0.2597855038139194,68.75041288100932,67.95592554578243,420.4392424287267,0.0,81.35055893659592
1371,4.0,4.259081371511095,0.2590813715110949,68.75238101892842,67.95586872169082,420.3723498599584,0.0,81.33944034576416
1372,4.0,4.258405763450344,0.2584057634503436,68.75383560356734,67.9563305238499,420.30816709418696,0.0,81.32825827598572
1373,4.0,4.257766356649767,0.25776635664976677,68.75493325203273,67.95710259683679,420.24742344813217,0.0,81.31734490394592
1374,4.0,4.2571501077219445,0.25715010772194447,68.75577959447867,67.95793209805746,420.1888797999891,0.0,81.30657625198364
1375,4.0,4.256514819848882,0.25651481984888225,68.7563515727383,67.95606271596999,420.12852745204816,0.0,81.2951192855835
1376,4.0,4.25590914871986,0.25590914871986037,68.75658359286196,67.95593803665278,420.0709886947911,0.0,81.28382587432861
1377,4.0,4.264641373432481,0.2646413734324806,68.75669548433133,67.95636522412705,420.90055004249,0.0,81.45073562860489
1378,4.0,4.254767618430536,0.2547676184305363,68.7568450477952,67.95710536557968,419.9625433173053,0.0,81.26233273744583
1379,4.0,4.254154053069155,0.25415405306915506,68.75732754163502,67.95794100024106,419.90425460797405,0.0,81.25118434429169
1380,4.0,4.2535820662929,0.2535820662928998,68.75736815474468,67.95870781866778,419.84991586422984,0.0,81.24030780792236
1381,4.0,4.253016332309483,0.2530163323094827,68.75714129806104,67.95670770292037,419.7961711358052,0.0,81.22923469543457
1382,4.0,4.252472012884926,0.25247201288492604,68.75666259538121,67.9563645605942,419.7444607904723,0.0,81.2182731628418
1383,4.0,4.25194094519839,0.25194094519839005,68.75598038293727,67.95653584931605,419.69400936025136,0.0,81.2073245048523
1384,4.0,4.251408038951075,0.2514080389510749,68.75513351797723,67.95703908582341,419.6433832667565,0.0,81.1961464881897
1385,4.0,4.26023452814644,0.26023452814644,68.75407194494849,67.95770900961115,420.4818997403162,0.0,81.36346423625946
1386,4.0,4.250389280660227,0.2503892806602268,68.75320024358142,67.95575617180454,419.5466012291259,0.0,81.17440703511238
1387,4.0,4.24985778767342,0.24985778767342026,68.7524648435922,67.9556182698723,419.4961093953793,0.0,81.16338837146759
1388,4.0,4.249338417524067,0.2493384175240667,68.75145618803205,67.95608801902506,419.4467692311907,0.0,81.15227890014648
1389,4.0,4.24883725489237,0.2488372548923703,68.75007136102928,67.95690652564055,419.3991587811795,0.0,81.14107346534729
1390,4.0,4.248377128393506,0.24837712839350612,68.74847995046476,67.95783251552133,419.3554467637874,0.0,81.13040828704834
1391,4.0,4.247898161267578,0.24789816126757813,68.74678556309112,67.95598258667968,419.30994488682427,0.0,81.11926221847534
1392,4.0,4.247451209256809,0.24745120925680908,68.74479652816713,67.95591657010478,419.2674844458012,0.0,81.10838031768799
1393,4.0,4.256360070977467,0.2563600709774674,68.74270937550874,67.95634292776171,420.11382630926374,0.0,81.2760342657566
1394,4.0,4.246592506322672,0.24659250632267238,68.74088875862324,67.95707138142087,419.18590766705825,0.0,81.08737307786942
1395,4.0,4.24614257411327,0.24614257411326967,68.73916206401937,67.95786899012455,419.1431641071649,0.0,81.07674515247345
1396,4.0,4.245719286797296,0.24571928679729638,68.73701034915267,67.95592986915504,419.10295181214747,0.0,81.06612515449524
1397,4.0,4.2452970982471365,0.24529709824713652,68.73474933396119,67.95577985480632,419.0628438998823,0.0,81.05539774894714
1398,4.0,4.244878115924826,0.2448781159248261,68.73220645920878,67.95620518164483,419.0230405792628,0.0,81.04439973831177
1399,4.0,4.244494988220125,0.24449498822012483,68.72937389476944,67.95694669273242,418.98664344731617,0.0,81.03374528884888
1400,4.0,4.244117547971913,0.24411754797191332,68.72649240251603,67.95781040257295,418.9507866237361,0.0,81.02314233779907
1401,4.0,4.25307763033252,0.25307763033251973,68.72350338128494,67.95593730057034,419.8019944479937,0.0,81.19066525250673
1402,4.0,4.243357486663024,0.24335748666302415,68.7206054225377,67.9558336762101,418.87858079939167,0.0,81.00169319659472
1403,4.0,4.242981171255467,0.24298117125546703,68.71788464599395,67.95629114825725,418.8428308356737,0.0,80.99130296707153
1404,4.0,4.242609366601462,0.24260936660146193,68.71491721129391,67.95704796833323,418.8075093935432,0.0,80.98070871829987
1405,4.0,4.242263721503502,0.24226372150350173,68.71169064553378,67.95791658794316,418.774673109237,0.0,80.97030901908875
1406,4.0,4.2419191037301385,0.24191910373013847,68.70825701844639,67.95869250345258,418.7419344207675,0.0,80.95968556404114
1407,4.0,4.241597113426274,0.2415971134262742,68.70456983764268,67.95671110555635,418.71134534190037,0.0,80.9491958618164
1408,4.0,4.241297732838962,0.24129773283896228,68.70081233346409,67.95637485482509,418.68290418610576,0.0,80.93905544281006
1409,4.0,4.2410133444375,0.24101334443750044,68.6969842860551,67.95653811279378,418.6558872879669,0.0,80.92911863327026
1410,4.0,4.250057605883643,0.2500576058836428,68.6931116218981,67.95700549506215,419.5150921253504,0.0,81.0971337556839
1411,4.0,4.240429315026093,0.240429315026093,68.68928928568741,67.95765699897721,418.60040449388316,0.0,80.90890997648239
1412,4.0,4.240090093750579,0.24009009375057921,68.68582368803557,67.95572993551995,418.5681784727094,0.0,80.89835572242737
1413,4.0,4.239808235165514,0.23980823516551375,68.68186247778817,67.955615922044,418.54140190712815,0.0,80.88831281661987
1414,4.0,4.239526332986107,0.23952633298610682,68.67789537342925,67.95611327952435,418.5146212000845,0.0,80.878262758255
1415,4.0,4.239261789053809,0.2392617890538089,68.67367691642738,67.95692513525792,418.4894895265162,0.0,80.868248462677
1416,4.0,4.239023917398901,0.23902391739890128,68.66931965400701,67.95786444256426,418.46689171929995,0.0,80.85858011245728
1417,4.0,4.238783553275433,0.2387835532754332,68.6648799752442,67.95603924336001,418.4440571275705,0.0,80.84876775741577
1418,4.0,4.247876571459346,0.24787657145934627,68.66032671641739,67.95595245406919,419.30789385504227,0.0,81.0168314576149
1419,4.0,4.2382987496348505,0.23829874963485054,68.6558836226262,67.95635954442841,418.39800078171515,0.0,80.82892936468124
1420,4.0,4.238047551543127,0.23804755154312662,68.65179183744692,67.95703970427404,418.3741369630014,0.0,80.81932175159454
1421,4.0,4.237813031281792,0.23781303128179232,68.64742125345354,67.95783562304445,418.3518575381746,0.0,80.80970454216003
1422,4.0,4.237608758135058,0.23760875813505766,68.64283700465658,67.95593027235242,418.3324515892348,0.0,80.80041313171387
1423,4.0,4.237392174198139,0.2373921741981393,68.63809138073321,67.9557886956426,418.31187611522756,0.0,80.79069757461548
1424,4.0,4.237200649192581,0.2372006491925811,68.63316300333288,67.95621680783786,418.29368123969954,0.0,80.78124523162842
1425,4.0,4.237032651857884,0.23703265185788425,68.62815209426523,67.95694875222244,418.2777214929033,0.0,80.77214479446411
1426,4.0,4.246193176513319,0.2461931765133194,68.62317106893948,67.95780344506625,419.1479713351697,0.0,80.94090020656586
1427,4.0,4.236654696021602,0.23665469602160183,68.61826664281138,67.95595243419446,418.24181568845654,0.0,80.75330600142479
1428,4.0,4.236436221511169,0.23643622151116883,68.61379306835374,67.95586894872461,418.2210606099654,0.0,80.74387729167938
1429,4.0,4.236258076661262,0.23625807666126164,68.6088683469616,67.95633258172819,418.2041368492242,0.0,80.73468685150146
1430,4.0,4.23610973486023,0.23610973486023035,68.60377531511209,67.9571079370816,418.19004437812623,0.0,80.72586679458618
1431,4.0,4.235958806299301,0.23595880629930122,68.59864641513079,67.9579648346732,418.17570616483795,0.0,80.71695566177368
1432,4.0,4.235828389520538,0.2358283895205382,68.59329319359526,67.95609081845603,418.1633165708555,0.0,80.70817184448242
1433,4.0,4.235689984166602,0.23568998416660225,68.58790202753144,67.95596851659981,418.15016806223156,0.0,80.69919157028198
1434,4.0,4.235566046046677,0.23556604604667708,68.58232164689389,67.95637079189217,418.1383939408387,0.0,80.69026470184326
1435,4.0,4.235457801988799,0.23545780198879918,68.57669937517986,67.95709377015605,418.12811075534023,0.0,80.68158788979053
1436,4.0,4.235364154664747,0.23536415466474736,68.5711477902299,67.9579137358503,418.11921425955535,0.0,80.6732726097107
1437,4.0,4.235265411765073,0.23526541176507276,68.5655622925578,67.95867997051347,418.10983368408625,0.0,80.66482067108154
1438,4.0,4.235170831551141,0.23517083155114094,68.5598420668438,67.9569003268272,418.1008485637627,0.0,80.65628981590271
1439,4.0,4.235092910475993,0.23509291047599312,68.55401486450744,67.95661931958729,418.0934460616237,0.0,80.64795064926147
1440,4.0,4.2350185615018034,0.23501856150180345,68.54821535854123,67.95677817897523,418.08638290907567,0.0,80.6397123336792
1441,4.0,4.23495784313121,0.23495784313120982,68.54237865956323,67.95725840044209,418.08061466386926,0.0,80.63169002532959
1442,4.0,4.234887617505426,0.23488761750542597,68.5366263417264,67.9578709884707,418.0739432294198,0.0,80.62358617782593
1443,4.0,4.234805985940956,0.23480598594095614,68.53072173733877,67.95636779135195,418.0661882307952,0.0,80.61508628726006
1444,4.0,4.234756491451056,0.23475649145105582,68.5247126289104,67.95632880585592,418.06148625425465,0.0,80.60707545280457
1445,4.0,4.23471899788379,0.2347189978837898,68.51875189032918,67.95674272740136,418.0579243653644,0.0,80.59935009479523
1446,4.0,4.234678616800683,0.23467861680068314,68.51282458872308,67.95741606224442,418.05408816246927,0.0,80.59160923957825
1447,4.0,4.2346410107996775,0.23464101079967747,68.50694237392449,67.95816494614726,418.0505155923737,0.0,80.58397436141968
1448,4.0,4.234616506965217,0.2346165069652173,68.50087506564815,67.95706735515711,418.04818772809995,0.0,80.57637119293213
1449,4.0,4.2345945743027,0.23459457430270003,68.49483663416771,67.95711018832169,418.0461041251608,0.0,80.56885099411011
1450,4.0,4.234580489712966,0.2345804897129664,68.48884916959992,67.95744839993799,418.04476608913615,0.0,80.56154012680054
1451,4.0,4.2345602459036416,0.23456024590364155,68.48280317544837,67.95794579080241,418.04284292725026,0.0,80.55404329299927
1452,4.0,4.234729465613057,0.2347294656130572,68.47663738806172,67.9584640322563,418.05891879964474,0.0,80.55000945925713
1453,4.0,4.23471213613645,0.2347121361364497,68.4706336328444,67.95754594396308,418.05727249936706,0.0,80.54261755943298
1454,4.0,4.234725070110503,0.23472507011050325,68.4645146737347,67.95752521044555,418.05850122690214,0.0,80.53566575050354
1455,4.0,4.234723448399107,0.23472344839910697,68.45859842674099,67.95778304491351,418.0583471643195,0.0,80.52867555618286
1456,4.0,4.234753682945408,0.23475368294540822,68.45238714428689,67.95818055202295,418.06121944621816,0.0,80.52194404602051
1457,4.0,4.234775914328271,0.23477591432827083,68.44644069533155,67.95863769250107,418.0633314275901,0.0,80.515371799469
1458,4.0,4.2347977607152805,0.23479776071528047,68.44041662157169,67.95799227652289,418.065406834356,0.0,80.50870084762573
1459,4.0,4.234819967641208,0.23481996764120794,68.43436692119043,67.95804760456387,418.0675164923191,0.0,80.50200653076172
1460,4.0,4.22542648543485,0.22542648543485022,68.42828521665682,67.95827311118829,417.1751356827151,0.0,80.3163024187088
1461,4.0,4.225489608080069,0.22548960808006857,68.42177300949245,67.95860903686473,417.18113233401084,0.0,80.30985856056213
1462,4.0,4.2255868511089725,0.22558685110897247,68.41475152373965,67.95894688934958,417.1903704217567,0.0,80.30346512794495
1463,4.0,4.225724637804225,0.22572463780422503,68.4072543898413,67.95922848882194,417.2034601578057,0.0,80.297283411026
1464,4.0,4.235219469112845,0.2352194691128453,68.39952071194537,67.95873291308918,418.10546913212465,0.0,80.46860605478287
1465,4.0,4.235378525673166,0.2353785256731662,68.3917725935114,67.95866745999817,418.1205795053551,0.0,80.46251249313354
1466,4.0,4.235506155527164,0.23550615552716359,68.38471427817949,67.9587093121791,418.1327043414849,0.0,80.45663285255432
1467,4.0,4.235611132210402,0.2356111322104022,68.3780036497451,67.95882702624435,418.1426771263925,0.0,80.4507315158844
1468,4.0,4.226286172842627,0.2262861728426273,68.37149128039641,67.95898428844963,417.25680598645397,0.0,80.26596894860268
1469,4.0,4.226395868242782,0.2263958682427818,68.36486240422782,67.95866966912354,417.2672270494686,0.0,80.26026999950409
1470,4.0,4.2265604715725384,0.22656047157253845,68.35764182584562,67.9586945718802,417.2828643657955,0.0,80.25491857528687
1471,4.0,4.226726223069929,0.22672622306992896,68.35018565697247,67.95883100284955,417.29861075804763,0.0,80.24931168556213
1472,4.0,4.226930992609154,0.22693099260915428,68.34239445790178,67.95901342896778,417.318063864274,0.0,80.24405145645142
1473,4.0,4.227142725286934,0.22714272528693424,68.33450789662577,67.95921366705328,417.3381784686631,0.0,80.2388105392456
1474,4.0,4.227364665810622,0.2273646658106223,68.32660251033387,67.95908790112476,417.35926281841347,0.0,80.23374032974243
1475,4.0,4.227595199230446,0.22759519923044635,68.31857736356966,67.95914273993473,417.38116349329675,0.0,80.22869157791138
1476,4.0,4.218398122779755,0.2183981227797549,68.31055756041376,67.95921314431324,416.50744123048105,0.0,80.04475771635771
1477,4.0,4.218677844522938,0.21867784452293826,68.3020851576103,67.95929070129318,416.5340147960835,0.0,80.04013705253601
1478,4.0,4.218972405403421,0.218972405403421,68.2933007337317,67.95935780102859,416.56199807972934,0.0,80.03543090820312
1479,4.0,4.219320277312977,0.21932027731297676,68.2838858514041,67.95924558705894,416.59504591113716,0.0,80.0309956073761
1480,4.0,4.21967248168377,0.2196724816837703,68.27421447482982,67.95923727485561,416.62850532636253,0.0,80.02634000778198
1481,4.0,4.229507418613864,0.22950741861386437,68.26438954524151,67.95926554723883,417.5628243347214,0.0,80.20131722465158
1482,4.0,4.229874615923728,0.2298746159237277,68.25495311875676,67.95931317719861,417.59770807915845,0.0,80.1971926689148
1483,4.0,4.230207461852919,0.23020746185291863,68.24607376384493,67.95936793054673,417.62932844243164,0.0,80.1930695772171
1484,4.0,4.230524734616499,0.23052473461649914,68.23769654463617,67.95941260888833,417.65946935497175,0.0,80.1892397403717
1485,4.0,4.221377714328682,0.22137771432868192,68.22961520648613,67.95940246448107,416.7905024276291,0.0,80.0063825249672
1486,4.0,4.22168677265308,0.22168677265308023,68.2214362270619,67.95942574092254,416.81986296844696,0.0,80.00264859199524
1487,4.0,4.22204189581155,0.2220418958115502,68.2126949776568,67.95943704577446,416.8535996685016,0.0,79.99912667274475
1488,4.0,4.22241271746434,0.22241271746433977,68.20377764784108,67.95945498024285,416.88882772551665,0.0,79.99569392204285
1489,4.0,4.222797072745187,0.22279707274518668,68.1947207670444,67.95946483730604,416.9253414771971,0.0,79.99235200881958
1490,4.0,4.22320086575371,0.2232008657537099,68.18542710366891,67.95947306015535,416.96370181300676,0.0,79.98909854888916
1491,4.0,4.2236179125534745,0.22361791255347452,68.17617814440693,67.9594681219599,417.00332125898444,0.0,79.98614645004272
1492,4.0,4.224037785474444,0.22403778547444375,68.16709307007334,67.959466877706,417.0432091864765,0.0,79.98343801498413
1493,4.0,4.214991544763874,0.2149915447638744,68.15789949230502,67.95947024522718,416.1838163189724,0.0,79.80138057470322
1494,4.0,4.21543809816905,0.21543809816904957,68.14842185221504,67.95946934702728,416.22623889246404,0.0,79.79873716831207
1495,4.0,4.215925877106091,0.21592587710609124,68.13836700584298,67.95946924029057,416.272577891483,0.0,79.79619574546814
1496,4.0,4.216444585397025,0.21644458539702516,68.12795244622103,67.95947381400941,416.3218551791217,0.0,79.79381561279297
1497,4.0,4.216983068774102,0.2169830687741019,68.11731851248025,67.95947774211542,416.37301109994405,0.0,79.79154968261719
1498,4.0,4.217538376094369,0.2175383760943692,68.10661912261557,67.95947503209588,416.4257652953694,0.0,79.78952217102051
1499,4.0,4.218103331509032,0.21810333150903194,68.09594097398752,67.959479978897,416.4794360597624,0.0,79.78769874572754
1500,4.0,4.218659343735388,0.2186593437353883,68.085331893472,67.95948663872001,416.53225722126626,0.0,79.7857837677002
1501,4.0,4.209767165862283,0.20976716586228328,68.0745131252705,67.95948484616507,415.6875003233213,0.0,79.60495838522911
1502,4.0,4.210367534011721,0.2103675340117208,68.06364168948966,67.95948785228872,415.7445352975178,0.0,79.60359644889832
1503,4.0,4.2109932637255545,0.2109932637255545,68.05230996234481,67.95948343960127,415.80397962033203,0.0,79.60217189788818
1504,4.0,4.211673923254781,0.2116739232547813,68.04036829376963,67.95948472316987,415.8686422756086,0.0,79.60106801986694
1505,4.0,4.2123591848599204,0.21235918485992045,68.0284287004421,67.95948947074893,415.9337421280968,0.0,79.60004901885986
1506,4.0,4.213054930083449,0.213054930083449,68.0164439393284,67.95949812340918,415.999837924332,0.0,79.59917068481445
1507,4.0,4.213751419136208,0.21375141913620777,68.00455134785754,67.95948969041567,416.06600438434407,0.0,79.59840965270996
1508,4.0,4.214473122967706,0.21447312296770615,67.99247950912485,67.95948489844935,416.13456624833645,0.0,79.59791040420532
1509,4.0,4.205698846479196,0.205698846479196,67.98057518395899,67.9594840180573,415.30100998192796,0.0,79.41828517615795
1510,4.0,4.206442790258651,0.20644279025865142,67.96854396163725,67.95948043482576,415.37168464097624,0.0,79.41827547550201
1511,4.0,4.207245238270608,0.20724523827060803,67.95578728414321,67.95948402024689,415.4479172021121,0.0,79.41851735115051
1512,4.0,4.208058541234736,0.20805854123473644,67.94299452109533,67.95948257963693,415.52518098370433,0.0,79.41891622543335
1513,4.0,4.208885798456591,0.20888579845659105,67.93004368220728,67.9594775096916,415.6037704197805,0.0,79.41938781738281
1514,4.0,4.209735967788638,0.2097359677886379,67.9168171788186,67.95947624350451,415.68453650632495,0.0,79.41996335983276
1515,4.0,4.210574548506316,0.21057454850631618,67.90387993574934,67.95947880392744,415.7642016745044,0.0,79.42065238952637
1516,4.0,4.2114259864269386,0.21142598642693855,67.89093623045711,67.95947480390308,415.8450882769635,0.0,79.42157030105591
1517,4.0,4.212272524293192,0.21227252429319243,67.87822587379341,67.95947250301622,415.9255093742576,0.0,79.42266273498535
1518,4.0,4.203611218370679,0.2036112183706793,67.8655321191316,67.95947156328958,415.10268531161887,0.0,79.24453115463257
1519,4.0,4.204471118238767,0.20447111823876707,67.85290648248811,67.95947536219761,415.1843757990872,0.0,79.24599599838257
1520,4.0,4.205381954121342,0.20538195412134197,67.83963025179776,67.95948205578617,415.27090520793183,0.0,79.24765467643738
1521,4.0,4.2063141208661605,0.20631412086616052,67.82608417039239,67.95948000553994,415.3594610486896,0.0,79.24939322471619
1522,4.0,4.2072499244132695,0.2072499244132695,67.8125848247588,67.95948315042358,415.44836238566495,0.0,79.25124788284302
1523,4.0,4.208203093712427,0.2082030937124273,67.79903054989674,67.95948340802782,415.53891346908495,0.0,79.25335836410522
1524,4.0,4.209155932768586,0.2091559327685859,67.7856390365089,67.95949058394933,415.62943317942,0.0,79.25564575195312
1525,4.0,4.210113040305212,0.21011304030521227,67.77235571417536,67.95948732549722,415.7203583953995,0.0,79.25813293457031
1526,4.0,4.201546501648451,0.20154650164845123,67.75931327096572,67.95949101312223,414.9065372230072,0.0,79.08164045214653
1527,4.0,4.202519035737421,0.2025190357374207,67.74619294976397,67.95949215778829,414.99892796145934,0.0,79.08462929725647
1528,4.0,4.203547383421443,0.2035473834214434,67.73236861290486,67.95949040399557,415.09662099144145,0.0,79.08783912658691
1529,4.0,4.2045877109179335,0.20458771091793349,67.71862510261359,67.95948368048684,415.19545210360803,0.0,79.09136080741882
1530,4.0,4.205641859411909,0.2056418594119087,67.70479365012528,67.95947476838823,415.2955962105357,0.0,79.09503173828125
1531,4.0,4.206704754144327,0.20670475414432676,67.69092041099128,67.9594718684895,415.3965712101154,0.0,79.09881019592285
1532,4.0,4.207759186514772,0.20775918651477188,67.67724087575698,67.95947886250269,415.4967422853077,0.0,79.10264778137207
1533,4.0,4.20880812755533,0.20880812755533018,67.66387672260271,67.95947642931228,415.5963916841607,0.0,79.10674285888672
1534,4.0,4.209853919481308,0.20985391948130783,67.65070235634444,67.9594784196029,415.69574191712854,0.0,79.11099290847778
1535,4.0,4.2011453950880195,0.20114539508801954,67.63780363666152,67.95947515516856,414.8684320997662,0.0,78.9322909116745
1536,4.0,4.202201957060158,0.20220195706015787,67.62479779775411,67.95947998745017,414.9688054871193,0.0,78.9369604587555
1537,4.0,4.203294588657869,0.20329458865786876,67.61133030485044,67.95947853073166,415.0726054889019,0.0,78.94176077842712
1538,4.0,4.2044065076434105,0.2044065076434105,67.59772384407019,67.95947365830287,415.1782377925283,0.0,78.94675278663635
1539,4.0,4.20552224484622,0.20552224484621995,67.58418220297656,67.95948153913443,415.28423282679523,0.0,78.9518837928772
1540,4.0,4.206645451569199,0.2066454515691989,67.5707275147786,67.95948004002572,415.39093746547826,0.0,78.95724821090698
1541,4.0,4.207764510066861,0.2077645100668608,67.55743432315224,67.95948545163733,415.49724802275614,0.0,78.96271514892578
1542,4.0,4.208881510720041,0.20888151072004124,67.54434640592733,67.959486856824,415.6033630848083,0.0,78.96837520599365
1543,4.0,4.209983498587012,0.20998349858701193,67.53165140835941,67.95948819067333,415.70805193217046,0.0,78.97420501708984
1544,4.0,4.21108662309373,0.21108662309373027,67.51915028191074,67.95948879479263,415.8128487603087,0.0,78.98027515411377
1545,4.0,4.212184991013137,0.21218499101313704,67.506890873535,67.95947967601535,415.91719371265236,0.0,78.9865312576294
1546,4.0,4.213270019769836,0.21327001976983606,67.49500147857226,67.95947571829153,416.02027144453876,0.0,78.99296283721924
1547,4.0,4.204775154719272,0.20477515471927177,67.48336256178682,67.95947412514671,415.21325926473514,0.0,78.82010173797607
1548,4.0,4.205859637345214,0.20585963734521417,67.47176010159173,67.95946812010567,415.3162851141997,0.0,78.82687568664551
1549,4.0,4.2069812630431995,0.20698126304319953,67.45971246924805,67.95947482154789,415.4228395555083,0.0,78.83381843566895
1550,4.0,4.2081220234162995,0.20812202341629948,67.44752692479005,67.95946896310262,415.5312117909528,0.0,78.84095096588135
1551,4.0,4.209277393248946,0.20927739324894556,67.43542346509375,67.95947337702728,415.64097192505415,0.0,78.84844541549683
1552,4.0,4.21043970198216,0.21043970198216044,67.42329544276797,67.95948066014606,415.7513912547096,0.0,78.85603332519531
1553,4.0,4.211587328917411,0.21158732891741128,67.41146902937918,67.95947990244485,415.8604158135584,0.0,78.86369132995605
1554,4.0,4.212737164941848,0.21273716494184836,67.399833348901,67.9594824092993,415.96965023587995,0.0,78.87160634994507
1555,4.0,4.213878771214771,0.2138787712147714,67.38842769428155,67.95948269034895,416.07810283180766,0.0,78.87962913513184
1556,4.0,4.215016239372782,0.21501623937278236,67.37726419373156,67.95948208441744,416.1861623068187,0.0,78.88785076141357
1557,4.0,4.2161302570710655,0.21613025707106548,67.36639265296635,67.95947593886758,416.2919939881556,0.0,78.89596843719482
1558,4.0,4.217233343083168,0.21723334308316833,67.35588218022531,67.95948113683716,416.39678715930535,0.0,78.90429782867432
1559,4.0,4.218334709556369,0.2183347095563688,67.34555034163228,67.95947791046122,416.50141697425937,0.0,78.91279792785645
1560,4.0,4.219419277926397,0.21941927792639682,67.33554729750364,67.95947455541723,416.604450969412,0.0,78.92136287689209
1561,4.0,4.220500079464673,0.22050007946467343,67.32579820687272,67.95946938458054,416.7071271155483,0.0,78.93014907836914
1562,4.0,4.22156682991142,0.22156682991141974,67.31637494116997,67.95947635649308,416.8084684079892,0.0,78.93904876708984
1563,4.0,4.222622646580097,0.22262264658009734,67.30726405789981,67.95947705219085,416.9087709915136,0.0,78.94810485839844
1564,4.0,4.223671019954244,0.223671019954244,67.2983689932281,67.95947567331619,417.00836646205755,0.0,78.9572696685791
1565,4.0,4.2150302995547175,0.21503029955471753,67.2897906795728,67.95947965345124,416.1874980241025,0.0,78.78569626808167
1566,4.0,4.21608142880972,0.21608142880972014,67.28108334181496,67.95948664780902,416.2873553033278,0.0,78.79514610767365
1567,4.0,4.217159434588406,0.2171594345884058,67.2719764391087,67.95948218013531,416.3897658523029,0.0,78.80462503433228
1568,4.0,4.2182491677979135,0.21824916779791348,67.26275830356933,67.95947872485941,416.4932905072061,0.0,78.8141872882843
1569,4.0,4.219351655429104,0.2193516554291044,67.25347792534369,67.95948676035283,416.59802683216924,0.0,78.82390928268433
1570,4.0,4.22046448784989,0.22046448784989003,67.24426554862545,67.95948129425558,416.70374591214386,0.0,78.83389854431152
1571,4.0,4.221566330488712,0.2215663304887121,67.2351529522475,67.95948130140805,416.808420962832,0.0,78.84379386901855
1572,4.0,4.222665092698779,0.22266509269877943,67.22628887766678,67.95948385190265,416.9128033727884,0.0,78.85391759872437
1573,4.0,4.223760169916849,0.223760169916849,67.21763762022621,67.95948431462153,417.016835708505,0.0,78.8642168045044
1574,4.0,4.224845880160214,0.22484588016021423,67.20918577120072,67.95948716705918,417.1199781816247,0.0,78.8745698928833
1575,4.0,4.225927516057648,0.22592751605764771,67.20098422492943,67.95948697061594,417.2227335918809,0.0,78.88513565063477
1576,4.0,4.226994084764072,0.22699408476407168,67.19303207130841,67.95948592576245,417.32405761899116,0.0,78.89570808410645
1577,4.0,4.228046700035688,0.22804670003568805,67.18534950315725,67.9594850061962,417.4240560697947,0.0,78.90633201599121
1578,4.0,4.22908547935912,0.22908547935911994,67.17793031782274,67.95948376053269,417.5227401055207,0.0,78.91700267791748
1579,4.0,4.23012077032193,0.23012077032193012,67.1707649558248,67.95948675774845,417.6210927469877,0.0,78.92790222167969
1580,4.0,4.231142701450098,0.2311427014500982,67.16386466593917,67.95948770168984,417.7181762041637,0.0,78.9388599395752
1581,4.0,4.2321578904932196,0.23215789049321955,67.15721341286738,67.95949540832875,417.8146191632602,0.0,78.94998073577881
1582,4.0,4.233165279912042,0.2331652799120416,67.1508188400925,67.95948930694817,417.9103211580483,0.0,78.96125411987305
1583,4.0,4.2341706206814775,0.23417062068147754,67.1446665608263,67.95948157792016,418.00582853114474,0.0,78.97277069091797
1584,4.0,4.235161699399265,0.23516169939926534,67.13875950662045,67.95947687272488,418.09998100933456,0.0,78.98430633544922
1585,4.0,4.23614388875536,0.2361438887553602,67.13311117715523,67.95947706377156,418.19328899816355,0.0,78.9959774017334
1586,4.0,4.237112744472774,0.23711274447277386,67.12769291316215,67.95947963928388,418.28533029131785,0.0,79.0076675415039
1587,4.0,4.238074967971447,0.23807496797144712,67.12250692105866,67.95947548503175,418.3767415236918,0.0,79.01950454711914
1588,4.0,4.242374180893049,0.24237418089304885,67.1175677317406,67.95947635425277,418.785166751244,0.0,79.09384345263243
1589,4.0,4.243291077939934,0.24329107793993376,67.11301391018176,67.9594751009147,418.8722719706981,0.0,79.1055703163147
1590,4.0,4.244188669983293,0.24418866998329314,67.10892139772248,67.95947674192249,418.9575432148172,0.0,79.11747884750366
1591,4.0,4.245060225021122,0.24506022502112224,67.1052157154435,67.95947928457944,419.04034094341097,0.0,79.12935614585876
1592,4.0,4.2459128635595125,0.24591286355951247,67.10183921200345,67.9594720455376,419.12134160455804,0.0,79.1412672996521
1593,4.0,4.246751101690573,0.24675110169057302,67.09873948998327,67.95946720157711,419.20097422700877,0.0,79.15323495864868
1594,4.0,4.247575298481164,0.24757529848116366,67.09591532967542,67.95946968800438,419.2792729221149,0.0,79.16526460647583
1595,4.0,4.248389631689774,0.2483896316897738,67.09332521258135,67.95947160491816,419.35663457693283,0.0,79.1773853302002
1596,4.0,4.249188200599061,0.2491882005990611,67.090959944745,67.95947780542451,419.43249862331515,0.0,79.18947649002075
1597,4.0,4.249970668634205,0.24997066863420514,67.08882549399621,67.95947326513608,419.50683308665384,0.0,79.20153903961182
1598,4.0,4.250743458097792,0.25074345809779164,67.0868966747572,67.95947678235662,419.5802480856945,0.0,79.21366310119629
1599,4.0,4.25149797907254,0.25149797907254,67.0851760643376,67.95947407686326,419.6519275782956,0.0,79.22569179534912
1600,4.0,4.252245681950947,0.25224568195094665,67.08364032906647,67.9594756656532,419.7229593517443,0.0,79.23781108856201
1601,4.0,4.252988610024575,0.25298861002457507,67.08230960654922,67.95947117230038,419.79353751873896,0.0,79.25008296966553
1602,4.0,4.253720099893462,0.2537200998934619,67.08116457151952,67.9594746479257,419.8630290562832,0.0,79.26236057281494
1603,4.0,4.254441157971243,0.2544411579712431,67.08020861813665,67.95947331778915,419.93152957367244,0.0,79.27466678619385
1604,4.0,4.2551473489206435,0.2551473489206435,67.07943410651735,67.95947624511898,419.9986177138655,0.0,79.28691005706787
1605,4.0,4.255845425924269,0.25584542592426907,67.07883694941101,67.95947505732683,420.0649350292099,0.0,79.2992115020752
1606,4.0,4.256530492056317,0.25653049205631717,67.07842002125747,67.95946956013536,420.1300163117545,0.0,79.31148338317871
1607,4.0,4.257204427823486,0.25720442782348574,67.07818343991948,67.95948083451034,420.1940402096355,0.0,79.32376098632812
1608,4.0,4.257868919778077,0.257868919778077,67.07812151255388,67.95948915241321,420.25716694532167,0.0,79.33606910705566
1609,4.0,4.25851915627041,0.25851915627040967,67.07822771525727,67.95949218966526,420.3189394120933,0.0,79.34831047058105
1610,4.0,4.259164322536085,0.2591643225360851,67.0784959576003,67.95948457659202,420.38023020733243,0.0,79.36064910888672
1611,4.0,4.2598065728723675,0.2598065728723675,67.07893737700122,67.95947948994873,420.44124398927926,0.0,79.37313842773438
1612,4.0,4.260433313721867,0.26043331372186707,67.07954227202309,67.95947900977397,420.5007843699817,0.0,79.38553237915039
1613,4.0,4.261043473551788,0.2610434735517879,67.08031133145874,67.95947426731236,420.5587495538242,0.0,79.39781188964844
1614,4.0,4.261644220219852,0.2616442202198517,67.08122995124978,67.95947543912233,420.61582048729025,0.0,79.41009330749512
1615,4.0,4.2622263908289115,0.2622263908289115,67.08230374101352,67.95947830404528,420.671126695151,0.0,79.42221260070801
1616,4.0,4.262804094947073,0.26280409494707335,67.0835312870107,67.95947821543557,420.72600858637634,0.0,79.4344310760498
1617,4.0,4.263366686229761,0.26336668622976056,67.08491416409856,67.95947040244592,420.7794547582316,0.0,79.44655227661133
1618,4.0,4.263918648120146,0.2639186481201463,67.08643975820429,67.95946670749515,420.8318911378183,0.0,79.45864486694336
1619,4.0,4.264459276253531,0.2644592762535307,67.08811427584872,67.95946612523018,420.88325081048976,0.0,79.470703125
1620,4.0,4.264990259396122,0.2649902593961224,67.08994008805028,67.95946608299788,420.93369420903593,0.0,79.48276138305664
1621,4.0,4.2655053001358985,0.26550530013589846,67.09189547010041,67.95946867458169,420.9826230793147,0.0,79.49467658996582
1622,4.0,4.266007613801118,0.2660076138011176,67.09398938189538,67.95947954786192,421.0303428775105,0.0,79.50651931762695
1623,4.0,4.266504667756353,0.26650466775635273,67.09621862586522,67.95948083353132,421.07756300325786,0.0,79.51842498779297
1624,4.0,4.267000185078931,0.2670001850789312,67.09857772115173,67.95948448043801,421.1246371489028,0.0,79.53045654296875
1625,4.0,4.267486410426896,0.2674864104268959,67.10105984714878,67.95949130818993,421.17082855695946,0.0,79.54246139526367
1626,4.0,4.267947656318226,0.2679476563182259,67.10367673662124,67.95949794795231,421.21464691663584,0.0,79.55416107177734
1627,4.0,4.268408793877785,0.2684087938777848,67.10641380515459,67.95949272756468,421.2584549847939,0.0,79.56600189208984
1628,4.0,4.268861532560726,0.2688615325607264,67.10926944991803,67.9594909422874,421.30146515967334,0.0,79.57782745361328
1629,4.0,4.269295361495412,0.2692953614954119,67.11225769484213,67.95948598496872,421.3426789084685,0.0,79.58945846557617
1630,4.0,4.269726945750565,0.26972694575056533,67.11533529417274,67.95948405136882,421.38367941270803,0.0,79.60115432739258
1631,4.0,4.270145978770144,0.27014597877014435,67.11853236779851,67.95947518973419,421.42348754956805,0.0,79.61275863647461
1632,4.0,4.270564026730147,0.27056402673014723,67.12184719932824,67.9594749788992,421.46320210576835,0.0,79.62448501586914
1633,4.0,4.2709754240994044,0.27097542409940445,67.12526590653513,67.95947339845596,421.50228485584773,0.0,79.63621139526367
1634,4.0,4.271375638159152,0.2713756381591521,67.12879540937315,67.95947702648306,421.54030519152377,0.0,79.64786148071289
1635,4.0,4.271762186272822,0.2717621862728219,67.13243935711303,67.95947982063811,421.5770272623224,0.0,79.65939331054688
1636,4.0,4.272138965620163,0.2721389656201634,67.13617829876769,67.9594866510764,421.61282130031987,0.0,79.67085647583008
1637,4.0,4.272506504369171,0.27250650436917123,67.14002643475202,67.9594797503352,421.6477374814756,0.0,79.68227767944336
1638,4.0,4.272864624559591,0.27286462455959093,67.14397048841963,67.95947751765296,421.68175889956547,0.0,79.69363784790039
1639,4.0,4.273201275715598,0.27320127571559816,67.14801985106692,67.95947570132026,421.71374075938616,0.0,79.7047233581543
1640,4.0,4.273545517408488,0.273545517408488,67.1521581778905,67.95947787598494,421.74644372021066,0.0,79.71605682373047
1641,4.0,4.273871881335658,0.27387188133565843,67.15636789576523,67.95947742019833,421.77744829329185,0.0,79.72714233398438
1642,4.0,4.274184749570391,0.27418474957039063,67.16068942688915,67.9594759042848,421.80717077559143,0.0,79.73810958862305
1643,4.0,4.274489405334696,0.27448940533469557,67.16511045301583,67.9594745831987,421.8361130732004,0.0,79.74904251098633
1644,4.0,4.27478990475922,0.2747899047592197,67.16961221999107,67.95946977150705,421.86466051853023,0.0,79.75999450683594
1645,4.0,4.275077718992759,0.2750777189927591,67.17418418323452,67.95947871391839,421.89200287071645,0.0,79.77079391479492
1646,4.0,4.275357952193458,0.27535795219345793,67.17883289438446,67.95947648314258,421.91862502478284,0.0,79.78154373168945
1647,4.0,4.275629158677155,0.2756291586771553,67.18356501979534,67.9594802056329,421.94438964073413,0.0,79.7922248840332
1648,4.0,4.27589478216849,0.27589478216849006,67.18836821347342,67.9594814885876,421.9696238724109,0.0,79.80288696289062
1649,4.0,4.276150389021558,0.2761503890215584,67.1932511302985,67.95948534620148,421.9939065234524,0.0,79.81345748901367
1650,4.0,4.276399815706219,0.27639981570621863,67.19820167489279,67.9594836436145,422.0176020584951,0.0,79.82399368286133
1651,4.0,4.276634678403217,0.27663467840321676,67.20322957692612,67.95948055575599,422.0399140147099,0.0,79.8343505859375
1652,4.0,4.276866404869582,0.27686640486958236,67.20832868745768,67.95948314340214,422.06192802901467,0.0,79.84473419189453
1653,4.0,4.277091636867899,0.2770916368678993,67.21348756393562,67.95947782764661,422.0833250688548,0.0,79.85506820678711
1654,4.0,4.2773078412409475,0.27730784124094754,67.21872034431796,67.95947952727833,422.1038644842944,0.0,79.86532211303711
1655,4.0,4.277516261104999,0.2775162611049993,67.2240075141264,67.95948328452005,422.1236643713793,0.0,79.87549591064453
1656,4.0,4.277715668162251,0.2777156681622506,67.22936839842478,67.9594818885481,422.1426080418181,0.0,79.88558959960938
1657,4.0,4.277902830506455,0.2779028305064548,67.2347735609854,67.95948366638356,422.16038846451755,0.0,79.8955078125
1658,4.0,4.278099134655246,0.27809913465524616,67.24022716906885,67.95948341020052,422.17903735865275,0.0,79.90565490722656
1659,4.0,4.278283134676177,0.27828313467617694,67.24573885561233,67.95948315370565,422.1965173606411,0.0,79.91564178466797
1660,4.0,4.278461188330599,0.2784611883305992,67.25130501906955,67.9594806540293,422.2134324578112,0.0,79.92558288574219
1661,4.0,4.278633805665686,0.2786338056656863,67.2569240775831,67.95947784617019,422.2298311046445,0.0,79.93548583984375
1662,4.0,4.278785927874457,0.27878592787445733,67.26260168443152,67.95948118055045,422.2442827144778,0.0,79.94507598876953
1663,4.0,4.278937003798529,0.2789370037985286,67.26832743022018,67.95948560144312,422.25863492726455,0.0,79.95470428466797
1664,4.0,4.279069860252308,0.2790698602523083,67.27409530348106,67.95948259739197,422.2712562903736,0.0,79.96404266357422
1665,4.0,4.279207027265557,0.27920702726555735,67.279910577654,67.9594852876238,422.28428715663233,0.0,79.97351837158203
1666,4.0,4.279331184669593,0.2793311846695934,67.28577599657494,67.95947742359583,422.29608211001573,0.0,79.9828109741211
1667,4.0,4.279448961133119,0.27944896113311923,67.29167081261407,67.95948652971228,422.3072708740507,0.0,79.99201965332031
1668,4.0,4.27956036436088,0.27956036436088016,67.29759492855246,67.95947929059122,422.31785418068796,0.0,80.00114440917969
1669,4.0,4.279659409929506,0.279659409929506,67.30356546878059,67.9594803934255,422.32726350970745,0.0,80.01009368896484
1670,4.0,4.27975772751455,0.27975772751454997,67.30957285240439,67.95947826223477,422.3366036802866,0.0,80.01907348632812
1671,4.0,4.27984796042339,0.2798479604233899,67.31561085770058,67.9594791187318,422.34517580662634,0.0,80.02793884277344
1672,4.0,4.279933212808432,0.279933212808432,67.32168202862609,67.95948257299914,422.3532747832054,0.0,80.03675079345703
1673,4.0,4.27666039070704,0.27666039070703974,67.32778887059726,67.95947860482615,422.0423566835731,0.0,79.98280218243599
1674,4.0,4.276734849012236,0.2767348490122359,67.33379742640066,67.9594779664628,422.04943022256674,0.0,79.99133276939392
1675,4.0,4.2768300026122406,0.27683000261224056,67.33959614338987,67.95948549384214,422.05846981456716,0.0,80.00000143051147
1676,4.0,4.276913649234408,0.276913649234408,67.3452799864396,67.95948316985839,422.0664162436731,0.0,80.00831866264343
1677,4.0,4.277009730977636,0.27700973097763626,67.35087093783291,67.95948812047816,422.0755440092798,0.0,80.01675844192505
1678,4.0,4.277100600527523,0.2771006005275227,67.35640826490375,67.95948862926936,422.084176616519,0.0,80.02503728866577
1679,4.0,4.277194888053049,0.2771948880530486,67.36193085809172,67.9594837282198,422.09313393144396,0.0,80.033362865448
1680,4.0,4.277297195065922,0.27729719506592243,67.36745010958141,67.95948285287753,422.102853097667,0.0,80.0418348312378
1681,4.0,4.277385546218104,0.2773855462181043,67.37297621412664,67.95947434285348,422.11124645712425,0.0,80.05005407333374
1682,4.0,4.277471105817068,0.27747110581706824,67.3785259970343,67.95947620395471,422.11937461902585,0.0,80.05824947357178
1683,4.0,4.277555874643206,0.2775558746432063,67.384089218846,67.95947547167691,422.127427657509,0.0,80.06644630432129
1684,4.0,4.277616410541919,0.27761641054191877,67.38968084088165,67.95947087308897,422.1331785678866,0.0,80.07422351837158
1685,4.0,4.277676397728826,0.27767639772882635,67.39529298854823,67.95947097247702,422.1388773506428,0.0,80.08201503753662
1686,4.0,4.277725983792996,0.27772598379299573,67.400922791474,67.95947448079366,422.14358802673894,0.0,80.08963298797607
1687,4.0,4.277774901833855,0.27777490183385467,67.40657422620988,67.9594764209168,422.1482352406205,0.0,80.09726428985596
1688,4.0,4.2778224760832,0.2778224760832,67.41224189249762,67.95946926197433,422.15275479430835,0.0,80.10488986968994
1689,4.0,4.27785566518315,0.2778556651831501,67.41791543552822,67.95947653389177,422.1559077588036,0.0,80.11225318908691
1690,4.0,4.277891731689504,0.277891731689504,67.42360533634871,67.95947980008769,422.1593340769072,0.0,80.11968994140625
1691,4.0,4.277914559443031,0.27791455944303056,67.42931601694355,67.95948629006881,422.16150271349227,0.0,80.12690353393555
1692,4.0,4.277936566603098,0.2779365666030982,67.43504438723104,67.95948503977684,422.16359339369865,0.0,80.13412284851074
1693,4.0,4.277953850509496,0.27795385050949584,67.44079740192642,67.95948880807897,422.16523536480645,0.0,80.14128303527832
1694,4.0,4.277961975321206,0.27796197532120637,67.44655994645076,67.95948713444744,422.16600722191896,0.0,80.14828300476074
1695,4.0,4.277973301886967,0.27797330188696723,67.45233805717793,67.95948503703188,422.1670832456662,0.0,80.1553614884615
1696,4.0,4.277968963624371,0.27796896362437096,67.45812417126625,67.95948021714976,422.16667111071956,0.0,80.16215598583221
1697,4.0,4.2779659590629056,0.27796595906290555,67.46391540966505,67.95948745311081,422.1663856773804,0.0,80.16898155212402
1698,4.0,4.277957573950205,0.27795757395020537,67.46970895424161,67.95949106922684,422.16558909167384,0.0,80.17570900917053
1699,4.0,4.277941830672092,0.2779418306720922,67.47549358515761,67.95948602661929,422.1640934802531,0.0,80.18228793144226
1700,4.0,4.277924828698138,0.27792482869813817,67.48129630797176,67.95948503997047,422.1624782927274,0.0,80.18886470794678
1701,4.0,4.2778998760337625,0.27789987603376254,67.4870983041015,67.95948764126135,422.16010778961174,0.0,80.19529151916504
1702,4.0,4.277875841372725,0.27787584137272514,67.49290996102329,67.95948152267827,422.1578244968132,0.0,80.2017469406128
1703,4.0,4.277845842774791,0.2778458427747914,67.49871466369933,67.95948940552273,422.1549746300095,0.0,80.20808219909668
1704,4.0,4.277816701559142,0.27781670155914195,67.50453561309904,67.95949143432455,422.15220621452283,0.0,80.21445274353027
1705,4.0,4.277789299415465,0.27778929941546515,67.51035006330211,67.95948991211498,422.14960301087353,0.0,80.2208480834961
1706,4.0,4.277752245755996,0.27775224575599644,67.51617084967687,67.95948939979925,422.146082913224,0.0,80.22706985473633
1707,4.0,4.277716670581028,0.2777166705810279,67.52198605647469,67.95948469383512,422.142703271602,0.0,80.23331260681152
1708,4.0,4.277673699255912,0.2776736992559119,67.52779371460012,67.95948083527992,422.138620995716,0.0,80.23940753936768
1709,4.0,4.2776149242241015,0.2776149242241015,67.53359335758465,67.95947507462127,422.133037367694,0.0,80.24519634246826
1710,4.0,4.277558057156773,0.2775580571567726,67.53938390259832,67.95947761625742,422.12763499629773,0.0,80.25100994110107
1711,4.0,4.277490656182686,0.2774906561826862,67.54516998136877,67.95948208802322,422.1212319037595,0.0,80.25662040710449
1712,4.0,4.277426479381244,0.2774264793812442,67.55094786481183,67.95948054756452,422.11513510762256,0.0,80.26228141784668
1713,4.0,4.277356012248847,0.27735601224884743,67.55672734784481,67.95948235674915,422.10844073004483,0.0,80.26782608032227
1714,4.0,4.277277659773527,0.27727765977352714,67.56250475434932,67.95948821187115,422.1009972448894,0.0,80.27322006225586
1715,4.0,4.277201497240418,0.2772014972404184,67.56826704166336,67.95948392470697,422.0937618042441,0.0,80.27863693237305
1716,4.0,4.277118033461511,0.27711803346151065,67.57402127105098,67.95949042378251,422.08583274524784,0.0,80.28390693664551
1717,4.0,4.277031987749992,0.27703198774999205,67.5797619367086,67.95948490452348,422.0776584026536,0.0,80.28911209106445
1718,4.0,4.276943483064066,0.27694348306406624,67.58549513248572,67.95948496229613,422.0692504574906,0.0,80.29426193237305
1719,4.0,4.276851026373179,0.27685102637317893,67.59118666586218,67.959480980149,422.06046707185635,0.0,80.29928779602051
1720,4.0,4.276754068486854,0.2767540684868539,67.59687412975326,67.95948067099994,422.05125607265546,0.0,80.30422401428223
1721,4.0,4.2766531676804105,0.2766531676804105,67.60254390028418,67.95948132031283,422.04167049604337,0.0,80.3090648651123
1722,4.0,4.2765551952451535,0.2765551952451535,67.60819493890679,67.95948551085624,422.0323631146939,0.0,80.31393814086914
1723,4.0,4.276449411609304,0.27644941160930436,67.61383807454555,67.95948019246843,422.0223136692882,0.0,80.31865501403809
1724,4.0,4.276342049917137,0.27634204991713673,67.61945987747899,67.95948317720875,422.0121143085323,0.0,80.32331657409668
1725,4.0,4.276231207610758,0.27623120761075803,67.62505832518649,67.95948740161754,422.0015842894263,0.0,80.32788467407227
1726,4.0,4.276121566264324,0.27612156626432416,67.63064288618521,67.95948652790263,421.9911683615152,0.0,80.33245849609375
1727,4.0,4.27601916079257,0.27601916079257016,67.63621123376075,67.95948368923807,421.9814398416985,0.0,80.33714866638184
1728,4.0,4.275913580820922,0.2759135808209221,67.64175940909911,67.95948424409386,421.97140974439196,0.0,80.34175491333008
1729,4.0,4.275801914870383,0.2758019148703834,67.64727406763154,67.95948383237607,421.9608014790908,0.0,80.34620666503906
1730,4.0,4.275691972387649,0.27569197238764875,67.65275853252164,67.95949004977965,421.950356943231,0.0,80.35065460205078
1731,4.0,4.2755698425296265,0.27556984252962646,67.6582305724247,67.95949034703699,421.9387546067188,0.0,80.3548583984375
1732,4.0,4.275446426528672,0.2754464265286716,67.66366867489376,67.95948196893514,421.9270300866282,0.0,80.3589973449707
1733,4.0,4.275316976621097,0.275316976621097,67.66910623098563,67.95948251923899,421.91473234540854,0.0,80.36302185058594
1734,4.0,4.2751798186521235,0.2751798186521235,67.67450873234695,67.9594775208865,421.9017023383561,0.0,80.36685943603516
1735,4.0,4.275052149291192,0.27505214929119237,67.67988985624936,67.95948115548747,421.8895737490676,0.0,80.370849609375
1736,4.0,4.274907473405094,0.2749074734050936,67.68525466079736,67.95947785719837,421.87582953988823,0.0,80.3745002746582
1737,4.0,4.274765686597791,0.27476568659779144,67.69058050522223,67.95948066771712,421.8623597931945,0.0,80.37815856933594
1738,4.0,4.274628202001631,0.2746282020016313,67.69588676006943,67.95948227490426,421.8492987565593,0.0,80.38187408447266
1739,4.0,4.274483108038002,0.2744831080380017,67.70116287689483,67.95947935054018,421.8355148300145,0.0,80.38541030883789
1740,4.0,4.274336987031822,0.2743369870318224,67.70640100162605,67.95948106055859,421.8216333344275,0.0,80.38888168334961
1741,4.0,4.27418931496512,0.27418931496511956,67.71160622263635,67.9594796736731,421.8076044880907,0.0,80.39228439331055
1742,4.0,4.274037697278673,0.2740376972786729,67.71677792377736,67.95947580080067,421.7932008078783,0.0,80.39557266235352
1743,4.0,4.273891796695523,0.27389179669552277,67.72192045247984,67.95947210950598,421.779340252479,0.0,80.39893341064453
1744,4.0,4.273740180952757,0.2737401809527569,67.72703500893795,67.95947524612441,421.76493675691626,0.0,80.40215301513672
1745,4.0,4.273581383761656,0.2735813837616563,67.73212556929063,67.95948256747604,421.7498510237617,0.0,80.40520858764648
1746,4.0,4.273430615366774,0.2734306153667738,67.73717601129053,67.95948664249462,421.73552802624783,0.0,80.40836715698242
1747,4.0,4.273273072901575,0.2732730729015751,67.74219922153499,67.95947951008992,421.720561492054,0.0,80.4113655090332
1748,4.0,4.2731177614541025,0.2731177614541025,67.7471906447767,67.95948891037101,421.7058069045441,0.0,80.41436767578125
1749,4.0,4.272957623065789,0.2729576230657891,67.75214326619651,67.95948742326418,421.6905937576543,0.0,80.41723251342773
1750,4.0,4.272797510730479,0.272797510730479,67.75706691941521,67.95948864792274,421.6753830857998,0.0,80.42006301879883
1751,4.0,4.2726279362229365,0.27262793622293646,67.76196422871644,67.95948791573109,421.6592735075833,0.0,80.42268371582031
1752,4.0,4.272470365162879,0.2724703651628788,67.7668226077842,67.95948247883196,421.64430425687783,0.0,80.42548370361328
1753,4.0,4.272306299131896,0.27230629913189563,67.77163008378118,67.9594799005471,421.6287179839344,0.0,80.4281005859375
1754,4.0,4.272139701053668,0.2721397010536677,67.77640416519965,67.95947059795571,421.6128911665028,0.0,80.43062973022461
1755,4.0,4.271987992090374,0.2719879920903736,67.78115133364746,67.95946884637937,421.59847881498985,0.0,80.43340682983398
1756,4.0,4.271831339102702,0.2718313391027021,67.78585191598975,67.95947191633773,421.5835967811611,0.0,80.43603515625
1757,4.0,4.271669287618099,0.2716692876180993,67.79052921021484,67.95947298103246,421.56820189012376,0.0,80.43853378295898
1758,4.0,4.27151459116037,0.27151459116037024,67.79516406920918,67.95947470657828,421.5535057266395,0.0,80.44112014770508
1759,4.0,4.271357248768909,0.27135724876890865,67.79977374572887,67.95947645739132,421.5385581994507,0.0,80.4436264038086
1760,4.0,4.2711903032425775,0.27119030324257754,67.80435615637495,67.95947650702405,421.5226983744492,0.0,80.44591903686523
1761,4.0,4.271014148347481,0.27101414834748105,67.80889221571998,67.95948161895508,421.50596365941504,0.0,80.44798278808594
1762,4.0,4.270845064565192,0.27084506456519186,67.81339676009615,67.95947974420454,421.48990070009756,0.0,80.45014190673828
1763,4.0,4.270673983713763,0.2706739837137633,67.81787549307707,67.9594747008248,421.47364801921185,0.0,80.45223236083984
1764,4.0,4.270494646607459,0.27049464660745937,67.82230562469157,67.95947231095477,421.456610994113,0.0,80.45410919189453
1765,4.0,4.270325331909742,0.27032533190974206,67.82669271192303,67.95947178954476,421.44052609782983,0.0,80.45612335205078
1766,4.0,4.270148112869347,0.2701481128693466,67.83103847374194,67.95947408018867,421.42369028899225,0.0,80.45793914794922
1767,4.0,4.269971262002981,0.26997126200298105,67.8353401533332,67.95948143685642,421.4068894566875,0.0,80.45970916748047
1768,4.0,4.2697962607322655,0.2697962607322655,67.83961280240702,67.95948226554148,421.39026433596956,0.0,80.46147918701172
1769,4.0,4.2696241992431485,0.2696241992431485,67.8438390889068,67.95948889397114,421.3739184945034,0.0,80.46324920654297
1770,4.0,4.269440074683529,0.26944007468352904,67.84802582474656,67.95948729783184,421.3564266613396,0.0,80.4647445678711
1771,4.0,4.269253845086432,0.2692538450864319,67.85218204354618,67.95948770797334,421.3387348496154,0.0,80.4661636352539
1772,4.0,4.2690782269913345,0.26907822699133455,67.85628576274993,67.95948291297016,421.32205113058114,0.0,80.46772003173828
1773,4.0,4.268902058411542,0.268902058411542,67.86036640069773,67.95947622646915,421.30531511550083,0.0,80.46923828125
1774,4.0,4.268711101686843,0.26871110168684265,67.86439937342489,67.95948811578245,421.28717422665443,0.0,80.47042083740234
1775,4.0,4.268535103407616,0.26853510340761577,67.86838790669354,67.95948582396186,421.27045439012784,0.0,80.47183227539062
1776,4.0,4.268356367691164,0.26835636769116444,67.8723495153819,67.95948041963013,421.253474497065,0.0,80.47315979003906
1777,4.0,4.268165240238217,0.26816524023821664,67.87627685922827,67.9594779265148,421.2353173890349,0.0,80.47421264648438
1778,4.0,4.267975229167622,0.2679752291676216,67.88015462262824,67.95947672667135,421.2172663373284,0.0,80.47522735595703
1779,4.0,4.2677841653225945,0.2677841653225945,67.88399155636894,67.9594712310531,421.1991152720508,0.0,80.4761734008789
1780,4.0,4.267595308762423,0.26759530876242277,67.88776797714165,67.9594690235841,421.1811738988345,0.0,80.47708892822266
1781,4.0,4.267400311829906,0.2674003118299062,67.8915035907369,67.95946964560369,421.1626491902454,0.0,80.47783988714218
1782,4.0,4.267203480709052,0.2672034807090524,67.89520185023886,67.95946739901584,421.1439502337643,0.0,80.47851157188416
1783,4.0,4.267019303262022,0.26701930326202206,67.8988541351097,67.95946858821212,421.12645337629647,0.0,80.47936701774597
1784,4.0,4.266828120065694,0.2668281200656937,67.9024677588788,67.95946134804757,421.10829097264525,0.0,80.48004412651062
1785,4.0,4.266650816341384,0.2666508163413841,67.90602435540538,67.95947123358648,421.09144711883584,0.0,80.48091506958008
1786,4.0,4.2664691244288635,0.2664691244288635,67.90954185650776,67.95947384229954,421.07418638714637,0.0,80.48165655136108
1787,4.0,4.266290600131689,0.2662906001316889,67.91302935178784,67.95947983135139,421.05722657891477,0.0,80.482421875
1788,4.0,4.26611510268865,0.2661151026886497,67.91646693954124,67.95948675256143,421.04055432182605,0.0,80.48318481445312
1789,4.0,4.265920661200287,0.2659206612002869,67.91987323935321,67.95949552572203,421.0220823804316,0.0,80.48355293273926
1790,4.0,4.265732214174511,0.2657322141745109,67.92322947081746,67.95950181652456,421.00417991298286,0.0,80.48397445678711
1791,4.0,4.265536833918246,0.26553683391824556,67.92655233435728,67.95950083174613,420.9856187886377,0.0,80.48422527313232
1792,4.0,4.265343590741965,0.26534359074196523,67.92982375910113,67.95948867147064,420.96726068689105,0.0,80.48445510864258
1793,4.0,4.265156874627228,0.2651568746272277,67.93305833144989,67.95947594431351,420.94952265599096,0.0,80.4847640991211
1794,4.0,4.264966638468997,0.26496663846899704,67.93624460963875,67.95947042294166,420.93145022095905,0.0,80.48494911193848
1795,4.0,4.264776314196499,0.2647763141964994,67.93940037500158,67.95947128650575,420.91336941507177,0.0,80.4850959777832
1796,4.0,4.2645932998067835,0.2645932998067835,67.94250436692083,67.95947246158595,420.8959830480488,0.0,80.48531913757324
1797,4.0,4.26439498842032,0.26439498842032005,67.94554722629076,67.95946966790441,420.87714346633476,0.0,80.48518085479736
1798,4.0,4.264206495666112,0.2642064956661123,67.94852730705071,67.95947464848366,420.859236654685,0.0,80.48515319824219
1799,4.0,4.264017613398124,0.26401761339812424,67.95148728821897,67.95947183162319,420.8412928392262,0.0,80.48509407043457
1800,4.0,4.263837830276763,0.26383783027676344,67.95440719053563,67.9594746484836,420.8242134426969,0.0,80.48515892028809
1801,4.0,4.263654414772041,0.26365441477204143,67.9572805546955,67.95948038844301,420.80678896974825,0.0,80.48509979248047
1802,4.0,4.26346588662439,0.26346588662438997,67.96010753672081,67.95947881571588,420.7888787957214,0.0,80.48488892614841
1803,4.0,4.263284370341941,0.26328437034194074,67.96290067586291,67.95947864903233,420.7716347488887,0.0,80.48477005958557
1804,4.0,4.263099348551576,0.2630993485515756,67.96564223932191,67.95947910256982,420.75405767880403,0.0,80.48452365398407
1805,4.0,4.262916768876022,0.2629167688760221,67.96834590880358,67.95948039469789,420.73671260962647,0.0,80.48427820205688
1806,4.0,4.262744086418545,0.26274408641854485,67.97099740218188,67.95947876959804,420.7203077761661,0.0,80.48415756225586
1807,4.0,4.262571850530987,0.2625718505309873,67.97361863147142,67.95947200312834,420.70394536684813,0.0,80.48400926589966
1808,4.0,4.262392834849665,0.26239283484966514,67.97619233775923,67.95948309077752,420.68693887712254,0.0,80.48367643356323
1809,4.0,4.2622149480662035,0.2622149480662035,67.9787212709089,67.95948375428011,420.6700396326937,0.0,80.4833116531372
1810,4.0,4.26205226677485,0.26205226677484994,67.98121570989437,67.95947817896766,420.65458491001505,0.0,80.48319292068481
1811,4.0,4.261877743213077,0.261877743213077,67.98366643348177,67.95947214584572,420.6380051716467,0.0,80.48279857635498
1812,4.0,4.261701512930154,0.26170151293015387,67.98609181797835,67.95947664313896,420.62126329476894,0.0,80.48234176635742
1813,4.0,4.261513585709601,0.2615135857096007,67.9884703825635,67.95948136420814,420.6034102088164,0.0,80.4816083908081
1814,4.0,4.261336544067394,0.2613365440673938,67.9907802114044,67.95947677309066,420.5865912528068,0.0,80.48099899291992
1815,4.0,4.2611634538163745,0.2611634538163745,67.9930779411811,67.95948109454721,420.5701476789599,0.0,80.48044967651367
1816,4.0,4.2609916566514885,0.2609916566514885,67.99532943952973,67.95948046390178,420.55382694829575,0.0,80.4798698425293
1817,4.0,4.260819689830729,0.2608196898307291,67.99753709246365,67.95948385547845,420.53749010032357,0.0,80.47923469543457
1818,4.0,4.260654384074151,0.26065438407415087,67.9997127469222,67.95948525709443,420.52178605344864,0.0,80.47868728637695
1819,4.0,4.2604833765383265,0.26048337653832654,68.00182002228512,67.95949202900083,420.50554033754537,0.0,80.47795104980469
1820,4.0,4.260311644188669,0.26031164418866926,68.00389229638459,67.95948716285749,420.4892257643279,0.0,80.47715950012207
1821,4.0,4.26013933273678,0.26013933273678,68.00592079284111,67.95948987048169,420.4728561763984,0.0,80.47630500793457
1822,4.0,4.259962729932114,0.25996272993211367,68.00791802727612,67.9594878516161,420.4560789099552,0.0,80.47533226013184
1823,4.0,4.25979778374377,0.25979778374377016,68.00985182924751,67.95948906969979,420.4404090220625,0.0,80.4745044708252
1824,4.0,4.2596353715150475,0.25963537151504745,68.01177756196707,67.95948930101045,420.42497986033385,0.0,80.47371482849121
1825,4.0,4.25947941153403,0.25947941153402976,68.01364877579803,67.95948397992574,420.41016366213717,0.0,80.47298240661621
1826,4.0,4.259314485698553,0.2593144856985532,68.01548274371837,67.95948591610247,420.3944957077669,0.0,80.47203636169434
1827,4.0,4.259135327960036,0.2591353279600357,68.01728296184734,67.95948100764997,420.37747572260776,0.0,80.47078132629395
1828,4.0,4.258988603930671,0.25898860393067125,68.01901837768088,67.95947561918581,420.3635369398181,0.0,80.47006225585938
1829,4.0,4.258839301036076,0.2588393010360761,68.02073867194916,67.95947668217273,420.34935316483154,0.0,80.46927642822266
1830,4.0,4.2586933111879475,0.2586933111879475,68.02242390455399,67.95947906077657,420.3354841292594,0.0,80.4685115814209
1831,4.0,4.2585486274474915,0.2585486274474915,68.02407065321103,67.9594855469383,420.32173917391606,0.0,80.46772575378418
1832,4.0,4.258398118798547,0.2583981187985467,68.0256783427624,67.95948222397699,420.30744085226627,0.0,80.46678352355957
1833,4.0,4.2582435077747345,0.2582435077747345,68.02724525759903,67.95948749953835,420.2927528050041,0.0,80.4657154083252
1834,4.0,4.258089917430855,0.25808991743085485,68.02877017839526,67.95948335968133,420.27816172233554,0.0,80.4646167755127
1835,4.0,4.257934790762822,0.257934790762822,68.03026815149117,67.9594890101624,420.2634246888724,0.0,80.46345710754395
1836,4.0,4.257777223756285,0.2577772237562854,68.03172942983039,67.95948851273057,420.24845582325145,0.0,80.46220779418945
1837,4.0,4.257625016209923,0.2576250162099232,68.0331583972781,67.95949796360303,420.23399610634704,0.0,80.46102142333984
1838,4.0,4.257474834880239,0.2574748348802389,68.03455508788996,67.95949342468667,420.21972888002705,0.0,80.45983505249023
1839,4.0,4.257328887549892,0.2573288875498916,68.03590679388941,67.95948142483972,420.20586388364404,0.0,80.45867538452148
1840,4.0,4.257185107656047,0.2571851076560474,68.03722395314539,67.95947610365774,420.1922047937288,0.0,80.45751571655273
1841,4.0,4.257030762154307,0.2570307621543071,68.0385068335721,67.95946757500103,420.17754197106353,0.0,80.45611572265625
1842,4.0,4.2568909623432445,0.2568909623432445,68.03973474908082,67.95946447100265,420.1642609890126,0.0,80.45492553710938
1843,4.0,4.256751471378833,0.25675147137883325,68.04095780856285,67.95947323481495,420.1510093473935,0.0,80.4537353515625
1844,4.0,4.256614838946392,0.25661483894639225,68.04213525444223,67.95947715439546,420.1380292663116,0.0,80.45254516601562
1845,4.0,4.2564709338309905,0.2564709338309905,68.04328384971663,67.95948407261656,420.1243582803485,0.0,80.4511833190918
1846,4.0,4.256324106474973,0.25632410647497306,68.04438889833007,67.95949044323883,420.1104096815268,0.0,80.44971466064453
1847,4.0,4.256186242134525,0.25618624213452534,68.04546043117011,67.95949536892611,420.0973125691843,0.0,80.4483757019043
1848,4.0,4.25604833464867,0.2560483346486704,68.04650690979904,67.95948450804346,420.084211358028,0.0,80.44700622558594
1849,4.0,4.2559029670793915,0.25590296707939153,68.04751139582386,67.95947897588671,420.07040143894653,0.0,80.4454460144043
1850,4.0,4.255769101069453,0.25576910106945316,68.04846757335906,67.95948408666918,420.0576841680024,0.0,80.44404602050781
1851,4.0,4.255637926967239,0.2556379269672391,68.04940980925268,67.95948517790767,420.0452226282921,0.0,80.44268035888672
1852,4.0,4.2555136400104905,0.2555136400104905,68.05031619317661,67.9594770108262,420.03341536740095,0.0,80.44140243530273
1853,4.0,4.255392368525662,0.25539236852566205,68.05119699758475,67.95948252536725,420.0218945763422,0.0,80.44015121459961
1854,4.0,4.255275692628752,0.2552756926287518,68.05203340311115,67.95949138141619,420.01081036613573,0.0,80.43893432617188
1855,4.0,4.255163375223855,0.2551633752238551,68.0528517867325,67.95948858352615,420.00014021267054,0.0,80.43777847290039
1856,4.0,4.255047130418291,0.25504713041829064,68.05363297632452,67.95948383288801,419.98909695614196,0.0,80.43650436401367
1857,4.0,4.254929610479216,0.25492961047921625,68.05438619046672,67.95947662372711,419.9779325619299,0.0,80.43517303466797
1858,4.0,4.254818573228817,0.2548185732288166,68.05510353653834,67.95947483740494,419.9673840231419,0.0,80.43392181396484
1859,4.0,4.254700869896671,0.25470086989667085,68.05579843886136,67.95947429638738,419.95620220658805,0.0,80.4325180053711
1860,4.0,4.254582016577412,0.2545820165774124,68.05646658577885,67.95947395494201,419.94491114125856,0.0,80.43106079101562
1861,4.0,4.254455792186689,0.2544557921866888,68.05711388342341,67.95947131041102,419.9329198241398,0.0,80.42943954467773
1862,4.0,4.254332673751195,0.25433267375119506,68.05772121658181,67.95947091910234,419.9212235727679,0.0,80.42782974243164
1863,4.0,4.254217387568773,0.2542173875687732,68.05830335584895,67.9594665748834,419.9102713854378,0.0,80.42633819580078
1864,4.0,4.254092219647559,0.2540922196475588,68.05883378847821,67.95948008702261,419.8983804329224,0.0,80.42459869384766
1865,4.0,4.253978316515008,0.253978316515008,68.05933252661093,67.95947545541821,419.8875596353301,0.0,80.42303466796875
1866,4.0,4.253866675460891,0.25386667546089114,68.05981124095904,67.95948353986059,419.876953735189,0.0,80.42148971557617
1867,4.0,4.253751638508687,0.2537516385086871,68.06025714759075,67.95948089322229,419.8660252247296,0.0,80.41984176635742
1868,4.0,4.253638541985283,0.2536385419852829,68.06067203034594,67.95948652850655,419.85528105500623,0.0,80.41819381713867
1869,4.0,4.253530887739244,0.25353088773924437,68.06105473889102,67.95948378721755,419.8450539016326,0.0,80.41661071777344
1870,4.0,4.2534280825685995,0.2534280825685995,68.06141476145982,67.95948426265656,419.8352874104213,0.0,80.41509246826172
1871,4.0,4.253324531665361,0.25332453166536073,68.06174798969096,67.95948021320326,419.8254500746136,0.0,80.41352844238281
1872,4.0,4.253213219628928,0.25321321962892807,68.06206336314902,67.95948261400436,419.8148754311525,0.0,80.41179656982422
1873,4.0,4.253117726902054,0.2531177269020537,68.06233224756271,67.95948465836541,419.80580362209946,0.0,80.41030883789062
1874,4.0,4.253016994295082,0.2530169942950824,68.06258167240144,67.95948648708254,419.7962340244372,0.0,80.40869903564453
1875,4.0,4.252918217768816,0.2529182177688156,68.06280626245274,67.95948967357468,419.7868502544418,0.0,80.40709686279297
1876,4.0,4.252816694706463,0.2528166947064632,68.06301669472383,67.95948781233476,419.77720556351835,0.0,80.40542602539062
1877,4.0,4.252723170176528,0.25272317017652757,68.06318954126215,67.95948699998519,419.76832073317445,0.0,80.40386199951172
1878,4.0,4.252625504998214,0.252625504998214,68.06334470534,67.95948182312745,419.75904254123463,0.0,80.4021987915039
1879,4.0,4.252537531939862,0.25253753193986217,68.06346746553889,67.95948385479966,419.75068510069127,0.0,80.40068054199219
1880,4.0,4.252459795519894,0.2524597955198944,68.06358139765348,67.95948179066198,419.7433001407943,0.0,80.39934539794922
1881,4.0,4.252382558029239,0.2523825580292387,68.06366151236367,67.95947743079353,419.735962579182,0.0,80.39797973632812
1882,4.0,4.252289632909731,0.25228963290973105,68.06372791033647,67.95947821395494,419.7271346928288,0.0,80.39630126953125
1883,4.0,4.25221576467266,0.25221576467265994,68.06375410038879,67.9594780608055,419.720117210307,0.0,80.39493560791016
1884,4.0,4.2521341416276135,0.2521341416276135,68.06377523627532,67.9594768027435,419.7123630210276,0.0,80.39341735839844
1885,4.0,4.252055755171673,0.2520557551716731,68.06377040170979,67.95947835718196,419.7049163077133,0.0,80.39192962646484
1886,4.0,4.251972357153163,0.25197235715316335,68.06374889670595,67.95948359888337,419.69699349595487,0.0,80.39032745361328
1887,4.0,4.251889628581958,0.2518896285819583,68.06370375508047,67.9594781940343,419.6891342816904,0.0,80.38871002197266
1888,4.0,4.251815692435898,0.25181569243589763,68.06364988321069,67.95947716690398,419.6821103478146,0.0,80.38724851608276
1889,4.0,4.251729677340446,0.25172967734044605,68.06355701957249,67.95948230556903,419.6739389137467,0.0,80.38551259040833
1890,4.0,4.251657440695436,0.2516574406954364,68.06344585682488,67.95948045459615,419.6670764324708,0.0,80.38401556015015
1891,4.0,4.251579259803606,0.25157925980360574,68.0633258835054,67.95948668977927,419.65964924774687,0.0,80.38239574432373
1892,4.0,4.251493941140896,0.25149394114089585,68.06317562743787,67.95948577834564,419.65154397478943,0.0,80.38060522079468
1893,4.0,4.251424539689193,0.251424539689193,68.06299301868773,67.95948219075349,419.6449508368777,0.0,80.3790774345398
1894,4.0,4.251352177232759,0.25135217723275893,68.06281258529603,67.95948037240792,419.63807640351644,0.0,80.3774962425232
1895,4.0,4.251284837265681,0.25128483726568085,68.06260382475452,67.95948496379607,419.631679106644,0.0,80.3759765625
1896,4.0,4.251216462581546,0.25121646258154584,68.06238456935401,67.95948849790216,419.6251835116512,0.0,80.3744249343872
1897,4.0,4.251138965155029,0.25113896515502887,68.06214257629676,67.95948381414388,419.61782125613206,0.0,80.37267398834229
